detection_uid,camera_id,frame_index,measurement_timestamp,arrival_timestamp,bbox_xyxy,center_px,confidence
Optical_B-F00016-D000,Optical_B,16,0.16,0.1611709910031641,"[1228.1832275390625, 611.49853515625, 1270.859130859375, 619.783203125]","[1249.5211791992188, 615.640869140625]",1.0
Optical_B-F00017-D000,Optical_B,17,0.17,0.17118752999696882,"[1182.51318359375, 468.25506591796875, 1220.8338623046875, 475.61407470703125]","[1201.6735229492188, 471.9345703125]",1.0
Optical_B-F00017-D001,Optical_B,17,0.17,0.17118752999696882,"[649.5107421875, 718.5054931640625, 691.7241821289062, 726.8875732421875]","[670.6174621582031, 722.696533203125]",1.0
Optical_B-F00017-D002,Optical_B,17,0.17,0.17118752999696882,"[438.4382629394531, 611.49169921875, 481.1004333496094, 619.7755126953125]","[459.76934814453125, 615.6336059570312]",1.0
Optical_A-F00018-D000,Optical_A,18,0.18,0.18181739099207334,"[930.306396484375, 365.63031005859375, 962.2591552734375, 372.8321533203125]","[946.2827758789062, 369.2312316894531]",1.0
Optical_B-F00018-D000,Optical_B,18,0.18,0.18126249600725713,"[393.2472229003906, 468.25634765625, 431.55914306640625, 475.614990234375]","[412.40318298339844, 471.9356689453125]",1.0
Optical_B-F00018-D001,Optical_B,18,0.18,0.18126249600725713,"[1225.722412109375, 491.3043212890625, 1263.7685546875, 498.6019287109375]","[1244.7454833984375, 494.953125]",1.0
Optical_A-F00019-D000,Optical_A,19,0.19,0.19139663599838969,"[1161.4281005859375, 457.6134033203125, 1203.6768798828125, 466.7686767578125]","[1182.552490234375, 462.1910400390625]",1.0
Optical_A-F00019-D001,Optical_A,19,0.19,0.19139663599838969,"[145.98594665527344, 365.58416748046875, 177.95326232910156, 372.7916259765625]","[161.9696044921875, 369.1878967285156]",1.0
Optical_A-F00019-D002,Optical_A,19,0.19,0.19139663599838969,"[1276.7457275390625, 377.821044921875, 1280.0, 385.18023681640625]","[1278.3728637695312, 381.5006408691406]",1.0
Optical_A-F00019-D003,Optical_A,19,0.19,0.19139663599838969,"[850.984619140625, 537.2576904296875, 881.7562866210938, 543.9468994140625]","[866.3704528808594, 540.602294921875]",1.0
Optical_B-F00019-D000,Optical_B,19,0.19,0.19134776199411135,"[435.60693359375, 491.306640625, 473.6421203613281, 498.60333251953125]","[454.62452697753906, 494.9549865722656]",1.0
Optical_B-F00019-D001,Optical_B,19,0.19,0.19134776199411135,"[795.7085571289062, 500.90399169921875, 835.8892211914062, 508.61151123046875]","[815.7988891601562, 504.75775146484375]",1.0
Optical_B-F00019-D002,Optical_B,19,0.19,0.19134776199411135,"[1252.869140625, 348.033447265625, 1280.0, 356.3551025390625]","[1266.4345703125, 352.19427490234375]",1.0
Optical_B-F00019-D003,Optical_B,19,0.19,0.19134776199411135,"[1236.7291259765625, 448.71539306640625, 1280.0, 457.1346435546875]","[1258.3645629882812, 452.9250183105469]",1.0
Optical_B-F00019-D004,Optical_B,19,0.19,0.19134776199411135,"[1239.8990478515625, 480.4522705078125, 1280.0, 488.6806640625]","[1259.9495239257812, 484.56646728515625]",1.0
Optical_B-F00019-D005,Optical_B,19,0.19,0.19134776199411135,"[640.6622924804688, 529.2650146484375, 686.38037109375, 538.0538330078125]","[663.5213317871094, 533.659423828125]",1.0
Optical_A-F00020-D000,Optical_A,20,0.2,0.20140439499227797,"[377.92205810546875, 457.609375, 420.1675109863281, 466.76666259765625]","[399.04478454589844, 462.1880187988281]",1.0
Optical_A-F00020-D001,Optical_A,20,0.2,0.20140439499227797,"[843.8823852539062, 487.0989990234375, 885.013916015625, 495.8812255859375]","[864.4481506347656, 491.4901123046875]",1.0
Optical_A-F00020-D002,Optical_A,20,0.2,0.20140439499227797,"[491.4036560058594, 377.8350830078125, 524.9404296875, 385.1962890625]","[508.1720428466797, 381.51568603515625]",1.0
Optical_A-F00020-D003,Optical_A,20,0.2,0.20140439499227797,"[66.6693115234375, 537.267333984375, 97.46105194091797, 543.959716796875]","[82.06518173217773, 540.613525390625]",1.0
Optical_B-F00020-D000,Optical_B,20,0.2,0.20236756399681327,"[6.526336669921875, 500.89874267578125, 46.73686981201172, 508.60986328125]","[26.631603240966797, 504.7543029785156]",1.0
Optical_B-F00020-D001,Optical_B,20,0.2,0.20236756399681327,"[1114.00537109375, 451.445556640625, 1152.7825927734375, 459.013427734375]","[1133.3939819335938, 455.2294921875]",1.0
Optical_B-F00020-D002,Optical_B,20,0.2,0.20236756399681327,"[462.4888916015625, 348.05450439453125, 504.41278076171875, 356.373779296875]","[483.4508361816406, 352.2141418457031]",1.0
Optical_B-F00020-D003,Optical_B,20,0.2,0.20236756399681327,"[446.221435546875, 448.72198486328125, 489.5250244140625, 457.139892578125]","[467.87322998046875, 452.9309387207031]",1.0
Optical_B-F00020-D004,Optical_B,20,0.2,0.20236756399681327,"[450.6494140625, 480.45465087890625, 493.2485656738281, 488.6822509765625]","[471.94898986816406, 484.5684509277344]",1.0
Optical_A-F00021-D000,Optical_A,21,0.21,0.21165931299852672,"[58.87584686279297, 487.08697509765625, 100.037841796875, 495.8739013671875]","[79.45684432983398, 491.4804382324219]",1.0
Optical_A-F00021-D001,Optical_A,21,0.21,0.21165931299852672,"[583.1341552734375, 416.35870361328125, 616.4716796875, 423.49969482421875]","[599.8029174804688, 419.92919921875]",1.0
Optical_B-F00021-D000,Optical_B,21,0.21,0.21127360799524467,"[324.06439208984375, 451.44317626953125, 362.83905029296875, 459.0108642578125]","[343.45172119140625, 455.2270202636719]",1.0
Optical_B-F00021-D001,Optical_B,21,0.21,0.21127360799524467,"[735.0867919921875, 607.10498046875, 783.3804321289062, 616.6448974609375]","[759.2336120605469, 611.8749389648438]",1.0
Optical_A-F00022-D000,Optical_A,22,0.22,0.22175329099874944,"[1023.50634765625, 765.526611328125, 1071.3798828125, 775.8734130859375]","[1047.443115234375, 770.7000122070312]",1.0
Optical_A-F00022-D001,Optical_A,22,0.22,0.22175329099874944,"[1189.4776611328125, 634.7288818359375, 1238.2052001953125, 644.9771728515625]","[1213.8414306640625, 639.85302734375]",1.0
Optical_A-F00022-D002,Optical_A,22,0.22,0.22175329099874944,"[925.0051879882812, 499.09979248046875, 968.3880615234375, 508.06097412109375]","[946.6966247558594, 503.58038330078125]",1.0
Optical_A-F00022-D003,Optical_A,22,0.22,0.22175329099874944,"[905.2578735351562, 443.8089599609375, 946.0848999023438, 452.3353271484375]","[925.67138671875, 448.0721435546875]",1.0
Optical_A-F00022-D004,Optical_A,22,0.22,0.22175329099874944,"[128.3184051513672, 509.95977783203125, 159.83493041992188, 516.5562744140625]","[144.07666778564453, 513.2580261230469]",1.0
Optical_A-F00022-D005,Optical_A,22,0.22,0.22175329099874944,"[681.7920532226562, 517.041015625, 714.8485107421875, 523.89892578125]","[698.3202819824219, 520.469970703125]",1.0
Optical_A-F00022-D006,Optical_A,22,0.22,0.22175329099874944,"[1058.094482421875, 431.40167236328125, 1090.0361328125, 438.0718994140625]","[1074.0653076171875, 434.7367858886719]",1.0
Optical_B-F00022-D000,Optical_B,22,0.22,0.22122602000192274,"[919.479248046875, 382.59405517578125, 951.2772216796875, 388.96209716796875]","[935.3782348632812, 385.778076171875]",1.0
Optical_B-F00022-D001,Optical_B,22,0.22,0.22122602000192274,"[1232.6795654296875, 390.946533203125, 1265.79736328125, 397.5869140625]","[1249.2384643554688, 394.2667236328125]",1.0
Optical_A-F00023-D000,Optical_A,23,0.23,0.23184293500205969,"[239.20657348632812, 765.590576171875, 287.09478759765625, 775.9468994140625]","[263.1506805419922, 770.7687377929688]",1.0
Optical_A-F00023-D001,Optical_A,23,0.23,0.23184293500205969,"[406.8855285644531, 634.7313232421875, 455.6068115234375, 644.9832763671875]","[431.2461700439453, 639.8572998046875]",1.0
Optical_A-F00023-D002,Optical_A,23,0.23,0.23184293500205969,"[141.98089599609375, 499.09527587890625, 185.38668823242188, 508.0596923828125]","[163.6837921142578, 503.5774841308594]",1.0
Optical_A-F00023-D003,Optical_A,23,0.23,0.23184293500205969,"[120.62934875488281, 443.782470703125, 161.47850036621094, 452.3134765625]","[141.05392456054688, 448.0479736328125]",1.0
Optical_A-F00023-D004,Optical_A,23,0.23,0.23184293500205969,"[891.4703979492188, 344.109130859375, 926.6350708007812, 351.50225830078125]","[909.052734375, 347.8056945800781]",1.0
Optical_A-F00023-D005,Optical_A,23,0.23,0.23184293500205969,"[274.2530517578125, 431.391357421875, 306.19769287109375, 438.063720703125]","[290.2253723144531, 434.7275390625]",1.0
Optical_A-F00023-D006,Optical_A,23,0.23,0.23184293500205969,"[726.9241943359375, 410.640869140625, 759.2330322265625, 417.36651611328125]","[743.07861328125, 414.0036926269531]",1.0
Optical_A-F00023-D007,Optical_A,23,0.23,0.23184293500205969,"[664.234375, 667.413818359375, 694.436279296875, 673.7803955078125]","[679.3353271484375, 670.5971069335938]",1.0
Optical_A-F00023-D008,Optical_A,23,0.23,0.23184293500205969,"[1270.1446533203125, 344.64801025390625, 1280.0, 351.09716796875]","[1275.0723266601562, 347.8725891113281]",1.0
Optical_B-F00023-D000,Optical_B,23,0.23,0.23146146799670533,"[131.28379821777344, 382.55670166015625, 163.09646606445312, 388.9254150390625]","[147.19013214111328, 385.7410583496094]",1.0
Optical_B-F00023-D001,Optical_B,23,0.23,0.23146146799670533,"[443.41778564453125, 390.9613037109375, 476.52337646484375, 397.59967041015625]","[459.9705810546875, 394.2804870605469]",1.0
Optical_B-F00023-D002,Optical_B,23,0.23,0.23146146799670533,"[811.8758544921875, 700.727783203125, 858.068359375, 710.1669921875]","[834.9721069335938, 705.4473876953125]",1.0
Optical_A-F00024-D000,Optical_A,24,0.24,0.24152268599777016,"[726.588134765625, 328.31268310546875, 771.2886962890625, 337.6529541015625]","[748.9384155273438, 332.9828186035156]",1.0
Optical_A-F00024-D001,Optical_A,24,0.24,0.24152268599777016,"[1116.48095703125, 476.89874267578125, 1161.846923828125, 486.056396484375]","[1139.1639404296875, 481.4775695800781]",1.0
Optical_A-F00024-D002,Optical_A,24,0.24,0.24152268599777016,"[106.7477035522461, 344.04718017578125, 141.9310302734375, 351.4459228515625]","[124.3393669128418, 347.7465515136719]",1.0
Optical_A-F00024-D003,Optical_A,24,0.24,0.24152268599777016,"[485.24493408203125, 344.66998291015625, 516.0916748046875, 351.1207275390625]","[500.6683044433594, 347.8953552246094]",1.0
Optical_A-F00024-D004,Optical_A,24,0.24,0.24152268599777016,"[624.420654296875, 485.14453125, 654.2564697265625, 491.20379638671875]","[639.3385620117188, 488.1741638183594]",1.0
Optical_B-F00024-D000,Optical_B,24,0.24,0.24128699200286063,"[652.4547729492188, 535.1907958984375, 683.3116455078125, 541.3328857421875]","[667.8832092285156, 538.2618408203125]",1.0
Optical_B-F00024-D001,Optical_B,24,0.24,0.24128699200286063,"[602.4044799804688, 422.82696533203125, 635.4720458984375, 429.4840087890625]","[618.9382629394531, 426.1554870605469]",1.0
Optical_B-F00024-D002,Optical_B,24,0.24,0.24128699200286063,"[634.36328125, 391.92742919921875, 673.576904296875, 399.87249755859375]","[653.9700927734375, 395.89996337890625]",1.0
Optical_B-F00024-D003,Optical_B,24,0.24,0.24128699200286063,"[22.899322509765625, 700.823974609375, 69.12788391113281, 710.264892578125]","[46.01360321044922, 705.54443359375]",1.0
Optical_A-F00025-D000,Optical_A,25,0.25,0.25124793499708176,"[725.4930419921875, 442.1204833984375, 771.4927978515625, 451.423095703125]","[748.492919921875, 446.77178955078125]",1.0
Optical_A-F00025-D001,Optical_A,25,0.25,0.25124793499708176,"[333.9144592285156, 476.89508056640625, 379.28045654296875, 486.05419921875]","[356.5974578857422, 481.4746398925781]",1.0
Optical_B-F00025-D000,Optical_B,25,0.25,0.25156660900393035,"[1110.415771484375, 510.0379638671875, 1141.92236328125, 516.3817138671875]","[1126.1690673828125, 513.2098388671875]",1.0
Optical_B-F00025-D001,Optical_B,25,0.25,0.25156660900393035,"[815.8809814453125, 516.861083984375, 848.8225708007812, 523.4742431640625]","[832.3517761230469, 520.1676635742188]",1.0
Optical_B-F00025-D002,Optical_B,25,0.25,0.25156660900393035,"[500.47711181640625, 562.4825439453125, 539.366455078125, 570.3291015625]","[519.9217834472656, 566.4058227539062]",1.0
Optical_B-F00025-D003,Optical_B,25,0.25,0.25156660900393035,"[758.09228515625, 462.696044921875, 809.2694702148438, 473.03729248046875]","[783.6808776855469, 467.8666687011719]",1.0
Optical_A-F00026-D000,Optical_A,26,0.26,0.26187517900485546,"[940.7242431640625, 531.0093994140625, 989.5828857421875, 540.6895751953125]","[965.153564453125, 535.8494873046875]",1.0
Optical_A-F00026-D001,Optical_A,26,0.26,0.26187517900485546,"[176.80865478515625, 390.75054931640625, 216.2024688720703, 398.77520751953125]","[196.50556182861328, 394.76287841796875]",1.0
Optical_A-F00026-D002,Optical_A,26,0.26,0.26187517900485546,"[543.8854370117188, 561.879638671875, 582.59619140625, 569.63232421875]","[563.2408142089844, 565.7559814453125]",1.0
Optical_A-F00026-D003,Optical_A,26,0.26,0.26187517900485546,"[780.09814453125, 464.09600830078125, 815.7056884765625, 471.1937255859375]","[797.9019165039062, 467.6448669433594]",1.0
Optical_A-F00026-D004,Optical_A,26,0.26,0.26187517900485546,"[1013.6632080078125, 598.712646484375, 1048.7373046875, 605.7489013671875]","[1031.2002563476562, 602.2307739257812]",1.0
Optical_A-F00026-D005,Optical_A,26,0.26,0.26187517900485546,"[1276.06689453125, 430.26739501953125, 1280.0, 437.07269287109375]","[1278.033447265625, 433.6700439453125]",1.0
Optical_A-F00026-D006,Optical_A,26,0.26,0.26187517900485546,"[942.3278198242188, 508.723876953125, 972.4158935546875, 514.66064453125]","[957.3718566894531, 511.6922607421875]",1.0
Optical_B-F00026-D000,Optical_B,26,0.26,0.26160337999113836,"[321.6264343261719, 510.03790283203125, 353.1315612792969, 516.3818359375]","[337.3789978027344, 513.2098693847656]",1.0
Optical_B-F00026-D001,Optical_B,26,0.26,0.26160337999113836,"[27.949600219726562, 516.86328125, 60.91442108154297, 523.479248046875]","[44.432010650634766, 520.1712646484375]",1.0
Optical_B-F00026-D002,Optical_B,26,0.26,0.26160337999113836,"[1010.4666137695312, 432.3587646484375, 1042.4127197265625, 438.9510498046875]","[1026.4396667480469, 435.6549072265625]",1.0
Optical_B-F00026-D003,Optical_B,26,0.26,0.26160337999113836,"[1247.8345947265625, 410.64764404296875, 1280.0, 417.37432861328125]","[1263.9172973632812, 414.010986328125]",1.0
Optical_B-F00026-D004,Optical_B,26,0.26,0.26160337999113836,"[836.1229858398438, 647.590576171875, 876.3675537109375, 655.9765625]","[856.2452697753906, 651.7835693359375]",1.0
Optical_B-F00026-D005,Optical_B,26,0.26,0.26160337999113836,"[1181.1021728515625, 712.4427490234375, 1223.2176513671875, 721.3746337890625]","[1202.159912109375, 716.90869140625]",1.0
Optical_B-F00026-D006,Optical_B,26,0.26,0.26160337999113836,"[0.0, 462.668212890625, 18.775405883789062, 473.01446533203125]","[9.387702941894531, 467.8413391113281]",1.0
Optical_A-F00027-D000,Optical_A,27,0.27,0.2722969849960646,"[158.68797302246094, 531.0152587890625, 207.5695037841797, 540.698974609375]","[183.1287384033203, 535.8571166992188]",1.0
Optical_A-F00027-D001,Optical_A,27,0.27,0.2722969849960646,"[0.0, 464.073486328125, 32.45796203613281, 471.175048828125]","[16.228981018066406, 467.624267578125]",1.0
Optical_A-F00027-D002,Optical_A,27,0.27,0.2722969849960646,"[229.3663787841797, 598.728759765625, 264.4490051269531, 605.767578125]","[246.9076919555664, 602.2481689453125]",1.0
Optical_A-F00027-D003,Optical_A,27,0.27,0.2722969849960646,"[492.7305908203125, 430.280517578125, 526.823974609375, 437.0855712890625]","[509.77728271484375, 433.68304443359375]",1.0
Optical_A-F00027-D004,Optical_A,27,0.27,0.2722969849960646,"[1203.38232421875, 368.86151123046875, 1238.94580078125, 375.9935302734375]","[1221.1640625, 372.4275207519531]",1.0
Optical_A-F00027-D005,Optical_A,27,0.27,0.2722969849960646,"[157.73223876953125, 508.7230224609375, 187.83169555664062, 514.661376953125]","[172.78196716308594, 511.69219970703125]",1.0
Optical_B-F00027-D000,Optical_B,27,0.27,0.27141943100607024,"[222.80560302734375, 432.34381103515625, 254.75791931152344, 438.93621826171875]","[238.7817611694336, 435.6400146484375]",1.0
Optical_B-F00027-D001,Optical_B,27,0.27,0.27141943100607024,"[460.14007568359375, 410.6585693359375, 492.4754638671875, 417.383056640625]","[476.3077697753906, 414.02081298828125]",1.0
Optical_B-F00027-D002,Optical_B,27,0.27,0.27141943100607024,"[46.67011260986328, 647.650634765625, 86.94190979003906, 656.0377197265625]","[66.80601119995117, 651.8441772460938]",1.0
Optical_B-F00027-D003,Optical_B,27,0.27,0.27141943100607024,"[858.3997802734375, 461.48907470703125, 894.5145263671875, 468.97430419921875]","[876.4571533203125, 465.231689453125]",1.0
Optical_B-F00027-D004,Optical_B,27,0.27,0.27141943100607024,"[391.5840148925781, 712.4468994140625, 433.69354248046875, 721.374755859375]","[412.63877868652344, 716.9108276367188]",1.0
Optical_A-F00028-D000,Optical_A,28,0.28,0.2813903049984947,"[572.4808959960938, 638.4000244140625, 611.540771484375, 646.210693359375]","[592.0108337402344, 642.3053588867188]",1.0
Optical_A-F00028-D001,Optical_A,28,0.28,0.2813903049984947,"[420.3099365234375, 368.87139892578125, 455.8645935058594, 376.00439453125]","[438.08726501464844, 372.4378967285156]",1.0
Optical_B-F00028-D000,Optical_B,28,0.28,0.28255893499706874,"[811.502685546875, 670.1226806640625, 841.7066040039062, 676.60107421875]","[826.6046447753906, 673.3618774414062]",1.0
Optical_B-F00028-D001,Optical_B,28,0.28,0.28255893499706874,"[1050.952880859375, 339.3211669921875, 1081.8162841796875, 345.9793701171875]","[1066.3845825195312, 342.6502685546875]",1.0
Optical_B-F00028-D002,Optical_B,28,0.28,0.28255893499706874,"[70.63522338867188, 461.46875, 106.7733383178711, 468.9561767578125]","[88.70428085327148, 465.21246337890625]",1.0
Optical_B-F00028-D003,Optical_B,28,0.28,0.28255893499706874,"[594.3463745117188, 604.68115234375, 629.9873657226562, 612.20458984375]","[612.1668701171875, 608.44287109375]",1.0
Optical_B-F00028-D004,Optical_B,28,0.28,0.28255893499706874,"[1194.3486328125, 354.0677490234375, 1230.8785400390625, 361.9461669921875]","[1212.6135864257812, 358.0069580078125]",1.0
Optical_A-F00029-D000,Optical_A,29,0.29,0.2916330549988197,"[847.177734375, 606.4697265625, 895.281982421875, 615.944580078125]","[871.2298583984375, 611.2071533203125]",1.0
Optical_A-F00029-D001,Optical_A,29,0.29,0.2916330549988197,"[864.0435791015625, 691.80126953125, 908.8742065429688, 700.7823486328125]","[886.4588928222656, 696.2918090820312]",1.0
Optical_A-F00029-D002,Optical_A,29,0.29,0.2916330549988197,"[929.76025390625, 692.2835693359375, 969.786376953125, 700.298095703125]","[949.7733154296875, 696.2908325195312]",1.0
Optical_A-F00029-D003,Optical_A,29,0.29,0.2916330549988197,"[694.5709228515625, 486.6058349609375, 730.4403686523438, 493.56884765625]","[712.5056457519531, 490.08734130859375]",1.0
Optical_A-F00029-D004,Optical_A,29,0.29,0.2916330549988197,"[734.9901123046875, 531.428466796875, 771.3255615234375, 538.4814453125]","[753.1578369140625, 534.9549560546875]",1.0
Optical_A-F00029-D005,Optical_A,29,0.29,0.2916330549988197,"[601.3609008789062, 625.88916015625, 636.8168334960938, 632.9122314453125]","[619.0888671875, 629.4006958007812]",1.0
Optical_A-F00029-D006,Optical_A,29,0.29,0.2916330549988197,"[441.16448974609375, 344.16595458984375, 474.08990478515625, 350.75860595703125]","[457.627197265625, 347.4622802734375]",1.0
Optical_B-F00029-D000,Optical_B,29,0.29,0.29212664800346827,"[23.021888732910156, 670.191650390625, 53.24737548828125, 676.670166015625]","[38.1346321105957, 673.430908203125]",1.0
Optical_B-F00029-D001,Optical_B,29,0.29,0.29212664800346827,"[262.5190734863281, 339.300048828125, 293.3855895996094, 345.9560546875]","[277.95233154296875, 342.6280517578125]",1.0
Optical_B-F00029-D002,Optical_B,29,0.29,0.29212664800346827,"[1009.9822998046875, 483.9195556640625, 1039.7376708984375, 490.25531005859375]","[1024.8599853515625, 487.0874328613281]",1.0
Optical_B-F00029-D003,Optical_B,29,0.29,0.29212664800346827,"[636.49609375, 423.0380859375, 671.150390625, 430.44793701171875]","[653.8232421875, 426.7430114746094]",1.0
Optical_B-F00029-D004,Optical_B,29,0.29,0.29212664800346827,"[406.79437255859375, 354.06964111328125, 443.31646728515625, 361.94482421875]","[425.055419921875, 358.0072326660156]",1.0
Optical_B-F00029-D005,Optical_B,29,0.29,0.29212664800346827,"[1154.3154296875, 482.9083251953125, 1191.6768798828125, 490.88677978515625]","[1172.9961547851562, 486.8975524902344]",1.0
Optical_B-F00029-D006,Optical_B,29,0.29,0.29212664800346827,"[896.478271484375, 534.199951171875, 934.4086303710938, 542.26123046875]","[915.4434509277344, 538.2305908203125]",1.0
Optical_A-F00030-D000,Optical_A,30,0.3,0.301590469997609,"[64.10728454589844, 606.5113525390625, 112.24369049072266, 615.99169921875]","[88.17548751831055, 611.2515258789062]",1.0
Optical_A-F00030-D001,Optical_A,30,0.3,0.301590469997609,"[82.05314636230469, 691.8677978515625, 126.90998077392578, 700.854248046875]","[104.48156356811523, 696.3610229492188]",1.0
Optical_A-F00030-D002,Optical_A,30,0.3,0.301590469997609,"[146.1982421875, 692.338134765625, 186.24148559570312, 700.3568115234375]","[166.21986389160156, 696.3474731445312]",1.0
Optical_A-F00030-D003,Optical_A,30,0.3,0.301590469997609,"[502.01043701171875, 689.594970703125, 538.4478149414062, 696.8699951171875]","[520.2291259765625, 693.2324829101562]",1.0
Optical_B-F00030-D000,Optical_B,30,0.3,0.30159767300647217,"[222.79818725585938, 483.914306640625, 252.55984497070312, 490.2508544921875]","[237.67901611328125, 487.08258056640625]",1.0
Optical_B-F00030-D001,Optical_B,30,0.3,0.30159767300647217,"[365.54315185546875, 482.907470703125, 402.9023742675781, 490.8856201171875]","[384.22276306152344, 486.89654541015625]",1.0
Optical_B-F00030-D002,Optical_B,30,0.3,0.30159767300647217,"[108.98567199707031, 534.208740234375, 146.93740844726562, 542.2724609375]","[127.96154022216797, 538.2406005859375]",1.0
Optical_B-F00030-D003,Optical_B,30,0.3,0.30159767300647217,"[545.6456298828125, 642.4400634765625, 582.4564208984375, 650.490966796875]","[564.051025390625, 646.4655151367188]",1.0
Optical_B-F00030-D004,Optical_B,30,0.3,0.30159767300647217,"[847.6630859375, 615.3619384765625, 891.3609619140625, 624.93408203125]","[869.5120239257812, 620.1480102539062]",1.0
Optical_B-F00031-D000,Optical_B,31,0.31,0.31118844798998907,"[1214.80859375, 508.364501953125, 1244.7027587890625, 514.9525146484375]","[1229.7556762695312, 511.65850830078125]",1.0
Optical_B-F00031-D001,Optical_B,31,0.31,0.31118844798998907,"[1234.30419921875, 317.2230224609375, 1267.883056640625, 324.8819580078125]","[1251.0936279296875, 321.052490234375]",1.0
Optical_B-F00031-D002,Optical_B,31,0.31,0.31118844798998907,"[58.52561950683594, 615.411376953125, 102.25601196289062, 624.9849853515625]","[80.39081573486328, 620.1981811523438]",1.0
Optical_B-F00032-D000,Optical_B,32,0.32,0.3211689020029735,"[426.734375, 508.36480712890625, 456.6200256347656, 514.9522705078125]","[441.6772003173828, 511.6585388183594]",1.0
Optical_B-F00032-D001,Optical_B,32,0.32,0.3211689020029735,"[446.0023193359375, 317.2384033203125, 479.5714111328125, 324.89215087890625]","[462.786865234375, 321.0652770996094]",1.0
Optical_A-F00033-D000,Optical_A,33,0.33,0.33128514401149006,"[753.216064453125, 470.58294677734375, 798.529541015625, 479.26214599609375]","[775.872802734375, 474.92254638671875]",1.0
Optical_A-F00033-D001,Optical_A,33,0.33,0.33128514401149006,"[636.13427734375, 593.664794921875, 675.1205444335938, 601.210205078125]","[655.6274108886719, 597.4375]",1.0
Optical_A-F00034-D000,Optical_A,34,0.34,0.3411877229990205,"[0.0, 470.560791015625, 15.849723815917969, 479.24481201171875]","[7.924861907958984, 474.9028015136719]",1.0
Optical_A-F00066-D000,Optical_A,66,0.66,0.661501542996266,"[87.85675048828125, 470.281494140625, 133.52337646484375, 479.0244140625]","[110.6900634765625, 474.6529541015625]",1.0
Optical_A-F00067-D000,Optical_A,67,0.67,0.671213908995851,"[877.8416748046875, 470.2796630859375, 923.5025634765625, 479.02288818359375]","[900.672119140625, 474.6512756347656]",1.0
Optical_A-F00067-D001,Optical_A,67,0.67,0.671213908995851,"[742.5512084960938, 594.177978515625, 781.7951049804688, 601.7716064453125]","[762.1731567382812, 597.9747924804688]",1.0
Optical_B-F00068-D000,Optical_B,68,0.68,0.6811634820111795,"[361.64190673828125, 508.34051513671875, 391.7744140625, 514.9720458984375]","[376.7081604003906, 511.6562805175781]",1.0
Optical_B-F00068-D001,Optical_B,68,0.68,0.6811634820111795,"[372.9316711425781, 315.775146484375, 406.8125915527344, 323.48834228515625]","[389.87213134765625, 319.6317443847656]",1.0
Optical_B-F00069-D000,Optical_B,69,0.6900000000000001,0.691274319991353,"[1146.0751953125, 508.33917236328125, 1176.2242431640625, 514.9730224609375]","[1161.1497192382812, 511.6560974121094]",1.0
Optical_B-F00069-D001,Optical_B,69,0.6900000000000001,0.691274319991353,"[1157.1417236328125, 315.697021484375, 1191.04345703125, 323.41802978515625]","[1174.0925903320312, 319.5575256347656]",1.0
Optical_A-F00070-D000,Optical_A,70,0.7000000000000001,0.7014970870106482,"[193.2898712158203, 607.4420166015625, 241.94358825683594, 617.017578125]","[217.61672973632812, 612.2297973632812]",1.0
Optical_A-F00070-D001,Optical_A,70,0.7000000000000001,0.7014970870106482,"[254.16455078125, 693.2525634765625, 299.41986083984375, 702.310791015625]","[276.7922058105469, 697.7816772460938]",1.0
Optical_A-F00070-D002,Optical_A,70,0.7000000000000001,0.7014970870106482,"[5.660247802734375, 486.4041748046875, 41.851348876953125, 493.4228515625]","[23.75579833984375, 489.91351318359375]",1.0
Optical_B-F00070-D000,Optical_B,70,0.7000000000000001,0.701679511013208,"[184.39791870117188, 483.70416259765625, 214.40635681152344, 490.08831787109375]","[199.40213775634766, 486.896240234375]",1.0
Optical_B-F00070-D001,Optical_B,70,0.7000000000000001,0.701679511013208,"[263.72039794921875, 482.6531982421875, 301.4841003417969, 490.701416015625]","[282.6022491455078, 486.67730712890625]",1.0
Optical_B-F00070-D002,Optical_B,70,0.7000000000000001,0.701679511013208,"[58.94268035888672, 534.4202880859375, 97.29389190673828, 542.561279296875]","[78.1182861328125, 538.4907836914062]",1.0
Optical_B-F00070-D003,Optical_B,70,0.7000000000000001,0.701679511013208,"[500.75244140625, 643.656005859375, 537.9409790039062, 651.7838134765625]","[519.3467102050781, 647.7199096679688]",1.0
Optical_B-F00070-D004,Optical_B,70,0.7000000000000001,0.701679511013208,"[476.6136169433594, 721.1817626953125, 515.3760375976562, 729.769775390625]","[495.9948272705078, 725.4757690429688]",1.0
Optical_B-F00070-D005,Optical_B,70,0.7000000000000001,0.701679511013208,"[732.1401977539062, 616.4290771484375, 776.3956298828125, 626.1021728515625]","[754.2679138183594, 621.265625]",1.0
Optical_A-F00071-D000,Optical_A,71,0.71,0.7120002529927296,"[982.779541015625, 607.462890625, 1031.4423828125, 617.03955078125]","[1007.1109619140625, 612.251220703125]",1.0
Optical_A-F00071-D001,Optical_A,71,0.71,0.7120002529927296,"[1044.7259521484375, 693.296142578125, 1089.9951171875, 702.354736328125]","[1067.3605346679688, 697.825439453125]",1.0
Optical_A-F00071-D002,Optical_A,71,0.71,0.7120002529927296,"[794.3505859375, 486.40667724609375, 830.5303955078125, 493.42449951171875]","[812.4404907226562, 489.91558837890625]",1.0
Optical_A-F00071-D003,Optical_A,71,0.71,0.7120002529927296,"[880.4930419921875, 531.559326171875, 917.1170043945312, 538.6600341796875]","[898.8050231933594, 535.1096801757812]",1.0
Optical_A-F00071-D004,Optical_A,71,0.71,0.7120002529927296,"[742.5875854492188, 626.638427734375, 778.31640625, 633.7088623046875]","[760.4519958496094, 630.1736450195312]",1.0
Optical_A-F00071-D005,Optical_A,71,0.71,0.7120002529927296,"[531.0602416992188, 342.956298828125, 564.2471923828125, 349.59796142578125]","[547.6537170410156, 346.2771301269531]",1.0
Optical_B-F00071-D000,Optical_B,71,0.71,0.7115761889953864,"[169.29824829101562, 338.03424072265625, 200.447265625, 344.74053955078125]","[184.8727569580078, 341.38739013671875]",1.0
Optical_B-F00071-D001,Optical_B,71,0.71,0.7115761889953864,"[969.6668701171875, 483.7003173828125, 999.677734375, 490.08575439453125]","[984.6723022460938, 486.8930358886719]",1.0
Optical_B-F00071-D002,Optical_B,71,0.71,0.7115761889953864,"[586.4439697265625, 422.23388671875, 621.4447631835938, 429.7117919921875]","[603.9443664550781, 425.97283935546875]",1.0
Optical_B-F00071-D003,Optical_B,71,0.71,0.7115761889953864,"[352.0689392089844, 352.57086181640625, 388.97650146484375, 360.52288818359375]","[370.52272033691406, 356.546875]",1.0
Optical_B-F00071-D004,Optical_B,71,0.71,0.7115761889953864,"[1047.3826904296875, 482.645263671875, 1085.15966796875, 490.69610595703125]","[1066.2711791992188, 486.6706848144531]",1.0
Optical_B-F00071-D005,Optical_B,71,0.71,0.7115761889953864,"[843.95361328125, 534.420654296875, 882.2998046875, 542.5623779296875]","[863.126708984375, 538.4915161132812]",1.0
Optical_B-F00071-D006,Optical_B,71,0.71,0.7115761889953864,"[1261.7242431640625, 721.2950439453125, 1280.0, 729.8931884765625]","[1270.8621215820312, 725.5941162109375]",1.0
Optical_A-F00072-D000,Optical_A,72,0.72,0.72128989899531,"[679.0889892578125, 639.556884765625, 718.5455322265625, 647.4410400390625]","[698.8172607421875, 643.4989624023438]",1.0
Optical_A-F00072-D001,Optical_A,72,0.72,0.72128989899531,"[563.1572875976562, 367.84521484375, 599.01416015625, 375.03076171875]","[581.0857238769531, 371.43798828125]",1.0
Optical_B-F00072-D000,Optical_B,72,0.72,0.7215414130029967,"[714.6016845703125, 671.285400390625, 745.079345703125, 677.8128662109375]","[729.8405151367188, 674.5491333007812]",1.0
Optical_B-F00072-D001,Optical_B,72,0.72,0.7215414130029967,"[953.3011474609375, 338.01629638671875, 984.4515991210938, 344.726318359375]","[968.8763732910156, 341.3713073730469]",1.0
Optical_B-F00072-D002,Optical_B,72,0.72,0.7215414130029967,"[4.283103942871094, 460.985107421875, 40.80760955810547, 468.5447998046875]","[22.54535675048828, 464.76495361328125]",1.0
Optical_B-F00072-D003,Optical_B,72,0.72,0.7215414130029967,"[478.3966064453125, 605.4832763671875, 514.4197387695312, 613.0731201171875]","[496.4081726074219, 609.2781982421875]",1.0
Optical_B-F00072-D004,Optical_B,72,0.72,0.7215414130029967,"[1136.9990234375, 352.50860595703125, 1173.926025390625, 360.467041015625]","[1155.4625244140625, 356.4878234863281]",1.0
Optical_A-F00073-D000,Optical_A,73,0.73,0.7316140649968292,"[355.76873779296875, 531.2186279296875, 405.2763366699219, 541.0064697265625]","[380.5225372314453, 536.112548828125]",1.0
Optical_A-F00073-D001,Optical_A,73,0.73,0.7316140649968292,"[139.088623046875, 463.6995849609375, 175.05612182617188, 470.8570556640625]","[157.07237243652344, 467.2783203125]",1.0
Optical_A-F00073-D002,Optical_A,73,0.73,0.7316140649968292,"[320.675048828125, 599.4932861328125, 356.10150146484375, 606.59521484375]","[338.3882751464844, 603.0442504882812]",1.0
Optical_A-F00073-D003,Optical_A,73,0.73,0.7316140649968292,"[631.7568359375, 429.674072265625, 666.15380859375, 436.53033447265625]","[648.955322265625, 433.1022033691406]",1.0
Optical_A-F00073-D004,Optical_A,73,0.73,0.7316140649968292,"[235.49888610839844, 508.69818115234375, 265.8505554199219, 514.6815185546875]","[250.67472076416016, 511.6898498535156]",1.0
Optical_B-F00073-D000,Optical_B,73,0.73,0.7321364810090745,"[156.65585327148438, 431.6527099609375, 188.92071533203125, 438.3031005859375]","[172.7882843017578, 434.9779052734375]",1.0
Optical_B-F00073-D001,Optical_B,73,0.73,0.7321364810090745,"[395.02508544921875, 409.76531982421875, 427.67950439453125, 416.55010986328125]","[411.352294921875, 413.15771484375]",1.0
Optical_B-F00073-D002,Optical_B,73,0.73,0.7321364810090745,"[789.06787109375, 460.98797607421875, 825.58154296875, 468.548095703125]","[807.32470703125, 464.7680358886719]",1.0
Optical_B-F00073-D003,Optical_B,73,0.73,0.7321364810090745,"[1262.036376953125, 605.52978515625, 1280.0, 613.1253662109375]","[1271.0181884765625, 609.3275756835938]",1.0
Optical_B-F00073-D004,Optical_B,73,0.73,0.7321364810090745,"[240.14747619628906, 714.521728515625, 282.79852294921875, 723.5455322265625]","[261.4729995727539, 719.0336303710938]",1.0
Optical_A-F00074-D000,Optical_A,74,0.74,0.7416410609969171,"[55.203857421875, 441.2061767578125, 101.88739776611328, 450.63311767578125]","[78.54562759399414, 445.9196472167969]",1.0
Optical_A-F00074-D001,Optical_A,74,0.74,0.7416410609969171,"[1146.37890625, 531.2265625, 1195.9180908203125, 541.0179443359375]","[1171.1484985351562, 536.1222534179688]",1.0
Optical_A-F00074-D002,Optical_A,74,0.74,0.7416410609969171,"[276.1689758300781, 389.46490478515625, 316.029296875, 397.57659912109375]","[296.09913635253906, 393.520751953125]",1.0
Optical_A-F00074-D003,Optical_A,74,0.74,0.7416410609969171,"[703.6349487304688, 562.332275390625, 742.772705078125, 570.1561279296875]","[723.2038269042969, 566.2442016601562]",1.0
Optical_A-F00074-D004,Optical_A,74,0.74,0.7416410609969171,"[928.4838256835938, 463.69696044921875, 964.4500732421875, 470.85430908203125]","[946.4669494628906, 467.275634765625]",1.0
Optical_A-F00074-D005,Optical_A,74,0.74,0.7416410609969171,"[1108.947265625, 599.5208740234375, 1144.3895263671875, 606.6239013671875]","[1126.6683959960938, 603.0723876953125]",1.0
Optical_A-F00074-D006,Optical_A,74,0.74,0.7416410609969171,"[1023.4642944335938, 508.6976318359375, 1053.822509765625, 514.6820068359375]","[1038.6434020996094, 511.6898193359375]",1.0
Optical_B-F00074-D000,Optical_B,74,0.74,0.7415371729969047,"[198.51150512695312, 510.0225830078125, 230.32020568847656, 516.4161376953125]","[214.41585540771484, 513.2193603515625]",1.0
Optical_B-F00074-D001,Optical_B,74,0.74,0.7415371729969047,"[941.450439453125, 431.64459228515625, 973.7156982421875, 438.29681396484375]","[957.5830688476562, 434.970703125]",1.0
Optical_B-F00074-D002,Optical_B,74,0.74,0.7415371729969047,"[1179.859375, 409.72393798828125, 1212.533203125, 416.5130615234375]","[1196.1962890625, 413.1184997558594]",1.0
Optical_B-F00074-D003,Optical_B,74,0.74,0.7415371729969047,"[682.4766845703125, 648.95654296875, 723.2191162109375, 657.429443359375]","[702.847900390625, 653.1929931640625]",1.0
Optical_B-F00074-D004,Optical_B,74,0.74,0.7415371729969047,"[1023.0560913085938, 714.5679931640625, 1065.7191162109375, 723.598388671875]","[1044.3876037597656, 719.0831909179688]",1.0
Optical_A-F00075-D000,Optical_A,75,0.75,0.751558046991704,"[48.600730895996094, 325.82757568359375, 93.98792266845703, 335.302001953125]","[71.29432678222656, 330.5647888183594]",1.0
Optical_A-F00075-D001,Optical_A,75,0.75,0.751558046991704,"[843.9028930664062, 441.2032470703125, 890.5794677734375, 450.62939453125]","[867.2411804199219, 445.91632080078125]",1.0
Optical_A-F00075-D002,Optical_A,75,0.75,0.751558046991704,"[520.5138549804688, 476.490966796875, 566.5162963867188, 485.756103515625]","[543.5150756835938, 481.12353515625]",1.0
Optical_A-F00075-D003,Optical_A,75,0.75,0.751558046991704,"[1064.5179443359375, 389.430908203125, 1104.39306640625, 397.5430908203125]","[1084.4555053710938, 393.48699951171875]",1.0
Optical_B-F00075-D000,Optical_B,75,0.75,0.751577264003572,"[982.1678466796875, 510.0223388671875, 1013.9804077148438, 516.4166259765625]","[998.0741271972656, 513.219482421875]",1.0
Optical_B-F00075-D001,Optical_B,75,0.75,0.751577264003572,"[481.3687744140625, 346.6239013671875, 516.7312622070312, 353.90814208984375]","[499.0500183105469, 350.2660217285156]",1.0
Optical_B-F00075-D002,Optical_B,75,0.75,0.751577264003572,"[733.4683227539062, 516.90673828125, 766.7564697265625, 523.5821533203125]","[750.1123962402344, 520.2444458007812]",1.0
Optical_B-F00075-D003,Optical_B,75,0.75,0.751577264003572,"[399.93353271484375, 563.04052734375, 439.30548095703125, 570.9749755859375]","[419.6195068359375, 567.0077514648438]",1.0
Optical_B-F00075-D004,Optical_B,75,0.75,0.751577264003572,"[545.0975341796875, 462.05596923828125, 597.0855712890625, 472.53253173828125]","[571.091552734375, 467.29425048828125]",1.0
Optical_A-F00076-D000,Optical_A,76,0.76,0.7615587509988109,"[837.04638671875, 325.822021484375, 882.4270629882812, 335.293212890625]","[859.7367248535156, 330.5576171875]",1.0
Optical_A-F00076-D001,Optical_A,76,0.76,0.7615587509988109,"[187.60479736328125, 342.24346923828125, 223.20785522460938, 349.72412109375]","[205.4063262939453, 345.9837951660156]",1.0
Optical_A-F00076-D002,Optical_A,76,0.76,0.7615587509988109,"[73.06621551513672, 409.69024658203125, 105.75366973876953, 416.48162841796875]","[89.40994262695312, 413.0859375]",1.0
Optical_A-F00076-D003,Optical_A,76,0.76,0.7615587509988109,"[559.184814453125, 343.10546875, 590.3538208007812, 349.618408203125]","[574.7693176269531, 346.3619384765625]",1.0
Optical_A-F00076-D004,Optical_A,76,0.76,0.7615587509988109,"[748.573486328125, 484.92803955078125, 778.7047119140625, 491.03631591796875]","[763.6390991210938, 487.982177734375]",1.0
Optical_B-F00076-D000,Optical_B,76,0.76,0.7614246060018195,"[564.6376953125, 535.3978271484375, 595.802734375, 541.594970703125]","[580.22021484375, 538.4963989257812]",1.0
Optical_B-F00076-D001,Optical_B,76,0.76,0.7614246060018195,"[507.8109130859375, 421.97296142578125, 541.23193359375, 428.69482421875]","[524.5214233398438, 425.3338928222656]",1.0
Optical_B-F00076-D002,Optical_B,76,0.76,0.7614246060018195,"[1264.7491455078125, 346.541748046875, 1280.0, 353.83197021484375]","[1272.3745727539062, 350.1868591308594]",1.0
Optical_B-F00076-D003,Optical_B,76,0.76,0.7614246060018195,"[457.9380798339844, 390.72967529296875, 497.6251220703125, 398.7557373046875]","[477.78160095214844, 394.7427062988281]",1.0
Optical_B-F00076-D004,Optical_B,76,0.76,0.7614246060018195,"[1184.184326171875, 563.0623779296875, 1223.5830078125, 571.0010986328125]","[1203.8836669921875, 567.03173828125]",1.0
Optical_A-F00077-D000,Optical_A,77,0.77,0.7718946350028273,"[345.06951904296875, 769.53076171875, 393.78662109375, 780.0560302734375]","[369.4280700683594, 774.7933959960938]",1.0
Optical_A-F00077-D001,Optical_A,77,0.77,0.7718946350028273,"[607.8124389648438, 636.475341796875, 657.38916015625, 646.876708984375]","[632.6007995605469, 641.676025390625]",1.0
Optical_A-F00077-D002,Optical_A,77,0.77,0.7718946350028273,"[318.1409912109375, 498.93115234375, 362.2247619628906, 508.0096435546875]","[340.18287658691406, 503.47039794921875]",1.0
Optical_A-F00077-D003,Optical_A,77,0.77,0.7718946350028273,"[209.3413543701172, 442.87689208984375, 250.79165649414062, 451.5224609375]","[230.0665054321289, 447.1996765136719]",1.0
Optical_A-F00077-D004,Optical_A,77,0.77,0.7718946350028273,"[975.418701171875, 342.2183837890625, 1011.02587890625, 349.6973876953125]","[993.2222900390625, 345.9578857421875]",1.0
Optical_A-F00077-D005,Optical_A,77,0.77,0.7718946350028273,"[29.918899536132812, 517.0928955078125, 63.403053283691406, 524.0216064453125]","[46.66097640991211, 520.5572509765625]",1.0
Optical_A-F00077-D006,Optical_A,77,0.77,0.7718946350028273,"[404.43841552734375, 430.64105224609375, 436.7491455078125, 437.37640380859375]","[420.5937805175781, 434.00872802734375]",1.0
Optical_A-F00077-D007,Optical_A,77,0.77,0.7718946350028273,"[861.8630981445312, 409.693603515625, 894.5441284179688, 416.48321533203125]","[878.20361328125, 413.0884094238281]",1.0
Optical_A-F00077-D008,Optical_A,77,0.77,0.7718946350028273,"[734.29248046875, 668.9183349609375, 764.8214721679688, 675.348388671875]","[749.5569763183594, 672.1333618164062]",1.0
Optical_B-F00077-D000,Optical_B,77,0.77,0.7714140900020721,"[26.355857849121094, 381.3511962890625, 58.49933624267578, 387.7806396484375]","[42.42759704589844, 384.56591796875]",1.0
Optical_B-F00077-D001,Optical_B,77,0.77,0.7714140900020721,"[282.34051513671875, 389.93963623046875, 315.78277587890625, 396.63531494140625]","[299.0616455078125, 393.2874755859375]",1.0
Optical_B-F00077-D002,Optical_B,77,0.77,0.7714140900020721,"[1240.831298828125, 390.6708984375, 1280.0, 398.7025146484375]","[1260.4156494140625, 394.68670654296875]",1.0
Optical_B-F00077-D003,Optical_B,77,0.77,0.7714140900020721,"[667.0346069335938, 703.3056640625, 713.9305419921875, 712.8787841796875]","[690.4825744628906, 708.0922241210938]",1.0
Optical_A-F00078-D000,Optical_A,78,0.78,0.7816945240058704,"[1133.303466796875, 769.6484375, 1182.05126953125, 780.1717529296875]","[1157.6773681640625, 774.9100952148438]",1.0
Optical_A-F00078-D001,Optical_A,78,0.78,0.7816945240058704,"[1107.681640625, 498.9266357421875, 1151.787841796875, 508.0081787109375]","[1129.7347412109375, 503.4674072265625]",1.0
Optical_A-F00078-D002,Optical_A,78,0.78,0.7816945240058704,"[997.2357177734375, 442.86199951171875, 1038.6964111328125, 451.50811767578125]","[1017.966064453125, 447.18505859375]",1.0
Optical_A-F00078-D003,Optical_A,78,0.78,0.7816945240058704,"[191.68869018554688, 509.93768310546875, 223.58314514160156, 516.605712890625]","[207.63591766357422, 513.2716979980469]",1.0
Optical_A-F00078-D004,Optical_A,78,0.78,0.7816945240058704,"[818.67626953125, 517.092529296875, 852.151123046875, 524.020751953125]","[835.4136962890625, 520.556640625]",1.0
Optical_A-F00078-D005,Optical_A,78,0.78,0.7816945240058704,"[1193.1336669921875, 430.6097412109375, 1225.46533203125, 437.346435546875]","[1209.2994995117188, 433.97808837890625]",1.0
Optical_B-F00078-D000,Optical_B,78,0.78,0.7813531290023821,"[810.7095336914062, 381.36187744140625, 842.8424682617188, 387.7919921875]","[826.7760009765625, 384.5769348144531]",1.0
Optical_B-F00078-D001,Optical_B,78,0.78,0.7813531290023821,"[1065.588623046875, 389.912353515625, 1099.0404052734375, 396.61083984375]","[1082.3145141601562, 393.2615966796875]",1.0
Optical_A-F00079-D000,Optical_A,79,0.79,0.7914315540029202,"[133.4759521484375, 486.71142578125, 175.31857299804688, 495.63116455078125]","[154.3972625732422, 491.1712951660156]",1.0
Optical_A-F00079-D001,Optical_A,79,0.79,0.7914315540029202,"[718.8762817382812, 415.3011474609375, 752.6700439453125, 422.52239990234375]","[735.7731628417969, 418.9117736816406]",1.0
Optical_A-F00079-D002,Optical_A,79,0.79,0.7914315540029202,"[979.063232421875, 509.9373779296875, 1010.9609985351562, 516.6063232421875]","[995.0121154785156, 513.2718505859375]",1.0
Optical_B-F00079-D000,Optical_B,79,0.79,0.7912974059936824,"[107.00546264648438, 450.840087890625, 146.23318481445312, 458.48394775390625]","[126.61932373046875, 454.6620178222656]",1.0
Optical_B-F00079-D001,Optical_B,79,0.79,0.7912974059936824,"[468.2867126464844, 608.2894287109375, 517.2858276367188, 617.95068359375]","[492.78627014160156, 613.1200561523438]",1.0
Optical_A-F00080-D000,Optical_A,80,0.8,0.8014991809875938,"[545.298828125, 456.78961181640625, 588.3303833007812, 466.0860595703125]","[566.8146057128906, 461.4378356933594]",1.0
Optical_A-F00080-D001,Optical_A,80,0.8,0.8014991809875938,"[921.02783203125, 486.70806884765625, 962.8713989257812, 495.62860107421875]","[941.9496154785156, 491.1683349609375]",1.0
Optical_A-F00080-D002,Optical_A,80,0.8,0.8014991809875938,"[550.0687255859375, 376.110107421875, 584.0780029296875, 383.5682373046875]","[567.0733642578125, 379.83917236328125]",1.0
Optical_A-F00080-D003,Optical_A,80,0.8,0.8014991809875938,"[185.57498168945312, 537.545166015625, 216.78271484375, 544.3116455078125]","[201.17884826660156, 540.9284057617188]",1.0
Optical_B-F00080-D000,Optical_B,80,0.8,0.8015796299994691,"[889.481201171875, 450.83880615234375, 928.7044677734375, 458.48333740234375]","[909.0928344726562, 454.66107177734375]",1.0
Optical_B-F00080-D001,Optical_B,80,0.8,0.8015796299994691,"[213.57052612304688, 346.28466796875, 256.0165100097656, 354.6966552734375]","[234.79351806640625, 350.49066162109375]",1.0
Optical_B-F00080-D002,Optical_B,80,0.8,0.8015796299994691,"[188.86883544921875, 448.01617431640625, 232.72967529296875, 456.529052734375]","[210.79925537109375, 452.2726135253906]",1.0
Optical_B-F00080-D003,Optical_B,80,0.8,0.8015796299994691,"[269.38800048828125, 480.042236328125, 312.59698486328125, 488.3779296875]","[290.99249267578125, 484.2100830078125]",1.0
Optical_B-F00080-D004,Optical_B,80,0.8,0.8015796299994691,"[1249.91748046875, 608.3387451171875, 1280.0, 618.0062255859375]","[1264.958740234375, 613.1724853515625]",1.0
Optical_A-F00081-D000,Optical_A,81,0.81,0.8110720010031947,"[973.8165283203125, 537.5487060546875, 1005.0281982421875, 544.3154296875]","[989.42236328125, 540.9320678710938]",1.0
Optical_B-F00081-D000,Optical_B,81,0.81,0.8114403059903998,"[195.58670043945312, 491.10455322265625, 234.0416717529297, 498.47265625]","[214.8141860961914, 494.7886047363281]",1.0
Optical_B-F00081-D001,Optical_B,81,0.81,0.8114403059903998,"[614.0765991210938, 500.76556396484375, 654.7984619140625, 508.56927490234375]","[634.4375305175781, 504.66741943359375]",1.0
Optical_B-F00081-D002,Optical_B,81,0.81,0.8114403059903998,"[995.5927734375, 346.257568359375, 1038.046142578125, 354.67218017578125]","[1016.8194580078125, 350.4648742675781]",1.0
Optical_B-F00081-D003,Optical_B,81,0.81,0.8114403059903998,"[970.75146484375, 448.00726318359375, 1014.615966796875, 456.52178955078125]","[992.6837158203125, 452.2645263671875]",1.0
Optical_B-F00081-D004,Optical_B,81,0.81,0.8114403059903998,"[1052.542236328125, 480.03350830078125, 1095.765380859375, 488.3717041015625]","[1074.15380859375, 484.2026062011719]",1.0
Optical_B-F00081-D005,Optical_B,81,0.81,0.8114403059903998,"[431.6150207519531, 529.5098876953125, 478.0331115722656, 538.4239501953125]","[454.8240661621094, 533.9669189453125]",1.0
Optical_A-F00082-D000,Optical_A,82,0.8200000000000001,0.822240071000415,"[1055.3404541015625, 363.765625, 1087.7967529296875, 371.0615234375]","[1071.568603515625, 367.41357421875]",1.0
Optical_B-F00082-D000,Optical_B,82,0.8200000000000001,0.821253597001778,"[201.20941162109375, 467.73260498046875, 240.01144409179688, 475.1800537109375]","[220.6104278564453, 471.4563293457031]",1.0
Optical_B-F00082-D001,Optical_B,82,0.8200000000000001,0.821253597001778,"[977.916748046875, 491.10211181640625, 1016.3732299804688, 498.47119140625]","[997.1449890136719, 494.7866516113281]",1.0
Optical_B-F00082-D002,Optical_B,82,0.8200000000000001,0.821253597001778,"[1214.471923828125, 529.518310546875, 1260.9246826171875, 538.4368896484375]","[1237.6983032226562, 533.9776000976562]",1.0
Optical_B-F00083-D000,Optical_B,83,0.8300000000000001,0.8313950989959995,"[984.4482421875, 467.725830078125, 1023.25537109375, 475.174560546875]","[1003.851806640625, 471.4501953125]",1.0
Optical_B-F00083-D001,Optical_B,83,0.8300000000000001,0.8313950989959995,"[352.1334228515625, 720.724853515625, 394.83740234375, 729.2010498046875]","[373.48541259765625, 724.9629516601562]",1.0
Optical_B-F00083-D002,Optical_B,83,0.8300000000000001,0.8313950989959995,"[208.09799194335938, 612.8284912109375, 251.36187744140625, 621.22607421875]","[229.7299346923828, 617.0272827148438]",1.0
Optical_B-F00084-D000,Optical_B,84,0.84,0.84120211300964,"[1133.8453369140625, 720.79052734375, 1176.5703125, 729.27001953125]","[1155.2078247070312, 725.0302734375]",1.0
Optical_B-F00084-D001,Optical_B,84,0.84,0.84120211300964,"[990.8140869140625, 612.84619140625, 1034.086181640625, 621.2457275390625]","[1012.4501342773438, 617.0459594726562]",1.0
Optical_B-F00116-D000,Optical_B,116,1.16,1.1612292180035728,"[987.28955078125, 721.8458251953125, 1030.239013671875, 730.3701171875]","[1008.7642822265625, 726.1079711914062]",1.0
Optical_B-F00116-D001,Optical_B,116,1.16,1.1612292180035728,"[876.87109375, 613.4931640625, 920.4279174804688, 621.94775390625]","[898.6495056152344, 617.720458984375]",1.0
Optical_B-F00117-D000,Optical_B,117,1.17,1.1712615540035767,"[880.5358276367188, 467.44818115234375, 919.59619140625, 474.9439697265625]","[900.0660095214844, 471.1960754394531]",1.0
Optical_B-F00117-D001,Optical_B,117,1.17,1.1712615540035767,"[196.4293670654297, 721.886962890625, 239.3901824951172, 730.412353515625]","[217.90977478027344, 726.149658203125]",1.0
Optical_B-F00117-D002,Optical_B,117,1.17,1.1712615540035767,"[87.00050354003906, 613.53125, 130.581787109375, 621.9886474609375]","[108.79114532470703, 617.7599487304688]",1.0
Optical_A-F00118-D000,Optical_A,118,1.18,1.18162480599829,"[1127.0809326171875, 362.69573974609375, 1159.8280029296875, 370.04559326171875]","[1143.4544677734375, 366.37066650390625]",1.0
Optical_B-F00118-D000,Optical_B,118,1.18,1.1812345980067038,"[836.3858032226562, 490.98663330078125, 875.079833984375, 498.39654541015625]","[855.7328186035156, 494.69158935546875]",1.0
Optical_B-F00118-D001,Optical_B,118,1.18,1.1812345980067038,"[1090.248779296875, 529.6610107421875, 1137.1058349609375, 538.6527099609375]","[1113.6773071289062, 534.1568603515625]",1.0
Optical_A-F00119-D000,Optical_A,119,1.19,1.1911913049966096,"[1050.51123046875, 537.73046875, 1081.998046875, 544.545654296875]","[1066.254638671875, 541.1380615234375]",1.0
Optical_B-F00119-D000,Optical_B,119,1.19,1.1915571609983453,"[46.147499084472656, 490.97869873046875, 84.8654556274414, 498.39129638671875]","[65.50647735595703, 494.68499755859375]",1.0
Optical_B-F00119-D001,Optical_B,119,1.19,1.1915571609983453,"[500.4990234375, 500.67901611328125, 541.55859375, 508.54290771484375]","[521.02880859375, 504.6109619140625]",1.0
Optical_B-F00119-D002,Optical_B,119,1.19,1.1915571609983453,"[835.136474609375, 345.14990234375, 877.9093017578125, 353.62261962890625]","[856.5228881835938, 349.3862609863281]",1.0
Optical_B-F00119-D003,Optical_B,119,1.19,1.1915571609983453,"[804.771240234375, 447.56536865234375, 848.977783203125, 456.13934326171875]","[826.87451171875, 451.85235595703125]",1.0
Optical_B-F00119-D004,Optical_B,119,1.19,1.1915571609983453,"[935.23388671875, 479.77130126953125, 978.8388061523438, 488.17822265625]","[957.0363464355469, 483.9747619628906]",1.0
Optical_B-F00119-D005,Optical_B,119,1.19,1.1915571609983453,"[300.5301513671875, 529.663330078125, 347.3884582519531, 538.6561279296875]","[323.9593048095703, 534.1597290039062]",1.0
Optical_A-F00120-D000,Optical_A,120,1.2,1.2019810979865724,"[659.7091674804688, 456.229248046875, 703.2806396484375, 465.620849609375]","[681.4949035644531, 460.925048828125]",1.0
Optical_A-F00120-D001,Optical_A,120,1.2,1.2019810979865724,"[973.8140869140625, 486.4405517578125, 1016.14697265625, 495.4556884765625]","[994.9805297851562, 490.9481201171875]",1.0
Optical_A-F00120-D002,Optical_A,120,1.2,1.2019810979865724,"[590.0230102539062, 374.935302734375, 624.35400390625, 382.45941162109375]","[607.1885070800781, 378.6973571777344]",1.0
Optical_A-F00120-D003,Optical_A,120,1.2,1.2019810979865724,"[266.3099670410156, 537.73388671875, 297.80157470703125, 544.5506591796875]","[282.05577087402344, 541.1422729492188]",1.0
Optical_B-F00120-D000,Optical_B,120,1.2,1.2019763509917538,"[737.2828369140625, 450.427490234375, 776.8103637695312, 458.1240234375]","[757.0466003417969, 454.2757568359375]",1.0
Optical_B-F00120-D001,Optical_B,120,1.2,1.2019763509917538,"[44.62017059326172, 345.0833740234375, 87.42134094238281, 353.5582275390625]","[66.02075576782227, 349.32080078125]",1.0
Optical_B-F00120-D002,Optical_B,120,1.2,1.2019763509917538,"[14.08843994140625, 447.536865234375, 58.32866668701172, 456.1142578125]","[36.208553314208984, 451.8255615234375]",1.0
Optical_B-F00120-D003,Optical_B,120,1.2,1.2019763509917538,"[145.895263671875, 479.76123046875, 189.5177459716797, 488.17059326171875]","[167.70650482177734, 483.9659118652344]",1.0
Optical_B-F00120-D004,Optical_B,120,1.2,1.2019763509917538,"[1061.8699951171875, 609.150634765625, 1111.38671875, 618.9014892578125]","[1086.6283569335938, 614.0260620117188]",1.0
Optical_A-F00121-D000,Optical_A,121,1.21,1.2113211040059104,"[188.9154052734375, 486.4322509765625, 231.26426696777344, 495.4508056640625]","[210.08983612060547, 490.9415283203125]",1.0
Optical_A-F00121-D001,Optical_A,121,1.21,1.2113211040059104,"[819.0582885742188, 414.52056884765625, 853.190185546875, 421.8011474609375]","[836.1242370605469, 418.1608581542969]",1.0
Optical_A-F00121-D002,Optical_A,121,1.21,1.2113211040059104,"[1027.513916015625, 509.92034912109375, 1059.70458984375, 516.644287109375]","[1043.6092529296875, 513.2823181152344]",1.0
Optical_B-F00121-D000,Optical_B,121,1.21,1.2110822610056493,"[270.896484375, 609.165771484375, 320.4201965332031, 618.9168701171875]","[295.65834045410156, 614.0413208007812]",1.0
Optical_A-F00122-D000,Optical_A,122,1.22,1.2215360990073532,"[1222.1094970703125, 772.982421875, 1271.564697265625, 783.6485595703125]","[1246.8370971679688, 778.3154907226562]",1.0
Optical_A-F00122-D001,Optical_A,122,1.22,1.2215360990073532,"[1254.6876220703125, 498.7872314453125, 1280.0, 507.9656982421875]","[1267.3438110351562, 503.37646484375]",1.0
Optical_A-F00122-D002,Optical_A,122,1.22,1.2215360990073532,"[1071.3145751953125, 442.09930419921875, 1113.286865234375, 450.8419189453125]","[1092.3007202148438, 446.4706115722656]",1.0
Optical_A-F00122-D003,Optical_A,122,1.22,1.2215360990073532,"[35.18043518066406, 414.47705078125, 69.33753967285156, 421.7626953125]","[52.25898742675781, 418.119873046875]",1.0
Optical_A-F00122-D004,Optical_A,122,1.22,1.2215360990073532,"[242.45159912109375, 509.91998291015625, 274.64825439453125, 516.645263671875]","[258.5499267578125, 513.2826232910156]",1.0
Optical_A-F00122-D005,Optical_A,122,1.22,1.2215360990073532,"[928.2086181640625, 517.1337890625, 962.0203857421875, 524.1182861328125]","[945.114501953125, 520.6260375976562]",1.0
Optical_B-F00122-D000,Optical_B,122,1.22,1.2210843380005099,"[723.7864990234375, 380.37713623046875, 756.1875, 386.85699462890625]","[739.9869995117188, 383.6170654296875]",1.0
Optical_B-F00122-D001,Optical_B,122,1.22,1.2210843380005099,"[932.2857666015625, 389.08734130859375, 966.0064086914062, 395.83209228515625]","[949.1460876464844, 392.459716796875]",1.0
Optical_A-F00123-D000,Optical_A,123,1.23,1.231646028002142,"[437.8810119628906, 772.985107421875, 487.3269348144531, 783.65869140625]","[462.6039733886719, 778.3218994140625]",1.0
Optical_A-F00123-D001,Optical_A,123,1.23,1.231646028002142,"[783.534912109375, 638.00048828125, 833.8607177734375, 648.5325927734375]","[808.6978149414062, 643.2665405273438]",1.0
Optical_A-F00123-D002,Optical_A,123,1.23,1.231646028002142,"[471.77191162109375, 498.7879638671875, 516.44970703125, 507.96600341796875]","[494.1108093261719, 503.3769836425781]",1.0
Optical_A-F00123-D003,Optical_A,123,1.23,1.231646028002142,"[286.78680419921875, 442.08636474609375, 328.7637939453125, 450.83197021484375]","[307.7752990722656, 446.45916748046875]",1.0
Optical_A-F00123-D004,Optical_A,123,1.23,1.231646028002142,"[1048.4332275390625, 340.5738525390625, 1084.4288330078125, 348.1275634765625]","[1066.4310302734375, 344.3507080078125]",1.0
Optical_A-F00123-D005,Optical_A,123,1.23,1.231646028002142,"[144.47567749023438, 517.13525390625, 178.302734375, 524.121826171875]","[161.3892059326172, 520.6285400390625]",1.0
Optical_A-F00123-D006,Optical_A,123,1.23,1.231646028002142,"[517.2625122070312, 429.99078369140625, 549.890380859375, 436.78076171875]","[533.5764465332031, 433.3857727050781]",1.0
Optical_A-F00123-D007,Optical_A,123,1.23,1.231646028002142,"[978.813720703125, 408.87255859375, 1011.8203125, 415.71771240234375]","[995.3170166015625, 412.2951354980469]",1.0
Optical_A-F00123-D008,Optical_A,123,1.23,1.231646028002142,"[795.0518188476562, 670.2230224609375, 825.8651123046875, 676.7083740234375]","[810.4584655761719, 673.4656982421875]",1.0
Optical_B-F00123-D000,Optical_B,123,1.23,1.2313518080086214,"[142.9676513671875, 389.0556640625, 176.70135498046875, 395.80096435546875]","[159.83450317382812, 392.4283142089844]",1.0
Optical_B-F00123-D001,Optical_B,123,1.23,1.2313518080086214,"[1270.2427978515625, 535.595458984375, 1280.0, 541.8455810546875]","[1275.1213989257812, 538.7205200195312]",1.0
Optical_B-F00123-D002,Optical_B,123,1.23,1.2313518080086214,"[1207.04443359375, 421.16448974609375, 1240.8082275390625, 427.94873046875]","[1223.9263305664062, 424.5566101074219]",1.0
Optical_B-F00123-D003,Optical_B,123,1.23,1.2313518080086214,"[1081.692138671875, 389.61492919921875, 1121.8253173828125, 397.71807861328125]","[1101.7587280273438, 393.66650390625]",1.0
Optical_B-F00123-D004,Optical_B,123,1.23,1.2313518080086214,"[540.4898681640625, 705.5577392578125, 588.001708984375, 715.2481689453125]","[564.2457885742188, 710.4029541015625]",1.0
Optical_A-F00124-D000,Optical_A,124,1.24,1.2415520920132985,"[1.08856201171875, 638.0673828125, 51.460418701171875, 648.608642578125]","[26.274490356445312, 643.3380126953125]",1.0
Optical_A-F00124-D001,Optical_A,124,1.24,1.2415520920132985,"[941.69873046875, 323.462158203125, 987.72509765625, 333.0574951171875]","[964.7119140625, 328.25982666015625]",1.0
Optical_A-F00124-D002,Optical_A,124,1.24,1.2415520920132985,"[263.79827880859375, 340.54376220703125, 299.7989501953125, 348.1016845703125]","[281.7986145019531, 344.3227233886719]",1.0
Optical_A-F00124-D003,Optical_A,124,1.24,1.2415520920132985,"[195.13717651367188, 408.84918212890625, 228.15292358398438, 415.69744873046875]","[211.64505004882812, 412.2733154296875]",1.0
Optical_A-F00124-D004,Optical_A,124,1.24,1.2415520920132985,"[10.076026916503906, 670.29443359375, 40.913124084472656, 676.7852783203125]","[25.49457550048828, 673.5398559570312]",1.0
Optical_A-F00124-D005,Optical_A,124,1.24,1.2415520920132985,"[628.6751098632812, 341.6351318359375, 660.1476440429688, 348.20648193359375]","[644.411376953125, 344.9208068847656]",1.0
Optical_A-F00124-D006,Optical_A,124,1.24,1.2415520920132985,"[864.9658203125, 484.72509765625, 895.374755859375, 490.87939453125]","[880.1702880859375, 487.80224609375]",1.0
Optical_B-F00124-D000,Optical_B,124,1.24,1.2414582139992854,"[482.17242431640625, 535.5921630859375, 513.6261596679688, 541.8411865234375]","[497.8992919921875, 538.7166748046875]",1.0
Optical_B-F00124-D001,Optical_B,124,1.24,1.2414582139992854,"[418.8702392578125, 421.169921875, 452.62548828125, 427.9527587890625]","[435.74786376953125, 424.56134033203125]",1.0
Optical_B-F00124-D002,Optical_B,124,1.24,1.2414582139992854,"[1122.162109375, 345.15863037109375, 1157.91064453125, 352.51171875]","[1140.036376953125, 348.8351745605469]",1.0
Optical_B-F00124-D003,Optical_B,124,1.24,1.2414582139992854,"[291.9328308105469, 389.6026611328125, 332.0682373046875, 397.70501708984375]","[312.0005340576172, 393.6538391113281]",1.0
Optical_B-F00124-D004,Optical_B,124,1.24,1.2414582139992854,"[1085.4759521484375, 563.603759765625, 1125.341552734375, 571.627685546875]","[1105.4087524414062, 567.61572265625]",1.0
Optical_B-F00124-D005,Optical_B,124,1.24,1.2414582139992854,"[1117.196533203125, 461.40478515625, 1170.018310546875, 472.0198974609375]","[1143.607421875, 466.71234130859375]",1.0
Optical_A-F00125-D000,Optical_A,125,1.25,1.2518169560062233,"[157.65316772460938, 323.394775390625, 203.69952392578125, 332.99725341796875]","[180.6763458251953, 328.1960144042969]",1.0
Optical_A-F00125-D001,Optical_A,125,1.25,1.2518169560062233,"[965.4586791992188, 440.2615966796875, 1012.8329467773438, 449.814697265625]","[989.1458129882812, 445.03814697265625]",1.0
Optical_A-F00125-D002,Optical_A,125,1.25,1.2518169560062233,"[711.4537963867188, 476.07745361328125, 758.110107421875, 485.4510498046875]","[734.7819519042969, 480.7642517089844]",1.0
Optical_A-F00125-D003,Optical_A,125,1.25,1.2518169560062233,"[1170.350830078125, 388.04522705078125, 1210.733154296875, 396.251220703125]","[1190.5419921875, 392.1482238769531]",1.0
Optical_A-F00125-D004,Optical_A,125,1.25,1.2518169560062233,"[81.12991333007812, 484.71551513671875, 111.55540466308594, 490.87225341796875]","[96.34265899658203, 487.79388427734375]",1.0
Optical_B-F00125-D000,Optical_B,125,1.25,1.2518068270001095,"[851.8553466796875, 510.00640869140625, 883.9796142578125, 516.4522705078125]","[867.91748046875, 513.2293395996094]",1.0
Optical_B-F00125-D001,Optical_B,125,1.25,1.2518068270001095,"[332.9014587402344, 345.152587890625, 368.6479187011719, 352.50360107421875]","[350.7746887207031, 348.8280944824219]",1.0
Optical_B-F00125-D002,Optical_B,125,1.25,1.2518068270001095,"[649.4935302734375, 516.9532470703125, 683.135009765625, 523.6920166015625]","[666.3142700195312, 520.3226318359375]",1.0
Optical_B-F00125-D003,Optical_B,125,1.25,1.2518068270001095,"[297.13922119140625, 563.6109619140625, 337.0072937011719, 571.6351318359375]","[317.07325744628906, 567.623046875]",1.0
Optical_B-F00125-D004,Optical_B,125,1.25,1.2518068270001095,"[326.5029296875, 461.3990478515625, 379.32794189453125, 472.0145263671875]","[352.9154357910156, 466.706787109375]",1.0
Optical_A-F00126-D000,Optical_A,126,1.26,1.2616583719989285,"[181.66156005859375, 440.23809814453125, 229.05502319335938, 449.7955322265625]","[205.35829162597656, 445.0168151855469]",1.0
Optical_A-F00126-D001,Optical_A,126,1.26,1.2616583719989285,"[386.2139892578125, 388.041015625, 426.58966064453125, 396.2491455078125]","[406.4018249511719, 392.14508056640625]",1.0
Optical_A-F00126-D002,Optical_A,126,1.26,1.2616583719989285,"[880.0023803710938, 562.8319091796875, 919.6115112304688, 570.7344970703125]","[899.8069458007812, 566.783203125]",1.0
Optical_A-F00126-D003,Optical_A,126,1.26,1.2616583719989285,"[1092.0460205078125, 463.25714111328125, 1128.410888671875, 470.48016357421875]","[1110.2284545898438, 466.86865234375]",1.0
Optical_A-F00126-D004,Optical_A,126,1.26,1.2616583719989285,"[1214.20068359375, 600.41357421875, 1250.0489501953125, 607.590576171875]","[1232.1248168945312, 604.0020751953125]",1.0
Optical_A-F00126-D005,Optical_A,126,1.26,1.2616583719989285,"[1112.837646484375, 508.66876220703125, 1143.4937744140625, 514.7054443359375]","[1128.1657104492188, 511.6871032714844]",1.0
Optical_B-F00126-D000,Optical_B,126,1.26,1.2622253560018726,"[62.94715881347656, 510.00567626953125, 95.09105682373047, 516.453857421875]","[79.01910781860352, 513.2297668457031]",1.0
Optical_B-F00126-D001,Optical_B,126,1.26,1.2622253560018726,"[865.2731323242188, 430.85626220703125, 897.8900756835938, 437.57470703125]","[881.5816040039062, 434.2154846191406]",1.0
Optical_B-F00126-D002,Optical_B,126,1.26,1.2622253560018726,"[1104.8048095703125, 408.7041015625, 1137.8416748046875, 415.56219482421875]","[1121.3232421875, 412.1331481933594]",1.0
Optical_B-F00126-D003,Optical_B,126,1.26,1.2622253560018726,"[512.4905395507812, 650.4678955078125, 553.7852783203125, 659.0369873046875]","[533.1379089355469, 654.75244140625]",1.0
Optical_B-F00126-D004,Optical_B,126,1.26,1.2622253560018726,"[848.0076904296875, 716.921875, 891.278564453125, 726.0614013671875]","[869.6431274414062, 721.4916381835938]",1.0
Optical_A-F00127-D000,Optical_A,127,1.27,1.2715053970128065,"[592.5738525390625, 531.4630126953125, 642.8386840820312, 541.3759765625]","[617.7062683105469, 536.4194946289062]",1.0
Optical_A-F00127-D001,Optical_A,127,1.27,1.2715053970128065,"[97.13729858398438, 562.849609375, 136.7694091796875, 570.7557373046875]","[116.95335388183594, 566.8026733398438]",1.0
Optical_A-F00127-D002,Optical_A,127,1.27,1.2715053970128065,"[308.9538269042969, 463.253173828125, 345.3192138671875, 470.47735595703125]","[327.1365203857422, 466.8652648925781]",1.0
Optical_A-F00127-D003,Optical_A,127,1.27,1.2715053970128065,"[429.94012451171875, 600.4080810546875, 465.7781982421875, 607.5858154296875]","[447.8591613769531, 603.9969482421875]",1.0
Optical_A-F00127-D004,Optical_A,127,1.27,1.2715053970128065,"[797.615234375, 428.95050048828125, 832.3751831054688, 435.86798095703125]","[814.9952087402344, 432.40924072265625]",1.0
Optical_A-F00127-D005,Optical_A,127,1.27,1.2715053970128065,"[328.3021545410156, 508.6685791015625, 358.9577941894531, 514.70556640625]","[343.6299743652344, 511.68707275390625]",1.0
Optical_B-F00127-D000,Optical_B,127,1.27,1.2720243219914846,"[77.52395629882812, 430.82598876953125, 110.16128540039062, 437.5457763671875]","[93.84262084960938, 434.1858825683594]",1.0
Optical_B-F00127-D001,Optical_B,127,1.27,1.2720243219914846,"[317.107666015625, 408.6964111328125, 350.1439208984375, 415.55340576171875]","[333.62579345703125, 412.1249084472656]",1.0
Optical_B-F00127-D002,Optical_B,127,1.27,1.2720243219914846,"[705.9014892578125, 460.38690185546875, 742.894775390625, 468.03680419921875]","[724.3981323242188, 464.21185302734375]",1.0
Optical_B-F00127-D003,Optical_B,127,1.27,1.2720243219914846,"[1116.8455810546875, 606.516845703125, 1153.366455078125, 614.1942138671875]","[1135.1060180664062, 610.3555297851562]",1.0
Optical_B-F00127-D004,Optical_B,127,1.27,1.2720243219914846,"[58.32267761230469, 717.0126953125, 101.6238784790039, 726.1519775390625]","[79.9732780456543, 721.5823364257812]",1.0
Optical_A-F00128-D000,Optical_A,128,1.28,1.2814194970135577,"[817.6284790039062, 641.060302734375, 857.6016845703125, 649.0399169921875]","[837.6150817871094, 645.0501098632812]",1.0
Optical_A-F00128-D001,Optical_A,128,1.28,1.2814194970135577,"[14.387359619140625, 428.91412353515625, 49.173316955566406, 435.83551025390625]","[31.780338287353516, 432.37481689453125]",1.0
Optical_A-F00128-D002,Optical_A,128,1.28,1.2814194970135577,"[747.9498901367188, 366.5177001953125, 784.1986694335938, 373.77130126953125]","[766.0742797851562, 370.1445007324219]",1.0
Optical_B-F00128-D000,Optical_B,128,1.28,1.2819883990025847,"[589.1881103515625, 672.790283203125, 620.0226440429688, 679.38134765625]","[604.6053771972656, 676.0858154296875]",1.0
Optical_B-F00128-D001,Optical_B,128,1.28,1.2819883990025847,"[826.8634033203125, 336.3267822265625, 858.3867797851562, 343.10400390625]","[842.6250915527344, 339.71539306640625]",1.0
Optical_B-F00128-D002,Optical_B,128,1.28,1.2819883990025847,"[327.8863525390625, 606.5244140625, 364.4081115722656, 614.200439453125]","[346.14723205566406, 610.3624267578125]",1.0
Optical_B-F00128-D003,Optical_B,128,1.28,1.2819883990025847,"[1062.350830078125, 350.479248046875, 1099.797119140625, 358.5418701171875]","[1081.073974609375, 354.51055908203125]",1.0
Optical_A-F00129-D000,Optical_A,129,1.29,1.2920406319963513,"[1174.802001953125, 608.8692626953125, 1224.256591796875, 618.590087890625]","[1199.529296875, 613.7296752929688]",1.0
Optical_A-F00129-D001,Optical_A,129,1.29,1.2920406319963513,"[33.840904235839844, 641.1180419921875, 73.84262084960938, 649.102783203125]","[53.84176254272461, 645.1104125976562]",1.0
Optical_A-F00129-D002,Optical_A,129,1.29,1.2920406319963513,"[1202.777099609375, 696.0758056640625, 1243.7335205078125, 704.265380859375]","[1223.2553100585938, 700.1705932617188]",1.0
Optical_A-F00129-D003,Optical_A,129,1.29,1.2920406319963513,"[0.0, 366.44488525390625, 1.2263107299804688, 373.7034912109375]","[0.6131553649902344, 370.0741882324219]",1.0
Optical_A-F00129-D004,Optical_A,129,1.29,1.2920406319963513,"[934.738525390625, 486.12652587890625, 971.3536376953125, 493.221435546875]","[953.0460815429688, 489.6739807128906]",1.0
Optical_A-F00129-D005,Optical_A,129,1.29,1.2920406319963513,"[1084.6829833984375, 531.7430419921875, 1121.7103271484375, 538.9107666015625]","[1103.1966552734375, 535.326904296875]",1.0
Optical_A-F00129-D006,Optical_A,129,1.29,1.2920406319963513,"[940.6995849609375, 627.689453125, 976.8115234375, 634.826416015625]","[958.7555541992188, 631.2579345703125]",1.0
Optical_B-F00129-D000,Optical_B,129,1.29,1.2919961690122728,"[38.29742431640625, 336.25531005859375, 69.84233856201172, 343.0323486328125]","[54.069881439208984, 339.6438293457031]",1.0
Optical_B-F00129-D001,Optical_B,129,1.29,1.2919961690122728,"[912.9468383789062, 483.39190673828125, 943.317626953125, 489.84716796875]","[928.1322326660156, 486.6195373535156]",1.0
Optical_B-F00129-D002,Optical_B,129,1.29,1.2919961690122728,"[515.8175048828125, 421.09918212890625, 551.3074340820312, 428.67303466796875]","[533.5624694824219, 424.8861083984375]",1.0
Optical_B-F00129-D003,Optical_B,129,1.29,1.2919961690122728,"[274.7671813964844, 350.4537353515625, 312.219482421875, 358.51434326171875]","[293.4933319091797, 354.4840393066406]",1.0
Optical_B-F00129-D004,Optical_B,129,1.29,1.2919961690122728,"[896.4944458007812, 482.2740478515625, 934.8599853515625, 490.42718505859375]","[915.6772155761719, 486.3506164550781]",1.0
Optical_B-F00129-D005,Optical_B,129,1.29,1.2919961690122728,"[769.67724609375, 534.732666015625, 808.6121215820312, 542.9884033203125]","[789.1446838378906, 538.8605346679688]",1.0
Optical_B-F00129-D006,Optical_B,129,1.29,1.2919961690122728,"[1219.2601318359375, 645.524169921875, 1257.0379638671875, 653.773681640625]","[1238.1490478515625, 649.64892578125]",1.0
Optical_B-F00129-D007,Optical_B,129,1.29,1.2919961690122728,"[1191.87890625, 724.2664794921875, 1231.28076171875, 732.9915771484375]","[1211.579833984375, 728.6290283203125]",1.0
Optical_A-F00130-D000,Optical_A,130,1.3,1.301702049994492,"[391.9110412597656, 608.872802734375, 441.36029052734375, 618.5950927734375]","[416.6356658935547, 613.7339477539062]",1.0
Optical_A-F00130-D001,Optical_A,130,1.3,1.301702049994492,"[517.3626098632812, 695.3701171875, 563.2273559570312, 704.538330078125]","[540.2949829101562, 699.9542236328125]",1.0
Optical_A-F00130-D002,Optical_A,130,1.3,1.301702049994492,"[419.30474853515625, 696.0692138671875, 460.2515869140625, 704.2601318359375]","[439.7781677246094, 700.1646728515625]",1.0
Optical_A-F00130-D003,Optical_A,130,1.3,1.301702049994492,"[150.94989013671875, 486.1190185546875, 187.58090209960938, 493.2161865234375]","[169.26539611816406, 489.6676025390625]",1.0
Optical_A-F00130-D004,Optical_A,130,1.3,1.301702049994492,"[302.0094299316406, 531.744384765625, 339.03619384765625, 538.9127197265625]","[320.52281188964844, 535.3285522460938]",1.0
Optical_A-F00130-D005,Optical_A,130,1.3,1.301702049994492,"[157.91229248046875, 627.717529296875, 194.03994750976562, 634.8572998046875]","[175.9761199951172, 631.2874145507812]",1.0
Optical_A-F00130-D006,Optical_A,130,1.3,1.301702049994492,"[859.9521484375, 692.3863525390625, 897.051513671875, 699.7801513671875]","[878.5018310546875, 696.083251953125]",1.0
Optical_B-F00130-D000,Optical_B,130,1.3,1.3019278949912405,"[125.70938110351562, 483.38299560546875, 156.09474182128906, 489.83984375]","[140.90206146240234, 486.6114196777344]",1.0
Optical_B-F00130-D001,Optical_B,130,1.3,1.3019278949912405,"[107.60425567626953, 482.263427734375, 145.99200439453125, 490.4189453125]","[126.79813003540039, 486.3411865234375]",1.0
Optical_B-F00130-D002,Optical_B,130,1.3,1.3019278949912405,"[0.0, 534.745361328125, 21.028823852539062, 543.0050048828125]","[10.514411926269531, 538.8751831054688]",1.0
Optical_B-F00130-D003,Optical_B,130,1.3,1.3019278949912405,"[431.82012939453125, 645.52294921875, 469.5892333984375, 653.76904296875]","[450.7046813964844, 649.64599609375]",1.0
Optical_B-F00130-D004,Optical_B,130,1.3,1.3019278949912405,"[404.3961181640625, 724.27392578125, 443.7896728515625, 732.993896484375]","[424.0928955078125, 728.6339111328125]",1.0
Optical_B-F00130-D005,Optical_B,130,1.3,1.3019278949912405,"[554.3085327148438, 618.07177734375, 599.426513671875, 627.9002685546875]","[576.8675231933594, 622.9860229492188]",1.0
Optical_A-F00131-D000,Optical_A,131,1.31,1.3114691219985253,"[77.33642578125, 692.4482421875, 114.45690155029297, 699.845947265625]","[95.89666366577148, 696.1470947265625]",1.0
Optical_B-F00131-D000,Optical_B,131,1.31,1.3117285719950451,"[1031.8531494140625, 508.297119140625, 1062.42724609375, 515.0072021484375]","[1047.1401977539062, 511.65216064453125]",1.0
Optical_B-F00131-D001,Optical_B,131,1.31,1.3117285719950451,"[1028.6201171875, 313.1552734375, 1063.06005859375, 320.9796142578125]","[1045.840087890625, 317.06744384765625]",1.0
Optical_B-F00132-D000,Optical_B,132,1.32,1.32120397999126,"[243.751708984375, 508.2965087890625, 274.33184814453125, 515.0076904296875]","[259.0417785644531, 511.652099609375]",1.0
Optical_B-F00132-D001,Optical_B,132,1.32,1.32120397999126,"[240.28240966796875, 313.118896484375, 274.7302551269531, 320.93994140625]","[257.50633239746094, 317.0294189453125]",1.0
Optical_A-F00133-D000,Optical_A,133,1.33,1.3311476359941299,"[952.9965209960938, 595.19287109375, 992.748291015625, 602.882080078125]","[972.8724060058594, 599.0374755859375]",1.0
Optical_A-F00134-D000,Optical_A,134,1.34,1.3416495820018464,"[342.56781005859375, 469.67523193359375, 388.9167785644531, 478.54608154296875]","[365.74229431152344, 474.11065673828125]",1.0
Optical_A-F00134-D001,Optical_A,134,1.34,1.3416495820018464,"[169.95449829101562, 595.2142333984375, 209.71939086914062, 602.90576171875]","[189.83694458007812, 599.0599975585938]",1.0
Optical_A-F00166-D000,Optical_A,166,1.6600000000000001,1.661199196005473,"[465.0091552734375, 469.3837890625, 511.6849365234375, 478.316162109375]","[488.3470458984375, 473.8499755859375]",1.0
Optical_A-F00166-D001,Optical_A,166,1.6600000000000001,1.661199196005473,"[273.9164733886719, 595.7047119140625, 313.92388916015625, 603.4422607421875]","[293.92018127441406, 599.573486328125]",1.0
Optical_A-F00167-D000,Optical_A,167,1.67,1.6714311619888758,"[1255.187255859375, 469.361572265625, 1280.0, 478.29852294921875]","[1267.5936279296875, 473.8300476074219]",1.0
Optical_A-F00167-D001,Optical_A,167,1.67,1.6714311619888758,"[1063.4498291015625, 595.7254638671875, 1103.469482421875, 603.46484375]","[1083.4596557617188, 599.5951538085938]",1.0
Optical_B-F00168-D000,Optical_B,168,1.68,1.6810229899926343,"[176.1854248046875, 508.27130126953125, 207.02232360839844, 515.0281982421875]","[191.60387420654297, 511.6497497558594]",1.0
Optical_B-F00168-D001,Optical_B,168,1.68,1.6810229899926343,"[164.07676696777344, 311.5928955078125, 198.85162353515625, 319.4759521484375]","[181.46419525146484, 315.534423828125]",1.0
Optical_A-F00169-D000,Optical_A,169,1.69,1.6912038129934808,"[216.40533447265625, 693.5010986328125, 253.76907348632812, 700.9434814453125]","[235.0872039794922, 697.2222900390625]",1.0
Optical_B-F00169-D000,Optical_B,169,1.69,1.6911481380061013,"[960.5389404296875, 508.27081298828125, 991.3793334960938, 515.028564453125]","[975.9591369628906, 511.6496887207031]",1.0
Optical_B-F00169-D001,Optical_B,169,1.69,1.6911481380061013,"[948.18896484375, 311.5645751953125, 982.9672241210938, 319.45367431640625]","[965.5780944824219, 315.5091247558594]",1.0
Optical_A-F00170-D000,Optical_A,170,1.7,1.7015710040024714,"[527.6702880859375, 609.8507080078125, 577.6634521484375, 619.6732177734375]","[552.6668701171875, 614.761962890625]",1.0
Optical_A-F00170-D001,Optical_A,170,1.7,1.7015710040024714,"[696.27490234375, 696.8095703125, 742.55419921875, 706.052490234375]","[719.41455078125, 701.4310302734375]",1.0
Optical_A-F00170-D002,Optical_A,170,1.7,1.7015710040024714,"[531.739990234375, 697.605224609375, 573.0596923828125, 705.8671875]","[552.3998413085938, 701.7362060546875]",1.0
Optical_A-F00170-D003,Optical_A,170,1.7,1.7015710040024714,"[249.62216186523438, 485.92529296875, 286.54998779296875, 493.0758056640625]","[268.08607482910156, 489.50054931640625]",1.0
Optical_A-F00170-D004,Optical_A,170,1.7,1.7015710040024714,"[445.0809326171875, 531.8695068359375, 482.3780822753906, 539.0836181640625]","[463.72950744628906, 535.4765625]",1.0
Optical_A-F00170-D005,Optical_A,170,1.7,1.7015710040024714,"[296.724365234375, 628.433837890625, 333.1080627441406, 635.6187744140625]","[314.9162139892578, 632.0263061523438]",1.0
Optical_A-F00170-D006,Optical_A,170,1.7,1.7015710040024714,"[1006.302001953125, 693.5277099609375, 1043.671875, 700.969970703125]","[1024.9869384765625, 697.2488403320312]",1.0
Optical_B-F00170-D000,Optical_B,170,1.7,1.7014619560097344,"[85.83732604980469, 483.164794921875, 116.4786148071289, 489.67108154296875]","[101.1579704284668, 486.4179382324219]",1.0
Optical_B-F00170-D001,Optical_B,170,1.7,1.7014619560097344,"[1.2047576904296875, 481.997802734375, 40.01953125, 490.2264404296875]","[20.612144470214844, 486.11212158203125]",1.0
Optical_B-F00170-D002,Optical_B,170,1.7,1.7014619560097344,"[384.7685241699219, 646.7972412109375, 422.93450927734375, 655.1241455078125]","[403.8515167236328, 650.960693359375]",1.0
Optical_B-F00170-D003,Optical_B,170,1.7,1.7014619560097344,"[355.0528564453125, 726.3865966796875, 394.879150390625, 735.1968994140625]","[374.96600341796875, 730.791748046875]",1.0
Optical_A-F00171-D000,Optical_A,171,1.71,1.7116623080009594,"[139.99588012695312, 642.25244140625, 180.38433837890625, 650.309326171875]","[160.1901092529297, 646.2808837890625]",1.0
Optical_A-F00171-D001,Optical_A,171,1.71,1.7116623080009594,"[105.90984344482422, 365.4583740234375, 142.4762725830078, 372.767578125]","[124.19305801391602, 369.11297607421875]",1.0
Optical_A-F00171-D002,Optical_A,171,1.71,1.7116623080009594,"[1234.9559326171875, 531.878173828125, 1272.280517578125, 539.09521484375]","[1253.6182250976562, 535.4866943359375]",1.0
Optical_A-F00171-D003,Optical_A,171,1.71,1.7116623080009594,"[1086.4444580078125, 628.4627685546875, 1122.8399658203125, 635.6484375]","[1104.6422119140625, 632.0556030273438]",1.0
Optical_A-F00171-D004,Optical_A,171,1.71,1.7116623080009594,"[750.403564453125, 340.00457763671875, 784.229736328125, 346.76605224609375]","[767.316650390625, 343.38531494140625]",1.0
Optical_B-F00171-D000,Optical_B,171,1.71,1.7115097069990588,"[871.0970458984375, 483.164306640625, 901.7333374023438, 489.67120361328125]","[886.4151916503906, 486.4177551269531]",1.0
Optical_B-F00171-D001,Optical_B,171,1.71,1.7115097069990588,"[463.5481262207031, 420.25933837890625, 499.40216064453125, 427.904296875]","[481.4751434326172, 424.0818176269531]",1.0
Optical_B-F00171-D002,Optical_B,171,1.71,1.7115097069990588,"[217.4964141845703, 348.88519287109375, 255.35247802734375, 357.02630615234375]","[236.42444610595703, 352.95574951171875]",1.0
Optical_B-F00171-D003,Optical_B,171,1.71,1.7115097069990588,"[784.828125, 481.99932861328125, 823.6318359375, 490.22808837890625]","[804.22998046875, 486.11370849609375]",1.0
Optical_B-F00171-D004,Optical_B,171,1.71,1.7115097069990588,"[714.5858764648438, 534.9639892578125, 753.9580688476562, 543.3043212890625]","[734.27197265625, 539.1341552734375]",1.0
Optical_B-F00171-D005,Optical_B,171,1.71,1.7115097069990588,"[1169.834228515625, 646.854248046875, 1208.025634765625, 655.1881103515625]","[1188.929931640625, 651.0211791992188]",1.0
Optical_B-F00171-D006,Optical_B,171,1.71,1.7115097069990588,"[1140.0501708984375, 726.471435546875, 1179.8997802734375, 735.2908935546875]","[1159.9749755859375, 730.8811645507812]",1.0
Optical_B-F00171-D007,Optical_B,171,1.71,1.7115097069990588,"[1215.803466796875, 619.2503662109375, 1261.5540771484375, 629.19384765625]","[1238.6787719726562, 624.2221069335938]",1.0
Optical_A-F00172-D000,Optical_A,172,1.72,1.722467042999342,"[8.235130310058594, 531.676513671875, 59.174461364746094, 541.6993408203125]","[33.704795837402344, 536.6879272460938]",1.0
Optical_A-F00172-D001,Optical_A,172,1.72,1.722467042999342,"[928.7939453125, 642.2666015625, 969.1826171875, 650.3228759765625]","[948.98828125, 646.2947387695312]",1.0
Optical_A-F00172-D002,Optical_A,172,1.72,1.722467042999342,"[151.80316162109375, 428.32916259765625, 186.87869262695312, 435.300048828125]","[169.34092712402344, 431.8146057128906]",1.0
Optical_A-F00172-D003,Optical_A,172,1.72,1.722467042999342,"[895.5477905273438, 365.4573974609375, 932.1103515625, 372.76531982421875]","[913.8290710449219, 369.1113586425781]",1.0
Optical_B-F00172-D000,Optical_B,172,1.72,1.7220629850041587,"[488.9746398925781, 673.99267578125, 520.093505859375, 680.6346435546875]","[504.53407287597656, 677.3136596679688]",1.0
Optical_B-F00172-D001,Optical_B,172,1.72,1.7220629850041587,"[725.7842407226562, 334.97607421875, 757.6052856445312, 341.80706787109375]","[741.6947631835938, 338.3915710449219]",1.0
Optical_B-F00172-D002,Optical_B,172,1.72,1.7220629850041587,"[207.25364685058594, 607.3590087890625, 244.17449951171875, 615.10400390625]","[225.71407318115234, 611.2315063476562]",1.0
Optical_B-F00172-D003,Optical_B,172,1.72,1.7220629850041587,"[1248.5816650390625, 420.2113037109375, 1280.0, 427.862060546875]","[1264.2908325195312, 424.03668212890625]",1.0
Optical_B-F00172-D004,Optical_B,172,1.72,1.7220629850041587,"[1002.3515625, 348.84808349609375, 1040.2174072265625, 356.9945068359375]","[1021.2844848632812, 352.9212951660156]",1.0
Optical_A-F00173-D000,Optical_A,173,1.73,1.731796602999093,"[799.1029052734375, 531.676025390625, 850.0289916992188, 541.6982421875]","[824.5659484863281, 536.6871337890625]",1.0
Optical_A-F00173-D001,Optical_A,173,1.73,1.731796602999093,"[256.1903076171875, 563.2899169921875, 296.23291015625, 571.265380859375]","[276.21160888671875, 567.2776489257812]",1.0
Optical_A-F00173-D002,Optical_A,173,1.73,1.731796602999093,"[456.1463928222656, 462.8663330078125, 492.8568115234375, 470.1483154296875]","[474.50160217285156, 466.50732421875]",1.0
Optical_A-F00173-D003,Optical_A,173,1.73,1.731796602999093,"[524.837890625, 601.20263671875, 561.0347900390625, 608.4461669921875]","[542.9363403320312, 604.8244018554688]",1.0
Optical_A-F00173-D004,Optical_A,173,1.73,1.731796602999093,"[941.2169799804688, 428.32403564453125, 976.2921142578125, 435.2945556640625]","[958.7545471191406, 431.8092956542969]",1.0
Optical_B-F00173-D000,Optical_B,173,1.73,1.7321701649966417,"[8.8189697265625, 430.10821533203125, 41.781463623046875, 436.8883056640625]","[25.300216674804688, 433.4982604980469]",1.0
Optical_B-F00173-D001,Optical_B,173,1.73,1.7321701649966417,"[249.43682861328125, 407.76800537109375, 282.8060607910156, 414.6878662109375]","[266.12144470214844, 411.2279357910156]",1.0
Optical_B-F00173-D002,Optical_B,173,1.73,1.7321701649966417,"[1272.9840087890625, 674.07080078125, 1280.0, 680.71875]","[1276.4920043945312, 677.394775390625]",1.0
Optical_B-F00173-D003,Optical_B,173,1.73,1.7321701649966417,"[633.4964599609375, 459.86358642578125, 670.908935546875, 467.59173583984375]","[652.2026977539062, 463.7276611328125]",1.0
Optical_B-F00173-D004,Optical_B,173,1.73,1.7321701649966417,"[990.7217407226562, 607.374267578125, 1027.650390625, 615.1226806640625]","[1009.1860656738281, 611.2484741210938]",1.0
Optical_A-F00174-D000,Optical_A,174,1.74,1.7424038160045165,"[301.50006103515625, 439.3206787109375, 349.5671081542969, 449.0018310546875]","[325.53358459472656, 444.1612548828125]",1.0
Optical_A-F00174-D001,Optical_A,174,1.74,1.7424038160045165,"[116.65904998779297, 475.6575927734375, 163.98574829101562, 485.14178466796875]","[140.3223991394043, 480.3996887207031]",1.0
Optical_A-F00174-D002,Optical_A,174,1.74,1.7424038160045165,"[1045.9417724609375, 563.3021240234375, 1085.9981689453125, 571.278564453125]","[1065.969970703125, 567.2903442382812]",1.0
Optical_A-F00174-D003,Optical_A,174,1.74,1.7424038160045165,"[1245.691650390625, 462.84393310546875, 1280.0, 470.12872314453125]","[1262.8458251953125, 466.486328125]",1.0
Optical_A-F00174-D004,Optical_A,174,1.74,1.7424038160045165,"[1196.7354736328125, 508.64166259765625, 1227.6728515625, 514.7274169921875]","[1212.2041625976562, 511.6845397949219]",1.0
Optical_B-F00174-D000,Optical_B,174,1.74,1.7413915549934609,"[793.6184692382812, 430.11474609375, 826.5687255859375, 436.89544677734375]","[810.0935974121094, 433.5050964355469]",1.0
Optical_B-F00174-D001,Optical_B,174,1.74,1.7413915549934609,"[352.212158203125, 651.892822265625, 394.0311279296875, 660.5526123046875]","[373.12164306640625, 656.2227172851562]",1.0
Optical_B-F00174-D002,Optical_B,174,1.74,1.7413915549934609,"[682.7706909179688, 719.1436767578125, 726.6177978515625, 728.386474609375]","[704.6942443847656, 723.7650756835938]",1.0
Optical_A-F00175-D000,Optical_A,175,1.75,1.7523276680003619,"[269.58807373046875, 320.8974609375, 316.3137512207031, 330.631591796875]","[292.95091247558594, 325.7645263671875]",1.0
Optical_A-F00175-D001,Optical_A,175,1.75,1.7523276680003619,"[1090.287353515625, 439.2945556640625, 1138.3802490234375, 448.97808837890625]","[1114.3338012695312, 444.1363220214844]",1.0
Optical_A-F00175-D002,Optical_A,175,1.75,1.7523276680003619,"[906.8883666992188, 475.65423583984375, 954.2159423828125, 485.1387939453125]","[930.5521545410156, 480.3965148925781]",1.0
Optical_A-F00175-D003,Optical_A,175,1.75,1.7523276680003619,"[1278.60302734375, 386.62786865234375, 1280.0, 394.9298095703125]","[1279.301513671875, 390.7788391113281]",1.0
Optical_A-F00175-D004,Optical_A,175,1.75,1.7523276680003619,"[204.31033325195312, 484.5050048828125, 235.02178955078125, 490.70941162109375]","[219.6660614013672, 487.6072082519531]",1.0
Optical_B-F00175-D000,Optical_B,175,1.75,1.7519610160088632,"[719.4286499023438, 509.990234375, 751.8707885742188, 516.4884033203125]","[735.6497192382812, 513.2393188476562]",1.0
Optical_B-F00175-D001,Optical_B,175,1.75,1.7519610160088632,"[181.771240234375, 343.65478515625, 217.90992736816406, 351.07391357421875]","[199.84058380126953, 347.3643493652344]",1.0
Optical_B-F00175-D002,Optical_B,175,1.75,1.7519610160088632,"[563.909912109375, 517.0006103515625, 597.911376953125, 523.8040771484375]","[580.91064453125, 520.40234375]",1.0
Optical_B-F00175-D003,Optical_B,175,1.75,1.7519610160088632,"[192.0191192626953, 564.1944580078125, 232.39443969726562, 572.310302734375]","[212.20677947998047, 568.2523803710938]",1.0
Optical_B-F00175-D004,Optical_B,175,1.75,1.7519610160088632,"[1135.0888671875, 651.943115234375, 1176.9306640625, 660.6087646484375]","[1156.009765625, 656.2759399414062]",1.0
Optical_B-F00175-D005,Optical_B,175,1.75,1.7519610160088632,"[102.08660125732422, 460.72467041015625, 155.7740478515625, 471.48272705078125]","[128.93032455444336, 466.10369873046875]",1.0
Optical_A-F00176-D000,Optical_A,176,1.76,1.7614867699937895,"[205.17559814453125, 639.8057861328125, 256.39593505859375, 650.4962158203125]","[230.7857666015625, 645.1510009765625]",1.0
Optical_A-F00176-D001,Optical_A,176,1.76,1.7614867699937895,"[348.08062744140625, 338.66357421875, 384.51995849609375, 346.3070068359375]","[366.30029296875, 342.48529052734375]",1.0
Optical_A-F00176-D002,Optical_A,176,1.76,1.7614867699937895,"[329.66363525390625, 407.92230224609375, 363.04168701171875, 414.833251953125]","[346.3526611328125, 411.3777770996094]",1.0
Optical_A-F00176-D003,Optical_A,176,1.76,1.7614867699937895,"[80.04875183105469, 671.7825927734375, 111.20838165283203, 678.33642578125]","[95.62856674194336, 675.0595092773438]",1.0
Optical_A-F00176-D004,Optical_A,176,1.76,1.7614867699937895,"[705.33203125, 340.0130615234375, 737.139892578125, 346.64898681640625]","[721.2359619140625, 343.3310241699219]",1.0
Optical_A-F00176-D005,Optical_A,176,1.76,1.7614867699937895,"[993.0398559570312, 484.50177001953125, 1023.7548217773438, 490.7066650390625]","[1008.3973388671875, 487.6042175292969]",1.0
Optical_B-F00176-D000,Optical_B,176,1.76,1.7619838279986288,"[391.274169921875, 535.806396484375, 423.04803466796875, 542.1124267578125]","[407.1611022949219, 538.9594116210938]",1.0
Optical_B-F00176-D001,Optical_B,176,1.76,1.7619838279986288,"[320.7120056152344, 420.28369140625, 354.83551025390625, 427.1337890625]","[337.7737579345703, 423.708740234375]",1.0
Optical_B-F00176-D002,Optical_B,176,1.76,1.7619838279986288,"[964.9822998046875, 343.6339111328125, 1001.1245727539062, 351.0562744140625]","[983.0534362792969, 347.3450927734375]",1.0
Optical_B-F00176-D003,Optical_B,176,1.76,1.7619838279986288,"[108.57826232910156, 388.3577880859375, 149.20913696289062, 396.54443359375]","[128.8936996459961, 392.45111083984375]",1.0
Optical_B-F00176-D004,Optical_B,176,1.76,1.7619838279986288,"[976.15283203125, 564.203369140625, 1016.533203125, 572.3216552734375]","[996.343017578125, 568.2625122070312]",1.0
Optical_B-F00176-D005,Optical_B,176,1.76,1.7619838279986288,"[883.8209228515625, 460.71832275390625, 937.5094604492188, 471.4786376953125]","[910.6651916503906, 466.0984802246094]",1.0
Optical_A-F00177-D000,Optical_A,177,1.77,1.7727126830100315,"[550.0623168945312, 777.160400390625, 600.391845703125, 788.0133056640625]","[575.2270812988281, 782.5868530273438]",1.0
Optical_A-F00177-D001,Optical_A,177,1.77,1.7727126830100315,"[995.394287109375, 639.83935546875, 1046.631103515625, 650.5291748046875]","[1021.0126953125, 645.1842651367188]",1.0
Optical_A-F00177-D002,Optical_A,177,1.77,1.7727126830100315,"[656.466552734375, 498.6158447265625, 701.8615112304688, 507.91357421875]","[679.1640319824219, 503.26470947265625]",1.0
Optical_A-F00177-D003,Optical_A,177,1.77,1.7727126830100315,"[379.98870849609375, 441.13494873046875, 422.60198974609375, 450.0009765625]","[401.29534912109375, 445.5679626464844]",1.0
Optical_A-F00177-D004,Optical_A,177,1.77,1.7727126830100315,"[1135.968994140625, 338.60223388671875, 1172.428955078125, 346.2454833984375]","[1154.198974609375, 342.4238586425781]",1.0
Optical_A-F00177-D005,Optical_A,177,1.77,1.7727126830100315,"[281.41583251953125, 517.1859130859375, 315.6533508300781, 524.24169921875]","[298.5345916748047, 520.7138061523438]",1.0
Optical_A-F00177-D006,Optical_A,177,1.77,1.7727126830100315,"[652.02978515625, 429.214111328125, 685.0385131835938, 436.06927490234375]","[668.5341491699219, 432.6416931152344]",1.0
Optical_A-F00177-D007,Optical_A,177,1.77,1.7727126830100315,"[1118.520751953125, 407.891845703125, 1151.914794921875, 414.80328369140625]","[1135.2177734375, 411.3475646972656]",1.0
Optical_A-F00177-D008,Optical_A,177,1.77,1.7727126830100315,"[867.6797485351562, 671.78271484375, 898.8341674804688, 678.333984375]","[883.2569580078125, 675.058349609375]",1.0
Optical_B-F00177-D000,Optical_B,177,1.77,1.7717533440113766,"[0.0, 388.00152587890625, 10.841293334960938, 394.80596923828125]","[5.420646667480469, 391.40374755859375]",1.0
Optical_B-F00177-D001,Optical_B,177,1.77,1.7717533440113766,"[1175.8021240234375, 535.815185546875, 1207.5950927734375, 542.1239013671875]","[1191.6986083984375, 538.9695434570312]",1.0
Optical_B-F00177-D002,Optical_B,177,1.77,1.7717533440113766,"[1105.078125, 420.25567626953125, 1139.21728515625, 427.10894775390625]","[1122.147705078125, 423.68231201171875]",1.0
Optical_B-F00177-D003,Optical_B,177,1.77,1.7717533440113766,"[891.3074340820312, 388.35162353515625, 931.9364013671875, 396.54034423828125]","[911.6219177246094, 392.44598388671875]",1.0
Optical_B-F00177-D004,Optical_B,177,1.77,1.7717533440113766,"[388.08038330078125, 708.2701416015625, 436.33612060546875, 718.101806640625]","[412.208251953125, 713.1859741210938]",1.0
Optical_A-F00178-D000,Optical_A,178,1.78,1.781742248001392,"[1167.990234375, 441.10394287109375, 1210.6318359375, 449.9725341796875]","[1189.31103515625, 445.5382385253906]",1.0
Optical_A-F00178-D001,Optical_A,178,1.78,1.781742248001392,"[171.39956665039062, 413.43267822265625, 206.00555419921875, 420.7977294921875]","[188.7025604248047, 417.1152038574219]",1.0
Optical_A-F00178-D002,Optical_A,178,1.78,1.781742248001392,"[308.3306884765625, 509.89697265625, 340.92169189453125, 516.696533203125]","[324.6261901855469, 513.2967529296875]",1.0
Optical_A-F00178-D003,Optical_A,178,1.78,1.781742248001392,"[1070.2080078125, 517.187255859375, 1104.45703125, 524.24462890625]","[1087.33251953125, 520.7159423828125]",1.0
Optical_B-F00178-D000,Optical_B,178,1.78,1.7814058579981793,"[611.24169921875, 379.1021728515625, 643.9904174804688, 385.6463623046875]","[627.6160583496094, 382.374267578125]",1.0
Optical_B-F00178-D001,Optical_B,178,1.78,1.7814058579981793,"[760.00244140625, 388.02105712890625, 794.069091796875, 394.82568359375]","[777.0357666015625, 391.4233703613281]",1.0
Optical_B-F00178-D002,Optical_B,178,1.78,1.7814058579981793,"[1171.494384765625, 708.359619140625, 1219.78369140625, 718.198974609375]","[1195.6390380859375, 713.279296875]",1.0
Optical_A-F00179-D000,Optical_A,179,1.79,1.7918038580019493,"[46.48601531982422, 455.36810302734375, 90.89874267578125, 464.9073486328125]","[68.69237899780273, 460.1377258300781]",1.0
Optical_A-F00179-D001,Optical_A,179,1.79,1.7918038580019493,"[267.514892578125, 486.0364990234375, 310.58428955078125, 495.195068359375]","[289.0495910644531, 490.61578369140625]",1.0
Optical_A-F00179-D002,Optical_A,179,1.79,1.7918038580019493,"[960.0914306640625, 413.42169189453125, 994.7015380859375, 420.78570556640625]","[977.396484375, 417.10369873046875]",1.0
Optical_B-F00179-D000,Optical_B,179,1.79,1.7915370299952338,"[0.0, 610.4024658203125, 42.586517333984375, 620.2803955078125]","[21.293258666992188, 615.3414306640625]",1.0
Optical_A-F00180-D000,Optical_A,180,1.8,1.8016492750000908,"[835.7434692382812, 455.36700439453125, 880.1498413085938, 464.90509033203125]","[857.9466552734375, 460.13604736328125]",1.0
Optical_A-F00180-D001,Optical_A,180,1.8,1.8016492750000908,"[1055.1207275390625, 486.02850341796875, 1098.2069091796875, 495.189453125]","[1076.663818359375, 490.6089782714844]",1.0
Optical_A-F00180-D002,Optical_A,180,1.8,1.8016492750000908,"[651.2657470703125, 373.134521484375, 686.092529296875, 380.75982666015625]","[668.6791381835938, 376.9471740722656]",1.0
Optical_A-F00180-D003,Optical_A,180,1.8,1.8016492750000908,"[389.673095703125, 538.022216796875, 421.60064697265625, 544.915771484375]","[405.6368713378906, 541.468994140625]",1.0
Optical_B-F00180-D000,Optical_B,180,1.8,1.8017524029972265,"[505.1103210449219, 449.80010986328125, 545.101806640625, 457.575927734375]","[525.1060638427734, 453.6880187988281]",1.0
Optical_B-F00180-D001,Optical_B,180,1.8,1.8017524029972265,"[0.0, 479.33038330078125, 0.7912826538085938, 487.85272216796875]","[0.3956413269042969, 483.591552734375]",1.0
Optical_B-F00180-D002,Optical_B,180,1.8,1.8017524029972265,"[773.770751953125, 610.39453125, 824.0181884765625, 620.27294921875]","[798.8944702148438, 615.333740234375]",1.0
Optical_A-F00181-D000,Optical_A,181,1.81,1.8120220729929861,"[468.847412109375, 360.829345703125, 502.0942687988281, 368.27685546875]","[485.47084045410156, 364.5531005859375]",1.0
Optical_A-F00181-D001,Optical_A,181,1.81,1.8120220729929861,"[1178.01171875, 538.0325927734375, 1209.959228515625, 544.92822265625]","[1193.9854736328125, 541.4804077148438]",1.0
Optical_B-F00181-D000,Optical_B,181,1.81,1.812052070994978,"[311.384765625, 500.53485107421875, 353.0094909667969, 508.49896240234375]","[332.19712829589844, 504.51690673828125]",1.0
Optical_B-F00181-D001,Optical_B,181,1.81,1.812052070994978,"[568.690185546875, 343.3106689453125, 611.9974365234375, 351.8797607421875]","[590.3438110351562, 347.59521484375]",1.0
Optical_B-F00181-D002,Optical_B,181,1.81,1.812052070994978,"[528.9891967773438, 446.8310546875, 573.7650146484375, 455.50390625]","[551.3771057128906, 451.16748046875]",1.0
Optical_B-F00181-D003,Optical_B,181,1.81,1.812052070994978,"[739.6532592773438, 479.3341064453125, 783.8953247070312, 487.85565185546875]","[761.7742919921875, 483.5948791503906]",1.0
Optical_B-F00181-D004,Optical_B,181,1.81,1.812052070994978,"[81.64142608642578, 529.9197998046875, 129.23606872558594, 539.043701171875]","[105.43874740600586, 534.4817504882812]",1.0
Optical_A-F00182-D000,Optical_A,182,1.82,1.8214551019994543,"[1257.205322265625, 360.755126953125, 1280.0, 368.202880859375]","[1268.6026611328125, 364.47900390625]",1.0
Optical_B-F00182-D000,Optical_B,182,1.82,1.8217127850005637,"[580.8806762695312, 490.77813720703125, 619.9990844726562, 498.26177978515625]","[600.4398803710938, 494.51995849609375]",1.0
Optical_B-F00182-D001,Optical_B,182,1.82,1.8217127850005637,"[1094.5338134765625, 500.53131103515625, 1136.1749267578125, 508.49786376953125]","[1115.3543701171875, 504.51458740234375]",1.0
Optical_B-F00182-D002,Optical_B,182,1.82,1.8217127850005637,"[864.3289184570312, 529.920654296875, 911.9185791015625, 539.0452880859375]","[888.1237487792969, 534.4829711914062]",1.0
Optical_B-F00183-D000,Optical_B,183,1.83,1.8310742589947768,"[675.0564575195312, 466.89910888671875, 714.6221313476562, 474.488037109375]","[694.8392944335938, 470.6935729980469]",1.0
Optical_B-F00184-D000,Optical_B,184,1.84,1.8422141640074552,"[670.88134765625, 724.1241455078125, 714.319580078125, 732.7451171875]","[692.6004638671875, 728.4346313476562]",1.0
Optical_B-F00184-D001,Optical_B,184,1.84,1.8422141640074552,"[629.8161010742188, 614.895751953125, 673.992431640625, 623.4698486328125]","[651.9042663574219, 619.1828002929688]",1.0
Optical_B-F00216-D000,Optical_B,216,2.16,2.1611557530087886,"[519.5916137695312, 725.2135009765625, 563.2626342773438, 733.880859375]","[541.4271240234375, 729.5471801757812]",1.0
Optical_B-F00216-D001,Optical_B,216,2.16,2.1611557530087886,"[511.17388916015625, 615.5693359375, 555.6478881835938, 624.200927734375]","[533.410888671875, 619.8851318359375]",1.0
Optical_B-F00217-D000,Optical_B,217,2.17,2.171396571009536,"[567.2181396484375, 466.6109619140625, 607.0477294921875, 474.248779296875]","[587.1329345703125, 470.42987060546875]",1.0
Optical_B-F00217-D001,Optical_B,217,2.17,2.171396571009536,"[1225.3145751953125, 490.6566162109375, 1264.689453125, 498.18328857421875]","[1245.0020141601562, 494.4199523925781]",1.0
Optical_B-F00218-D000,Optical_B,218,2.18,2.1815683679957876,"[434.92010498046875, 490.6590576171875, 474.2806396484375, 498.184814453125]","[454.6003723144531, 494.42193603515625]",1.0
Optical_B-F00218-D001,Optical_B,218,2.18,2.1815683679957876,"[982.4530639648438, 500.44744873046875, 1024.4176025390625, 508.47235107421875]","[1003.4353332519531, 504.45989990234375]",1.0
Optical_B-F00218-D002,Optical_B,218,2.18,2.1815683679957876,"[1193.131591796875, 342.15423583984375, 1236.783203125, 350.7850341796875]","[1214.9573974609375, 346.4696350097656]",1.0
Optical_B-F00218-D003,Optical_B,218,2.18,2.1815683679957876,"[1147.64794921875, 446.373291015625, 1192.7862548828125, 455.10821533203125]","[1170.2171020507812, 450.7407531738281]",1.0
Optical_B-F00218-D004,Optical_B,218,2.18,2.1815683679957876,"[734.303466796875, 530.070068359375, 782.3148193359375, 539.271240234375]","[758.3091430664062, 534.670654296875]",1.0
Optical_A-F00219-D000,Optical_A,219,2.19,2.1914693799894303,"[547.6370849609375, 359.66888427734375, 581.1976318359375, 367.175048828125]","[564.4173583984375, 363.4219665527344]",1.0
Optical_A-F00219-D001,Optical_A,219,2.19,2.1914693799894303,"[1257.650146484375, 538.2213134765625, 1280.0, 545.167236328125]","[1268.8250732421875, 541.6942749023438]",1.0
Optical_B-F00219-D000,Optical_B,219,2.19,2.191695123006357,"[193.07785034179688, 500.4447021484375, 235.05612182617188, 508.471435546875]","[214.06698608398438, 504.45806884765625]",1.0
Optical_B-F00219-D001,Optical_B,219,2.19,2.191695123006357,"[1137.875, 449.37530517578125, 1178.1861572265625, 457.2052001953125]","[1158.0305786132812, 453.2902526855469]",1.0
Optical_B-F00219-D002,Optical_B,219,2.19,2.191695123006357,"[402.4620361328125, 342.1632080078125, 446.10076904296875, 350.79248046875]","[424.2814025878906, 346.47784423828125]",1.0
Optical_B-F00219-D003,Optical_B,219,2.19,2.191695123006357,"[356.8353271484375, 446.3726806640625, 401.9673156738281, 455.1072998046875]","[379.4013214111328, 450.739990234375]",1.0
Optical_B-F00219-D004,Optical_B,219,2.19,2.191695123006357,"[617.1378784179688, 479.06024169921875, 661.7806396484375, 487.65362548828125]","[639.4592590332031, 483.35693359375]",1.0
Optical_A-F00220-D000,Optical_A,220,2.2,2.201582911994774,"[956.1490478515625, 454.7772216796875, 1001.131103515625, 464.41552734375]","[978.6400756835938, 459.59637451171875]",1.0
Optical_A-F00220-D001,Optical_A,220,2.2,2.201582911994774,"[1110.79443359375, 485.746337890625, 1154.3983154296875, 495.00714111328125]","[1132.5963745117188, 490.3767395019531]",1.0
Optical_A-F00220-D002,Optical_A,220,2.2,2.201582911994774,"[692.99560546875, 371.907470703125, 728.1597900390625, 379.601806640625]","[710.5776977539062, 375.754638671875]",1.0
Optical_A-F00220-D003,Optical_A,220,2.2,2.201582911994774,"[473.463623046875, 538.218017578125, 505.687255859375, 545.163818359375]","[489.575439453125, 541.69091796875]",1.0
Optical_B-F00220-D000,Optical_B,220,2.2,2.2013273880031194,"[347.6839599609375, 449.3746337890625, 387.99072265625, 457.2042236328125]","[367.83734130859375, 453.2894287109375]",1.0
Optical_B-F00220-D001,Optical_B,220,2.2,2.2013273880031194,"[577.5660400390625, 611.24169921875, 628.3125, 621.20703125]","[602.9392700195312, 616.224365234375]",1.0
Optical_A-F00221-D000,Optical_A,221,2.21,2.211951152997208,"[172.95657348632812, 454.7578125, 217.95687866210938, 464.4007568359375]","[195.45672607421875, 459.57928466796875]",1.0
Optical_A-F00221-D001,Optical_A,221,2.21,2.211951152997208,"[325.96527099609375, 485.7421875, 369.57098388671875, 495.00494384765625]","[347.76812744140625, 490.3735656738281]",1.0
Optical_A-F00221-D002,Optical_A,221,2.21,2.211951152997208,"[1064.2176513671875, 412.61041259765625, 1099.1820068359375, 420.03607177734375]","[1081.6998291015625, 416.3232421875]",1.0
Optical_A-F00221-D003,Optical_A,221,2.21,2.211951152997208,"[1146.154541015625, 509.878662109375, 1179.064697265625, 516.7374267578125]","[1162.609619140625, 513.3080444335938]",1.0
Optical_A-F00222-D000,Optical_A,222,2.22,2.221460347004468,"[1245.9013671875, 440.3017578125, 1280.0, 449.27191162109375]","[1262.95068359375, 444.7868347167969]",1.0
Optical_A-F00222-D001,Optical_A,222,2.22,2.221460347004468,"[280.4909973144531, 412.5963134765625, 315.458251953125, 420.02490234375]","[297.97462463378906, 416.31060791015625]",1.0
Optical_A-F00222-D002,Optical_A,222,2.22,2.221460347004468,"[361.1220703125, 509.87860107421875, 394.0290832519531, 516.7376708984375]","[377.57557678222656, 513.3081359863281]",1.0
Optical_A-F00222-D003,Optical_A,222,2.22,2.221460347004468,"[1183.8719482421875, 517.2301025390625, 1218.473388671875, 524.3458251953125]","[1201.1726684570312, 520.7879638671875]",1.0
Optical_B-F00222-D000,Optical_B,222,2.22,2.2215075789997356,"[521.2752685546875, 378.08294677734375, 554.3023681640625, 384.6785888671875]","[537.788818359375, 381.3807678222656]",1.0
Optical_B-F00222-D001,Optical_B,222,2.22,2.2215075789997356,"[622.5264892578125, 387.170166015625, 656.8710327148438, 394.0225830078125]","[639.6987609863281, 390.59637451171875]",1.0
Optical_B-F00222-D002,Optical_B,222,2.22,2.2215075789997356,"[1044.019287109375, 710.5965576171875, 1092.916748046875, 720.5526123046875]","[1068.468017578125, 715.5745849609375]",1.0
Optical_A-F00223-D000,Optical_A,223,2.23,2.2327618180029094,"[648.4949951171875, 780.8238525390625, 699.6032104492188, 791.83447265625]","[674.0491027832031, 786.3291625976562]",1.0
Optical_A-F00223-D001,Optical_A,223,2.23,2.2327618180029094,"[1180.8094482421875, 641.4486083984375, 1232.8468017578125, 652.276611328125]","[1206.828125, 646.8626098632812]",1.0
Optical_A-F00223-D002,Optical_A,223,2.23,2.2327618180029094,"[817.6307373046875, 498.4656982421875, 863.6553344726562, 507.8677978515625]","[840.6430358886719, 503.166748046875]",1.0
Optical_A-F00223-D003,Optical_A,223,2.23,2.2327618180029094,"[461.4053955078125, 440.30377197265625, 504.5752258300781, 449.27508544921875]","[482.9903106689453, 444.7894287109375]",1.0
Optical_A-F00223-D004,Optical_A,223,2.23,2.2327618180029094,"[1212.14013671875, 336.886474609375, 1249.005615234375, 344.6077880859375]","[1230.5728759765625, 340.74713134765625]",1.0
Optical_A-F00223-D005,Optical_A,223,2.23,2.2327618180029094,"[400.2188720703125, 517.2298583984375, 434.81298828125, 524.3455810546875]","[417.51593017578125, 520.7877197265625]",1.0
Optical_A-F00223-D006,Optical_A,223,2.23,2.2327618180029094,"[768.8583374023438, 428.54071044921875, 802.198974609375, 435.4525146484375]","[785.5286560058594, 431.9966125488281]",1.0
Optical_A-F00223-D007,Optical_A,223,2.23,2.2327618180029094,"[1239.640380859375, 407.04150390625, 1273.3736572265625, 414.010498046875]","[1256.5070190429688, 410.5260009765625]",1.0
Optical_A-F00223-D008,Optical_A,223,2.23,2.2327618180029094,"[930.6879272460938, 673.1357421875, 962.1370849609375, 679.7442626953125]","[946.4125061035156, 676.4400024414062]",1.0
Optical_B-F00223-D000,Optical_B,223,2.23,2.2314773459988646,"[1093.9537353515625, 536.005615234375, 1126.0289306640625, 542.3651123046875]","[1109.9913330078125, 539.1853637695312]",1.0
Optical_B-F00223-D001,Optical_B,223,2.23,2.2314773459988646,"[1016.59619140625, 419.46697998046875, 1051.0595703125, 426.38018798828125]","[1033.827880859375, 422.923583984375]",1.0
Optical_B-F00223-D002,Optical_B,223,2.23,2.2314773459988646,"[726.0015869140625, 387.25469970703125, 767.0625, 395.51776123046875]","[746.5320434570312, 391.38623046875]",1.0
Optical_B-F00223-D003,Optical_B,223,2.23,2.2314773459988646,"[254.83352661132812, 710.641357421875, 303.7414245605469, 720.5966796875]","[279.2874755859375, 715.6190185546875]",1.0
Optical_A-F00224-D000,Optical_A,224,2.24,2.242232031998574,"[398.62530517578125, 641.4534912109375, 450.65673828125, 652.2855224609375]","[424.6410217285156, 646.8695068359375]",1.0
Optical_A-F00224-D001,Optical_A,224,2.24,2.242232031998574,"[34.88170623779297, 498.45904541015625, 80.94169616699219, 507.8658447265625]","[57.91170120239258, 503.1624450683594]",1.0
Optical_A-F00224-D002,Optical_A,224,2.24,2.242232031998574,"[1168.4642333984375, 318.348388671875, 1215.8944091796875, 328.213134765625]","[1192.1793212890625, 323.28076171875]",1.0
Optical_A-F00224-D003,Optical_A,224,2.24,2.242232031998574,"[427.5350646972656, 336.89111328125, 464.3901062011719, 344.61517333984375]","[445.96258544921875, 340.7531433105469]",1.0
Optical_A-F00224-D004,Optical_A,224,2.24,2.242232031998574,"[0.0, 428.49957275390625, 18.46355438232422, 435.41607666015625]","[9.23177719116211, 431.95782470703125]",1.0
Optical_A-F00224-D005,Optical_A,224,2.24,2.242232031998574,"[456.00439453125, 407.05181884765625, 489.7251892089844, 414.02166748046875]","[472.8647918701172, 410.5367431640625]",1.0
Optical_A-F00224-D006,Optical_A,224,2.24,2.242232031998574,"[145.81820678710938, 673.181396484375, 177.28146362304688, 679.79443359375]","[161.54983520507812, 676.4879150390625]",1.0
Optical_A-F00224-D007,Optical_A,224,2.24,2.242232031998574,"[777.3995361328125, 338.4881591796875, 809.5233764648438, 345.18475341796875]","[793.4614562988281, 341.8364562988281]",1.0
Optical_A-F00224-D008,Optical_A,224,2.24,2.242232031998574,"[1113.1376953125, 484.2923583984375, 1144.141357421875, 490.544677734375]","[1128.6395263671875, 487.41851806640625]",1.0
Optical_B-F00224-D000,Optical_B,224,2.24,2.241709400996333,"[305.88751220703125, 536.007568359375, 337.9638977050781, 542.3673095703125]","[321.9257049560547, 539.1874389648438]",1.0
Optical_B-F00224-D001,Optical_B,224,2.24,2.241709400996333,"[228.38787841796875, 419.45013427734375, 262.8597412109375, 426.363525390625]","[245.62380981445312, 422.9068298339844]",1.0
Optical_B-F00224-D002,Optical_B,224,2.24,2.241709400996333,"[817.3211669921875, 342.2015380859375, 853.8357543945312, 349.6890869140625]","[835.5784606933594, 345.9453125]",1.0
Optical_B-F00224-D003,Optical_B,224,2.24,2.241709400996333,"[1264.7548828125, 517.0494384765625, 1280.0, 523.919677734375]","[1272.37744140625, 520.4845581054688]",1.0
Optical_B-F00224-D004,Optical_B,224,2.24,2.241709400996333,"[872.9552612304688, 564.7694091796875, 913.824951171875, 572.976806640625]","[893.3901062011719, 568.8731079101562]",1.0
Optical_B-F00224-D005,Optical_B,224,2.24,2.241709400996333,"[662.7105712890625, 460.06793212890625, 717.2230224609375, 470.9658203125]","[689.966796875, 465.5168762207031]",1.0
Optical_A-F00225-D000,Optical_A,225,2.25,2.2520353800064186,"[384.5240783691406, 318.3331298828125, 431.9500427246094, 328.2025146484375]","[408.237060546875, 323.267822265625]",1.0
Optical_A-F00225-D001,Optical_A,225,2.25,2.2520353800064186,"[1218.5218505859375, 438.3011474609375, 1267.3533935546875, 448.11859130859375]","[1242.9376220703125, 443.2098693847656]",1.0
Optical_A-F00225-D002,Optical_A,225,2.25,2.2520353800064186,"[1106.976318359375, 475.22088623046875, 1154.9949951171875, 484.81915283203125]","[1130.9856567382812, 480.02001953125]",1.0
Optical_A-F00225-D003,Optical_A,225,2.25,2.2520353800064186,"[0.0, 338.4029541015625, 24.738426208496094, 345.10528564453125]","[12.369213104248047, 341.7541198730469]",1.0
Optical_A-F00225-D004,Optical_A,225,2.25,2.2520353800064186,"[329.40545654296875, 484.29119873046875, 360.40863037109375, 490.5440673828125]","[344.90704345703125, 487.4176330566406]",1.0
Optical_B-F00225-D000,Optical_B,225,2.25,2.2518866269965656,"[584.8358764648438, 509.9737548828125, 617.6019897460938, 516.5250244140625]","[601.2189331054688, 513.2493896484375]",1.0
Optical_B-F00225-D001,Optical_B,225,2.25,2.2518866269965656,"[27.90302276611328, 342.1298828125, 64.4430160522461, 349.6182861328125]","[46.17301940917969, 345.87408447265625]",1.0
Optical_B-F00225-D002,Optical_B,225,2.25,2.2518866269965656,"[476.6712646484375, 517.0489501953125, 511.04119873046875, 523.918212890625]","[493.8562316894531, 520.4835815429688]",1.0
Optical_B-F00225-D003,Optical_B,225,2.25,2.2518866269965656,"[84.49291229248047, 564.7911376953125, 125.3873062133789, 573.0009765625]","[104.94010925292969, 568.8960571289062]",1.0
Optical_B-F00225-D004,Optical_B,225,2.25,2.2518866269965656,"[964.50146484375, 653.4295654296875, 1006.884765625, 662.1900634765625]","[985.693115234375, 657.809814453125]",1.0
Optical_A-F00226-D000,Optical_A,226,2.2600000000000002,2.2615038470010043,"[434.826171875, 438.2999267578125, 483.64569091796875, 448.1187744140625]","[459.2359313964844, 443.2093505859375]",1.0
Optical_A-F00226-D001,Optical_A,226,2.2600000000000002,2.2615038470010043,"[324.76458740234375, 475.21649169921875, 372.78515625, 484.81640625]","[348.7748718261719, 480.0164489746094]",1.0
Optical_A-F00226-D002,Optical_A,226,2.2600000000000002,2.2615038470010043,"[605.1819458007812, 385.20770263671875, 646.5874633789062, 393.6077880859375]","[625.8847045898438, 389.4077453613281]",1.0
Optical_A-F00226-D003,Optical_A,226,2.2600000000000002,2.2615038470010043,"[1229.210693359375, 563.8214111328125, 1269.759521484375, 571.8795166015625]","[1249.485107421875, 567.8504638671875]",1.0
Optical_B-F00226-D000,Optical_B,226,2.2600000000000002,2.2615155250002865,"[714.49951171875, 429.2960205078125, 747.81787109375, 436.1455078125]","[731.15869140625, 432.72076416015625]",1.0
Optical_B-F00226-D001,Optical_B,226,2.2600000000000002,2.2615155250002865,"[956.1859741210938, 406.6845703125, 989.9423217773438, 413.67926025390625]","[973.0641479492188, 410.1819152832031]",1.0
Optical_B-F00226-D002,Optical_B,226,2.2600000000000002,2.2615155250002865,"[174.80873107910156, 653.469970703125, 217.20863342285156, 662.230224609375]","[196.00868225097656, 657.85009765625]",1.0
Optical_B-F00226-D003,Optical_B,226,2.2600000000000002,2.2615155250002865,"[499.6678161621094, 721.6055908203125, 544.1552734375, 730.9627685546875]","[521.9115447998047, 726.2841796875]",1.0
Optical_A-F00227-D000,Optical_A,227,2.27,2.271438067993149,"[446.4585876464844, 563.8167724609375, 486.9955139160156, 571.8751220703125]","[466.72705078125, 567.845947265625]",1.0
Optical_A-F00227-D001,Optical_A,227,2.27,2.271438067993149,"[631.9434204101562, 462.404296875, 669.068603515625, 469.75537109375]","[650.5060119628906, 466.079833984375]",1.0
Optical_A-F00227-D002,Optical_A,227,2.27,2.271438067993149,"[638.4391479492188, 602.15380859375, 675.0670776367188, 609.47607421875]","[656.7531127929688, 605.81494140625]",1.0
Optical_A-F00227-D003,Optical_A,227,2.27,2.271438067993149,"[1112.5804443359375, 427.57647705078125, 1148.0328369140625, 434.6102294921875]","[1130.306640625, 431.0933532714844]",1.0
Optical_A-F00227-D004,Optical_A,227,2.27,2.271438067993149,"[504.626708984375, 508.61236572265625, 535.8562622070312, 514.751220703125]","[520.2414855957031, 511.6817932128906]",1.0
Optical_B-F00227-D000,Optical_B,227,2.27,2.2716346289921785,"[168.42922973632812, 406.65667724609375, 202.19711303710938, 413.65167236328125]","[185.31317138671875, 410.1541748046875]",1.0
Optical_B-F00227-D001,Optical_B,227,2.27,2.2716346289921785,"[1147.82568359375, 675.546630859375, 1179.319091796875, 682.257080078125]","[1163.5723876953125, 678.90185546875]",1.0
Optical_B-F00227-D002,Optical_B,227,2.27,2.2716346289921785,"[546.604736328125, 459.235595703125, 584.5191650390625, 467.0576171875]","[565.5619506835938, 463.1466064453125]",1.0
Optical_B-F00227-D003,Optical_B,227,2.27,2.2716346289921785,"[839.7100219726562, 608.40087890625, 877.1273803710938, 616.234375]","[858.418701171875, 612.317626953125]",1.0
Optical_A-F00228-D000,Optical_A,228,2.2800000000000002,2.2813688509934584,"[265.80096435546875, 531.935791015625, 317.5361328125, 542.091552734375]","[291.6685485839844, 537.013671875]",1.0
Optical_A-F00228-D001,Optical_A,228,2.2800000000000002,2.2813688509934584,"[1073.322021484375, 643.8350830078125, 1114.2528076171875, 651.990966796875]","[1093.7874145507812, 647.9130249023438]",1.0
Optical_A-F00228-D002,Optical_A,228,2.2800000000000002,2.2813688509934584,"[329.51470947265625, 427.57269287109375, 364.96490478515625, 434.60760498046875]","[347.23980712890625, 431.09014892578125]",1.0
Optical_A-F00228-D003,Optical_A,228,2.2800000000000002,2.2813688509934584,"[1086.537109375, 364.0853271484375, 1123.5062255859375, 371.463623046875]","[1105.0216674804688, 367.77447509765625]",1.0
Optical_B-F00228-D000,Optical_B,228,2.2800000000000002,2.2815209099947245,"[359.2376708984375, 675.54931640625, 390.72869873046875, 682.257080078125]","[374.9831848144531, 678.9031982421875]",1.0
Optical_B-F00228-D001,Optical_B,228,2.2800000000000002,2.2815209099947245,"[594.8677978515625, 333.22662353515625, 627.0780639648438, 340.12725830078125]","[610.9729309082031, 336.67694091796875]",1.0
Optical_B-F00228-D002,Optical_B,228,2.2800000000000002,2.2815209099947245,"[50.600738525390625, 608.442626953125, 88.04527282714844, 616.2774658203125]","[69.32300567626953, 612.3600463867188]",1.0
Optical_B-F00228-D003,Optical_B,228,2.2800000000000002,2.2815209099947245,"[1177.3072509765625, 419.0745849609375, 1213.6815185546875, 426.82159423828125]","[1195.494384765625, 422.9480895996094]",1.0
Optical_B-F00228-D004,Optical_B,228,2.2800000000000002,2.2815209099947245,"[924.2161865234375, 346.723876953125, 962.626953125, 354.97943115234375]","[943.4215698242188, 350.8516540527344]",1.0
Optical_A-F00229-D000,Optical_A,229,2.29,2.292355089993216,"[289.69921875, 643.8521728515625, 330.63134765625, 652.0107421875]","[310.165283203125, 647.9314575195312]",1.0
Optical_A-F00229-D001,Optical_A,229,2.29,2.292355089993216,"[303.74188232421875, 364.0738525390625, 340.7110595703125, 371.4541015625]","[322.2264709472656, 367.76397705078125]",1.0
Optical_A-F00229-D002,Optical_A,229,2.29,2.292355089993216,"[1184.1392822265625, 485.6287841796875, 1221.5318603515625, 492.8607177734375]","[1202.8355712890625, 489.2447509765625]",1.0
Optical_A-F00229-D003,Optical_A,229,2.29,2.292355089993216,"[881.1656494140625, 338.244873046875, 915.373046875, 345.07781982421875]","[898.2693481445312, 341.6613464355469]",1.0
Optical_B-F00229-D000,Optical_B,229,2.29,2.292079481011606,"[812.1965942382812, 482.843994140625, 843.2086181640625, 489.4234619140625]","[827.7026062011719, 486.13372802734375]",1.0
Optical_B-F00229-D001,Optical_B,229,2.29,2.292079481011606,"[389.76171875, 419.07379150390625, 426.129150390625, 426.819091796875]","[407.9454345703125, 422.9464416503906]",1.0
Optical_B-F00229-D002,Optical_B,229,2.29,2.292079481011606,"[136.5550537109375, 346.6683349609375, 174.9848175048828, 354.92327880859375]","[155.76993560791016, 350.7958068847656]",1.0
Optical_B-F00229-D003,Optical_B,229,2.29,2.292079481011606,"[627.1856079101562, 481.61151123046875, 666.6094970703125, 489.94708251953125]","[646.8975524902344, 485.779296875]",1.0
Optical_B-F00229-D004,Optical_B,229,2.29,2.292079481011606,"[636.6348876953125, 535.2913818359375, 676.62841796875, 543.7513427734375]","[656.6316528320312, 539.5213623046875]",1.0
Optical_B-F00229-D005,Optical_B,229,2.29,2.292079481011606,"[1099.9371337890625, 648.735107421875, 1138.713134765625, 657.1883544921875]","[1119.3251342773438, 652.9617309570312]",1.0
Optical_B-F00229-D006,Optical_B,229,2.29,2.292079481011606,"[1066.678955078125, 729.5927734375, 1107.1669921875, 738.5458984375]","[1086.9229736328125, 734.0693359375]",1.0
Optical_B-F00229-D007,Optical_B,229,2.29,2.292079481011606,"[1034.53955078125, 620.89990234375, 1081.1573486328125, 630.999755859375]","[1057.8484497070312, 625.9498291015625]",1.0
Optical_A-F00230-D000,Optical_A,230,2.3000000000000003,2.3018842980061893,"[736.5289306640625, 611.3551025390625, 787.363037109375, 621.33203125]","[761.9459838867188, 616.3435668945312]",1.0
Optical_A-F00230-D001,Optical_A,230,2.3000000000000003,2.3018842980061893,"[969.9774169921875, 699.01171875, 1016.893798828125, 708.369140625]","[993.4356079101562, 703.6904296875]",1.0
Optical_A-F00230-D002,Optical_A,230,2.3000000000000003,2.3018842980061893,"[703.9578857421875, 699.9578857421875, 745.8497314453125, 708.32861328125]","[724.90380859375, 704.1432495117188]",1.0
Optical_A-F00230-D003,Optical_A,230,2.3000000000000003,2.3018842980061893,"[400.42852783203125, 485.6292724609375, 437.8128662109375, 492.86126708984375]","[419.1206970214844, 489.2452697753906]",1.0
Optical_A-F00230-D004,Optical_A,230,2.3000000000000003,2.3018842980061893,"[663.1219482421875, 532.0601806640625, 700.8333740234375, 539.343994140625]","[681.9776611328125, 535.7020874023438]",1.0
Optical_A-F00230-D005,Optical_A,230,2.3000000000000003,2.3018842980061893,"[508.1963806152344, 629.52490234375, 544.9716796875, 636.77880859375]","[526.5840301513672, 633.15185546875]",1.0
Optical_A-F00230-D006,Optical_A,230,2.3000000000000003,2.3018842980061893,"[97.19120025634766, 338.1845703125, 131.4154052734375, 345.0213623046875]","[114.30330276489258, 341.60296630859375]",1.0
Optical_A-F00230-D007,Optical_A,230,2.3000000000000003,2.3018842980061893,"[1229.3350830078125, 695.2669677734375, 1267.1197509765625, 702.7833251953125]","[1248.2274169921875, 699.025146484375]",1.0
Optical_B-F00230-D000,Optical_B,230,2.3000000000000003,2.301778891004506,"[24.876670837402344, 482.8311767578125, 55.91094970703125, 489.4130859375]","[40.3938102722168, 486.12213134765625]",1.0
Optical_B-F00230-D001,Optical_B,230,2.3000000000000003,2.301778891004506,"[312.4783630371094, 648.755126953125, 351.2573547363281, 657.2060546875]","[331.86785888671875, 652.9805908203125]",1.0
Optical_B-F00230-D002,Optical_B,230,2.3000000000000003,2.301778891004506,"[279.1636657714844, 729.6357421875, 319.6570129394531, 738.5849609375]","[299.41033935546875, 734.1103515625]",1.0
Optical_B-F00230-D003,Optical_B,230,2.3000000000000003,2.301778891004506,"[245.13491821289062, 620.927490234375, 291.7657775878906, 631.0263671875]","[268.4503479003906, 625.9769287109375]",1.0
Optical_A-F00231-D000,Optical_A,231,2.31,2.311458614002331,"[0.0, 611.4134521484375, 4.624366760253906, 621.3974609375]","[2.312183380126953, 616.4054565429688]",1.0
Optical_A-F00231-D001,Optical_A,231,2.31,2.311458614002331,"[188.37379455566406, 699.0562744140625, 235.3063201904297, 708.417724609375]","[211.84005737304688, 703.7369995117188]",1.0
Optical_A-F00231-D002,Optical_A,231,2.31,2.311458614002331,"[446.82257080078125, 695.245361328125, 484.5930480957031, 702.7620849609375]","[465.7078094482422, 699.0037231445312]",1.0
Optical_B-F00231-D000,Optical_B,231,2.31,2.311535290008178,"[841.98779296875, 508.2271728515625, 873.272216796875, 515.0640869140625]","[857.6300048828125, 511.6456298828125]",1.0
Optical_B-F00231-D001,Optical_B,231,2.31,2.311535290008178,"[814.1629638671875, 308.9139404296875, 849.5068969726562, 316.9110107421875]","[831.8349304199219, 312.9124755859375]",1.0
Optical_B-F00232-D000,Optical_B,232,2.32,2.3215970230015226,"[53.768653869628906, 508.22564697265625, 85.07431030273438, 515.0653076171875]","[69.42148208618164, 511.6454772949219]",1.0
Optical_B-F00232-D001,Optical_B,232,2.32,2.3215970230015226,"[25.674209594726562, 308.8212890625, 61.045570373535156, 316.817138671875]","[43.35988998413086, 312.8192138671875]",1.0
Optical_A-F00234-D000,Optical_A,234,2.34,2.3412354500067885,"[730.8717041015625, 468.7509765625, 778.2596435546875, 477.81695556640625]","[754.565673828125, 473.2839660644531]",1.0
Optical_A-F00234-D001,Optical_A,234,2.34,2.3412354500067885,"[498.96209716796875, 596.7662353515625, 539.4900512695312, 604.6038818359375]","[519.22607421875, 600.68505859375]",1.0
Optical_A-F00265-D000,Optical_A,265,2.65,2.6513582890096585,"[68.4805679321289, 468.44775390625, 116.21776580810547, 477.5777587890625]","[92.34916687011719, 473.01275634765625]",1.0
Optical_A-F00266-D000,Optical_A,266,2.66,2.6613948449923193,"[858.7344360351562, 468.4466552734375, 906.4642333984375, 477.57684326171875]","[882.5993347167969, 473.0117492675781]",1.0
Optical_A-F00266-D001,Optical_A,266,2.66,2.6613948449923193,"[606.8531494140625, 597.275146484375, 647.6329956054688, 605.1607666015625]","[627.2430725097656, 601.2179565429688]",1.0
Optical_B-F00268-D000,Optical_B,268,2.68,2.6811169460049133,"[0.0, 508.199462890625, 15.157737731933594, 515.0865478515625]","[7.578868865966797, 511.64300537109375]",1.0
Optical_A-F00269-D000,Optical_A,269,2.69,2.6916492459981236,"[89.52484130859375, 612.3741455078125, 140.9356689453125, 622.456787109375]","[115.23025512695312, 617.4154663085938]",1.0
Optical_A-F00269-D001,Optical_A,269,2.69,2.6916492459981236,"[365.177978515625, 700.43701171875, 412.5004577636719, 709.8702392578125]","[388.83921813964844, 705.1536254882812]",1.0
Optical_A-F00269-D002,Optical_A,269,2.69,2.6916492459981236,"[31.989288330078125, 701.564697265625, 74.28169250488281, 710.011474609375]","[53.13549041748047, 705.7880859375]",1.0
Optical_A-F00269-D003,Optical_A,269,2.69,2.6916492459981236,"[20.83148956298828, 532.1912841796875, 58.834800720214844, 539.523193359375]","[39.83314514160156, 535.8572387695312]",1.0
Optical_A-F00269-D004,Optical_A,269,2.69,2.6916492459981236,"[590.2498779296875, 696.3310546875, 628.2735595703125, 703.89404296875]","[609.26171875, 700.112548828125]",1.0
Optical_B-F00269-D000,Optical_B,269,2.69,2.6913778949942206,"[767.9454956054688, 508.19989013671875, 799.5077514648438, 515.086181640625]","[783.7266235351562, 511.6430358886719]",1.0
Optical_B-F00269-D001,Optical_B,269,2.69,2.6913778949942206,"[730.2509155273438, 307.25445556640625, 765.9505615234375, 315.319091796875]","[748.1007385253906, 311.2867736816406]",1.0
Optical_A-F00270-D000,Optical_A,270,2.7,2.7014952310011724,"[879.376953125, 612.384033203125, 930.786865234375, 622.4666748046875]","[905.0819091796875, 617.4253540039062]",1.0
Optical_A-F00270-D001,Optical_A,270,2.7,2.7014952310011724,"[1156.10009765625, 700.509033203125, 1203.45166015625, 709.9443359375]","[1179.77587890625, 705.2266845703125]",1.0
Optical_A-F00270-D002,Optical_A,270,2.7,2.7014952310011724,"[821.218017578125, 701.5596923828125, 863.499267578125, 710.004638671875]","[842.358642578125, 705.7821655273438]",1.0
Optical_A-F00270-D003,Optical_A,270,2.7,2.7014952310011724,"[502.87994384765625, 485.42816162109375, 540.5762329101562, 492.71551513671875]","[521.7280883789062, 489.07183837890625]",1.0
Optical_A-F00270-D004,Optical_A,270,2.7,2.7014952310011724,"[810.82568359375, 532.1893310546875, 848.81591796875, 539.520263671875]","[829.82080078125, 535.8547973632812]",1.0
Optical_A-F00270-D005,Optical_A,270,2.7,2.7014952310011724,"[651.3934326171875, 630.263671875, 688.4366455078125, 637.564453125]","[669.9150390625, 633.9140625]",1.0
Optical_A-F00270-D006,Optical_A,270,2.7,2.7014952310011724,"[188.99703979492188, 336.969482421875, 223.48141479492188, 343.8555908203125]","[206.23922729492188, 340.41253662109375]",1.0
Optical_B-F00270-D000,Optical_B,270,2.7,2.701438924999093,"[0.0, 482.60443115234375, 14.748764038085938, 489.23773193359375]","[7.374382019042969, 485.92108154296875]",1.0
Optical_B-F00270-D001,Optical_B,270,2.7,2.701438924999093,"[263.1062316894531, 650.0921630859375, 302.3037109375, 658.6279296875]","[282.70497131347656, 654.3600463867188]",1.0
Optical_B-F00270-D002,Optical_B,270,2.7,2.701438924999093,"[227.279052734375, 731.857177734375, 268.2296447753906, 740.9014892578125]","[247.7543487548828, 736.3793334960938]",1.0
Optical_B-F00270-D003,Optical_B,270,2.7,2.701438924999093,"[116.74732208251953, 622.11328125, 164.009521484375, 632.3245849609375]","[140.37842178344727, 627.2189331054688]",1.0
Optical_A-F00271-D000,Optical_A,271,2.71,2.711444196997909,"[449.34600830078125, 363.05487060546875, 486.6128234863281, 370.48736572265625]","[467.9794158935547, 366.7711181640625]",1.0
Optical_A-F00271-D001,Optical_A,271,2.71,2.711444196997909,"[977.5372314453125, 336.947998046875, 1012.0242309570312, 343.83367919921875]","[994.7807312011719, 340.3908386230469]",1.0
Optical_B-F00271-D000,Optical_B,271,2.71,2.71154771200323,"[768.7205810546875, 482.60760498046875, 800.010498046875, 489.2406005859375]","[784.3655395507812, 485.9241027832031]",1.0
Optical_B-F00271-D001,Optical_B,271,2.71,2.71154771200323,"[335.12762451171875, 418.19598388671875, 371.877197265625, 426.015625]","[353.5024108886719, 422.1058044433594]",1.0
Optical_B-F00271-D002,Optical_B,271,2.71,2.71154771200323,"[76.55715942382812, 345.0250244140625, 115.4119873046875, 353.36444091796875]","[95.98457336425781, 349.1947326660156]",1.0
Optical_B-F00271-D003,Optical_B,271,2.71,2.71154771200323,"[510.4634094238281, 481.3243408203125, 550.3484497070312, 489.73907470703125]","[530.4059295654297, 485.5317077636719]",1.0
Optical_B-F00271-D004,Optical_B,271,2.71,2.71154771200323,"[578.7830200195312, 535.534423828125, 619.2396240234375, 544.0831298828125]","[599.0113220214844, 539.8087768554688]",1.0
Optical_B-F00271-D005,Optical_B,271,2.71,2.71154771200323,"[1048.0902099609375, 650.1302490234375, 1087.3021240234375, 658.6719970703125]","[1067.6961669921875, 654.401123046875]",1.0
Optical_B-F00271-D006,Optical_B,271,2.71,2.71154771200323,"[1012.1990966796875, 731.9102783203125, 1053.160888671875, 740.9627685546875]","[1032.6799926757812, 736.4365234375]",1.0
Optical_B-F00271-D007,Optical_B,271,2.71,2.71154771200323,"[899.7537231445312, 622.12646484375, 947.0196533203125, 632.342529296875]","[923.3866882324219, 627.2344970703125]",1.0
Optical_A-F00272-D000,Optical_A,272,2.72,2.721531043002615,"[472.98876953125, 532.144287109375, 525.3663940429688, 542.406982421875]","[499.1775817871094, 537.275634765625]",1.0
Optical_A-F00272-D001,Optical_A,272,2.72,2.721531043002615,"[1189.34765625, 645.0941162109375, 1230.713134765625, 653.330078125]","[1210.0303955078125, 649.2120971679688]",1.0
Optical_A-F00272-D002,Optical_A,272,2.72,2.721531043002615,"[0.0, 461.9976806640625, 32.146034240722656, 469.40997314453125]","[16.073017120361328, 465.7038269042969]",1.0
Optical_A-F00272-D003,Optical_A,272,2.72,2.721531043002615,"[471.41546630859375, 426.96868896484375, 507.166259765625, 434.0546875]","[489.2908630371094, 430.5116882324219]",1.0
Optical_A-F00272-D004,Optical_A,272,2.72,2.721531043002615,"[1239.1258544921875, 362.9891357421875, 1276.4210205078125, 370.423583984375]","[1257.7734375, 366.70635986328125]",1.0
Optical_B-F00272-D000,Optical_B,272,2.72,2.7220633090025514,"[255.5377197265625, 676.79345703125, 287.326171875, 683.553955078125]","[271.43194580078125, 680.1737060546875]",1.0
Optical_B-F00272-D001,Optical_B,272,2.72,2.7220633090025514,"[490.1753234863281, 331.82763671875, 522.6980590820312, 338.7840576171875]","[506.4366912841797, 335.30584716796875]",1.0
Optical_B-F00272-D002,Optical_B,272,2.72,2.7220633090025514,"[1120.054931640625, 418.16143798828125, 1156.8231201171875, 425.98583984375]","[1138.4390258789062, 422.0736389160156]",1.0
Optical_B-F00272-D003,Optical_B,272,2.72,2.7220633090025514,"[861.3818359375, 345.015625, 900.2332153320312, 353.3590087890625]","[880.8075256347656, 349.18731689453125]",1.0
Optical_A-F00273-D000,Optical_A,273,2.73,2.7316100270004244,"[1264.072265625, 532.15576171875, 1280.0, 542.423828125]","[1272.0361328125, 537.289794921875]",1.0
Optical_A-F00273-D001,Optical_A,273,2.73,2.7316100270004244,"[784.322998046875, 462.00384521484375, 821.8081665039062, 469.41473388671875]","[803.0655822753906, 465.70928955078125]",1.0
Optical_A-F00273-D002,Optical_A,273,2.73,2.7316100270004244,"[737.1419677734375, 602.980224609375, 774.143798828125, 610.370849609375]","[755.6428833007812, 606.675537109375]",1.0
Optical_A-F00273-D003,Optical_A,273,2.73,2.7316100270004244,"[1260.9866943359375, 426.9290771484375, 1280.0, 434.017578125]","[1270.4933471679688, 430.47332763671875]",1.0
Optical_A-F00273-D004,Optical_A,273,2.73,2.7316100270004244,"[587.7490844726562, 508.5858154296875, 619.250732421875, 514.7728271484375]","[603.4999084472656, 511.6793212890625]",1.0
Optical_B-F00273-D000,Optical_B,273,2.73,2.731455536999856,"[1039.3951416015625, 676.8251953125, 1071.1923828125, 683.58984375]","[1055.2937622070312, 680.20751953125]",1.0
Optical_B-F00273-D001,Optical_B,273,2.73,2.731455536999856,"[1274.08349609375, 331.73577880859375, 1280.0, 338.6988525390625]","[1277.041748046875, 335.2173156738281]",1.0
Optical_B-F00273-D002,Optical_B,273,2.73,2.731455536999856,"[470.9170837402344, 458.68853759765625, 509.2724609375, 466.5924072265625]","[490.0947723388672, 462.6404724121094]",1.0
Optical_B-F00273-D003,Optical_B,273,2.73,2.731455536999856,"[708.477783203125, 609.2930908203125, 746.323486328125, 617.200439453125]","[727.400634765625, 613.2467651367188]",1.0
Optical_A-F00274-D000,Optical_A,274,2.74,2.742109250010108,"[561.257568359375, 437.33197021484375, 610.792724609375, 447.28143310546875]","[586.025146484375, 442.30670166015625]",1.0
Optical_A-F00274-D001,Optical_A,274,2.74,2.742109250010108,"[521.3899536132812, 474.7996826171875, 570.069580078125, 484.509033203125]","[545.7297668457031, 479.65435791015625]",1.0
Optical_A-F00274-D002,Optical_A,274,2.74,2.742109250010108,"[713.8768310546875, 383.8011474609375, 755.7965087890625, 392.296630859375]","[734.836669921875, 388.04888916015625]",1.0
Optical_B-F00274-D000,Optical_B,274,2.74,2.7415177760069493,"[640.0509033203125, 428.52557373046875, 673.7161865234375, 435.4398193359375]","[656.883544921875, 431.9826965332031]",1.0
Optical_B-F00274-D001,Optical_B,274,2.74,2.7415177760069493,"[882.7650146484375, 405.6868896484375, 916.8779296875, 412.7491455078125]","[899.8214721679688, 409.218017578125]",1.0
Optical_B-F00274-D002,Optical_B,274,2.74,2.7415177760069493,"[7.458648681640625, 654.957763671875, 50.409584045410156, 663.812744140625]","[28.93411636352539, 659.38525390625]",1.0
Optical_B-F00274-D003,Optical_B,274,2.74,2.7415177760069493,"[1255.55029296875, 458.6597900390625, 1280.0, 466.56884765625]","[1267.775146484375, 462.61431884765625]",1.0
Optical_B-F00274-D004,Optical_B,274,2.74,2.7415177760069493,"[326.73870849609375, 723.9307861328125, 371.8342590332031, 733.3961181640625]","[349.28648376464844, 728.6634521484375]",1.0
Optical_A-F00275-D000,Optical_A,275,2.75,2.7517893640033435,"[502.58245849609375, 315.6990966796875, 550.7289428710938, 325.70751953125]","[526.6557006835938, 320.70330810546875]",1.0
Optical_A-F00275-D001,Optical_A,275,2.75,2.7517893640033435,"[69.0975570678711, 336.80120849609375, 101.57814025878906, 343.5673828125]","[85.33784866333008, 340.1842956542969]",1.0
Optical_A-F00275-D002,Optical_A,275,2.75,2.7517893640033435,"[456.45904541015625, 484.07403564453125, 487.7569580078125, 490.3760986328125]","[472.1080017089844, 487.2250671386719]",1.0
Optical_B-F00275-D000,Optical_B,275,2.75,2.7516628760058666,"[448.0241394042969, 509.95703125, 481.11981201171875, 516.5623779296875]","[464.5719757080078, 513.2597045898438]",1.0
Optical_B-F00275-D001,Optical_B,275,2.75,2.7516628760058666,"[0.0, 565.4017333984375, 15.903854370117188, 573.7076416015625]","[7.951927185058594, 569.5546875]",1.0
Optical_B-F00275-D002,Optical_B,275,2.75,2.7516628760058666,"[790.247802734375, 654.947998046875, 833.1861572265625, 663.80517578125]","[811.7169799804688, 659.3765869140625]",1.0
Optical_A-F00276-D000,Optical_A,276,2.7600000000000002,2.7617484440031697,"[0.0, 785.251708984375, 31.075401306152344, 796.4605712890625]","[15.537700653076172, 790.8561401367188]",1.0
Optical_A-F00276-D001,Optical_A,276,2.7600000000000002,2.7617484440031697,"[613.9111328125, 643.2872314453125, 666.8475952148438, 654.27685546875]","[640.3793640136719, 648.7820434570312]",1.0
Optical_A-F00276-D002,Optical_A,276,2.7600000000000002,2.7617484440031697,"[221.62078857421875, 498.2882080078125, 268.39080810546875, 507.8138427734375]","[245.00579833984375, 503.051025390625]",1.0
Optical_A-F00276-D003,Optical_A,276,2.7600000000000002,2.7617484440031697,"[515.4628295898438, 334.92950439453125, 552.7796630859375, 342.742919921875]","[534.1212463378906, 338.8362121582031]",1.0
Optical_A-F00276-D004,Optical_A,276,2.7600000000000002,2.7617484440031697,"[119.58454132080078, 427.73883056640625, 153.32394409179688, 434.71923828125]","[136.45424270629883, 431.2290344238281]",1.0
Optical_A-F00276-D005,Optical_A,276,2.7600000000000002,2.7617484440031697,"[595.2765502929688, 406.0921630859375, 629.3761596679688, 413.12701416015625]","[612.3263549804688, 409.6095886230469]",1.0
Optical_A-F00276-D006,Optical_A,276,2.7600000000000002,2.7617484440031697,"[218.3812255859375, 674.7247314453125, 250.17967224121094, 681.403076171875]","[234.28044891357422, 678.0639038085938]",1.0
Optical_A-F00276-D007,Optical_A,276,2.7600000000000002,2.7617484440031697,"[856.9273681640625, 336.8052978515625, 889.4011840820312, 343.5689697265625]","[873.1642761230469, 340.1871337890625]",1.0
Optical_A-F00276-D008,Optical_A,276,2.7600000000000002,2.7617484440031697,"[1245.3223876953125, 484.0618896484375, 1276.6444091796875, 490.36639404296875]","[1260.9833984375, 487.2141418457031]",1.0
Optical_B-F00276-D000,Optical_B,276,2.7600000000000002,2.7616383449983553,"[126.46034240722656, 418.52984619140625, 161.31680297851562, 425.51318359375]","[143.8885726928711, 422.0215148925781]",1.0
Optical_B-F00276-D001,Optical_B,276,2.7600000000000002,2.7616383449983553,"[1231.5704345703125, 509.9561767578125, 1264.690673828125, 516.564453125]","[1248.1305541992188, 513.2603149414062]",1.0
Optical_B-F00276-D002,Optical_B,276,2.7600000000000002,2.7616383449983553,"[654.4954833984375, 340.6220703125, 691.42041015625, 348.18145751953125]","[672.9579467773438, 344.4017639160156]",1.0
Optical_B-F00276-D003,Optical_B,276,2.7600000000000002,2.7616383449983553,"[1172.211181640625, 517.10009765625, 1206.9788818359375, 524.0394287109375]","[1189.5950317382812, 520.5697631835938]",1.0
Optical_B-F00276-D004,Optical_B,276,2.7600000000000002,2.7616383449983553,"[758.6004028320312, 565.3966064453125, 800.0119018554688, 573.7027587890625]","[779.30615234375, 569.5496826171875]",1.0
Optical_B-F00276-D005,Optical_B,276,2.7600000000000002,2.7616383449983553,"[416.7626953125, 459.34442138671875, 472.19476318359375, 470.3953857421875]","[444.4787292480469, 464.8699035644531]",1.0
Optical_A-F00277-D000,Optical_A,277,2.77,2.7716558070055908,"[767.5797119140625, 785.255615234375, 819.6298217773438, 796.45751953125]","[793.6047668457031, 790.8565673828125]",1.0
Optical_A-F00277-D001,Optical_A,277,2.77,2.7716558070055908,"[1011.4962768554688, 498.2850341796875, 1058.2799072265625, 507.812744140625]","[1034.8880920410156, 503.04888916015625]",1.0
Optical_A-F00277-D002,Optical_A,277,2.77,2.7716558070055908,"[559.449462890625, 439.3028564453125, 603.2921142578125, 448.40093994140625]","[581.3707885742188, 443.8518981933594]",1.0
Optical_A-F00277-D003,Optical_A,277,2.77,2.7716558070055908,"[542.2802734375, 517.282470703125, 577.3038330078125, 524.4698486328125]","[559.7920532226562, 520.8761596679688]",1.0
Optical_A-F00277-D004,Optical_A,277,2.77,2.7716558070055908,"[908.4518432617188, 427.73614501953125, 942.1888427734375, 434.71551513671875]","[925.3203430175781, 431.225830078125]",1.0
Optical_A-F00277-D005,Optical_A,277,2.77,2.7716558070055908,"[1006.028564453125, 674.753662109375, 1037.83349609375, 681.4305419921875]","[1021.9310302734375, 678.0921020507812]",1.0
Optical_B-F00277-D000,Optical_B,277,2.77,2.771503331004642,"[996.1834716796875, 536.2330322265625, 1028.5963134765625, 542.6531982421875]","[1012.389892578125, 539.443115234375]",1.0
Optical_B-F00277-D001,Optical_B,277,2.77,2.771503331004642,"[910.76611328125, 418.52374267578125, 945.6210327148438, 425.50860595703125]","[928.1935729980469, 422.01617431640625]",1.0
Optical_B-F00277-D002,Optical_B,277,2.77,2.771503331004642,"[528.1688232421875, 385.94195556640625, 569.74755859375, 394.29400634765625]","[548.9581909179688, 390.11798095703125]",1.0
Optical_B-F00277-D003,Optical_B,277,2.77,2.771503331004642,"[94.24182891845703, 713.499267578125, 143.93780517578125, 723.6036376953125]","[119.08981704711914, 718.5514526367188]",1.0
Optical_B-F00277-D004,Optical_B,277,2.77,2.771503331004642,"[1198.2655029296875, 459.3170166015625, 1253.7437744140625, 470.37457275390625]","[1226.004638671875, 464.8457946777344]",1.0
Optical_A-F00278-D000,Optical_A,278,2.7800000000000002,2.781306816993747,"[422.0391845703125, 411.51104736328125, 457.4769592285156, 419.02215576171875]","[439.75807189941406, 415.2666015625]",1.0
Optical_A-F00278-D001,Optical_A,278,2.7800000000000002,2.781306816993747,"[429.6632080078125, 509.85467529296875, 462.98150634765625, 516.791015625]","[446.3223571777344, 513.3228454589844]",1.0
Optical_B-F00278-D000,Optical_B,278,2.7800000000000002,2.781592563989107,"[404.7552490234375, 376.76287841796875, 438.14300537109375, 383.42523193359375]","[421.4491271972656, 380.09405517578125]",1.0
Optical_B-F00278-D001,Optical_B,278,2.7800000000000002,2.781592563989107,"[444.8036193847656, 386.07012939453125, 479.5074462890625, 392.98443603515625]","[462.15553283691406, 389.52728271484375]",1.0
Optical_B-F00278-D002,Optical_B,278,2.7800000000000002,2.781592563989107,"[877.508544921875, 713.518310546875, 927.2026977539062, 723.626953125]","[902.3556213378906, 718.5726318359375]",1.0
Optical_A-F00279-D000,Optical_A,279,2.79,2.791383253009408,"[352.1505126953125, 453.89306640625, 397.9895324707031, 463.6829833984375]","[375.0700225830078, 458.78802490234375]",1.0
Optical_A-F00279-D001,Optical_A,279,2.79,2.791383253009408,"[408.892822265625, 485.32464599609375, 453.26348876953125, 494.735107421875]","[431.0781555175781, 490.0298767089844]",1.0
Optical_A-F00279-D002,Optical_A,279,2.79,2.791383253009408,"[1210.8602294921875, 411.4677734375, 1246.32421875, 418.98028564453125]","[1228.5922241210938, 415.2240295410156]",1.0
Optical_A-F00279-D003,Optical_A,279,2.79,2.791383253009408,"[1217.1690673828125, 509.85369873046875, 1250.5118408203125, 516.793212890625]","[1233.8404541015625, 513.3234558105469]",1.0
Optical_B-F00279-D000,Optical_B,279,2.79,2.791171717012767,"[1188.92236328125, 376.70916748046875, 1222.330810546875, 383.3753662109375]","[1205.6265869140625, 380.0422668457031]",1.0
Optical_B-F00279-D001,Optical_B,279,2.79,2.791171717012767,"[1227.8863525390625, 386.01617431640625, 1262.615478515625, 392.9345703125]","[1245.2509155273438, 389.4753723144531]",1.0
Optical_A-F00280-D000,Optical_A,280,2.8000000000000003,2.801265084007173,"[1141.5306396484375, 453.869140625, 1187.400634765625, 463.6617431640625]","[1164.4656372070312, 458.76544189453125]",1.0
Optical_A-F00280-D001,Optical_A,280,2.8000000000000003,2.801265084007173,"[1196.608154296875, 485.31146240234375, 1241.01318359375, 494.72613525390625]","[1218.8106689453125, 490.018798828125]",1.0
Optical_A-F00280-D002,Optical_A,280,2.8000000000000003,2.801265084007173,"[756.9888305664062, 370.025634765625, 792.6732177734375, 377.82586669921875]","[774.8310241699219, 373.9257507324219]",1.0
Optical_A-F00280-D003,Optical_A,280,2.8000000000000003,2.801265084007173,"[601.5404052734375, 538.517333984375, 634.2191162109375, 545.5428466796875]","[617.8797607421875, 542.0300903320312]",1.0
Optical_B-F00280-D000,Optical_B,280,2.8000000000000003,2.8013322699960557,"[107.46849060058594, 448.7254638671875, 148.25762939453125, 456.63714599609375]","[127.8630599975586, 452.6813049316406]",1.0
Optical_B-F00280-D001,Optical_B,280,2.8000000000000003,2.8013322699960557,"[276.83538818359375, 612.5400390625, 328.3489990234375, 622.638671875]","[302.5921936035156, 617.58935546875]",1.0
Optical_A-F00281-D000,Optical_A,281,2.81,2.811147317001596,"[678.8150024414062, 357.73687744140625, 712.9010009765625, 365.34075927734375]","[695.8580017089844, 361.538818359375]",1.0
Optical_B-F00281-D000,Optical_B,281,2.81,2.811387195996358,"[0.0, 500.29449462890625, 38.574981689453125, 508.4256591796875]","[19.287490844726562, 504.3600769042969]",1.0
Optical_B-F00281-D001,Optical_B,281,2.81,2.811387195996358,"[889.66357421875, 448.72406005859375, 930.4476928710938, 456.6363525390625]","[910.0556335449219, 452.6802062988281]",1.0
Optical_B-F00281-D002,Optical_B,281,2.81,2.811387195996358,"[126.34239196777344, 340.257080078125, 170.5364227294922, 348.9864501953125]","[148.4394073486328, 344.62176513671875]",1.0
Optical_B-F00281-D003,Optical_B,281,2.81,2.811387195996358,"[70.69576263427734, 445.61083984375, 116.4218521118164, 454.447998046875]","[93.55880737304688, 450.0294189453125]",1.0
Optical_B-F00281-D004,Optical_B,281,2.81,2.811387195996358,"[1057.97021484375, 612.56787109375, 1109.50390625, 622.67041015625]","[1083.737060546875, 617.619140625]",1.0
Optical_B-F00282-D000,Optical_B,282,2.82,2.821529820001451,"[171.35032653808594, 490.4439697265625, 211.14993286132812, 498.0457763671875]","[191.25012969970703, 494.244873046875]",1.0
Optical_B-F00282-D001,Optical_B,282,2.82,2.821529820001451,"[779.1036376953125, 500.29541015625, 821.656005859375, 508.42596435546875]","[800.3798217773438, 504.3606872558594]",1.0
Optical_B-F00282-D002,Optical_B,282,2.82,2.821529820001451,"[908.0935668945312, 340.2476806640625, 952.2846069335938, 348.978515625]","[930.1890869140625, 344.61309814453125]",1.0
Optical_B-F00282-D003,Optical_B,282,2.82,2.821529820001451,"[852.30322265625, 445.611328125, 898.020263671875, 454.4488525390625]","[875.1617431640625, 450.03009033203125]",1.0
Optical_B-F00282-D004,Optical_B,282,2.82,2.821529820001451,"[1195.7032470703125, 478.58807373046875, 1241.04541015625, 487.305419921875]","[1218.3743286132812, 482.9467468261719]",1.0
Optical_B-F00282-D005,Optical_B,282,2.82,2.821529820001451,"[497.7080078125, 530.3419189453125, 546.4902954101562, 539.6822509765625]","[522.0991516113281, 535.0120849609375]",1.0
Optical_B-F00283-D000,Optical_B,283,2.83,2.831181795989396,"[353.9007568359375, 466.04095458984375, 394.25433349609375, 473.775390625]","[374.0775451660156, 469.9081726074219]",1.0
Optical_B-F00283-D001,Optical_B,283,2.83,2.831181795989396,"[953.4701538085938, 490.442138671875, 993.2708740234375, 498.044677734375]","[973.3705139160156, 494.243408203125]",1.0
Optical_B-F00284-D000,Optical_B,284,2.84,2.841394849998178,"[1136.893798828125, 466.02496337890625, 1177.26904296875, 473.76226806640625]","[1157.0814208984375, 469.89361572265625]",1.0
Optical_B-F00284-D001,Optical_B,284,2.84,2.841394849998178,"[192.88043212890625, 727.5660400390625, 237.0562744140625, 736.333251953125]","[214.96835327148438, 731.9496459960938]",1.0
Optical_B-F00284-D002,Optical_B,284,2.84,2.841394849998178,"[253.8243408203125, 617.0303955078125, 298.9443664550781, 625.7864990234375]","[276.3843536376953, 621.408447265625]",1.0
Optical_B-F00285-D000,Optical_B,285,2.85,2.8512550719984575,"[974.2184448242188, 727.5909423828125, 1018.3990478515625, 736.3594970703125]","[996.3087463378906, 731.9752197265625]",1.0
Optical_B-F00285-D001,Optical_B,285,2.85,2.8512550719984575,"[1036.17919921875, 617.0555419921875, 1081.3115234375, 625.81396484375]","[1058.745361328125, 621.4347534179688]",1.0
Optical_B-F00315-D000,Optical_B,315,3.15,3.1512332220067036,"[827.77734375, 728.60595703125, 872.1672973632812, 737.4176025390625]","[849.9723205566406, 733.0117797851562]",1.0
Optical_B-F00315-D001,Optical_B,315,3.15,3.1512332220067036,"[920.2861328125, 617.6982421875, 965.6956787109375, 626.511474609375]","[942.9909057617188, 622.1048583984375]",1.0
Optical_B-F00316-D000,Optical_B,316,3.16,3.1613053760048935,"[1031.4744873046875, 465.7493896484375, 1072.0982666015625, 473.533447265625]","[1051.786376953125, 469.64141845703125]",1.0
Optical_B-F00316-D001,Optical_B,316,3.16,3.1613053760048935,"[36.62376403808594, 728.691162109375, 81.04114532470703, 737.5062255859375]","[58.832454681396484, 733.0986938476562]",1.0
Optical_B-F00316-D002,Optical_B,316,3.16,3.1613053760048935,"[130.18695068359375, 617.7322998046875, 175.61668395996094, 626.54833984375]","[152.90181732177734, 622.1403198242188]",1.0
Optical_B-F00317-D000,Optical_B,317,3.17,3.17129914599529,"[241.90670776367188, 465.74169921875, 282.53570556640625, 473.52691650390625]","[262.22120666503906, 469.6343078613281]",1.0
Optical_B-F00317-D001,Optical_B,317,3.17,3.17129914599529,"[811.287109375, 490.3299560546875, 851.3115844726562, 497.97216796875]","[831.2993469238281, 494.15106201171875]",1.0
Optical_B-F00317-D002,Optical_B,317,3.17,3.17129914599529,"[1151.570556640625, 530.497314453125, 1200.80224609375, 539.91748046875]","[1176.1864013671875, 535.2073974609375]",1.0
Optical_B-F00318-D000,Optical_B,318,3.18,3.181709326010314,"[20.745849609375, 490.321044921875, 60.796775817871094, 497.96636962890625]","[40.77131271362305, 494.1437072753906]",1.0
Optical_B-F00318-D001,Optical_B,318,3.18,3.181709326010314,"[662.3529663085938, 500.2081298828125, 705.2421875, 508.39935302734375]","[683.7975769042969, 504.3037414550781]",1.0
Optical_B-F00318-D002,Optical_B,318,3.18,3.181709326010314,"[744.930908203125, 339.15625, 789.4329833984375, 347.9444580078125]","[767.1819458007812, 343.55035400390625]",1.0
Optical_B-F00318-D003,Optical_B,318,3.18,3.181709326010314,"[683.140380859375, 445.1749267578125, 729.1895141601562, 454.07122802734375]","[706.1649475097656, 449.6230773925781]",1.0
Optical_B-F00318-D004,Optical_B,318,3.18,3.181709326010314,"[1074.3365478515625, 478.3218994140625, 1120.0614013671875, 487.1090087890625]","[1097.198974609375, 482.7154541015625]",1.0
Optical_B-F00318-D005,Optical_B,318,3.18,3.181709326010314,"[361.4639892578125, 530.4984130859375, 410.689453125, 539.9190673828125]","[386.07672119140625, 535.208740234375]",1.0
Optical_A-F00319-D000,Optical_A,319,3.19,3.191163409993751,"[760.87060546875, 356.5283203125, 795.2872314453125, 364.193359375]","[778.0789184570312, 360.36083984375]",1.0
Optical_B-F00319-D000,Optical_B,319,3.19,3.191289612991968,"[734.96630859375, 448.31817626953125, 776.046630859375, 456.28179931640625]","[755.5064697265625, 452.29998779296875]",1.0
Optical_B-F00319-D001,Optical_B,319,3.19,3.191289612991968,"[284.700927734375, 478.317138671875, 330.42938232421875, 487.1053466796875]","[307.5651550292969, 482.71124267578125]",1.0
Optical_A-F00320-D000,Optical_A,320,3.2,3.2014256650028985,"[1268.417236328125, 453.24755859375, 1280.0, 463.1458740234375]","[1274.2086181640625, 458.19671630859375]",1.0
Optical_A-F00320-D001,Optical_A,320,3.2,3.2014256650028985,"[1255.412841796875, 485.013427734375, 1280.0, 494.5335693359375]","[1267.7064208984375, 489.77349853515625]",1.0
Optical_A-F00320-D002,Optical_A,320,3.2,3.2014256650028985,"[0.0, 356.44500732421875, 11.169929504394531, 364.11773681640625]","[5.584964752197266, 360.2813720703125]",1.0
Optical_A-F00320-D003,Optical_A,320,3.2,3.2014256650028985,"[688.5633544921875, 538.720703125, 721.5531005859375, 545.8004150390625]","[705.0582275390625, 542.2605590820312]",1.0
Optical_B-F00320-D000,Optical_B,320,3.2,3.2010875089938056,"[71.93096160888672, 613.4246826171875, 123.96873474121094, 623.6142578125]","[97.94984817504883, 618.5194702148438]",1.0
Optical_A-F00321-D000,Optical_A,321,3.21,3.2118066559860017,"[485.3232116699219, 453.2503662109375, 531.7870483398438, 463.1495361328125]","[508.5551300048828, 458.199951171875]",1.0
Optical_A-F00321-D001,Optical_A,321,3.21,3.2118066559860017,"[470.6072998046875, 485.01385498046875, 515.547119140625, 494.53436279296875]","[493.07720947265625, 489.77410888671875]",1.0
Optical_A-F00321-D002,Optical_A,321,3.21,3.2118066559860017,"[15.419998168945312, 368.67034912109375, 51.487159729003906, 376.5499267578125]","[33.45357894897461, 372.6101379394531]",1.0
Optical_A-F00321-D003,Optical_A,321,3.21,3.2118066559860017,"[1269.64453125, 509.83526611328125, 1280.0, 516.8343505859375]","[1274.822265625, 513.3348083496094]",1.0
Optical_B-F00321-D000,Optical_B,321,3.21,3.211491408998845,"[1099.95849609375, 375.716552734375, 1133.6375732421875, 382.43292236328125]","[1116.7980346679688, 379.0747375488281]",1.0
Optical_B-F00321-D001,Optical_B,321,3.21,3.211491408998845,"[1092.442626953125, 385.199462890625, 1127.43310546875, 392.163818359375]","[1109.9378662109375, 388.681640625]",1.0
Optical_A-F00322-D000,Optical_A,322,3.22,3.221357493994874,"[535.4385986328125, 410.6416015625, 571.254638671875, 418.2188720703125]","[553.3466186523438, 414.43023681640625]",1.0
Optical_A-F00322-D001,Optical_A,322,3.22,3.221357493994874,"[484.6077880859375, 509.83551025390625, 518.25634765625, 516.8338623046875]","[501.43206787109375, 513.3346862792969]",1.0
Optical_B-F00322-D000,Optical_B,322,3.22,3.221414107013261,"[311.58160400390625, 375.707275390625, 345.2586364746094, 382.4229736328125]","[328.4201202392578, 379.06512451171875]",1.0
Optical_B-F00322-D001,Optical_B,322,3.22,3.221414107013261,"[302.9554748535156, 385.19219970703125, 337.94683837890625, 392.15582275390625]","[320.45115661621094, 388.67401123046875]",1.0
Optical_B-F00322-D002,Optical_B,322,3.22,3.221414107013261,"[1146.3701171875, 384.804443359375, 1188.4056396484375, 393.23516845703125]","[1167.3878784179688, 389.0198059082031]",1.0
Optical_B-F00322-D003,Optical_B,322,3.22,3.221414107013261,"[743.1995849609375, 715.875, 793.5380859375, 726.10693359375]","[768.3688354492188, 720.990966796875]",1.0
Optical_A-F00323-D000,Optical_A,323,3.23,3.2315505680057686,"[872.1625366210938, 789.14794921875, 925.045166015625, 800.517822265625]","[898.6038513183594, 794.8328857421875]",1.0
Optical_A-F00323-D001,Optical_A,323,3.23,3.2315505680057686,"[1180.7628173828125, 498.12725830078125, 1228.2138671875, 507.76470947265625]","[1204.4883422851562, 502.94598388671875]",1.0
Optical_A-F00323-D002,Optical_A,323,3.23,3.2315505680057686,"[645.1516723632812, 438.42791748046875, 689.58251953125, 447.6368408203125]","[667.3670959472656, 443.0323791503906]",1.0
Optical_A-F00323-D003,Optical_A,323,3.23,3.2315505680057686,"[665.5693359375, 517.328125, 700.965576171875, 524.5777587890625]","[683.2674560546875, 520.9529418945312]",1.0
Optical_A-F00323-D004,Optical_A,323,3.23,3.2315505680057686,"[1029.50244140625, 427.0384521484375, 1063.585693359375, 434.07647705078125]","[1046.5440673828125, 430.5574645996094]",1.0
Optical_A-F00323-D005,Optical_A,323,3.23,3.2315505680057686,"[1071.412841796875, 676.15771484375, 1103.52490234375, 682.89404296875]","[1087.4688720703125, 679.52587890625]",1.0
Optical_B-F00323-D000,Optical_B,323,3.23,3.231549193999381,"[911.4218139648438, 536.43017578125, 944.1279296875, 542.9029541015625]","[927.7748718261719, 539.6665649414062]",1.0
Optical_B-F00323-D001,Optical_B,323,3.23,3.231549193999381,"[818.8973999023438, 417.704833984375, 854.0909423828125, 424.75201416015625]","[836.4941711425781, 421.2284240722656]",1.0
Optical_B-F00323-D002,Optical_B,323,3.23,3.231549193999381,"[356.3323974609375, 384.80169677734375, 398.363037109375, 393.2310791015625]","[377.34771728515625, 389.0163879394531]",1.0
Optical_B-F00323-D003,Optical_B,323,3.23,3.231549193999381,"[0.0, 715.999267578125, 4.133415222167969, 726.234375]","[2.0667076110839844, 721.1168212890625]",1.0
Optical_B-F00323-D004,Optical_B,323,3.23,3.231549193999381,"[974.76513671875, 458.6744384765625, 1031.052490234375, 469.8680419921875]","[1002.9088134765625, 464.271240234375]",1.0
Optical_A-F00324-D000,Optical_A,324,3.24,3.2415526069910268,"[88.20011138916016, 789.276123046875, 141.11831665039062, 800.6591796875]","[114.65921401977539, 794.9676513671875]",1.0
Optical_A-F00324-D001,Optical_A,324,3.24,3.2415526069910268,"[818.12158203125, 645.0264892578125, 871.923828125, 656.165771484375]","[845.022705078125, 650.5961303710938]",1.0
Optical_A-F00324-D002,Optical_A,324,3.24,3.2415526069910268,"[398.2203674316406, 498.126708984375, 445.6648254394531, 507.76458740234375]","[421.9425964355469, 502.9456481933594]",1.0
Optical_A-F00324-D003,Optical_A,324,3.24,3.2415526069910268,"[598.39208984375, 333.079345703125, 636.144775390625, 340.97705078125]","[617.2684326171875, 337.0281982421875]",1.0
Optical_A-F00324-D004,Optical_A,324,3.24,3.2415526069910268,"[245.91880798339844, 427.024169921875, 280.00811767578125, 434.064697265625]","[262.96346282958984, 430.54443359375]",1.0
Optical_A-F00324-D005,Optical_A,324,3.24,3.2415526069910268,"[726.1139526367188, 405.190673828125, 760.5693969726562, 412.2864990234375]","[743.3416748046875, 408.73858642578125]",1.0
Optical_A-F00324-D006,Optical_A,324,3.24,3.2415526069910268,"[286.60693359375, 676.17578125, 318.72161865234375, 682.91552734375]","[302.6642761230469, 679.545654296875]",1.0
Optical_A-F00324-D007,Optical_A,324,3.24,3.2415526069910268,"[931.7169189453125, 335.22271728515625, 964.519287109375, 342.0494384765625]","[948.1181030273438, 338.6360778808594]",1.0
Optical_B-F00324-D000,Optical_B,324,3.24,3.2414868729922457,"[123.27873229980469, 536.43798828125, 155.99948120117188, 542.9124755859375]","[139.63910675048828, 539.6752319335938]",1.0
Optical_B-F00324-D001,Optical_B,324,3.24,3.2414868729922457,"[30.557937622070312, 417.6639404296875, 65.77709197998047, 424.713134765625]","[48.16751480102539, 421.18853759765625]",1.0
Optical_B-F00324-D002,Optical_B,324,3.24,3.2414868729922457,"[1098.00146484375, 509.940185546875, 1131.4339599609375, 516.60009765625]","[1114.7177124023438, 513.2701416015625]",1.0
Optical_B-F00324-D003,Optical_B,324,3.24,3.2414868729922457,"[501.48431396484375, 339.13775634765625, 538.7975463867188, 346.76470947265625]","[520.1409301757812, 342.95123291015625]",1.0
Optical_B-F00324-D004,Optical_B,324,3.24,3.2414868729922457,"[1085.1231689453125, 517.1478271484375, 1120.2525634765625, 524.152099609375]","[1102.6878662109375, 520.6499633789062]",1.0
Optical_B-F00324-D005,Optical_B,324,3.24,3.2414868729922457,"[650.6008911132812, 565.9888916015625, 692.5261840820312, 574.388427734375]","[671.5635375976562, 570.1886596679688]",1.0
Optical_B-F00324-D006,Optical_B,324,3.24,3.2414868729922457,"[183.57620239257812, 458.658447265625, 239.88629150390625, 469.8546142578125]","[211.7312469482422, 464.25653076171875]",1.0
Optical_A-F00325-D000,Optical_A,325,3.25,3.2515141730109463,"[36.132354736328125, 645.0924072265625, 89.9774169921875, 656.24072265625]","[63.05488586425781, 650.6665649414062]",1.0
Optical_A-F00325-D001,Optical_A,325,3.25,3.2515141730109463,"[623.8923950195312, 312.992431640625, 672.7822265625, 323.143798828125]","[648.3373107910156, 318.068115234375]",1.0
Optical_A-F00325-D002,Optical_A,325,3.25,3.2515141730109463,"[147.0311737060547, 335.16961669921875, 179.84840393066406, 342.0009765625]","[163.43978881835938, 338.5852966308594]",1.0
Optical_A-F00325-D003,Optical_A,325,3.25,3.2515141730109463,"[585.5186157226562, 483.85345458984375, 617.1179809570312, 490.20556640625]","[601.3182983398438, 487.0295104980469]",1.0
Optical_B-F00325-D000,Optical_B,325,3.25,3.2524340609961655,"[308.9367370605469, 509.9400634765625, 342.3697509765625, 516.600341796875]","[325.6532440185547, 513.2702026367188]",1.0
Optical_B-F00325-D001,Optical_B,325,3.25,3.2524340609961655,"[297.03265380859375, 517.1484375, 332.1636962890625, 524.1533203125]","[314.5981750488281, 520.65087890625]",1.0
Optical_B-F00325-D002,Optical_B,325,3.25,3.2524340609961655,"[612.2058715820312, 656.499267578125, 655.71533203125, 665.45556640625]","[633.9606018066406, 660.9774169921875]",1.0
Optical_B-F00325-D003,Optical_B,325,3.25,3.2524340609961655,"[924.9944458007812, 726.433349609375, 970.7455444335938, 736.0196533203125]","[947.8699951171875, 731.2265014648438]",1.0
Optical_A-F00326-D000,Optical_A,326,3.2600000000000002,3.261406634008163,"[702.0221557617188, 436.25421142578125, 752.3572998046875, 446.34918212890625]","[727.1897277832031, 441.30169677734375]",1.0
Optical_A-F00326-D001,Optical_A,326,3.2600000000000002,3.261406634008163,"[739.4862060546875, 474.33740234375, 788.89794921875, 484.16802978515625]","[764.1920776367188, 479.2527160644531]",1.0
Optical_A-F00326-D002,Optical_A,326,3.2600000000000002,3.261406634008163,"[834.3828735351562, 382.24176025390625, 876.8724365234375, 390.843017578125]","[855.6276550292969, 386.5423889160156]",1.0
Optical_B-F00326-D000,Optical_B,326,3.2600000000000002,3.261375156003633,"[557.8164672851562, 427.674560546875, 591.8659057617188, 434.66033935546875]","[574.8411865234375, 431.1674499511719]",1.0
Optical_B-F00326-D001,Optical_B,326,3.2600000000000002,3.261375156003633,"[801.6411743164062, 404.58447265625, 836.1481323242188, 411.721435546875]","[818.8946533203125, 408.1529541015625]",1.0
Optical_B-F00326-D002,Optical_B,326,3.2600000000000002,3.261375156003633,"[1168.0, 458.03302001953125, 1206.88916015625, 466.03582763671875]","[1187.444580078125, 462.034423828125]",1.0
Optical_B-F00326-D003,Optical_B,326,3.2600000000000002,3.261375156003633,"[135.00973510742188, 726.508544921875, 180.7842254638672, 736.093994140625]","[157.89698028564453, 731.30126953125]",1.0
Optical_A-F00327-D000,Optical_A,327,3.27,3.2717229950026376,"[50.41759490966797, 382.18182373046875, 92.93777465820312, 390.78900146484375]","[71.67768478393555, 386.48541259765625]",1.0
Optical_A-F00327-D001,Optical_A,327,3.27,3.2717229950026376,"[809.3348388671875, 564.821533203125, 850.8167724609375, 573.0380859375]","[830.0758056640625, 568.9298095703125]",1.0
Optical_A-F00327-D002,Optical_A,327,3.27,3.2717229950026376,"[966.37158203125, 461.525390625, 1004.2880249023438, 469.0078125]","[985.3298034667969, 465.2666015625]",1.0
Optical_A-F00327-D003,Optical_A,327,3.27,3.2717229950026376,"[855.3433837890625, 603.9698486328125, 892.7942504882812, 611.4425048828125]","[874.0688171386719, 607.7061767578125]",1.0
Optical_A-F00327-D004,Optical_A,327,3.27,3.2717229950026376,"[687.0014038085938, 508.55413818359375, 718.8302612304688, 514.7984619140625]","[702.9158325195312, 511.6763000488281]",1.0
Optical_B-F00327-D000,Optical_B,327,3.27,3.2715122129989322,"[13.763160705566406, 404.53485107421875, 48.29673767089844, 411.6734619140625]","[31.029949188232422, 408.1041564941406]",1.0
Optical_B-F00327-D001,Optical_B,327,3.27,3.2715122129989322,"[909.9229736328125, 678.3519287109375, 942.0819091796875, 685.1812744140625]","[926.00244140625, 681.7666015625]",1.0
Optical_B-F00327-D002,Optical_B,327,3.27,3.2715122129989322,"[1143.23291015625, 330.01727294921875, 1176.16357421875, 337.04888916015625]","[1159.6982421875, 333.5330810546875]",1.0
Optical_B-F00327-D003,Optical_B,327,3.27,3.2715122129989322,"[380.0400390625, 458.03167724609375, 418.9244079589844, 466.0338134765625]","[399.4822235107422, 462.0327453613281]",1.0
Optical_B-F00327-D004,Optical_B,327,3.27,3.2715122129989322,"[551.2880859375, 610.3616943359375, 589.6470336914062, 618.357666015625]","[570.4675598144531, 614.3596801757812]",1.0
Optical_A-F00328-D000,Optical_A,328,3.2800000000000002,3.2815521689929303,"[743.0408325195312, 532.4161376953125, 796.2590942382812, 542.8182373046875]","[769.6499633789062, 537.6171875]",1.0
Optical_A-F00328-D001,Optical_A,328,3.2800000000000002,3.2815521689929303,"[26.716232299804688, 564.8446044921875, 68.22921752929688, 573.0655517578125]","[47.47272491455078, 568.955078125]",1.0
Optical_A-F00328-D002,Optical_A,328,3.2800000000000002,3.2815521689929303,"[183.51119995117188, 461.5133056640625, 221.4398193359375, 468.99810791015625]","[202.4755096435547, 465.2557067871094]",1.0
Optical_A-F00328-D003,Optical_A,328,3.2800000000000002,3.2815521689929303,"[71.26026153564453, 604.0059814453125, 108.73542785644531, 611.4827880859375]","[89.99784469604492, 607.744384765625]",1.0
Optical_A-F00328-D004,Optical_A,328,3.2800000000000002,3.2815521689929303,"[654.9749755859375, 426.187255859375, 691.1160888671875, 433.33941650390625]","[673.0455322265625, 429.7633361816406]",1.0
Optical_B-F00328-D000,Optical_B,328,3.2800000000000002,3.28148685098975,"[121.25038146972656, 678.4046630859375, 153.424072265625, 685.2333984375]","[137.33722686767578, 681.8190307617188]",1.0
Optical_B-F00328-D001,Optical_B,328,3.2800000000000002,3.28148685098975,"[354.53997802734375, 330.01513671875, 387.46734619140625, 337.04376220703125]","[371.003662109375, 333.5294494628906]",1.0
Optical_B-F00328-D002,Optical_B,328,3.2800000000000002,3.28148685098975,"[1045.542236328125, 416.9730224609375, 1082.824951171875, 424.898193359375]","[1064.18359375, 420.93560791015625]",1.0
Optical_B-F00328-D003,Optical_B,328,3.2800000000000002,3.28148685098975,"[779.50830078125, 342.7896728515625, 818.933349609375, 351.2476806640625]","[799.2208251953125, 347.0186767578125]",1.0
Optical_B-F00328-D004,Optical_B,328,3.2800000000000002,3.28148685098975,"[1134.7274169921875, 480.9207763671875, 1175.266357421875, 489.4471435546875]","[1154.9968872070312, 485.1839599609375]",1.0
Optical_A-F00329-D000,Optical_A,329,3.29,3.2913555039913627,"[0.0, 532.4276123046875, 14.862785339355469, 542.8359375]","[7.431392669677734, 537.6317749023438]",1.0
Optical_A-F00329-D001,Optical_A,329,3.29,3.2913555039913627,"[556.6351928710938, 646.70458984375, 598.544189453125, 655.0447998046875]","[577.5896911621094, 650.8746948242188]",1.0
Optical_A-F00329-D002,Optical_A,329,3.29,3.2913555039913627,"[653.746337890625, 361.6243896484375, 691.4334106445312, 369.13031005859375]","[672.5898742675781, 365.3773498535156]",1.0
Optical_A-F00329-D003,Optical_A,329,3.29,3.2913555039913627,"[1113.0087890625, 335.1248779296875, 1147.892333984375, 342.084716796875]","[1130.4505615234375, 338.60479736328125]",1.0
Optical_B-F00329-D000,Optical_B,329,3.29,3.291701747009065,"[707.5133056640625, 482.27471923828125, 739.1932373046875, 488.98321533203125]","[723.353271484375, 485.62896728515625]",1.0
Optical_B-F00329-D001,Optical_B,329,3.29,3.291701747009065,"[257.9621887207031, 416.95611572265625, 295.2517395019531, 424.88079833984375]","[276.6069641113281, 420.91845703125]",1.0
Optical_B-F00329-D002,Optical_B,329,3.29,3.291701747009065,"[0.0, 342.7012939453125, 31.172828674316406, 351.16015625]","[15.586414337158203, 346.93072509765625]",1.0
Optical_B-F00329-D003,Optical_B,329,3.29,3.291701747009065,"[345.6036682128906, 480.9188232421875, 386.14202880859375, 489.4451904296875]","[365.8728485107422, 485.1820068359375]",1.0
Optical_B-F00329-D004,Optical_B,329,3.29,3.291701747009065,"[496.8785400390625, 535.87841796875, 537.9902954101562, 544.5528564453125]","[517.4344177246094, 540.2156372070312]",1.0
Optical_B-F00329-D005,Optical_B,329,3.29,3.291701747009065,"[974.7276611328125, 652.104248046875, 1014.5556640625, 660.771484375]","[994.6416625976562, 656.4378662109375]",1.0
Optical_B-F00329-D006,Optical_B,329,3.29,3.291701747009065,"[935.0253295898438, 735.193115234375, 976.66162109375, 744.386474609375]","[955.8434753417969, 739.789794921875]",1.0
Optical_B-F00329-D007,Optical_B,329,3.29,3.291701747009065,"[708.5433959960938, 623.866455078125, 756.734375, 634.24755859375]","[732.6388854980469, 629.0570068359375]",1.0
Optical_A-F00330-D000,Optical_A,330,3.3000000000000003,3.3023451099987144,"[1099.2906494140625, 613.968017578125, 1151.5897216796875, 624.21337890625]","[1125.440185546875, 619.0906982421875]",1.0
Optical_A-F00330-D001,Optical_A,330,3.3000000000000003,3.3023451099987144,"[1000.908203125, 704.014404296875, 1043.787841796875, 712.5731201171875]","[1022.3480224609375, 708.2937622070312]",1.0
Optical_A-F00330-D002,Optical_A,330,3.3000000000000003,3.3023451099987144,"[659.5196533203125, 485.12066650390625, 697.6895141601562, 492.49273681640625]","[678.6045837402344, 488.80670166015625]",1.0
Optical_A-F00330-D003,Optical_A,330,3.3000000000000003,3.3023451099987144,"[1035.9873046875, 532.3863525390625, 1074.40576171875, 539.7891845703125]","[1055.196533203125, 536.0877685546875]",1.0
Optical_A-F00330-D004,Optical_A,330,3.3000000000000003,3.3023451099987144,"[869.5996704101562, 631.3895263671875, 907.0501098632812, 638.761474609375]","[888.3248901367188, 635.0755004882812]",1.0
Optical_A-F00330-D005,Optical_A,330,3.3000000000000003,3.3023451099987144,"[329.13629150390625, 335.114501953125, 364.019775390625, 342.07611083984375]","[346.5780334472656, 338.5953063964844]",1.0
Optical_B-F00330-D000,Optical_B,330,3.3000000000000003,3.3010847059893424,"[187.20848083496094, 652.1475830078125, 227.05166625976562, 660.8138427734375]","[207.13007354736328, 656.480712890625]",1.0
Optical_B-F00330-D001,Optical_B,330,3.3000000000000003,3.3010847059893424,"[147.43252563476562, 735.2755126953125, 189.08831787109375, 744.46630859375]","[168.2604217529297, 739.8709106445312]",1.0
Optical_A-F00331-D000,Optical_A,331,3.31,3.3120902000105708,"[316.79248046875, 613.9820556640625, 369.0926513671875, 624.22998046875]","[342.94256591796875, 619.1060180664062]",1.0
Optical_A-F00331-D001,Optical_A,331,3.31,3.3120902000105708,"[659.3232421875, 702.734130859375, 707.300537109375, 712.287109375]","[683.3118896484375, 707.5106201171875]",1.0
Optical_A-F00331-D002,Optical_A,331,3.31,3.3120902000105708,"[217.72463989257812, 704.056884765625, 260.6164245605469, 712.6192626953125]","[239.1705322265625, 708.3380737304688]",1.0
Optical_A-F00331-D003,Optical_A,331,3.31,3.3120902000105708,"[253.56063842773438, 532.388916015625, 291.9827575683594, 539.79296875]","[272.7716979980469, 536.0909423828125]",1.0
Optical_A-F00331-D004,Optical_A,331,3.31,3.3120902000105708,"[87.0233154296875, 631.4290771484375, 124.49344635009766, 638.8045654296875]","[105.75838088989258, 635.1168212890625]",1.0
Optical_A-F00331-D005,Optical_A,331,3.31,3.3120902000105708,"[827.9498291015625, 698.1304931640625, 866.3946533203125, 705.7701416015625]","[847.1722412109375, 701.9503173828125]",1.0
Optical_B-F00331-D000,Optical_B,331,3.31,3.3112949080119143,"[644.8128662109375, 508.154541015625, 676.8402709960938, 515.123046875]","[660.8265686035156, 511.6387939453125]",1.0
Optical_A-F00332-D000,Optical_A,332,3.3200000000000003,3.321216290998855,"[45.529632568359375, 698.2017822265625, 83.9990234375, 705.8455810546875]","[64.76432800292969, 702.023681640625]",1.0
Optical_A-F00334-D000,Optical_A,334,3.34,3.341080007001292,"[1136.4964599609375, 467.78546142578125, 1184.972900390625, 477.0552978515625]","[1160.7346801757812, 472.4203796386719]",1.0
Optical_A-F00335-D000,Optical_A,335,3.35,3.351396464998834,"[354.43914794921875, 467.78289794921875, 402.9112243652344, 477.0533447265625]","[378.67518615722656, 472.4181213378906]",1.0
Optical_A-F00335-D001,Optical_A,335,3.35,3.351396464998834,"[57.72686004638672, 598.411865234375, 99.07527923583984, 606.40478515625]","[78.40106964111328, 602.4083251953125]",1.0
Optical_A-F00365-D000,Optical_A,365,3.65,3.676631783999619,"[479.6810302734375, 467.49169921875, 528.4729614257812, 476.8236083984375]","[504.0769958496094, 472.15765380859375]",1.0
Optical_A-F00365-D001,Optical_A,365,3.65,3.676631783999619,"[162.80685424804688, 598.89599609375, 204.3885040283203, 606.9345703125]","[183.5976791381836, 602.915283203125]",1.0
Optical_A-F00366-D000,Optical_A,366,3.66,3.6612272680032767,"[1270.14404296875, 467.46734619140625, 1280.0, 476.80438232421875]","[1275.072021484375, 472.1358642578125]",1.0
Optical_A-F00366-D001,Optical_A,366,3.66,3.6612272680032767,"[952.5299682617188, 598.90576171875, 994.1134643554688, 606.945068359375]","[973.3217163085938, 602.9254150390625]",1.0
Optical_A-F00368-D000,Optical_A,368,3.68,3.6818011189968094,"[52.018280029296875, 704.1722412109375, 100.41397094726562, 713.8016357421875]","[76.21612548828125, 708.9869384765625]",1.0
Optical_A-F00368-D001,Optical_A,368,3.68,3.6818011189968094,"[185.7843780517578, 699.2303466796875, 224.4873046875, 706.9180908203125]","[205.1358413696289, 703.07421875]",1.0
Optical_A-F00369-D000,Optical_A,369,3.69,3.6915803620044607,"[459.7234802246094, 614.9932861328125, 512.5833129882812, 625.3450927734375]","[486.1533966064453, 620.169189453125]",1.0
Optical_A-F00369-D001,Optical_A,369,3.69,3.6915803620044607,"[843.18017578125, 704.169921875, 891.565673828125, 713.797607421875]","[867.3729248046875, 708.9837646484375]",1.0
Optical_A-F00369-D002,Optical_A,369,3.69,3.6915803620044607,"[333.9986572265625, 705.6170654296875, 377.2652893066406, 714.2518310546875]","[355.63197326660156, 709.9344482421875]",1.0
Optical_A-F00369-D003,Optical_A,369,3.69,3.6915803620044607,"[0.0, 484.9083251953125, 15.496788024902344, 492.3389892578125]","[7.748394012451172, 488.6236572265625]",1.0
Optical_A-F00369-D004,Optical_A,369,3.69,3.6915803620044607,"[398.4661865234375, 532.511962890625, 437.15264892578125, 539.9609375]","[417.8094177246094, 536.2364501953125]",1.0
Optical_A-F00369-D005,Optical_A,369,3.69,3.6915803620044607,"[227.45989990234375, 632.1324462890625, 265.1792907714844, 639.552490234375]","[246.31959533691406, 635.8424682617188]",1.0
Optical_A-F00369-D006,Optical_A,369,3.69,3.6915803620044607,"[975.9466552734375, 699.250732421875, 1014.6536865234375, 706.938232421875]","[995.3001708984375, 703.094482421875]",1.0
Optical_B-F00369-D000,Optical_B,369,3.69,3.691661871006945,"[567.8822021484375, 508.12615966796875, 600.2009887695312, 515.1461181640625]","[584.0415954589844, 511.6361389160156]",1.0
Optical_B-F00369-D001,Optical_B,369,3.69,3.691661871006945,"[502.7392272949219, 302.75482177734375, 539.40771484375, 311.0030517578125]","[521.0734710693359, 306.8789367675781]",1.0
Optical_A-F00370-D000,Optical_A,370,3.7,3.7016160020022655,"[1249.7996826171875, 615.052001953125, 1280.0, 625.4088134765625]","[1264.8998413085938, 620.2304077148438]",1.0
Optical_A-F00370-D001,Optical_A,370,3.7,3.7016160020022655,"[1123.309814453125, 705.6864013671875, 1166.599853515625, 714.32275390625]","[1144.954833984375, 710.0045776367188]",1.0
Optical_A-F00370-D002,Optical_A,370,3.7,3.7016160020022655,"[14.326248168945312, 360.55517578125, 52.334556579589844, 368.1173095703125]","[33.33040237426758, 364.33624267578125]",1.0
Optical_A-F00370-D003,Optical_A,370,3.7,3.7016160020022655,"[765.9730224609375, 484.9117431640625, 804.4680786132812, 492.34130859375]","[785.2205505371094, 488.62652587890625]",1.0
Optical_A-F00370-D004,Optical_A,370,3.7,3.7016160020022655,"[1188.5511474609375, 532.519775390625, 1227.26123046875, 539.9713134765625]","[1207.9061889648438, 536.2455444335938]",1.0
Optical_A-F00370-D005,Optical_A,370,3.7,3.7016160020022655,"[1017.3956298828125, 632.1519775390625, 1055.1209716796875, 639.5723876953125]","[1036.25830078125, 635.8621826171875]",1.0
Optical_A-F00370-D006,Optical_A,370,3.7,3.7016160020022655,"[424.22283935546875, 333.85595703125, 459.37530517578125, 340.86871337890625]","[441.799072265625, 337.3623352050781]",1.0
Optical_B-F00370-D000,Optical_B,370,3.7,3.701296256989008,"[135.34014892578125, 653.5521240234375, 175.62640380859375, 662.3076171875]","[155.4832763671875, 657.9298706054688]",1.0
Optical_B-F00370-D001,Optical_B,370,3.7,3.701296256989008,"[92.80525207519531, 737.6141357421875, 134.94476318359375, 746.9052734375]","[113.87500762939453, 742.2597045898438]",1.0
Optical_A-F00371-D000,Optical_A,371,3.71,3.711609319995623,"[169.16506958007812, 532.631103515625, 223.05325317382812, 543.1439208984375]","[196.10916137695312, 537.8875122070312]",1.0
Optical_A-F00371-D001,Optical_A,371,3.71,3.711609319995623,"[672.2262573242188, 647.9398193359375, 714.5587158203125, 656.358642578125]","[693.3924865722656, 652.1492309570312]",1.0
Optical_A-F00371-D002,Optical_A,371,3.71,3.711609319995623,"[11.923294067382812, 425.55352783203125, 48.38890075683594, 432.7601318359375]","[30.156097412109375, 429.1568298339844]",1.0
Optical_A-F00371-D003,Optical_A,371,3.71,3.711609319995623,"[804.2259521484375, 360.57122802734375, 842.2213745117188, 368.1312255859375]","[823.2236633300781, 364.3512268066406]",1.0
Optical_A-F00371-D004,Optical_A,371,3.71,3.711609319995623,"[1212.88232421875, 333.78076171875, 1248.0604248046875, 340.7952880859375]","[1230.4713745117188, 337.28802490234375]",1.0
Optical_B-F00371-D000,Optical_B,371,3.71,3.7115489159995922,"[662.3157348632812, 482.02899169921875, 694.2857666015625, 488.79315185546875]","[678.3007507324219, 485.41107177734375]",1.0
Optical_B-F00371-D001,Optical_B,371,3.71,3.7115489159995922,"[200.799072265625, 416.03759765625, 238.49029541015625, 424.0401611328125]","[219.64468383789062, 420.03887939453125]",1.0
Optical_B-F00371-D002,Optical_B,371,3.71,3.7115489159995922,"[223.4752655029297, 480.61834716796875, 264.50042724609375, 489.2275390625]","[243.98784637451172, 484.9229431152344]",1.0
Optical_B-F00371-D003,Optical_B,371,3.71,3.7115489159995922,"[920.2764892578125, 653.5693359375, 960.565185546875, 662.3297119140625]","[940.4208374023438, 657.9495239257812]",1.0
Optical_B-F00371-D004,Optical_B,371,3.71,3.7115489159995922,"[877.685546875, 737.6322021484375, 919.8236083984375, 746.9302978515625]","[898.7545776367188, 742.28125]",1.0
Optical_B-F00371-D005,Optical_B,371,3.71,3.7115489159995922,"[566.2607421875, 625.1611328125, 615.1409301757812, 635.6651611328125]","[590.7008361816406, 630.4131469726562]",1.0
Optical_A-F00372-D000,Optical_A,372,3.72,3.722260306006065,"[960.399169921875, 532.635009765625, 1014.2965087890625, 543.1492919921875]","[987.3478393554688, 537.8921508789062]",1.0
Optical_A-F00372-D001,Optical_A,372,3.72,3.722260306006065,"[191.00181579589844, 565.2884521484375, 232.9277801513672, 573.579345703125]","[211.9647979736328, 569.4338989257812]",1.0
Optical_A-F00372-D002,Optical_A,372,3.72,3.722260306006065,"[334.489990234375, 461.12615966796875, 372.7629089355469, 468.6688232421875]","[353.62644958496094, 464.8974914550781]",1.0
Optical_A-F00372-D003,Optical_A,372,3.72,3.722260306006065,"[169.56271362304688, 604.8175048828125, 207.40333557128906, 612.3614501953125]","[188.48302459716797, 608.5894775390625]",1.0
Optical_A-F00372-D004,Optical_A,372,3.72,3.722260306006065,"[801.5833740234375, 425.56317138671875, 838.03662109375, 432.7681884765625]","[819.8099975585938, 429.1656799316406]",1.0
Optical_A-F00372-D005,Optical_A,372,3.72,3.722260306006065,"[0.0, 508.5262451171875, 16.907730102539062, 514.8211669921875]","[8.453865051269531, 511.6737060546875]",1.0
Optical_B-F00372-D000,Optical_B,372,3.72,3.7215551149990644,"[13.880233764648438, 679.69287109375, 46.36524200439453, 686.576171875]","[30.122737884521484, 683.134521484375]",1.0
Optical_B-F00372-D001,Optical_B,372,3.72,3.7215551149990644,"[246.03848266601562, 328.565185546875, 279.2918395996094, 335.6517333984375]","[262.6651611328125, 332.10845947265625]",1.0
Optical_B-F00372-D002,Optical_B,372,3.72,3.7215551149990644,"[985.6590576171875, 416.0179443359375, 1023.3560791015625, 424.0240478515625]","[1004.507568359375, 420.02099609375]",1.0
Optical_B-F00372-D003,Optical_B,372,3.72,3.7215551149990644,"[713.6337280273438, 340.99871826171875, 753.521240234375, 349.5489501953125]","[733.5774841308594, 345.2738342285156]",1.0
Optical_B-F00372-D004,Optical_B,372,3.72,3.7215551149990644,"[1006.7718505859375, 480.6109619140625, 1047.8087158203125, 489.22271728515625]","[1027.290283203125, 484.9168395996094]",1.0
Optical_B-F00372-D005,Optical_B,372,3.72,3.7215551149990644,"[1220.865234375, 536.14599609375, 1262.499267578125, 544.9190673828125]","[1241.6822509765625, 540.5325317382812]",1.0
Optical_A-F00373-D000,Optical_A,373,3.73,3.7315109469968593,"[46.47777557373047, 435.23541259765625, 97.57987976074219, 445.4691162109375]","[72.02882766723633, 440.3522644042969]",1.0
Optical_A-F00373-D001,Optical_A,373,3.73,3.7315109469968593,"[155.04844665527344, 473.906005859375, 205.14991760253906, 483.85040283203125]","[180.09918212890625, 478.8782043457031]",1.0
Optical_A-F00373-D002,Optical_A,373,3.73,3.7315109469968593,"[159.5758819580078, 380.7874755859375, 202.60250854492188, 389.48931884765625]","[181.08919525146484, 385.1383972167969]",1.0
Optical_A-F00373-D003,Optical_A,373,3.73,3.7315109469968593,"[981.029541015625, 565.296875, 1022.9611206054688, 573.5882568359375]","[1001.9953308105469, 569.4425659179688]",1.0
Optical_A-F00373-D004,Optical_A,373,3.73,3.7315109469968593,"[1124.21728515625, 461.11053466796875, 1162.5089111328125, 468.655029296875]","[1143.3630981445312, 464.8827819824219]",1.0
Optical_A-F00373-D005,Optical_A,373,3.73,3.7315109469968593,"[958.0833740234375, 604.830078125, 995.926513671875, 612.3740234375]","[977.0049438476562, 608.60205078125]",1.0
Optical_A-F00373-D006,Optical_A,373,3.73,3.7315109469968593,"[773.01318359375, 508.5267333984375, 805.1233520507812, 514.82080078125]","[789.0682678222656, 511.67376708984375]",1.0
Optical_B-F00373-D000,Optical_B,373,3.73,3.731279008007259,"[797.7230224609375, 679.6748046875, 830.19677734375, 686.5604248046875]","[813.9598999023438, 683.1176147460938]",1.0
Optical_B-F00373-D001,Optical_B,373,3.73,3.731279008007259,"[1029.78515625, 328.52728271484375, 1063.046630859375, 335.618408203125]","[1046.4158935546875, 332.0728454589844]",1.0
Optical_B-F00373-D002,Optical_B,373,3.73,3.731279008007259,"[300.8428649902344, 457.459228515625, 340.18927001953125, 465.5469970703125]","[320.5160675048828, 461.50311279296875]",1.0
Optical_B-F00373-D003,Optical_B,373,3.73,3.731279008007259,"[414.6330261230469, 611.2906494140625, 453.4399108886719, 619.36376953125]","[434.0364685058594, 615.3272094726562]",1.0
Optical_A-F00374-D000,Optical_A,374,3.74,3.7414797460025877,"[0.0, 310.19793701171875, 9.374847412109375, 320.50091552734375]","[4.6874237060546875, 315.34942626953125]",1.0
Optical_A-F00374-D001,Optical_A,374,3.74,3.7414797460025877,"[835.6100463867188, 435.23138427734375, 886.7056274414062, 445.4644775390625]","[861.1578369140625, 440.3479309082031]",1.0
Optical_A-F00374-D002,Optical_A,374,3.74,3.7414797460025877,"[945.66748046875, 473.90032958984375, 995.775146484375, 483.845703125]","[970.7213134765625, 478.8730163574219]",1.0
Optical_A-F00374-D003,Optical_A,374,3.74,3.7414797460025877,"[948.2470092773438, 380.76824951171875, 991.2777709960938, 389.46954345703125]","[969.7623901367188, 385.118896484375]",1.0
Optical_B-F00374-D000,Optical_B,374,3.74,3.741646844990319,"[480.4071350097656, 426.8734130859375, 514.81884765625, 433.9266357421875]","[497.6129913330078, 430.4000244140625]",1.0
Optical_B-F00374-D001,Optical_B,374,3.74,3.741646844990319,"[725.25048828125, 403.54644775390625, 760.1305541992188, 410.753662109375]","[742.6905212402344, 407.1500549316406]",1.0
Optical_B-F00374-D002,Optical_B,374,3.74,3.741646844990319,"[1085.3394775390625, 457.44122314453125, 1124.7030029296875, 465.5325927734375]","[1105.021240234375, 461.4869079589844]",1.0
Optical_B-F00374-D003,Optical_B,374,3.74,3.741646844990319,"[1197.901123046875, 611.3330078125, 1236.735595703125, 619.41162109375]","[1217.318359375, 615.372314453125]",1.0
Optical_B-F00374-D004,Optical_B,374,3.74,3.741646844990319,"[0.0, 728.9443359375, 0.2556610107421875, 738.643310546875]","[0.12783050537109375, 733.7938232421875]",1.0
Optical_A-F00375-D000,Optical_A,375,3.75,3.75300486299966,"[254.8695068359375, 646.918212890625, 309.6145935058594, 658.223876953125]","[282.24205017089844, 652.571044921875]",1.0
Optical_A-F00375-D001,Optical_A,375,3.75,3.75300486299966,"[748.5899658203125, 310.2100830078125, 798.2442626953125, 320.50860595703125]","[773.4171142578125, 315.3593444824219]",1.0
Optical_A-F00375-D002,Optical_A,375,3.75,3.75300486299966,"[81.31027221679688, 404.1949462890625, 116.16565704345703, 411.35980224609375]","[98.73796463012695, 407.7773742675781]",1.0
Optical_A-F00375-D003,Optical_A,375,3.75,3.75300486299966,"[226.42921447753906, 333.50732421875, 259.58941650390625, 340.405029296875]","[243.00931549072266, 336.9561767578125]",1.0
Optical_A-F00375-D004,Optical_A,375,3.75,3.75300486299966,"[716.6314697265625, 483.62939453125, 748.5386962890625, 490.0322265625]","[732.5850830078125, 486.830810546875]",1.0
Optical_B-F00375-D000,Optical_B,375,3.75,3.751844072001404,"[167.51708984375, 509.92279052734375, 201.29351806640625, 516.638916015625]","[184.40530395507812, 513.2808532714844]",1.0
Optical_B-F00375-D001,Optical_B,375,3.75,3.751844072001404,"[204.53140258789062, 517.1995849609375, 240.05551147460938, 524.2744140625]","[222.29345703125, 520.7369995117188]",1.0
Optical_B-F00375-D002,Optical_B,375,3.75,3.751844072001404,"[1265.0831298828125, 426.82928466796875, 1280.0, 433.88739013671875]","[1272.5415649414062, 430.35833740234375]",1.0
Optical_B-F00375-D003,Optical_B,375,3.75,3.751844072001404,"[430.25335693359375, 658.084716796875, 474.3470764160156, 667.1422119140625]","[452.3002166748047, 662.6134643554688]",1.0
Optical_B-F00375-D004,Optical_B,375,3.75,3.751844072001404,"[736.36962890625, 728.9190673828125, 782.76904296875, 738.621337890625]","[759.5693359375, 733.7702026367188]",1.0
Optical_A-F00376-D000,Optical_A,376,3.7600000000000002,3.7619902179919884,"[210.18109130859375, 793.77197265625, 264.054931640625, 805.349609375]","[237.11801147460938, 799.560791015625]",1.0
Optical_A-F00376-D001,Optical_A,376,3.7600000000000002,3.7619902179919884,"[1045.5517578125, 646.963623046875, 1100.31884765625, 658.2696533203125]","[1072.935302734375, 652.6166381835938]",1.0
Optical_A-F00376-D002,Optical_A,376,3.7600000000000002,3.7619902179919884,"[594.2857666015625, 497.9473876953125, 642.482421875, 507.7099609375]","[618.3840942382812, 502.82867431640625]",1.0
Optical_A-F00376-D003,Optical_A,376,3.7600000000000002,3.7619902179919884,"[0.0, 437.3677978515625, 5.3037261962890625, 446.7125244140625]","[2.6518630981445312, 442.0401611328125]",1.0
Optical_A-F00376-D004,Optical_A,376,3.7600000000000002,3.7619902179919884,"[690.2078247070312, 331.03094482421875, 728.4449462890625, 339.02203369140625]","[709.3263854980469, 335.0264892578125]",1.0
Optical_A-F00376-D005,Optical_A,376,3.7600000000000002,3.7619902179919884,"[23.989334106445312, 517.3829345703125, 59.843597412109375, 524.707763671875]","[41.916465759277344, 521.0453491210938]",1.0
Optical_A-F00376-D006,Optical_A,376,3.7600000000000002,3.7619902179919884,"[385.22064208984375, 426.23614501953125, 419.6968994140625, 433.34295654296875]","[402.4587707519531, 429.78955078125]",1.0
Optical_A-F00376-D007,Optical_A,376,3.7600000000000002,3.7619902179919884,"[361.90557861328125, 677.777099609375, 394.369873046875, 684.5849609375]","[378.1377258300781, 681.1810302734375]",1.0
Optical_A-F00376-D008,Optical_A,376,3.7600000000000002,3.7619902179919884,"[1014.278564453125, 333.4755859375, 1047.4456787109375, 340.37200927734375]","[1030.8621215820312, 336.9237976074219]",1.0
Optical_B-F00376-D000,Optical_B,376,3.7600000000000002,3.762304320005351,"[25.70751190185547, 536.66796875, 58.77510070800781, 543.2037353515625]","[42.24130630493164, 539.9358520507812]",1.0
Optical_B-F00376-D001,Optical_B,376,3.7600000000000002,3.762304320005351,"[950.9300537109375, 509.922607421875, 984.7071533203125, 516.639404296875]","[967.818603515625, 513.281005859375]",1.0
Optical_B-F00376-D002,Optical_B,376,3.7600000000000002,3.762304320005351,"[332.70440673828125, 337.50048828125, 370.44580078125, 345.2020263671875]","[351.5751037597656, 341.35125732421875]",1.0
Optical_B-F00376-D003,Optical_B,376,3.7600000000000002,3.762304320005351,"[988.919677734375, 517.200439453125, 1024.449462890625, 524.2764892578125]","[1006.6845703125, 520.7384643554688]",1.0
Optical_B-F00376-D004,Optical_B,376,3.7600000000000002,3.762304320005351,"[530.8604736328125, 566.6456298828125, 573.3574829101562, 575.1485595703125]","[552.1089782714844, 570.8970947265625]",1.0
Optical_B-F00376-D005,Optical_B,376,3.7600000000000002,3.762304320005351,"[1212.87060546875, 658.152587890625, 1256.996826171875, 667.217041015625]","[1234.9337158203125, 662.684814453125]",1.0
Optical_A-F00377-D000,Optical_A,377,3.77,3.771727292998112,"[998.8037109375, 793.8609619140625, 1052.69677734375, 805.4346923828125]","[1025.750244140625, 799.6478271484375]",1.0
Optical_A-F00377-D001,Optical_A,377,3.77,3.771727292998112,"[748.4235229492188, 437.37359619140625, 793.56689453125, 446.71612548828125]","[770.9952087402344, 442.04486083984375]",1.0
Optical_A-F00377-D002,Optical_A,377,3.77,3.771727292998112,"[813.0475463867188, 517.3826904296875, 848.8919677734375, 524.706787109375]","[830.9697570800781, 521.0447387695312]",1.0
Optical_A-F00377-D003,Optical_A,377,3.77,3.771727292998112,"[1174.1875, 426.2044677734375, 1208.6845703125, 433.31268310546875]","[1191.43603515625, 429.7585754394531]",1.0
Optical_A-F00377-D004,Optical_A,377,3.77,3.771727292998112,"[1149.622314453125, 677.837158203125, 1182.1046142578125, 684.644775390625]","[1165.8634643554688, 681.240966796875]",1.0
Optical_B-F00377-D000,Optical_B,377,3.77,3.771619456001208,"[810.1428833007812, 536.6658935546875, 843.1995239257812, 543.201416015625]","[826.6712036132812, 539.9336547851562]",1.0
Optical_B-F00377-D001,Optical_B,377,3.77,3.771619456001208,"[708.979736328125, 416.72509765625, 744.5807495117188, 423.84674072265625]","[726.7802429199219, 420.2859191894531]",1.0
Optical_B-F00377-D002,Optical_B,377,3.77,3.771619456001208,"[1115.7020263671875, 337.4453125, 1153.462158203125, 345.15155029296875]","[1134.5820922851562, 341.2984313964844]",1.0
Optical_B-F00377-D003,Optical_B,377,3.77,3.771619456001208,"[150.60336303710938, 383.4365234375, 193.17771911621094, 391.95849609375]","[171.89054107666016, 387.697509765625]",1.0
Optical_B-F00377-D004,Optical_B,377,3.77,3.771619456001208,"[705.343505859375, 457.8997802734375, 762.6119384765625, 469.25738525390625]","[733.9777221679688, 463.5785827636719]",1.0
Optical_A-F00378-D000,Optical_A,378,3.7800000000000002,3.7814254859997893,"[682.6348266601562, 409.51300048828125, 718.943115234375, 417.1761474609375]","[700.7889709472656, 413.3445739746094]",1.0
Optical_A-F00378-D001,Optical_A,378,3.7800000000000002,3.7814254859997893,"[555.9736328125, 509.81060791015625, 590.0521240234375, 516.8895263671875]","[573.0128784179688, 513.3500671386719]",1.0
Optical_B-F00378-D000,Optical_B,378,3.7800000000000002,3.781292354994803,"[190.8727264404297, 374.33978271484375, 224.92520141601562, 381.12457275390625]","[207.89896392822266, 377.732177734375]",1.0
Optical_B-F00378-D001,Optical_B,378,3.7800000000000002,3.781292354994803,"[119.5346450805664, 384.056884765625, 154.898681640625, 391.0843505859375]","[137.2166633605957, 387.57061767578125]",1.0
Optical_B-F00378-D002,Optical_B,378,3.7800000000000002,3.781292354994803,"[933.0197143554688, 383.4228515625, 975.5955810546875, 391.94732666015625]","[954.3076477050781, 387.6850891113281]",1.0
Optical_B-F00378-D003,Optical_B,378,3.7800000000000002,3.781292354994803,"[567.637939453125, 718.955322265625, 618.8206176757812, 729.3485107421875]","[593.2292785644531, 724.1519165039062]",1.0
Optical_A-F00379-D000,Optical_A,379,3.79,3.792530333993491,"[674.1409912109375, 452.33905029296875, 721.49755859375, 462.39324951171875]","[697.8192749023438, 457.36614990234375]",1.0
Optical_A-F00379-D001,Optical_A,379,3.79,3.792530333993491,"[558.2333374023438, 484.57257080078125, 603.984619140625, 494.249267578125]","[581.1089782714844, 489.4109191894531]",1.0
Optical_A-F00379-D002,Optical_A,379,3.79,3.792530333993491,"[80.15567779541016, 366.7789306640625, 116.74457550048828, 374.76513671875]","[98.45012664794922, 370.77203369140625]",1.0
Optical_A-F00379-D003,Optical_A,379,3.79,3.792530333993491,"[33.10070037841797, 539.0328369140625, 66.5750503540039, 546.196533203125]","[49.83787536621094, 542.6146850585938]",1.0
Optical_B-F00379-D000,Optical_B,379,3.79,3.7914351830031956,"[974.9361572265625, 374.32159423828125, 1008.9935302734375, 381.1085205078125]","[991.96484375, 377.7150573730469]",1.0
Optical_B-F00379-D001,Optical_B,379,3.79,3.7914351830031956,"[902.488037109375, 384.05401611328125, 937.847900390625, 391.082763671875]","[920.16796875, 387.5683898925781]",1.0
Optical_A-F00380-D000,Optical_A,380,3.8000000000000003,3.8013933099980934,"[109.05269622802734, 354.5224609375, 144.02305603027344, 362.2926025390625]","[126.53787612915039, 358.40753173828125]",1.0
Optical_A-F00380-D001,Optical_A,380,3.8000000000000003,3.8013933099980934,"[867.5503540039062, 366.7744140625, 904.1343994140625, 374.7576904296875]","[885.8423767089844, 370.76605224609375]",1.0
Optical_A-F00381-D000,Optical_A,381,3.81,3.8115959570009728,"[897.5428466796875, 354.5152587890625, 932.5112915039062, 362.2822265625]","[915.0270690917969, 358.39874267578125]",1.0
Optical_B-F00381-D000,Optical_B,381,3.81,3.81135819199204,"[478.2662353515625, 447.6446533203125, 519.8362426757812, 455.6934814453125]","[499.0512390136719, 451.6690673828125]",1.0
Optical_B-F00381-D001,Optical_B,381,3.81,3.81135819199204,"[70.95626831054688, 477.83935546875, 117.38651275634766, 486.75286865234375]","[94.17139053344727, 482.2961120605469]",1.0
Optical_B-F00381-D002,Optical_B,381,3.81,3.81135819199204,"[538.929931640625, 614.7432861328125, 591.7259521484375, 625.0694580078125]","[565.3279418945312, 619.9063720703125]",1.0
Optical_B-F00382-D000,Optical_B,382,3.8200000000000003,3.821696171006188,"[450.4376220703125, 500.04962158203125, 493.9402770996094, 508.35107421875]","[472.18894958496094, 504.2003479003906]",1.0
Optical_B-F00382-D001,Optical_B,382,3.8200000000000003,3.821696171006188,"[1260.38037109375, 447.61346435546875, 1280.0, 455.66656494140625]","[1270.190185546875, 451.6400146484375]",1.0
Optical_B-F00382-D002,Optical_B,382,3.8200000000000003,3.821696171006188,"[449.6889953613281, 337.181396484375, 494.7532653808594, 346.0733642578125]","[472.22113037109375, 341.62738037109375]",1.0
Optical_B-F00382-D003,Optical_B,382,3.8200000000000003,3.821696171006188,"[376.8538818359375, 444.3846435546875, 423.5069274902344, 453.387451171875]","[400.18040466308594, 448.88604736328125]",1.0
Optical_B-F00382-D004,Optical_B,382,3.8200000000000003,3.821696171006188,"[853.7326049804688, 477.838134765625, 900.1563720703125, 486.75213623046875]","[876.9444885253906, 482.2951354980469]",1.0
Optical_B-F00382-D005,Optical_B,382,3.8200000000000003,3.821696171006188,"[113.4140396118164, 530.783447265625, 163.4491729736328, 540.3499755859375]","[138.4316062927246, 535.5667114257812]",1.0
Optical_B-F00383-D000,Optical_B,383,3.83,3.8314478910015897,"[20.293312072753906, 465.14947509765625, 61.467552185058594, 473.03515625]","[40.88043212890625, 469.0923156738281]",1.0
Optical_B-F00383-D001,Optical_B,383,3.83,3.8314478910015897,"[531.019287109375, 490.1087646484375, 571.482421875, 497.8292236328125]","[551.2508544921875, 493.968994140625]",1.0
Optical_B-F00383-D002,Optical_B,383,3.83,3.8314478910015897,"[1233.4044189453125, 500.04376220703125, 1276.94140625, 508.34930419921875]","[1255.1729125976562, 504.196533203125]",1.0
Optical_B-F00383-D003,Optical_B,383,3.83,3.8314478910015897,"[1231.3448486328125, 337.10125732421875, 1276.4425048828125, 345.998291015625]","[1253.8936767578125, 341.5497741699219]",1.0
Optical_B-F00383-D004,Optical_B,383,3.83,3.8314478910015897,"[1158.3043212890625, 444.359375, 1204.9827880859375, 453.3658447265625]","[1181.6435546875, 448.86260986328125]",1.0
Optical_B-F00383-D005,Optical_B,383,3.83,3.8314478910015897,"[895.7755126953125, 530.7852783203125, 945.8106079101562, 540.3529052734375]","[920.7930603027344, 535.569091796875]",1.0
Optical_B-F00384-D000,Optical_B,384,3.84,3.8411534960067364,"[803.2125854492188, 465.15264892578125, 844.3746948242188, 473.03790283203125]","[823.7936401367188, 469.09527587890625]",1.0
Optical_B-F00385-D000,Optical_B,385,3.85,3.8511869949958055,"[480.6522216796875, 731.01171875, 525.5404052734375, 739.92578125]","[503.0963134765625, 735.46875]",1.0
Optical_B-F00385-D001,Optical_B,385,3.85,3.8511869949958055,"[644.2662353515625, 619.22900390625, 690.3394165039062, 628.1728515625]","[667.3028259277344, 623.700927734375]",1.0
Optical_B-F00386-D000,Optical_B,386,3.86,3.861446513997507,"[1261.979248046875, 731.1156005859375, 1280.0, 740.0340576171875]","[1270.9896240234375, 735.5748291015625]",1.0
Optical_B-F00414-D000,Optical_B,414,4.14,4.141506080006947,"[1120.8563232421875, 732.0546875, 1165.9666748046875, 741.0130615234375]","[1143.4114990234375, 736.5338745117188]",1.0
Optical_B-F00415-D000,Optical_B,415,4.15,4.151264812002774,"[329.51141357421875, 732.059326171875, 374.61737060546875, 741.0179443359375]","[352.06439208984375, 736.5386352539062]",1.0
Optical_B-F00415-D001,Optical_B,415,4.15,4.151264812002774,"[523.5084228515625, 619.8985595703125, 569.8705444335938, 628.8997802734375]","[546.6894836425781, 624.399169921875]",1.0
Optical_B-F00416-D000,Optical_B,416,4.16,4.16113818400132,"[693.7449951171875, 464.866455078125, 735.1646728515625, 472.80029296875]","[714.454833984375, 468.8333740234375]",1.0
Optical_B-F00416-D001,Optical_B,416,4.16,4.16113818400132,"[1175.01025390625, 489.99200439453125, 1215.7139892578125, 497.7537841796875]","[1195.3621215820312, 493.8728942871094]",1.0
Optical_B-F00417-D000,Optical_B,417,4.17,4.171620711002033,"[384.3966369628906, 489.99310302734375, 425.0901794433594, 497.75445556640625]","[404.743408203125, 493.873779296875]",1.0
Optical_B-F00417-D001,Optical_B,417,4.17,4.171620711002033,"[1118.405029296875, 499.95953369140625, 1162.2625732421875, 508.3236083984375]","[1140.3338012695312, 504.1415710449219]",1.0
Optical_B-F00417-D002,Optical_B,417,4.17,4.171620711002033,"[1071.635986328125, 336.0682373046875, 1117.0201416015625, 345.01953125]","[1094.3280639648438, 340.54388427734375]",1.0
Optical_B-F00417-D003,Optical_B,417,4.17,4.171620711002033,"[992.5482177734375, 443.94586181640625, 1039.53466796875, 453.008056640625]","[1016.0414428710938, 448.4769592285156]",1.0
Optical_B-F00417-D004,Optical_B,417,4.17,4.171620711002033,"[760.8651733398438, 530.9371337890625, 811.3243408203125, 540.5826416015625]","[786.0947570800781, 535.7598876953125]",1.0
Optical_B-F00418-D000,Optical_B,418,4.18,4.181677306005149,"[328.71484375, 499.9586181640625, 372.57025146484375, 508.32330322265625]","[350.6425476074219, 504.1409606933594]",1.0
Optical_B-F00418-D001,Optical_B,418,4.18,4.181677306005149,"[1108.7144775390625, 447.22784423828125, 1150.593505859375, 455.32977294921875]","[1129.6539916992188, 451.27880859375]",1.0
Optical_B-F00418-D002,Optical_B,418,4.18,4.181677306005149,"[280.63409423828125, 336.050537109375, 326.0208435058594, 345.00201416015625]","[303.3274688720703, 340.5262756347656]",1.0
Optical_B-F00418-D003,Optical_B,418,4.18,4.181677306005149,"[201.3660430908203, 443.931884765625, 248.3647918701172, 452.99566650390625]","[224.86541748046875, 448.4637756347656]",1.0
Optical_B-F00418-D004,Optical_B,418,4.18,4.181677306005149,"[726.839111328125, 477.559814453125, 773.6640625, 486.54681396484375]","[750.2515869140625, 482.0533142089844]",1.0
Optical_B-F00418-D005,Optical_B,418,4.18,4.181677306005149,"[0.0, 530.9476318359375, 20.99864959716797, 540.598388671875]","[10.499324798583984, 535.7730102539062]",1.0
Optical_B-F00418-D006,Optical_B,418,4.18,4.181677306005149,"[1127.386474609375, 615.5875244140625, 1180.6824951171875, 626.00146484375]","[1154.0344848632812, 620.7944946289062]",1.0
Optical_A-F00419-D000,Optical_A,419,4.19,4.191223195009516,"[983.0709838867188, 353.2554931640625, 1018.3861083984375, 361.08624267578125]","[1000.7285461425781, 357.1708679199219]",1.0
Optical_B-F00419-D000,Optical_B,419,4.19,4.191252661997569,"[318.2333679199219, 447.22479248046875, 360.11175537109375, 455.3267822265625]","[339.1725616455078, 451.2757873535156]",1.0
Optical_B-F00419-D001,Optical_B,419,4.19,4.191252661997569,"[335.7509765625, 615.5948486328125, 389.0438232421875, 626.008544921875]","[362.39739990234375, 620.8016967773438]",1.0
Optical_A-F00420-D000,Optical_A,420,4.2,4.202089194007567,"[199.10433959960938, 353.2142333984375, 234.4316864013672, 361.05059814453125]","[216.76801300048828, 357.1324157714844]",1.0
Optical_A-F00420-D001,Optical_A,420,4.2,4.202089194007567,"[913.2034912109375, 365.43182373046875, 950.1611328125, 373.49078369140625]","[931.6823120117188, 369.4613037109375]",1.0
Optical_A-F00420-D002,Optical_A,420,4.2,4.202089194007567,"[912.075927734375, 539.2430419921875, 945.8663330078125, 546.4620361328125]","[928.9711303710938, 542.8525390625]",1.0
Optical_A-F00421-D000,Optical_A,421,4.21,4.211363667004625,"[814.5631103515625, 451.66131591796875, 862.5872192382812, 461.830810546875]","[838.5751647949219, 456.7460632324219]",1.0
Optical_A-F00421-D001,Optical_A,421,4.21,4.211363667004625,"[623.4913330078125, 484.243896484375, 669.8504638671875, 494.0369873046875]","[646.6708984375, 489.14044189453125]",1.0
Optical_A-F00421-D002,Optical_A,421,4.21,4.211363667004625,"[128.1096649169922, 365.37774658203125, 165.0849609375, 373.4429931640625]","[146.5973129272461, 369.4103698730469]",1.0
Optical_A-F00421-D003,Optical_A,421,4.21,4.211363667004625,"[128.10870361328125, 539.25146484375, 161.91574096679688, 546.4736328125]","[145.01222229003906, 542.862548828125]",1.0
Optical_B-F00421-D000,Optical_B,421,4.21,4.211503063002019,"[882.7962646484375, 373.29351806640625, 917.1316528320312, 380.1324462890625]","[899.9639587402344, 376.7129821777344]",1.0
Optical_B-F00421-D001,Optical_B,421,4.21,4.211503063002019,"[762.7780151367188, 383.2115478515625, 798.411376953125, 390.2877197265625]","[780.5946960449219, 386.7496337890625]",1.0
Optical_B-F00421-D002,Optical_B,421,4.21,4.211503063002019,"[1215.4658203125, 721.437744140625, 1267.34375, 731.9639892578125]","[1241.40478515625, 726.7008666992188]",1.0
Optical_A-F00422-D000,Optical_A,422,4.22,4.2213873720017725,"[31.66095733642578, 451.629638671875, 79.72381591796875, 461.80596923828125]","[55.692386627197266, 456.7178039550781]",1.0
Optical_A-F00422-D001,Optical_A,422,4.22,4.2213873720017725,"[800.6039428710938, 408.60845947265625, 837.3102416992188, 416.3404541015625]","[818.9570922851562, 412.4744567871094]",1.0
Optical_A-F00422-D002,Optical_A,422,4.22,4.2213873720017725,"[613.208740234375, 509.7906494140625, 647.6318969726562, 516.93408203125]","[630.4203186035156, 513.3623657226562]",1.0
Optical_B-F00422-D000,Optical_B,422,4.22,4.222303828005097,"[94.31854248046875, 373.245849609375, 128.67190551757812, 380.0860595703125]","[111.49522399902344, 376.66595458984375]",1.0
Optical_B-F00422-D001,Optical_B,422,4.22,4.222303828005097,"[0.0, 383.1505126953125, 8.761978149414062, 390.22900390625]","[4.380989074707031, 386.68975830078125]",1.0
Optical_B-F00422-D002,Optical_B,422,4.22,4.222303828005097,"[762.1093139648438, 382.31610107421875, 805.1193237304688, 390.915771484375]","[783.6143188476562, 386.6159362792969]",1.0
Optical_B-F00422-D003,Optical_B,422,4.22,4.222303828005097,"[425.9277038574219, 721.441650390625, 477.7935791015625, 731.965087890625]","[451.8606414794922, 726.703369140625]",1.0
Optical_B-F00422-D004,Optical_B,422,4.22,4.222303828005097,"[1261.09716796875, 457.2186279296875, 1280.0, 468.72125244140625]","[1270.548583984375, 462.9699401855469]",1.0
Optical_A-F00423-D000,Optical_A,423,4.23,4.231679935987341,"[1110.132568359375, 798.0040283203125, 1164.9168701171875, 809.75732421875]","[1137.5247192382812, 803.8806762695312]",1.0
Optical_A-F00423-D001,Optical_A,423,4.23,4.231679935987341,"[838.7588500976562, 436.4512939453125, 884.5245971679688, 445.9107666015625]","[861.6417236328125, 441.1810302734375]",1.0
Optical_A-F00423-D002,Optical_A,423,4.23,4.231679935987341,"[17.013206481933594, 408.5592041015625, 53.74835968017578, 416.296875]","[35.38078308105469, 412.42803955078125]",1.0
Optical_A-F00423-D003,Optical_A,423,4.23,4.231679935987341,"[941.0809326171875, 517.4300537109375, 977.3165893554688, 524.81884765625]","[959.1987609863281, 521.1244506835938]",1.0
Optical_A-F00423-D004,Optical_A,423,4.23,4.231679935987341,"[1217.51904296875, 679.295166015625, 1250.3228759765625, 686.16455078125]","[1233.9209594726562, 682.7298583984375]",1.0
Optical_B-F00423-D000,Optical_B,423,4.23,4.231507175009465,"[722.3109130859375, 536.8702392578125, 755.6732788085938, 543.460205078125]","[738.9920959472656, 540.1652221679688]",1.0
Optical_B-F00423-D001,Optical_B,423,4.23,4.231507175009465,"[613.5289306640625, 415.87432861328125, 649.4837646484375, 423.0606689453125]","[631.50634765625, 419.4674987792969]",1.0
Optical_B-F00423-D002,Optical_B,423,4.23,4.231507175009465,"[963.65185546875, 336.003662109375, 1001.7852172851562, 343.77569580078125]","[982.7185363769531, 339.8896789550781]",1.0
Optical_B-F00423-D003,Optical_B,423,4.23,4.231507175009465,"[0.0, 382.250244140625, 14.8883056640625, 390.852783203125]","[7.44415283203125, 386.551513671875]",1.0
Optical_B-F00423-D004,Optical_B,423,4.23,4.231507175009465,"[1206.399658203125, 567.26611328125, 1249.447265625, 575.8677978515625]","[1227.9234619140625, 571.5669555664062]",1.0
Optical_B-F00423-D005,Optical_B,423,4.23,4.231507175009465,"[469.59039306640625, 457.22186279296875, 527.7201538085938, 468.7230224609375]","[498.6552734375, 462.9724426269531]",1.0
Optical_A-F00424-D000,Optical_A,424,4.24,4.241954264997039,"[326.34490966796875, 798.0533447265625, 381.1338806152344, 809.816650390625]","[353.73939514160156, 803.9349975585938]",1.0
Optical_A-F00424-D001,Optical_A,424,4.24,4.241954264997039,"[1261.44970703125, 648.8023681640625, 1280.0, 660.2669677734375]","[1270.724853515625, 654.53466796875]",1.0
Optical_A-F00424-D002,Optical_A,424,4.24,4.241954264997039,"[779.8167724609375, 497.77764892578125, 828.728515625, 507.65826416015625]","[804.2726440429688, 502.71795654296875]",1.0
Optical_A-F00424-D003,Optical_A,424,4.24,4.241954264997039,"[54.461669921875, 436.4140625, 100.2621078491211, 445.87969970703125]","[77.36188888549805, 441.1468811035156]",1.0
Optical_A-F00424-D004,Optical_A,424,4.24,4.241954264997039,"[776.844970703125, 329.0980224609375, 815.53955078125, 337.1773681640625]","[796.1922607421875, 333.1376953125]",1.0
Optical_A-F00424-D005,Optical_A,424,4.24,4.241954264997039,"[157.64141845703125, 517.4315185546875, 193.89183044433594, 524.822509765625]","[175.7666244506836, 521.1270141601562]",1.0
Optical_A-F00424-D006,Optical_A,424,4.24,4.241954264997039,"[516.1165771484375, 425.49566650390625, 550.9576416015625, 432.664794921875]","[533.537109375, 429.0802307128906]",1.0
Optical_A-F00424-D007,Optical_A,424,4.24,4.241954264997039,"[1005.9686279296875, 403.2623291015625, 1041.190185546875, 410.48883056640625]","[1023.5794067382812, 406.8755798339844]",1.0
Optical_A-F00424-D008,Optical_A,424,4.24,4.241954264997039,"[432.7265930175781, 679.2833251953125, 465.5210876464844, 686.155029296875]","[449.12384033203125, 682.7191772460938]",1.0
Optical_A-F00424-D009,Optical_A,424,4.24,4.241954264997039,"[1091.94873046875, 331.83197021484375, 1125.45849609375, 338.79400634765625]","[1108.70361328125, 335.31298828125]",1.0
Optical_B-F00424-D000,Optical_B,424,4.24,4.241523491999251,"[812.9229125976562, 509.90606689453125, 847.0245361328125, 516.67626953125]","[829.9737243652344, 513.2911682128906]",1.0
Optical_B-F00424-D001,Optical_B,424,4.24,4.241523491999251,"[174.04568481445312, 335.96136474609375, 212.19215393066406, 343.73309326171875]","[193.1189193725586, 339.84722900390625]",1.0
Optical_B-F00424-D002,Optical_B,424,4.24,4.241523491999251,"[898.3526611328125, 517.25, 934.2601318359375, 524.3936767578125]","[916.306396484375, 520.8218383789062]",1.0
Optical_B-F00424-D003,Optical_B,424,4.24,4.241523491999251,"[417.71331787109375, 567.26611328125, 460.751220703125, 575.8668212890625]","[439.2322692871094, 571.5664672851562]",1.0
Optical_B-F00424-D004,Optical_B,424,4.24,4.241523491999251,"[1034.275390625, 659.6756591796875, 1078.959228515625, 668.8375244140625]","[1056.6173095703125, 664.256591796875]",1.0
Optical_A-F00425-D000,Optical_A,425,4.25,4.251789664005628,"[479.697265625, 648.794921875, 535.3709716796875, 660.2623291015625]","[507.53411865234375, 654.5286254882812]",1.0
Optical_A-F00425-D001,Optical_A,425,4.25,4.251789664005628,"[0.0, 497.7698974609375, 46.359901428222656, 507.656005859375]","[23.179950714111328, 502.71295166015625]",1.0
Optical_A-F00425-D002,Optical_A,425,4.25,4.251789664005628,"[876.8200073242188, 307.3487548828125, 927.2628784179688, 317.79876708984375]","[902.0414428710938, 312.5737609863281]",1.0
Optical_A-F00425-D003,Optical_A,425,4.25,4.251789664005628,"[0.0, 329.001708984375, 31.06975555419922, 337.08837890625]","[15.53487777709961, 333.0450439453125]",1.0
Optical_A-F00425-D004,Optical_A,425,4.25,4.251789664005628,"[222.57235717773438, 403.240966796875, 257.80279541015625, 410.470458984375]","[240.1875762939453, 406.855712890625]",1.0
Optical_A-F00425-D005,Optical_A,425,4.25,4.251789664005628,"[307.33349609375, 331.8135986328125, 340.84381103515625, 338.77886962890625]","[324.0886535644531, 335.2962341308594]",1.0
Optical_A-F00425-D006,Optical_A,425,4.25,4.251789664005628,"[849.8471069335938, 483.40167236328125, 882.0671997070312, 489.85614013671875]","[865.9571533203125, 486.62890625]",1.0
Optical_B-F00425-D000,Optical_B,425,4.25,4.252088234992698,"[23.705406188964844, 509.90521240234375, 57.832794189453125, 516.67822265625]","[40.769100189208984, 513.2917175292969]",1.0
Optical_B-F00425-D001,Optical_B,425,4.25,4.252088234992698,"[110.16796112060547, 517.2518310546875, 146.09478759765625, 524.39794921875]","[128.13137435913086, 520.8248901367188]",1.0
Optical_B-F00425-D002,Optical_B,425,4.25,4.252088234992698,"[1182.7967529296875, 425.9866943359375, 1217.6162109375, 433.11572265625]","[1200.2064819335938, 429.55120849609375]",1.0
Optical_B-F00425-D003,Optical_B,425,4.25,4.252088234992698,"[244.2591552734375, 659.705322265625, 288.952392578125, 668.8663330078125]","[266.60577392578125, 664.2858276367188]",1.0
Optical_B-F00425-D004,Optical_B,425,4.25,4.252088234992698,"[543.3157348632812, 731.463134765625, 590.3778686523438, 741.2841796875]","[566.8468017578125, 736.3736572265625]",1.0
Optical_A-F00426-D000,Optical_A,426,4.26,4.261655650994507,"[93.13713073730469, 307.255615234375, 143.61244201660156, 317.7144775390625]","[118.37478637695312, 312.48504638671875]",1.0
Optical_A-F00426-D001,Optical_A,426,4.26,4.261655650994507,"[984.4566650390625, 434.0916748046875, 1036.4031982421875, 444.47869873046875]","[1010.429931640625, 439.2851867675781]",1.0
Optical_A-F00426-D002,Optical_A,426,4.26,4.261655650994507,"[1174.490478515625, 473.41522216796875, 1225.374755859375, 483.48797607421875]","[1199.9326171875, 478.45159912109375]",1.0
Optical_A-F00426-D003,Optical_A,426,4.26,4.261655650994507,"[1074.55029296875, 379.1337890625, 1118.1822509765625, 387.946044921875]","[1096.3662719726562, 383.5399169921875]",1.0
Optical_A-F00426-D004,Optical_A,426,4.26,4.261655650994507,"[66.23828887939453, 483.3909912109375, 98.4781265258789, 489.84820556640625]","[82.35820770263672, 486.6195983886719]",1.0
Optical_B-F00426-D000,Optical_B,426,4.26,4.261746781010297,"[394.8689270019531, 425.98822021484375, 429.68255615234375, 433.11590576171875]","[412.27574157714844, 429.55206298828125]",1.0
Optical_B-F00426-D001,Optical_B,426,4.26,4.261746781010297,"[640.8117065429688, 402.39898681640625, 676.1036376953125, 409.6839599609375]","[658.4576721191406, 406.0414733886719]",1.0
Optical_B-F00426-D002,Optical_B,426,4.26,4.261746781010297,"[993.7216186523438, 456.7852783203125, 1033.6119384765625, 464.97479248046875]","[1013.6667785644531, 460.8800354003906]",1.0
Optical_B-F00426-D003,Optical_B,426,4.26,4.261746781010297,"[1040.1781005859375, 612.3853759765625, 1079.5152587890625, 620.5513916015625]","[1059.8466796875, 616.4683837890625]",1.0
Optical_A-F00427-D000,Optical_A,427,4.2700000000000005,4.271521978992969,"[201.0955047607422, 434.0667724609375, 253.0604248046875, 444.45843505859375]","[227.07796478271484, 439.2626037597656]",1.0
Optical_A-F00427-D001,Optical_A,427,4.2700000000000005,4.271521978992969,"[392.6590270996094, 473.41375732421875, 443.53570556640625, 483.48736572265625]","[418.0973663330078, 478.4505615234375]",1.0
Optical_A-F00427-D002,Optical_A,427,4.2700000000000005,4.271521978992969,"[1186.5706787109375, 565.865966796875, 1229.0423583984375, 574.2469482421875]","[1207.8065185546875, 570.0564575195312]",1.0
Optical_A-F00427-D003,Optical_A,427,4.2700000000000005,4.271521978992969,"[1081.1717529296875, 605.860595703125, 1119.485107421875, 613.489990234375]","[1100.3284301757812, 609.67529296875]",1.0
Optical_A-F00427-D004,Optical_A,427,4.2700000000000005,4.271521978992969,"[875.7457275390625, 508.49395751953125, 908.193359375, 514.847412109375]","[891.9695434570312, 511.6706848144531]",1.0
Optical_B-F00427-D000,Optical_B,427,4.2700000000000005,4.271578577997862,"[663.7083740234375, 681.255126953125, 696.5601196289062, 688.2076416015625]","[680.1342468261719, 684.7313842773438]",1.0
Optical_B-F00427-D001,Optical_B,427,4.2700000000000005,4.271578577997862,"[894.21533203125, 326.7467041015625, 927.8734130859375, 333.90899658203125]","[911.0443725585938, 330.3278503417969]",1.0
Optical_B-F00427-D002,Optical_B,427,4.2700000000000005,4.271578577997862,"[205.702392578125, 456.7716064453125, 245.60528564453125, 464.96221923828125]","[225.65383911132812, 460.8669128417969]",1.0
Optical_B-F00427-D003,Optical_B,427,4.2700000000000005,4.271578577997862,"[250.87673950195312, 612.40380859375, 290.2216796875, 620.5693359375]","[270.54920959472656, 616.486572265625]",1.0
Optical_A-F00428-D000,Optical_A,428,4.28,4.282772958992864,"[1243.873291015625, 532.9202880859375, 1280.0, 543.5809326171875]","[1261.9366455078125, 538.2506103515625]",1.0
Optical_A-F00428-D001,Optical_A,428,4.28,4.282772958992864,"[404.12994384765625, 565.8642578125, 446.5924072265625, 574.2457275390625]","[425.3611755371094, 570.0549926757812]",1.0
Optical_A-F00428-D002,Optical_A,428,4.28,4.282772958992864,"[530.0233764648438, 460.62469482421875, 568.743408203125, 468.24237060546875]","[549.3833923339844, 464.43353271484375]",1.0
Optical_A-F00428-D003,Optical_A,428,4.28,4.282772958992864,"[297.2137145996094, 605.8712158203125, 335.5296325683594, 613.5025634765625]","[316.3716735839844, 609.6868896484375]",1.0
Optical_A-F00428-D004,Optical_A,428,4.28,4.282772958992864,"[991.284423828125, 424.755615234375, 1028.142333984375, 432.029052734375]","[1009.71337890625, 428.392333984375]",1.0
Optical_A-F00428-D005,Optical_A,428,4.28,4.282772958992864,"[91.37744903564453, 508.49273681640625, 123.8437271118164, 514.848388671875]","[107.61058807373047, 511.6705627441406]",1.0
Optical_B-F00428-D000,Optical_B,428,4.28,4.281854279005784,"[105.42152404785156, 326.68609619140625, 139.0980224609375, 333.84759521484375]","[122.25977325439453, 330.266845703125]",1.0
Optical_B-F00428-D001,Optical_B,428,4.28,4.281854279005784,"[907.6830444335938, 414.77423095703125, 945.9201049804688, 422.8858642578125]","[926.8015747070312, 418.8300476074219]",1.0
Optical_B-F00428-D002,Optical_B,428,4.28,4.281854279005784,"[627.747314453125, 338.6636962890625, 668.2410278320312, 347.33428955078125]","[647.9941711425781, 342.9989929199219]",1.0
Optical_B-F00428-D003,Optical_B,428,4.28,4.281854279005784,"[840.1830444335938, 480.2076416015625, 881.8694458007812, 488.9305419921875]","[861.0262451171875, 484.569091796875]",1.0
Optical_B-F00428-D004,Optical_B,428,4.28,4.281854279005784,"[1137.6390380859375, 536.492919921875, 1179.93359375, 545.3929443359375]","[1158.7863159179688, 540.9429321289062]",1.0
Optical_B-F00428-D005,Optical_B,428,4.28,4.281854279005784,"[1154.0506591796875, 626.9862060546875, 1203.919921875, 637.6673583984375]","[1178.9852905273438, 632.3267822265625]",1.0
Optical_A-F00429-D000,Optical_A,429,4.29,4.291457502003177,"[462.71295166015625, 532.9189453125, 517.4817504882812, 543.579345703125]","[490.09735107421875, 538.2491455078125]",1.0
Optical_A-F00429-D001,Optical_A,429,4.29,4.291457502003177,"[835.3834228515625, 649.6832275390625, 878.31494140625, 658.2132568359375]","[856.8491821289062, 653.9482421875]",1.0
Optical_A-F00429-D002,Optical_A,429,4.29,4.291457502003177,"[208.46954345703125, 424.73846435546875, 245.33642578125, 432.01409912109375]","[226.90298461914062, 428.37628173828125]",1.0
Optical_A-F00429-D003,Optical_A,429,4.29,4.291457502003177,"[1015.5260009765625, 359.0924072265625, 1053.9564208984375, 366.7283935546875]","[1034.7412109375, 362.910400390625]",1.0
Optical_B-F00429-D000,Optical_B,429,4.29,4.291435708996723,"[598.6614990234375, 481.68280029296875, 631.0399169921875, 488.52545166015625]","[614.8507080078125, 485.1041259765625]",1.0
Optical_B-F00429-D001,Optical_B,429,4.29,4.291435708996723,"[120.01934051513672, 414.7396240234375, 158.27694702148438, 422.85223388671875]","[139.14814376831055, 418.7959289550781]",1.0
Optical_B-F00429-D002,Optical_B,429,4.29,4.291435708996723,"[349.88525390625, 536.4957275390625, 392.1805419921875, 545.3958740234375]","[371.03289794921875, 540.94580078125]",1.0
Optical_B-F00429-D003,Optical_B,429,4.29,4.291435708996723,"[843.1824951171875, 655.6436767578125, 884.1217041015625, 664.5360107421875]","[863.652099609375, 660.08984375]",1.0
Optical_B-F00429-D004,Optical_B,429,4.29,4.291435708996723,"[796.408447265625, 741.0894775390625, 839.258544921875, 750.5362548828125]","[817.83349609375, 745.8128662109375]",1.0
Optical_B-F00429-D005,Optical_B,429,4.29,4.291435708996723,"[364.2634582519531, 626.9990234375, 414.132080078125, 637.677734375]","[389.19776916503906, 632.33837890625]",1.0
Optical_A-F00430-D000,Optical_A,430,4.3,4.301467855996452,"[51.96178436279297, 649.742919921875, 94.92145538330078, 658.2781982421875]","[73.44161987304688, 654.0105590820312]",1.0
Optical_A-F00430-D001,Optical_A,430,4.3,4.301467855996452,"[232.9810791015625, 359.0670166015625, 271.41864013671875, 366.70556640625]","[252.19985961914062, 362.88629150390625]",1.0
Optical_A-F00430-D002,Optical_A,430,4.3,4.301467855996452,"[928.7920532226562, 484.59210205078125, 967.7823486328125, 492.10968017578125]","[948.2872009277344, 488.35089111328125]",1.0
Optical_A-F00430-D003,Optical_A,430,4.3,4.301467855996452,"[1242.6629638671875, 633.314208984375, 1280.0, 640.8082275390625]","[1261.3314819335938, 637.0612182617188]",1.0
Optical_A-F00430-D004,Optical_A,430,4.3,4.301467855996452,"[569.4154052734375, 331.93408203125, 604.981201171875, 339.025146484375]","[587.1983032226562, 335.4796142578125]",1.0
Optical_B-F00430-D000,Optical_B,430,4.3,4.3012503749894675,"[1228.2701416015625, 508.0787353515625, 1261.08447265625, 515.1845703125]","[1244.6773071289062, 511.63165283203125]",1.0
Optical_B-F00430-D001,Optical_B,430,4.3,4.3012503749894675,"[55.55767059326172, 655.7125244140625, 96.5261459350586, 664.60546875]","[76.04190826416016, 660.1589965820312]",1.0
Optical_B-F00430-D002,Optical_B,430,4.3,4.3012503749894675,"[1145.2293701171875, 299.8741455078125, 1182.5279541015625, 308.2451171875]","[1163.878662109375, 304.05963134765625]",1.0
Optical_B-F00430-D003,Optical_B,430,4.3,4.3012503749894675,"[8.682518005371094, 741.21533203125, 51.568756103515625, 750.6611328125]","[30.12563705444336, 745.938232421875]",1.0
Optical_A-F00431-D000,Optical_A,431,4.3100000000000005,4.312020136002102,"[699.1187744140625, 616.6868896484375, 752.9198608398438, 627.2130126953125]","[726.0193176269531, 621.949951171875]",1.0
Optical_A-F00431-D001,Optical_A,431,4.3100000000000005,4.312020136002102,"[1149.1788330078125, 706.5595703125, 1198.247802734375, 716.3118896484375]","[1173.7133178710938, 711.4357299804688]",1.0
Optical_A-F00431-D002,Optical_A,431,4.3100000000000005,4.312020136002102,"[527.821533203125, 708.2177734375, 571.7171020507812, 716.9732666015625]","[549.7693176269531, 712.5955200195312]",1.0
Optical_A-F00431-D003,Optical_A,431,4.3100000000000005,4.312020136002102,"[145.30960083007812, 484.58380126953125, 184.31658935546875, 492.10382080078125]","[164.81309509277344, 488.34381103515625]",1.0
Optical_A-F00431-D004,Optical_A,431,4.3100000000000005,4.312020136002102,"[638.68994140625, 532.7159423828125, 677.810302734375, 540.2393798828125]","[658.2501220703125, 536.4776611328125]",1.0
Optical_A-F00431-D005,Optical_A,431,4.3100000000000005,4.312020136002102,"[460.18121337890625, 633.2979736328125, 498.314453125, 640.7918701171875]","[479.2478332519531, 637.044921875]",1.0
Optical_A-F00431-D006,Optical_A,431,4.3100000000000005,4.312020136002102,"[1221.278564453125, 701.1077880859375, 1260.421142578125, 708.87451171875]","[1240.849853515625, 704.9911499023438]",1.0
Optical_B-F00431-D000,Optical_B,431,4.3100000000000005,4.31140536899562,"[439.9000549316406, 508.07904052734375, 472.705322265625, 515.184326171875]","[456.3026885986328, 511.6316833496094]",1.0
Optical_B-F00431-D001,Optical_B,431,4.3100000000000005,4.31140536899562,"[356.59088134765625, 299.8643798828125, 393.8871765136719, 308.23065185546875]","[375.23902893066406, 304.0475158691406]",1.0
Optical_A-F00432-D000,Optical_A,432,4.32,4.321321314004599,"[367.9184265136719, 706.562255859375, 416.9791259765625, 716.31640625]","[392.4487762451172, 711.4393310546875]",1.0
Optical_A-F00432-D001,Optical_A,432,4.32,4.321321314004599,"[438.989501953125, 701.0872802734375, 478.1170654296875, 708.8543701171875]","[458.55328369140625, 704.9708251953125]",1.0
Optical_A-F00434-D000,Optical_A,434,4.34,4.341209116002428,"[1195.248779296875, 600.0506591796875, 1237.3956298828125, 608.197998046875]","[1216.3222045898438, 604.1243286132812]",1.0
Optical_A-F00435-D000,Optical_A,435,4.3500000000000005,4.351383540991811,"[778.4198608398438, 466.797119140625, 827.9779052734375, 476.2757568359375]","[803.1988830566406, 471.53643798828125]",1.0
Optical_A-F00435-D001,Optical_A,435,4.3500000000000005,4.351383540991811,"[412.640625, 600.0469970703125, 454.7759704589844, 608.194091796875]","[433.7082977294922, 604.1205444335938]",1.0
Optical_A-F00436-D000,Optical_A,436,4.36,4.361231264992385,"[0.0, 466.77423095703125, 45.99994659423828, 476.2576904296875]","[22.99997329711914, 471.5159606933594]",1.0
Optical_A-F00464-D000,Optical_A,464,4.64,4.6412145729997425,"[118.6361312866211, 466.4970703125, 168.53118896484375, 476.0390625]","[143.58366012573242, 471.26806640625]",1.0
Optical_A-F00465-D000,Optical_A,465,4.65,4.6511548460024645,"[909.3216552734375, 466.49273681640625, 959.2141723632812, 476.03570556640625]","[934.2679138183594, 471.26422119140625]",1.0
Optical_A-F00465-D001,Optical_A,465,4.65,4.6511548460024645,"[521.7500610351562, 600.5496826171875, 564.1275634765625, 608.7442626953125]","[542.9388122558594, 604.64697265625]",1.0
Optical_A-F00468-D000,Optical_A,468,4.68,4.681592030996107,"[59.49085235595703, 617.7452392578125, 113.89057159423828, 628.3812255859375]","[86.69071197509766, 623.063232421875]",1.0
Optical_A-F00468-D001,Optical_A,468,4.68,4.681592030996107,"[549.0929565429688, 707.9329833984375, 598.537109375, 717.758544921875]","[573.8150329589844, 712.8457641601562]",1.0
Optical_A-F00468-D002,Optical_A,468,4.68,4.681592030996107,"[0.0, 532.845458984375, 37.42839813232422, 540.4163818359375]","[18.71419906616211, 536.6309204101562]",1.0
Optical_A-F00469-D000,Optical_A,469,4.69,4.691714615995298,"[849.7801513671875, 617.7528076171875, 904.1715087890625, 628.388671875]","[876.975830078125, 623.0707397460938]",1.0
Optical_A-F00469-D001,Optical_A,469,4.69,4.691714615995298,"[649.21337890625, 709.8465576171875, 693.5009765625, 718.677734375]","[671.357177734375, 714.2621459960938]",1.0
Optical_A-F00469-D002,Optical_A,469,4.69,4.691714615995298,"[250.48324584960938, 484.3809814453125, 289.8007507324219, 491.95684814453125]","[270.1419982910156, 488.1689147949219]",1.0
Optical_A-F00469-D003,Optical_A,469,4.69,4.691714615995298,"[788.2991943359375, 532.8428955078125, 827.69189453125, 540.4127197265625]","[807.9955444335938, 536.6278076171875]",1.0
Optical_A-F00469-D004,Optical_A,469,4.69,4.691714615995298,"[605.0650024414062, 634.0235595703125, 643.4556884765625, 641.5634765625]","[624.2603454589844, 637.7935180664062]",1.0
Optical_B-F00469-D000,Optical_B,469,4.69,4.691277154995478,"[359.9087219238281, 508.049560546875, 393.01910400390625, 515.208251953125]","[376.4639129638672, 511.62890625]",1.0
Optical_B-F00469-D001,Optical_B,469,4.69,4.691277154995478,"[265.0047607421875, 298.05303955078125, 302.6949768066406, 306.4932861328125]","[283.84986877441406, 302.2731628417969]",1.0
Optical_A-F00470-D000,Optical_A,470,4.7,4.70163498200709,"[167.03793334960938, 650.9522705078125, 210.41000366210938, 659.564697265625]","[188.72396850585938, 655.2584838867188]",1.0
Optical_A-F00470-D001,Optical_A,470,4.7,4.70163498200709,"[381.1514892578125, 358.0584716796875, 419.88128662109375, 365.7489013671875]","[400.5163879394531, 361.9036865234375]",1.0
Optical_A-F00470-D002,Optical_A,470,4.7,4.70163498200709,"[1039.488037109375, 484.374755859375, 1078.8154296875, 491.95220947265625]","[1059.1517333984375, 488.1634826660156]",1.0
Optical_A-F00470-D003,Optical_A,470,4.7,4.70163498200709,"[667.9617919921875, 330.629638671875, 703.8085327148438, 337.77386474609375]","[685.8851623535156, 334.2017517089844]",1.0
Optical_B-F00470-D000,Optical_B,470,4.7,4.701298802992096,"[1144.035400390625, 508.048095703125, 1177.1641845703125, 515.20947265625]","[1160.5997924804688, 511.6287841796875]",1.0
Optical_B-F00470-D001,Optical_B,470,4.7,4.701298802992096,"[0.999603271484375, 657.18994140625, 42.435569763183594, 666.1767578125]","[21.717586517333984, 661.683349609375]",1.0
Optical_B-F00470-D002,Optical_B,470,4.7,4.701298802992096,"[1048.807861328125, 297.992919921875, 1086.51220703125, 306.44091796875]","[1067.6600341796875, 302.2169189453125]",1.0
Optical_A-F00471-D000,Optical_A,471,4.71,4.711371224003378,"[680.452392578125, 533.1324462890625, 735.8777465820312, 543.90234375]","[708.1650695800781, 538.5173950195312]",1.0
Optical_A-F00471-D001,Optical_A,471,4.71,4.711371224003378,"[956.172607421875, 650.973876953125, 999.5468139648438, 659.586181640625]","[977.8597106933594, 655.280029296875]",1.0
Optical_A-F00471-D002,Optical_A,471,4.71,4.711371224003378,"[353.12139892578125, 424.1385498046875, 390.2850341796875, 431.465087890625]","[371.7032165527344, 427.80181884765625]",1.0
Optical_A-F00471-D003,Optical_A,471,4.71,4.711371224003378,"[1171.1285400390625, 358.00335693359375, 1209.881103515625, 365.6953125]","[1190.5048217773438, 361.8493347167969]",1.0
Optical_B-F00471-D000,Optical_B,471,4.71,4.711358632012852,"[551.639404296875, 481.42706298828125, 584.320068359375, 488.32769775390625]","[567.979736328125, 484.87738037109375]",1.0
Optical_B-F00471-D001,Optical_B,471,4.71,4.711358632012852,"[60.146636962890625, 413.777587890625, 98.82686614990234, 421.9718017578125]","[79.48675155639648, 417.87469482421875]",1.0
Optical_B-F00471-D002,Optical_B,471,4.71,4.711358632012852,"[285.8545227050781, 536.7646484375, 328.6648254394531, 545.7630615234375]","[307.2596740722656, 541.2638549804688]",1.0
Optical_B-F00471-D003,Optical_B,471,4.71,4.711358632012852,"[785.9286499023438, 657.18408203125, 827.3534545898438, 666.174560546875]","[806.6410522460938, 661.6793212890625]",1.0
Optical_B-F00471-D004,Optical_B,471,4.71,4.711358632012852,"[735.976806640625, 743.659912109375, 779.359130859375, 753.21728515625]","[757.66796875, 748.4385986328125]",1.0
Optical_B-F00471-D005,Optical_B,471,4.71,4.711358632012852,"[213.83944702148438, 628.36767578125, 264.4456787109375, 639.176513671875]","[239.14256286621094, 633.7720947265625]",1.0
Optical_A-F00472-D000,Optical_A,472,4.72,4.721609987011761,"[574.846435546875, 566.325439453125, 617.741455078125, 574.7796630859375]","[596.2939453125, 570.5525512695312]",1.0
Optical_A-F00472-D001,Optical_A,472,4.72,4.721609987011761,"[686.3797607421875, 460.22369384765625, 725.4583129882812, 467.9013671875]","[705.9190368652344, 464.0625305175781]",1.0
Optical_A-F00472-D002,Optical_A,472,4.72,4.721609987011761,"[399.5650939941406, 606.716064453125, 438.262939453125, 614.4176025390625]","[418.9140167236328, 610.5668334960938]",1.0
Optical_A-F00472-D003,Optical_A,472,4.72,4.721609987011761,"[1142.83935546875, 424.1104736328125, 1180.02099609375, 431.43853759765625]","[1161.43017578125, 427.7745056152344]",1.0
Optical_A-F00472-D004,Optical_A,472,4.72,4.721609987011761,"[176.582763671875, 508.46588134765625, 209.32289123535156, 514.8701171875]","[192.95282745361328, 511.6679992675781]",1.0
Optical_B-F00472-D000,Optical_B,472,4.72,4.721645144002395,"[0.0, 325.18243408203125, 26.91558837890625, 332.40399169921875]","[13.457794189453125, 328.793212890625]",1.0
Optical_B-F00472-D001,Optical_B,472,4.72,4.721645144002395,"[844.9823608398438, 413.77423095703125, 883.6561279296875, 421.97064208984375]","[864.3192443847656, 417.8724365234375]",1.0
Optical_B-F00472-D002,Optical_B,472,4.72,4.721645144002395,"[558.6046752929688, 336.7838134765625, 599.586181640625, 345.55133056640625]","[579.0954284667969, 341.1675720214844]",1.0
Optical_B-F00472-D003,Optical_B,472,4.72,4.721645144002395,"[706.2606201171875, 479.8834228515625, 748.470703125, 488.6956787109375]","[727.3656616210938, 484.28955078125]",1.0
Optical_B-F00472-D004,Optical_B,472,4.72,4.721645144002395,"[1070.545654296875, 536.772705078125, 1113.376220703125, 545.77490234375]","[1091.9609375, 541.2738037109375]",1.0
Optical_B-F00472-D005,Optical_B,472,4.72,4.721645144002395,"[996.4474487304688, 628.3973388671875, 1047.0697021484375, 639.212646484375]","[1021.7585754394531, 633.8049926757812]",1.0
Optical_A-F00473-D000,Optical_A,473,4.73,4.7321422819991135,"[336.56646728515625, 433.0428466796875, 389.2893981933594, 443.5728759765625]","[362.9279327392578, 438.307861328125]",1.0
Optical_A-F00473-D001,Optical_A,473,4.73,4.7321422819991135,"[599.9579467773438, 472.9842529296875, 651.5136108398438, 483.17071533203125]","[625.7357788085938, 478.0774841308594]",1.0
Optical_A-F00473-D002,Optical_A,473,4.73,4.7321422819991135,"[405.1513671875, 377.650390625, 449.321044921875, 386.5654296875]","[427.2362060546875, 382.10791015625]",1.0
Optical_A-F00473-D003,Optical_A,473,4.73,4.7321422819991135,"[1188.2008056640625, 606.7567138671875, 1226.924560546875, 614.46044921875]","[1207.5626831054688, 610.6085815429688]",1.0
Optical_A-F00473-D004,Optical_A,473,4.73,4.7321422819991135,"[964.7988891601562, 508.46551513671875, 997.5406494140625, 514.8704833984375]","[981.1697692871094, 511.6679992675781]",1.0
Optical_B-F00473-D000,Optical_B,473,4.73,4.731342339994153,"[547.5393676757812, 682.624755859375, 580.71875, 689.635498046875]","[564.1290588378906, 686.130126953125]",1.0
Optical_B-F00473-D001,Optical_B,473,4.73,4.731342339994153,"[776.6376342773438, 325.2025146484375, 810.6408081054688, 332.42645263671875]","[793.6392211914062, 328.8144836425781]",1.0
Optical_B-F00473-D002,Optical_B,473,4.73,4.731342339994153,"[108.45489501953125, 613.3719482421875, 148.27029418945312, 621.6177978515625]","[128.3625946044922, 617.494873046875]",1.0
Optical_A-F00474-D000,Optical_A,474,4.74,4.7414008750004,"[219.80079650878906, 304.46240234375, 271.04400634765625, 315.0693359375]","[245.42240142822266, 309.765869140625]",1.0
Optical_A-F00474-D001,Optical_A,474,4.74,4.7414008750004,"[1125.826171875, 433.0091552734375, 1178.580322265625, 443.54248046875]","[1152.2032470703125, 438.27581787109375]",1.0
Optical_A-F00474-D002,Optical_A,474,4.74,4.7414008750004,"[1193.9613037109375, 377.58837890625, 1238.1629638671875, 386.5057373046875]","[1216.0621337890625, 382.04705810546875]",1.0
Optical_A-F00474-D003,Optical_A,474,4.74,4.7414008750004,"[196.22967529296875, 483.17352294921875, 228.7651824951172, 489.6800537109375]","[212.49742889404297, 486.4267883300781]",1.0
Optical_B-F00474-D000,Optical_B,474,4.74,4.741506479005912,"[314.3172912597656, 425.15460205078125, 349.5096130371094, 432.3524169921875]","[331.9134521484375, 428.7535095214844]",1.0
Optical_B-F00474-D001,Optical_B,474,4.74,4.741506479005912,"[561.2658081054688, 401.3179931640625, 596.9473266601562, 408.67626953125]","[579.1065673828125, 404.99713134765625]",1.0
Optical_B-F00474-D002,Optical_B,474,4.74,4.741506479005912,"[907.175537109375, 456.1656494140625, 947.564697265625, 464.44793701171875]","[927.3701171875, 460.3067932128906]",1.0
Optical_B-F00474-D003,Optical_B,474,4.74,4.741506479005912,"[891.587158203125, 613.376708984375, 931.4004516601562, 621.6251220703125]","[911.4938049316406, 617.5009155273438]",1.0
Optical_A-F00475-D000,Optical_A,475,4.75,4.7520158640109,"[710.870361328125, 650.7244873046875, 767.5047607421875, 662.3583984375]","[739.1875610351562, 656.5414428710938]",1.0
Optical_A-F00475-D001,Optical_A,475,4.75,4.7520158640109,"[195.662353515625, 497.5921630859375, 245.35855102539062, 507.601806640625]","[220.5104522705078, 502.59698486328125]",1.0
Optical_A-F00475-D002,Optical_A,475,4.75,4.7520158640109,"[1008.73388671875, 304.4051513671875, 1059.992431640625, 315.01116943359375]","[1034.3631591796875, 309.7081604003906]",1.0
Optical_A-F00475-D003,Optical_A,475,4.75,4.7520158640109,"[84.66800689697266, 326.9637451171875, 123.87443542480469, 335.14361572265625]","[104.27122116088867, 331.0536804199219]",1.0
Optical_A-F00475-D004,Optical_A,475,4.75,4.7520158640109,"[366.35400390625, 402.2698974609375, 401.96722412109375, 409.56524658203125]","[384.1606140136719, 405.9175720214844]",1.0
Optical_A-F00475-D005,Optical_A,475,4.75,4.7520158640109,"[389.7851867675781, 330.0872802734375, 423.6544189453125, 337.12158203125]","[406.7198028564453, 333.60443115234375]",1.0
Optical_A-F00475-D006,Optical_A,475,4.75,4.7520158640109,"[985.2175903320312, 483.1702880859375, 1017.7560424804688, 489.67724609375]","[1001.48681640625, 486.42376708984375]",1.0
Optical_B-F00475-D000,Optical_B,475,4.75,4.75178974600567,"[13.887062072753906, 517.30517578125, 50.224952697753906, 524.52392578125]","[32.056007385253906, 520.91455078125]",1.0
Optical_B-F00475-D001,Optical_B,475,4.75,4.75178974600567,"[1098.867431640625, 425.1273193359375, 1134.0740966796875, 432.32867431640625]","[1116.4707641601562, 428.7279968261719]",1.0
Optical_B-F00475-D002,Optical_B,475,4.75,4.75178974600567,"[345.67315673828125, 734.067626953125, 393.420166015625, 744.0103759765625]","[369.5466613769531, 739.0390014648438]",1.0
Optical_A-F00476-D000,Optical_A,476,4.76,4.762008925002883,"[985.9249877929688, 497.58917236328125, 1035.634765625, 507.600830078125]","[1010.7798767089844, 502.5950012207031]",1.0
Optical_A-F00476-D001,Optical_A,476,4.76,4.762008925002883,"[159.39541625976562, 435.3529052734375, 205.91091918945312, 444.9532470703125]","[182.65316772460938, 440.153076171875]",1.0
Optical_A-F00476-D002,Optical_A,476,4.76,4.762008925002883,"[872.812255859375, 326.95684814453125, 912.01416015625, 335.13397216796875]","[892.4132080078125, 331.04541015625]",1.0
Optical_A-F00476-D003,Optical_A,476,4.76,4.762008925002883,"[305.18145751953125, 517.485107421875, 341.8693542480469, 524.94921875]","[323.52540588378906, 521.2171630859375]",1.0
Optical_A-F00476-D004,Optical_A,476,4.76,4.762008925002883,"[660.4940185546875, 424.67889404296875, 695.7388305664062, 431.916748046875]","[678.1164245605469, 428.2978210449219]",1.0
Optical_A-F00476-D005,Optical_A,476,4.76,4.762008925002883,"[1155.519287109375, 402.23187255859375, 1191.153076171875, 409.52813720703125]","[1173.336181640625, 405.8800048828125]",1.0
Optical_A-F00476-D006,Optical_A,476,4.76,4.762008925002883,"[510.91973876953125, 680.9462890625, 544.0775146484375, 687.8885498046875]","[527.4986267089844, 684.4174194335938]",1.0
Optical_A-F00476-D007,Optical_A,476,4.76,4.762008925002883,"[1177.72119140625, 330.01690673828125, 1211.611572265625, 337.0513916015625]","[1194.6663818359375, 333.5341491699219]",1.0
Optical_B-F00476-D000,Optical_B,476,4.76,4.761607537997188,"[660.9223022460938, 509.887939453125, 695.38232421875, 516.716796875]","[678.1523132324219, 513.3023681640625]",1.0
Optical_B-F00476-D001,Optical_B,476,4.76,4.761607537997188,"[798.267333984375, 517.3046875, 834.5931396484375, 524.523193359375]","[816.4302368164062, 520.9139404296875]",1.0
Optical_B-F00476-D002,Optical_B,476,4.76,4.761607537997188,"[292.1978454589844, 567.9544677734375, 335.837158203125, 576.6636962890625]","[314.0175018310547, 572.30908203125]",1.0
Optical_B-F00476-D003,Optical_B,476,4.76,4.761607537997188,"[836.5452880859375, 661.36181640625, 881.8450927734375, 670.631591796875]","[859.1951904296875, 665.9967041015625]",1.0
Optical_B-F00476-D004,Optical_B,476,4.76,4.761607537997188,"[1127.9383544921875, 734.1512451171875, 1175.713623046875, 744.1024169921875]","[1151.8259887695312, 739.1268310546875]",1.0
Optical_A-F00477-D000,Optical_A,477,4.7700000000000005,4.771507068998763,"[1245.076416015625, 803.02587890625, 1280.0, 814.9970703125]","[1262.5382080078125, 809.011474609375]",1.0
Optical_A-F00477-D001,Optical_A,477,4.7700000000000005,4.771507068998763,"[947.68896484375, 435.33905029296875, 994.210693359375, 444.93963623046875]","[970.9498291015625, 440.13934326171875]",1.0
Optical_A-F00477-D002,Optical_A,477,4.7700000000000005,4.771507068998763,"[164.78744506835938, 407.44573974609375, 202.00665283203125, 415.2681884765625]","[183.3970489501953, 411.3569641113281]",1.0
Optical_A-F00477-D003,Optical_A,477,4.7700000000000005,4.771507068998763,"[1094.28955078125, 517.48681640625, 1130.9935302734375, 524.952880859375]","[1112.6415405273438, 521.2198486328125]",1.0
Optical_B-F00477-D000,Optical_B,477,4.7700000000000005,4.771656028995058,"[617.3267822265625, 537.114501953125, 651.0556030273438, 543.7696533203125]","[634.1911926269531, 540.4420776367188]",1.0
Optical_B-F00477-D001,Optical_B,477,4.7700000000000005,4.771656028995058,"[499.28070068359375, 414.85595703125, 535.6587524414062, 422.11981201171875]","[517.4697265625, 418.4878845214844]",1.0
Optical_B-F00477-D002,Optical_B,477,4.7700000000000005,4.771656028995058,"[781.926025390625, 334.28070068359375, 820.5052490234375, 342.13134765625]","[801.2156372070312, 338.2060241699219]",1.0
Optical_B-F00477-D003,Optical_B,477,4.7700000000000005,4.771656028995058,"[1076.022705078125, 567.9720458984375, 1119.6810302734375, 576.6849365234375]","[1097.8518676757812, 572.3284912109375]",1.0
Optical_B-F00477-D004,Optical_B,477,4.7700000000000005,4.771656028995058,"[185.19192504882812, 456.40411376953125, 244.36541748046875, 468.0784912109375]","[214.77867126464844, 462.2413024902344]",1.0
Optical_A-F00478-D000,Optical_A,478,4.78,4.781782658000593,"[224.08551025390625, 450.71575927734375, 273.0430603027344, 461.047607421875]","[248.5642852783203, 455.8816833496094]",1.0
Optical_A-F00478-D001,Optical_A,478,4.78,4.781782658000593,"[953.7908935546875, 407.43389892578125, 991.0140991210938, 415.25531005859375]","[972.4024963378906, 411.3446044921875]",1.0
Optical_A-F00478-D002,Optical_A,478,4.78,4.781782658000593,"[687.5775756835938, 509.76470947265625, 722.4506225585938, 516.991943359375]","[705.0140991210938, 513.3783264160156]",1.0
Optical_B-F00478-D000,Optical_B,478,4.78,4.781966274008737,"[0.0, 371.8282470703125, 3.9347457885742188, 378.74017333984375]","[1.9673728942871094, 375.2842102050781]",1.0
Optical_B-F00478-D001,Optical_B,478,4.78,4.781966274008737,"[540.2867431640625, 380.879638671875, 583.8618774414062, 389.57684326171875]","[562.0743103027344, 385.2282409667969]",1.0
Optical_B-F00478-D002,Optical_B,478,4.78,4.781966274008737,"[240.5626220703125, 724.69384765625, 293.32470703125, 735.387939453125]","[266.94366455078125, 730.0408935546875]",1.0
Optical_B-F00478-D003,Optical_B,478,4.78,4.781966274008737,"[966.104248046875, 456.390869140625, 1025.29248046875, 468.06884765625]","[995.6983642578125, 462.2298583984375]",1.0
Optical_A-F00479-D000,Optical_A,479,4.79,4.791558517004014,"[1013.8015747070312, 450.69970703125, 1062.7763671875, 461.0328369140625]","[1038.2889709472656, 455.86627197265625]",1.0
Optical_A-F00479-D001,Optical_A,479,4.79,4.791558517004014,"[716.2246704101562, 483.77691650390625, 763.4454345703125, 493.73529052734375]","[739.8350524902344, 488.756103515625]",1.0
Optical_A-F00479-D002,Optical_A,479,4.79,4.791558517004014,"[195.87017822265625, 363.3978271484375, 233.3953094482422, 371.5748291015625]","[214.63274383544922, 367.486328125]",1.0
Optical_A-F00479-D003,Optical_A,479,4.79,4.791558517004014,"[261.86724853515625, 539.5594482421875, 296.145263671875, 546.8636474609375]","[279.0062561035156, 543.2115478515625]",1.0
Optical_B-F00479-D000,Optical_B,479,4.79,4.791590636995388,"[753.26904296875, 371.8482666015625, 787.99755859375, 378.7603759765625]","[770.63330078125, 375.3043212890625]",1.0
Optical_B-F00479-D001,Optical_B,479,4.79,4.791590636995388,"[566.7978515625, 382.02972412109375, 602.8126220703125, 389.1724853515625]","[584.8052368164062, 385.6011047363281]",1.0
Optical_B-F00479-D002,Optical_B,479,4.79,4.791590636995388,"[1023.4349365234375, 724.755859375, 1076.2159423828125, 735.456298828125]","[1049.825439453125, 730.1060791015625]",1.0
Optical_A-F00480-D000,Optical_A,480,4.8,4.801411575009115,"[337.018798828125, 351.21044921875, 372.8950500488281, 359.14849853515625]","[354.95692443847656, 355.1794738769531]",1.0
Optical_A-F00480-D001,Optical_A,480,4.8,4.801411575009115,"[983.2860717773438, 363.3707275390625, 1020.8173828125, 371.54595947265625]","[1002.0517272949219, 367.4583435058594]",1.0
Optical_A-F00480-D002,Optical_A,480,4.8,4.801411575009115,"[1050.4281005859375, 539.5662841796875, 1084.7181396484375, 546.87158203125]","[1067.5731201171875, 543.2189331054688]",1.0
Optical_A-F00481-D000,Optical_A,481,4.8100000000000005,4.811079673995264,"[1125.59033203125, 351.15625, 1161.4854736328125, 359.0933837890625]","[1143.5379028320312, 355.12481689453125]",1.0
Optical_B-F00481-D000,Optical_B,481,4.8100000000000005,4.81144512001134,"[52.60108947753906, 446.52783203125, 94.98893737792969, 454.718017578125]","[73.79501342773438, 450.6229248046875]",1.0
Optical_B-F00481-D001,Optical_B,481,4.8100000000000005,4.81144512001134,"[0.0, 617.014892578125, 51.030921936035156, 627.5748291015625]","[25.515460968017578, 622.2948608398438]",1.0
Optical_B-F00482-D000,Optical_B,482,4.82,4.821476104996982,"[107.68409729003906, 499.7933349609375, 152.18096923828125, 508.27294921875]","[129.93253326416016, 504.03314208984375]",1.0
Optical_B-F00482-D001,Optical_B,482,4.82,4.821476104996982,"[834.552490234375, 446.5308837890625, 876.929931640625, 454.72100830078125]","[855.7412109375, 450.6259460449219]",1.0
Optical_B-F00482-D002,Optical_B,482,4.82,4.821476104996982,"[0.0, 334.003662109375, 20.60619354248047, 343.06280517578125]","[10.303096771240234, 338.5332336425781]",1.0
Optical_B-F00482-D003,Optical_B,482,4.82,4.821476104996982,"[496.07354736328125, 477.0537109375, 543.6315307617188, 486.17352294921875]","[519.8525390625, 481.6136169433594]",1.0
Optical_B-F00482-D004,Optical_B,482,4.82,4.821476104996982,"[777.6830444335938, 617.0076904296875, 831.7877807617188, 627.5677490234375]","[804.7354125976562, 622.2877197265625]",1.0
Optical_B-F00483-D000,Optical_B,483,4.83,4.831559185999213,"[95.30925750732422, 489.76495361328125, 136.45774841308594, 497.60699462890625]","[115.88350296020508, 493.68597412109375]",1.0
Optical_B-F00483-D001,Optical_B,483,4.83,4.831559185999213,"[890.4798583984375, 499.79254150390625, 934.9744873046875, 508.272705078125]","[912.7271728515625, 504.0326232910156]",1.0
Optical_B-F00483-D002,Optical_B,483,4.83,4.831559185999213,"[756.165283203125, 334.02764892578125, 802.1170654296875, 343.08636474609375]","[779.1411743164062, 338.5570068359375]",1.0
Optical_B-F00483-D003,Optical_B,483,4.83,4.831559185999213,"[664.9378051757812, 443.12847900390625, 712.5311279296875, 452.3009033203125]","[688.7344665527344, 447.7146911621094]",1.0
Optical_B-F00483-D004,Optical_B,483,4.83,4.831559185999213,"[1278.7626953125, 477.03375244140625, 1280.0, 486.158935546875]","[1279.38134765625, 481.5963439941406]",1.0
Optical_B-F00483-D005,Optical_B,483,4.83,4.831559185999213,"[492.6485595703125, 531.239013671875, 543.95166015625, 541.0391845703125]","[518.3001098632812, 536.1390991210938]",1.0
Optical_B-F00484-D000,Optical_B,484,4.84,4.841091227997676,"[456.6327209472656, 464.24658203125, 498.6121826171875, 472.28564453125]","[477.62245178222656, 468.26611328125]",1.0
Optical_B-F00484-D001,Optical_B,484,4.84,4.841091227997676,"[877.1670532226562, 489.76519775390625, 918.3089599609375, 497.60723876953125]","[897.7380065917969, 493.68621826171875]",1.0
Optical_B-F00484-D002,Optical_B,484,4.84,4.841091227997676,"[1274.843505859375, 531.2501220703125, 1280.0, 541.0560302734375]","[1277.4217529296875, 536.153076171875]",1.0
Optical_B-F00485-D000,Optical_B,485,4.8500000000000005,4.851264008998988,"[1239.347412109375, 464.2236328125, 1280.0, 472.26666259765625]","[1259.6737060546875, 468.2451477050781]",1.0
Optical_B-F00485-D001,Optical_B,485,4.8500000000000005,4.851264008998988,"[0.0, 734.54296875, 16.774559020996094, 743.607421875]","[8.387279510498047, 739.0751953125]",1.0
Optical_B-F00485-D002,Optical_B,485,4.8500000000000005,4.851264008998988,"[235.78082275390625, 621.494140625, 282.8332214355469, 630.6317138671875]","[259.30702209472656, 626.0629272460938]",1.0
Optical_B-F00486-D000,Optical_B,486,4.86,4.861063374002115,"[752.3509521484375, 734.5068359375, 797.9485473632812, 743.5697021484375]","[775.1497497558594, 739.0382690429688]",1.0
Optical_B-F00486-D001,Optical_B,486,4.86,4.861063374002115,"[1017.8838500976562, 621.5184326171875, 1064.947265625, 630.657958984375]","[1041.4155578613281, 626.0881958007812]",1.0
Optical_B-F00514-D000,Optical_B,514,5.14,5.14126679999812,"[606.8148193359375, 735.4752197265625, 652.6046752929688, 744.5794677734375]","[629.7097473144531, 740.02734375]",1.0
Optical_B-F00514-D001,Optical_B,514,5.14,5.14126679999812,"[900.3640747070312, 622.154052734375, 947.6972045898438, 631.347900390625]","[924.0306396484375, 626.7509765625]",1.0
Optical_B-F00515-D000,Optical_B,515,5.15,5.15122878899856,"[1132.66552734375, 463.951171875, 1174.916259765625, 472.04046630859375]","[1153.7908935546875, 467.9958190917969]",1.0
Optical_B-F00515-D001,Optical_B,515,5.15,5.15122878899856,"[109.84375, 622.1925048828125, 157.20008850097656, 631.3897705078125]","[133.52191925048828, 626.7911376953125]",1.0
Optical_B-F00516-D000,Optical_B,516,5.16,5.161240666999365,"[342.8813171386719, 463.94915771484375, 385.1302490234375, 472.0386962890625]","[364.0057830810547, 467.9939270019531]",1.0
Optical_B-F00516-D001,Optical_B,516,5.16,5.161240666999365,"[734.8723754882812, 489.6568603515625, 776.2236938476562, 497.5372314453125]","[755.5480346679688, 493.5970458984375]",1.0
Optical_B-F00516-D002,Optical_B,516,5.16,5.161240666999365,"[1141.5712890625, 531.3968505859375, 1193.324951171875, 541.278076171875]","[1167.4481201171875, 536.3374633789062]",1.0
Optical_B-F00517-D000,Optical_B,517,5.17,5.171235574003658,"[770.5819091796875, 499.70465087890625, 815.4107666015625, 508.24591064453125]","[792.996337890625, 503.97528076171875]",1.0
Optical_B-F00517-D001,Optical_B,517,5.17,5.171235574003658,"[590.7816162109375, 332.9578857421875, 637.0308837890625, 342.07293701171875]","[613.90625, 337.5154113769531]",1.0
Optical_B-F00517-D002,Optical_B,517,5.17,5.171235574003658,"[493.0804443359375, 442.69970703125, 540.9929809570312, 451.929931640625]","[517.0367126464844, 447.3148193359375]",1.0
Optical_B-F00517-D003,Optical_B,517,5.17,5.171235574003658,"[1153.275634765625, 476.76409912109375, 1201.260498046875, 485.96002197265625]","[1177.26806640625, 481.362060546875]",1.0
Optical_B-F00517-D004,Optical_B,517,5.17,5.171235574003658,"[351.1065979003906, 531.3984375, 402.8555908203125, 541.2802734375]","[376.98109436035156, 536.33935546875]",1.0
Optical_B-F00518-D000,Optical_B,518,5.18,5.181282194003579,"[0.0, 499.69830322265625, 25.534133911132812, 508.24395751953125]","[12.767066955566406, 503.97113037109375]",1.0
Optical_B-F00518-D001,Optical_B,518,5.18,5.181282194003579,"[677.7318115234375, 446.13214111328125, 720.3936767578125, 454.37274169921875]","[699.062744140625, 450.25244140625]",1.0
Optical_B-F00518-D002,Optical_B,518,5.18,5.181282194003579,"[363.26690673828125, 476.762451171875, 411.24603271484375, 485.9586181640625]","[387.2564697265625, 481.36053466796875]",1.0
Optical_B-F00518-D003,Optical_B,518,5.18,5.181282194003579,"[576.725830078125, 617.82373046875, 631.2962646484375, 628.4677734375]","[604.0110473632812, 623.145751953125]",1.0
Optical_A-F00519-D000,Optical_A,519,5.19,5.191030229992466,"[1214.8182373046875, 349.8419189453125, 1251.078125, 357.845703125]","[1232.9481811523438, 353.84381103515625]",1.0
Optical_A-F00520-D000,Optical_A,520,5.2,5.2015231680008585,"[430.91033935546875, 349.8463134765625, 467.16094970703125, 357.85357666015625]","[449.03564453125, 353.8499450683594]",1.0
Optical_A-F00520-D001,Optical_A,520,5.2,5.2015231680008585,"[1031.113037109375, 361.9642333984375, 1069.03662109375, 370.21875]","[1050.0748291015625, 366.09149169921875]",1.0
Optical_A-F00520-D002,Optical_A,520,5.2,5.2015231680008585,"[1144.5025634765625, 539.7861328125, 1179.13330078125, 547.150146484375]","[1161.8179321289062, 543.4681396484375]",1.0
Optical_B-F00520-D000,Optical_B,520,5.2,5.20113030099601,"[1212.345947265625, 381.14813232421875, 1248.6546630859375, 388.341552734375]","[1230.5003051757812, 384.7448425292969]",1.0
Optical_A-F00521-D000,Optical_A,521,5.21,5.211395537998178,"[1162.08154296875, 449.98394775390625, 1211.766845703125, 460.43890380859375]","[1186.9241943359375, 455.21142578125]",1.0
Optical_A-F00521-D001,Optical_A,521,5.21,5.211395537998178,"[785.3443603515625, 483.42877197265625, 833.21142578125, 493.51043701171875]","[809.2778930664062, 488.4696044921875]",1.0
Optical_A-F00521-D002,Optical_A,521,5.21,5.211395537998178,"[246.09255981445312, 361.93035888671875, 284.0234375, 370.190185546875]","[265.05799865722656, 366.0602722167969]",1.0
Optical_A-F00521-D003,Optical_A,521,5.21,5.211395537998178,"[360.6288146972656, 539.786865234375, 395.25726318359375, 547.1517333984375]","[377.9430389404297, 543.4692993164062]",1.0
Optical_B-F00521-D000,Optical_B,521,5.21,5.211408259005984,"[657.7747802734375, 370.78277587890625, 692.793701171875, 377.74884033203125]","[675.2842407226562, 374.26580810546875]",1.0
Optical_B-F00521-D001,Optical_B,521,5.21,5.211408259005984,"[422.6210021972656, 381.1602783203125, 458.91790771484375, 388.35198974609375]","[440.7694549560547, 384.7561340332031]",1.0
Optical_B-F00521-D002,Optical_B,521,5.21,5.211408259005984,"[1152.853271484375, 379.73052978515625, 1196.8876953125, 388.50732421875]","[1174.8704833984375, 384.1189270019531]",1.0
Optical_B-F00521-D003,Optical_B,521,5.21,5.211408259005984,"[880.5341796875, 727.2249755859375, 933.9881591796875, 738.05517578125]","[907.2611694335938, 732.6400756835938]",1.0
Optical_A-F00522-D000,Optical_A,522,5.22,5.22146037399827,"[379.4066162109375, 449.97808837890625, 429.0890197753906, 460.43548583984375]","[404.24781799316406, 455.206787109375]",1.0
Optical_A-F00522-D001,Optical_A,522,5.22,5.22146037399827,"[0.708160400390625, 483.4119873046875, 48.617210388183594, 493.5001220703125]","[24.66268539428711, 488.4560546875]",1.0
Optical_A-F00522-D002,Optical_A,522,5.22,5.22146037399827,"[1076.6131591796875, 406.49212646484375, 1114.2518310546875, 414.38531494140625]","[1095.4324951171875, 410.438720703125]",1.0
Optical_A-F00522-D003,Optical_A,522,5.22,5.22146037399827,"[747.2464599609375, 509.743896484375, 782.48193359375, 517.0384521484375]","[764.8641967773438, 513.3911743164062]",1.0
Optical_B-F00522-D000,Optical_B,522,5.22,5.221317903996096,"[1188.4935302734375, 413.96868896484375, 1225.2501220703125, 421.3011474609375]","[1206.871826171875, 417.6349182128906]",1.0
Optical_B-F00522-D001,Optical_B,522,5.22,5.221317903996096,"[362.5218200683594, 379.72845458984375, 406.5513916015625, 388.50396728515625]","[384.53660583496094, 384.1162109375]",1.0
Optical_B-F00522-D002,Optical_B,522,5.22,5.221317903996096,"[90.82313537597656, 727.3209228515625, 144.31114196777344, 738.15283203125]","[117.567138671875, 732.7368774414062]",1.0
Optical_B-F00522-D003,Optical_B,522,5.22,5.221317903996096,"[728.0014038085938, 455.72271728515625, 788.031005859375, 467.54229736328125]","[758.0162048339844, 461.63250732421875]",1.0
Optical_A-F00523-D000,Optical_A,523,5.23,5.2314452409959635,"[1043.04052734375, 434.365478515625, 1090.224853515625, 444.08953857421875]","[1066.6326904296875, 439.2275085449219]",1.0
Optical_A-F00523-D001,Optical_A,523,5.23,5.2314452409959635,"[293.19903564453125, 406.47808837890625, 330.8412170410156, 414.374267578125]","[312.02012634277344, 410.4261779785156]",1.0
Optical_A-F00523-D002,Optical_A,523,5.23,5.2314452409959635,"[1227.3472900390625, 517.5360107421875, 1264.460693359375, 525.0693359375]","[1245.9039916992188, 521.3026733398438]",1.0
Optical_B-F00523-D000,Optical_B,523,5.23,5.231799260993721,"[526.2578125, 537.3262939453125, 560.3028564453125, 544.0379638671875]","[543.2803344726562, 540.68212890625]",1.0
Optical_B-F00523-D001,Optical_B,523,5.23,5.231799260993721,"[400.0317687988281, 413.97125244140625, 436.780029296875, 421.302490234375]","[418.40589904785156, 417.6368713378906]",1.0
Optical_B-F00523-D002,Optical_B,523,5.23,5.231799260993721,"[624.2930908203125, 332.7861328125, 663.2620849609375, 340.70501708984375]","[643.777587890625, 336.7455749511719]",1.0
Optical_B-F00523-D003,Optical_B,523,5.23,5.231799260993721,"[962.3001098632812, 568.587646484375, 1006.4923095703125, 577.397705078125]","[984.3962097167969, 572.99267578125]",1.0
Optical_A-F00524-D000,Optical_A,524,5.24,5.241553032008815,"[580.0696411132812, 807.404296875, 636.86376953125, 819.5743408203125]","[608.4667053222656, 813.4893188476562]",1.0
Optical_A-F00524-D001,Optical_A,524,5.24,5.241553032008815,"[1181.08251953125, 497.41064453125, 1231.551513671875, 507.54644775390625]","[1206.3170166015625, 502.4785461425781]",1.0
Optical_A-F00524-D002,Optical_A,524,5.24,5.241553032008815,"[258.9027099609375, 434.34661865234375, 306.09808349609375, 444.07464599609375]","[282.5003967285156, 439.21063232421875]",1.0
Optical_A-F00524-D003,Optical_A,524,5.24,5.241553032008815,"[963.41162109375, 324.9354248046875, 1003.0941772460938, 333.2049560546875]","[983.2528991699219, 329.0701904296875]",1.0
Optical_A-F00524-D004,Optical_A,524,5.24,5.241553032008815,"[443.98077392578125, 517.5355224609375, 481.0830078125, 525.068359375]","[462.5318908691406, 521.3019409179688]",1.0
Optical_A-F00524-D005,Optical_A,524,5.24,5.241553032008815,"[796.203857421875, 423.9111328125, 831.8294677734375, 431.213623046875]","[814.0166625976562, 427.5623779296875]",1.0
Optical_A-F00524-D006,Optical_A,524,5.24,5.241553032008815,"[584.489013671875, 682.5108642578125, 617.990478515625, 689.5196533203125]","[601.23974609375, 686.0152587890625]",1.0
Optical_B-F00524-D000,Optical_B,524,5.24,5.241360223002848,"[518.2520751953125, 509.870849609375, 553.0506591796875, 516.7548828125]","[535.6513671875, 513.3128662109375]",1.0
Optical_B-F00524-D001,Optical_B,524,5.24,5.241360223002848,"[704.006591796875, 517.3563232421875, 740.727783203125, 524.6451416015625]","[722.3671875, 521.000732421875]",1.0
Optical_B-F00524-D002,Optical_B,524,5.24,5.241360223002848,"[173.52699279785156, 568.605224609375, 217.73562622070312, 577.4171142578125]","[195.63130950927734, 573.0111694335938]",1.0
Optical_B-F00524-D003,Optical_B,524,5.24,5.241360223002848,"[649.968994140625, 662.952880859375, 695.8547973632812, 672.3245849609375]","[672.9118957519531, 667.6387329101562]",1.0
Optical_B-F00524-D004,Optical_B,524,5.24,5.241360223002848,"[933.64013671875, 736.6572265625, 982.068359375, 746.7257080078125]","[957.854248046875, 741.6914672851562]",1.0
Optical_A-F00525-D000,Optical_A,525,5.25,5.251952718012035,"[948.6634521484375, 652.709228515625, 1006.29345703125, 664.5146484375]","[977.4784545898438, 658.6119384765625]",1.0
Optical_A-F00525-D001,Optical_A,525,5.25,5.251952718012035,"[398.92535400390625, 497.40997314453125, 449.3876953125, 507.54632568359375]","[424.1565246582031, 502.4781494140625]",1.0
Optical_A-F00525-D002,Optical_A,525,5.25,5.251952718012035,"[1144.490478515625, 301.37567138671875, 1196.590087890625, 312.14239501953125]","[1170.540283203125, 306.759033203125]",1.0
Optical_A-F00525-D003,Optical_A,525,5.25,5.251952718012035,"[179.06890869140625, 324.87994384765625, 218.76686096191406, 333.15509033203125]","[198.91788482666016, 329.01751708984375]",1.0
Optical_A-F00525-D004,Optical_A,525,5.25,5.251952718012035,"[12.743492126464844, 423.870361328125, 48.39622497558594, 431.17755126953125]","[30.56985855102539, 427.5239562988281]",1.0
Optical_A-F00525-D005,Optical_A,525,5.25,5.251952718012035,"[512.724365234375, 401.2813720703125, 548.7285766601562, 408.64373779296875]","[530.7264709472656, 404.9625549316406]",1.0
Optical_A-F00525-D006,Optical_A,525,5.25,5.251952718012035,"[473.83062744140625, 328.32763671875, 508.065673828125, 335.43231201171875]","[490.9481506347656, 331.8799743652344]",1.0
Optical_A-F00525-D007,Optical_A,525,5.25,5.251952718012035,"[1122.793212890625, 482.9351806640625, 1155.6568603515625, 489.49542236328125]","[1139.2250366210938, 486.2153015136719]",1.0
Optical_B-F00525-D000,Optical_B,525,5.25,5.251421544002369,"[1013.2435302734375, 424.25054931640625, 1048.8466796875, 431.5257568359375]","[1031.0451049804688, 427.8881530761719]",1.0
Optical_B-F00525-D001,Optical_B,525,5.25,5.251421544002369,"[1261.316162109375, 400.11041259765625, 1280.0, 407.55224609375]","[1270.6580810546875, 403.8313293457031]",1.0
Optical_B-F00525-D002,Optical_B,525,5.25,5.251421544002369,"[143.27700805664062, 736.7344970703125, 191.72767639160156, 746.80224609375]","[167.5023422241211, 741.7683715820312]",1.0
Optical_A-F00526-D000,Optical_A,526,5.26,5.26170737800363,"[167.22598266601562, 652.7568359375, 224.88357543945312, 664.56982421875]","[196.05477905273438, 658.663330078125]",1.0
Optical_A-F00526-D001,Optical_A,526,5.26,5.26170737800363,"[360.9751892089844, 301.34912109375, 413.07366943359375, 312.121337890625]","[387.02442932128906, 306.7352294921875]",1.0
Optical_A-F00526-D002,Optical_A,526,5.26,5.26170737800363,"[339.3009033203125, 482.9342041015625, 372.16278076171875, 489.49493408203125]","[355.7318420410156, 486.2145690917969]",1.0
Optical_B-F00526-D000,Optical_B,526,5.26,5.261953888990101,"[225.27488708496094, 424.23309326171875, 260.8865966796875, 431.50848388671875]","[243.08074188232422, 427.87078857421875]",1.0
Optical_B-F00526-D001,Optical_B,526,5.26,5.261953888990101,"[473.30322265625, 400.12261962890625, 509.4163513183594, 407.56201171875]","[491.3597869873047, 403.8423156738281]",1.0
Optical_B-F00526-D002,Optical_B,526,5.26,5.261953888990101,"[1197.6019287109375, 684.2685546875, 1231.1829833984375, 691.35205078125]","[1214.3924560546875, 687.810302734375]",1.0
Optical_B-F00526-D003,Optical_B,526,5.26,5.261953888990101,"[811.1980590820312, 455.478515625, 852.140869140625, 463.8636474609375]","[831.6694641113281, 459.67108154296875]",1.0
Optical_B-F00526-D004,Optical_B,526,5.26,5.261953888990101,"[727.26318359375, 614.4730224609375, 767.6050415039062, 622.8126220703125]","[747.4341125488281, 618.642822265625]",1.0
Optical_A-F00527-D000,Optical_A,527,5.2700000000000005,5.271614132008399,"[500.2047424316406, 431.805908203125, 553.8460083007812, 442.50323486328125]","[527.0253753662109, 437.1545715332031]",1.0
Optical_A-F00527-D001,Optical_A,527,5.2700000000000005,5.271614132008399,"[849.2674560546875, 472.4677734375, 901.6439819335938, 482.789794921875]","[875.4557189941406, 477.6287841796875]",1.0
Optical_A-F00527-D002,Optical_A,527,5.2700000000000005,5.271614132008399,"[542.7017211914062, 375.89312744140625, 587.5140991210938, 384.92779541015625]","[565.10791015625, 380.41046142578125]",1.0
Optical_A-F00527-D003,Optical_A,527,5.2700000000000005,5.271614132008399,"[1071.1973876953125, 508.43157958984375, 1104.291748046875, 514.8980712890625]","[1087.7445678710938, 511.6648254394531]",1.0
Optical_B-F00527-D000,Optical_B,527,5.2700000000000005,5.2716545079997745,"[408.740234375, 684.2613525390625, 442.3130798339844, 691.341552734375]","[425.5266571044922, 687.8014526367188]",1.0
Optical_B-F00527-D001,Optical_B,527,5.2700000000000005,5.2716545079997745,"[636.0858764648438, 323.35650634765625, 670.5036010742188, 330.654296875]","[653.2947387695312, 327.0054016113281]",1.0
Optical_B-F00527-D002,Optical_B,527,5.2700000000000005,5.2716545079997745,"[23.032073974609375, 455.45123291015625, 64.00775909423828, 463.83953857421875]","[43.51991653442383, 459.6453857421875]",1.0
Optical_B-F00527-D003,Optical_B,527,5.2700000000000005,5.2716545079997745,"[1256.33251953125, 334.31939697265625, 1280.0, 343.2178955078125]","[1268.166259765625, 338.7686462402344]",1.0
Optical_A-F00528-D000,Optical_A,528,5.28,5.282312286000233,"[67.6480484008789, 472.45013427734375, 120.059814453125, 482.77728271484375]","[93.85393142700195, 477.61370849609375]",1.0
Optical_A-F00528-D001,Optical_A,528,5.28,5.282312286000233,"[796.40283203125, 566.9239501953125, 839.8599243164062, 575.4725341796875]","[818.1313781738281, 571.1982421875]",1.0
Optical_A-F00528-D002,Optical_A,528,5.28,5.282312286000233,"[888.9404296875, 459.70416259765625, 928.4840087890625, 467.4595947265625]","[908.7122192382812, 463.5818786621094]",1.0
Optical_A-F00528-D003,Optical_A,528,5.28,5.282312286000233,"[286.92669677734375, 508.43121337890625, 320.0221252441406, 514.8983154296875]","[303.4744110107422, 511.6647644042969]",1.0
Optical_B-F00528-D000,Optical_B,528,5.28,5.2815858650003795,"[1272.846923828125, 481.06280517578125, 1280.0, 488.0465087890625]","[1276.4234619140625, 484.5546569824219]",1.0
Optical_B-F00528-D001,Optical_B,528,5.28,5.2815858650003795,"[763.29345703125, 412.4713134765625, 802.5363159179688, 420.7783203125]","[782.9148864746094, 416.62481689453125]",1.0
Optical_B-F00528-D002,Optical_B,528,5.28,5.2815858650003795,"[468.40386962890625, 334.3314208984375, 510.025146484375, 343.2255859375]","[489.2145080566406, 338.77850341796875]",1.0
Optical_B-F00528-D003,Optical_B,528,5.28,5.2815858650003795,"[531.812255859375, 479.4610595703125, 574.70947265625, 488.38970947265625]","[553.2608642578125, 483.9253845214844]",1.0
Optical_B-F00528-D004,Optical_B,528,5.28,5.2815858650003795,"[982.9039306640625, 537.137939453125, 1026.43408203125, 546.2738037109375]","[1004.6690063476562, 541.7058715820312]",1.0
Optical_B-F00528-D005,Optical_B,528,5.28,5.2815858650003795,"[790.1675415039062, 630.244140625, 841.7818603515625, 641.2352294921875]","[815.9747009277344, 635.7396850585938]",1.0
Optical_A-F00529-D000,Optical_A,529,5.29,5.292110071989591,"[988.55908203125, 533.4345703125, 1044.9154052734375, 544.3594970703125]","[1016.7372436523438, 538.8970336914062]",1.0
Optical_A-F00529-D001,Optical_A,529,5.29,5.292110071989591,"[14.10125732421875, 566.948974609375, 57.590370178222656, 575.502197265625]","[35.8458137512207, 571.2255859375]",1.0
Optical_A-F00529-D002,Optical_A,529,5.29,5.292110071989591,"[106.33445739746094, 459.68658447265625, 145.899658203125, 467.44512939453125]","[126.11705780029297, 463.56585693359375]",1.0
Optical_A-F00529-D003,Optical_A,529,5.29,5.292110071989591,"[556.1791381835938, 423.2965087890625, 593.7579956054688, 430.6943359375]","[574.9685668945312, 426.99542236328125]",1.0
Optical_B-F00529-D000,Optical_B,529,5.29,5.291368993995129,"[485.38775634765625, 481.0667724609375, 518.4951171875, 488.04913330078125]","[501.9414367675781, 484.5579528808594]",1.0
Optical_B-F00529-D001,Optical_B,529,5.29,5.291368993995129,"[0.0, 412.4173583984375, 14.770088195800781, 420.7269287109375]","[7.385044097900391, 416.5721435546875]",1.0
Optical_B-F00529-D002,Optical_B,529,5.29,5.291368993995129,"[195.08155822753906, 537.1458740234375, 238.62713623046875, 546.28369140625]","[216.8543472290039, 541.7147827148438]",1.0
Optical_B-F00529-D003,Optical_B,529,5.29,5.291368993995129,"[704.81201171875, 659.366455078125, 746.924560546875, 668.49609375]","[725.8682861328125, 663.9312744140625]",1.0
Optical_B-F00529-D004,Optical_B,529,5.29,5.291368993995129,"[650.2564086914062, 747.3057861328125, 694.395263671875, 757.020263671875]","[672.3258361816406, 752.1630249023438]",1.0
Optical_B-F00529-D005,Optical_B,529,5.29,5.291368993995129,"[0.11592864990234375, 630.312255859375, 51.77742004394531, 641.305908203125]","[25.946674346923828, 635.80908203125]",1.0
Optical_A-F00530-D000,Optical_A,530,5.3,5.30142873499135,"[207.72067260742188, 533.4400634765625, 264.0966796875, 544.3681640625]","[235.90867614746094, 538.9041137695312]",1.0
Optical_A-F00530-D001,Optical_A,530,5.3,5.30142873499135,"[343.49267578125, 652.8067626953125, 387.49505615234375, 661.53759765625]","[365.4938659667969, 657.1721801757812]",1.0
Optical_A-F00530-D002,Optical_A,530,5.3,5.30142873499135,"[607.10595703125, 356.52056884765625, 646.2804565429688, 364.29010009765625]","[626.6932067871094, 360.40533447265625]",1.0
Optical_A-F00530-D003,Optical_A,530,5.3,5.30142873499135,"[1208.8585205078125, 484.04229736328125, 1248.705078125, 491.7113037109375]","[1228.7817993164062, 487.8768005371094]",1.0
Optical_A-F00530-D004,Optical_A,530,5.3,5.30142873499135,"[818.4859619140625, 328.6370849609375, 854.7625122070312, 335.8626708984375]","[836.6242370605469, 332.2498779296875]",1.0
Optical_B-F00530-D000,Optical_B,530,5.3,5.301166118992842,"[1015.1895141601562, 508.00128173828125, 1048.801513671875, 515.2474365234375]","[1031.9955139160156, 511.6243591308594]",1.0
Optical_B-F00530-D001,Optical_B,530,5.3,5.301166118992842,"[900.924560546875, 295.10772705078125, 939.2547607421875, 303.673828125]","[920.0896606445312, 299.3907775878906]",1.0
Optical_A-F00531-D000,Optical_A,531,5.3100000000000005,5.311778175996151,"[1102.29833984375, 619.5391845703125, 1157.6865234375, 630.3590087890625]","[1129.992431640625, 624.9490966796875]",1.0
Optical_A-F00531-D001,Optical_A,531,5.3100000000000005,5.311778175996151,"[851.6620483398438, 712.56298828125, 896.6085815429688, 721.5205078125]","[874.1353149414062, 717.041748046875]",1.0
Optical_A-F00531-D002,Optical_A,531,5.3100000000000005,5.311778175996151,"[425.46099853515625, 484.04351806640625, 465.2952575683594, 491.71240234375]","[445.3781280517578, 487.8779602050781]",1.0
Optical_A-F00531-D003,Optical_A,531,5.3100000000000005,5.311778175996151,"[1036.381103515625, 533.0535888671875, 1076.2249755859375, 540.7003173828125]","[1056.3030395507812, 536.876953125]",1.0
Optical_A-F00531-D004,Optical_A,531,5.3100000000000005,5.311778175996151,"[845.2125244140625, 635.2261962890625, 884.031005859375, 642.8424072265625]","[864.6217651367188, 639.0343017578125]",1.0
Optical_A-F00531-D005,Optical_A,531,5.3100000000000005,5.311778175996151,"[34.75044250488281, 328.5582275390625, 71.05213165283203, 335.78814697265625]","[52.90128707885742, 332.1731872558594]",1.0
Optical_B-F00531-D000,Optical_B,531,5.3100000000000005,5.311571097003762,"[226.78199768066406, 508.00054931640625, 260.4022216796875, 515.2481689453125]","[243.59210968017578, 511.6243591308594]",1.0
Optical_B-F00531-D001,Optical_B,531,5.3100000000000005,5.311571097003762,"[112.17021942138672, 295.0302734375, 150.5218505859375, 303.59423828125]","[131.3460350036621, 299.312255859375]",1.0
Optical_A-F00532-D000,Optical_A,532,5.32,5.321599019000423,"[320.1944274902344, 619.554443359375, 375.58502197265625, 630.3768310546875]","[347.8897247314453, 624.9656372070312]",1.0
Optical_A-F00532-D001,Optical_A,532,5.32,5.321599019000423,"[877.5686645507812, 710.4180908203125, 927.708740234375, 720.37353515625]","[902.6387023925781, 715.3958129882812]",1.0
Optical_A-F00532-D002,Optical_A,532,5.32,5.321599019000423,"[68.6929702758789, 712.6458740234375, 113.66722106933594, 721.608642578125]","[91.18009567260742, 717.1272583007812]",1.0
Optical_A-F00532-D003,Optical_A,532,5.32,5.321599019000423,"[254.18453979492188, 533.05615234375, 294.0325622558594, 540.7041015625]","[274.1085510253906, 536.880126953125]",1.0
Optical_A-F00532-D004,Optical_A,532,5.32,5.321599019000423,"[62.84130096435547, 635.2708740234375, 101.6851806640625, 642.8907470703125]","[82.26324081420898, 639.080810546875]",1.0
Optical_A-F00532-D005,Optical_A,532,5.32,5.321599019000423,"[844.84375, 704.063720703125, 884.6544189453125, 711.9580078125]","[864.7490844726562, 708.0108642578125]",1.0
Optical_A-F00533-D000,Optical_A,533,5.33,5.3312207239924465,"[96.47125244140625, 710.488037109375, 146.637451171875, 720.4483642578125]","[121.55435180664062, 715.4682006835938]",1.0
Optical_A-F00533-D001,Optical_A,533,5.33,5.3312207239924465,"[62.658119201660156, 704.1331787109375, 102.49237060546875, 712.03125]","[82.57524490356445, 708.0822143554688]",1.0
Optical_A-F00535-D000,Optical_A,535,5.3500000000000005,5.351270221997402,"[1221.7161865234375, 465.76641845703125, 1272.409912109375, 475.46282958984375]","[1247.0630493164062, 470.6146240234375]",1.0
Optical_A-F00535-D001,Optical_A,535,5.3500000000000005,5.351270221997402,"[781.2562255859375, 601.7452392578125, 824.2098388671875, 610.052734375]","[802.7330322265625, 605.8989868164062]",1.0
Optical_A-F00536-D000,Optical_A,536,5.36,5.361353141997243,"[439.93011474609375, 465.7685546875, 490.607666015625, 475.4644775390625]","[465.2688903808594, 470.61651611328125]",1.0
Optical_A-F00564-D000,Optical_A,564,5.64,5.641549558000988,"[567.6720581054688, 465.4788818359375, 618.66064453125, 475.236083984375]","[593.1663513183594, 470.35748291015625]",1.0
Optical_A-F00564-D001,Optical_A,564,5.64,5.641549558000988,"[104.53052520751953, 602.2637939453125, 147.74050903320312, 610.6201171875]","[126.13551712036133, 606.4419555664062]",1.0
Optical_A-F00565-D000,Optical_A,565,5.65,5.651290366999456,"[894.6306762695312, 602.267578125, 937.836669921875, 610.6243896484375]","[916.2336730957031, 606.4459838867188]",1.0
Optical_A-F00567-D000,Optical_A,567,5.67,5.672198973001214,"[274.48919677734375, 711.790283203125, 325.01031494140625, 721.818603515625]","[299.749755859375, 716.804443359375]",1.0
Optical_A-F00567-D001,Optical_A,567,5.67,5.672198973001214,"[203.66233825683594, 705.133056640625, 243.71925354003906, 713.0738525390625]","[223.6907958984375, 709.1034545898438]",1.0
Optical_A-F00568-D000,Optical_A,568,5.68,5.681764345011906,"[470.8023681640625, 620.5994873046875, 526.7652587890625, 631.5296630859375]","[498.7838134765625, 626.0645751953125]",1.0
Optical_A-F00568-D001,Optical_A,568,5.68,5.681764345011906,"[1066.028076171875, 711.8438720703125, 1116.56591796875, 721.8739013671875]","[1091.2969970703125, 716.85888671875]",1.0
Optical_A-F00568-D002,Optical_A,568,5.68,5.681764345011906,"[188.90774536132812, 714.22802734375, 234.258544921875, 723.2645263671875]","[211.58314514160156, 718.7462768554688]",1.0
Optical_A-F00568-D003,Optical_A,568,5.68,5.681764345011906,"[204.55398559570312, 635.95849609375, 243.63589477539062, 643.6219482421875]","[224.09494018554688, 639.7902221679688]",1.0
Optical_A-F00568-D004,Optical_A,568,5.68,5.681764345011906,"[994.0988159179688, 705.158447265625, 1034.160888671875, 713.099365234375]","[1014.1298522949219, 709.12890625]",1.0
Optical_A-F00569-D000,Optical_A,569,5.69,5.6917226709896935,"[1261.33447265625, 620.6641845703125, 1280.0, 631.5999755859375]","[1270.667236328125, 626.132080078125]",1.0
Optical_A-F00569-D001,Optical_A,569,5.69,5.6917226709896935,"[978.5174560546875, 714.2650146484375, 1023.875, 723.3017578125]","[1001.1962280273438, 718.7833862304688]",1.0
Optical_A-F00569-D002,Optical_A,569,5.69,5.6917226709896935,"[0.0, 355.45318603515625, 9.594612121582031, 363.27874755859375]","[4.797306060791016, 359.365966796875]",1.0
Optical_A-F00569-D003,Optical_A,569,5.69,5.6917226709896935,"[534.8309936523438, 483.8326416015625, 574.9906005859375, 491.5595703125]","[554.9107971191406, 487.69610595703125]",1.0
Optical_A-F00569-D004,Optical_A,569,5.69,5.6917226709896935,"[1190.927978515625, 533.184814453125, 1231.052978515625, 540.8795166015625]","[1210.990478515625, 537.0321655273438]",1.0
Optical_A-F00569-D005,Optical_A,569,5.69,5.6917226709896935,"[994.7552490234375, 635.97509765625, 1033.842529296875, 643.638916015625]","[1014.2988891601562, 639.8070068359375]",1.0
Optical_A-F00569-D006,Optical_A,569,5.69,5.6917226709896935,"[131.87835693359375, 327.2952880859375, 168.4495849609375, 334.5767822265625]","[150.16397094726562, 330.93603515625]",1.0
Optical_B-F00569-D000,Optical_B,569,5.69,5.691116405997891,"[143.54351806640625, 507.9698486328125, 177.48367309570312, 515.2730712890625]","[160.5135955810547, 511.6214599609375]",1.0
Optical_B-F00569-D001,Optical_B,569,5.69,5.691116405997891,"[16.344451904296875, 293.13507080078125, 55.11344909667969, 301.776611328125]","[35.72895050048828, 297.4558410644531]",1.0
Optical_A-F00570-D000,Optical_A,570,5.7,5.7014448300062215,"[425.46600341796875, 533.647705078125, 482.4701232910156, 544.6822509765625]","[453.9680633544922, 539.1649780273438]",1.0
Optical_A-F00570-D001,Optical_A,570,5.7,5.7014448300062215,"[463.77142333984375, 654.0706787109375, 508.2039794921875, 662.88232421875]","[485.9877014160156, 658.4765014648438]",1.0
Optical_A-F00570-D002,Optical_A,570,5.7,5.7014448300062215,"[760.2647705078125, 355.47802734375, 799.7418212890625, 363.30126953125]","[780.0032958984375, 359.3896484375]",1.0
Optical_A-F00570-D003,Optical_A,570,5.7,5.7014448300062215,"[920.6845092773438, 327.2843017578125, 957.2532958984375, 334.56500244140625]","[938.9689025878906, 330.9246520996094]",1.0
Optical_B-F00570-D000,Optical_B,570,5.7,5.701225090003573,"[927.5833129882812, 507.96942138671875, 961.5240478515625, 515.2733154296875]","[944.5536804199219, 511.6213684082031]",1.0
Optical_B-F00570-D001,Optical_B,570,5.7,5.701225090003573,"[800.1019287109375, 293.140625, 838.861572265625, 301.787353515625]","[819.4817504882812, 297.4639892578125]",1.0
Optical_A-F00571-D000,Optical_A,571,5.71,5.712128781998181,"[1217.232177734375, 533.6588134765625, 1274.2818603515625, 544.69873046875]","[1245.7570190429688, 539.1787719726562]",1.0
Optical_A-F00571-D001,Optical_A,571,5.71,5.712128781998181,"[183.63040161132812, 567.3951416015625, 227.5330352783203, 576.0186767578125]","[205.58171844482422, 571.7069091796875]",1.0
Optical_A-F00571-D002,Optical_A,571,5.71,5.712128781998181,"[1253.091796875, 654.146484375, 1280.0, 662.96142578125]","[1266.5458984375, 658.553955078125]",1.0
Optical_A-F00571-D003,Optical_A,571,5.71,5.712128781998181,"[261.01934814453125, 459.30010986328125, 300.9250183105469, 467.116455078125]","[280.97218322753906, 463.2082824707031]",1.0
Optical_A-F00571-D004,Optical_A,571,5.71,5.712128781998181,"[705.6651611328125, 422.676513671875, 743.5521240234375, 430.126953125]","[724.608642578125, 426.4017333984375]",1.0
Optical_B-F00571-D000,Optical_B,571,5.71,5.711367042990751,"[436.4283752441406, 480.800537109375, 469.8516845703125, 487.84326171875]","[453.14002990722656, 484.3218994140625]",1.0
Optical_B-F00571-D001,Optical_B,571,5.71,5.711367042990751,"[127.58285522460938, 537.4293212890625, 171.67523193359375, 546.6707763671875]","[149.62904357910156, 542.050048828125]",1.0
Optical_B-F00571-D002,Optical_B,571,5.71,5.711367042990751,"[644.530517578125, 660.98828125, 687.1558837890625, 670.22119140625]","[665.8432006835938, 665.604736328125]",1.0
Optical_B-F00571-D003,Optical_B,571,5.71,5.711367042990751,"[586.4776611328125, 750.0184326171875, 631.178466796875, 759.8499755859375]","[608.8280639648438, 754.9342041015625]",1.0
Optical_A-F00572-D000,Optical_A,572,5.72,5.721366552998661,"[275.8587646484375, 472.02923583984375, 328.9294738769531, 482.46697998046875]","[302.3941192626953, 477.24810791015625]",1.0
Optical_A-F00572-D001,Optical_A,572,5.72,5.721366552998661,"[973.938720703125, 567.403564453125, 1017.8475952148438, 576.0277099609375]","[995.8931579589844, 571.7156372070312]",1.0
Optical_A-F00572-D002,Optical_A,572,5.72,5.721366552998661,"[1050.9661865234375, 459.28863525390625, 1090.883544921875, 467.106201171875]","[1070.9248657226562, 463.1974182128906]",1.0
Optical_A-F00572-D003,Optical_A,572,5.72,5.721366552998661,"[375.156005859375, 508.4034423828125, 408.5360107421875, 514.9208984375]","[391.84600830078125, 511.66217041015625]",1.0
Optical_B-F00572-D000,Optical_B,572,5.72,5.721418428000761,"[1221.5294189453125, 480.78582763671875, 1254.9766845703125, 487.83233642578125]","[1238.2530517578125, 484.30908203125]",1.0
Optical_B-F00572-D001,Optical_B,572,5.72,5.721418428000761,"[395.74285888671875, 332.35589599609375, 437.881103515625, 341.35205078125]","[416.8119812011719, 336.8539733886719]",1.0
Optical_B-F00572-D002,Optical_B,572,5.72,5.721418428000761,"[391.4947509765625, 479.121337890625, 434.947265625, 488.1436767578125]","[413.22100830078125, 483.63250732421875]",1.0
Optical_B-F00572-D003,Optical_B,572,5.72,5.721418428000761,"[912.206298828125, 537.4326171875, 956.3013305664062, 546.67626953125]","[934.2538146972656, 542.054443359375]",1.0
Optical_B-F00572-D004,Optical_B,572,5.72,5.721418428000761,"[623.4330444335938, 631.7369384765625, 675.8535766601562, 642.8701171875]","[649.643310546875, 637.3035278320312]",1.0
Optical_A-F00573-D000,Optical_A,573,5.73,5.7317128970066555,"[643.6923217773438, 430.7213134765625, 698.1401977539062, 441.5653076171875]","[670.916259765625, 436.143310546875]",1.0
Optical_A-F00573-D001,Optical_A,573,5.73,5.7317128970066555,"[1066.9007568359375, 472.016845703125, 1119.9949951171875, 482.45733642578125]","[1093.4478759765625, 477.2370910644531]",1.0
Optical_A-F00573-D002,Optical_A,573,5.73,5.7317128970066555,"[662.74169921875, 374.359619140625, 708.1162109375, 383.49859619140625]","[685.428955078125, 378.9291076660156]",1.0
Optical_A-F00573-D003,Optical_A,573,5.73,5.7317128970066555,"[1163.457275390625, 508.40216064453125, 1196.8564453125, 514.921875]","[1180.1568603515625, 511.6620178222656]",1.0
Optical_B-F00573-D000,Optical_B,573,5.73,5.731397833999363,"[288.38525390625, 685.680419921875, 322.301025390625, 692.821044921875]","[305.3431396484375, 689.250732421875]",1.0
Optical_B-F00573-D001,Optical_B,573,5.73,5.731397833999363,"[514.1492309570312, 321.75494384765625, 548.9259033203125, 329.11688232421875]","[531.5375671386719, 325.4359130859375]",1.0
Optical_B-F00573-D002,Optical_B,573,5.73,5.731397833999363,"[1180.3321533203125, 332.27044677734375, 1222.500244140625, 341.27484130859375]","[1201.4161987304688, 336.77264404296875]",1.0
Optical_B-F00573-D003,Optical_B,573,5.73,5.731397833999363,"[1174.529296875, 479.10638427734375, 1218.0126953125, 488.13336181640625]","[1196.27099609375, 483.619873046875]",1.0
Optical_A-F00574-D000,Optical_A,574,5.74,5.741228498993442,"[402.1194763183594, 654.675537109375, 460.72906494140625, 666.654541015625]","[431.4242706298828, 660.6650390625]",1.0
Optical_A-F00574-D001,Optical_A,574,5.74,5.741228498993442,"[495.0957946777344, 298.3912353515625, 548.0090942382812, 309.3206787109375]","[521.5524444580078, 303.85595703125]",1.0
Optical_A-F00574-D002,Optical_A,574,5.74,5.741228498993442,"[473.48907470703125, 482.709716796875, 506.6578674316406, 489.32135009765625]","[490.07347106933594, 486.0155334472656]",1.0
Optical_B-F00574-D000,Optical_B,574,5.74,5.741341747993138,"[141.3880157470703, 423.36492919921875, 177.39581298828125, 430.71343994140625]","[159.39191436767578, 427.0391845703125]",1.0
Optical_B-F00574-D001,Optical_B,574,5.74,5.741341747993138,"[390.40484619140625, 398.99609375, 426.925048828125, 406.5118408203125]","[408.6649475097656, 402.75396728515625]",1.0
Optical_B-F00574-D002,Optical_B,574,5.74,5.741341747993138,"[1071.9822998046875, 685.7222900390625, 1105.91015625, 692.8675537109375]","[1088.9462280273438, 689.294921875]",1.0
Optical_B-F00574-D003,Optical_B,574,5.74,5.741341747993138,"[720.4840698242188, 454.82904052734375, 761.9531860351562, 463.31146240234375]","[741.2186279296875, 459.07025146484375]",1.0
Optical_B-F00574-D004,Optical_B,574,5.74,5.741341747993138,"[572.389404296875, 615.50634765625, 613.2313232421875, 623.9317626953125]","[592.8103637695312, 619.7190551757812]",1.0
Optical_A-F00575-D000,Optical_A,575,5.75,5.751591259002453,"[1193.36767578125, 654.751708984375, 1252.0240478515625, 666.733642578125]","[1222.6958618164062, 660.74267578125]",1.0
Optical_A-F00575-D001,Optical_A,575,5.75,5.751591259002453,"[275.61944580078125, 322.7486572265625, 315.82122802734375, 331.121337890625]","[295.7203369140625, 326.93499755859375]",1.0
Optical_A-F00575-D002,Optical_A,575,5.75,5.751591259002453,"[156.77798461914062, 423.07171630859375, 192.82325744628906, 430.4461669921875]","[174.80062103271484, 426.7589416503906]",1.0
Optical_A-F00575-D003,Optical_A,575,5.75,5.751591259002453,"[661.75341796875, 400.27484130859375, 698.1570434570312, 407.70556640625]","[679.9552307128906, 403.9902038574219]",1.0
Optical_A-F00575-D004,Optical_A,575,5.75,5.751591259002453,"[1262.62890625, 482.6961669921875, 1280.0, 489.31060791015625]","[1271.314453125, 486.0033874511719]",1.0
Optical_B-F00575-D000,Optical_B,575,5.75,5.752147167993826,"[925.875244140625, 423.35589599609375, 961.883056640625, 430.7064208984375]","[943.879150390625, 427.0311584472656]",1.0
Optical_B-F00575-D001,Optical_B,575,5.75,5.752147167993826,"[1174.922119140625, 398.94873046875, 1211.467529296875, 406.46942138671875]","[1193.19482421875, 402.7090759277344]",1.0
Optical_A-F00576-D000,Optical_A,576,5.76,5.7629833989974575,"[718.6802978515625, 812.5126953125, 776.578369140625, 824.905517578125]","[747.6293334960938, 818.7091064453125]",1.0
Optical_A-F00576-D001,Optical_A,576,5.76,5.7629833989974575,"[369.69000244140625, 433.2261962890625, 417.6435852050781, 443.09649658203125]","[393.6667938232422, 438.1613464355469]",1.0
Optical_A-F00576-D002,Optical_A,576,5.76,5.7629833989974575,"[1063.8187255859375, 322.69512939453125, 1104.035400390625, 331.06707763671875]","[1083.9270629882812, 326.881103515625]",1.0
Optical_A-F00576-D003,Optical_A,576,5.76,5.7629833989974575,"[597.2567138671875, 517.5911865234375, 634.8165283203125, 525.2000732421875]","[616.03662109375, 521.3956298828125]",1.0
Optical_A-F00576-D004,Optical_A,576,5.76,5.7629833989974575,"[945.939453125, 423.06402587890625, 981.9859619140625, 430.4378662109375]","[963.9627075195312, 426.7509460449219]",1.0
Optical_A-F00576-D005,Optical_A,576,5.76,5.7629833989974575,"[665.743408203125, 684.239013671875, 699.6259155273438, 691.3211669921875]","[682.6846618652344, 687.7800903320312]",1.0
Optical_B-F00576-D000,Optical_B,576,5.76,5.762541454014135,"[361.07183837890625, 509.85205078125, 396.2425231933594, 516.796875]","[378.6571807861328, 513.324462890625]",1.0
Optical_B-F00576-D001,Optical_B,576,5.76,5.762541454014135,"[599.801025390625, 517.413330078125, 636.9588012695312, 524.7799072265625]","[618.3799133300781, 521.0966186523438]",1.0
Optical_B-F00576-D002,Optical_B,576,5.76,5.762541454014135,"[41.80824279785156, 569.32763671875, 86.65313720703125, 578.2532958984375]","[64.2306900024414, 573.7904663085938]",1.0
Optical_B-F00576-D003,Optical_B,576,5.76,5.762541454014135,"[443.30023193359375, 664.71533203125, 489.83758544921875, 674.1998291015625]","[466.56890869140625, 669.4575805664062]",1.0
Optical_B-F00576-D004,Optical_B,576,5.76,5.762541454014135,"[718.1357421875, 739.4366455078125, 767.2891845703125, 749.635498046875]","[742.7124633789062, 744.5360717773438]",1.0
Optical_A-F00577-D000,Optical_A,577,5.7700000000000005,5.771382649003063,"[1158.1080322265625, 433.1905517578125, 1206.095703125, 443.063720703125]","[1182.1018676757812, 438.12713623046875]",1.0
Optical_A-F00577-D001,Optical_A,577,5.7700000000000005,5.771382649003063,"[447.0045471191406, 405.319091796875, 485.1552734375, 413.30364990234375]","[466.0799102783203, 409.3113708496094]",1.0
Optical_A-F00577-D002,Optical_A,577,5.7700000000000005,5.771382649003063,"[37.127227783203125, 509.71673583984375, 72.84198760986328, 517.09912109375]","[54.9846076965332, 513.4079284667969]",1.0
Optical_B-F00577-D000,Optical_B,577,5.7700000000000005,5.771566574006575,"[417.365234375, 537.57958984375, 451.7911376953125, 544.35888671875]","[434.57818603515625, 540.96923828125]",1.0
Optical_B-F00577-D001,Optical_B,577,5.7700000000000005,5.771566574006575,"[281.19342041015625, 412.91192626953125, 318.385009765625, 420.3238525390625]","[299.7892150878906, 416.6178894042969]",1.0
Optical_B-F00577-D002,Optical_B,577,5.7700000000000005,5.771566574006575,"[1144.302490234375, 509.851318359375, 1179.4918212890625, 516.7984619140625]","[1161.8971557617188, 513.3248901367188]",1.0
Optical_B-F00577-D003,Optical_B,577,5.7700000000000005,5.771566574006575,"[435.829833984375, 330.99920654296875, 475.26617431640625, 338.999755859375]","[455.5480041503906, 334.9994812011719]",1.0
Optical_B-F00577-D004,Optical_B,577,5.7700000000000005,5.771566574006575,"[1225.5906982421875, 664.7896728515625, 1272.1644287109375, 674.2816162109375]","[1248.8775634765625, 669.53564453125]",1.0
Optical_A-F00578-D000,Optical_A,578,5.78,5.781396390987793,"[582.5708618164062, 449.01312255859375, 633.2086181640625, 459.6348876953125]","[607.8897399902344, 454.3240051269531]",1.0
Optical_A-F00578-D001,Optical_A,578,5.78,5.781396390987793,"[95.66474914550781, 482.93731689453125, 144.4524383544922, 493.19354248046875]","[120.05859375, 488.0654296875]",1.0
Optical_A-F00578-D002,Optical_A,578,5.78,5.781396390987793,"[1236.1656494140625, 405.2686767578125, 1274.34765625, 413.255126953125]","[1255.2566528320312, 409.26190185546875]",1.0
Optical_A-F00578-D003,Optical_A,578,5.78,5.781396390987793,"[824.812744140625, 509.716796875, 860.5186767578125, 517.098876953125]","[842.6657104492188, 513.4078369140625]",1.0
Optical_B-F00578-D000,Optical_B,578,5.78,5.781494558004197,"[1201.618408203125, 537.5902099609375, 1236.066650390625, 544.3726806640625]","[1218.842529296875, 540.9814453125]",1.0
Optical_B-F00578-D001,Optical_B,578,5.78,5.781494558004197,"[1065.2232666015625, 412.88519287109375, 1102.42822265625, 420.30023193359375]","[1083.8257446289062, 416.59271240234375]",1.0
Optical_B-F00578-D002,Optical_B,578,5.78,5.781494558004197,"[131.71546936035156, 378.2337646484375, 176.3360595703125, 387.11090087890625]","[154.02576446533203, 382.6723327636719]",1.0
Optical_B-F00578-D003,Optical_B,578,5.78,5.781494558004197,"[416.5661315917969, 454.8487548828125, 477.7034912109375, 466.85357666015625]","[447.1348114013672, 460.8511657714844]",1.0
Optical_A-F00579-D000,Optical_A,579,5.79,5.791502546001575,"[883.6439208984375, 482.9337158203125, 932.4317016601562, 493.190673828125]","[908.0378112792969, 488.06219482421875]",1.0
Optical_A-F00579-D001,Optical_A,579,5.79,5.791502546001575,"[317.09649658203125, 359.85552978515625, 355.6042785644531, 368.23260498046875]","[336.3503875732422, 364.0440673828125]",1.0
Optical_A-F00579-D002,Optical_A,579,5.79,5.791502546001575,"[499.726806640625, 540.1070556640625, 534.847900390625, 547.557373046875]","[517.287353515625, 543.8322143554688]",1.0
Optical_B-F00579-D000,Optical_B,579,5.79,5.791442547989427,"[523.4932861328125, 369.284423828125, 558.9224853515625, 376.326416015625]","[541.2078857421875, 372.805419921875]",1.0
Optical_B-F00579-D001,Optical_B,579,5.79,5.791442547989427,"[220.32107543945312, 379.9403076171875, 257.01483154296875, 387.2008056640625]","[238.66795349121094, 383.570556640625]",1.0
Optical_B-F00579-D002,Optical_B,579,5.79,5.791442547989427,"[913.8001708984375, 378.2222900390625, 958.4210205078125, 387.1016845703125]","[936.110595703125, 382.6619873046875]",1.0
Optical_A-F00580-D000,Optical_A,580,5.8,5.802319127001101,"[574.76904296875, 347.756103515625, 611.59765625, 355.8695068359375]","[593.183349609375, 351.81280517578125]",1.0
Optical_A-F00580-D001,Optical_A,580,5.8,5.802319127001101,"[1104.5721435546875, 359.8037109375, 1143.1007080078125, 368.1802978515625]","[1123.83642578125, 363.99200439453125]",1.0
Optical_B-F00580-D000,Optical_B,580,5.8,5.801201684994157,"[1003.0307006835938, 379.9205322265625, 1039.73095703125, 387.18310546875]","[1021.3808288574219, 383.55181884765625]",1.0
Optical_B-F00582-D000,Optical_B,582,5.82,5.822111582012731,"[394.1728210449219, 445.4112548828125, 437.35198974609375, 453.7431640625]","[415.7624053955078, 449.57720947265625]",1.0
Optical_B-F00582-D001,Optical_B,582,5.82,5.822111582012731,"[121.61735534667969, 476.232421875, 170.36624145507812, 485.5677490234375]","[145.9917984008789, 480.90008544921875]",1.0
Optical_B-F00582-D002,Optical_B,582,5.82,5.822111582012731,"[211.63449096679688, 619.30615234375, 267.0526428222656, 630.10302734375]","[239.34356689453125, 624.70458984375]",1.0
Optical_B-F00583-D000,Optical_B,583,5.83,5.8314683210029035,"[532.845947265625, 499.53045654296875, 578.340576171875, 508.19287109375]","[555.59326171875, 503.8616638183594]",1.0
Optical_B-F00583-D001,Optical_B,583,5.83,5.8314683210029035,"[1175.99169921875, 445.38592529296875, 1219.1968994140625, 453.7213134765625]","[1197.5942993164062, 449.5536193847656]",1.0
Optical_B-F00583-D002,Optical_B,583,5.83,5.8314683210029035,"[264.00238037109375, 330.8441162109375, 310.8401794433594, 340.070556640625]","[287.42127990722656, 335.45733642578125]",1.0
Optical_B-F00583-D003,Optical_B,583,5.83,5.8314683210029035,"[153.29891967773438, 441.85198974609375, 201.84329223632812, 451.196533203125]","[177.57110595703125, 446.5242614746094]",1.0
Optical_B-F00583-D004,Optical_B,583,5.83,5.8314683210029035,"[904.07958984375, 476.2286376953125, 952.828125, 485.5650634765625]","[928.453857421875, 480.8968505859375]",1.0
Optical_B-F00583-D005,Optical_B,583,5.83,5.8314683210029035,"[69.541015625, 531.71533203125, 122.17891693115234, 541.7596435546875]","[95.85996627807617, 536.7374877929688]",1.0
Optical_B-F00583-D006,Optical_B,583,5.83,5.8314683210029035,"[992.125244140625, 619.3275146484375, 1047.55517578125, 630.1273193359375]","[1019.8402099609375, 624.7274169921875]",1.0
Optical_B-F00584-D000,Optical_B,584,5.84,5.841356237000436,"[96.39476776123047, 463.30474853515625, 139.22549438476562, 471.503662109375]","[117.81013107299805, 467.4042053222656]",1.0
Optical_B-F00584-D001,Optical_B,584,5.84,5.841356237000436,"[427.84967041015625, 489.423095703125, 469.6524658203125, 497.38616943359375]","[448.7510681152344, 493.4046325683594]",1.0
Optical_B-F00584-D002,Optical_B,584,5.84,5.841356237000436,"[1045.2454833984375, 330.80328369140625, 1092.096923828125, 340.03240966796875]","[1068.6712036132812, 335.4178466796875]",1.0
Optical_B-F00584-D003,Optical_B,584,5.84,5.841356237000436,"[934.3502807617188, 441.84539794921875, 982.8966064453125, 451.1910400390625]","[958.6234436035156, 446.5182189941406]",1.0
Optical_B-F00584-D004,Optical_B,584,5.84,5.841356237000436,"[851.49853515625, 531.71630859375, 904.1290893554688, 541.76123046875]","[877.8138122558594, 536.73876953125]",1.0
Optical_B-F00585-D000,Optical_B,585,5.8500000000000005,5.851151739008492,"[878.9440307617188, 463.30322265625, 921.7689208984375, 471.50250244140625]","[900.3564758300781, 467.4028625488281]",1.0
Optical_B-F00585-D001,Optical_B,585,5.8500000000000005,5.851151739008492,"[1209.521240234375, 489.41400146484375, 1251.3511962890625, 497.38031005859375]","[1230.4362182617188, 493.39715576171875]",1.0
Optical_B-F00586-D000,Optical_B,586,5.86,5.861161678999779,"[226.68533325195312, 738.004638671875, 272.9788513183594, 747.216796875]","[249.83209228515625, 742.6107177734375]",1.0
Optical_B-F00586-D001,Optical_B,586,5.86,5.861161678999779,"[591.8094482421875, 623.82275390625, 639.8463134765625, 633.159423828125]","[615.827880859375, 628.4910888671875]",1.0
Optical_B-F00587-D000,Optical_B,587,5.87,5.870942717000726,"[1007.556884765625, 738.039794921875, 1053.857421875, 747.2528076171875]","[1030.7071533203125, 742.6463012695312]",1.0
Optical_B-F00613-D000,Optical_B,613,6.13,6.131678922009887,"[868.1513671875, 738.927978515625, 914.6188354492188, 748.178955078125]","[891.3851013183594, 743.553466796875]",1.0
Optical_B-F00613-D001,Optical_B,613,6.13,6.131678922009887,"[1259.950927734375, 624.4971923828125, 1280.0, 633.8912353515625]","[1269.9754638671875, 629.1942138671875]",1.0
Optical_B-F00614-D000,Optical_B,614,6.140000000000001,6.141039410999511,"[76.52214050292969, 739.00390625, 123.01387786865234, 748.258544921875]","[99.76800918579102, 743.6312255859375]",1.0
Optical_B-F00614-D001,Optical_B,614,6.140000000000001,6.141039410999511,"[469.27520751953125, 624.4854736328125, 517.5914306640625, 633.8787841796875]","[493.4333190917969, 629.18212890625]",1.0
Optical_B-F00615-D000,Optical_B,615,6.15,6.151190169990878,"[768.1024780273438, 463.0201416015625, 811.1776733398438, 471.2674560546875]","[789.6400756835938, 467.143798828125]",1.0
Optical_B-F00615-D001,Optical_B,615,6.15,6.151190169990878,"[1071.937744140625, 489.31317138671875, 1113.9576416015625, 497.31512451171875]","[1092.9476928710938, 493.31414794921875]",1.0
Optical_B-F00616-D000,Optical_B,616,6.16,6.161510211994173,"[0.0, 462.99542236328125, 21.21105194091797, 471.2469482421875]","[10.605525970458984, 467.1211853027344]",1.0
Optical_B-F00616-D001,Optical_B,616,6.16,6.161510211994173,"[281.1358642578125, 489.3114013671875, 323.1549072265625, 497.31396484375]","[302.1453857421875, 493.31268310546875]",1.0
Optical_B-F00616-D002,Optical_B,616,6.16,6.161510211994173,"[883.9862060546875, 329.796875, 931.108642578125, 339.07904052734375]","[907.5474243164062, 334.4379577636719]",1.0
Optical_B-F00616-D003,Optical_B,616,6.16,6.161510211994173,"[766.6162719726562, 441.44158935546875, 815.45361328125, 450.84173583984375]","[791.0349426269531, 446.14166259765625]",1.0
Optical_B-F00616-D004,Optical_B,616,6.16,6.161510211994173,"[711.6582641601562, 531.870361328125, 764.712890625, 541.994140625]","[738.1855773925781, 536.9322509765625]",1.0
Optical_B-F00617-D000,Optical_B,617,6.17,6.171441567001166,"[407.7306823730469, 499.4388427734375, 453.5747985839844, 508.1649169921875]","[430.6527404785156, 503.8018798828125]",1.0
Optical_B-F00617-D001,Optical_B,617,6.17,6.171441567001166,"[1022.7352294921875, 445.0091552734375, 1066.2034912109375, 453.39227294921875]","[1044.4693603515625, 449.2007141113281]",1.0
Optical_B-F00617-D002,Optical_B,617,6.17,6.171441567001166,"[92.63416290283203, 329.735595703125, 139.7809600830078, 339.02044677734375]","[116.20756149291992, 334.3780212402344]",1.0
Optical_B-F00617-D003,Optical_B,617,6.17,6.171441567001166,"[0.0, 441.4071044921875, 23.874473571777344, 450.8116455078125]","[11.937236785888672, 446.109375]",1.0
Optical_B-F00617-D004,Optical_B,617,6.17,6.171441567001166,"[772.728271484375, 475.94635009765625, 821.8792114257812, 485.35687255859375]","[797.3037414550781, 480.651611328125]",1.0
Optical_B-F00617-D005,Optical_B,617,6.17,6.171441567001166,"[793.9559936523438, 620.105712890625, 849.819580078125, 630.985595703125]","[821.8877868652344, 625.545654296875]",1.0
Optical_B-F00618-D000,Optical_B,618,6.18,6.181181561994599,"[231.92919921875, 444.998779296875, 275.40423583984375, 453.38287353515625]","[253.66671752929688, 449.1908264160156]",1.0
Optical_B-F00618-D001,Optical_B,618,6.18,6.181181561994599,"[1.73553466796875, 620.158447265625, 57.64312744140625, 631.043212890625]","[29.6893310546875, 625.600830078125]",1.0
Optical_A-F00620-D000,Optical_A,620,6.2,6.202495002001524,"[672.7506103515625, 346.3323974609375, 709.9746704101562, 354.5181884765625]","[691.3626403808594, 350.42529296875]",1.0
Optical_A-F00620-D001,Optical_A,620,6.2,6.202495002001524,"[1154.7308349609375, 358.32855224609375, 1193.671142578125, 366.78839111328125]","[1174.2009887695312, 362.5584716796875]",1.0
Optical_B-F00620-D000,Optical_B,620,6.2,6.20118406600086,"[1213.1099853515625, 368.16961669921875, 1248.850341796875, 375.269287109375]","[1230.9801635742188, 371.7194519042969]",1.0
Optical_B-F00620-D001,Optical_B,620,6.2,6.20118406600086,"[861.2926635742188, 379.0892333984375, 898.258544921875, 386.398681640625]","[879.7756042480469, 382.74395751953125]",1.0
Optical_A-F00621-D000,Optical_A,621,6.21,6.211566858001752,"[956.9754028320312, 482.5643310546875, 1006.4508666992188, 492.95208740234375]","[981.713134765625, 487.7582092285156]",1.0
Optical_A-F00621-D001,Optical_A,621,6.21,6.211566858001752,"[369.749755859375, 358.31689453125, 408.6863708496094, 366.78094482421875]","[389.2180633544922, 362.5489196777344]",1.0
Optical_A-F00621-D002,Optical_A,621,6.21,6.211566858001752,"[602.47119140625, 540.3436279296875, 637.9581298828125, 547.8570556640625]","[620.2146606445312, 544.100341796875]",1.0
Optical_B-F00621-D000,Optical_B,621,6.21,6.2115330669994,"[424.46478271484375, 368.179443359375, 460.19476318359375, 375.2774658203125]","[442.32977294921875, 371.72845458984375]",1.0
Optical_B-F00621-D001,Optical_B,621,6.21,6.2115330669994,"[71.45824432373047, 379.04266357421875, 108.44547271728516, 386.35369873046875]","[89.95185852050781, 382.69818115234375]",1.0
Optical_B-F00621-D002,Optical_B,621,6.21,6.2115330669994,"[737.2646484375, 377.10845947265625, 782.31982421875, 386.06365966796875]","[759.792236328125, 381.5860595703125]",1.0
Optical_B-F00621-D003,Optical_B,621,6.21,6.2115330669994,"[526.53955078125, 733.3411865234375, 581.6716918945312, 744.4932861328125]","[554.1056213378906, 738.917236328125]",1.0
Optical_B-F00621-D004,Optical_B,621,6.21,6.2115330669994,"[957.03369140625, 454.161865234375, 1019.0394287109375, 466.31304931640625]","[988.0365600585938, 460.2374572753906]",1.0
Optical_A-F00622-D000,Optical_A,622,6.22,6.221822541002184,"[746.6842041015625, 448.233642578125, 798.0958251953125, 458.9881591796875]","[772.3900146484375, 453.61090087890625]",1.0
Optical_A-F00622-D001,Optical_A,622,6.22,6.221822541002184,"[172.51205444335938, 482.55316162109375, 222.010009765625, 492.9454345703125]","[197.2610321044922, 487.7492980957031]",1.0
Optical_A-F00622-D002,Optical_A,622,6.22,6.221822541002184,"[887.0740356445312, 509.695068359375, 923.1597900390625, 517.1474609375]","[905.1169128417969, 513.4212646484375]",1.0
Optical_B-F00622-D000,Optical_B,622,6.22,6.221357016008114,"[1111.20654296875, 537.797607421875, 1145.962646484375, 544.6353759765625]","[1128.5845947265625, 541.2164916992188]",1.0
Optical_B-F00622-D001,Optical_B,622,6.22,6.221357016008114,"[966.4412841796875, 412.0169677734375, 1004.00634765625, 419.49810791015625]","[985.2238159179688, 415.7575378417969]",1.0
Optical_B-F00622-D002,Optical_B,622,6.22,6.221357016008114,"[1062.1400146484375, 329.4703369140625, 1101.9781494140625, 337.54290771484375]","[1082.05908203125, 333.5066223144531]",1.0
Optical_B-F00622-D003,Optical_B,622,6.22,6.221357016008114,"[165.00369262695312, 454.142822265625, 227.03659057617188, 466.29730224609375]","[196.0201416015625, 460.2200622558594]",1.0
Optical_A-F00623-D000,Optical_A,623,6.23,6.232330367002287,"[0.0, 448.1942138671875, 15.595893859863281, 458.9569091796875]","[7.797946929931641, 453.5755615234375]",1.0
Optical_A-F00623-D001,Optical_A,623,6.23,6.232330367002287,"[1258.9085693359375, 432.1612548828125, 1280.0, 442.16510009765625]","[1269.4542846679688, 437.1631774902344]",1.0
Optical_A-F00623-D002,Optical_A,623,6.23,6.232330367002287,"[580.7117919921875, 404.31146240234375, 619.3060913085938, 412.3729248046875]","[600.0089416503906, 408.3421936035156]",1.0
Optical_A-F00623-D003,Optical_A,623,6.23,6.232330367002287,"[102.24796295166016, 509.6942138671875, 138.353271484375, 517.1494140625]","[120.30061721801758, 513.4218139648438]",1.0
Optical_B-F00623-D000,Optical_B,623,6.23,6.231358028996038,"[322.87225341796875, 537.7994384765625, 357.628173828125, 544.6373291015625]","[340.2502136230469, 541.2183837890625]",1.0
Optical_B-F00623-D001,Optical_B,623,6.23,6.231358028996038,"[1002.8648681640625, 509.83477783203125, 1038.378173828125, 516.83544921875]","[1020.6215209960938, 513.3351135253906]",1.0
Optical_B-F00623-D002,Optical_B,623,6.23,6.231358028996038,"[272.2999572753906, 329.44866943359375, 312.14251708984375, 337.5201416015625]","[292.2212371826172, 333.4844055175781]",1.0
Optical_B-F00623-D003,Optical_B,623,6.23,6.231358028996038,"[1038.56982421875, 666.3482666015625, 1085.71337890625, 675.9403076171875]","[1062.1416015625, 671.144287109375]",1.0
Optical_A-F00624-D000,Optical_A,624,6.24,6.241881607997348,"[474.82666015625, 432.16290283203125, 523.502685546875, 442.168212890625]","[499.1646728515625, 437.1655578613281]",1.0
Optical_A-F00624-D001,Optical_A,624,6.24,6.241881607997348,"[1158.6575927734375, 320.57904052734375, 1199.3800048828125, 329.04779052734375]","[1179.018798828125, 324.81341552734375]",1.0
Optical_A-F00624-D002,Optical_A,624,6.24,6.241881607997348,"[1086.73291015625, 422.2674560546875, 1123.177978515625, 429.70843505859375]","[1104.9554443359375, 425.9879455566406]",1.0
Optical_A-F00624-D003,Optical_A,624,6.24,6.241881607997348,"[742.223388671875, 685.865478515625, 776.464599609375, 693.016845703125]","[759.343994140625, 689.441162109375]",1.0
Optical_B-F00624-D000,Optical_B,624,6.24,6.242257708998514,"[213.49948120117188, 509.83441162109375, 249.0204620361328, 516.8363037109375]","[231.25997161865234, 513.3353576660156]",1.0
Optical_B-F00624-D001,Optical_B,624,6.24,6.242257708998514,"[501.618896484375, 517.467041015625, 539.1895751953125, 524.906982421875]","[520.4042358398438, 521.18701171875]",1.0
Optical_B-F00624-D002,Optical_B,624,6.24,6.242257708998514,"[514.4151611328125, 742.06396484375, 564.2597045898438, 752.3861083984375]","[539.3374328613281, 747.2250366210938]",1.0
Optical_A-F00625-D000,Optical_A,625,6.25,6.251512760005426,"[67.47047424316406, 817.5439453125, 126.46785736083984, 830.1649169921875]","[96.96916580200195, 823.8544311523438]",1.0
Optical_A-F00625-D001,Optical_A,625,6.25,6.251512760005426,"[821.2572631835938, 497.03131103515625, 873.3204345703125, 507.43096923828125]","[847.2888488769531, 502.23114013671875]",1.0
Optical_A-F00625-D002,Optical_A,625,6.25,6.251512760005426,"[374.39154052734375, 320.5682373046875, 415.1100158691406, 329.04083251953125]","[394.7507781982422, 324.8045349121094]",1.0
Optical_A-F00625-D003,Optical_A,625,6.25,6.251512760005426,"[303.44366455078125, 422.2584228515625, 339.88922119140625, 429.70147705078125]","[321.66644287109375, 425.9799499511719]",1.0
Optical_A-F00625-D004,Optical_A,625,6.25,6.251512760005426,"[646.890869140625, 324.7042236328125, 681.8809814453125, 331.95391845703125]","[664.3859252929688, 328.3290710449219]",1.0
Optical_B-F00625-D000,Optical_B,625,6.25,6.251702142995782,"[836.7078857421875, 422.44287109375, 873.129638671875, 429.87030029296875]","[854.9187622070312, 426.1565856933594]",1.0
Optical_B-F00625-D001,Optical_B,625,6.25,6.251702142995782,"[1086.7176513671875, 397.7626953125, 1123.6890869140625, 405.36395263671875]","[1105.203369140625, 401.5633239746094]",1.0
Optical_B-F00625-D002,Optical_B,625,6.25,6.251702142995782,"[1190.6416015625, 616.649658203125, 1232.0472412109375, 625.1722412109375]","[1211.3444213867188, 620.9109497070312]",1.0
Optical_A-F00626-D000,Optical_A,626,6.26,6.262348940004594,"[663.9261474609375, 656.8140869140625, 723.6009521484375, 668.97802734375]","[693.7635498046875, 662.8960571289062]",1.0
Optical_A-F00626-D001,Optical_A,626,6.26,6.262348940004594,"[39.282493591308594, 497.02386474609375, 91.38507843017578, 507.42877197265625]","[65.33378601074219, 502.226318359375]",1.0
Optical_A-F00626-D002,Optical_A,626,6.26,6.262348940004594,"[644.7044677734375, 295.0916748046875, 698.5305786132812, 306.1966552734375]","[671.6175231933594, 300.6441650390625]",1.0
Optical_A-F00626-D003,Optical_A,626,6.26,6.262348940004594,"[30.26447296142578, 399.20025634765625, 67.10208892822266, 406.7054443359375]","[48.68328094482422, 402.9528503417969]",1.0
Optical_A-F00626-D004,Optical_A,626,6.26,6.262348940004594,"[621.2183837890625, 482.46258544921875, 654.725341796875, 489.13031005859375]","[637.9718627929688, 485.79644775390625]",1.0
Optical_B-F00626-D000,Optical_B,626,6.26,6.261749492003,"[48.61858367919922, 422.40484619140625, 85.06546020507812, 429.834228515625]","[66.84202194213867, 426.1195373535156]",1.0
Optical_B-F00626-D001,Optical_B,626,6.26,6.261749492003,"[298.69244384765625, 397.749755859375, 335.66607666015625, 405.35015869140625]","[317.17926025390625, 401.5499572753906]",1.0
Optical_B-F00626-D002,Optical_B,626,6.26,6.261749492003,"[933.4771118164062, 687.3250732421875, 967.7883911132812, 694.53857421875]","[950.6327514648438, 690.9318237304688]",1.0
Optical_B-F00626-D003,Optical_B,626,6.26,6.261749492003,"[1157.3173828125, 319.83984375, 1192.5313720703125, 327.2816162109375]","[1174.9243774414062, 323.56072998046875]",1.0
Optical_B-F00626-D004,Optical_B,626,6.26,6.261749492003,"[619.8299560546875, 454.10833740234375, 661.8826904296875, 462.69873046875]","[640.8563232421875, 458.4035339355469]",1.0
Optical_B-F00626-D005,Optical_B,626,6.26,6.261749492003,"[401.04150390625, 616.6494140625, 442.43963623046875, 625.169921875]","[421.7405700683594, 620.90966796875]",1.0
Optical_A-F00627-D000,Optical_A,627,6.2700000000000005,6.27208259599458,"[817.160888671875, 429.40997314453125, 872.5880126953125, 440.43145751953125]","[844.8744506835938, 434.92071533203125]",1.0
Optical_A-F00627-D001,Optical_A,627,6.2700000000000005,6.27208259599458,"[807.15283203125, 372.5146484375, 853.20556640625, 381.779296875]","[830.17919921875, 377.14697265625]",1.0
Optical_A-F00627-D002,Optical_A,627,6.2700000000000005,6.27208259599458,"[1273.720703125, 508.36700439453125, 1280.0, 514.950439453125]","[1276.8603515625, 511.6587219238281]",1.0
Optical_B-F00627-D000,Optical_B,627,6.2700000000000005,6.271544103011839,"[144.54135131835938, 687.37646484375, 178.86703491210938, 694.589111328125]","[161.70419311523438, 690.9827880859375]",1.0
Optical_B-F00627-D001,Optical_B,627,6.2700000000000005,6.271544103011839,"[368.3378601074219, 319.83984375, 403.5476989746094, 327.2784423828125]","[385.9427795410156, 323.55914306640625]",1.0
Optical_B-F00627-D002,Optical_B,627,6.2700000000000005,6.271544103011839,"[1088.84912109375, 329.8040771484375, 1131.658203125, 338.93603515625]","[1110.253662109375, 334.37005615234375]",1.0
Optical_B-F00627-D003,Optical_B,627,6.2700000000000005,6.271544103011839,"[998.1602783203125, 478.68670654296875, 1042.3236083984375, 487.82940673828125]","[1020.241943359375, 483.258056640625]",1.0
Optical_B-F00627-D004,Optical_B,627,6.2700000000000005,6.271544103011839,"[1195.2559814453125, 633.6837158203125, 1248.745849609375, 645.00634765625]","[1222.0009155273438, 639.3450317382812]",1.0
Optical_A-F00628-D000,Optical_A,628,6.28,6.283345298988279,"[34.11018371582031, 429.3653564453125, 89.5822525024414, 440.3941650390625]","[61.84621810913086, 434.8797607421875]",1.0
Optical_A-F00628-D001,Optical_A,628,6.28,6.283345298988279,"[547.3407592773438, 471.4803466796875, 601.276123046875, 482.06231689453125]","[574.3084411621094, 476.7713317871094]",1.0
Optical_A-F00628-D002,Optical_A,628,6.28,6.283345298988279,"[23.542098999023438, 372.44390869140625, 69.63035583496094, 381.71527099609375]","[46.58622741699219, 377.07958984375]",1.0
Optical_A-F00628-D003,Optical_A,628,6.28,6.283345298988279,"[1260.93896484375, 458.7501220703125, 1280.0, 466.6483154296875]","[1270.469482421875, 462.69921875]",1.0
Optical_A-F00628-D004,Optical_A,628,6.28,6.283345298988279,"[777.7855224609375, 609.8380126953125, 817.9003295898438, 617.798828125]","[797.8429260253906, 613.8184204101562]",1.0
Optical_A-F00628-D005,Optical_A,628,6.28,6.283345298988279,"[489.45074462890625, 508.36749267578125, 523.199951171875, 514.9500732421875]","[506.3253479003906, 511.6587829589844]",1.0
Optical_B-F00628-D000,Optical_B,628,6.28,6.281499503996456,"[1154.87158203125, 480.42596435546875, 1188.744873046875, 487.5540771484375]","[1171.8082275390625, 483.9900207519531]",1.0
Optical_B-F00628-D001,Optical_B,628,6.28,6.281499503996456,"[611.9025268554688, 410.056640625, 652.2039794921875, 418.56878662109375]","[632.0532531738281, 414.3127136230469]",1.0
Optical_B-F00628-D002,Optical_B,628,6.28,6.281499503996456,"[300.89501953125, 329.777099609375, 343.7069091796875, 338.906494140625]","[322.30096435546875, 334.341796875]",1.0
Optical_B-F00628-D003,Optical_B,628,6.28,6.281499503996456,"[208.61648559570312, 478.6785888671875, 252.79327392578125, 487.82293701171875]","[230.7048797607422, 483.2507629394531]",1.0
Optical_B-F00628-D004,Optical_B,628,6.28,6.281499503996456,"[405.0273132324219, 633.692138671875, 458.509765625, 645.01171875]","[431.76853942871094, 639.3519287109375]",1.0
Optical_A-F00629-D000,Optical_A,629,6.29,6.2928686659934465,"[422.32196044921875, 568.023193359375, 466.80743408203125, 576.745849609375]","[444.564697265625, 572.384521484375]",1.0
Optical_A-F00629-D001,Optical_A,629,6.29,6.2928686659934465,"[478.42498779296875, 458.7569580078125, 518.8115234375, 466.65460205078125]","[498.6182556152344, 462.7057800292969]",1.0
Optical_A-F00629-D002,Optical_A,629,6.29,6.2928686659934465,"[0.0, 609.88671875, 34.124107360839844, 617.852783203125]","[17.062053680419922, 613.8697509765625]",1.0
Optical_A-F00629-D003,Optical_A,629,6.29,6.2928686659934465,"[915.5634155273438, 421.8060302734375, 953.883056640625, 429.330322265625]","[934.7232360839844, 425.56817626953125]",1.0
Optical_B-F00629-D000,Optical_B,629,6.29,6.291605490993825,"[367.4177551269531, 480.42523193359375, 401.28729248046875, 487.55303955078125]","[384.35252380371094, 483.9891357421875]",1.0
Optical_B-F00629-D001,Optical_B,629,6.29,6.291605490993825,"[31.824989318847656, 537.8314208984375, 76.69631958007812, 547.2200927734375]","[54.26065444946289, 542.5257568359375]",1.0
Optical_B-F00629-D002,Optical_B,629,6.29,6.291605490993825,"[559.0670776367188, 663.2874755859375, 602.4224853515625, 672.6671142578125]","[580.7447814941406, 667.977294921875]",1.0
Optical_B-F00629-D003,Optical_B,629,6.29,6.291605490993825,"[495.9423828125, 753.868896484375, 541.4454345703125, 763.86669921875]","[518.6939086914062, 758.8677978515625]",1.0
Optical_A-F00630-D000,Optical_A,630,6.3,6.302653572999406,"[760.1148681640625, 533.9666748046875, 818.089111328125, 545.1651611328125]","[789.1019897460938, 539.56591796875]",1.0
Optical_A-F00630-D001,Optical_A,630,6.3,6.302653572999406,"[648.2982177734375, 656.0098876953125, 693.3930053710938, 664.9454345703125]","[670.8456115722656, 660.4776611328125]",1.0
Optical_A-F00630-D002,Optical_A,630,6.3,6.302653572999406,"[132.97726440429688, 421.77972412109375, 171.31488037109375, 429.30694580078125]","[152.1460723876953, 425.5433349609375]",1.0
Optical_A-F00630-D003,Optical_A,630,6.3,6.302653572999406,"[993.8888549804688, 353.88787841796875, 1033.82861328125, 361.79296875]","[1013.8587341308594, 357.8404235839844]",1.0
Optical_A-F00630-D004,Optical_A,630,6.3,6.302653572999406,"[1076.83935546875, 325.2171630859375, 1113.85546875, 332.58233642578125]","[1095.347412109375, 328.8997497558594]",1.0
Optical_B-F00630-D000,Optical_B,630,6.3,6.3036718460032715,"[793.5277709960938, 507.92071533203125, 827.9744873046875, 515.3128662109375]","[810.7511291503906, 511.6167907714844]",1.0
Optical_B-F00630-D001,Optical_B,630,6.3,6.3036718460032715,"[645.392578125, 290.1221923828125, 684.8118896484375, 298.89276123046875]","[665.1022338867188, 294.5074768066406]",1.0
Optical_A-F00631-D000,Optical_A,631,6.3100000000000005,6.312076556993416,"[0.0, 533.978515625, 37.49641418457031, 545.183349609375]","[18.748207092285156, 539.5809326171875]",1.0
Optical_A-F00631-D001,Optical_A,631,6.3100000000000005,6.312076556993416,"[1190.1826171875, 717.1048583984375, 1236.23046875, 726.27392578125]","[1213.20654296875, 721.6893920898438]",1.0
Optical_A-F00631-D002,Optical_A,631,6.3100000000000005,6.312076556993416,"[211.6051483154297, 353.857421875, 251.55453491210938, 361.7652587890625]","[231.57984161376953, 357.81134033203125]",1.0
Optical_A-F00631-D003,Optical_A,631,6.3100000000000005,6.312076556993416,"[716.8624877929688, 483.4815673828125, 757.5610961914062, 491.30523681640625]","[737.2117919921875, 487.3934020996094]",1.0
Optical_A-F00631-D004,Optical_A,631,6.3100000000000005,6.312076556993416,"[1242.6917724609375, 637.216796875, 1280.0, 644.9593505859375]","[1261.3458862304688, 641.0880737304688]",1.0
Optical_A-F00631-D005,Optical_A,631,6.3100000000000005,6.312076556993416,"[293.25250244140625, 325.1968994140625, 330.2709655761719, 332.5640869140625]","[311.76173400878906, 328.8804931640625]",1.0
Optical_B-F00631-D000,Optical_B,631,6.3100000000000005,6.312160787000321,"[4.9585723876953125, 507.9188232421875, 39.43367004394531, 515.314453125]","[22.196121215820312, 511.61663818359375]",1.0
Optical_A-F00632-D000,Optical_A,632,6.32,6.3225083009968515,"[745.9115600585938, 622.508544921875, 802.9235229492188, 633.6356201171875]","[774.4175415039062, 628.0720825195312]",1.0
Optical_A-F00632-D001,Optical_A,632,6.32,6.3225083009968515,"[407.3725891113281, 717.103515625, 453.41156005859375, 726.27392578125]","[430.39207458496094, 721.688720703125]",1.0
Optical_A-F00632-D002,Optical_A,632,6.32,6.3225083009968515,"[664.9795532226562, 533.3941650390625, 705.5364379882812, 541.16552734375]","[685.2579956054688, 537.2798461914062]",1.0
Optical_A-F00632-D003,Optical_A,632,6.32,6.3225083009968515,"[460.431884765625, 637.199951171875, 499.9469299316406, 644.9422607421875]","[480.1894073486328, 641.0711059570312]",1.0
Optical_A-F00632-D004,Optical_A,632,6.32,6.3225083009968515,"[1263.6904296875, 707.135498046875, 1280.0, 715.1611328125]","[1271.84521484375, 711.1483154296875]",1.0
Optical_A-F00633-D000,Optical_A,633,6.33,6.33195162500313,"[0.0, 622.5738525390625, 20.984573364257812, 633.7083740234375]","[10.492286682128906, 628.14111328125]",1.0
Optical_A-F00633-D001,Optical_A,633,6.33,6.33195162500313,"[626.8090209960938, 714.3673095703125, 678.0352172851562, 724.530517578125]","[652.422119140625, 719.4489135742188]",1.0
Optical_A-F00633-D002,Optical_A,633,6.33,6.33195162500313,"[481.610107421875, 707.103759765625, 522.1078491210938, 715.12890625]","[501.8589782714844, 711.1163330078125]",1.0
Optical_A-F00636-D000,Optical_A,636,6.36,6.361292075001402,"[903.61279296875, 464.7171630859375, 955.41796875, 474.63531494140625]","[929.515380859375, 469.6762390136719]",1.0
Optical_A-F00636-D001,Optical_A,636,6.36,6.361292075001402,"[381.9930419921875, 603.51025390625, 425.7886047363281, 611.984375]","[403.8908233642578, 607.747314453125]",1.0
Optical_A-F00637-D000,Optical_A,637,6.37,6.37138179899659,"[122.12200164794922, 464.7005615234375, 173.9527130126953, 474.62213134765625]","[148.03735733032227, 469.6613464355469]",1.0
Optical_A-F00663-D000,Optical_A,663,6.63,6.632480583003489,"[246.22840881347656, 464.42657470703125, 298.3447570800781, 474.40606689453125]","[272.28658294677734, 469.41632080078125]",1.0
Optical_A-F00664-D000,Optical_A,664,6.640000000000001,6.641744777997374,"[1037.243408203125, 464.41412353515625, 1089.3743896484375, 474.3963623046875]","[1063.3088989257812, 469.4052429199219]",1.0
Optical_A-F00664-D001,Optical_A,664,6.640000000000001,6.641744777997374,"[491.97711181640625, 604.00439453125, 536.00634765625, 612.5252685546875]","[513.9917297363281, 608.2648315429688]",1.0
Optical_A-F00667-D000,Optical_A,667,6.67,6.671582912009326,"[114.2081069946289, 623.5953369140625, 171.82574462890625, 634.83544921875]","[143.01692581176758, 629.2153930664062]",1.0
Optical_A-F00667-D001,Optical_A,667,6.67,6.671582912009326,"[811.8828735351562, 715.720947265625, 863.47900390625, 725.955078125]","[837.6809387207031, 720.8380126953125]",1.0
Optical_A-F00667-D002,Optical_A,667,6.67,6.671582912009326,"[627.0225219726562, 708.1348876953125, 667.751953125, 716.2042236328125]","[647.3872375488281, 712.1695556640625]",1.0
Optical_A-F00668-D000,Optical_A,668,6.68,6.681744660010445,"[904.957763671875, 623.6121826171875, 962.5772094726562, 634.8531494140625]","[933.7674865722656, 629.232666015625]",1.0
Optical_A-F00668-D001,Optical_A,668,6.68,6.681744660010445,"[533.0138549804688, 718.757080078125, 579.446533203125, 728.004638671875]","[556.2301940917969, 723.380859375]",1.0
Optical_A-F00668-D002,Optical_A,668,6.68,6.681744660010445,"[41.37798309326172, 483.2611083984375, 82.42412567138672, 491.1456298828125]","[61.90105438232422, 487.203369140625]",1.0
Optical_A-F00668-D003,Optical_A,668,6.68,6.681744660010445,"[816.1143798828125, 533.5184326171875, 856.9315185546875, 541.3353271484375]","[836.52294921875, 537.4268798828125]",1.0
Optical_A-F00668-D004,Optical_A,668,6.68,6.681744660010445,"[606.629150390625, 637.9093017578125, 646.3934326171875, 645.6966552734375]","[626.5112915039062, 641.802978515625]",1.0
Optical_A-F00669-D000,Optical_A,669,6.69,6.691956563006388,"[196.76536560058594, 534.1796875, 255.3911590576172, 545.48779296875]","[226.07826232910156, 539.833740234375]",1.0
Optical_A-F00669-D001,Optical_A,669,6.69,6.691956563006388,"[0.0, 657.3419189453125, 30.228614807128906, 666.3641357421875]","[15.114307403564453, 661.85302734375]",1.0
Optical_A-F00669-D002,Optical_A,669,6.69,6.691956563006388,"[362.07110595703125, 352.86328125, 402.30462646484375, 360.822265625]","[382.1878662109375, 356.8427734375]",1.0
Optical_A-F00669-D003,Optical_A,669,6.69,6.691956563006388,"[830.6875, 483.2620849609375, 871.72412109375, 491.146240234375]","[851.205810546875, 487.20416259765625]",1.0
Optical_A-F00669-D004,Optical_A,669,6.69,6.691956563006388,"[393.9828186035156, 323.8870849609375, 431.2801513671875, 331.307861328125]","[412.63148498535156, 327.59747314453125]",1.0
Optical_A-F00670-D000,Optical_A,670,6.7,6.702384125997196,"[988.7539672851562, 534.1846923828125, 1047.3931884765625, 545.4949951171875]","[1018.0735778808594, 539.83984375]",1.0
Optical_A-F00670-D001,Optical_A,670,6.7,6.702384125997196,"[774.1406860351562, 657.332275390625, 819.6888427734375, 666.3525390625]","[796.9147644042969, 661.8424072265625]",1.0
Optical_A-F00670-D002,Optical_A,670,6.7,6.702384125997196,"[280.19769287109375, 421.18597412109375, 318.8238830566406, 428.7635498046875]","[299.5107879638672, 424.9747619628906]",1.0
Optical_A-F00670-D003,Optical_A,670,6.7,6.702384125997196,"[1152.2913818359375, 352.8096923828125, 1192.54541015625, 360.770263671875]","[1172.4183959960938, 356.78997802734375]",1.0
Optical_A-F00670-D004,Optical_A,670,6.7,6.702384125997196,"[1182.89697265625, 323.813232421875, 1220.2171630859375, 331.2357177734375]","[1201.5570678710938, 327.52447509765625]",1.0
Optical_B-F00670-D000,Optical_B,670,6.7,6.701626270997804,"[702.342041015625, 507.8875732421875, 737.1341552734375, 515.33984375]","[719.7380981445312, 511.61370849609375]",1.0
Optical_B-F00670-D001,Optical_B,670,6.7,6.701626270997804,"[539.8606567382812, 288.06317138671875, 579.733154296875, 296.9183349609375]","[559.7969055175781, 292.4907531738281]",1.0
Optical_A-F00671-D000,Optical_A,671,6.71,6.7117952710040845,"[0.0, 471.03570556640625, 29.234390258789062, 481.73492431640625]","[14.617195129394531, 476.38531494140625]",1.0
Optical_A-F00671-D001,Optical_A,671,6.71,6.7117952710040845,"[598.5772705078125, 568.487060546875, 643.4942626953125, 577.2828369140625]","[621.0357666015625, 572.8849487304688]",1.0
Optical_A-F00671-D002,Optical_A,671,6.71,6.7117952710040845,"[638.673583984375, 458.3565673828125, 679.4154052734375, 466.31414794921875]","[659.0444946289062, 462.3353576660156]",1.0
Optical_A-F00671-D003,Optical_A,671,6.71,6.7117952710040845,"[100.2047348022461, 610.7501220703125, 140.74172973632812, 618.7879638671875]","[120.47323226928711, 614.76904296875]",1.0
Optical_A-F00671-D004,Optical_A,671,6.71,6.7117952710040845,"[1070.1285400390625, 421.1650390625, 1108.7677001953125, 428.74365234375]","[1089.4481201171875, 424.954345703125]",1.0
Optical_B-F00671-D000,Optical_B,671,6.71,6.712545092997025,"[316.3981628417969, 480.14776611328125, 350.5982971191406, 487.3385009765625]","[333.49822998046875, 483.7431335449219]",1.0
Optical_B-F00671-D001,Optical_B,671,6.71,6.712545092997025,"[0.0, 538.130615234375, 6.021461486816406, 547.628662109375]","[3.010730743408203, 542.879638671875]",1.0
Optical_B-F00671-D002,Optical_B,671,6.71,6.712545092997025,"[495.5130615234375, 664.9971923828125, 539.4111328125, 674.486083984375]","[517.4620971679688, 669.7416381835938]",1.0
Optical_B-F00671-D003,Optical_B,671,6.71,6.712545092997025,"[428.52960205078125, 756.73583984375, 474.631591796875, 766.857666015625]","[451.5805969238281, 761.7967529296875]",1.0
Optical_A-F00672-D000,Optical_A,672,6.72,6.721808842993341,"[179.7801971435547, 428.27960205078125, 236.0576629638672, 439.4554443359375]","[207.91893005371094, 433.8675231933594]",1.0
Optical_A-F00672-D001,Optical_A,672,6.72,6.721808842993341,"[765.9292602539062, 471.0384521484375, 820.562744140625, 481.73651123046875]","[793.2460021972656, 476.3874816894531]",1.0
Optical_A-F00672-D002,Optical_A,672,6.72,6.721808842993341,"[144.21054077148438, 370.92388916015625, 190.852783203125, 380.29888916015625]","[167.5316619873047, 375.61138916015625]",1.0
Optical_A-F00672-D003,Optical_A,672,6.72,6.721808842993341,"[889.0172119140625, 610.756103515625, 929.5504150390625, 618.793212890625]","[909.2838134765625, 614.774658203125]",1.0
Optical_A-F00672-D004,Optical_A,672,6.72,6.721808842993341,"[580.8681030273438, 508.3387451171875, 614.9131469726562, 514.973388671875]","[597.890625, 511.65606689453125]",1.0
Optical_B-F00672-D000,Optical_B,672,6.72,6.722025501002208,"[1101.4091796875, 480.13739013671875, 1135.625, 487.3309326171875]","[1118.51708984375, 483.7341613769531]",1.0
Optical_B-F00672-D001,Optical_B,672,6.72,6.722025501002208,"[224.44027709960938, 327.6983642578125, 267.7989501953125, 336.935302734375]","[246.11961364746094, 332.31683349609375]",1.0
Optical_B-F00672-D002,Optical_B,672,6.72,6.722025501002208,"[61.43463134765625, 478.32220458984375, 106.20014190673828, 487.5648193359375]","[83.81738662719727, 482.9435119628906]",1.0
Optical_B-F00672-D003,Optical_B,672,6.72,6.722025501002208,"[745.1874389648438, 538.1287841796875, 790.6234130859375, 547.627197265625]","[767.9054260253906, 542.8779907226562]",1.0
Optical_B-F00672-D004,Optical_B,672,6.72,6.722025501002208,"[1213.1761474609375, 756.864013671875, 1259.317626953125, 766.998291015625]","[1236.2468872070312, 761.93115234375]",1.0
Optical_B-F00672-D005,Optical_B,672,6.72,6.722025501002208,"[228.34774780273438, 635.2738037109375, 282.6939392089844, 646.744140625]","[255.52084350585938, 641.0089721679688]",1.0
Optical_A-F00673-D000,Optical_A,673,6.73,6.732021938998951,"[121.12640380859375, 658.81884765625, 181.81358337402344, 671.159912109375]","[151.4699935913086, 664.9893798828125]",1.0
Optical_A-F00673-D001,Optical_A,673,6.73,6.732021938998951,"[0.0, 291.95697021484375, 52.320709228515625, 303.23297119140625]","[26.160354614257812, 297.594970703125]",1.0
Optical_A-F00673-D002,Optical_A,673,6.73,6.732021938998951,"[969.3972778320312, 428.25909423828125, 1025.688720703125, 439.4364013671875]","[997.5429992675781, 433.8477478027344]",1.0
Optical_A-F00673-D003,Optical_A,673,6.73,6.732021938998951,"[933.2543334960938, 370.903564453125, 979.9005126953125, 380.27801513671875]","[956.5774230957031, 375.5907897949219]",1.0
Optical_A-F00673-D004,Optical_A,673,6.73,6.732021938998951,"[0.0, 482.2257080078125, 4.383049011230469, 488.9473876953125]","[2.1915245056152344, 485.5865478515625]",1.0
Optical_B-F00673-D000,Optical_B,673,6.73,6.73154847399972,"[241.79379272460938, 318.17779541015625, 277.3802490234375, 325.6829833984375]","[259.58702087402344, 321.9303894042969]",1.0
Optical_B-F00673-D001,Optical_B,673,6.73,6.73154847399972,"[1008.9173583984375, 327.6490478515625, 1052.2877197265625, 336.892578125]","[1030.6025390625, 332.27081298828125]",1.0
Optical_B-F00673-D002,Optical_B,673,6.73,6.73154847399972,"[844.33251953125, 478.3206787109375, 889.0921630859375, 487.5643310546875]","[866.7123413085938, 482.9425048828125]",1.0
Optical_B-F00673-D003,Optical_B,673,6.73,6.73154847399972,"[1010.513916015625, 635.30908203125, 1064.881103515625, 646.786865234375]","[1037.697509765625, 641.0479736328125]",1.0
Optical_A-F00674-D000,Optical_A,674,6.74,6.741736663994962,"[912.6632080078125, 658.8458251953125, 973.356201171875, 671.185791015625]","[943.0097045898438, 665.0158081054688]",1.0
Optical_A-F00674-D001,Optical_A,674,6.74,6.741736663994962,"[250.0391387939453, 496.8388671875, 302.91943359375, 507.3724365234375]","[276.47928619384766, 502.10565185546875]",1.0
Optical_A-F00674-D002,Optical_A,674,6.74,6.741736663994962,"[786.959228515625, 291.95416259765625, 841.6571655273438, 303.226318359375]","[814.3081970214844, 297.5902404785156]",1.0
Optical_A-F00674-D003,Optical_A,674,6.74,6.741736663994962,"[178.70272827148438, 398.21905517578125, 215.92697143554688, 405.79083251953125]","[197.31484985351562, 402.00494384765625]",1.0
Optical_A-F00674-D004,Optical_A,674,6.74,6.741736663994962,"[759.809326171875, 482.230712890625, 793.6364135742188, 488.95098876953125]","[776.7228698730469, 485.5908508300781]",1.0
Optical_B-F00674-D000,Optical_B,674,6.74,6.7419948940025645,"[212.2228240966797, 396.57464599609375, 249.62368774414062, 404.25482177734375]","[230.92325592041016, 400.41473388671875]",1.0
Optical_B-F00674-D001,Optical_B,674,6.74,6.7419948940025645,"[803.3364868164062, 688.8310546875, 838.00927734375, 696.1087646484375]","[820.6728820800781, 692.4699096679688]",1.0
Optical_B-F00674-D002,Optical_B,674,6.74,6.7419948940025645,"[1025.251708984375, 318.13726806640625, 1060.84716796875, 325.64727783203125]","[1043.0494384765625, 321.89227294921875]",1.0
Optical_B-F00674-D003,Optical_B,674,6.74,6.7419948940025645,"[524.6405639648438, 453.42681884765625, 567.2474365234375, 462.11932373046875]","[545.9440002441406, 457.7730712890625]",1.0
Optical_B-F00674-D004,Optical_B,674,6.74,6.7419948940025645,"[239.47705078125, 617.727294921875, 281.4009094238281, 626.3375244140625]","[260.43898010253906, 622.0324096679688]",1.0
Optical_A-F00675-D000,Optical_A,675,6.75,6.752475052999216,"[210.03848266601562, 822.7415771484375, 270.15704345703125, 835.59033203125]","[240.09776306152344, 829.1659545898438]",1.0
Optical_A-F00675-D001,Optical_A,675,6.75,6.752475052999216,"[1040.7410888671875, 496.83447265625, 1093.6412353515625, 507.37103271484375]","[1067.191162109375, 502.1027526855469]",1.0
Optical_A-F00675-D002,Optical_A,675,6.75,6.752475052999216,"[475.4643249511719, 318.3370361328125, 516.7119750976562, 326.911865234375]","[496.08815002441406, 322.62445068359375]",1.0
Optical_A-F00675-D003,Optical_A,675,6.75,6.752475052999216,"[111.49402618408203, 517.701171875, 149.96910095214844, 525.460205078125]","[130.73156356811523, 521.5806884765625]",1.0
Optical_A-F00675-D004,Optical_A,675,6.75,6.752475052999216,"[452.814697265625, 421.43017578125, 489.6706848144531, 428.9429931640625]","[471.24269104003906, 425.18658447265625]",1.0
Optical_A-F00675-D005,Optical_A,675,6.75,6.752475052999216,"[968.081787109375, 398.2059326171875, 1005.310546875, 405.77703857421875]","[986.6961669921875, 401.9914855957031]",1.0
Optical_A-F00675-D006,Optical_A,675,6.75,6.752475052999216,"[38.78456115722656, 687.6683349609375, 73.4323501586914, 694.8992919921875]","[56.108455657958984, 691.2838134765625]",1.0
Optical_A-F00675-D007,Optical_A,675,6.75,6.752475052999216,"[736.0045776367188, 322.83837890625, 771.3857421875, 330.16278076171875]","[753.6951599121094, 326.5005798339844]",1.0
Optical_B-F00675-D000,Optical_B,675,6.75,6.752437197996187,"[745.685546875, 421.51080322265625, 782.5306396484375, 429.01678466796875]","[764.1080932617188, 425.2637939453125]",1.0
Optical_B-F00675-D001,Optical_B,675,6.75,6.752437197996187,"[996.6431884765625, 396.551513671875, 1034.051025390625, 404.235107421875]","[1015.3471069335938, 400.393310546875]",1.0
Optical_B-F00675-D002,Optical_B,675,6.75,6.752437197996187,"[1022.3153686523438, 617.7503662109375, 1064.2503662109375, 626.3646240234375]","[1043.2828674316406, 622.0574951171875]",1.0
Optical_A-F00676-D000,Optical_A,676,6.76,6.762113691007253,"[999.1873779296875, 822.8499755859375, 1059.3275146484375, 835.69482421875]","[1029.2574462890625, 829.2723999023438]",1.0
Optical_A-F00676-D001,Optical_A,676,6.76,6.762113691007253,"[591.9703369140625, 430.9781494140625, 641.4527587890625, 441.13397216796875]","[616.7115478515625, 436.0560607910156]",1.0
Optical_A-F00676-D002,Optical_A,676,6.76,6.762113691007253,"[1263.820556640625, 318.23248291015625, 1280.0, 326.8087158203125]","[1271.9102783203125, 322.5205993652344]",1.0
Optical_A-F00676-D003,Optical_A,676,6.76,6.762113691007253,"[900.8577880859375, 517.701416015625, 939.3297729492188, 525.4608154296875]","[920.0937805175781, 521.5811157226562]",1.0
Optical_A-F00676-D004,Optical_A,676,6.76,6.762113691007253,"[1242.1307373046875, 421.3883056640625, 1279.014892578125, 428.9033203125]","[1260.5728149414062, 425.14581298828125]",1.0
Optical_A-F00676-D005,Optical_A,676,6.76,6.762113691007253,"[826.725341796875, 687.66259765625, 861.3638305664062, 694.890380859375]","[844.0445861816406, 691.2764892578125]",1.0
Optical_B-F00676-D000,Optical_B,676,6.76,6.763925276992959,"[50.86875915527344, 509.81494140625, 86.77772521972656, 516.8797607421875]","[68.8232421875, 513.3473510742188]",1.0
Optical_B-F00676-D001,Optical_B,676,6.76,6.763925276992959,"[31.971054077148438, 668.2227783203125, 79.80934143066406, 677.9322509765625]","[55.89019775390625, 673.0775146484375]",1.0
Optical_B-F00676-D002,Optical_B,676,6.76,6.763925276992959,"[288.332763671875, 744.979736328125, 338.94354248046875, 755.438720703125]","[313.6381530761719, 750.209228515625]",1.0
Optical_A-F00677-D000,Optical_A,677,6.7700000000000005,6.7719425369973765,"[171.38369750976562, 447.226806640625, 223.8036346435547, 458.15435791015625]","[197.59366607666016, 452.6905822753906]",1.0
Optical_A-F00677-D001,Optical_A,677,6.7700000000000005,6.7719425369973765,"[740.9287109375, 403.1041259765625, 780.0560302734375, 411.25762939453125]","[760.4923706054688, 407.1808776855469]",1.0
Optical_B-F00677-D000,Optical_B,677,6.7700000000000005,6.773008207990206,"[209.84954833984375, 538.0623779296875, 245.001708984375, 544.970458984375]","[227.42562866210938, 541.5164184570312]",1.0
Optical_B-F00677-D001,Optical_B,677,6.7700000000000005,6.773008207990206,"[54.20295715332031, 410.8885498046875, 92.24403381347656, 418.45458984375]","[73.22349548339844, 414.67156982421875]",1.0
Optical_B-F00677-D002,Optical_B,677,6.7700000000000005,6.773008207990206,"[834.029541015625, 509.8150634765625, 869.9297485351562, 516.8795166015625]","[851.9796447753906, 513.3472900390625]",1.0
Optical_B-F00677-D003,Optical_B,677,6.7700000000000005,6.773008207990206,"[76.71985626220703, 327.59423828125, 117.04971313476562, 335.75048828125]","[96.88478469848633, 331.67236328125]",1.0
Optical_B-F00677-D004,Optical_B,677,6.7700000000000005,6.773008207990206,"[1177.212158203125, 517.5286865234375, 1215.264404296875, 525.0528564453125]","[1196.23828125, 521.290771484375]",1.0
Optical_B-F00677-D005,Optical_B,677,6.7700000000000005,6.773008207990206,"[562.6527099609375, 570.7510986328125, 608.7294921875, 579.902587890625]","[585.6911010742188, 575.3268432617188]",1.0
Optical_B-F00677-D006,Optical_B,677,6.7700000000000005,6.773008207990206,"[814.0881958007812, 668.2191162109375, 861.9165649414062, 677.93115234375]","[838.0023803710938, 673.0751342773438]",1.0
Optical_B-F00677-D007,Optical_B,677,6.7700000000000005,6.773008207990206,"[1070.1956787109375, 745.0526123046875, 1120.82958984375, 755.51953125]","[1095.5126342773438, 750.2860717773438]",1.0
Optical_A-F00678-D000,Optical_A,678,6.78,6.781524884995888,"[961.5162353515625, 447.21319580078125, 1013.947998046875, 458.14154052734375]","[987.7321166992188, 452.6773681640625]",1.0
Optical_A-F00678-D001,Optical_A,678,6.78,6.781524884995888,"[273.30059814453125, 482.04925537109375, 323.7364196777344, 492.62005615234375]","[298.5185089111328, 487.33465576171875]",1.0
Optical_B-F00678-D000,Optical_B,678,6.78,6.782360525002587,"[993.9912109375, 538.06640625, 1029.1494140625, 544.9759521484375]","[1011.5703125, 541.5211791992188]",1.0
Optical_B-F00678-D001,Optical_B,678,6.78,6.782360525002587,"[838.1890258789062, 410.8896484375, 876.2218017578125, 418.45672607421875]","[857.2054138183594, 414.6731872558594]",1.0
Optical_B-F00678-D002,Optical_B,678,6.78,6.782360525002587,"[859.353271484375, 327.593994140625, 899.6763916015625, 335.75250244140625]","[879.5148315429688, 331.6732482910156]",1.0
Optical_A-F00679-D000,Optical_A,679,6.79,6.79174637400778,"[1061.359130859375, 482.03851318359375, 1111.819091796875, 492.612548828125]","[1086.589111328125, 487.3255310058594]",1.0
Optical_A-F00679-D001,Optical_A,679,6.79,6.79174637400778,"[34.12555694580078, 344.14404296875, 71.96434020996094, 352.44482421875]","[53.04494857788086, 348.29443359375]",1.0
Optical_A-F00679-D002,Optical_A,679,6.79,6.79174637400778,"[444.2348937988281, 356.14019775390625, 483.78021240234375, 364.7274169921875]","[464.00755310058594, 360.4338073730469]",1.0
Optical_A-F00679-D003,Optical_A,679,6.79,6.79174637400778,"[747.234619140625, 540.6768798828125, 783.23974609375, 548.279296875]","[765.2371826171875, 544.4780883789062]",1.0
Optical_B-F00679-D000,Optical_B,679,6.79,6.79178372899245,"[285.16107177734375, 366.625, 321.31805419921875, 373.80194091796875]","[303.23956298828125, 370.2134704589844]",1.0
Optical_B-F00679-D001,Optical_B,679,6.79,6.79178372899245,"[488.59326171875, 375.5394287109375, 534.261962890625, 384.60150146484375]","[511.4276123046875, 380.0704650878906]",1.0
Optical_B-F00679-D002,Optical_B,679,6.79,6.79178372899245,"[311.83905029296875, 737.0504150390625, 367.9893493652344, 748.398193359375]","[339.91419982910156, 742.7243041992188]",1.0
Optical_B-F00679-D003,Optical_B,679,6.79,6.79178372899245,"[616.190185546875, 453.22991943359375, 679.3643798828125, 465.5787353515625]","[647.7772827148438, 459.4043273925781]",1.0
Optical_A-F00680-D000,Optical_A,680,6.8,6.8016935460007515,"[822.9456787109375, 344.1500244140625, 860.77734375, 352.44677734375]","[841.8615112304688, 348.29840087890625]",1.0
Optical_A-F00680-D001,Optical_A,680,6.8,6.8016935460007515,"[1231.81591796875, 356.061279296875, 1271.3939208984375, 364.6492919921875]","[1251.6049194335938, 360.35528564453125]",1.0
Optical_B-F00680-D000,Optical_B,680,6.8,6.802171840998926,"[1068.965087890625, 366.5875244140625, 1105.13232421875, 373.7674560546875]","[1087.0487060546875, 370.177490234375]",1.0
Optical_B-F00680-D001,Optical_B,680,6.8,6.802171840998926,"[645.3093872070312, 377.82244873046875, 682.6815185546875, 385.203369140625]","[663.9954528808594, 381.5129089355469]",1.0
Optical_B-F00680-D002,Optical_B,680,6.8,6.802171840998926,"[1270.5555419921875, 375.46673583984375, 1280.0, 384.53509521484375]","[1275.2777709960938, 380.00091552734375]",1.0
Optical_B-F00680-D003,Optical_B,680,6.8,6.802171840998926,"[1094.30859375, 737.1392822265625, 1150.490234375, 748.4947509765625]","[1122.3994140625, 742.8170166015625]",1.0
Optical_B-F00683-D000,Optical_B,683,6.83,6.831444780005841,"[159.53555297851562, 499.2569580078125, 206.07525634765625, 508.1094970703125]","[182.80540466308594, 503.6832275390625]",1.0
Optical_B-F00683-D001,Optical_B,683,6.83,6.831444780005841,"[720.2391357421875, 444.2655029296875, 764.2269897460938, 452.7427978515625]","[742.2330627441406, 448.504150390625]",1.0
Optical_B-F00683-D002,Optical_B,683,6.83,6.831444780005841,"[511.7477111816406, 475.38555908203125, 561.6982421875, 484.94329833984375]","[536.7229766845703, 480.1644287109375]",1.0
Optical_B-F00683-D003,Optical_B,683,6.83,6.831444780005841,"[400.946044921875, 621.6488037109375, 457.67156982421875, 632.6878662109375]","[429.3088073730469, 627.1683349609375]",1.0
Optical_B-F00684-D000,Optical_B,684,6.84,6.841610731997061,"[0.0, 489.0703125, 6.988105773925781, 497.158203125]","[3.4940528869628906, 493.1142578125]",1.0
Optical_B-F00684-D001,Optical_B,684,6.84,6.841610731997061,"[941.9843139648438, 499.2552490234375, 988.5263061523438, 508.10894775390625]","[965.2553100585938, 503.6820983886719]",1.0
Optical_B-F00684-D002,Optical_B,684,6.84,6.841610731997061,"[535.2965087890625, 327.62054443359375, 583.0071411132812, 337.01751708984375]","[559.1518249511719, 332.31903076171875]",1.0
Optical_B-F00684-D003,Optical_B,684,6.84,6.841610731997061,"[403.6922912597656, 440.56793212890625, 453.16357421875, 450.0859375]","[428.4279327392578, 445.3269348144531]",1.0
Optical_B-F00684-D004,Optical_B,684,6.84,6.841610731997061,"[407.1148376464844, 532.2056884765625, 461.09136962890625, 542.50146484375]","[434.1031036376953, 537.3535766601562]",1.0
Optical_B-F00684-D005,Optical_B,684,6.84,6.841610731997061,"[1181.186279296875, 621.696533203125, 1237.948486328125, 632.7410888671875]","[1209.5673828125, 627.2188110351562]",1.0
Optical_B-F00685-D000,Optical_B,685,6.8500000000000005,6.851335645996733,"[504.3949890136719, 462.34661865234375, 548.066162109375, 470.70831298828125]","[526.2305755615234, 466.5274658203125]",1.0
Optical_B-F00685-D001,Optical_B,685,6.8500000000000005,6.851335645996733,"[746.0908203125, 489.07440185546875, 788.5562133789062, 497.16082763671875]","[767.3235168457031, 493.11761474609375]",1.0
Optical_B-F00685-D002,Optical_B,685,6.8500000000000005,6.851335645996733,"[1184.51123046875, 440.5390625, 1234.0135498046875, 450.06103515625]","[1209.2623901367188, 445.300048828125]",1.0
Optical_B-F00685-D003,Optical_B,685,6.8500000000000005,6.851335645996733,"[1188.7840576171875, 532.21533203125, 1242.798828125, 542.51611328125]","[1215.7914428710938, 537.36572265625]",1.0
Optical_B-F00686-D000,Optical_B,686,6.86,6.861704547001282,"[147.40516662597656, 626.2261962890625, 196.45480346679688, 635.7685546875]","[171.92998504638672, 630.9973754882812]",1.0
Optical_B-F00687-D000,Optical_B,687,6.87,6.871337113993941,"[465.31756591796875, 741.494384765625, 512.2702026367188, 750.8551025390625]","[488.79388427734375, 746.1747436523438]",1.0
Optical_B-F00687-D001,Optical_B,687,6.87,6.871337113993941,"[929.0882568359375, 626.239501953125, 978.1387329101562, 635.78271484375]","[953.6134948730469, 631.0111083984375]",1.0
Optical_B-F00688-D000,Optical_B,688,6.88,6.881158118000603,"[1246.1448974609375, 741.5980224609375, 1280.0, 750.962158203125]","[1263.0724487304688, 746.2800903320312]",1.0
Optical_B-F00712-D000,Optical_B,712,7.12,7.121298853996559,"[1113.440673828125, 742.4051513671875, 1160.5711669921875, 751.8037109375]","[1137.0059204101562, 747.1044311523438]",1.0
Optical_B-F00713-D000,Optical_B,713,7.13,7.131784252992365,"[321.6067199707031, 742.4100341796875, 368.7318420410156, 751.809814453125]","[345.1692810058594, 747.1099243164062]",1.0
Optical_B-F00713-D001,Optical_B,713,7.13,7.131784252992365,"[810.3893432617188, 626.864501953125, 859.6954956054688, 636.4613037109375]","[835.0424194335938, 631.6629028320312]",1.0
Optical_B-F00714-D000,Optical_B,714,7.140000000000001,7.14136396700691,"[1179.3115234375, 462.0516357421875, 1223.251953125, 470.46337890625]","[1201.28173828125, 466.25750732421875]",1.0
Optical_B-F00714-D001,Optical_B,714,7.140000000000001,7.14136396700691,"[19.524765014648438, 626.917724609375, 68.8656234741211, 636.5194091796875]","[44.195194244384766, 631.7185668945312]",1.0
Optical_B-F00715-D000,Optical_B,715,7.15,7.1516183269908655,"[389.146728515625, 462.05224609375, 433.07806396484375, 470.4639892578125]","[411.1123962402344, 466.25811767578125]",1.0
Optical_B-F00715-D001,Optical_B,715,7.15,7.1516183269908655,"[604.3346557617188, 488.970458984375, 646.9940795898438, 497.09368896484375]","[625.6643676757812, 493.0320739746094]",1.0
Optical_B-F00715-D002,Optical_B,715,7.15,7.1516183269908655,"[1159.7718505859375, 326.5758056640625, 1207.7744140625, 336.0281982421875]","[1183.7731323242188, 331.302001953125]",1.0
Optical_B-F00715-D003,Optical_B,715,7.15,7.1516183269908655,"[1021.4390869140625, 440.1611328125, 1071.2061767578125, 449.734130859375]","[1046.3226318359375, 444.9476318359375]",1.0
Optical_B-F00715-D004,Optical_B,715,7.15,7.1516183269908655,"[1051.03173828125, 532.3634033203125, 1105.445068359375, 542.740234375]","[1078.2384033203125, 537.5518188476562]",1.0
Optical_B-F00716-D000,Optical_B,716,7.16,7.16165263999952,"[819.0383911132812, 499.1671142578125, 865.9117431640625, 508.08209228515625]","[842.4750671386719, 503.6246032714844]",1.0
Optical_B-F00716-D001,Optical_B,716,7.16,7.16165263999952,"[368.31231689453125, 326.57830810546875, 416.3047790527344, 336.03033447265625]","[392.3085479736328, 331.3043212890625]",1.0
Optical_B-F00716-D002,Optical_B,716,7.16,7.16165263999952,"[229.7797393798828, 440.14923095703125, 279.55328369140625, 449.7237548828125]","[254.66651153564453, 444.9364929199219]",1.0
Optical_B-F00716-D003,Optical_B,716,7.16,7.16165263999952,"[1164.468505859375, 475.0911865234375, 1214.850341796875, 484.726318359375]","[1189.659423828125, 479.90875244140625]",1.0
Optical_B-F00716-D004,Optical_B,716,7.16,7.16165263999952,"[260.2107238769531, 532.367431640625, 314.63226318359375, 542.74609375]","[287.42149353027344, 537.5567626953125]",1.0
Optical_B-F00716-D005,Optical_B,716,7.16,7.16165263999952,"[986.4549560546875, 622.4342041015625, 1043.6168212890625, 633.554931640625]","[1015.035888671875, 627.9945678710938]",1.0
Optical_B-F00717-D000,Optical_B,717,7.17,7.171617886999156,"[28.854026794433594, 499.16119384765625, 75.76118469238281, 508.080322265625]","[52.3076057434082, 503.6207580566406]",1.0
Optical_B-F00717-D001,Optical_B,717,7.17,7.171617886999156,"[561.7745361328125, 443.87591552734375, 606.0333862304688, 452.40252685546875]","[583.9039611816406, 448.13922119140625]",1.0
Optical_B-F00717-D002,Optical_B,717,7.17,7.171617886999156,"[374.11309814453125, 475.08978271484375, 424.4880676269531, 484.72515869140625]","[399.3005828857422, 479.907470703125]",1.0
Optical_B-F00717-D003,Optical_B,717,7.17,7.171617886999156,"[194.07040405273438, 622.4610595703125, 251.2488555908203, 633.583984375]","[222.65962982177734, 628.0225219726562]",1.0
Optical_A-F00720-D000,Optical_A,720,7.2,7.201477729994804,"[925.2920532226562, 342.66290283203125, 963.5386962890625, 351.0352783203125]","[944.4153747558594, 346.8490905761719]",1.0
Optical_B-F00720-D000,Optical_B,720,7.2,7.201667158008786,"[971.093994140625, 365.51324462890625, 1007.5526123046875, 372.74774169921875]","[989.3233032226562, 369.1304931640625]",1.0
Optical_B-F00720-D001,Optical_B,720,7.2,7.201667158008786,"[499.0208435058594, 376.96441650390625, 536.6689453125, 384.393798828125]","[517.8448944091797, 380.6791076660156]",1.0
Optical_B-F00720-D002,Optical_B,720,7.2,7.201667158008786,"[1095.52587890625, 374.39263916015625, 1141.64794921875, 383.5341796875]","[1118.5869140625, 378.9634094238281]",1.0
Optical_B-F00720-D003,Optical_B,720,7.2,7.201667158008786,"[941.9072265625, 739.72900390625, 998.79443359375, 751.2213134765625]","[970.350830078125, 745.4751586914062]",1.0
Optical_B-F00720-D004,Optical_B,720,7.2,7.201667158008786,"[1154.7999267578125, 452.5408935546875, 1218.85205078125, 465.03662109375]","[1186.8259887695312, 458.78875732421875]",1.0
Optical_A-F00721-D000,Optical_A,721,7.21,7.211769335998688,"[1139.30126953125, 481.64593505859375, 1190.498046875, 492.3590087890625]","[1164.899658203125, 487.0024719238281]",1.0
Optical_A-F00721-D001,Optical_A,721,7.21,7.211769335998688,"[141.63143920898438, 342.60498046875, 179.89743041992188, 350.9842529296875]","[160.76443481445312, 346.79461669921875]",1.0
Optical_A-F00721-D002,Optical_A,721,7.21,7.211769335998688,"[499.5015869140625, 354.525146484375, 539.4982299804688, 363.20379638671875]","[519.4999084472656, 358.8644714355469]",1.0
Optical_A-F00721-D003,Optical_A,721,7.21,7.211769335998688,"[854.2083740234375, 540.923095703125, 890.5966186523438, 548.59130859375]","[872.4024963378906, 544.7572021484375]",1.0
Optical_B-F00721-D000,Optical_B,721,7.21,7.212046081004664,"[182.3949432373047, 365.47833251953125, 218.86459350585938, 372.71337890625]","[200.62976837158203, 369.0958557128906]",1.0
Optical_B-F00721-D001,Optical_B,721,7.21,7.212046081004664,"[304.8808288574219, 374.38031005859375, 351.0040588378906, 383.5213623046875]","[327.94244384765625, 378.9508361816406]",1.0
Optical_B-F00721-D002,Optical_B,721,7.21,7.212046081004664,"[151.81216430664062, 739.8150634765625, 208.724853515625, 751.308837890625]","[180.2685089111328, 745.5619506835938]",1.0
Optical_B-F00721-D003,Optical_B,721,7.21,7.212046081004664,"[362.4396057128906, 452.5361328125, 426.48956298828125, 465.0321044921875]","[394.46458435058594, 458.78411865234375]",1.0
Optical_A-F00722-D000,Optical_A,722,7.22,7.222178001988795,"[1135.18896484375, 446.38818359375, 1188.4498291015625, 457.4571533203125]","[1161.8193969726562, 451.92266845703125]",1.0
Optical_A-F00722-D001,Optical_A,722,7.22,7.222178001988795,"[354.94183349609375, 481.64111328125, 406.13873291015625, 492.3564453125]","[380.540283203125, 486.998779296875]",1.0
Optical_A-F00722-D002,Optical_A,722,7.22,7.222178001988795,"[70.51261901855469, 540.9344482421875, 106.92432403564453, 548.6064453125]","[88.71847152709961, 544.7704467773438]",1.0
Optical_A-F00722-D003,Optical_A,722,7.22,7.222178001988795,"[1033.076416015625, 509.6441650390625, 1070.05322265625, 517.26123046875]","[1051.5648193359375, 513.4526977539062]",1.0
Optical_B-F00722-D000,Optical_B,722,7.22,7.221609635000932,"[900.1630859375, 538.2816162109375, 935.642578125, 545.2486572265625]","[917.90283203125, 541.76513671875]",1.0
Optical_B-F00722-D001,Optical_B,722,7.22,7.221609635000932,"[735.37353515625, 409.9859619140625, 773.782470703125, 417.6219482421875]","[754.5780029296875, 413.803955078125]",1.0
Optical_B-F00722-D002,Optical_B,722,7.22,7.221609635000932,"[697.0745239257812, 326.09246826171875, 737.786865234375, 334.3197021484375]","[717.4306945800781, 330.2060852050781]",1.0
Optical_B-F00722-D003,Optical_B,722,7.22,7.221609635000932,"[1226.331787109375, 571.4305419921875, 1273.015869140625, 580.6904296875]","[1249.673828125, 576.0604858398438]",1.0
Optical_A-F00723-D000,Optical_A,723,7.23,7.231697801009869,"[352.9449462890625, 446.37921142578125, 406.2074279785156, 457.4512939453125]","[379.57618713378906, 451.9152526855469]",1.0
Optical_A-F00723-D001,Optical_A,723,7.23,7.231697801009869,"[880.2660522460938, 402.05401611328125, 919.8601684570312, 410.2877197265625]","[900.0631103515625, 406.1708679199219]",1.0
Optical_A-F00723-D002,Optical_A,723,7.23,7.231697801009869,"[248.34017944335938, 509.6436767578125, 285.32379150390625, 517.2623291015625]","[266.8319854736328, 513.4530029296875]",1.0
Optical_B-F00723-D000,Optical_B,723,7.23,7.231843631005614,"[111.7364501953125, 538.2906494140625, 147.2332763671875, 545.2596435546875]","[129.48486328125, 541.775146484375]",1.0
Optical_B-F00723-D001,Optical_B,723,7.23,7.231843631005614,"[687.7606811523438, 509.7979736328125, 723.9976806640625, 516.917724609375]","[705.8791809082031, 513.3578491210938]",1.0
Optical_B-F00723-D002,Optical_B,723,7.23,7.231843631005614,"[1079.098876953125, 517.5816650390625, 1117.556884765625, 525.17822265625]","[1098.327880859375, 521.3799438476562]",1.0
Optical_B-F00723-D003,Optical_B,723,7.23,7.231843631005614,"[437.2751159667969, 571.4298095703125, 483.9462890625, 580.6884765625]","[460.61070251464844, 576.0591430664062]",1.0
Optical_B-F00723-D004,Optical_B,723,7.23,7.231843631005614,"[618.5203247070312, 669.848876953125, 666.9491577148438, 679.6656494140625]","[642.7347412109375, 674.7572631835938]",1.0
Optical_B-F00723-D005,Optical_B,723,7.23,7.231843631005614,"[865.2948608398438, 747.6351318359375, 916.602783203125, 758.2235107421875]","[890.9488220214844, 752.9293212890625]",1.0
Optical_A-F00724-D000,Optical_A,724,7.24,7.243078330002609,"[1140.804931640625, 828.0687255859375, 1202.084716796875, 841.1424560546875]","[1171.44482421875, 834.6055908203125]",1.0
Optical_A-F00724-D001,Optical_A,724,7.24,7.243078330002609,"[703.2278442382812, 429.85284423828125, 753.4813232421875, 440.1517333984375]","[728.3545837402344, 435.0022888183594]",1.0
Optical_A-F00724-D002,Optical_A,724,7.24,7.243078330002609,"[97.05902099609375, 402.011962890625, 136.67681884765625, 410.2508544921875]","[116.867919921875, 406.13140869140625]",1.0
Optical_A-F00724-D003,Optical_A,724,7.24,7.243078330002609,"[1050.8814697265625, 517.7559814453125, 1089.807861328125, 525.589599609375]","[1070.3446655273438, 521.6727905273438]",1.0
Optical_A-F00724-D004,Optical_A,724,7.24,7.243078330002609,"[906.2921142578125, 689.3546142578125, 941.3054809570312, 696.6546630859375]","[923.7987976074219, 693.004638671875]",1.0
Optical_B-F00724-D000,Optical_B,724,7.24,7.241320127004874,"[290.67755126953125, 517.58251953125, 329.1375732421875, 525.1798095703125]","[309.9075622558594, 521.3811645507812]",1.0
Optical_B-F00724-D001,Optical_B,724,7.24,7.241320127004874,"[74.4864273071289, 747.7374267578125, 125.82794189453125, 758.326171875]","[100.15718460083008, 753.0317993164062]",1.0
Optical_A-F00725-D000,Optical_A,725,7.25,7.252040057996055,"[357.5461120605469, 828.1190185546875, 418.82763671875, 841.203857421875]","[388.18687438964844, 834.6614379882812]",1.0
Optical_A-F00725-D001,Optical_A,725,7.25,7.252040057996055,"[1266.062744140625, 496.6324462890625, 1280.0, 507.30950927734375]","[1273.0313720703125, 501.9709777832031]",1.0
Optical_A-F00725-D002,Optical_A,725,7.25,7.252040057996055,"[578.916748046875, 316.05322265625, 620.708251953125, 324.7327880859375]","[599.8125, 320.39300537109375]",1.0
Optical_A-F00725-D003,Optical_A,725,7.25,7.252040057996055,"[267.7915954589844, 517.7567138671875, 306.7247009277344, 525.591796875]","[287.2581481933594, 521.6742553710938]",1.0
Optical_A-F00725-D004,Optical_A,725,7.25,7.252040057996055,"[604.9658813476562, 420.58648681640625, 642.2406005859375, 428.17047119140625]","[623.6032409667969, 424.37847900390625]",1.0
Optical_A-F00725-D005,Optical_A,725,7.25,7.252040057996055,"[1125.537841796875, 397.14239501953125, 1163.1920166015625, 404.7857666015625]","[1144.3649291992188, 400.9640808105469]",1.0
Optical_A-F00725-D006,Optical_A,725,7.25,7.252040057996055,"[121.70265197753906, 689.412841796875, 156.73312377929688, 696.7181396484375]","[139.21788787841797, 693.0654907226562]",1.0
Optical_A-F00725-D007,Optical_A,725,7.25,7.252040057996055,"[826.9100341796875, 320.9349365234375, 862.69091796875, 328.335693359375]","[844.8004760742188, 324.63531494140625]",1.0
Optical_B-F00725-D000,Optical_B,725,7.25,7.25203943499946,"[652.74951171875, 420.55908203125, 690.0279541015625, 428.1453857421875]","[671.3887329101562, 424.35223388671875]",1.0
Optical_B-F00725-D001,Optical_B,725,7.25,7.25203943499946,"[904.6383666992188, 395.314453125, 942.49267578125, 403.08203125]","[923.5655212402344, 399.1982421875]",1.0
Optical_B-F00725-D002,Optical_B,725,7.25,7.25203943499946,"[1207.2918701171875, 452.669677734375, 1250.5245361328125, 461.47662353515625]","[1228.908203125, 457.0731506347656]",1.0
Optical_B-F00725-D003,Optical_B,725,7.25,7.25203943499946,"[850.4041137695312, 618.87451171875, 892.8834228515625, 627.582275390625]","[871.6437683105469, 623.2283935546875]",1.0
Optical_A-F00726-D000,Optical_A,726,7.26,7.261735042998916,"[1190.133056640625, 661.112060546875, 1251.9676513671875, 673.6485595703125]","[1221.0503540039062, 667.3803100585938]",1.0
Optical_A-F00726-D001,Optical_A,726,7.26,7.261735042998916,"[484.3046875, 496.63330078125, 538.051025390625, 507.30987548828125]","[511.1778564453125, 501.9715881347656]",1.0
Optical_A-F00726-D002,Optical_A,726,7.26,7.261735042998916,"[945.7789306640625, 288.45111083984375, 1001.451171875, 299.9100341796875]","[973.6150512695312, 294.1805725097656]",1.0
Optical_A-F00726-D003,Optical_A,726,7.26,7.261735042998916,"[342.44940185546875, 397.1365966796875, 380.1021728515625, 404.781982421875]","[361.2757873535156, 400.95928955078125]",1.0
Optical_A-F00726-D004,Optical_A,726,7.26,7.261735042998916,"[42.43865966796875, 320.850341796875, 78.24378967285156, 328.257080078125]","[60.341224670410156, 324.5537109375]",1.0
Optical_A-F00726-D005,Optical_A,726,7.26,7.261735042998916,"[912.4258422851562, 481.97540283203125, 946.6043090820312, 488.75360107421875]","[929.5150756835938, 485.364501953125]",1.0
Optical_B-F00726-D000,Optical_B,726,7.26,7.261619367001694,"[116.51939392089844, 395.2740478515625, 154.39425659179688, 403.0426025390625]","[135.45682525634766, 399.1583251953125]",1.0
Optical_B-F00726-D001,Optical_B,726,7.26,7.261619367001694,"[659.8004760742188, 690.4920654296875, 694.873291015625, 697.840576171875]","[677.3368835449219, 694.1663208007812]",1.0
Optical_B-F00726-D002,Optical_B,726,7.26,7.261619367001694,"[879.5157470703125, 316.2584228515625, 915.5340576171875, 323.8438720703125]","[897.52490234375, 320.0511474609375]",1.0
Optical_B-F00726-D003,Optical_B,726,7.26,7.261619367001694,"[418.9593505859375, 452.67010498046875, 462.1822509765625, 461.47601318359375]","[440.57080078125, 457.07305908203125]",1.0
Optical_B-F00726-D004,Optical_B,726,7.26,7.261619367001694,"[60.64582824707031, 618.9202880859375, 103.1540298461914, 627.6298828125]","[81.89992904663086, 623.2750854492188]",1.0
Optical_A-F00727-D000,Optical_A,727,7.2700000000000005,7.2719685890001715,"[409.2552185058594, 661.11865234375, 471.08349609375, 673.6591796875]","[440.1693572998047, 667.388916015625]",1.0
Optical_A-F00727-D001,Optical_A,727,7.2700000000000005,7.2719685890001715,"[162.61044311523438, 288.3646240234375, 218.31082153320312, 299.83233642578125]","[190.46063232421875, 294.0984802246094]",1.0
Optical_A-F00727-D002,Optical_A,727,7.2700000000000005,7.2719685890001715,"[1085.0499267578125, 368.96417236328125, 1132.411865234375, 378.47088623046875]","[1108.7308959960938, 373.717529296875]",1.0
Optical_A-F00727-D003,Optical_A,727,7.2700000000000005,7.2719685890001715,"[129.10629272460938, 481.96649169921875, 163.29971313476562, 488.7469482421875]","[146.2030029296875, 485.3567199707031]",1.0
Optical_B-F00727-D000,Optical_B,727,7.2700000000000005,7.271700779001113,"[90.42125701904297, 316.18963623046875, 126.4590835571289, 323.7745361328125]","[108.44017028808594, 319.9820861816406]",1.0
Optical_B-F00727-D001,Optical_B,727,7.2700000000000005,7.271700779001113,"[1240.9014892578125, 407.51666259765625, 1280.0, 416.24688720703125]","[1260.4507446289062, 411.88177490234375]",1.0
Optical_B-F00727-D002,Optical_B,727,7.2700000000000005,7.271700779001113,"[912.6361083984375, 325.05322265625, 956.6861572265625, 334.4312744140625]","[934.6611328125, 329.74224853515625]",1.0
Optical_B-F00727-D003,Optical_B,727,7.2700000000000005,7.271700779001113,"[659.3834228515625, 477.88055419921875, 704.8641967773438, 487.24554443359375]","[682.1238098144531, 482.56304931640625]",1.0
Optical_B-F00727-D004,Optical_B,727,7.2700000000000005,7.271700779001113,"[787.231201171875, 637.2734375, 842.6644897460938, 648.938720703125]","[814.9478454589844, 643.1060791015625]",1.0
Optical_A-F00728-D000,Optical_A,728,7.28,7.2821005390008215,"[370.7998046875, 426.85577392578125, 428.1351013183594, 438.2244873046875]","[399.4674530029297, 432.5401306152344]",1.0
Optical_A-F00728-D001,Optical_A,728,7.28,7.2821005390008215,"[1051.1181640625, 470.46185302734375, 1106.667236328125, 481.31146240234375]","[1078.8927001953125, 475.88665771484375]",1.0
Optical_A-F00728-D002,Optical_A,728,7.28,7.2821005390008215,"[1033.64208984375, 611.9498291015625, 1074.7205810546875, 620.086181640625]","[1054.1813354492188, 616.0180053710938]",1.0
Optical_A-F00728-D003,Optical_A,728,7.28,7.2821005390008215,"[699.330322265625, 508.30145263671875, 733.7593994140625, 515.003662109375]","[716.5448608398438, 511.6525573730469]",1.0
Optical_B-F00728-D000,Optical_B,728,7.28,7.281950282006874,"[1031.93896484375, 479.76239013671875, 1066.5992431640625, 487.041015625]","[1049.2691040039062, 483.4017028808594]",1.0
Optical_B-F00728-D001,Optical_B,728,7.28,7.281950282006874,"[452.9856872558594, 407.5218505859375, 494.40472412109375, 416.24951171875]","[473.69520568847656, 411.88568115234375]",1.0
Optical_B-F00728-D002,Optical_B,728,7.28,7.281950282006874,"[124.57672119140625, 324.98309326171875, 168.65036010742188, 334.36065673828125]","[146.61354064941406, 329.671875]",1.0
Optical_B-F00728-D003,Optical_B,728,7.28,7.281950282006874,"[647.5961303710938, 538.5355224609375, 693.8212890625, 548.1827392578125]","[670.7087097167969, 543.359130859375]",1.0
Optical_B-F00728-D004,Optical_B,728,7.28,7.281950282006874,"[1193.1884765625, 667.413818359375, 1237.865234375, 677.0614013671875]","[1215.52685546875, 672.2376098632812]",1.0
Optical_B-F00728-D005,Optical_B,728,7.28,7.281950282006874,"[1120.680419921875, 760.7684326171875, 1167.6343994140625, 771.072021484375]","[1144.1574096679688, 765.9202270507812]",1.0
Optical_B-F00728-D006,Optical_B,728,7.28,7.281950282006874,"[0.0, 637.34716796875, 52.20348358154297, 649.0155029296875]","[26.101741790771484, 643.1813354492188]",1.0
Optical_A-F00729-D000,Optical_A,729,7.29,7.2917649159999565,"[270.04791259765625, 470.4537353515625, 325.6058349609375, 481.305908203125]","[297.8268737792969, 475.87982177734375]",1.0
Optical_A-F00729-D001,Optical_A,729,7.29,7.2917649159999565,"[846.8348388671875, 569.1402587890625, 892.360595703125, 578.0391845703125]","[869.5977172851562, 573.5897216796875]",1.0
Optical_A-F00729-D002,Optical_A,729,7.29,7.2917649159999565,"[863.9677734375, 457.79364013671875, 905.2105102539062, 465.8355712890625]","[884.5891418457031, 461.8146057128906]",1.0
Optical_A-F00729-D003,Optical_A,729,7.29,7.2917649159999565,"[250.02182006835938, 611.9678955078125, 291.10809326171875, 620.10693359375]","[270.56495666503906, 616.0374145507812]",1.0
Optical_B-F00729-D000,Optical_B,729,7.29,7.291716633007163,"[244.451171875, 479.75653076171875, 279.119140625, 487.0360107421875]","[261.78515625, 483.3962707519531]",1.0
Optical_B-F00729-D001,Optical_B,729,7.29,7.291716633007163,"[405.3458251953125, 667.4228515625, 450.0179748535156, 677.066650390625]","[427.68190002441406, 672.2447509765625]",1.0
Optical_B-F00729-D002,Optical_B,729,7.29,7.291716633007163,"[1166.8321533203125, 284.90863037109375, 1207.4058837890625, 293.89892578125]","[1187.1190185546875, 289.4037780761719]",1.0
Optical_B-F00729-D003,Optical_B,729,7.29,7.291716633007163,"[332.75909423828125, 760.80859375, 379.71624755859375, 771.1068115234375]","[356.2376708984375, 765.9577026367188]",1.0
Optical_A-F00730-D000,Optical_A,730,7.3,7.302018774990574,"[64.89871978759766, 569.1627197265625, 110.45398712158203, 578.06591796875]","[87.67635345458984, 573.6143188476562]",1.0
Optical_A-F00730-D001,Optical_A,730,7.3,7.302018774990574,"[967.3026123046875, 659.362060546875, 1013.546875, 668.5123291015625]","[990.4247436523438, 663.9371948242188]",1.0
Optical_A-F00730-D002,Optical_A,730,7.3,7.302018774990574,"[81.63562774658203, 457.77374267578125, 122.90199279785156, 465.81903076171875]","[102.2688102722168, 461.79638671875]",1.0
Optical_A-F00730-D003,Optical_A,730,7.3,7.302018774990574,"[504.6924133300781, 420.280517578125, 543.76171875, 427.93499755859375]","[524.2270660400391, 424.1077575683594]",1.0
Optical_B-F00730-D000,Optical_B,730,7.3,7.302772432999336,"[562.7523193359375, 507.83685302734375, 598.0760498046875, 515.3809814453125]","[580.4141845703125, 511.6089172363281]",1.0
Optical_B-F00730-D001,Optical_B,730,7.3,7.302772432999336,"[377.8406982421875, 284.90203857421875, 418.41094970703125, 293.88702392578125]","[398.1258239746094, 289.39453125]",1.0
Optical_A-F00731-D000,Optical_A,731,7.3100000000000005,7.311905130993692,"[559.973388671875, 534.515869140625, 619.6039428710938, 545.9964599609375]","[589.7886657714844, 540.2561645507812]",1.0
Optical_A-F00731-D001,Optical_A,731,7.3100000000000005,7.311905130993692,"[184.34738159179688, 659.403076171875, 230.60836791992188, 668.5572509765625]","[207.47787475585938, 663.9801635742188]",1.0
Optical_A-F00731-D002,Optical_A,731,7.3100000000000005,7.311905130993692,"[611.6707763671875, 351.2139892578125, 652.3739013671875, 359.258056640625]","[632.0223388671875, 355.23602294921875]",1.0
Optical_A-F00731-D003,Optical_A,731,7.3100000000000005,7.311905130993692,"[1020.2102661132812, 482.89654541015625, 1061.8099365234375, 490.88140869140625]","[1041.0101013183594, 486.88897705078125]",1.0
Optical_A-F00731-D004,Optical_A,731,7.3100000000000005,7.311905130993692,"[561.3977661132812, 321.71014404296875, 599.1589965820312, 329.21990966796875]","[580.2783813476562, 325.46502685546875]",1.0
Optical_A-F00732-D000,Optical_A,732,7.32,7.321783126004739,"[1195.700439453125, 625.6295166015625, 1254.4322509765625, 637.078857421875]","[1225.0663452148438, 631.3541870117188]",1.0
Optical_A-F00732-D001,Optical_A,732,7.32,7.321783126004739,"[761.456298828125, 721.7635498046875, 808.60888671875, 731.151611328125]","[785.0325927734375, 726.4575805664062]",1.0
Optical_A-F00732-D002,Optical_A,732,7.32,7.321783126004739,"[237.06561279296875, 482.89093017578125, 278.6741943359375, 490.87744140625]","[257.8699035644531, 486.8841857910156]",1.0
Optical_A-F00732-D003,Optical_A,732,7.32,7.321783126004739,"[1089.1856689453125, 533.7430419921875, 1130.4752197265625, 541.6419677734375]","[1109.8304443359375, 537.6925048828125]",1.0
Optical_A-F00732-D004,Optical_A,732,7.32,7.321783126004739,"[870.67333984375, 639.1904296875, 910.8859252929688, 647.0592041015625]","[890.7796325683594, 643.1248168945312]",1.0
Optical_A-F00733-D000,Optical_A,733,7.33,7.3326629110070645,"[414.0235900878906, 625.63330078125, 472.744384765625, 637.0838623046875]","[443.3839874267578, 631.3585815429688]",1.0
Optical_A-F00733-D001,Optical_A,733,7.33,7.3326629110070645,"[1178.31103515625, 718.401123046875, 1230.6397705078125, 728.7757568359375]","[1204.4754028320312, 723.5884399414062]",1.0
Optical_A-F00733-D002,Optical_A,733,7.33,7.3326629110070645,"[0.0, 721.875, 25.914077758789062, 731.2694091796875]","[12.957038879394531, 726.5722045898438]",1.0
Optical_A-F00733-D003,Optical_A,733,7.33,7.3326629110070645,"[307.22607421875, 533.7442626953125, 348.5148620605469, 541.6439208984375]","[327.87046813964844, 537.694091796875]",1.0
Optical_A-F00733-D004,Optical_A,733,7.33,7.3326629110070645,"[88.54427337646484, 639.232421875, 128.7773895263672, 647.1044921875]","[108.66083145141602, 643.16845703125]",1.0
Optical_A-F00733-D005,Optical_A,733,7.33,7.3326629110070645,"[913.7305908203125, 710.167724609375, 954.9150390625, 718.32421875]","[934.3228149414062, 714.2459716796875]",1.0
Optical_A-F00734-D000,Optical_A,734,7.34,7.34155119599367,"[397.6461181640625, 718.3961181640625, 449.96221923828125, 728.771240234375]","[423.8041687011719, 723.5836791992188]",1.0
Optical_A-F00734-D001,Optical_A,734,7.34,7.34155119599367,"[131.84104919433594, 710.2220458984375, 173.0425262451172, 718.38134765625]","[152.44178771972656, 714.3016967773438]",1.0
Optical_A-F00736-D000,Optical_A,736,7.36,7.361306747988565,"[780.3290405273438, 605.2998046875, 824.9640502929688, 613.943115234375]","[802.6465454101562, 609.6214599609375]",1.0
Optical_A-F00737-D000,Optical_A,737,7.37,7.371502517989138,"[607.4427490234375, 463.629150390625, 660.3885498046875, 473.7772216796875]","[633.9156494140625, 468.70318603515625]",1.0
Optical_A-F00737-D001,Optical_A,737,7.37,7.371502517989138,"[0.0, 605.3446044921875, 42.769927978515625, 613.9920654296875]","[21.384963989257812, 609.6683349609375]",1.0
Optical_A-F00763-D000,Optical_A,763,7.63,7.632140308002708,"[737.2457885742188, 463.342529296875, 790.4906005859375, 473.55126953125]","[763.8681945800781, 468.4468994140625]",1.0
Optical_A-F00763-D001,Optical_A,763,7.63,7.632140308002708,"[104.3288803100586, 605.809326171875, 149.21096801757812, 614.5006103515625]","[126.76992416381836, 610.1549682617188]",1.0
Optical_A-F00764-D000,Optical_A,764,7.640000000000001,7.641729442999932,"[894.6737060546875, 605.8134765625, 939.5506591796875, 614.50537109375]","[917.1121826171875, 610.159423828125]",1.0
Optical_A-F00766-D000,Optical_A,766,7.66,7.661558888994623,"[578.7669677734375, 719.674072265625, 631.4232177734375, 730.1163330078125]","[605.0950927734375, 724.8952026367188]",1.0
Optical_A-F00766-D001,Optical_A,766,7.66,7.661558888994623,"[273.0621337890625, 711.18798828125, 314.4737243652344, 719.388916015625]","[293.76792907714844, 715.2884521484375]",1.0
Optical_A-F00767-D000,Optical_A,767,7.67,7.671825227998779,"[572.7941284179688, 626.71240234375, 632.099853515625, 638.2745361328125]","[602.4469909667969, 632.4934692382812]",1.0
Optical_A-F00767-D001,Optical_A,767,7.67,7.671825227998779,"[102.92659759521484, 723.476318359375, 150.49777221679688, 732.945556640625]","[126.71218490600586, 728.2109375]",1.0
Optical_A-F00767-D002,Optical_A,767,7.67,7.671825227998779,"[454.6271057128906, 533.861572265625, 496.1552429199219, 541.803955078125]","[475.39117431640625, 537.832763671875]",1.0
Optical_A-F00767-D003,Optical_A,767,7.67,7.671825227998779,"[231.0918426513672, 639.901123046875, 271.5520935058594, 647.815673828125]","[251.32196807861328, 643.8583984375]",1.0
Optical_A-F00767-D004,Optical_A,767,7.67,7.671825227998779,"[1063.7628173828125, 711.2315673828125, 1105.18603515625, 719.43359375]","[1084.4744262695312, 715.3325805664062]",1.0
Optical_A-F00768-D000,Optical_A,768,7.68,7.682818541004671,"[0.0, 534.7275390625, 55.98613739013672, 546.317138671875]","[27.99306869506836, 540.5223388671875]",1.0
Optical_A-F00768-D001,Optical_A,768,7.68,7.682818541004671,"[892.8991088867188, 723.4935302734375, 940.4681396484375, 732.96240234375]","[916.6836242675781, 728.2279663085938]",1.0
Optical_A-F00768-D002,Optical_A,768,7.68,7.682818541004671,"[0.0, 350.16217041015625, 17.78594970703125, 358.26141357421875]","[8.892974853515625, 354.2117919921875]",1.0
Optical_A-F00768-D003,Optical_A,768,7.68,7.682818541004671,"[349.36920166015625, 482.678466796875, 391.3005065917969, 490.7235107421875]","[370.33485412597656, 486.70098876953125]",1.0
Optical_A-F00768-D004,Optical_A,768,7.68,7.682818541004671,"[1245.3099365234375, 533.8714599609375, 1280.0, 541.8173828125]","[1262.6549682617188, 537.8444213867188]",1.0
Optical_A-F00768-D005,Optical_A,768,7.68,7.682818541004671,"[1021.5753173828125, 639.922607421875, 1062.0435791015625, 647.837890625]","[1041.8094482421875, 643.8802490234375]",1.0
Optical_A-F00769-D000,Optical_A,769,7.69,7.691851156994235,"[788.0811767578125, 534.7269287109375, 848.3462524414062, 546.3160400390625]","[818.2137145996094, 540.521484375]",1.0
Optical_A-F00769-D001,Optical_A,769,7.69,7.691851156994235,"[309.5611877441406, 660.695556640625, 356.2596130371094, 669.9324951171875]","[332.910400390625, 665.3140258789062]",1.0
Optical_A-F00769-D002,Optical_A,769,7.69,7.691851156994235,"[767.22216796875, 350.1861572265625, 808.22021484375, 358.283203125]","[787.72119140625, 354.23468017578125]",1.0
Optical_A-F00769-D003,Optical_A,769,7.69,7.691851156994235,"[1138.768798828125, 482.66790771484375, 1180.7215576171875, 490.71575927734375]","[1159.7451782226562, 486.69183349609375]",1.0
Optical_A-F00769-D004,Optical_A,769,7.69,7.691851156994235,"[665.9319458007812, 320.35076904296875, 703.986083984375, 327.91619873046875]","[684.9590148925781, 324.13348388671875]",1.0
Optical_A-F00770-D000,Optical_A,770,7.7,7.701681174995611,"[239.59693908691406, 569.60986328125, 285.5632019042969, 578.5836181640625]","[262.58007049560547, 574.0967407226562]",1.0
Optical_A-F00770-D001,Optical_A,770,7.7,7.701681174995611,"[1099.105712890625, 660.7471923828125, 1145.825927734375, 669.986083984375]","[1122.4658203125, 665.3666381835938]",1.0
Optical_A-F00770-D002,Optical_A,770,7.7,7.701681174995611,"[239.87423706054688, 457.38922119140625, 281.47760009765625, 465.49212646484375]","[260.67591857910156, 461.440673828125]",1.0
Optical_A-F00770-D003,Optical_A,770,7.7,7.701681174995611,"[656.8576049804688, 419.66680908203125, 696.22802734375, 427.37335205078125]","[676.5428161621094, 423.52008056640625]",1.0
Optical_B-F00770-D000,Optical_B,770,7.7,7.701492609997513,"[467.76544189453125, 507.8023681640625, 503.4510803222656, 515.4090576171875]","[485.60826110839844, 511.605712890625]",1.0
Optical_B-F00770-D001,Optical_B,770,7.7,7.701492609997513,"[267.2624206542969, 282.7445068359375, 308.31109619140625, 291.8182373046875]","[287.78675842285156, 287.2813720703125]",1.0
Optical_A-F00771-D000,Optical_A,771,7.71,7.711615451998077,"[489.2940979003906, 470.02191162109375, 545.5269775390625, 480.98760986328125]","[517.4105377197266, 475.5047607421875]",1.0
Optical_A-F00771-D001,Optical_A,771,7.71,7.711615451998077,"[1030.223876953125, 569.622802734375, 1076.202880859375, 578.5980224609375]","[1053.21337890625, 574.1104125976562]",1.0
Optical_A-F00771-D002,Optical_A,771,7.71,7.711615451998077,"[1030.081787109375, 457.37860107421875, 1071.695556640625, 465.482666015625]","[1050.888671875, 461.4306335449219]",1.0
Optical_B-F00771-D000,Optical_B,771,7.71,7.711830965004046,"[191.23916625976562, 479.46710205078125, 226.25198364257812, 486.812255859375]","[208.74557495117188, 483.1396789550781]",1.0
Optical_B-F00771-D001,Optical_B,771,7.71,7.711830965004046,"[1251.660888671875, 507.8001708984375, 1280.0, 515.4107666015625]","[1265.8304443359375, 511.60546875]",1.0
Optical_B-F00771-D002,Optical_B,771,7.71,7.711830965004046,"[338.2444763183594, 669.227783203125, 383.4916687011719, 678.9871826171875]","[360.8680725097656, 674.1074829101562]",1.0
Optical_B-F00771-D003,Optical_B,771,7.71,7.711830965004046,"[1050.702880859375, 282.6761474609375, 1091.767333984375, 291.75836181640625]","[1071.235107421875, 287.2172546386719]",1.0
Optical_B-F00771-D004,Optical_B,771,7.71,7.711830965004046,"[261.39251708984375, 763.843505859375, 308.9873962402344, 774.2733154296875]","[285.18995666503906, 769.0584106445312]",1.0
Optical_A-F00772-D000,Optical_A,772,7.72,7.721890316008939,"[525.5028076171875, 425.70263671875, 583.6961669921875, 437.2276611328125]","[554.5994873046875, 431.46514892578125]",1.0
Optical_A-F00772-D001,Optical_A,772,7.72,7.721890316008939,"[428.468017578125, 367.343017578125, 476.4195556640625, 376.96240234375]","[452.44378662109375, 372.1527099609375]",1.0
Optical_A-F00772-D002,Optical_A,772,7.72,7.721890316008939,"[1149.75341796875, 612.908203125, 1191.2696533203125, 621.124267578125]","[1170.5115356445312, 617.0162353515625]",1.0
Optical_A-F00772-D003,Optical_A,772,7.72,7.721890316008939,"[794.1129150390625, 508.27166748046875, 828.8497924804688, 515.0279541015625]","[811.4813537597656, 511.6498107910156]",1.0
Optical_B-F00772-D000,Optical_B,772,7.72,7.72175875199784,"[976.1965942382812, 479.46148681640625, 1011.21533203125, 486.808349609375]","[993.7059631347656, 483.1349182128906]",1.0
Optical_B-F00772-D001,Optical_B,772,7.72,7.72175875199784,"[380.5337829589844, 406.3662109375, 422.4621276855469, 415.192138671875]","[401.4979553222656, 410.7791748046875]",1.0
Optical_B-F00772-D002,Optical_B,772,7.72,7.72175875199784,"[568.754638671875, 538.8641357421875, 615.6176147460938, 548.631591796875]","[592.1861267089844, 543.7478637695312]",1.0
Optical_B-F00772-D003,Optical_B,772,7.72,7.72175875199784,"[1122.8687744140625, 669.2913818359375, 1168.1451416015625, 679.0592041015625]","[1145.5069580078125, 674.17529296875]",1.0
Optical_B-F00772-D004,Optical_B,772,7.72,7.72175875199784,"[1045.905029296875, 763.9246826171875, 1093.5174560546875, 774.365234375]","[1069.7112426757812, 769.1449584960938]",1.0
Optical_A-F00773-D000,Optical_A,773,7.73,7.7320915939967385,"[661.9224853515625, 663.13525390625, 724.7562255859375, 675.8509521484375]","[693.33935546875, 669.4931030273438]",1.0
Optical_A-F00773-D001,Optical_A,773,7.73,7.7320915939967385,"[307.4681091308594, 285.21063232421875, 364.04144287109375, 296.84686279296875]","[335.75477600097656, 291.02874755859375]",1.0
Optical_A-F00773-D002,Optical_A,773,7.73,7.7320915939967385,"[1217.6845703125, 367.26953125, 1265.6741943359375, 376.891845703125]","[1241.6793823242188, 372.0806884765625]",1.0
Optical_A-F00773-D003,Optical_A,773,7.73,7.7320915939967385,"[266.3717346191406, 481.7420654296875, 300.8708190917969, 488.573486328125]","[283.62127685546875, 485.15777587890625]",1.0
Optical_B-F00773-D000,Optical_B,773,7.73,7.732389066998149,"[1165.1226806640625, 406.318115234375, 1207.0799560546875, 415.15032958984375]","[1186.101318359375, 410.7342224121094]",1.0
Optical_B-F00773-D001,Optical_B,773,7.73,7.732389066998149,"[828.457763671875, 322.78363037109375, 873.1029052734375, 332.2794189453125]","[850.7803344726562, 327.5315246582031]",1.0
Optical_B-F00773-D002,Optical_B,773,7.73,7.732389066998149,"[497.98248291015625, 477.4964599609375, 544.0938720703125, 486.9674072265625]","[521.0381774902344, 482.23193359375]",1.0
Optical_B-F00773-D003,Optical_B,773,7.73,7.732389066998149,"[591.3323974609375, 638.996826171875, 647.7083740234375, 650.826904296875]","[619.5203857421875, 644.911865234375]",1.0
Optical_A-F00774-D000,Optical_A,774,7.74,7.742663709994522,"[706.2529907226562, 496.43853759765625, 760.82568359375, 507.25054931640625]","[733.5393371582031, 501.84454345703125]",1.0
Optical_A-F00774-D001,Optical_A,774,7.74,7.742663709994522,"[1096.93115234375, 285.1170654296875, 1153.53662109375, 296.7540283203125]","[1125.23388671875, 290.935546875]",1.0
Optical_A-F00774-D002,Optical_A,774,7.74,7.742663709994522,"[0.0, 419.7137451171875, 8.214950561523438, 427.37255859375]","[4.107475280761719, 423.54315185546875]",1.0
Optical_A-F00774-D003,Optical_A,774,7.74,7.742663709994522,"[496.38775634765625, 396.11895751953125, 534.4439697265625, 403.83355712890625]","[515.4158630371094, 399.97625732421875]",1.0
Optical_A-F00774-D004,Optical_A,774,7.74,7.742663709994522,"[131.5172576904297, 319.00714111328125, 167.70550537109375, 326.48785400390625]","[149.61138153076172, 322.74749755859375]",1.0
Optical_A-F00774-D005,Optical_A,774,7.74,7.742663709994522,"[1055.642578125, 481.73583984375, 1090.15234375, 488.568359375]","[1072.8974609375, 485.152099609375]",1.0
Optical_B-F00774-D000,Optical_B,774,7.74,7.742293536002981,"[26.24340057373047, 394.04718017578125, 64.56645965576172, 401.899169921875]","[45.404930114746094, 397.9731750488281]",1.0
Optical_B-F00774-D001,Optical_B,774,7.74,7.742293536002981,"[524.8888549804688, 692.05322265625, 560.3388671875, 699.46826171875]","[542.6138610839844, 695.7607421875]",1.0
Optical_B-F00774-D002,Optical_B,774,7.74,7.742293536002981,"[742.4613037109375, 314.4915771484375, 778.8772583007812, 322.14788818359375]","[760.6692810058594, 318.3197326660156]",1.0
Optical_B-F00774-D003,Optical_B,774,7.74,7.742293536002981,"[318.9541320800781, 451.9541015625, 362.7622985839844, 460.8673095703125]","[340.85821533203125, 456.41070556640625]",1.0
Optical_A-F00775-D000,Optical_A,775,7.75,7.752397460004431,"[510.2520751953125, 833.6859130859375, 572.7418823242188, 847.015625]","[541.4969787597656, 840.3507690429688]",1.0
Optical_A-F00775-D001,Optical_A,775,7.75,7.752397460004431,"[38.5711669921875, 428.6024169921875, 89.691162109375, 439.0618896484375]","[64.13116455078125, 433.8321533203125]",1.0
Optical_A-F00775-D002,Optical_A,775,7.75,7.752397460004431,"[684.8363647460938, 313.71484375, 727.1868286132812, 322.501708984375]","[706.0115966796875, 318.1082763671875]",1.0
Optical_A-F00775-D003,Optical_A,775,7.75,7.752397460004431,"[427.1728515625, 517.8134765625, 466.57318115234375, 525.7259521484375]","[446.8730163574219, 521.7697143554688]",1.0
Optical_A-F00775-D004,Optical_A,775,7.75,7.752397460004431,"[759.9762573242188, 419.7269287109375, 797.6782836914062, 427.38336181640625]","[778.8272705078125, 423.5551452636719]",1.0
Optical_A-F00775-D005,Optical_A,775,7.75,7.752397460004431,"[206.2842559814453, 691.1923828125, 241.7066650390625, 698.5736083984375]","[223.9954605102539, 694.8829956054688]",1.0
Optical_A-F00775-D006,Optical_A,775,7.75,7.752397460004431,"[919.6610107421875, 318.99285888671875, 955.8499755859375, 326.47149658203125]","[937.7554931640625, 322.732177734375]",1.0
Optical_B-F00775-D000,Optical_B,775,7.75,7.752541634996305,"[557.8388671875, 419.587158203125, 595.56005859375, 427.25543212890625]","[576.699462890625, 423.4212951660156]",1.0
Optical_B-F00775-D001,Optical_B,775,7.75,7.752541634996305,"[810.6422119140625, 394.05047607421875, 848.9541625976562, 401.904052734375]","[829.7981872558594, 397.9772644042969]",1.0
Optical_B-F00775-D002,Optical_B,775,7.75,7.752541634996305,"[1103.0894775390625, 451.93145751953125, 1146.92041015625, 460.84906005859375]","[1125.0049438476562, 456.3902587890625]",1.0
Optical_B-F00775-D003,Optical_B,775,7.75,7.752541634996305,"[674.7954711914062, 620.022705078125, 717.8320922851562, 628.8262939453125]","[696.3137817382812, 624.4244995117188]",1.0
Optical_A-F00776-D000,Optical_A,776,7.76,7.76263505098701,"[257.93511962890625, 400.822021484375, 298.076904296875, 409.15185546875]","[278.0060119628906, 404.9869384765625]",1.0
Optical_A-F00776-D001,Optical_A,776,7.76,7.76263505098701,"[1216.67919921875, 517.816162109375, 1256.1085205078125, 525.73193359375]","[1236.3938598632812, 521.7740478515625]",1.0
Optical_A-F00776-D002,Optical_A,776,7.76,7.76263505098701,"[994.239501953125, 691.2249755859375, 1029.6680908203125, 698.6046142578125]","[1011.9537963867188, 694.914794921875]",1.0
Optical_B-F00776-D000,Optical_B,776,7.76,7.761683538997895,"[177.42523193359375, 517.6444091796875, 216.3654327392578, 525.3262939453125]","[196.89533233642578, 521.4853515625]",1.0
Optical_A-F00777-D000,Optical_A,777,7.7700000000000005,7.771556622009958,"[572.2303466796875, 445.35552978515625, 626.5159912109375, 456.6021728515625]","[599.3731689453125, 450.9788513183594]",1.0
Optical_A-F00777-D001,Optical_A,777,7.7700000000000005,7.771556622009958,"[1047.30126953125, 400.79522705078125, 1087.45556640625, 409.12506103515625]","[1067.37841796875, 404.96014404296875]",1.0
Optical_A-F00777-D002,Optical_A,777,7.7700000000000005,7.771556622009958,"[329.921875, 509.61541748046875, 367.3994445800781, 517.3253173828125]","[348.66065979003906, 513.4703674316406]",1.0
Optical_B-F00777-D000,Optical_B,777,7.7700000000000005,7.771750810988597,"[0.0, 538.563720703125, 30.252685546875, 545.6055908203125]","[15.1263427734375, 542.0846557617188]",1.0
Optical_B-F00777-D001,Optical_B,777,7.7700000000000005,7.771750810988597,"[513.1064453125, 509.77752685546875, 549.7467041015625, 516.9632568359375]","[531.4265747070312, 513.3703918457031]",1.0
Optical_B-F00777-D002,Optical_B,777,7.7700000000000005,7.771750810988597,"[961.4952392578125, 517.645263671875, 1000.4397583007812, 525.328369140625]","[980.9674987792969, 521.48681640625]",1.0
Optical_B-F00777-D003,Optical_B,777,7.7700000000000005,7.771750810988597,"[286.34033203125, 572.246826171875, 333.7298889160156, 581.634521484375]","[310.0351104736328, 576.940673828125]",1.0
Optical_B-F00777-D004,Optical_B,777,7.7700000000000005,7.771750810988597,"[383.66522216796875, 671.80615234375, 432.81585693359375, 681.74853515625]","[408.24053955078125, 676.77734375]",1.0
Optical_B-F00777-D005,Optical_B,777,7.7700000000000005,7.771750810988597,"[618.880126953125, 750.7408447265625, 670.999755859375, 761.4755859375]","[644.93994140625, 756.1082153320312]",1.0
Optical_A-F00778-D000,Optical_A,778,7.78,7.781458447004552,"[462.11767578125, 481.105224609375, 514.31787109375, 492.01043701171875]","[488.2177734375, 486.5578308105469]",1.0
Optical_A-F00778-D001,Optical_A,778,7.78,7.781458447004552,"[1117.689208984375, 509.6146240234375, 1155.184814453125, 517.3271484375]","[1136.43701171875, 513.4708862304688]",1.0
Optical_B-F00778-D000,Optical_B,778,7.78,7.781845841994509,"[778.48046875, 538.560791015625, 814.3773803710938, 545.6021728515625]","[796.4289245605469, 542.0814819335938]",1.0
Optical_B-F00778-D001,Optical_B,778,7.78,7.781845841994509,"[486.6777038574219, 324.14569091796875, 527.8960571289062, 332.462158203125]","[507.28688049316406, 328.3039245605469]",1.0
Optical_B-F00778-D002,Optical_B,778,7.78,7.781845841994509,"[1069.7630615234375, 572.2662353515625, 1117.1728515625, 581.6580810546875]","[1093.4679565429688, 576.962158203125]",1.0
Optical_B-F00778-D003,Optical_B,778,7.78,7.781845841994509,"[1165.5364990234375, 671.873046875, 1214.7205810546875, 681.8223876953125]","[1190.1285400390625, 676.8477172851562]",1.0
Optical_A-F00779-D000,Optical_A,779,7.79,7.792085807995172,"[1250.351806640625, 481.08648681640625, 1280.0, 491.997802734375]","[1265.1759033203125, 486.5421447753906]",1.0
Optical_A-F00779-D001,Optical_A,779,7.79,7.792085807995172,"[293.3716125488281, 340.4327392578125, 332.24114990234375, 348.922607421875]","[312.80638122558594, 344.67767333984375]",1.0
Optical_A-F00779-D002,Optical_A,779,7.79,7.792085807995172,"[577.7303466796875, 352.23895263671875, 618.3692626953125, 361.047119140625]","[598.0498046875, 356.6430358886719]",1.0
Optical_A-F00779-D003,Optical_A,779,7.79,7.792085807995172,"[1004.9893188476562, 541.270263671875, 1041.9215087890625, 549.031005859375]","[1023.4554138183594, 545.150634765625]",1.0
Optical_B-F00779-D000,Optical_B,779,7.79,7.791799157995265,"[37.78465270996094, 363.86468505859375, 74.69776153564453, 371.181640625]","[56.241207122802734, 367.5231628417969]",1.0
Optical_B-F00779-D001,Optical_B,779,7.79,7.791799157995265,"[1269.187744140625, 324.0489501953125, 1280.0, 332.371826171875]","[1274.5938720703125, 328.21038818359375]",1.0
Optical_B-F00779-D002,Optical_B,779,7.79,7.791799157995265,"[45.995025634765625, 372.746826171875, 92.76081085205078, 381.99920654296875]","[69.3779182434082, 377.3730163574219]",1.0
Optical_B-F00779-D003,Optical_B,779,7.79,7.791799157995265,"[2.0228195190429688, 451.55059814453125, 67.31731414794922, 464.2557373046875]","[34.670066833496094, 457.9031677246094]",1.0
Optical_A-F00780-D000,Optical_A,780,7.8,7.801524409992271,"[1082.25390625, 340.382080078125, 1121.14013671875, 348.87060546875]","[1101.697021484375, 344.6263427734375]",1.0
Optical_B-F00780-D000,Optical_B,780,7.8,7.80167063299159,"[821.5479736328125, 363.871826171875, 858.4521484375, 371.189697265625]","[840.0000610351562, 367.53076171875]",1.0
Optical_B-F00780-D001,Optical_B,780,7.8,7.80167063299159,"[276.04931640625, 375.6566162109375, 314.1172790527344, 383.15985107421875]","[295.0832977294922, 379.4082336425781]",1.0
Optical_B-F00780-D002,Optical_B,780,7.8,7.80167063299159,"[827.7587890625, 372.74945068359375, 874.5159912109375, 382.00299072265625]","[851.1373901367188, 377.376220703125]",1.0
Optical_B-F00780-D003,Optical_B,780,7.8,7.80167063299159,"[706.6076049804688, 743.7274169921875, 764.5841064453125, 755.4312744140625]","[735.5958557128906, 749.579345703125]",1.0
Optical_B-F00780-D004,Optical_B,780,7.8,7.80167063299159,"[782.0115966796875, 451.54949951171875, 847.2918701171875, 464.25555419921875]","[814.6517333984375, 457.90252685546875]",1.0
Optical_B-F00781-D000,Optical_B,781,7.8100000000000005,7.811488948008046,"[1058.5123291015625, 375.62652587890625, 1096.5919189453125, 383.13232421875]","[1077.5521240234375, 379.3794250488281]",1.0
Optical_B-F00783-D000,Optical_B,783,7.83,7.831415323000401,"[248.90560913085938, 443.106689453125, 293.7039794921875, 451.7308349609375]","[271.30479431152344, 447.41876220703125]",1.0
Optical_B-F00783-D001,Optical_B,783,7.83,7.831415323000401,"[100.4958724975586, 474.50177001953125, 151.71188354492188, 484.29150390625]","[126.10387802124023, 479.3966369628906]",1.0
Optical_B-F00784-D000,Optical_B,784,7.84,7.841789009998902,"[552.0518798828125, 498.9757080078125, 599.642578125, 508.0238037109375]","[575.8472290039062, 503.499755859375]",1.0
Optical_B-F00784-D001,Optical_B,784,7.84,7.841789009998902,"[1030.364013671875, 443.09307861328125, 1075.17333984375, 451.7191162109375]","[1052.7686767578125, 447.4060974121094]",1.0
Optical_B-F00784-D002,Optical_B,784,7.84,7.841789009998902,"[7.128486633300781, 324.323974609375, 55.732269287109375, 333.89501953125]","[31.430377960205078, 329.1094970703125]",1.0
Optical_B-F00784-D003,Optical_B,784,7.84,7.841789009998902,"[882.5662231445312, 474.49853515625, 933.7786865234375, 484.28924560546875]","[908.1724548339844, 479.3938903808594]",1.0
Optical_B-F00784-D004,Optical_B,784,7.84,7.841789009998902,"[563.8180541992188, 624.0352783203125, 621.8488159179688, 635.3211669921875]","[592.8334350585938, 629.67822265625]",1.0
Optical_B-F00785-D000,Optical_B,785,7.8500000000000005,7.851733486002195,"[114.84832763671875, 461.3516845703125, 159.39735412597656, 469.8824462890625]","[137.12284088134766, 465.6170654296875]",1.0
Optical_B-F00785-D001,Optical_B,785,7.8500000000000005,7.851733486002195,"[268.52545166015625, 488.724365234375, 311.644775390625, 496.93463134765625]","[290.0851135253906, 492.8294982910156]",1.0
Optical_B-F00785-D002,Optical_B,785,7.8500000000000005,7.851733486002195,"[788.0211181640625, 324.34234619140625, 836.6083984375, 333.91265869140625]","[812.3147583007812, 329.12750244140625]",1.0
Optical_B-F00785-D003,Optical_B,785,7.8500000000000005,7.851733486002195,"[634.1553955078125, 439.263671875, 684.5487060546875, 448.95782470703125]","[659.35205078125, 444.1107482910156]",1.0
Optical_B-F00785-D004,Optical_B,785,7.8500000000000005,7.851733486002195,"[721.6099853515625, 532.7177734375, 776.9766845703125, 543.2762451171875]","[749.2933349609375, 537.9970092773438]",1.0
Optical_B-F00786-D000,Optical_B,786,7.86,7.861407026997186,"[897.1719360351562, 461.34881591796875, 941.7181396484375, 469.8800048828125]","[919.4450378417969, 465.6144104003906]",1.0
Optical_B-F00786-D001,Optical_B,786,7.86,7.861407026997186,"[1049.95166015625, 488.71966552734375, 1093.081787109375, 496.931640625]","[1071.5167236328125, 492.8256530761719]",1.0
Optical_B-F00787-D000,Optical_B,787,7.87,7.872851441997336,"[465.33135986328125, 628.681396484375, 515.3792114257812, 638.4339599609375]","[490.35528564453125, 633.5576782226562]",1.0
Optical_B-F00788-D000,Optical_B,788,7.88,7.881300741001614,"[686.980224609375, 744.998779296875, 734.5712280273438, 754.50830078125]","[710.7757263183594, 749.7535400390625]",1.0
Optical_B-F00788-D001,Optical_B,788,7.88,7.881300741001614,"[1246.92724609375, 628.7415771484375, 1280.0, 638.498779296875]","[1263.463623046875, 633.6201782226562]",1.0
Optical_B-F00812-D000,Optical_B,812,8.120000000000001,8.121386276009726,"[550.303466796875, 745.8299560546875, 598.042724609375, 755.3751220703125]","[574.173095703125, 750.6025390625]",1.0
Optical_B-F00812-D001,Optical_B,812,8.120000000000001,8.121386276009726,"[1132.564208984375, 629.326904296875, 1182.8834228515625, 639.13427734375]","[1157.7238159179688, 634.2305908203125]",1.0
Optical_B-F00813-D000,Optical_B,813,8.13,8.131238861994353,"[341.4851379394531, 629.3336181640625, 391.7991943359375, 639.14208984375]","[366.6421661376953, 634.2378540039062]",1.0
Optical_B-F00814-D000,Optical_B,814,8.14,8.14205602600181,"[785.298828125, 461.07012939453125, 830.0851440429688, 469.648681640625]","[807.6919860839844, 465.3594055175781]",1.0
Optical_B-F00814-D001,Optical_B,814,8.14,8.14205602600181,"[913.5869140625, 488.62371826171875, 956.8890380859375, 496.86962890625]","[935.2379760742188, 492.7466735839844]",1.0
Optical_B-F00814-D002,Optical_B,814,8.14,8.14205602600181,"[1257.2001953125, 438.8623046875, 1280.0, 448.61065673828125]","[1268.60009765625, 443.7364807128906]",1.0
Optical_B-F00815-D000,Optical_B,815,8.15,8.152658882003744,"[0.0, 461.04541015625, 39.745025634765625, 469.628173828125]","[19.872512817382812, 465.3367919921875]",1.0
Optical_B-F00815-D001,Optical_B,815,8.15,8.152658882003744,"[122.39967346191406, 488.61724853515625, 165.7191162109375, 496.86541748046875]","[144.05939483642578, 492.7413330078125]",1.0
Optical_B-F00815-D002,Optical_B,815,8.15,8.152658882003744,"[1213.913330078125, 498.8831787109375, 1261.8638916015625, 507.99560546875]","[1237.8886108398438, 503.43939208984375]",1.0
Optical_B-F00815-D003,Optical_B,815,8.15,8.152658882003744,"[625.9464721679688, 323.3685302734375, 674.7880859375, 332.9903564453125]","[650.3672790527344, 328.179443359375]",1.0
Optical_B-F00815-D004,Optical_B,815,8.15,8.152658882003744,"[465.2012634277344, 438.87213134765625, 515.8682250976562, 448.619140625]","[490.5347442626953, 443.7456359863281]",1.0
Optical_B-F00815-D005,Optical_B,815,8.15,8.152658882003744,"[576.89111328125, 532.8734130859375, 632.6767578125, 543.51171875]","[604.783935546875, 538.1925659179688]",1.0
Optical_B-F00815-D006,Optical_B,815,8.15,8.152658882003744,"[1153.25927734375, 624.8017578125, 1211.7149658203125, 636.1669921875]","[1182.4871215820312, 630.484375]",1.0
Optical_B-F00816-D000,Optical_B,816,8.16,8.162642748993822,"[423.63763427734375, 498.8836669921875, 471.5748596191406, 507.9957275390625]","[447.6062469482422, 503.439697265625]",1.0
Optical_B-F00816-D001,Optical_B,816,8.16,8.162642748993822,"[876.0936279296875, 442.7271728515625, 921.1522216796875, 451.3995361328125]","[898.6229248046875, 447.0633544921875]",1.0
Optical_B-F00816-D002,Optical_B,816,8.16,8.162642748993822,"[746.7517700195312, 474.21295166015625, 798.3656005859375, 484.07867431640625]","[772.5586853027344, 479.14581298828125]",1.0
Optical_B-F00816-D003,Optical_B,816,8.16,8.162642748993822,"[360.6544494628906, 624.804931640625, 419.1028137207031, 636.1702880859375]","[389.8786315917969, 630.4876098632812]",1.0
Optical_B-F00817-D000,Optical_B,817,8.17,8.171143255998613,"[84.96036529541016, 442.70361328125, 130.04051208496094, 451.37884521484375]","[107.50043869018555, 447.0412292480469]",1.0
Optical_B-F00817-D001,Optical_B,817,8.17,8.171143255998613,"[0.0, 474.19146728515625, 7.7764129638671875, 484.062744140625]","[3.8882064819335938, 479.1271057128906]",1.0
Optical_B-F00819-D000,Optical_B,819,8.19,8.191897012989502,"[915.0194702148438, 374.8094482421875, 953.3564453125, 382.3614501953125]","[934.1879577636719, 378.58544921875]",1.0
Optical_A-F00820-D000,Optical_A,820,8.2,8.201331235005636,"[1189.26171875, 338.8271484375, 1228.5875244140625, 347.394775390625]","[1208.9246215820312, 343.1109619140625]",1.0
Optical_A-F00821-D000,Optical_A,821,8.21,8.211616937996006,"[405.7017517089844, 338.8245849609375, 445.0205993652344, 347.396484375]","[425.3611755371094, 343.11053466796875]",1.0
Optical_A-F00821-D001,Optical_A,821,8.21,8.211616937996006,"[635.8109130859375, 350.54156494140625, 676.9271850585938, 359.4459228515625]","[656.3690490722656, 354.9937438964844]",1.0
Optical_A-F00821-D002,Optical_A,821,8.21,8.211616937996006,"[1116.457275390625, 541.52685546875, 1153.7919921875, 549.356201171875]","[1135.1246337890625, 545.4415283203125]",1.0
Optical_B-F00821-D000,Optical_B,821,8.21,8.211433172990802,"[1108.3543701171875, 322.5989990234375, 1149.97998046875, 330.98846435546875]","[1129.1671752929688, 326.7937316894531]",1.0
Optical_A-F00822-D000,Optical_A,822,8.22,8.222965063002194,"[549.015869140625, 480.67071533203125, 602.0301513671875, 491.72991943359375]","[575.5230102539062, 486.2003173828125]",1.0
Optical_A-F00822-D001,Optical_A,822,8.22,8.222965063002194,"[332.89959716796875, 541.52880859375, 370.23388671875, 549.3594970703125]","[351.5667419433594, 545.4441528320312]",1.0
Optical_A-F00822-D002,Optical_A,822,8.22,8.222965063002194,"[1185.671142578125, 509.59088134765625, 1223.5850830078125, 517.380126953125]","[1204.6281127929688, 513.4855041503906]",1.0
Optical_B-F00822-D000,Optical_B,822,8.22,8.22202213000739,"[681.0433349609375, 538.7843017578125, 717.2750854492188, 545.8853759765625]","[699.1592102050781, 542.3348388671875]",1.0
Optical_B-F00822-D001,Optical_B,822,8.22,8.22202213000739,"[494.72845458984375, 407.87066650390625, 534.0211181640625, 415.6680908203125]","[514.3747863769531, 411.7693786621094]",1.0
Optical_B-F00822-D002,Optical_B,822,8.22,8.22202213000739,"[1151.342041015625, 509.75982666015625, 1188.338134765625, 517.0028076171875]","[1169.840087890625, 513.3813171386719]",1.0
Optical_B-F00822-D003,Optical_B,822,8.22,8.22202213000739,"[318.2522277832031, 322.5872802734375, 359.8768310546875, 330.97515869140625]","[339.0645294189453, 326.7812194824219]",1.0
Optical_B-F00822-D004,Optical_B,822,8.22,8.22202213000739,"[943.615966796875, 572.9395751953125, 991.612060546875, 582.437744140625]","[967.614013671875, 577.6886596679688]",1.0
Optical_B-F00822-D005,Optical_B,822,8.22,8.22202213000739,"[969.7081298828125, 673.4654541015625, 1019.4729614257812, 683.517333984375]","[994.5905456542969, 678.4913940429688]",1.0
Optical_B-F00822-D006,Optical_B,822,8.22,8.22202213000739,"[1194.79833984375, 753.447021484375, 1247.64013671875, 764.3135986328125]","[1221.21923828125, 758.8803100585938]",1.0
Optical_A-F00823-D000,Optical_A,823,8.23,8.232028813003563,"[764.4896240234375, 444.45794677734375, 819.6771240234375, 455.857666015625]","[792.0833740234375, 450.1578063964844]",1.0
Optical_A-F00823-D001,Optical_A,823,8.23,8.232028813003563,"[1192.6336669921875, 399.69989013671875, 1233.2786865234375, 408.1134033203125]","[1212.9561767578125, 403.9066467285156]",1.0
Optical_A-F00823-D002,Optical_A,823,8.23,8.232028813003563,"[400.9737854003906, 509.59088134765625, 438.879638671875, 517.3802490234375]","[419.9267120361328, 513.4855651855469]",1.0
Optical_B-F00823-D000,Optical_B,823,8.23,8.231665942007094,"[361.7545166015625, 509.7598876953125, 398.7452697753906, 517.0028076171875]","[380.24989318847656, 513.38134765625]",1.0
Optical_B-F00823-D001,Optical_B,823,8.23,8.231665942007094,"[859.178955078125, 517.700439453125, 898.5476684570312, 525.4591064453125]","[878.8633117675781, 521.5797729492188]",1.0
Optical_B-F00823-D002,Optical_B,823,8.23,8.231665942007094,"[154.45111083984375, 572.960693359375, 202.46925354003906, 582.461181640625]","[178.4601821899414, 577.7109375]",1.0
Optical_B-F00823-D003,Optical_B,823,8.23,8.231665942007094,"[178.9537811279297, 673.511962890625, 228.73675537109375, 683.564208984375]","[203.84526824951172, 678.5380859375]",1.0
Optical_B-F00823-D004,Optical_B,823,8.23,8.231665942007094,"[403.7822265625, 753.4517822265625, 456.61505126953125, 764.3143310546875]","[430.1986389160156, 758.883056640625]",1.0
Optical_A-F00824-D000,Optical_A,824,8.24,8.242122359001078,"[0.0, 444.4171142578125, 37.64007568359375, 455.8253173828125]","[18.820037841796875, 450.1212158203125]",1.0
Optical_A-F00824-D001,Optical_A,824,8.24,8.242122359001078,"[945.2210693359375, 427.4051513671875, 997.1542358398438, 438.0152587890625]","[971.1876525878906, 432.710205078125]",1.0
Optical_A-F00824-D002,Optical_A,824,8.24,8.242122359001078,"[409.5535583496094, 399.7005615234375, 450.19110107421875, 408.1160888671875]","[429.87232971191406, 403.9083251953125]",1.0
Optical_A-F00824-D003,Optical_A,824,8.24,8.242122359001078,"[1077.085205078125, 692.9866943359375, 1112.9058837890625, 700.441650390625]","[1094.9955444335938, 696.7141723632812]",1.0
Optical_B-F00824-D000,Optical_B,824,8.24,8.241899959999719,"[70.62793731689453, 517.702880859375, 110.02140045166016, 525.4644775390625]","[90.32466888427734, 521.5836791992188]",1.0
Optical_B-F00824-D001,Optical_B,824,8.24,8.241899959999719,"[1249.162841796875, 418.586181640625, 1280.0, 426.34014892578125]","[1264.5814208984375, 422.4631652832031]",1.0
Optical_A-F00825-D000,Optical_A,825,8.25,8.25228945800336,"[668.4373779296875, 839.4522705078125, 732.1835327148438, 853.036376953125]","[700.3104553222656, 846.2443237304688]",1.0
Optical_A-F00825-D001,Optical_A,825,8.25,8.25228945800336,"[161.45932006835938, 427.37261962890625, 213.41812133789062, 437.98858642578125]","[187.438720703125, 432.68060302734375]",1.0
Optical_A-F00825-D002,Optical_A,825,8.25,8.25228945800336,"[793.3116455078125, 311.32000732421875, 836.2359619140625, 320.2169189453125]","[814.7738037109375, 315.7684631347656]",1.0
Optical_A-F00825-D003,Optical_A,825,8.25,8.25228945800336,"[589.7276611328125, 517.871337890625, 629.606201171875, 525.8626708984375]","[609.6669311523438, 521.8670043945312]",1.0
Optical_A-F00825-D004,Optical_A,825,8.25,8.25228945800336,"[917.92578125, 418.85101318359375, 956.0654296875, 426.5814208984375]","[936.99560546875, 422.7162170410156]",1.0
Optical_A-F00825-D005,Optical_A,825,8.25,8.25228945800336,"[292.58001708984375, 693.0079345703125, 328.40362548828125, 700.4666748046875]","[310.4918212890625, 696.7373046875]",1.0
Optical_A-F00825-D006,Optical_A,825,8.25,8.25228945800336,"[1014.3165283203125, 317.0108642578125, 1050.922119140625, 324.569091796875]","[1032.6193237304688, 320.78997802734375]",1.0
Optical_B-F00825-D000,Optical_B,825,8.25,8.252282194996951,"[460.8900451660156, 418.5943603515625, 499.065185546875, 426.346435546875]","[479.9776153564453, 422.47039794921875]",1.0
Optical_B-F00825-D001,Optical_B,825,8.25,8.252282194996951,"[714.5885009765625, 392.7589111328125, 753.369873046875, 400.7003173828125]","[733.9791870117188, 396.7296142578125]",1.0
Optical_B-F00825-D002,Optical_B,825,8.25,8.252282194996951,"[1165.193603515625, 693.77490234375, 1201.06640625, 701.266357421875]","[1183.1300048828125, 697.5206298828125]",1.0
Optical_B-F00825-D003,Optical_B,825,8.25,8.252282194996951,"[996.26171875, 451.17462158203125, 1040.7080078125, 460.20574951171875]","[1018.48486328125, 455.690185546875]",1.0
Optical_B-F00825-D004,Optical_B,825,8.25,8.252282194996951,"[495.367919921875, 621.1959228515625, 538.9754638671875, 630.0972900390625]","[517.1716918945312, 625.6466064453125]",1.0
Optical_A-F00826-D000,Optical_A,826,8.26,8.26164474498888,"[953.1246948242188, 496.22186279296875, 1008.6184692382812, 507.1845703125]","[980.87158203125, 501.7032165527344]",1.0
Optical_A-F00826-D001,Optical_A,826,8.26,8.26164474498888,"[1265.84423828125, 281.39111328125, 1280.0, 293.227294921875]","[1272.922119140625, 287.3092041015625]",1.0
Optical_A-F00826-D002,Optical_A,826,8.26,8.26164474498888,"[9.182662963867188, 311.2152099609375, 52.14122772216797, 320.12030029296875]","[30.661945343017578, 315.6677551269531]",1.0
Optical_A-F00826-D003,Optical_A,826,8.26,8.26164474498888,"[134.84347534179688, 418.82177734375, 173.001708984375, 426.555908203125]","[153.92259216308594, 422.6888427734375]",1.0
Optical_A-F00826-D004,Optical_A,826,8.26,8.26164474498888,"[666.2591552734375, 394.99603271484375, 704.7628173828125, 402.78692626953125]","[685.510986328125, 398.8914794921875]",1.0
Optical_A-F00826-D005,Optical_A,826,8.26,8.26164474498888,"[229.97433471679688, 316.9697265625, 266.58837890625, 324.5323486328125]","[248.28135681152344, 320.75103759765625]",1.0
Optical_A-F00826-D006,Optical_A,826,8.26,8.26164474498888,"[1213.3929443359375, 481.471923828125, 1248.2681884765625, 488.36431884765625]","[1230.83056640625, 484.9181213378906]",1.0
Optical_B-F00826-D000,Optical_B,826,8.26,8.261988702992094,"[376.04498291015625, 693.775634765625, 411.91192626953125, 701.26416015625]","[393.97845458984375, 697.5198974609375]",1.0
Optical_B-F00826-D001,Optical_B,826,8.26,8.261988702992094,"[591.1666870117188, 312.541015625, 628.0247802734375, 320.2757568359375]","[609.5957336425781, 316.40838623046875]",1.0
Optical_B-F00826-D002,Optical_B,826,8.26,8.261988702992094,"[207.8569793701172, 451.1585693359375, 252.31875610351562, 460.19110107421875]","[230.0878677368164, 455.6748352050781]",1.0
Optical_B-F00826-D003,Optical_B,826,8.26,8.261988702992094,"[1093.6964111328125, 477.03900146484375, 1140.56689453125, 486.63671875]","[1117.1316528320312, 481.8378601074219]",1.0
Optical_B-F00826-D004,Optical_B,826,8.26,8.261988702992094,"[1145.06884765625, 641.0631103515625, 1202.589599609375, 653.0947265625]","[1173.8292236328125, 647.0789184570312]",1.0
Optical_A-F00827-D000,Optical_A,827,8.27,8.271493143005063,"[967.3989868164062, 665.5733642578125, 1031.4544677734375, 678.5008544921875]","[999.4267272949219, 672.037109375]",1.0
Optical_A-F00827-D001,Optical_A,827,8.27,8.271493143005063,"[171.66748046875, 496.216552734375, 227.18711853027344, 507.18304443359375]","[199.42729949951172, 501.6997985839844]",1.0
Optical_A-F00827-D002,Optical_A,827,8.27,8.271493143005063,"[482.8121337890625, 281.3927001953125, 540.4442138671875, 293.233154296875]","[511.628173828125, 287.31292724609375]",1.0
Optical_A-F00827-D003,Optical_A,827,8.27,8.271493143005063,"[430.14739990234375, 481.47430419921875, 465.0128173828125, 488.366455078125]","[447.5801086425781, 484.9203796386719]",1.0
Optical_B-F00827-D000,Optical_B,827,8.27,8.27316545899841,"[1073.9173583984375, 404.87554931640625, 1116.5107421875, 413.83056640625]","[1095.2140502929688, 409.3530578613281]",1.0
Optical_B-F00827-D001,Optical_B,827,8.27,8.27316545899841,"[726.9942626953125, 320.0479736328125, 772.357666015625, 329.685791015625]","[749.6759643554688, 324.86688232421875]",1.0
Optical_B-F00827-D002,Optical_B,827,8.27,8.27316545899841,"[303.81439208984375, 477.034423828125, 350.6888427734375, 486.6328125]","[327.2516174316406, 481.8336181640625]",1.0
Optical_B-F00827-D003,Optical_B,827,8.27,8.27316545899841,"[1253.707275390625, 539.29443359375, 1280.0, 549.2205810546875]","[1266.8536376953125, 544.2575073242188]",1.0
Optical_B-F00827-D004,Optical_B,827,8.27,8.27316545899841,"[354.35882568359375, 641.081298828125, 411.8824768066406, 653.11083984375]","[383.1206512451172, 647.0960693359375]",1.0
Optical_A-F00828-D000,Optical_A,828,8.28,8.281767500012647,"[186.88754272460938, 665.623046875, 250.97122192382812, 678.5582275390625]","[218.92938232421875, 672.0906372070312]",1.0
Optical_A-F00828-D001,Optical_A,828,8.28,8.281767500012647,"[728.5525512695312, 424.18902587890625, 787.8793334960938, 435.91925048828125]","[758.2159423828125, 430.05413818359375]",1.0
Optical_A-F00828-D002,Optical_A,828,8.28,8.281767500012647,"[594.0389404296875, 365.25726318359375, 642.7560424804688, 375.01910400390625]","[618.3974914550781, 370.13818359375]",1.0
Optical_A-F00828-D003,Optical_A,828,8.28,8.281767500012647,"[916.9735107421875, 508.2330322265625, 952.110107421875, 515.059326171875]","[934.5418090820312, 511.64617919921875]",1.0
Optical_B-F00828-D000,Optical_B,828,8.28,8.284646991001209,"[903.7293701171875, 479.07025146484375, 939.21435546875, 486.50592041015625]","[921.4718627929688, 482.7880859375]",1.0
Optical_B-F00828-D001,Optical_B,828,8.28,8.284646991001209,"[285.9701843261719, 404.85784912109375, 328.56805419921875, 413.8121337890625]","[307.2691192626953, 409.3349914550781]",1.0
Optical_B-F00828-D002,Optical_B,828,8.28,8.284646991001209,"[465.54132080078125, 539.294189453125, 513.2396850585938, 549.21923828125]","[489.3905029296875, 544.2567138671875]",1.0
Optical_B-F00828-D003,Optical_B,828,8.28,8.284646991001209,"[1030.8731689453125, 671.7476806640625, 1076.930419921875, 681.6728515625]","[1053.9017944335938, 676.7102661132812]",1.0
Optical_B-F00828-D004,Optical_B,828,8.28,8.284646991001209,"[947.9425659179688, 768.0594482421875, 996.4230346679688, 778.6798095703125]","[972.1828002929688, 773.36962890625]",1.0
Optical_A-F00829-D000,Optical_A,829,8.290000000000001,8.29194759000442,"[0.0, 424.130859375, 5.281562805175781, 435.8702392578125]","[2.6407814025878906, 430.00054931640625]",1.0
Optical_A-F00829-D001,Optical_A,829,8.290000000000001,8.29194759000442,"[799.65380859375, 469.41064453125, 856.845458984375, 480.53704833984375]","[828.2496337890625, 474.9738464355469]",1.0
Optical_A-F00829-D002,Optical_A,829,8.290000000000001,8.29194759000442,"[1263.7034912109375, 456.79486083984375, 1280.0, 464.986328125]","[1271.8517456054688, 460.8905944824219]",1.0
Optical_A-F00829-D003,Optical_A,829,8.290000000000001,8.29194759000442,"[517.1992797851562, 614.1395263671875, 559.268310546875, 622.4593505859375]","[538.2337951660156, 618.2994384765625]",1.0
Optical_A-F00829-D004,Optical_A,829,8.290000000000001,8.29194759000442,"[132.94192504882812, 508.2318115234375, 168.0933380126953, 515.060302734375]","[150.51763153076172, 511.64605712890625]",1.0
Optical_B-F00829-D000,Optical_B,829,8.290000000000001,8.29201711500995,"[116.16584777832031, 479.058837890625, 151.66893005371094, 486.49658203125]","[133.91738891601562, 482.7777099609375]",1.0
Optical_B-F00829-D001,Optical_B,829,8.290000000000001,8.29201711500995,"[1110.986083984375, 507.74981689453125, 1147.2283935546875, 515.4517822265625]","[1129.1072387695312, 511.6007995605469]",1.0
Optical_B-F00829-D002,Optical_B,829,8.290000000000001,8.29201711500995,"[242.9730224609375, 671.79052734375, 289.04168701171875, 681.7138671875]","[266.0073547363281, 676.752197265625]",1.0
Optical_B-F00829-D003,Optical_B,829,8.290000000000001,8.29201711500995,"[886.5303955078125, 279.52001953125, 928.2904663085938, 288.7322998046875]","[907.4104309082031, 284.12615966796875]",1.0
Optical_B-F00829-D004,Optical_B,829,8.290000000000001,8.29201711500995,"[159.92332458496094, 768.158203125, 208.42755126953125, 778.775390625]","[184.1754379272461, 773.466796875]",1.0
Optical_A-F00830-D000,Optical_A,830,8.3,8.301493464995293,"[18.794403076171875, 469.38897705078125, 76.03248596191406, 480.521484375]","[47.41344451904297, 474.9552307128906]",1.0
Optical_A-F00830-D001,Optical_A,830,8.3,8.301493464995293,"[506.83203125, 570.293701171875, 553.4263916015625, 579.3753662109375]","[530.1292114257812, 574.8345336914062]",1.0
Optical_A-F00830-D002,Optical_A,830,8.3,8.301493464995293,"[481.4808654785156, 456.8021240234375, 523.5986938476562, 464.99298095703125]","[502.53977966308594, 460.8975524902344]",1.0
Optical_A-F00830-D003,Optical_A,830,8.3,8.301493464995293,"[888.9584350585938, 418.73065185546875, 928.7890625, 426.5167236328125]","[908.8737487792969, 422.6236877441406]",1.0
Optical_B-F00830-D000,Optical_B,830,8.3,8.302044230990578,"[322.2930908203125, 507.74945068359375, 358.537841796875, 515.4520263671875]","[340.41546630859375, 511.6007385253906]",1.0
Optical_B-F00830-D001,Optical_B,830,8.3,8.302044230990578,"[97.40108489990234, 279.43035888671875, 139.18887329101562, 288.6405029296875]","[118.29497909545898, 284.0354309082031]",1.0
Optical_A-F00831-D000,Optical_A,831,8.31,8.312139485994122,"[1169.5955810546875, 535.0799560546875, 1230.9219970703125, 546.8504638671875]","[1200.2587890625, 540.9652099609375]",1.0
Optical_A-F00831-D001,Optical_A,831,8.31,8.312139485994122,"[518.6409912109375, 662.853515625, 566.071044921875, 672.22900390625]","[542.3560180664062, 667.541259765625]",1.0
Optical_A-F00831-D002,Optical_A,831,8.31,8.312139485994122,"[106.62612915039062, 418.700439453125, 146.4775848388672, 426.48968505859375]","[126.5518569946289, 422.5950622558594]",1.0
Optical_A-F00831-D003,Optical_A,831,8.31,8.312139485994122,"[1025.3258056640625, 348.48065185546875, 1066.812744140625, 356.665771484375]","[1046.0692749023438, 352.5732116699219]",1.0
Optical_A-F00831-D004,Optical_A,831,8.31,8.312139485994122,"[839.7333374023438, 318.0906982421875, 878.2703857421875, 325.7486572265625]","[859.0018615722656, 321.919677734375]",1.0
Optical_A-F00832-D000,Optical_A,832,8.32,8.321696820007055,"[389.58013916015625, 535.0806884765625, 450.8964538574219, 546.8516845703125]","[420.23829650878906, 540.9661865234375]",1.0
Optical_A-F00832-D001,Optical_A,832,8.32,8.321696820007055,"[1132.0167236328125, 726.640380859375, 1180.3397216796875, 736.2564697265625]","[1156.17822265625, 731.4484252929688]",1.0
Optical_A-F00832-D002,Optical_A,832,8.32,8.321696820007055,"[243.29254150390625, 348.4559326171875, 284.7860107421875, 356.6431884765625]","[264.0392761230469, 352.549560546875]",1.0
Optical_A-F00832-D003,Optical_A,832,8.32,8.321696820007055,"[553.1195678710938, 482.29296875, 595.6371459960938, 490.44427490234375]","[574.3783569335938, 486.3686218261719]",1.0
Optical_A-F00832-D004,Optical_A,832,8.32,8.321696820007055,"[56.2841796875, 318.01153564453125, 94.84733581542969, 325.673828125]","[75.56575775146484, 321.8426818847656]",1.0
Optical_A-F00833-D000,Optical_A,833,8.33,8.33156483000319,"[889.776611328125, 628.866943359375, 950.25048828125, 640.65185546875]","[920.0135498046875, 634.7593994140625]",1.0
Optical_A-F00833-D001,Optical_A,833,8.33,8.33156483000319,"[349.52996826171875, 726.6556396484375, 397.84979248046875, 736.273681640625]","[373.68988037109375, 731.4646606445312]",1.0
Optical_A-F00833-D002,Optical_A,833,8.33,8.33156483000319,"[745.3463134765625, 534.0927734375, 787.3499145507812, 542.11962890625]","[766.3481140136719, 538.106201171875]",1.0
Optical_A-F00833-D003,Optical_A,833,8.33,8.33156483000319,"[512.1301879882812, 641.219482421875, 553.041015625, 649.2178955078125]","[532.5856018066406, 645.2186889648438]",1.0
Optical_A-F00834-D000,Optical_A,834,8.34,8.34194185100554,"[108.38233947753906, 628.915771484375, 168.8922882080078, 640.7064208984375]","[138.63731384277344, 634.8110961914062]",1.0
Optical_A-F00834-D001,Optical_A,834,8.34,8.34194185100554,"[971.2033081054688, 722.443115234375, 1024.59521484375, 733.0308837890625]","[997.8992614746094, 727.7369995117188]",1.0
Optical_A-F00834-D002,Optical_A,834,8.34,8.34194185100554,"[0.0, 534.103515625, 5.472297668457031, 542.134521484375]","[2.7361488342285156, 538.1190185546875]",1.0
Optical_A-F00834-D003,Optical_A,834,8.34,8.34194185100554,"[577.7802734375, 713.2723388671875, 619.6455078125, 721.5626220703125]","[598.712890625, 717.41748046875]",1.0
Optical_A-F00835-D000,Optical_A,835,8.35,8.351238181997905,"[190.85757446289062, 722.491943359375, 244.2640380859375, 733.0826416015625]","[217.56080627441406, 727.7872924804688]",1.0
Optical_A-F00836-D000,Optical_A,836,8.36,8.361338964008027,"[1194.571533203125, 607.1607666015625, 1240.08203125, 615.980224609375]","[1217.3267822265625, 611.5704956054688]",1.0
Optical_A-F00837-D000,Optical_A,837,8.370000000000001,8.372010460011662,"[1115.236572265625, 462.50799560546875, 1169.348388671875, 472.89324951171875]","[1142.29248046875, 467.70062255859375]",1.0
Optical_A-F00837-D001,Optical_A,837,8.370000000000001,8.372010460011662,"[412.5488586425781, 607.1573486328125, 458.047119140625, 615.9761962890625]","[435.29798889160156, 611.5667724609375]",1.0
Optical_A-F00838-D000,Optical_A,838,8.38,8.381360795009533,"[334.1483154296875, 462.5037841796875, 388.2550354003906, 472.88970947265625]","[361.20167541503906, 467.6967468261719]",1.0
Optical_A-F00862-D000,Optical_A,862,8.620000000000001,8.62152581499424,"[459.5463562011719, 462.23468017578125, 513.9242553710938, 472.67755126953125]","[486.7353057861328, 467.45611572265625]",1.0
Optical_A-F00863-D000,Optical_A,863,8.63,8.631650032994804,"[1251.1397705078125, 462.20794677734375, 1280.0, 472.65667724609375]","[1265.5698852539062, 467.43231201171875]",1.0
Optical_A-F00863-D001,Optical_A,863,8.63,8.631650032994804,"[522.9584350585938, 607.64013671875, 568.67578125, 616.5048828125]","[545.8171081542969, 612.072509765625]",1.0
Optical_A-F00865-D000,Optical_A,865,8.65,8.651414049009327,"[367.396484375, 723.6907958984375, 421.1112976074219, 734.344482421875]","[394.25389099121094, 729.0176391601562]",1.0
Optical_A-F00866-D000,Optical_A,866,8.66,8.661681370995357,"[266.5143127441406, 629.967041015625, 327.5840759277344, 641.866455078125]","[297.0491943359375, 635.916748046875]",1.0
Optical_A-F00866-D001,Optical_A,866,8.66,8.661681370995357,"[1159.527099609375, 723.7718505859375, 1213.2720947265625, 734.429443359375]","[1186.3995971679688, 729.1006469726562]",1.0
Optical_A-F00866-D002,Optical_A,866,8.66,8.661681370995357,"[723.397216796875, 714.2684326171875, 765.4801025390625, 722.6014404296875]","[744.4386596679688, 718.4349365234375]",1.0
Optical_A-F00867-D000,Optical_A,867,8.67,8.671753723001457,"[1057.7655029296875, 630.0086669921875, 1118.85986328125, 641.911865234375]","[1088.3126831054688, 635.9602661132812]",1.0
Optical_A-F00867-D001,Optical_A,867,8.67,8.671753723001457,"[479.4871826171875, 728.3310546875, 528.202392578125, 738.0274658203125]","[503.84478759765625, 733.1792602539062]",1.0
Optical_A-F00867-D002,Optical_A,867,8.67,8.671753723001457,"[659.180419921875, 641.9091796875, 700.3268432617188, 649.9515380859375]","[679.7536315917969, 645.9303588867188]",1.0
Optical_A-F00868-D000,Optical_A,868,8.68,8.681696007006103,"[616.5679931640625, 535.2841796875, 678.4841918945312, 547.1597900390625]","[647.5260925292969, 541.2219848632812]",1.0
Optical_A-F00868-D001,Optical_A,868,8.68,8.681696007006103,"[1269.67529296875, 728.4520263671875, 1280.0, 738.1529541015625]","[1274.837646484375, 733.302490234375]",1.0
Optical_A-F00868-D002,Optical_A,868,8.68,8.681696007006103,"[395.69268798828125, 347.480224609375, 437.45947265625, 355.7178955078125]","[416.5760803222656, 351.59906005859375]",1.0
Optical_A-F00868-D003,Optical_A,868,8.68,8.681696007006103,"[670.097412109375, 482.0716552734375, 712.9528198242188, 490.28399658203125]","[691.5251159667969, 486.1778259277344]",1.0
Optical_A-F00868-D004,Optical_A,868,8.68,8.681696007006103,"[159.16717529296875, 316.6990966796875, 198.00595092773438, 324.4151611328125]","[178.58656311035156, 320.55712890625]",1.0
Optical_A-F00869-D000,Optical_A,869,8.69,8.691785453001502,"[649.8165283203125, 664.20751953125, 697.70556640625, 673.6697998046875]","[673.7610473632812, 668.9386596679688]",1.0
Optical_A-F00869-D001,Optical_A,869,8.69,8.691785453001502,"[256.1461181640625, 418.114990234375, 296.2789611816406, 425.9539794921875]","[276.21253967285156, 422.03448486328125]",1.0
Optical_A-F00869-D002,Optical_A,869,8.69,8.691785453001502,"[1186.2215576171875, 347.41748046875, 1228.014892578125, 355.657470703125]","[1207.1182250976562, 351.5374755859375]",1.0
Optical_A-F00869-D003,Optical_A,869,8.69,8.691785453001502,"[948.2952880859375, 316.678955078125, 987.1359252929688, 324.394775390625]","[967.7156066894531, 320.536865234375]",1.0
Optical_A-F00870-D000,Optical_A,870,8.700000000000001,8.701848359999714,"[238.3232879638672, 468.96844482421875, 296.2102966308594, 480.2115478515625]","[267.2667922973633, 474.5899963378906]",1.0
Optical_A-F00870-D001,Optical_A,870,8.700000000000001,8.701848359999714,"[688.54443359375, 570.7586669921875, 735.5675659179688, 579.913818359375]","[712.0559997558594, 575.3362426757812]",1.0
Optical_A-F00870-D002,Optical_A,870,8.700000000000001,8.701848359999714,"[645.45654296875, 456.4036865234375, 687.9244995117188, 464.65423583984375]","[666.6905212402344, 460.5289611816406]",1.0
Optical_A-F00870-D003,Optical_A,870,8.700000000000001,8.701848359999714,"[1046.3226318359375, 418.095947265625, 1086.4659423828125, 425.93585205078125]","[1066.394287109375, 422.0158996582031]",1.0
Optical_B-F00870-D000,Optical_B,870,8.700000000000001,8.701223401995959,"[223.26072692871094, 507.7135009765625, 259.88519287109375, 515.481201171875]","[241.57295989990234, 511.59735107421875]",1.0
Optical_B-F00870-D001,Optical_B,870,8.700000000000001,8.701223401995959,"[0.0, 277.1671142578125, 23.70014190673828, 286.4705810546875]","[11.85007095336914, 281.81884765625]",1.0
Optical_A-F00871-D000,Optical_A,871,8.71,8.711663072995144,"[103.09913635253906, 422.976806640625, 163.3399200439453, 434.87274169921875]","[133.2195281982422, 428.9247741699219]",1.0
Optical_A-F00871-D001,Optical_A,871,8.71,8.711663072995144,"[1030.0911865234375, 468.95672607421875, 1087.99853515625, 480.2025146484375]","[1059.0448608398438, 474.5796203613281]",1.0
Optical_A-F00871-D002,Optical_A,871,8.71,8.711663072995144,"[632.9083251953125, 615.0799560546875, 675.4041137695312, 623.4781494140625]","[654.1562194824219, 619.279052734375]",1.0
Optical_A-F00871-D003,Optical_A,871,8.71,8.711663072995144,"[226.82232666015625, 508.2027587890625, 262.2720642089844, 515.0838623046875]","[244.5471954345703, 511.643310546875]",1.0
Optical_B-F00871-D000,Optical_B,871,8.71,8.71151491399447,"[60.616302490234375, 478.75677490234375, 96.48242950439453, 486.26300048828125]","[78.54936599731445, 482.5098876953125]",1.0
Optical_B-F00871-D001,Optical_B,871,8.71,8.71151491399447,"[172.01881408691406, 673.6990966796875, 218.70086669921875, 683.7447509765625]","[195.3598403930664, 678.721923828125]",1.0
Optical_B-F00871-D002,Optical_B,871,8.71,8.71151491399447,"[764.7986450195312, 277.1798095703125, 807.078369140625, 286.4886474609375]","[785.9385070800781, 281.834228515625]",1.0
Optical_B-F00871-D003,Optical_B,871,8.71,8.71151491399447,"[84.2446517944336, 771.376220703125, 133.42819213867188, 782.13330078125]","[108.83642196655273, 776.7547607421875]",1.0
Optical_A-F00872-D000,Optical_A,872,8.72,8.721892822008813,"[443.2975769042969, 667.6197509765625, 508.36773681640625, 680.7286376953125]","[475.83265686035156, 674.1741943359375]",1.0
Optical_A-F00872-D001,Optical_A,872,8.72,8.721892822008813,"[893.15087890625, 422.96197509765625, 953.3963012695312, 434.85870361328125]","[923.2735900878906, 428.91033935546875]",1.0
Optical_A-F00872-D002,Optical_A,872,8.72,8.721892822008813,"[727.5145263671875, 363.57568359375, 776.849365234375, 373.4525146484375]","[752.1819458007812, 368.51409912109375]",1.0
Optical_A-F00872-D003,Optical_A,872,8.72,8.721892822008813,"[1015.3099365234375, 508.20208740234375, 1050.7664794921875, 515.08447265625]","[1033.0382080078125, 511.6432800292969]",1.0
Optical_B-F00872-D000,Optical_B,872,8.72,8.721681857000222,"[845.5578002929688, 478.7562255859375, 881.4171142578125, 486.26318359375]","[863.4874572753906, 482.50970458984375]",1.0
Optical_B-F00872-D001,Optical_B,872,8.72,8.721681857000222,"[209.75491333007812, 403.64208984375, 252.89390563964844, 412.699951171875]","[231.32440948486328, 408.1710205078125]",1.0
Optical_B-F00872-D002,Optical_B,872,8.72,8.721681857000222,"[382.09088134765625, 539.6419677734375, 430.47021484375, 549.6944580078125]","[406.2805480957031, 544.668212890625]",1.0
Optical_B-F00872-D003,Optical_B,872,8.72,8.721681857000222,"[956.5474853515625, 673.7320556640625, 1003.2386474609375, 683.784423828125]","[979.89306640625, 678.7582397460938]",1.0
Optical_B-F00872-D004,Optical_B,872,8.72,8.721681857000222,"[868.6859130859375, 771.4046630859375, 917.8673095703125, 782.170654296875]","[893.276611328125, 776.7876586914062]",1.0
Optical_A-F00873-D000,Optical_A,873,8.73,8.732573662000942,"[1235.510986328125, 667.713134765625, 1280.0, 680.8267822265625]","[1257.7554931640625, 674.2699584960938]",1.0
Optical_A-F00873-D001,Optical_A,873,8.73,8.732573662000942,"[395.947998046875, 496.024169921875, 452.27667236328125, 507.12445068359375]","[424.1123352050781, 501.5743103027344]",1.0
Optical_A-F00873-D002,Optical_A,873,8.73,8.732573662000942,"[636.8975830078125, 278.0374755859375, 695.4629516601562, 290.05767822265625]","[666.1802673339844, 284.0475769042969]",1.0
Optical_A-F00873-D003,Optical_A,873,8.73,8.732573662000942,"[36.33323669433594, 393.9329833984375, 75.26744842529297, 401.7977294921875]","[55.80034255981445, 397.8653564453125]",1.0
Optical_A-F00873-D004,Optical_A,873,8.73,8.732573662000942,"[571.9620361328125, 481.242431640625, 607.1449584960938, 488.18719482421875]","[589.5534973144531, 484.7148132324219]",1.0
Optical_B-F00873-D000,Optical_B,873,8.73,8.732070139002172,"[994.2379760742188, 403.61529541015625, 1037.386962890625, 412.6776123046875]","[1015.8124694824219, 408.1464538574219]",1.0
Optical_B-F00873-D001,Optical_B,873,8.73,8.732070139002172,"[638.2199096679688, 317.65447998046875, 684.2151489257812, 327.4166259765625]","[661.217529296875, 322.5355529785156]",1.0
Optical_B-F00873-D002,Optical_B,873,8.73,8.732070139002172,"[134.2652130126953, 476.63092041015625, 181.8091583251953, 486.34063720703125]","[158.0371856689453, 481.48577880859375]",1.0
Optical_B-F00873-D003,Optical_B,873,8.73,8.732070139002172,"[1166.42626953125, 539.655029296875, 1214.8387451171875, 549.7132568359375]","[1190.6325073242188, 544.6841430664062]",1.0
Optical_B-F00873-D004,Optical_B,873,8.73,8.732070139002172,"[146.26243591308594, 642.911865234375, 204.7967529296875, 655.1165771484375]","[175.52959442138672, 649.0142211914062]",1.0
Optical_A-F00874-D000,Optical_A,874,8.74,8.742251177997096,"[42.75806427001953, 845.375, 107.81295776367188, 859.229736328125]","[75.2855110168457, 852.3023681640625]",1.0
Optical_A-F00874-D001,Optical_A,874,8.74,8.742251177997096,"[1187.177001953125, 496.01641845703125, 1243.55029296875, 507.12200927734375]","[1215.3636474609375, 501.5692138671875]",1.0
Optical_A-F00874-D002,Optical_A,874,8.74,8.742251177997096,"[115.91129302978516, 308.8865966796875, 159.42352294921875, 317.8988037109375]","[137.66740798950195, 313.3927001953125]",1.0
Optical_A-F00874-D003,Optical_A,874,8.74,8.742251177997096,"[0.0, 517.9310302734375, 6.2339019775390625, 526.004150390625]","[3.1169509887695312, 521.9675903320312]",1.0
Optical_A-F00874-D004,Optical_A,874,8.74,8.742251177997096,"[289.3919677734375, 417.98297119140625, 327.96502685546875, 425.78790283203125]","[308.6784973144531, 421.88543701171875]",1.0
Optical_A-F00874-D005,Optical_A,874,8.74,8.742251177997096,"[826.0098266601562, 393.93994140625, 864.9334106445312, 401.802734375]","[845.4716186523438, 397.871337890625]",1.0
Optical_A-F00874-D006,Optical_A,874,8.74,8.742251177997096,"[322.71966552734375, 315.050537109375, 359.7342529296875, 322.69024658203125]","[341.2269592285156, 318.8703918457031]",1.0
Optical_B-F00874-D000,Optical_B,874,8.74,8.741681891997578,"[236.09661865234375, 695.39501953125, 272.3568420410156, 702.95263671875]","[254.2267303466797, 699.173828125]",1.0
Optical_B-F00874-D001,Optical_B,874,8.74,8.741681891997578,"[448.83514404296875, 310.7060546875, 486.1098937988281, 318.51458740234375]","[467.47251892089844, 314.6103210449219]",1.0
Optical_B-F00874-D002,Optical_B,874,8.74,8.741681891997578,"[102.66284942626953, 450.4053955078125, 147.74365234375, 459.55084228515625]","[125.20325088500977, 454.9781188964844]",1.0
Optical_B-F00874-D003,Optical_B,874,8.74,8.741681891997578,"[916.7853393554688, 476.625732421875, 964.3336181640625, 486.33746337890625]","[940.5594787597656, 481.4815979003906]",1.0
Optical_B-F00874-D004,Optical_B,874,8.74,8.741681891997578,"[927.920654296875, 642.9378662109375, 986.4657592773438, 655.149169921875]","[957.1932067871094, 649.0435180664062]",1.0
Optical_A-F00875-D000,Optical_A,875,8.75,8.751889997991384,"[832.40234375, 845.42919921875, 897.4557495117188, 859.27734375]","[864.9290466308594, 852.353271484375]",1.0
Optical_A-F00875-D001,Optical_A,875,8.75,8.751889997991384,"[288.0205993652344, 426.1060791015625, 340.84600830078125, 436.88323974609375]","[314.4333038330078, 431.4946594238281]",1.0
Optical_A-F00875-D002,Optical_A,875,8.75,8.751889997991384,"[904.4360961914062, 308.8665771484375, 947.9490966796875, 317.8763427734375]","[926.1925964355469, 313.3714599609375]",1.0
Optical_A-F00875-D003,Optical_A,875,8.75,8.751889997991384,"[755.5517578125, 517.930419921875, 795.920654296875, 526.0023193359375]","[775.7362060546875, 521.9663696289062]",1.0
Optical_A-F00875-D004,Optical_A,875,8.75,8.751889997991384,"[1078.8980712890625, 417.9583740234375, 1117.486083984375, 425.7640380859375]","[1098.1920776367188, 421.8612060546875]",1.0
Optical_A-F00875-D005,Optical_A,875,8.75,8.751889997991384,"[380.6438903808594, 694.8607177734375, 416.8778991699219, 702.3985595703125]","[398.7608947753906, 698.629638671875]",1.0
Optical_B-F00875-D000,Optical_B,875,8.75,8.75290844400297,"[361.83660888671875, 417.58001708984375, 400.4774475097656, 425.41766357421875]","[381.1570281982422, 421.49884033203125]",1.0
Optical_B-F00875-D001,Optical_B,875,8.75,8.75290844400297,"[616.4081420898438, 391.43865966796875, 655.6705322265625, 399.469970703125]","[636.0393371582031, 395.4543151855469]",1.0
Optical_B-F00875-D002,Optical_B,875,8.75,8.75290844400297,"[1019.392822265625, 695.4285888671875, 1055.6634521484375, 702.99072265625]","[1037.5281372070312, 699.2096557617188]",1.0
Optical_B-F00875-D003,Optical_B,875,8.75,8.75290844400297,"[1232.130615234375, 310.61077880859375, 1269.4334716796875, 318.42633056640625]","[1250.7820434570312, 314.5185546875]",1.0
Optical_B-F00875-D004,Optical_B,875,8.75,8.75290844400297,"[886.7086791992188, 450.39849853515625, 931.7882690429688, 459.5460205078125]","[909.2484741210938, 454.9722595214844]",1.0
Optical_B-F00875-D005,Optical_B,875,8.75,8.75290844400297,"[311.9955749511719, 622.3948974609375, 356.19049072265625, 631.396240234375]","[334.09303283691406, 626.8955688476562]",1.0
Optical_A-F00876-D000,Optical_A,876,8.76,8.761560279997648,"[206.2775421142578, 443.39129638671875, 262.5430908203125, 454.974609375]","[234.41031646728516, 449.1829528808594]",1.0
Optical_A-F00876-D001,Optical_A,876,8.76,8.761560279997648,"[1076.839111328125, 426.07373046875, 1129.69091796875, 436.85333251953125]","[1103.2650146484375, 431.4635314941406]",1.0
Optical_A-F00876-D002,Optical_A,876,8.76,8.761560279997648,"[577.2926025390625, 398.4598388671875, 618.4807739257812, 406.97021484375]","[597.8866882324219, 402.71502685546875]",1.0
Optical_A-F00876-D003,Optical_A,876,8.76,8.761560279997648,"[1168.6917724609375, 694.934814453125, 1204.9476318359375, 702.472900390625]","[1186.8197021484375, 698.703857421875]",1.0
Optical_B-F00876-D000,Optical_B,876,8.76,8.761613404005184,"[1146.10498046875, 417.5430908203125, 1184.7674560546875, 425.38519287109375]","[1165.4362182617188, 421.4641418457031]",1.0
Optical_B-F00876-D001,Optical_B,876,8.76,8.761613404005184,"[1094.5472412109375, 622.4296875, 1138.763427734375, 631.4361572265625]","[1116.6553344726562, 626.9329223632812]",1.0
Optical_A-F00877-D000,Optical_A,877,8.77,8.773481901992927,"[996.8890991210938, 443.3729248046875, 1053.1728515625, 454.957763671875]","[1025.0309753417969, 449.16534423828125]",1.0
Optical_A-F00877-D001,Optical_A,877,8.77,8.773481901992927,"[486.27081298828125, 509.56134033203125, 524.6947631835938, 517.4461669921875]","[505.4827880859375, 513.5037536621094]",1.0
Optical_B-F00877-D000,Optical_B,877,8.77,8.771930601996718,"[736.4810791015625, 517.7667236328125, 776.3595581054688, 525.61572265625]","[756.4203186035156, 521.6912231445312]",1.0
Optical_B-F00877-D001,Optical_B,877,8.77,8.771930601996718,"[0.0, 573.8206787109375, 44.352455139160156, 583.4571533203125]","[22.176227569580078, 578.638916015625]",1.0
Optical_B-F00877-D002,Optical_B,877,8.77,8.771930601996718,"[144.951904296875, 756.7137451171875, 198.64540100097656, 767.7303466796875]","[171.79865264892578, 762.2220458984375]",1.0
Optical_A-F00878-D000,Optical_A,878,8.78,8.78147575000301,"[663.2061157226562, 480.0997314453125, 717.2949829101562, 491.36126708984375]","[690.2505493164062, 485.7304992675781]",1.0
Optical_A-F00878-D001,Optical_A,878,8.78,8.78147575000301,"[484.6018981933594, 541.8724365234375, 522.4720458984375, 549.794921875]","[503.53697204589844, 545.8336791992188]",1.0
Optical_A-F00878-D002,Optical_A,878,8.78,8.78147575000301,"[1274.1724853515625, 509.55999755859375, 1280.0, 517.4490966796875]","[1277.0862426757812, 513.5045471191406]",1.0
Optical_B-F00878-D000,Optical_B,878,8.78,8.782023369001108,"[554.6322021484375, 539.07421875, 591.298583984375, 546.252685546875]","[572.9653930664062, 542.6634521484375]",1.0
Optical_B-F00878-D001,Optical_B,878,8.78,8.782023369001108,"[355.56005859375, 406.6473388671875, 395.364990234375, 414.53814697265625]","[375.4625244140625, 410.5927429199219]",1.0
Optical_B-F00878-D002,Optical_B,878,8.78,8.782023369001108,"[99.80884552001953, 320.56597900390625, 141.96185302734375, 329.046630859375]","[120.88534927368164, 324.8063049316406]",1.0
Optical_B-F00878-D003,Optical_B,878,8.78,8.782023369001108,"[778.9252319335938, 573.8184814453125, 827.6885375976562, 583.4556884765625]","[803.306884765625, 578.6370849609375]",1.0
Optical_B-F00878-D004,Optical_B,878,8.78,8.782023369001108,"[714.750732421875, 675.5386962890625, 765.2743530273438, 685.72412109375]","[740.0125427246094, 680.6314086914062]",1.0
Optical_B-F00878-D005,Optical_B,878,8.78,8.782023369001108,"[926.3619995117188, 756.7484130859375, 980.0595092773438, 767.7708740234375]","[953.2107543945312, 762.2596435546875]",1.0
Optical_A-F00879-D000,Optical_A,879,8.790000000000001,8.791737528989907,"[564.3267211914062, 336.5535888671875, 604.2835083007812, 345.2413330078125]","[584.3051147460938, 340.8974609375]",1.0
Optical_A-F00879-D001,Optical_A,879,8.790000000000001,8.791737528989907,"[718.0736083984375, 348.1373291015625, 759.8668823242188, 357.17803955078125]","[738.9702453613281, 352.6576843261719]",1.0
Optical_A-F00879-D002,Optical_A,879,8.790000000000001,8.791737528989907,"[1273.6412353515625, 541.888671875, 1280.0, 549.814697265625]","[1276.8206176757812, 545.8516845703125]",1.0
Optical_B-F00879-D000,Optical_B,879,8.790000000000001,8.794053862998263,"[1139.29541015625, 406.60797119140625, 1179.1224365234375, 414.50286865234375]","[1159.2089233398438, 410.555419921875]",1.0
Optical_B-F00879-D001,Optical_B,879,8.790000000000001,8.794053862998263,"[882.1314697265625, 320.55963134765625, 924.2808837890625, 329.04266357421875]","[903.2061767578125, 324.8011474609375]",1.0
Optical_B-F00880-D000,Optical_B,880,8.8,8.80147730599565,"[564.7223510742188, 361.0528564453125, 602.3910522460938, 368.51397705078125]","[583.5567016601562, 364.7834167480469]",1.0
Optical_B-F00880-D001,Optical_B,880,8.8,8.80147730599565,"[366.994873046875, 369.9217529296875, 414.8448181152344, 379.3682861328125]","[390.9198455810547, 374.64501953125]",1.0
Optical_B-F00880-D002,Optical_B,880,8.8,8.80147730599565,"[295.5006103515625, 750.712890625, 355.3897705078125, 762.7869873046875]","[325.4451904296875, 756.7499389648438]",1.0
Optical_B-F00880-D003,Optical_B,880,8.8,8.80147730599565,"[132.31529235839844, 449.821533203125, 199.7486572265625, 462.89447021484375]","[166.03197479248047, 456.3580017089844]",1.0
Optical_B-F00881-D000,Optical_B,881,8.81,8.812086526001222,"[677.1771850585938, 373.45513916015625, 715.9410400390625, 381.0836181640625]","[696.5591125488281, 377.2693786621094]",1.0
Optical_B-F00881-D001,Optical_B,881,8.81,8.812086526001222,"[1148.525634765625, 369.867431640625, 1196.4039306640625, 379.31878662109375]","[1172.4647827148438, 374.5931091308594]",1.0
Optical_B-F00881-D002,Optical_B,881,8.81,8.812086526001222,"[1077.482666015625, 750.8056640625, 1137.402099609375, 762.8876953125]","[1107.4423828125, 756.8466796875]",1.0
Optical_B-F00881-D003,Optical_B,881,8.81,8.812086526001222,"[911.865234375, 449.8101806640625, 979.3052978515625, 462.88616943359375]","[945.5852661132812, 456.3481750488281]",1.0
Optical_B-F00884-D000,Optical_B,884,8.84,8.841415391991031,"[144.64508056640625, 498.68365478515625, 193.33554077148438, 507.934814453125]","[168.9903106689453, 503.3092346191406]",1.0
Optical_B-F00884-D001,Optical_B,884,8.84,8.841415391991031,"[542.7706298828125, 441.93646240234375, 588.3651123046875, 450.7091064453125]","[565.56787109375, 446.3227844238281]",1.0
Optical_B-F00884-D002,Optical_B,884,8.84,8.841415391991031,"[451.17620849609375, 473.591552734375, 503.6622314453125, 483.62042236328125]","[477.4192199707031, 478.6059875488281]",1.0
Optical_B-F00885-D000,Optical_B,885,8.85,8.851690488003078,"[926.6876220703125, 498.6820068359375, 975.3789672851562, 507.934326171875]","[951.0332946777344, 503.30816650390625]",1.0
Optical_B-F00885-D001,Optical_B,885,8.85,8.851690488003078,"[241.15676879882812, 321.056640625, 290.6021728515625, 330.80072021484375]","[265.8794708251953, 325.9286804199219]",1.0
Optical_B-F00885-D002,Optical_B,885,8.85,8.851690488003078,"[63.818016052246094, 437.94189453125, 115.13591766357422, 447.8145751953125]","[89.47696685791016, 442.87823486328125]",1.0
Optical_B-F00885-D003,Optical_B,885,8.85,8.851690488003078,"[1232.999755859375, 473.5712890625, 1280.0, 483.60552978515625]","[1256.4998779296875, 478.5884094238281]",1.0
Optical_B-F00885-D004,Optical_B,885,8.85,8.851690488003078,"[230.59371948242188, 533.245849609375, 287.38287353515625, 544.0753173828125]","[258.98829650878906, 538.6605834960938]",1.0
Optical_B-F00885-D005,Optical_B,885,8.85,8.851690488003078,"[699.2667236328125, 626.45703125, 758.5906372070312, 637.9935302734375]","[728.9286804199219, 632.2252807617188]",1.0
Optical_B-F00886-D000,Optical_B,886,8.86,8.861439472995116,"[491.888916015625, 460.33917236328125, 537.3055419921875, 469.0419921875]","[514.5972290039062, 464.6905822753906]",1.0
Optical_B-F00886-D001,Optical_B,886,8.86,8.861439472995116,"[557.72119140625, 488.373291015625, 601.4720458984375, 496.70782470703125]","[579.5966186523438, 492.5405578613281]",1.0
Optical_B-F00886-D002,Optical_B,886,8.86,8.861439472995116,"[1021.8673095703125, 321.02001953125, 1071.3212890625, 330.76593017578125]","[1046.5942993164062, 325.8929748535156]",1.0
Optical_B-F00886-D003,Optical_B,886,8.86,8.861439472995116,"[844.3298950195312, 437.94366455078125, 895.6353759765625, 447.8160400390625]","[869.9826354980469, 442.8798522949219]",1.0
Optical_B-F00887-D000,Optical_B,887,8.870000000000001,8.871138737003204,"[1274.0374755859375, 460.31182861328125, 1280.0, 469.0191650390625]","[1277.0187377929688, 464.6654968261719]",1.0
Optical_B-F00887-D001,Optical_B,887,8.870000000000001,8.871138737003204,"[0.0, 631.2301025390625, 32.380943298339844, 641.2012939453125]","[16.190471649169922, 636.2156982421875]",1.0
Optical_B-F00888-D000,Optical_B,888,8.88,8.881191064991873,"[110.987548828125, 748.501708984375, 159.19827270507812, 758.1612548828125]","[135.09291076660156, 753.3314819335938]",1.0
Optical_B-F00888-D001,Optical_B,888,8.88,8.881191064991873,"[762.716064453125, 631.2198486328125, 813.7823486328125, 641.1895751953125]","[788.2492065429688, 636.2047119140625]",1.0
Optical_B-F00889-D000,Optical_B,889,8.89,8.891259594995645,"[891.415283203125, 748.503173828125, 939.61767578125, 758.1611328125]","[915.5164794921875, 753.3321533203125]",1.0
Optical_B-F00911-D000,Optical_B,911,9.11,9.111395550993038,"[762.392333984375, 749.249755859375, 810.7176513671875, 758.939697265625]","[786.5549926757812, 754.0947265625]",1.0
Optical_B-F00912-D000,Optical_B,912,9.120000000000001,9.121966829004233,"[0.0, 749.358154296875, 18.522605895996094, 759.054443359375]","[9.261302947998047, 754.206298828125]",1.0
Optical_B-F00912-D001,Optical_B,912,9.120000000000001,9.121966829004233,"[643.4278564453125, 631.830322265625, 694.7357177734375, 641.8524169921875]","[669.081787109375, 636.8413696289062]",1.0
Optical_B-F00913-D000,Optical_B,913,9.13,9.13135159600177,"[1165.913818359375, 460.049560546875, 1211.5882568359375, 468.80145263671875]","[1188.7510375976562, 464.4255065917969]",1.0
Optical_B-F00913-D001,Optical_B,913,9.13,9.13135159600177,"[1208.547119140625, 488.2720947265625, 1252.490478515625, 496.64239501953125]","[1230.518798828125, 492.4572448730469]",1.0
Optical_B-F00914-D000,Optical_B,914,9.14,9.141670747995377,"[375.50225830078125, 460.04925537109375, 421.16766357421875, 468.80133056640625]","[398.3349609375, 464.42529296875]",1.0
Optical_B-F00914-D001,Optical_B,914,9.14,9.141670747995377,"[417.26171875, 488.2744140625, 461.191162109375, 496.6439208984375]","[439.2264404296875, 492.45916748046875]",1.0
Optical_B-F00914-D002,Optical_B,914,9.14,9.141670747995377,"[865.28076171875, 320.11669921875, 914.9620361328125, 329.910400390625]","[890.1213989257812, 325.0135498046875]",1.0
Optical_B-F00914-D003,Optical_B,914,9.14,9.141670747995377,"[680.956787109375, 437.58013916015625, 732.5057983398438, 447.50164794921875]","[706.7312927246094, 442.5408935546875]",1.0
Optical_B-F00914-D004,Optical_B,914,9.14,9.141670747995377,"[869.7879028320312, 533.4005126953125, 926.982666015625, 544.3092041015625]","[898.3852844238281, 538.8548583984375]",1.0
Optical_B-F00915-D000,Optical_B,915,9.15,9.151834917988163,"[800.880126953125, 498.59393310546875, 849.8950805664062, 507.907470703125]","[825.3876037597656, 503.2507019042969]",1.0
Optical_B-F00915-D001,Optical_B,915,9.15,9.151834917988163,"[1174.497314453125, 441.55535888671875, 1220.3607177734375, 450.37646484375]","[1197.4290161132812, 445.9659118652344]",1.0
Optical_B-F00915-D002,Optical_B,915,9.15,9.151834917988163,"[73.34747314453125, 320.04840087890625, 123.05618286132812, 329.8458251953125]","[98.20182800292969, 324.9471130371094]",1.0
Optical_B-F00915-D003,Optical_B,915,9.15,9.151834917988163,"[1099.3795166015625, 473.29681396484375, 1152.2857666015625, 483.4031982421875]","[1125.8326416015625, 478.3500061035156]",1.0
Optical_B-F00915-D004,Optical_B,915,9.15,9.151834917988163,"[78.3651351928711, 533.4095458984375, 135.59506225585938, 544.322998046875]","[106.98009872436523, 538.8662719726562]",1.0
Optical_B-F00915-D005,Optical_B,915,9.15,9.151834917988163,"[500.58837890625, 627.1815185546875, 560.2929077148438, 638.7928466796875]","[530.4406433105469, 632.9871826171875]",1.0
Optical_B-F00916-D000,Optical_B,916,9.16,9.161560379008879,"[10.393104553222656, 498.58740234375, 59.44438934326172, 507.90545654296875]","[34.91874694824219, 503.2464294433594]",1.0
Optical_B-F00916-D001,Optical_B,916,9.16,9.161560379008879,"[383.26788330078125, 441.55804443359375, 429.1197509765625, 450.37872314453125]","[406.1938171386719, 445.9683837890625]",1.0
Optical_B-F00916-D002,Optical_B,916,9.16,9.161560379008879,"[308.6943359375, 473.29193115234375, 361.6009521484375, 483.3995361328125]","[335.14764404296875, 478.3457336425781]",1.0
Optical_B-F00919-D000,Optical_B,919,9.19,9.191540786994155,"[1248.1630859375, 359.87884521484375, 1280.0, 367.4007568359375]","[1264.08154296875, 363.6398010253906]",1.0
Optical_B-F00919-D001,Optical_B,919,9.19,9.191540786994155,"[529.06884765625, 372.61175537109375, 568.099365234375, 380.2879638671875]","[548.5841064453125, 376.4498596191406]",1.0
Optical_B-F00919-D002,Optical_B,919,9.19,9.191540786994155,"[968.4100952148438, 368.79425048828125, 1016.6970825195312, 378.3189697265625]","[992.5535888671875, 373.5566101074219]",1.0
Optical_B-F00919-D003,Optical_B,919,9.19,9.191540786994155,"[914.5946655273438, 753.5245361328125, 975.2510986328125, 765.7509765625]","[944.9228820800781, 759.6377563476562]",1.0
Optical_B-F00919-D004,Optical_B,919,9.19,9.191540786994155,"[655.1587524414062, 449.1473388671875, 723.41162109375, 462.3641357421875]","[689.2851867675781, 455.7557373046875]",1.0
Optical_B-F00920-D000,Optical_B,920,9.200000000000001,9.201398185006111,"[459.234375, 359.89495849609375, 497.21978759765625, 367.41497802734375]","[478.2270812988281, 363.65496826171875]",1.0
Optical_B-F00920-D001,Optical_B,920,9.200000000000001,9.201398185006111,"[124.02240753173828, 753.6263427734375, 184.7132568359375, 765.8553466796875]","[154.3678321838379, 759.7408447265625]",1.0
Optical_A-F00921-D000,Optical_A,921,9.21,9.21156254299509,"[681.8134155273438, 334.87158203125, 722.242431640625, 343.6451416015625]","[702.0279235839844, 339.25836181640625]",1.0
Optical_A-F00921-D001,Optical_A,921,9.21,9.21156254299509,"[779.1866455078125, 346.3511962890625, 821.4847412109375, 355.4932861328125]","[800.335693359375, 350.9222412109375]",1.0
Optical_B-F00921-D000,Optical_B,921,9.21,9.211540053010104,"[1241.9832763671875, 539.308837890625, 1279.0118408203125, 546.55029296875]","[1260.49755859375, 542.9295654296875]",1.0
Optical_B-F00921-D001,Optical_B,921,9.21,9.211540053010104,"[1032.697021484375, 405.68511962890625, 1072.906005859375, 413.6505126953125]","[1052.801513671875, 409.6678161621094]",1.0
Optical_B-F00921-D002,Optical_B,921,9.21,9.211540053010104,"[715.251220703125, 319.05517578125, 757.787841796875, 327.60736083984375]","[736.51953125, 323.3312683105469]",1.0
Optical_A-F00922-D000,Optical_A,922,9.22,9.221569378000568,"[755.8847045898438, 479.63629150390625, 810.8486938476562, 491.0621337890625]","[783.36669921875, 485.3492126464844]",1.0
Optical_A-F00922-D001,Optical_A,922,9.22,9.221569378000568,"[0.0, 346.25799560546875, 36.68682098388672, 355.40924072265625]","[18.34341049194336, 350.8336181640625]",1.0
Optical_A-F00922-D002,Optical_A,922,9.22,9.221569378000568,"[606.2967529296875, 542.1480712890625, 644.6005859375, 550.1441650390625]","[625.4486694335938, 546.1461181640625]",1.0
Optical_B-F00922-D000,Optical_B,922,9.22,9.221959504006664,"[453.3695983886719, 539.3065185546875, 490.3860168457031, 546.5469970703125]","[471.8778076171875, 542.9267578125]",1.0
Optical_B-F00922-D001,Optical_B,922,9.22,9.221959504006664,"[243.8988037109375, 405.66583251953125, 284.1156005859375, 413.631591796875]","[264.0072021484375, 409.6487121582031]",1.0
Optical_B-F00922-D002,Optical_B,922,9.22,9.221959504006664,"[814.02197265625, 509.72137451171875, 851.7703247070312, 517.0887451171875]","[832.8961486816406, 513.4050598144531]",1.0
Optical_B-F00922-D003,Optical_B,922,9.22,9.221959504006664,"[646.15185546875, 574.527099609375, 695.5343017578125, 584.2763671875]","[670.8430786132812, 579.4017333984375]",1.0
Optical_B-F00922-D004,Optical_B,922,9.22,9.221959504006664,"[710.23291015625, 759.40625, 764.6239624023438, 770.554443359375]","[737.4284362792969, 764.9803466796875]",1.0
Optical_A-F00923-D000,Optical_A,923,9.23,9.231672476995737,"[1200.8193359375, 442.4207763671875, 1258.0706787109375, 454.16815185546875]","[1229.4450073242188, 448.2944641113281]",1.0
Optical_A-F00923-D001,Optical_A,923,9.23,9.231672476995737,"[0.0, 479.61505126953125, 26.718521118164062, 491.04901123046875]","[13.359260559082031, 485.33203125]",1.0
Optical_A-F00923-D002,Optical_A,923,9.23,9.231672476995737,"[560.5963745117188, 509.53564453125, 599.4713134765625, 517.5035400390625]","[580.0338439941406, 513.5195922851562]",1.0
Optical_B-F00923-D000,Optical_B,923,9.23,9.231633064995986,"[24.274330139160156, 509.72039794921875, 62.04994201660156, 517.0909423828125]","[43.16213607788086, 513.4056701660156]",1.0
Optical_B-F00923-D001,Optical_B,923,9.23,9.231633064995986,"[629.6859130859375, 517.824462890625, 670.0090942382812, 525.752197265625]","[649.8475036621094, 521.788330078125]",1.0
Optical_A-F00924-D000,Optical_A,924,9.24,9.241625486998819,"[419.0412902832031, 442.4163818359375, 476.2835998535156, 454.1661376953125]","[447.6624450683594, 448.291259765625]",1.0
Optical_A-F00924-D001,Optical_A,924,9.24,9.241625486998819,"[1202.0579833984375, 424.80706787109375, 1255.7864990234375, 435.74786376953125]","[1228.9222412109375, 430.2774658203125]",1.0
Optical_A-F00924-D002,Optical_A,924,9.24,9.241625486998819,"[735.4495849609375, 397.28997802734375, 777.158935546875, 405.88983154296875]","[756.3042602539062, 401.58990478515625]",1.0
Optical_A-F00924-D003,Optical_A,924,9.24,9.241625486998819,"[1255.021240234375, 696.770751953125, 1280.0, 704.38720703125]","[1267.5106201171875, 700.5789794921875]",1.0
Optical_B-F00924-D000,Optical_B,924,9.24,9.241417396997567,"[1048.9112548828125, 416.55938720703125, 1088.0223388671875, 424.48455810546875]","[1068.466796875, 420.52197265625]",1.0
Optical_B-F00924-D001,Optical_B,924,9.24,9.241417396997567,"[914.6100463867188, 623.5811767578125, 959.3832397460938, 632.683837890625]","[936.9966430664062, 628.1325073242188]",1.0
Optical_A-F00925-D000,Optical_A,925,9.25,9.252465939003741,"[1002.4695434570312, 851.62841796875, 1068.8843994140625, 865.7510986328125]","[1035.6769714355469, 858.6897583007812]",1.0
Optical_A-F00925-D001,Optical_A,925,9.25,9.252465939003741,"[418.42340087890625, 424.80096435546875, 472.14337158203125, 435.744384765625]","[445.28338623046875, 430.2726745605469]",1.0
Optical_A-F00925-D002,Optical_A,925,9.25,9.252465939003741,"[1018.308837890625, 306.3524169921875, 1062.425048828125, 315.47796630859375]","[1040.366943359375, 310.9151916503906]",1.0
Optical_A-F00925-D003,Optical_A,925,9.25,9.252465939003741,"[924.746337890625, 517.9906005859375, 965.6181640625, 526.144775390625]","[945.1822509765625, 522.0676879882812]",1.0
Optical_A-F00925-D004,Optical_A,925,9.25,9.252465939003741,"[1242.983642578125, 417.04840087890625, 1280.0, 424.930908203125]","[1261.4918212890625, 420.9896545410156]",1.0
Optical_A-F00925-D005,Optical_A,925,9.25,9.252465939003741,"[470.53082275390625, 696.751708984375, 507.1831970214844, 704.3704833984375]","[488.8570098876953, 700.5610961914062]",1.0
Optical_A-F00925-D006,Optical_A,925,9.25,9.252465939003741,"[1209.5753173828125, 312.92218017578125, 1247.0440673828125, 320.644775390625]","[1228.3096923828125, 316.7834777832031]",1.0
Optical_B-F00925-D000,Optical_B,925,9.25,9.25177836099465,"[260.60858154296875, 416.54339599609375, 299.7264099121094, 424.46856689453125]","[280.16749572753906, 420.5059814453125]",1.0
Optical_B-F00925-D001,Optical_B,925,9.25,9.25177836099465,"[516.0313720703125, 390.0888671875, 555.78515625, 398.212158203125]","[535.9082641601562, 394.1505126953125]",1.0
Optical_B-F00925-D002,Optical_B,925,9.25,9.25177836099465,"[870.9121704101562, 697.112548828125, 907.588134765625, 704.746826171875]","[889.2501525878906, 700.9296875]",1.0
Optical_B-F00925-D003,Optical_B,925,9.25,9.25177836099465,"[1080.952392578125, 308.7003173828125, 1118.6859130859375, 316.59283447265625]","[1099.8191528320312, 312.6465759277344]",1.0
Optical_B-F00925-D004,Optical_B,925,9.25,9.25177836099465,"[774.3261108398438, 449.60223388671875, 820.0562133789062, 458.8692626953125]","[797.191162109375, 454.2357482910156]",1.0
Optical_B-F00925-D005,Optical_B,925,9.25,9.25177836099465,"[124.54689025878906, 623.6204833984375, 169.3437957763672, 632.72412109375]","[146.94534301757812, 628.1723022460938]",1.0
Optical_A-F00926-D000,Optical_A,926,9.26,9.261988609001273,"[219.68106079101562, 851.747802734375, 286.12139892578125, 865.885009765625]","[252.90122985839844, 858.81640625]",1.0
Optical_A-F00926-D001,Optical_A,926,9.26,9.261988609001273,"[234.36093139648438, 306.30218505859375, 278.48834228515625, 315.43341064453125]","[256.4246368408203, 310.8677978515625]",1.0
Optical_A-F00926-D002,Optical_A,926,9.26,9.261988609001273,"[141.8963623046875, 517.992431640625, 182.78709411621094, 526.1492919921875]","[162.34172821044922, 522.0708618164062]",1.0
Optical_A-F00926-D003,Optical_A,926,9.26,9.261988609001273,"[459.98663330078125, 417.05706787109375, 499.0182800292969, 424.940185546875]","[479.50245666503906, 420.9986267089844]",1.0
Optical_A-F00926-D004,Optical_A,926,9.26,9.261988609001273,"[1002.3546142578125, 392.77410888671875, 1041.74560546875, 400.71624755859375]","[1022.0501098632812, 396.74517822265625]",1.0
Optical_A-F00926-D005,Optical_A,926,9.26,9.261988609001273,"[425.2732849121094, 312.92828369140625, 462.7331848144531, 320.6534423828125]","[444.00323486328125, 316.7908630371094]",1.0
Optical_B-F00926-D000,Optical_B,926,9.26,9.26172276700323,"[81.64276123046875, 697.18212890625, 118.34003448486328, 704.816162109375]","[99.99139785766602, 700.9991455078125]",1.0
Optical_B-F00926-D001,Optical_B,926,9.26,9.26172276700323,"[291.6601257324219, 308.67974853515625, 329.3966064453125, 316.56976318359375]","[310.5283660888672, 312.624755859375]",1.0
Optical_B-F00926-D002,Optical_B,926,9.26,9.26172276700323,"[0.0, 449.56805419921875, 31.495399475097656, 458.83917236328125]","[15.747699737548828, 454.20361328125]",1.0
Optical_B-F00926-D003,Optical_B,926,9.26,9.26172276700323,"[720.3572998046875, 476.16693115234375, 768.660400390625, 486.0052490234375]","[744.5088500976562, 481.0860900878906]",1.0
Optical_B-F00926-D004,Optical_B,926,9.26,9.26172276700323,"[685.4312744140625, 645.0313720703125, 745.1264038085938, 657.443359375]","[715.2788391113281, 651.2373657226562]",1.0
Optical_A-F00927-D000,Optical_A,927,9.27,9.272068866000627,"[666.2998046875, 495.79229736328125, 723.6104736328125, 507.0538330078125]","[694.9551391601562, 501.4230651855469]",1.0
Optical_A-F00927-D001,Optical_A,927,9.27,9.272068866000627,"[823.5899658203125, 273.97210693359375, 883.289794921875, 286.2103271484375]","[853.4398803710938, 280.0912170410156]",1.0
Optical_A-F00927-D002,Optical_A,927,9.27,9.272068866000627,"[219.51718139648438, 392.74951171875, 258.91741943359375, 400.69482421875]","[239.21730041503906, 396.72216796875]",1.0
Optical_A-F00927-D003,Optical_A,927,9.27,9.272068866000627,"[741.2122192382812, 480.9656982421875, 776.7752075195312, 487.97320556640625]","[758.9937133789062, 484.4694519042969]",1.0
Optical_B-F00927-D000,Optical_B,927,9.27,9.27159050799266,"[898.27685546875, 402.09747314453125, 942.0966796875, 411.2891845703125]","[920.186767578125, 406.6933288574219]",1.0
Optical_B-F00927-D001,Optical_B,927,9.27,9.27159050799266,"[531.1422119140625, 314.767333984375, 577.8997192382812, 324.6796875]","[554.5209655761719, 319.7235107421875]",1.0
Optical_B-F00927-D002,Optical_B,927,9.27,9.27159050799266,"[1060.9722900390625, 540.0908203125, 1110.2325439453125, 550.3087158203125]","[1085.6024169921875, 545.1997680664062]",1.0
Optical_A-F00928-D000,Optical_A,928,9.28,9.282077745011774,"[779.4488525390625, 670.2373046875, 845.8214111328125, 683.57421875]","[812.6351318359375, 676.90576171875]",1.0
Optical_A-F00928-D001,Optical_A,928,9.28,9.282077745011774,"[40.79822540283203, 273.84051513671875, 100.54546356201172, 286.0899658203125]","[70.67184448242188, 279.9652404785156]",1.0
Optical_A-F00928-D002,Optical_A,928,9.28,9.282077745011774,"[1109.4029541015625, 421.34979248046875, 1170.8616943359375, 433.46533203125]","[1140.13232421875, 427.4075622558594]",1.0
Optical_A-F00928-D003,Optical_A,928,9.28,9.282077745011774,"[901.87548828125, 361.3790283203125, 952.021484375, 371.4061279296875]","[926.948486328125, 366.392578125]",1.0
Optical_A-F00928-D004,Optical_A,928,9.28,9.282077745011774,"[1142.8212890625, 508.1619873046875, 1178.69482421875, 515.1170654296875]","[1160.758056640625, 511.6395263671875]",1.0
Optical_B-F00928-D000,Optical_B,928,9.28,9.281605075987754,"[769.8961791992188, 478.3477783203125, 806.2442016601562, 485.9473876953125]","[788.0701904296875, 482.1475830078125]",1.0
Optical_B-F00928-D001,Optical_B,928,9.28,9.281605075987754,"[110.2178955078125, 402.05438232421875, 154.06277465820312, 411.2474365234375]","[132.1403350830078, 406.6509094238281]",1.0
Optical_B-F00928-D002,Optical_B,928,9.28,9.281605075987754,"[272.75311279296875, 540.09765625, 322.02386474609375, 550.31689453125]","[297.38848876953125, 545.207275390625]",1.0
Optical_B-F00928-D003,Optical_B,928,9.28,9.281605075987754,"[859.23193359375, 676.3302001953125, 906.7565307617188, 686.54931640625]","[882.9942321777344, 681.4397583007812]",1.0
Optical_B-F00928-D004,Optical_B,928,9.28,9.281605075987754,"[764.7606201171875, 775.790771484375, 814.8670654296875, 786.7479248046875]","[789.8138427734375, 781.2693481445312]",1.0
Optical_A-F00929-D000,Optical_A,929,9.290000000000001,9.291662087990554,"[0.0, 670.325927734375, 65.67424774169922, 683.6737060546875]","[32.83712387084961, 676.9998168945312]",1.0
Optical_A-F00929-D001,Optical_A,929,9.290000000000001,9.291662087990554,"[327.09405517578125, 421.3323974609375, 388.55615234375, 433.4515380859375]","[357.8251037597656, 427.3919677734375]",1.0
Optical_A-F00929-D002,Optical_A,929,9.290000000000001,9.291662087990554,"[118.77983093261719, 361.3187255859375, 168.953125, 371.351806640625]","[143.8664779663086, 366.33526611328125]",1.0
Optical_A-F00929-D003,Optical_A,929,9.290000000000001,9.291662087990554,"[796.2496948242188, 616.407470703125, 839.3484497070312, 624.9163818359375]","[817.799072265625, 620.6619262695312]",1.0
Optical_A-F00929-D004,Optical_A,929,9.290000000000001,9.291662087990554,"[358.8716125488281, 508.161865234375, 394.7400207519531, 515.1170654296875]","[376.8058166503906, 511.63946533203125]",1.0
Optical_B-F00929-D000,Optical_B,929,9.290000000000001,9.291633899999434,"[0.0, 478.330322265625, 18.588829040527344, 485.933349609375]","[9.294414520263672, 482.1318359375]",1.0
Optical_B-F00929-D001,Optical_B,929,9.290000000000001,9.291633899999434,"[860.3549194335938, 507.6600341796875, 897.5426635742188, 515.524658203125]","[878.9487915039062, 511.59234619140625]",1.0
Optical_B-F00929-D002,Optical_B,929,9.290000000000001,9.291633899999434,"[71.1972427368164, 676.410888671875, 118.75354766845703, 686.63037109375]","[94.97539520263672, 681.5206298828125]",1.0
Optical_B-F00929-D003,Optical_B,929,9.290000000000001,9.291633899999434,"[592.60986328125, 273.8695068359375, 635.6259155273438, 283.3150634765625]","[614.1178894042969, 278.59228515625]",1.0
Optical_B-F00929-D004,Optical_B,929,9.290000000000001,9.291633899999434,"[0.0, 775.955322265625, 26.70379638671875, 786.911865234375]","[13.351898193359375, 781.43359375]",1.0
Optical_A-F00930-D000,Optical_A,930,9.3,9.301718216008158,"[575.8526000976562, 468.3218994140625, 634.7416381835938, 479.73504638671875]","[605.297119140625, 474.0284729003906]",1.0
Optical_A-F00930-D001,Optical_A,930,9.3,9.301718216008158,"[966.6180419921875, 571.4700927734375, 1014.2991943359375, 580.73779296875]","[990.4586181640625, 576.1039428710938]",1.0
Optical_A-F00930-D002,Optical_A,930,9.3,9.301718216008158,"[895.9034423828125, 455.79510498046875, 938.9065551757812, 464.1368408203125]","[917.4049987792969, 459.9659729003906]",1.0
Optical_A-F00930-D003,Optical_A,930,9.3,9.301718216008158,"[12.809829711914062, 616.4580078125, 55.94196319580078, 624.97216796875]","[34.37589645385742, 620.715087890625]",1.0
Optical_B-F00930-D000,Optical_B,930,9.3,9.301347002995318,"[71.52595520019531, 507.6583251953125, 108.73741149902344, 515.5260009765625]","[90.13168334960938, 511.5921630859375]",1.0
Optical_A-F00931-D000,Optical_A,931,9.31,9.312416105999146,"[185.08892822265625, 571.4847412109375, 232.78598022460938, 580.7552490234375]","[208.9374542236328, 576.1199951171875]",1.0
Optical_A-F00931-D001,Optical_A,931,9.31,9.312416105999146,"[868.973876953125, 666.469482421875, 917.6331787109375, 676.0770263671875]","[893.3035278320312, 671.2732543945312]",1.0
Optical_A-F00931-D002,Optical_A,931,9.31,9.312416105999146,"[113.88530731201172, 455.7767333984375, 156.91058349609375, 464.12164306640625]","[135.39794540405273, 459.9491882324219]",1.0
Optical_A-F00931-D003,Optical_A,931,9.31,9.312416105999146,"[504.16680908203125, 417.14385986328125, 544.7684326171875, 425.0654296875]","[524.4676208496094, 421.1046447753906]",1.0
Optical_A-F00931-D004,Optical_A,931,9.31,9.312416105999146,"[1128.8543701171875, 314.3309326171875, 1168.1988525390625, 322.14306640625]","[1148.526611328125, 318.23699951171875]",1.0
Optical_A-F00932-D000,Optical_A,932,9.32,9.321584832003573,"[1030.1524658203125, 535.6549072265625, 1093.1622314453125, 547.7210693359375]","[1061.6573486328125, 541.68798828125]",1.0
Optical_A-F00932-D001,Optical_A,932,9.32,9.321584832003573,"[86.28868103027344, 666.5323486328125, 134.97576904296875, 676.1451416015625]","[110.6322250366211, 671.3387451171875]",1.0
Optical_A-F00932-D002,Optical_A,932,9.32,9.321584832003573,"[882.4168701171875, 481.669921875, 925.8837890625, 489.99298095703125]","[904.1503295898438, 485.8314514160156]",1.0
Optical_A-F00932-D003,Optical_A,932,9.32,9.321584832003573,"[345.54925537109375, 314.3214111328125, 384.88983154296875, 322.135009765625]","[365.21954345703125, 318.22821044921875]",1.0
Optical_A-F00933-D000,Optical_A,933,9.33,9.331914659995237,"[250.45181274414062, 535.65966796875, 313.47491455078125, 547.728515625]","[281.96336364746094, 541.694091796875]",1.0
Optical_A-F00933-D001,Optical_A,933,9.33,9.331914659995237,"[737.6396484375, 731.6590576171875, 787.1409912109375, 741.5115966796875]","[762.3903198242188, 736.5853271484375]",1.0
Optical_A-F00933-D002,Optical_A,933,9.33,9.331914659995237,"[99.48589324951172, 481.65869140625, 142.97569274902344, 489.9849853515625]","[121.23079299926758, 485.82183837890625]",1.0
Optical_A-F00933-D003,Optical_A,933,9.33,9.331914659995237,"[1197.74609375, 534.4525146484375, 1240.488037109375, 542.6109619140625]","[1219.1170654296875, 538.53173828125]",1.0
Optical_A-F00933-D004,Optical_A,933,9.33,9.331914659995237,"[949.165283203125, 643.26953125, 990.7769775390625, 651.3984375]","[969.9711303710938, 647.333984375]",1.0
Optical_A-F00934-D000,Optical_A,934,9.34,9.342203474999987,"[612.1820678710938, 632.26513671875, 674.4766845703125, 644.402587890625]","[643.3293762207031, 638.3338623046875]",1.0
Optical_A-F00934-D001,Optical_A,934,9.34,9.342203474999987,"[0.0, 731.783447265625, 4.790000915527344, 741.642578125]","[2.395000457763672, 736.7130126953125]",1.0
Optical_A-F00934-D002,Optical_A,934,9.34,9.342203474999987,"[416.044921875, 534.4508056640625, 458.7749938964844, 542.608642578125]","[437.4099578857422, 538.5297241210938]",1.0
Optical_A-F00934-D003,Optical_A,934,9.34,9.342203474999987,"[167.33489990234375, 643.2998046875, 208.9586639404297, 651.4310302734375]","[188.14678192138672, 647.3654174804688]",1.0
Optical_A-F00934-D004,Optical_A,934,9.34,9.342203474999987,"[1037.6717529296875, 716.4180908203125, 1080.2222900390625, 724.843505859375]","[1058.947021484375, 720.6307983398438]",1.0
Optical_A-F00935-D000,Optical_A,935,9.35,9.351422272005584,"[787.2555541992188, 726.5419921875, 841.7005615234375, 737.345703125]","[814.4780578613281, 731.94384765625]",1.0
Optical_A-F00935-D001,Optical_A,935,9.35,9.351422272005584,"[256.1523742675781, 716.442138671875, 298.7057189941406, 724.8687744140625]","[277.4290466308594, 720.6554565429688]",1.0
Optical_A-F00936-D000,Optical_A,936,9.36,9.36146331200085,"[6.989288330078125, 726.6405029296875, 61.473960876464844, 737.44921875]","[34.231624603271484, 732.0448608398438]",1.0
Optical_A-F00937-D000,Optical_A,937,9.370000000000001,9.371573455010658,"[843.4282836914062, 609.041748046875, 889.7842407226562, 618.0391845703125]","[866.6062622070312, 613.5404663085938]",1.0
Optical_A-F00938-D000,Optical_A,938,9.38,9.381597815004062,"[865.7921142578125, 461.36297607421875, 921.0423583984375, 471.99029541015625]","[893.417236328125, 466.6766357421875]",1.0
Optical_A-F00938-D001,Optical_A,938,9.38,9.381597815004062,"[61.50360107421875, 609.0809326171875, 107.8875732421875, 618.08154296875]","[84.69558715820312, 613.5812377929688]",1.0
Optical_A-F00939-D000,Optical_A,939,9.39,9.391353793006274,"[84.94209289550781, 461.3428955078125, 140.2233123779297, 471.97418212890625]","[112.58270263671875, 466.6585388183594]",1.0
Optical_A-F00961-D000,Optical_A,961,9.61,9.611597241003764,"[205.2928466796875, 461.0924072265625, 260.8164978027344, 471.77667236328125]","[233.05467224121094, 466.4345397949219]",1.0
Optical_A-F00962-D000,Optical_A,962,9.620000000000001,9.621869889994851,"[997.0486450195312, 461.081298828125, 1052.58154296875, 471.7681884765625]","[1024.8150939941406, 466.42474365234375]",1.0
Optical_A-F00962-D001,Optical_A,962,9.620000000000001,9.621869889994851,"[167.54600524902344, 609.5316162109375, 214.12673950195312, 618.574951171875]","[190.83637237548828, 614.0532836914062]",1.0
Optical_A-F00963-D000,Optical_A,963,9.63,9.631858310002718,"[958.2701416015625, 609.5440673828125, 1004.853515625, 618.5889892578125]","[981.5618286132812, 614.0665283203125]",1.0
Optical_A-F00964-D000,Optical_A,964,9.64,9.641794365001843,"[178.25115966796875, 727.757080078125, 233.01162719726562, 738.62451171875]","[205.6313934326172, 733.1907958984375]",1.0
Optical_A-F00965-D000,Optical_A,965,9.65,9.652137763003703,"[0.0, 633.377197265625, 50.90991973876953, 645.6302490234375]","[25.454959869384766, 639.5037231445312]",1.0
Optical_A-F00965-D001,Optical_A,965,9.65,9.652137763003703,"[970.680908203125, 727.78759765625, 1025.4454345703125, 738.6568603515625]","[998.0631713867188, 733.2222290039062]",1.0
Optical_A-F00965-D002,Optical_A,965,9.65,9.652137763003703,"[396.9549865722656, 717.3690185546875, 439.7039794921875, 725.8355712890625]","[418.32948303222656, 721.602294921875]",1.0
Optical_A-F00966-D000,Optical_A,966,9.66,9.663290378997917,"[779.5582275390625, 633.3778076171875, 842.4463500976562, 645.6307373046875]","[811.0022888183594, 639.5042724609375]",1.0
Optical_A-F00966-D001,Optical_A,966,9.66,9.663290378997917,"[83.4261703491211, 733.39990234375, 133.34896850585938, 743.3348388671875]","[108.38756942749023, 738.3673706054688]",1.0
Optical_A-F00966-D002,Optical_A,966,9.66,9.663290378997917,"[563.9014282226562, 534.564208984375, 606.8575439453125, 542.763671875]","[585.3794860839844, 538.6639404296875]",1.0
Optical_A-F00966-D003,Optical_A,966,9.66,9.663290378997917,"[310.1806335449219, 643.9462890625, 352.01959228515625, 652.11865234375]","[331.10011291503906, 648.032470703125]",1.0
Optical_A-F00966-D004,Optical_A,966,9.66,9.663290378997917,"[1187.8896484375, 717.445556640625, 1230.6651611328125, 725.9151611328125]","[1209.2774047851562, 721.6803588867188]",1.0
Optical_A-F00967-D000,Optical_A,967,9.67,9.672233848994365,"[475.62628173828125, 535.8548583984375, 539.209228515625, 548.0240478515625]","[507.4177551269531, 541.939453125]",1.0
Optical_A-F00967-D001,Optical_A,967,9.67,9.672233848994365,"[873.7562255859375, 733.413818359375, 923.672607421875, 743.3486328125]","[898.7144165039062, 738.3812255859375]",1.0
Optical_A-F00967-D002,Optical_A,967,9.67,9.672233848994365,"[37.997169494628906, 344.69622802734375, 80.55397033691406, 353.07861328125]","[59.275569915771484, 348.8874206542969]",1.0
Optical_A-F00967-D003,Optical_A,967,9.67,9.672233848994365,"[1100.9365234375, 643.9814453125, 1142.7918701171875, 652.1556396484375]","[1121.8641967773438, 648.0685424804688]",1.0
Optical_A-F00968-D000,Optical_A,968,9.68,9.68215652299812,"[1268.6409912109375, 535.8687744140625, 1280.0, 548.0447998046875]","[1274.3204956054688, 541.956787109375]",1.0
Optical_A-F00968-D001,Optical_A,968,9.68,9.68215652299812,"[216.6539306640625, 667.8521728515625, 265.7835388183594, 677.5498046875]","[241.21873474121094, 672.7009887695312]",1.0
Optical_A-F00968-D002,Optical_A,968,9.68,9.68215652299812,"[828.720947265625, 344.7078857421875, 871.2661743164062, 353.0888671875]","[849.9935607910156, 348.89837646484375]",1.0
Optical_A-F00968-D003,Optical_A,968,9.68,9.68215652299812,"[1004.36865234375, 481.439208984375, 1048.18701171875, 489.82586669921875]","[1026.27783203125, 485.6325378417969]",1.0
Optical_A-F00968-D004,Optical_A,968,9.68,9.68215652299812,"[452.3931884765625, 312.9583740234375, 492.0228576660156, 320.827880859375]","[472.20802307128906, 316.89312744140625]",1.0
Optical_A-F00969-D000,Optical_A,969,9.69,9.69227111201093,"[14.447402954101562, 467.879638671875, 74.03518676757812, 479.40948486328125]","[44.241294860839844, 473.6445617675781]",1.0
Optical_A-F00969-D001,Optical_A,969,9.69,9.69227111201093,"[364.7761535644531, 571.9310302734375, 412.876953125, 581.2720947265625]","[388.82655334472656, 576.6015625]",1.0
Optical_A-F00969-D002,Optical_A,969,9.69,9.69227111201093,"[1006.54833984375, 667.889404296875, 1055.690673828125, 677.5882568359375]","[1031.1195068359375, 672.7388305664062]",1.0
Optical_A-F00969-D003,Optical_A,969,9.69,9.69227111201093,"[275.4349060058594, 455.39569091796875, 318.7875671386719, 463.79766845703125]","[297.1112365722656, 459.5966796875]",1.0
Optical_A-F00969-D004,Optical_A,969,9.69,9.69227111201093,"[658.7288818359375, 416.5386962890625, 699.6231689453125, 424.51165771484375]","[679.176025390625, 420.5251770019531]",1.0
Optical_A-F00969-D005,Optical_A,969,9.69,9.69227111201093,"[1241.677490234375, 312.86370849609375, 1280.0, 320.73602294921875]","[1260.8387451171875, 316.79986572265625]",1.0
Optical_A-F00970-D000,Optical_A,970,9.700000000000001,9.701990913995543,"[806.556640625, 467.87994384765625, 866.1309814453125, 479.40936279296875]","[836.3438110351562, 473.6446533203125]",1.0
Optical_A-F00970-D001,Optical_A,970,9.700000000000001,9.701990913995543,"[1155.7757568359375, 571.9541015625, 1203.905517578125, 581.29833984375]","[1179.8406372070312, 576.626220703125]",1.0
Optical_A-F00970-D002,Optical_A,970,9.700000000000001,9.701990913995543,"[1065.9324951171875, 455.3819580078125, 1109.301025390625, 463.78564453125]","[1087.6167602539062, 459.58380126953125]",1.0
Optical_A-F00970-D003,Optical_A,970,9.700000000000001,9.701990913995543,"[128.0359649658203, 617.379150390625, 171.58302307128906, 625.9700927734375]","[149.8094940185547, 621.6746215820312]",1.0
Optical_B-F00970-D000,Optical_B,970,9.700000000000001,9.702000278007473,"[0.0, 507.62078857421875, 5.795097351074219, 515.5565185546875]","[2.8975486755371094, 511.5886535644531]",1.0
Optical_A-F00971-D000,Optical_A,971,9.71,9.711952918988537,"[259.11224365234375, 672.2969970703125, 326.5140380859375, 685.816650390625]","[292.8131408691406, 679.0568237304688]",1.0
Optical_A-F00971-D001,Optical_A,971,9.71,9.711952918988537,"[494.525146484375, 420.1031494140625, 556.90380859375, 432.3892822265625]","[525.7144775390625, 426.2462158203125]",1.0
Optical_A-F00971-D002,Optical_A,971,9.71,9.711952918988537,"[253.06304931640625, 359.65264892578125, 303.8459777832031, 369.79986572265625]","[278.4545135498047, 364.72625732421875]",1.0
Optical_A-F00971-D003,Optical_A,971,9.71,9.711952918988537,"[917.1837768554688, 617.390380859375, 960.7302856445312, 625.981201171875]","[938.95703125, 621.685791015625]",1.0
Optical_A-F00971-D004,Optical_A,971,9.71,9.711952918988537,"[456.2828063964844, 508.13165283203125, 492.463134765625, 515.1416015625]","[474.3729705810547, 511.6366271972656]",1.0
Optical_B-F00971-D000,Optical_B,971,9.71,9.7117914630007,"[751.9068603515625, 507.6212158203125, 789.5038452148438, 515.55615234375]","[770.7053527832031, 511.58868408203125]",1.0
Optical_B-F00971-D001,Optical_B,971,9.71,9.7117914630007,"[0.0, 678.43212890625, 44.25830841064453, 688.7813720703125]","[22.129154205322266, 683.6067504882812]",1.0
Optical_B-F00971-D002,Optical_B,971,9.71,9.7117914630007,"[464.86114501953125, 271.41357421875, 508.4266662597656, 280.9605712890625]","[486.64390563964844, 276.18707275390625]",1.0
Optical_A-F00972-D000,Optical_A,972,9.72,9.722144736004994,"[1051.61328125, 672.3564453125, 1119.046630859375, 685.878173828125]","[1085.3299560546875, 679.1173095703125]",1.0
Optical_A-F00972-D001,Optical_A,972,9.72,9.722144736004994,"[111.37088775634766, 495.59149169921875, 169.54083251953125, 506.9927978515625]","[140.45586013793945, 501.2921447753906]",1.0
Optical_A-F00972-D002,Optical_A,972,9.72,9.722144736004994,"[197.92803955078125, 270.466796875, 258.6094665527344, 282.8975830078125]","[228.2687530517578, 276.68218994140625]",1.0
Optical_A-F00972-D003,Optical_A,972,9.72,9.722144736004994,"[1042.531005859375, 359.60693359375, 1093.33251953125, 369.75531005859375]","[1067.9317626953125, 364.6811218261719]",1.0
Optical_A-F00972-D004,Optical_A,972,9.72,9.722144736004994,"[98.30974578857422, 480.7259521484375, 134.2064208984375, 487.78814697265625]","[116.25808334350586, 484.2570495605469]",1.0
Optical_A-F00972-D005,Optical_A,972,9.72,9.722144736004994,"[1244.9132080078125, 508.12982177734375, 1280.0, 515.14306640625]","[1262.4566040039062, 511.6364440917969]",1.0
Optical_B-F00972-D000,Optical_B,972,9.72,9.72211257999763,"[709.1323852539062, 478.019775390625, 745.873779296875, 485.69384765625]","[727.5030822753906, 481.8568115234375]",1.0
Optical_B-F00972-D001,Optical_B,972,9.72,9.72211257999763,"[29.940185546875, 400.77386474609375, 74.359130859375, 410.0760498046875]","[52.149658203125, 405.4249572753906]",1.0
Optical_B-F00972-D002,Optical_B,972,9.72,9.72211257999763,"[184.27944946289062, 540.46630859375, 234.27349853515625, 550.8206787109375]","[209.27647399902344, 545.6434936523438]",1.0
Optical_B-F00972-D003,Optical_B,972,9.72,9.72211257999763,"[780.5477294921875, 678.4307861328125, 828.7452392578125, 688.784912109375]","[804.646484375, 683.6078491210938]",1.0
Optical_B-F00972-D004,Optical_B,972,9.72,9.72211257999763,"[1248.075927734375, 271.27984619140625, 1280.0, 280.8382568359375]","[1264.0379638671875, 276.0590515136719]",1.0
Optical_B-F00972-D005,Optical_B,972,9.72,9.72211257999763,"[680.6041870117188, 779.3424072265625, 731.4622802734375, 790.45458984375]","[706.0332336425781, 784.8984985351562]",1.0
Optical_A-F00973-D000,Optical_A,973,9.73,9.732098042998114,"[902.8577270507812, 495.58935546875, 961.0305786132812, 506.9920654296875]","[931.9441528320312, 501.29071044921875]",1.0
Optical_A-F00973-D001,Optical_A,973,9.73,9.732098042998114,"[987.812744140625, 270.39581298828125, 1048.513916015625, 282.82611083984375]","[1018.163330078125, 276.6109619140625]",1.0
Optical_A-F00973-D002,Optical_A,973,9.73,9.732098042998114,"[378.4797668457031, 391.72247314453125, 418.28704833984375, 399.73779296875]","[398.38340759277344, 395.7301330566406]",1.0
Optical_A-F00973-D003,Optical_A,973,9.73,9.732098042998114,"[887.805908203125, 480.72601318359375, 923.6983642578125, 487.78790283203125]","[905.7521362304688, 484.2569580078125]",1.0
Optical_B-F00973-D000,Optical_B,973,9.73,9.731913333995617,"[814.3869018554688, 400.77056884765625, 858.79736328125, 410.075439453125]","[836.5921325683594, 405.4230041503906]",1.0
Optical_B-F00973-D001,Optical_B,973,9.73,9.731913333995617,"[437.3869323730469, 312.239501953125, 484.8165283203125, 322.2833251953125]","[461.1017303466797, 317.26141357421875]",1.0
Optical_B-F00973-D002,Optical_B,973,9.73,9.731913333995617,"[968.4788818359375, 540.472900390625, 1018.48583984375, 550.8309326171875]","[993.4823608398438, 545.6519165039062]",1.0
Optical_A-F00974-D000,Optical_A,974,9.74,9.742837820997229,"[389.1114501953125, 857.8504638671875, 456.88616943359375, 872.259033203125]","[422.9988098144531, 865.0547485351562]",1.0
Optical_A-F00974-D001,Optical_A,974,9.74,9.742837820997229,"[346.4013366699219, 303.85748291015625, 391.11456298828125, 313.1014404296875]","[368.75794982910156, 308.4794616699219]",1.0
Optical_A-F00974-D002,Optical_A,974,9.74,9.742837820997229,"[307.6672058105469, 518.0501708984375, 349.0337829589844, 526.2857666015625]","[328.3504943847656, 522.16796875]",1.0
Optical_A-F00974-D003,Optical_A,974,9.74,9.742837820997229,"[620.4644165039062, 416.18603515625, 659.9310302734375, 424.14276123046875]","[640.1977233886719, 420.1643981933594]",1.0
Optical_A-F00974-D004,Optical_A,974,9.74,9.742837820997229,"[1168.252197265625, 391.6773681640625, 1208.083740234375, 399.69415283203125]","[1188.16796875, 395.6857604980469]",1.0
Optical_A-F00974-D005,Optical_A,974,9.74,9.742837820997229,"[521.9194946289062, 310.92828369140625, 559.7986450195312, 318.73394775390625]","[540.8590698242188, 314.83111572265625]",1.0
Optical_B-F00974-D000,Optical_B,974,9.74,9.743276831994299,"[143.74005126953125, 306.772705078125, 181.91265869140625, 314.739501953125]","[162.82635498046875, 310.756103515625]",1.0
Optical_B-F00974-D001,Optical_B,974,9.74,9.743276831994299,"[1221.6014404296875, 312.128173828125, 1269.06982421875, 322.1822509765625]","[1245.3356323242188, 317.15521240234375]",1.0
Optical_B-F00974-D002,Optical_B,974,9.74,9.743276831994299,"[534.463134765625, 475.732666015625, 583.48486328125, 485.69085693359375]","[558.9739990234375, 480.7117614746094]",1.0
Optical_B-F00974-D003,Optical_B,974,9.74,9.743276831994299,"[454.59869384765625, 647.024169921875, 515.3960571289062, 659.6273193359375]","[484.99737548828125, 653.3257446289062]",1.0
Optical_A-F00975-D000,Optical_A,975,9.75,9.752503669995349,"[1178.9862060546875, 858.0625, 1246.81982421875, 872.470703125]","[1212.9030151367188, 865.2666015625]",1.0
Optical_A-F00975-D001,Optical_A,975,9.75,9.752503669995349,"[552.843017578125, 423.45562744140625, 607.490234375, 434.5704345703125]","[580.1666259765625, 429.0130310058594]",1.0
Optical_A-F00975-D002,Optical_A,975,9.75,9.752503669995349,"[120.83118438720703, 396.00390625, 163.11923217773438, 404.70416259765625]","[141.9752082824707, 400.3540344238281]",1.0
Optical_A-F00975-D003,Optical_A,975,9.75,9.752503669995349,"[1135.0316162109375, 303.7752685546875, 1179.7694091796875, 313.01953125]","[1157.4005126953125, 308.39739990234375]",1.0
Optical_A-F00975-D004,Optical_A,975,9.75,9.752503669995349,"[1097.4144287109375, 518.052001953125, 1138.800537109375, 526.2900390625]","[1118.1074829101562, 522.1710205078125]",1.0
Optical_A-F00975-D005,Optical_A,975,9.75,9.752503669995349,"[562.2972412109375, 698.682373046875, 599.377685546875, 706.3836669921875]","[580.8374633789062, 702.5330200195312]",1.0
Optical_B-F00975-D000,Optical_B,975,9.75,9.752199898008257,"[157.13504028320312, 415.4837646484375, 196.7401885986328, 423.4984130859375]","[176.93761444091797, 419.4910888671875]",1.0
Optical_B-F00975-D001,Optical_B,975,9.75,9.752199898008257,"[413.3827209472656, 388.70855712890625, 453.6410217285156, 396.92584228515625]","[433.5118713378906, 392.81719970703125]",1.0
Optical_B-F00975-D002,Optical_B,975,9.75,9.752199898008257,"[719.6780395507812, 698.8277587890625, 756.76806640625, 706.535400390625]","[738.2230529785156, 702.6815795898438]",1.0
Optical_B-F00975-D003,Optical_B,975,9.75,9.752199898008257,"[926.880615234375, 306.7532958984375, 965.0538330078125, 314.7242431640625]","[945.9672241210938, 310.73876953125]",1.0
Optical_B-F00975-D004,Optical_B,975,9.75,9.752199898008257,"[659.0030517578125, 448.78515625, 705.4025268554688, 458.17486572265625]","[682.2027893066406, 453.4800109863281]",1.0
Optical_B-F00975-D005,Optical_B,975,9.75,9.752199898008257,"[1236.0047607421875, 647.10400390625, 1280.0, 659.7188720703125]","[1258.0023803710938, 653.4114379882812]",1.0
Optical_A-F00976-D000,Optical_A,976,9.76,9.762165894999052,"[656.4544067382812, 441.328369140625, 714.7984619140625, 453.26397705078125]","[685.6264343261719, 447.2961730957031]",1.0
Optical_A-F00976-D001,Optical_A,976,9.76,9.762165894999052,"[910.5003662109375, 395.99505615234375, 952.788818359375, 404.69403076171875]","[931.6445922851562, 400.34454345703125]",1.0
Optical_B-F00976-D000,Optical_B,976,9.76,9.762058410987956,"[941.3086547851562, 415.4703369140625, 980.9166259765625, 423.48748779296875]","[961.1126403808594, 419.4789123535156]",1.0
Optical_B-F00976-D001,Optical_B,976,9.76,9.762058410987956,"[1197.5966796875, 388.65106201171875, 1237.8839111328125, 396.87408447265625]","[1217.7402954101562, 392.7625732421875]",1.0
Optical_B-F00976-D002,Optical_B,976,9.76,9.762058410987956,"[715.3897705078125, 624.8560791015625, 760.7846069335938, 634.065185546875]","[738.0871887207031, 629.4606323242188]",1.0
Optical_A-F00977-D000,Optical_A,977,9.77,9.771739333005389,"[89.32567596435547, 479.03179931640625, 145.44232177734375, 490.67254638671875]","[117.38399887084961, 484.8521728515625]",1.0
Optical_A-F00977-D001,Optical_A,977,9.77,9.771739333005389,"[0.0, 542.50927734375, 14.172782897949219, 550.6025390625]","[7.086391448974609, 546.555908203125]",1.0
Optical_A-F00977-D002,Optical_A,977,9.77,9.771739333005389,"[649.8702392578125, 509.5047607421875, 689.289794921875, 517.572509765625]","[669.5800170898438, 513.5386352539062]",1.0
Optical_B-F00977-D000,Optical_B,977,9.77,9.772515515006962,"[501.5557556152344, 517.8936767578125, 542.41357421875, 525.915771484375]","[521.9846649169922, 521.9047241210938]",1.0
Optical_A-F00978-D000,Optical_A,978,9.78,9.781963610004167,"[877.8021240234375, 479.026611328125, 933.92236328125, 490.66851806640625]","[905.8622436523438, 484.8475646972656]",1.0
Optical_A-F00978-D001,Optical_A,978,9.78,9.781963610004167,"[58.632774353027344, 332.49658203125, 99.74117279052734, 341.39556884765625]","[79.18697357177734, 336.9460754394531]",1.0
Optical_A-F00978-D002,Optical_A,978,9.78,9.781963610004167,"[78.02371978759766, 343.8306884765625, 121.04290008544922, 353.11993408203125]","[99.53330993652344, 348.4753112792969]",1.0
Optical_A-F00978-D003,Optical_A,978,9.78,9.781963610004167,"[764.4708862304688, 542.50634765625, 803.337158203125, 550.59814453125]","[783.9040222167969, 546.55224609375]",1.0
Optical_B-F00978-D000,Optical_B,978,9.78,9.782983559010317,"[98.74214172363281, 404.38983154296875, 139.49546813964844, 412.453125]","[119.11880493164062, 408.4214782714844]",1.0
Optical_B-F00978-D001,Optical_B,978,9.78,9.782983559010317,"[620.0151977539062, 509.69921875, 658.1990966796875, 517.13818359375]","[639.1071472167969, 513.418701171875]",1.0
Optical_B-F00978-D002,Optical_B,978,9.78,9.782983559010317,"[472.6925354003906, 575.4527587890625, 522.887939453125, 585.3486328125]","[497.7902374267578, 580.4006958007812]",1.0
Optical_B-F00978-D003,Optical_B,978,9.78,9.782983559010317,"[242.78323364257812, 679.3763427734375, 294.7193908691406, 689.8092041015625]","[268.7513122558594, 684.5927734375]",1.0
Optical_B-F00978-D004,Optical_B,978,9.78,9.782983559010317,"[428.2689208984375, 762.8736572265625, 483.56683349609375, 774.1861572265625]","[455.9178771972656, 768.5299072265625]",1.0
Optical_A-F00979-D000,Optical_A,979,9.790000000000001,9.791700663997327,"[847.802734375, 332.49505615234375, 888.9058837890625, 341.3900146484375]","[868.3543090820312, 336.9425354003906]",1.0
Optical_A-F00979-D001,Optical_A,979,9.790000000000001,9.791700663997327,"[865.8018798828125, 343.819580078125, 908.8189086914062, 353.10546875]","[887.3103942871094, 348.4625244140625]",1.0
Optical_B-F00979-D000,Optical_B,979,9.790000000000001,9.79331100699259,"[1105.8204345703125, 539.6163330078125, 1143.306884765625, 546.93994140625]","[1124.5636596679688, 543.2781372070312]",1.0
Optical_B-F00979-D001,Optical_B,979,9.790000000000001,9.79331100699259,"[480.4407043457031, 316.9383544921875, 523.523681640625, 325.5877685546875]","[501.98219299316406, 321.2630615234375]",1.0
Optical_B-F00979-D002,Optical_B,979,9.790000000000001,9.79331100699259,"[1255.847900390625, 575.4888916015625, 1280.0, 585.391357421875]","[1267.9239501953125, 580.4401245117188]",1.0
Optical_B-F00979-D003,Optical_B,979,9.790000000000001,9.79331100699259,"[1024.1895751953125, 679.41796875, 1076.1419677734375, 689.8560791015625]","[1050.165771484375, 684.6370239257812]",1.0
Optical_B-F00979-D004,Optical_B,979,9.790000000000001,9.79331100699259,"[1209.437744140625, 762.998779296875, 1264.780029296875, 774.3211669921875]","[1237.10888671875, 768.6599731445312]",1.0
Optical_B-F00980-D000,Optical_B,980,9.8,9.801537939999253,"[297.9339904785156, 358.12445068359375, 336.4022216796875, 365.734619140625]","[317.16810607910156, 361.9295349121094]",1.0
Optical_B-F00980-D001,Optical_B,980,9.8,9.801537939999253,"[1262.644287109375, 316.83892822265625, 1280.0, 325.49481201171875]","[1271.3221435546875, 321.1668701171875]",1.0
Optical_B-F00981-D000,Optical_B,981,9.81,9.812569274001872,"[1081.43212890625, 358.08099365234375, 1119.91552734375, 365.69439697265625]","[1100.673828125, 361.8876953125]",1.0
Optical_B-F00981-D001,Optical_B,981,9.81,9.812569274001872,"[283.5096435546875, 371.2135009765625, 322.983154296875, 378.96875]","[303.24639892578125, 375.09112548828125]",1.0
Optical_B-F00981-D002,Optical_B,981,9.81,9.812569274001872,"[668.6288452148438, 367.0081787109375, 717.5960693359375, 376.6549072265625]","[693.1124572753906, 371.83154296875]",1.0
Optical_B-F00981-D003,Optical_B,981,9.81,9.812569274001872,"[640.7071533203125, 758.095947265625, 702.6013793945312, 770.5657958984375]","[671.6542663574219, 764.3308715820312]",1.0
Optical_B-F00981-D004,Optical_B,981,9.81,9.812569274001872,"[224.38209533691406, 448.034912109375, 294.0000915527344, 461.488037109375]","[259.1910934448242, 454.761474609375]",1.0
Optical_B-F00982-D000,Optical_B,982,9.82,9.821504900996224,"[1065.746337890625, 371.1810302734375, 1105.23095703125, 378.93890380859375]","[1085.4886474609375, 375.0599670410156]",1.0
Optical_B-F00982-D001,Optical_B,982,9.82,9.821504900996224,"[1003.5462646484375, 448.01593017578125, 1073.1866455078125, 461.4736328125]","[1038.366455078125, 454.7447814941406]",1.0
Optical_B-F00984-D000,Optical_B,984,9.84,9.841843382007792,"[38.54393005371094, 440.74029541015625, 84.95254516601562, 449.6646728515625]","[61.74823760986328, 445.2024841308594]",1.0
Optical_B-F00984-D001,Optical_B,984,9.84,9.841843382007792,"[0.0, 472.6395263671875, 52.246360778808594, 482.91851806640625]","[26.123180389404297, 477.7790222167969]",1.0
Optical_B-F00985-D000,Optical_B,985,9.85,9.85211028799822,"[500.7585144042969, 498.38372802734375, 550.5457763671875, 507.84344482421875]","[525.6521453857422, 503.11358642578125]",1.0
Optical_B-F00985-D001,Optical_B,985,9.85,9.85211028799822,"[819.6637573242188, 440.7451171875, 866.0599365234375, 449.6689453125]","[842.8618469238281, 445.20703125]",1.0
Optical_B-F00985-D002,Optical_B,985,9.85,9.85211028799822,"[780.057373046875, 472.64093017578125, 833.8635864257812, 482.91961669921875]","[806.9604797363281, 477.7802734375]",1.0
Optical_B-F00985-D003,Optical_B,985,9.85,9.85211028799822,"[27.070465087890625, 628.9080810546875, 87.67745971679688, 640.697998046875]","[57.37396240234375, 634.8030395507812]",1.0
Optical_B-F00986-D000,Optical_B,986,9.86,9.862154107001842,"[70.1382064819336, 459.28851318359375, 116.45988464355469, 468.169921875]","[93.29904556274414, 463.7292175292969]",1.0
Optical_B-F00986-D001,Optical_B,986,9.86,9.862154107001842,"[50.63243865966797, 488.01641845703125, 95.02212524414062, 496.47723388671875]","[72.8272819519043, 492.246826171875]",1.0
Optical_B-F00986-D002,Optical_B,986,9.86,9.862154107001842,"[455.74951171875, 317.754150390625, 506.022216796875, 327.6729736328125]","[480.8858642578125, 322.71356201171875]",1.0
Optical_B-F00986-D003,Optical_B,986,9.86,9.862154107001842,"[253.40579223632812, 436.62872314453125, 305.59185791015625, 446.67877197265625]","[279.4988250732422, 441.65374755859375]",1.0
Optical_B-F00986-D004,Optical_B,986,9.86,9.862154107001842,"[495.19720458984375, 533.79345703125, 553.4215087890625, 544.90380859375]","[524.3093566894531, 539.3486328125]",1.0
Optical_B-F00986-D005,Optical_B,986,9.86,9.862154107001842,"[806.5435791015625, 628.904296875, 867.1349487304688, 640.69384765625]","[836.8392639160156, 634.799072265625]",1.0
Optical_B-F00987-D000,Optical_B,987,9.870000000000001,9.871877589005745,"[852.0841064453125, 459.288330078125, 898.3960571289062, 468.169677734375]","[875.2400817871094, 463.72900390625]",1.0
Optical_B-F00987-D001,Optical_B,987,9.870000000000001,9.871877589005745,"[831.7461547851562, 488.01824951171875, 876.121826171875, 496.4783935546875]","[853.9339904785156, 492.2483215332031]",1.0
Optical_B-F00987-D002,Optical_B,987,9.870000000000001,9.871877589005745,"[1236.252685546875, 317.66546630859375, 1280.0, 327.5885009765625]","[1258.1263427734375, 322.6269836425781]",1.0
Optical_B-F00987-D003,Optical_B,987,9.870000000000001,9.871877589005745,"[1033.6005859375, 436.6129150390625, 1085.7984619140625, 446.66497802734375]","[1059.6995239257812, 441.6389465332031]",1.0
Optical_B-F00987-D004,Optical_B,987,9.870000000000001,9.871877589005745,"[1276.179443359375, 533.806396484375, 1280.0, 544.9234619140625]","[1278.0897216796875, 539.3649291992188]",1.0
Optical_B-F00988-D000,Optical_B,988,9.88,9.881549723005156,"[257.4813232421875, 633.8055419921875, 309.56591796875, 643.997314453125]","[283.52362060546875, 638.9014282226562]",1.0
Optical_B-F00989-D000,Optical_B,989,9.89,9.891665325005889,"[298.2962341308594, 751.93505859375, 347.0625305175781, 761.740234375]","[322.67938232421875, 756.837646484375]",1.0
Optical_B-F00989-D001,Optical_B,989,9.89,9.891665325005889,"[1038.568603515625, 633.837158203125, 1090.6673583984375, 644.03076171875]","[1064.6179809570312, 638.9339599609375]",1.0
Optical_B-F00990-D000,Optical_B,990,9.9,9.902158503004467,"[1078.515380859375, 751.991943359375, 1127.2955322265625, 761.7974853515625]","[1102.9054565429688, 756.8947143554688]",1.0
Optical_B-F01010-D000,Optical_B,1010,10.1,10.101788720997865,"[957.7860107421875, 752.6541748046875, 1006.66552734375, 762.488037109375]","[982.2257690429688, 757.5711059570312]",1.0
Optical_B-F01011-D000,Optical_B,1011,10.11,10.111716440994641,"[165.4913330078125, 752.7034912109375, 214.3822479248047, 762.5416259765625]","[189.9367904663086, 757.62255859375]",1.0
Optical_B-F01011-D001,Optical_B,1011,10.11,10.111716440994641,"[924.4244384765625, 634.4039306640625, 976.737548828125, 644.646240234375]","[950.5809936523438, 639.5250854492188]",1.0
Optical_B-F01012-D000,Optical_B,1012,10.120000000000001,10.121377567008604,"[132.94293212890625, 634.44287109375, 185.27862548828125, 644.689453125]","[159.11077880859375, 639.566162109375]",1.0
Optical_B-F01013-D000,Optical_B,1013,10.13,10.132326133006137,"[739.6279907226562, 459.0155029296875, 786.1687622070312, 467.9432373046875]","[762.8983764648438, 463.4793701171875]",1.0
Optical_B-F01013-D001,Optical_B,1013,10.13,10.132326133006137,"[697.436279296875, 487.927734375, 741.966796875, 496.419921875]","[719.7015380859375, 492.173828125]",1.0
Optical_B-F01013-D002,Optical_B,1013,10.13,10.132326133006137,"[1085.7794189453125, 316.83428955078125, 1136.287841796875, 326.80133056640625]","[1111.0336303710938, 321.81781005859375]",1.0
Optical_B-F01013-D003,Optical_B,1013,10.13,10.132326133006137,"[876.4840698242188, 436.2781982421875, 928.896240234375, 446.37542724609375]","[902.6901550292969, 441.3268127441406]",1.0
Optical_B-F01013-D004,Optical_B,1013,10.13,10.132326133006137,"[1137.3740234375, 533.9482421875, 1196.0142822265625, 545.1380615234375]","[1166.6941528320312, 539.5431518554688]",1.0
Optical_B-F01014-D000,Optical_B,1014,10.14,10.141950213001692,"[1159.9461669921875, 498.2921142578125, 1210.07958984375, 507.81549072265625]","[1185.0128784179688, 503.0538024902344]",1.0
Optical_B-F01014-D001,Optical_B,1014,10.14,10.141950213001692,"[293.75518798828125, 316.819580078125, 344.26177978515625, 326.78790283203125]","[319.00848388671875, 321.8037414550781]",1.0
Optical_B-F01014-D002,Optical_B,1014,10.14,10.141950213001692,"[84.1720962524414, 436.25213623046875, 136.60922241210938, 446.35308837890625]","[110.39065933227539, 441.3026123046875]",1.0
Optical_B-F01014-D003,Optical_B,1014,10.14,10.141950213001692,"[345.77569580078125, 533.9500732421875, 404.41192626953125, 545.1409912109375]","[375.09381103515625, 539.5455322265625]",1.0
Optical_B-F01014-D004,Optical_B,1014,10.14,10.141950213001692,"[613.205078125, 629.5811767578125, 674.1354370117188, 641.4407958984375]","[643.6702575683594, 635.510986328125]",1.0
Optical_B-F01015-D000,Optical_B,1015,10.15,10.151823193000746,"[369.2367858886719, 498.2916259765625, 419.36248779296875, 507.81536865234375]","[394.2996368408203, 503.0534973144531]",1.0
Optical_B-F01015-D001,Optical_B,1015,10.15,10.151823193000746,"[665.083984375, 440.39208984375, 711.7120361328125, 449.3607177734375]","[688.3980102539062, 444.87640380859375]",1.0
Optical_B-F01015-D002,Optical_B,1015,10.15,10.151823193000746,"[639.8719482421875, 472.35302734375, 694.07275390625, 482.70733642578125]","[666.9723510742188, 477.5301818847656]",1.0
Optical_B-F01018-D000,Optical_B,1018,10.18,10.181803489998565,"[920.85888671875, 370.381591796875, 960.59326171875, 378.1846923828125]","[940.72607421875, 374.28314208984375]",1.0
Optical_B-F01018-D001,Optical_B,1018,10.18,10.181803489998565,"[1272.4498291015625, 365.871826171875, 1280.0, 375.5972900390625]","[1276.2249145507812, 370.73455810546875]",1.0
Optical_B-F01018-D002,Optical_B,1018,10.18,10.181803489998565,"[1258.55078125, 760.9864501953125, 1280.0, 773.61279296875]","[1269.275390625, 767.2996215820312]",1.0
Optical_B-F01018-D003,Optical_B,1018,10.18,10.181803489998565,"[746.3091430664062, 447.3721923828125, 816.7255859375, 460.96673583984375]","[781.5173645019531, 454.1694641113281]",1.0
Optical_B-F01019-D000,Optical_B,1019,10.19,10.192180462004616,"[977.281982421875, 356.9578857421875, 1016.0665893554688, 364.6285400390625]","[996.6742858886719, 360.793212890625]",1.0
Optical_B-F01019-D001,Optical_B,1019,10.19,10.192180462004616,"[130.55870056152344, 370.342529296875, 170.30804443359375, 378.14703369140625]","[150.4333724975586, 374.2447814941406]",1.0
Optical_B-F01019-D002,Optical_B,1019,10.19,10.192180462004616,"[481.170654296875, 365.8912353515625, 530.564208984375, 375.61431884765625]","[505.867431640625, 370.7527770996094]",1.0
Optical_B-F01019-D003,Optical_B,1019,10.19,10.192180462004616,"[467.64508056640625, 760.984375, 530.3269653320312, 773.608154296875]","[498.98602294921875, 767.2962646484375]",1.0
Optical_B-F01019-D004,Optical_B,1019,10.19,10.192180462004616,"[0.0, 447.33349609375, 23.230018615722656, 460.9356689453125]","[11.615009307861328, 454.13458251953125]",1.0
Optical_B-F01020-D000,Optical_B,1020,10.200000000000001,10.201752839991242,"[188.29974365234375, 356.9210205078125, 227.09671020507812, 364.59246826171875]","[207.69822692871094, 360.7567443847656]",1.0
Optical_B-F01020-D001,Optical_B,1020,10.200000000000001,10.201752839991242,"[1097.559326171875, 315.3914794921875, 1141.04541015625, 324.1138916015625]","[1119.3023681640625, 319.752685546875]",1.0
Optical_A-F01021-D000,Optical_A,1021,10.21,10.211692167003058,"[970.808349609375, 330.73388671875, 1012.410400390625, 339.71893310546875]","[991.609375, 335.2264099121094]",1.0
Optical_A-F01021-D001,Optical_A,1021,10.21,10.211692167003058,"[930.1922607421875, 341.9375, 973.7439575195312, 351.3304443359375]","[951.9681091308594, 346.63397216796875]",1.0
Optical_B-F01021-D000,Optical_B,1021,10.21,10.2119604810077,"[1005.2869873046875, 539.843505859375, 1043.11279296875, 547.227783203125]","[1024.1998901367188, 543.53564453125]",1.0
Optical_B-F01021-D001,Optical_B,1021,10.21,10.2119604810077,"[771.2207641601562, 403.42138671875, 812.37060546875, 411.559814453125]","[791.7956848144531, 407.4906005859375]",1.0
Optical_B-F01021-D002,Optical_B,1021,10.21,10.2119604810077,"[1254.7685546875, 509.68121337890625, 1280.0, 517.1783447265625]","[1267.38427734375, 513.4297790527344]",1.0
Optical_B-F01021-D003,Optical_B,1021,10.21,10.2119604810077,"[307.16680908203125, 315.376220703125, 350.6533203125, 324.0975341796875]","[328.9100646972656, 319.73687744140625]",1.0
Optical_B-F01021-D004,Optical_B,1021,10.21,10.2119604810077,"[1122.217041015625, 576.191162109375, 1173.068359375, 586.2049560546875]","[1147.6427001953125, 581.1980590820312]",1.0
Optical_B-F01021-D005,Optical_B,1021,10.21,10.2119604810077,"[819.2425537109375, 681.04150390625, 871.7858276367188, 691.58447265625]","[845.5141906738281, 686.31298828125]",1.0
Optical_B-F01021-D006,Optical_B,1021,10.21,10.2119604810077,"[992.570068359375, 765.596923828125, 1048.583251953125, 777.0426025390625]","[1020.57666015625, 771.3197631835938]",1.0
Optical_A-F01022-D000,Optical_A,1022,10.22,10.222211154001998,"[976.8603515625, 478.53118896484375, 1033.921142578125, 490.3487548828125]","[1005.3907470703125, 484.4399719238281]",1.0
Optical_A-F01022-D001,Optical_A,1022,10.22,10.222211154001998,"[187.5352783203125, 330.6805419921875, 229.15402221679688, 339.67242431640625]","[208.3446502685547, 335.1764831542969]",1.0
Optical_A-F01022-D002,Optical_A,1022,10.22,10.222211154001998,"[145.50315856933594, 341.873046875, 189.0770263671875, 351.273681640625]","[167.29009246826172, 346.5733642578125]",1.0
Optical_A-F01022-D003,Optical_A,1022,10.22,10.222211154001998,"[891.411865234375, 542.7939453125, 930.7342529296875, 550.9625244140625]","[911.0730590820312, 546.8782348632812]",1.0
Optical_B-F01022-D000,Optical_B,1022,10.22,10.222344633001486,"[216.63543701171875, 539.8494873046875, 254.4708251953125, 547.2349853515625]","[235.55313110351562, 543.542236328125]",1.0
Optical_B-F01022-D001,Optical_B,1022,10.22,10.222344633001486,"[0.0, 403.3656005859375, 23.40900421142578, 411.50714111328125]","[11.70450210571289, 407.4363708496094]",1.0
Optical_B-F01022-D002,Optical_B,1022,10.22,10.222344633001486,"[464.9180603027344, 509.68157958984375, 503.4504699707031, 517.177734375]","[484.18426513671875, 513.4296569824219]",1.0
Optical_B-F01022-D003,Optical_B,1022,10.22,10.222344633001486,"[1178.711181640625, 517.9537353515625, 1220.04248046875, 526.0582275390625]","[1199.3768310546875, 522.0059814453125]",1.0
Optical_B-F01022-D004,Optical_B,1022,10.22,10.222344633001486,"[332.753662109375, 576.1995849609375, 383.60595703125, 586.213623046875]","[358.1798095703125, 581.2066040039062]",1.0
Optical_B-F01022-D005,Optical_B,1022,10.22,10.222344633001486,"[28.01776885986328, 681.12255859375, 80.60001373291016, 691.6680908203125]","[54.30889129638672, 686.3953247070312]",1.0
Optical_B-F01022-D006,Optical_B,1022,10.22,10.222344633001486,"[201.11160278320312, 765.6669921875, 257.14404296875, 777.112060546875]","[229.12782287597656, 771.3895263671875]",1.0
Optical_A-F01023-D000,Optical_A,1023,10.23,10.231963872011402,"[192.9125213623047, 478.5181884765625, 249.99911499023438, 490.341064453125]","[221.45581817626953, 484.42962646484375]",1.0
Optical_A-F01023-D001,Optical_A,1023,10.23,10.231963872011402,"[108.0722427368164, 542.8048095703125, 147.41615295410156, 550.9771728515625]","[127.74419784545898, 546.8909912109375]",1.0
Optical_A-F01023-D002,Optical_A,1023,10.23,10.231963872011402,"[727.7002563476562, 509.47784423828125, 767.59521484375, 517.6326904296875]","[747.6477355957031, 513.5552673339844]",1.0
Optical_B-F01023-D000,Optical_B,1023,10.23,10.23175440699968,"[389.9808349609375, 517.953857421875, 431.3045654296875, 526.058349609375]","[410.6427001953125, 522.006103515625]",1.0
Optical_A-F01024-D000,Optical_A,1024,10.24,10.241715089994832,"[882.2802734375, 440.29351806640625, 941.673828125, 452.4058837890625]","[911.97705078125, 446.3497009277344]",1.0
Optical_A-F01024-D001,Optical_A,1024,10.24,10.241715089994832,"[1075.62548828125, 394.77362060546875, 1118.462646484375, 403.5660400390625]","[1097.0440673828125, 399.1698303222656]",1.0
Optical_B-F01024-D000,Optical_B,1024,10.24,10.241812588001485,"[839.7816162109375, 414.4427490234375, 879.8595581054688, 422.5467529296875]","[859.8205871582031, 418.4947509765625]",1.0
Optical_B-F01024-D001,Optical_B,1024,10.24,10.241812588001485,"[1096.768798828125, 387.31097412109375, 1137.541748046875, 395.6253662109375]","[1117.1552734375, 391.4681701660156]",1.0
Optical_B-F01024-D002,Optical_B,1024,10.24,10.241812588001485,"[527.40576171875, 626.05908203125, 573.3861083984375, 635.36865234375]","[550.3959350585938, 630.7138671875]",1.0
Optical_A-F01025-D000,Optical_A,1025,10.25,10.25231851299759,"[100.78269958496094, 440.26019287109375, 160.21530151367188, 452.37982177734375]","[130.4990005493164, 446.32000732421875]",1.0
Optical_A-F01025-D001,Optical_A,1025,10.25,10.25231851299759,"[691.4691162109375, 422.068115234375, 747.0757446289062, 433.35980224609375]","[719.2724304199219, 427.7139587402344]",1.0
Optical_A-F01025-D002,Optical_A,1025,10.25,10.25231851299759,"[292.8560791015625, 394.7567138671875, 335.6963806152344, 403.552490234375]","[314.27622985839844, 399.15460205078125]",1.0
Optical_A-F01025-D003,Optical_A,1025,10.25,10.25231851299759,"[1254.7142333984375, 301.13275146484375, 1280.0, 310.49884033203125]","[1267.3571166992188, 305.8157958984375]",1.0
Optical_A-F01025-D004,Optical_A,1025,10.25,10.25231851299759,"[1273.664794921875, 518.11474609375, 1280.0, 526.4384765625]","[1276.8323974609375, 522.276611328125]",1.0
Optical_A-F01025-D005,Optical_A,1025,10.25,10.25231851299759,"[656.0012817382812, 700.6536865234375, 693.5205078125, 708.439453125]","[674.7608947753906, 704.5465698242188]",1.0
Optical_B-F01025-D000,Optical_B,1025,10.25,10.252448358995025,"[51.340484619140625, 414.40032958984375, 91.44577026367188, 422.50653076171875]","[71.39312744140625, 418.45343017578125]",1.0
Optical_B-F01025-D001,Optical_B,1025,10.25,10.252448358995025,"[308.38507080078125, 387.296630859375, 349.1598815917969, 395.610107421875]","[328.77247619628906, 391.453369140625]",1.0
Optical_B-F01025-D002,Optical_B,1025,10.25,10.252448358995025,"[565.6121215820312, 700.5750732421875, 603.1260986328125, 708.357421875]","[584.3691101074219, 704.4662475585938]",1.0
Optical_B-F01025-D003,Optical_B,1025,10.25,10.252448358995025,"[769.83154296875, 304.7686767578125, 808.4544677734375, 312.819580078125]","[789.1430053710938, 308.79412841796875]",1.0
Optical_B-F01025-D004,Optical_B,1025,10.25,10.252448358995025,"[540.6189575195312, 447.9464111328125, 587.7074584960938, 457.4620361328125]","[564.1632080078125, 452.7042236328125]",1.0
Optical_B-F01025-D005,Optical_B,1025,10.25,10.252448358995025,"[1118.2012939453125, 475.254150390625, 1168.0218505859375, 485.344970703125]","[1143.111572265625, 480.299560546875]",1.0
Optical_B-F01025-D006,Optical_B,1025,10.25,10.252448358995025,"[987.8656005859375, 649.20361328125, 1049.8739013671875, 662.0201416015625]","[1018.8697509765625, 655.6118774414062]",1.0
Optical_A-F01026-D000,Optical_A,1026,10.26,10.262661531005287,"[579.674560546875, 864.7139892578125, 648.951904296875, 879.42822265625]","[614.313232421875, 872.0711059570312]",1.0
Optical_A-F01026-D001,Optical_A,1026,10.26,10.262661531005287,"[470.8204650878906, 301.14263916015625, 516.182373046875, 310.51190185546875]","[493.5014190673828, 305.8272705078125]",1.0
Optical_A-F01026-D002,Optical_A,1026,10.26,10.262661531005287,"[490.89697265625, 518.114013671875, 532.7930908203125, 526.436767578125]","[511.84503173828125, 522.275390625]",1.0
Optical_A-F01026-D003,Optical_A,1026,10.26,10.262661531005287,"[797.669677734375, 415.2242431640625, 837.6159057617188, 423.26220703125]","[817.6427917480469, 419.24322509765625]",1.0
Optical_A-F01026-D004,Optical_A,1026,10.26,10.262661531005287,"[628.83154296875, 308.71575927734375, 667.1768798828125, 316.61053466796875]","[648.0042114257812, 312.66314697265625]",1.0
Optical_B-F01026-D000,Optical_B,1026,10.26,10.262261882997118,"[0.0, 304.66595458984375, 18.98792266845703, 312.7176513671875]","[9.493961334228516, 308.6918029785156]",1.0
Optical_B-F01026-D001,Optical_B,1026,10.26,10.262261882997118,"[1112.5848388671875, 309.216552734375, 1160.82177734375, 319.42242431640625]","[1136.7033081054688, 314.3194885253906]",1.0
Optical_B-F01026-D002,Optical_B,1026,10.26,10.262261882997118,"[327.92840576171875, 475.25018310546875, 377.7522277832031, 485.341552734375]","[352.84031677246094, 480.2958679199219]",1.0
Optical_B-F01026-D003,Optical_B,1026,10.26,10.262261882997118,"[196.58432006835938, 649.25146484375, 258.6184387207031, 662.0684814453125]","[227.60137939453125, 655.6599731445312]",1.0
Optical_A-F01027-D000,Optical_A,1027,10.27,10.273830508998362,"[1188.21484375, 495.3446044921875, 1247.4334716796875, 506.91754150390625]","[1217.8241577148438, 501.1310729980469]",1.0
Optical_A-F01027-D001,Optical_A,1027,10.27,10.273830508998362,"[1186.9932861328125, 266.05804443359375, 1248.9130859375, 278.7215576171875]","[1217.9531860351562, 272.3898010253906]",1.0
Optical_A-F01027-D002,Optical_A,1027,10.27,10.273830508998362,"[14.781074523925781, 415.1790771484375, 54.75799560546875, 423.22210693359375]","[34.769535064697266, 419.2005920410156]",1.0
Optical_A-F01027-D003,Optical_A,1027,10.27,10.273830508998362,"[568.6151123046875, 390.4940185546875, 608.9098510742188, 398.593017578125]","[588.7624816894531, 394.54351806640625]",1.0
Optical_A-F01027-D004,Optical_A,1027,10.27,10.273830508998362,"[1062.808349609375, 480.43988037109375, 1099.09521484375, 487.56671142578125]","[1080.9517822265625, 484.0032958984375]",1.0
Optical_B-F01027-D000,Optical_B,1027,10.27,10.272270800003316,"[713.288818359375, 399.17144775390625, 758.4099731445312, 408.6126708984375]","[735.8493957519531, 403.8920593261719]",1.0
Optical_B-F01027-D001,Optical_B,1027,10.27,10.272270800003316,"[324.2166748046875, 309.18798828125, 372.455810546875, 319.39080810546875]","[348.33624267578125, 314.2893981933594]",1.0
Optical_B-F01027-D002,Optical_B,1027,10.27,10.272270800003316,"[856.6337890625, 540.93505859375, 907.5452880859375, 551.46240234375]","[882.0895385742188, 546.19873046875]",1.0
Optical_A-F01028-D000,Optical_A,1028,10.28,10.282798050991259,"[407.2889709472656, 495.34381103515625, 466.49969482421875, 506.91741943359375]","[436.8943328857422, 501.130615234375]",1.0
Optical_A-F01028-D001,Optical_A,1028,10.28,10.282798050991259,"[404.4608154296875, 266.03216552734375, 466.3738708496094, 278.70159912109375]","[435.41734313964844, 272.36688232421875]",1.0
Optical_A-F01028-D002,Optical_A,1028,10.28,10.282798050991259,"[1226.4019775390625, 357.290283203125, 1278.0625, 367.59735107421875]","[1252.2322387695312, 362.4438171386719]",1.0
Optical_A-F01028-D003,Optical_A,1028,10.28,10.282798050991259,"[279.81915283203125, 480.43634033203125, 316.10980224609375, 487.56427001953125]","[297.9644775390625, 484.00030517578125]",1.0
Optical_B-F01028-D000,Optical_B,1028,10.28,10.282322538988664,"[630.0625610351562, 477.5928955078125, 667.3170166015625, 485.36383056640625]","[648.6897888183594, 481.4783630371094]",1.0
Optical_B-F01028-D001,Optical_B,1028,10.28,10.282322538988664,"[68.25572967529297, 540.94970703125, 119.20459747314453, 551.4813232421875]","[93.73016357421875, 546.2155151367188]",1.0
Optical_B-F01028-D002,Optical_B,1028,10.28,10.282322538988664,"[677.4402465820312, 681.183349609375, 726.5267333984375, 691.71435546875]","[701.9834899902344, 686.4488525390625]",1.0
Optical_B-F01028-D003,Optical_B,1028,10.28,10.282322538988664,"[1073.4486083984375, 267.9759521484375, 1117.788330078125, 277.67120361328125]","[1095.6184692382812, 272.8235778808594]",1.0
Optical_B-F01028-D004,Optical_B,1028,10.28,10.282322538988664,"[570.1553955078125, 784.00341796875, 622.0006713867188, 795.3194580078125]","[596.0780334472656, 789.6614379882812]",1.0
Optical_A-F01029-D000,Optical_A,1029,10.290000000000001,10.292194725995651,"[628.8176879882812, 675.10107421875, 697.60107421875, 688.8656005859375]","[663.2093811035156, 681.9833374023438]",1.0
Optical_A-F01029-D001,Optical_A,1029,10.290000000000001,10.292194725995651,"[733.3343505859375, 418.3497314453125, 797.021484375, 430.87420654296875]","[765.1779174804688, 424.6119689941406]",1.0
Optical_A-F01029-D002,Optical_A,1029,10.290000000000001,10.292194725995651,"[443.4535217285156, 357.2904052734375, 495.101318359375, 367.5994873046875]","[469.2774200439453, 362.4449462890625]",1.0
Optical_A-F01029-D003,Optical_A,1029,10.290000000000001,10.292194725995651,"[1087.984130859375, 618.778564453125, 1132.16455078125, 627.485107421875]","[1110.0743408203125, 623.1318359375]",1.0
Optical_A-F01029-D004,Optical_A,1029,10.290000000000001,10.292194725995651,"[593.348388671875, 508.0892333984375, 629.964111328125, 515.1761474609375]","[611.65625, 511.6326904296875]",1.0
Optical_B-F01029-D000,Optical_B,1029,10.290000000000001,10.293056952991757,"[598.9150390625, 507.56640625, 637.09375, 515.6007080078125]","[618.00439453125, 511.58355712890625]",1.0
Optical_A-F01030-D000,Optical_A,1030,10.3,10.303271958994447,"[0.0, 418.28717041015625, 14.951515197753906, 430.8212890625]","[7.475757598876953, 424.5542297363281]",1.0
Optical_A-F01030-D001,Optical_A,1030,10.3,10.303271958994447,"[1161.4881591796875, 467.20001220703125, 1222.1221923828125, 478.9083251953125]","[1191.80517578125, 473.0541687011719]",1.0
Optical_A-F01030-D002,Optical_A,1030,10.3,10.303271958994447,"[304.7396240234375, 618.7916259765625, 348.922119140625, 627.5003662109375]","[326.83087158203125, 623.14599609375]",1.0
Optical_A-F01031-D000,Optical_A,1031,10.31,10.312101377001964,"[381.2573547363281, 467.197509765625, 441.8835754394531, 478.9068603515625]","[411.5704650878906, 473.05218505859375]",1.0
Optical_A-F01031-D001,Optical_A,1031,10.31,10.312101377001964,"[663.81298828125, 572.6737060546875, 712.5896606445312, 582.13232421875]","[688.2013244628906, 577.4030151367188]",1.0
Optical_A-F01031-D002,Optical_A,1031,10.31,10.312101377001964,"[1236.5277099609375, 670.262939453125, 1280.0, 680.114501953125]","[1258.2638549804688, 675.188720703125]",1.0
Optical_A-F01031-D003,Optical_A,1031,10.31,10.312101377001964,"[543.7637939453125, 454.7626953125, 587.6656494140625, 463.2596435546875]","[565.7147216796875, 459.01116943359375]",1.0
Optical_A-F01031-D004,Optical_A,1031,10.31,10.312101377001964,"[915.1837158203125, 415.5345458984375, 956.5646362304688, 423.5928955078125]","[935.8741760253906, 419.563720703125]",1.0
Optical_A-F01032-D000,Optical_A,1032,10.32,10.321964957991732,"[454.001220703125, 670.255126953125, 503.9376220703125, 680.107421875]","[478.96942138671875, 675.1812744140625]",1.0
Optical_A-F01032-D001,Optical_A,1032,10.32,10.321964957991732,"[133.10726928710938, 415.506591796875, 174.50595092773438, 423.56787109375]","[153.80661010742188, 419.5372314453125]",1.0
Optical_A-F01032-D002,Optical_A,1032,10.32,10.321964957991732,"[1113.59326171875, 342.884033203125, 1156.65185546875, 351.359375]","[1135.12255859375, 347.1217041015625]",1.0
Optical_A-F01032-D003,Optical_A,1032,10.32,10.321964957991732,"[1225.810302734375, 481.02020263671875, 1270.2689208984375, 489.52239990234375]","[1248.0396118164062, 485.27130126953125]",1.0
Optical_A-F01032-D004,Optical_A,1032,10.32,10.321964957991732,"[646.0214233398438, 310.4881591796875, 686.1742553710938, 318.45916748046875]","[666.0978393554688, 314.4736633300781]",1.0
Optical_A-F01033-D000,Optical_A,1033,10.33,10.331526298001409,"[923.51806640625, 536.2430419921875, 988.2199096679688, 548.61181640625]","[955.8689880371094, 542.4274291992188]",1.0
Optical_A-F01033-D001,Optical_A,1033,10.33,10.331526298001409,"[1144.293212890625, 736.9012451171875, 1195.0380859375, 747.0]","[1169.6656494140625, 741.9506225585938]",1.0
Optical_A-F01033-D002,Optical_A,1033,10.33,10.331526298001409,"[331.8179931640625, 342.87744140625, 374.87359619140625, 351.35382080078125]","[353.3457946777344, 347.1156311035156]",1.0
Optical_A-F01033-D003,Optical_A,1033,10.33,10.331526298001409,"[443.00299072265625, 481.02203369140625, 487.448486328125, 489.5238037109375]","[465.2257385253906, 485.2729187011719]",1.0
Optical_A-F01034-D000,Optical_A,1034,10.34,10.341912594001624,"[144.14093017578125, 536.251220703125, 208.86965942382812, 548.6241455078125]","[176.5052947998047, 542.4376831054688]",1.0
Optical_A-F01034-D001,Optical_A,1034,10.34,10.341912594001624,"[1145.7347412109375, 635.81201171875, 1209.9222412109375, 648.3175048828125]","[1177.8284912109375, 642.0647583007812]",1.0
Optical_A-F01034-D002,Optical_A,1034,10.34,10.341912594001624,"[362.1783447265625, 736.9149169921875, 412.91754150390625, 747.01513671875]","[387.5479431152344, 741.9650268554688]",1.0
Optical_A-F01034-D003,Optical_A,1034,10.34,10.341912594001624,"[883.1156005859375, 534.80908203125, 926.5591430664062, 543.0980224609375]","[904.8373718261719, 538.9535522460938]",1.0
Optical_A-F01034-D004,Optical_A,1034,10.34,10.341912594001624,"[618.4527587890625, 645.34130859375, 660.7540283203125, 653.6025390625]","[639.6033935546875, 649.471923828125]",1.0
Optical_A-F01035-D000,Optical_A,1035,10.35,10.351806489992304,"[365.02099609375, 635.8250732421875, 429.2047119140625, 648.3321533203125]","[397.11285400390625, 642.07861328125]",1.0
Optical_A-F01035-D001,Optical_A,1035,10.35,10.351806489992304,"[101.64447784423828, 534.8162841796875, 145.10861206054688, 543.10791015625]","[123.37654495239258, 538.9620971679688]",1.0
Optical_A-F01035-D002,Optical_A,1035,10.35,10.351806489992304,"[730.5150756835938, 719.56494140625, 773.7267456054688, 728.1259765625]","[752.1209106445312, 723.845458984375]",1.0
Optical_A-F01036-D000,Optical_A,1036,10.36,10.361384602001053,"[626.9449462890625, 730.6820068359375, 682.4239501953125, 741.7037353515625]","[654.6844482421875, 736.19287109375]",1.0
Optical_A-F01038-D000,Optical_A,1038,10.38,10.381949017998414,"[509.946044921875, 610.9869384765625, 557.1680908203125, 620.1683349609375]","[533.5570678710938, 615.57763671875]",1.0
Optical_A-F01039-D000,Optical_A,1039,10.39,10.391445581001463,"[641.7412719726562, 460.183837890625, 698.1369018554688, 471.0604248046875]","[669.9390869140625, 465.62213134765625]",1.0
Optical_A-F01060-D000,Optical_A,1060,10.6,10.601734371995553,"[0.0, 459.91802978515625, 32.27336883544922, 470.8504638671875]","[16.13668441772461, 465.3842468261719]",1.0
Optical_A-F01061-D000,Optical_A,1061,10.61,10.611858460003859,"[767.6710205078125, 459.92169189453125, 824.31884765625, 470.853759765625]","[795.9949340820312, 465.3877258300781]",1.0
Optical_A-F01062-D000,Optical_A,1062,10.620000000000001,10.621603092998267,"[620.2086181640625, 611.45556640625, 667.6353759765625, 620.681396484375]","[643.9219970703125, 616.0684814453125]",1.0
Optical_A-F01063-D000,Optical_A,1063,10.63,10.631558785996168,"[12.079620361328125, 731.8568115234375, 67.86148071289062, 742.9398193359375]","[39.970550537109375, 737.3983154296875]",1.0
Optical_A-F01064-D000,Optical_A,1064,10.64,10.641744108012645,"[804.7449951171875, 731.841064453125, 860.5089111328125, 742.9239501953125]","[832.626953125, 737.3825073242188]",1.0
Optical_A-F01064-D001,Optical_A,1064,10.64,10.641744108012645,"[84.49790954589844, 720.525390625, 127.9183578491211, 729.1275634765625]","[106.20813369750977, 724.8264770507812]",1.0
Optical_A-F01065-D000,Optical_A,1065,10.65,10.652361856997596,"[531.3008422851562, 636.9046630859375, 596.0469970703125, 649.52392578125]","[563.6739196777344, 643.2142944335938]",1.0
Optical_A-F01065-D001,Optical_A,1065,10.65,10.652361856997596,"[244.76333618164062, 534.921875, 288.42999267578125, 543.252197265625]","[266.59666442871094, 539.0870361328125]",1.0
Optical_A-F01065-D002,Optical_A,1065,10.65,10.652361856997596,"[0.0, 646.029052734375, 17.421417236328125, 654.33447265625]","[8.710708618164062, 650.1817626953125]",1.0
Optical_A-F01065-D003,Optical_A,1065,10.65,10.652361856997596,"[875.6650390625, 720.5205078125, 919.076904296875, 729.1226806640625]","[897.3709716796875, 724.8215942382812]",1.0
Optical_A-F01066-D000,Optical_A,1066,10.66,10.66172496700543,"[366.703125, 536.437255859375, 431.95306396484375, 548.9058837890625]","[399.3280944824219, 542.6715698242188]",1.0
Optical_A-F01066-D001,Optical_A,1066,10.66,10.66172496700543,"[496.44525146484375, 738.60791015625, 547.5765991210938, 748.787841796875]","[522.0109252929688, 743.6978759765625]",1.0
Optical_A-F01066-D002,Optical_A,1066,10.66,10.66172496700543,"[1035.745849609375, 534.9261474609375, 1079.423828125, 543.258056640625]","[1057.5848388671875, 539.0921020507812]",1.0
Optical_A-F01066-D003,Optical_A,1066,10.66,10.66172496700543,"[765.78759765625, 646.0079345703125, 808.3110961914062, 654.311767578125]","[787.0493469238281, 650.1598510742188]",1.0
Optical_A-F01067-D000,Optical_A,1067,10.67,10.67261644400598,"[1159.996826171875, 536.447998046875, 1225.2886962890625, 548.922119140625]","[1192.6427612304688, 542.68505859375]",1.0
Optical_A-F01067-D001,Optical_A,1067,10.67,10.67261644400598,"[485.68524169921875, 341.9249267578125, 529.0010986328125, 350.45068359375]","[507.3431701660156, 346.18780517578125]",1.0
Optical_A-F01067-D002,Optical_A,1067,10.67,10.67261644400598,"[563.102294921875, 480.79937744140625, 607.882080078125, 489.36260986328125]","[585.4921875, 485.08099365234375]",1.0
Optical_A-F01067-D003,Optical_A,1067,10.67,10.67261644400598,"[0.0, 309.044677734375, 8.062858581542969, 317.075927734375]","[4.031429290771484, 313.060302734375]",1.0
Optical_A-F01068-D000,Optical_A,1068,10.68,10.682093562012305,"[59.548683166503906, 573.1380615234375, 108.75648498535156, 582.670654296875]","[84.15258407592773, 577.9043579101562]",1.0
Optical_A-F01068-D001,Optical_A,1068,10.68,10.682093562012305,"[590.7564697265625, 671.6396484375, 641.1591796875, 681.5811767578125]","[615.9578247070312, 676.6104125976562]",1.0
Optical_A-F01068-D002,Optical_A,1068,10.68,10.682093562012305,"[284.5723876953125, 414.9320068359375, 326.2425231933594, 423.0421142578125]","[305.40745544433594, 418.987060546875]",1.0
Optical_A-F01068-D003,Optical_A,1068,10.68,10.682093562012305,"[1276.579345703125, 341.84051513671875, 1280.0, 350.36981201171875]","[1278.2896728515625, 346.10516357421875]",1.0
Optical_A-F01068-D004,Optical_A,1068,10.68,10.682093562012305,"[757.061767578125, 309.071533203125, 797.5158081054688, 317.100830078125]","[777.2887878417969, 313.086181640625]",1.0
Optical_A-F01069-D000,Optical_A,1069,10.69,10.69271937099751,"[611.7285766601562, 466.7689208984375, 673.0109252929688, 478.591064453125]","[642.3697509765625, 472.67999267578125]",1.0
Optical_A-F01069-D001,Optical_A,1069,10.69,10.69271937099751,"[850.7889404296875, 573.13818359375, 899.988525390625, 582.670166015625]","[875.3887329101562, 577.9041748046875]",1.0
Optical_A-F01069-D002,Optical_A,1069,10.69,10.69271937099751,"[711.2079467773438, 454.36767578125, 755.4505615234375, 462.923828125]","[733.3292541503906, 458.645751953125]",1.0
Optical_A-F01069-D003,Optical_A,1069,10.69,10.69271937099751,"[1075.047119140625, 414.9085693359375, 1116.73193359375, 423.0201416015625]","[1095.8895263671875, 418.96435546875]",1.0
Optical_A-F01070-D000,Optical_A,1070,10.700000000000001,10.701440344000003,"[111.82140350341797, 677.16259765625, 181.63485717773438, 691.1102294921875]","[146.72813034057617, 684.1364135742188]",1.0
Optical_A-F01070-D001,Optical_A,1070,10.700000000000001,10.701440344000003,"[425.1991271972656, 619.7545166015625, 469.81622314453125, 628.543701171875]","[447.50767517089844, 624.1491088867188]",1.0
Optical_A-F01071-D000,Optical_A,1071,10.71,10.713259654011345,"[904.721923828125, 677.193603515625, 974.5418701171875, 691.14111328125]","[939.6318969726562, 684.1673583984375]",1.0
Optical_A-F01071-D001,Optical_A,1071,10.71,10.713259654011345,"[912.0244750976562, 417.0377197265625, 976.6956176757812, 429.74053955078125]","[944.3600463867188, 423.3891296386719]",1.0
Optical_A-F01071-D002,Optical_A,1071,10.71,10.713259654011345,"[585.044189453125, 355.5335693359375, 637.3368530273438, 365.963134765625]","[611.1905212402344, 360.74835205078125]",1.0
Optical_A-F01071-D003,Optical_A,1071,10.71,10.713259654011345,"[1214.50341796875, 619.806884765625, 1259.153564453125, 628.5992431640625]","[1236.8284912109375, 624.2030639648438]",1.0
Optical_A-F01071-D004,Optical_A,1071,10.71,10.713259654011345,"[694.494140625, 508.057861328125, 731.43212890625, 515.2015380859375]","[712.963134765625, 511.62969970703125]",1.0
Optical_B-F01071-D000,Optical_B,1071,10.71,10.711648319986999,"[149.8265380859375, 265.35693359375, 194.75796508789062, 275.1546630859375]","[172.29225158691406, 270.25579833984375]",1.0
Optical_A-F01072-D000,Optical_A,1072,10.72,10.722542810994783,"[646.1292724609375, 495.1439208984375, 706.1815795898438, 506.85650634765625]","[676.1554260253906, 501.0002136230469]",1.0
Optical_A-F01072-D001,Optical_A,1072,10.72,10.722542810994783,"[572.1256103515625, 262.431884765625, 635.0428466796875, 275.29541015625]","[603.584228515625, 268.8636474609375]",1.0
Optical_A-F01072-D002,Optical_A,1072,10.72,10.722542810994783,"[424.80706787109375, 480.205078125, 461.4127197265625, 487.385498046875]","[443.1098937988281, 483.7952880859375]",1.0
Optical_B-F01072-D000,Optical_B,1072,10.72,10.722089583009366,"[566.528564453125, 477.2498779296875, 604.197021484375, 485.0987548828125]","[585.36279296875, 481.17431640625]",1.0
Optical_B-F01072-D001,Optical_B,1072,10.72,10.722089583009366,"[0.0, 541.3411865234375, 26.01001739501953, 552.016357421875]","[13.005008697509766, 546.6787719726562]",1.0
Optical_B-F01072-D002,Optical_B,1072,10.72,10.722089583009366,"[1269.29931640625, 507.5234375, 1280.0, 515.6356201171875]","[1274.649658203125, 511.57952880859375]",1.0
Optical_B-F01072-D003,Optical_B,1072,10.72,10.722089583009366,"[593.99951171875, 683.41064453125, 643.8058471679688, 694.0850830078125]","[618.9026794433594, 688.7478637695312]",1.0
Optical_B-F01072-D004,Optical_B,1072,10.72,10.722089583009366,"[932.84130859375, 265.3157958984375, 977.7777099609375, 275.121337890625]","[955.3095092773438, 270.21856689453125]",1.0
Optical_B-F01072-D005,Optical_B,1072,10.72,10.722089583009366,"[480.6315612792969, 787.78125, 533.2802734375, 799.2628173828125]","[506.95591735839844, 793.5220336914062]",1.0
Optical_A-F01073-D000,Optical_A,1073,10.73,10.732082143997541,"[0.0, 871.259521484375, 42.926483154296875, 886.2755126953125]","[21.463241577148438, 878.7675170898438]",1.0
Optical_A-F01073-D001,Optical_A,1073,10.73,10.732082143997541,"[174.6514892578125, 414.3310546875, 215.04702758789062, 422.44580078125]","[194.84925842285156, 418.388427734375]",1.0
Optical_A-F01073-D002,Optical_A,1073,10.73,10.732082143997541,"[733.6690673828125, 389.4276123046875, 774.3883056640625, 397.59930419921875]","[754.0286865234375, 393.5134582519531]",1.0
Optical_A-F01073-D003,Optical_A,1073,10.73,10.732082143997541,"[1214.4263916015625, 480.19195556640625, 1251.0577392578125, 487.37506103515625]","[1232.7420654296875, 483.78350830078125]",1.0
Optical_B-F01073-D000,Optical_B,1073,10.73,10.731770647999365,"[624.845703125, 397.7724609375, 670.5919189453125, 407.3331298828125]","[647.7188110351562, 402.55279541015625]",1.0
Optical_B-F01073-D001,Optical_B,1073,10.73,10.731770647999365,"[225.04931640625, 306.51409912109375, 274.00244140625, 316.8563232421875]","[249.52587890625, 311.6852111816406]",1.0
Optical_B-F01073-D002,Optical_B,1073,10.73,10.731770647999365,"[758.44970703125, 541.3406982421875, 810.1575927734375, 552.0167236328125]","[784.3036499023438, 546.6787109375]",1.0
Optical_B-F01073-D003,Optical_B,1073,10.73,10.731770647999365,"[1264.868408203125, 787.9537353515625, 1280.0, 799.450927734375]","[1272.4342041015625, 793.7023315429688]",1.0
Optical_A-F01074-D000,Optical_A,1074,10.74,10.741731148993713,"[762.42138671875, 871.2958984375, 833.1492919921875, 886.3040771484375]","[797.7853393554688, 878.7999877929688]",1.0
Optical_A-F01074-D001,Optical_A,1074,10.74,10.741731148993713,"[45.29106140136719, 420.6446533203125, 101.89216613769531, 432.11962890625]","[73.59161376953125, 426.38214111328125]",1.0
Optical_A-F01074-D002,Optical_A,1074,10.74,10.741731148993713,"[588.5810546875, 298.572998046875, 634.5601196289062, 308.06097412109375]","[611.5705871582031, 303.3169860839844]",1.0
Optical_A-F01074-D003,Optical_A,1074,10.74,10.741731148993713,"[663.499267578125, 518.174072265625, 705.8944091796875, 526.5789794921875]","[684.6968383789062, 522.3765258789062]",1.0
Optical_A-F01074-D004,Optical_A,1074,10.74,10.741731148993713,"[964.4268798828125, 414.319091796875, 1004.82666015625, 422.43359375]","[984.6267700195312, 418.3763427734375]",1.0
Optical_A-F01074-D005,Optical_A,1074,10.74,10.741731148993713,"[0.0, 702.688232421875, 1.4030838012695312, 710.564208984375]","[0.7015419006347656, 706.626220703125]",1.0
Optical_A-F01074-D006,Optical_A,1074,10.74,10.741731148993713,"[729.626220703125, 306.62982177734375, 768.4107666015625, 314.60870361328125]","[749.0184936523438, 310.6192626953125]",1.0
Optical_B-F01074-D000,Optical_B,1074,10.74,10.74139542100078,"[1009.0988159179688, 306.45257568359375, 1058.068359375, 316.802734375]","[1033.5835876464844, 311.6276550292969]",1.0
Optical_B-F01074-D001,Optical_B,1074,10.74,10.74139542100078,"[132.34677124023438, 474.7933349609375, 182.93392944335938, 485.01080322265625]","[157.64035034179688, 479.9020690917969]",1.0
Optical_B-F01074-D002,Optical_B,1074,10.74,10.74139542100078,"[0.0, 651.3736572265625, 13.953590393066406, 664.394775390625]","[6.976795196533203, 657.8842163085938]",1.0
Optical_A-F01075-D000,Optical_A,1075,10.75,10.752018049999606,"[343.3111572265625, 439.1707763671875, 403.8430480957031, 451.4766845703125]","[373.5771026611328, 445.32373046875]",1.0
Optical_A-F01075-D001,Optical_A,1075,10.75,10.752018049999606,"[834.5034790039062, 420.636474609375, 891.0989379882812, 432.1107177734375]","[862.8012084960938, 426.37359619140625]",1.0
Optical_A-F01075-D002,Optical_A,1075,10.75,10.752018049999606,"[468.6152648925781, 393.48236083984375, 512.0227661132812, 402.37579345703125]","[490.3190155029297, 397.9290771484375]",1.0
Optical_A-F01075-D003,Optical_A,1075,10.75,10.752018049999606,"[751.707275390625, 702.667236328125, 789.6763916015625, 710.5391845703125]","[770.6918334960938, 706.6032104492188]",1.0
Optical_B-F01075-D000,Optical_B,1075,10.75,10.753352510000695,"[200.9551239013672, 385.8519287109375, 242.2606658935547, 394.26397705078125]","[221.60789489746094, 390.0579528808594]",1.0
Optical_B-F01075-D001,Optical_B,1075,10.75,10.753352510000695,"[408.6329650878906, 702.3553466796875, 446.5810546875, 710.2139892578125]","[427.6070098876953, 706.28466796875]",1.0
Optical_B-F01075-D002,Optical_B,1075,10.75,10.753352510000695,"[609.7164306640625, 302.7452392578125, 648.800048828125, 310.8778076171875]","[629.2582397460938, 306.8115234375]",1.0
Optical_B-F01075-D003,Optical_B,1075,10.75,10.753352510000695,"[419.054931640625, 447.0850830078125, 466.85302734375, 456.73004150390625]","[442.9539794921875, 451.9075622558594]",1.0
Optical_B-F01075-D004,Optical_B,1075,10.75,10.753352510000695,"[914.476318359375, 474.78765869140625, 965.0682983398438, 485.00726318359375]","[939.7723083496094, 479.8974609375]",1.0
Optical_B-F01075-D005,Optical_B,1075,10.75,10.753352510000695,"[731.8789672851562, 651.3695068359375, 795.082763671875, 664.3944091796875]","[763.4808654785156, 657.8819580078125]",1.0
Optical_A-F01076-D000,Optical_A,1076,10.76,10.762728032006416,"[1134.49609375, 439.1375732421875, 1195.0697021484375, 451.447509765625]","[1164.7828979492188, 445.29254150390625]",1.0
Optical_A-F01076-D001,Optical_A,1076,10.76,10.762728032006416,"[1258.4775390625, 393.42095947265625, 1280.0, 402.3170166015625]","[1269.23876953125, 397.8689880371094]",1.0
Optical_A-F01076-D002,Optical_A,1076,10.76,10.762728032006416,"[33.185997009277344, 509.4454345703125, 73.66302490234375, 517.7049560546875]","[53.42451095581055, 513.5751953125]",1.0
Optical_B-F01076-D000,Optical_B,1076,10.76,10.761532919006422,"[727.3275756835938, 413.30450439453125, 767.9263305664062, 421.50482177734375]","[747.626953125, 417.4046630859375]",1.0
Optical_B-F01076-D001,Optical_B,1076,10.76,10.761532919006422,"[1191.7498779296875, 702.4322509765625, 1229.724609375, 710.2972412109375]","[1210.7372436523438, 706.36474609375]",1.0
Optical_B-F01076-D002,Optical_B,1076,10.76,10.761532919006422,"[1202.8828125, 447.05126953125, 1250.7186279296875, 456.70233154296875]","[1226.8007202148438, 451.8768005371094]",1.0
Optical_B-F01076-D003,Optical_B,1076,10.76,10.761532919006422,"[319.17559814453125, 627.3914794921875, 365.8097839355469, 636.8126220703125]","[342.49269104003906, 632.10205078125]",1.0
Optical_A-F01077-D000,Optical_A,1077,10.77,10.771417648003553,"[318.70550537109375, 477.8944091796875, 376.9752502441406, 489.9384765625]","[347.8403778076172, 483.91644287109375]",1.0
Optical_A-F01077-D001,Optical_A,1077,10.77,10.771417648003553,"[267.2669982910156, 543.1591796875, 307.1673889160156, 551.4261474609375]","[287.2171936035156, 547.2926635742188]",1.0
Optical_A-F01077-D002,Optical_A,1077,10.77,10.771417648003553,"[821.2338256835938, 509.4454345703125, 861.7022705078125, 517.7049560546875]","[841.4680480957031, 513.5751953125]",1.0
Optical_B-F01077-D000,Optical_B,1077,10.77,10.771993561003473,"[256.05108642578125, 518.0262451171875, 297.9361572265625, 526.2293701171875]","[276.9936218261719, 522.1278076171875]",1.0
Optical_B-F01077-D001,Optical_B,1077,10.77,10.771993561003473,"[1101.39501953125, 627.4296875, 1148.0528564453125, 636.8560791015625]","[1124.7239379882812, 632.1428833007812]",1.0
Optical_A-F01078-D000,Optical_A,1078,10.78,10.781580652999109,"[1107.3143310546875, 477.87872314453125, 1165.6212158203125, 489.92767333984375]","[1136.4677734375, 483.9031982421875]",1.0
Optical_A-F01078-D001,Optical_A,1078,10.78,10.781580652999109,"[355.4095153808594, 328.3154296875, 397.6959533691406, 337.42840576171875]","[376.552734375, 332.8719177246094]",1.0
Optical_A-F01078-D002,Optical_A,1078,10.78,10.781580652999109,"[233.69041442871094, 339.3145751953125, 277.9878234863281, 348.86083984375]","[255.83911895751953, 344.08770751953125]",1.0
Optical_A-F01078-D003,Optical_A,1078,10.78,10.781580652999109,"[1056.480224609375, 543.167724609375, 1096.395263671875, 551.4364013671875]","[1076.437744140625, 547.3020629882812]",1.0
Optical_B-F01078-D000,Optical_B,1078,10.78,10.782826103998813,"[79.90074157714844, 540.1630859375, 118.21060180664062, 547.63232421875]","[99.05567169189453, 543.897705078125]",1.0
Optical_B-F01078-D001,Optical_B,1078,10.78,10.782826103998813,"[264.04168701171875, 509.65863037109375, 303.02532958984375, 517.2288818359375]","[283.53350830078125, 513.4437561035156]",1.0
Optical_B-F01078-D002,Optical_B,1078,10.78,10.782826103998813,"[1039.7943115234375, 518.0277099609375, 1081.6925048828125, 526.233154296875]","[1060.743408203125, 522.1304321289062]",1.0
Optical_B-F01078-D003,Optical_B,1078,10.78,10.782826103998813,"[149.80624389648438, 577.1759033203125, 201.51954650878906, 587.344482421875]","[175.66289520263672, 582.2601928710938]",1.0
Optical_A-F01079-D000,Optical_A,1079,10.790000000000001,10.791839504999226,"[1144.689697265625, 328.2442626953125, 1187.0025634765625, 337.35662841796875]","[1165.8461303710938, 332.8004455566406]",1.0
Optical_A-F01079-D001,Optical_A,1079,10.790000000000001,10.791839504999226,"[1021.5164184570312, 339.26812744140625, 1065.82763671875, 348.81292724609375]","[1043.6720275878906, 344.04052734375]",1.0
Optical_B-F01079-D000,Optical_B,1079,10.790000000000001,10.793210313007004,"[863.7041015625, 540.1632080078125, 902.008544921875, 547.6329345703125]","[882.8563232421875, 543.8980712890625]",1.0
Optical_B-F01079-D001,Optical_B,1079,10.790000000000001,10.793210313007004,"[614.4020385742188, 402.063720703125, 656.1170043945312, 410.3060302734375]","[635.259521484375, 406.18487548828125]",1.0
Optical_B-F01079-D002,Optical_B,1079,10.790000000000001,10.793210313007004,"[1046.6551513671875, 509.65814208984375, 1085.6513671875, 517.22998046875]","[1066.1532592773438, 513.4440612792969]",1.0
Optical_B-F01079-D003,Optical_B,1079,10.790000000000001,10.793210313007004,"[63.27262878417969, 313.17742919921875, 107.3306655883789, 321.99993896484375]","[85.3016471862793, 317.58868408203125]",1.0
Optical_B-F01079-D004,Optical_B,1079,10.790000000000001,10.793210313007004,"[932.7392578125, 577.18701171875, 984.4581298828125, 587.3585205078125]","[958.5986938476562, 582.2727661132812]",1.0
Optical_B-F01079-D005,Optical_B,1079,10.790000000000001,10.793210313007004,"[529.5905151367188, 683.3359375, 582.9700927734375, 694.027099609375]","[556.2803039550781, 688.6815185546875]",1.0
Optical_B-F01079-D006,Optical_B,1079,10.790000000000001,10.793210313007004,"[685.58544921875, 769.2745361328125, 742.5517578125, 780.89501953125]","[714.068603515625, 775.0847778320312]",1.0
Optical_B-F01080-D000,Optical_B,1080,10.8,10.801546002007672,"[20.599212646484375, 355.0802001953125, 59.89982604980469, 362.84539794921875]","[40.24951934814453, 358.9627990722656]",1.0
Optical_B-F01080-D001,Optical_B,1080,10.8,10.801546002007672,"[845.292724609375, 313.179443359375, 889.3414306640625, 322.0037841796875]","[867.3170776367188, 317.59161376953125]",1.0
Optical_B-F01081-D000,Optical_B,1081,10.81,10.811425508002285,"[804.0509033203125, 355.08984375, 843.3389892578125, 362.85565185546875]","[823.6949462890625, 358.9727478027344]",1.0
Optical_B-F01081-D001,Optical_B,1081,10.81,10.811425508002285,"[169.04556274414062, 364.031494140625, 219.15066528320312, 373.8818359375]","[194.09811401367188, 368.9566650390625]",1.0
Optical_B-F01081-D002,Optical_B,1081,10.81,10.811425508002285,"[176.3807373046875, 765.845458984375, 240.38612365722656, 778.7286376953125]","[208.38343048095703, 772.2870483398438]",1.0
Optical_B-F01082-D000,Optical_B,1082,10.82,10.822036463003606,"[659.1805419921875, 368.937744140625, 699.3618774414062, 376.82257080078125]","[679.2712097167969, 372.8801574707031]",1.0
Optical_B-F01082-D001,Optical_B,1082,10.82,10.822036463003606,"[950.190673828125, 364.01129150390625, 1000.2984619140625, 373.864013671875]","[975.2445678710938, 368.9376525878906]",1.0
Optical_B-F01082-D002,Optical_B,1082,10.82,10.822036463003606,"[957.83203125, 765.910400390625, 1021.8536987304688, 778.7996826171875]","[989.8428649902344, 772.3550415039062]",1.0
Optical_B-F01082-D003,Optical_B,1082,10.82,10.822036463003606,"[276.0058898925781, 446.1953125, 347.8404235839844, 460.0400390625]","[311.92315673828125, 453.11767578125]",1.0
Optical_B-F01083-D000,Optical_B,1083,10.83,10.831434322999558,"[1054.796875, 446.17156982421875, 1126.6619873046875, 460.021728515625]","[1090.7294311523438, 453.0966491699219]",1.0
Optical_B-F01085-D000,Optical_B,1085,10.85,10.85155708201055,"[55.33180236816406, 498.07177734375, 106.26628875732422, 507.7484130859375]","[80.79904556274414, 502.91009521484375]",1.0
Optical_B-F01085-D001,Optical_B,1085,10.85,10.85155708201055,"[298.3781433105469, 439.5546875, 345.5552673339844, 448.62957763671875]","[321.9667053222656, 444.0921325683594]",1.0
Optical_B-F01085-D002,Optical_B,1085,10.85,10.85155708201055,"[304.66363525390625, 471.6644287109375, 359.8112487792969, 482.19970703125]","[332.23744201660156, 476.93206787109375]",1.0
Optical_B-F01086-D000,Optical_B,1086,10.86,10.862465843994286,"[837.0987548828125, 498.07159423828125, 888.0223388671875, 507.74835205078125]","[862.560546875, 502.90997314453125]",1.0
Optical_B-F01086-D001,Optical_B,1086,10.86,10.862465843994286,"[1079.35546875, 439.5362548828125, 1126.548828125, 448.61346435546875]","[1102.9521484375, 444.0748596191406]",1.0
Optical_B-F01086-D002,Optical_B,1086,10.86,10.862465843994286,"[1086.069091796875, 471.650390625, 1141.2415771484375, 482.1893310546875]","[1113.6553344726562, 476.91986083984375]",1.0
Optical_B-F01086-D003,Optical_B,1086,10.86,10.862465843994286,"[0.0, 534.3636474609375, 11.208229064941406, 545.7669677734375]","[5.604114532470703, 540.0653076171875]",1.0
Optical_B-F01086-D004,Optical_B,1086,10.86,10.862465843994286,"[105.60218811035156, 631.358154296875, 167.42572021484375, 643.40185546875]","[136.51395416259766, 637.3800048828125]",1.0
Optical_B-F01088-D000,Optical_B,1088,10.88,10.88142433300789,"[1194.9305419921875, 458.2001953125, 1242.163818359375, 467.266357421875]","[1218.5471801757812, 462.7332763671875]",1.0
Optical_B-F01088-D001,Optical_B,1088,10.88,10.88142433300789,"[1090.5489501953125, 487.660400390625, 1135.540283203125, 496.24713134765625]","[1113.0446166992188, 491.9537658691406]",1.0
Optical_B-F01088-D002,Optical_B,1088,10.88,10.88142433300789,"[1201.6710205078125, 435.27703857421875, 1254.733154296875, 445.50933837890625]","[1228.2020874023438, 440.3931884765625]",1.0
Optical_B-F01089-D000,Optical_B,1089,10.89,10.891394917999278,"[511.02056884765625, 636.45654296875, 564.10888671875, 646.8753662109375]","[537.5647277832031, 641.6659545898438]",1.0
Optical_B-F01090-D000,Optical_B,1090,10.9,10.902301417000126,"[468.1329650878906, 755.340087890625, 517.4132690429688, 765.289306640625]","[492.7731170654297, 760.314697265625]",1.0
Optical_B-F01091-D000,Optical_B,1091,10.91,10.911338362999377,"[1248.213623046875, 755.4483642578125, 1280.0, 765.399658203125]","[1264.1068115234375, 760.4240112304688]",1.0
Optical_B-F01109-D000,Optical_B,1109,11.09,11.091581553995493,"[1136.4541015625, 756.0272216796875, 1185.845703125, 766.0032958984375]","[1161.14990234375, 761.0152587890625]",1.0
Optical_B-F01110-D000,Optical_B,1110,11.1,11.102450304004014,"[344.0057373046875, 756.0208740234375, 393.3871154785156, 765.999267578125]","[368.69642639160156, 761.0100708007812]",1.0
Optical_B-F01110-D001,Optical_B,1110,11.1,11.102450304004014,"[1183.6002197265625, 637.04931640625, 1236.923095703125, 647.5179443359375]","[1210.2616577148438, 642.2836303710938]",1.0
Optical_B-F01111-D000,Optical_B,1111,11.11,11.111735477009788,"[391.8981628417969, 637.0479736328125, 445.20989990234375, 647.5177001953125]","[418.5540313720703, 642.2828369140625]",1.0
Optical_B-F01112-D000,Optical_B,1112,11.120000000000001,11.121707685994917,"[1086.851318359375, 457.9453125, 1134.2894287109375, 467.05487060546875]","[1110.5703735351562, 462.5000915527344]",1.0
Optical_B-F01112-D001,Optical_B,1112,11.120000000000001,11.121707685994917,"[962.9051513671875, 487.57830810546875, 1008.0282592773438, 496.194091796875]","[985.4667053222656, 491.8861999511719]",1.0
Optical_B-F01112-D002,Optical_B,1112,11.120000000000001,11.121707685994917,"[1051.53955078125, 434.9716796875, 1104.785888671875, 445.2452392578125]","[1078.1627197265625, 440.10845947265625]",1.0
Optical_B-F01113-D000,Optical_B,1113,11.13,11.131770065995516,"[296.0469970703125, 457.93951416015625, 343.4846496582031, 467.05023193359375]","[319.7658233642578, 462.494873046875]",1.0
Optical_B-F01113-D001,Optical_B,1113,11.13,11.131770065995516,"[171.28326416015625, 487.57318115234375, 216.41827392578125, 496.19085693359375]","[193.85076904296875, 491.88201904296875]",1.0
Optical_B-F01113-D002,Optical_B,1113,11.13,11.131770065995516,"[494.8556213378906, 313.570068359375, 546.1400146484375, 323.71014404296875]","[520.4978179931641, 318.6401062011719]",1.0
Optical_B-F01113-D003,Optical_B,1113,11.13,11.131770065995516,"[258.9813232421875, 434.96246337890625, 312.2295837402344, 445.23760986328125]","[285.60545349121094, 440.10003662109375]",1.0
Optical_B-F01113-D004,Optical_B,1113,11.13,11.131770065995516,"[586.228759765625, 534.5111083984375, 646.3018188476562, 545.9898681640625]","[616.2652893066406, 540.25048828125]",1.0
Optical_B-F01113-D005,Optical_B,1113,11.13,11.131770065995516,"[697.6205444335938, 631.9927978515625, 759.737060546875, 644.101806640625]","[728.6788024902344, 638.0473022460938]",1.0
Optical_B-F01114-D000,Optical_B,1114,11.14,11.141678728003754,"[708.7273559570312, 497.98388671875, 759.9649047851562, 507.72161865234375]","[734.3461303710938, 502.8527526855469]",1.0
Optical_B-F01114-D001,Optical_B,1114,11.14,11.141678728003754,"[930.2225341796875, 439.20928955078125, 977.623779296875, 448.32794189453125]","[953.9231567382812, 443.76861572265625]",1.0
Optical_B-F01114-D002,Optical_B,1114,11.14,11.141678728003754,"[948.6441040039062, 471.37506103515625, 1004.1854858398438, 481.98638916015625]","[976.414794921875, 476.68072509765625]",1.0
Optical_B-F01115-D000,Optical_B,1115,11.15,11.151599402006832,"[138.58120727539062, 439.18975830078125, 185.999755859375, 448.31097412109375]","[162.2904815673828, 443.7503662109375]",1.0
Optical_B-F01115-D001,Optical_B,1115,11.15,11.151599402006832,"[157.41702270507812, 471.36199951171875, 212.97927856445312, 481.97674560546875]","[185.19815063476562, 476.66937255859375]",1.0
Optical_B-F01117-D000,Optical_B,1117,11.17,11.171401058005285,"[797.8453369140625, 445.54974365234375, 870.4407958984375, 459.5322265625]","[834.14306640625, 452.5409851074219]",1.0
Optical_B-F01118-D000,Optical_B,1118,11.18,11.18193734098866,"[509.63006591796875, 368.112548828125, 550.06689453125, 376.04412841796875]","[529.8484802246094, 372.0783386230469]",1.0
Optical_B-F01118-D001,Optical_B,1118,11.18,11.18193734098866,"[765.2911376953125, 362.94378662109375, 815.799072265625, 372.86962890625]","[790.5451049804688, 367.9067077636719]",1.0
Optical_B-F01118-D002,Optical_B,1118,11.18,11.18193734098866,"[3.866119384765625, 445.5142822265625, 76.52214050292969, 459.50384521484375]","[40.194129943847656, 452.5090637207031]",1.0
Optical_B-F01119-D000,Optical_B,1119,11.19,11.191708583993604,"[695.8001098632812, 353.9224853515625, 735.4039306640625, 361.74786376953125]","[715.6020202636719, 357.8351745605469]",1.0
Optical_B-F01119-D001,Optical_B,1119,11.19,11.191708583993604,"[0.0, 362.8680419921875, 24.339599609375, 372.7979736328125]","[12.1697998046875, 367.8330078125]",1.0
Optical_B-F01119-D002,Optical_B,1119,11.19,11.191708583993604,"[0.0, 768.919677734375, 57.013282775878906, 781.96728515625]","[28.506641387939453, 775.4434814453125]",1.0
Optical_B-F01120-D000,Optical_B,1120,11.200000000000001,11.201886297002785,"[673.9403686523438, 311.677001953125, 718.3729248046875, 320.570556640625]","[696.1566467285156, 316.123779296875]",1.0
Optical_B-F01120-D001,Optical_B,1120,11.200000000000001,11.201886297002785,"[1106.2767333984375, 685.0164794921875, 1160.27685546875, 695.818603515625]","[1133.2767944335938, 690.4175415039062]",1.0
Optical_B-F01120-D002,Optical_B,1120,11.200000000000001,11.201886297002785,"[1249.4322509765625, 772.0174560546875, 1280.0, 783.77197265625]","[1264.7161254882812, 777.8947143554688]",1.0
Optical_A-F01121-D000,Optical_A,1121,11.21,11.211779070007616,"[1273.6107177734375, 326.39825439453125, 1280.0, 335.6051025390625]","[1276.8053588867188, 331.0016784667969]",1.0
Optical_A-F01121-D001,Optical_A,1121,11.21,11.211779070007616,"[1089.4542236328125, 337.2822265625, 1134.33349609375, 346.9400634765625]","[1111.8938598632812, 342.11114501953125]",1.0
Optical_B-F01121-D000,Optical_B,1121,11.21,11.211926341996296,"[759.1295166015625, 540.3994140625, 797.7874755859375, 547.9322509765625]","[778.45849609375, 544.1658325195312]",1.0
Optical_B-F01121-D001,Optical_B,1121,11.21,11.211926341996296,"[498.37493896484375, 401.0592041015625, 540.51025390625, 409.37835693359375]","[519.4425964355469, 405.2187805175781]",1.0
Optical_B-F01121-D002,Optical_B,1121,11.21,11.211926341996296,"[893.34326171875, 509.64105224609375, 932.6708374023438, 517.26806640625]","[913.0070495605469, 513.4545593261719]",1.0
Optical_B-F01121-D003,Optical_B,1121,11.21,11.211926341996296,"[791.814453125, 577.9276123046875, 844.1799926757812, 588.2164306640625]","[817.9972229003906, 583.072021484375]",1.0
Optical_B-F01121-D004,Optical_B,1121,11.21,11.211926341996296,"[314.879638671875, 685.03662109375, 368.8803405761719, 695.837890625]","[341.87998962402344, 690.437255859375]",1.0
Optical_B-F01121-D005,Optical_B,1121,11.21,11.211926341996296,"[457.6629638671875, 772.0048828125, 515.3375244140625, 783.75537109375]","[486.500244140625, 777.880126953125]",1.0
Optical_A-F01122-D000,Optical_A,1122,11.22,11.222156991002267,"[1213.4315185546875, 477.34796142578125, 1272.756103515625, 489.58514404296875]","[1243.0938110351562, 483.466552734375]",1.0
Optical_A-F01122-D001,Optical_A,1122,11.22,11.222156991002267,"[490.410400390625, 326.413330078125, 533.238525390625, 335.623779296875]","[511.824462890625, 331.0185546875]",1.0
Optical_A-F01122-D002,Optical_A,1122,11.22,11.222156991002267,"[304.8611755371094, 337.249755859375, 349.7437744140625, 346.9136962890625]","[327.30247497558594, 342.08172607421875]",1.0
Optical_A-F01122-D003,Optical_A,1122,11.22,11.222156991002267,"[1189.015869140625, 543.468017578125, 1229.41015625, 551.8167724609375]","[1209.2130126953125, 547.6423950195312]",1.0
Optical_B-F01122-D000,Optical_B,1122,11.22,11.222021751002758,"[0.0, 540.4144287109375, 8.976325988769531, 547.950927734375]","[4.488162994384766, 544.1826782226562]",1.0
Optical_B-F01122-D001,Optical_B,1122,11.22,11.222021751002758,"[103.40312957763672, 509.64031982421875, 142.75123596191406, 517.269775390625]","[123.07718276977539, 513.4550476074219]",1.0
Optical_B-F01122-D002,Optical_B,1122,11.22,11.222021751002758,"[928.1963500976562, 518.087158203125, 970.5526123046875, 526.373779296875]","[949.3744812011719, 522.23046875]",1.0
Optical_B-F01122-D003,Optical_B,1122,11.22,11.222021751002758,"[2.1068954467773438, 577.9639892578125, 54.517250061035156, 588.257568359375]","[28.31207275390625, 583.1107788085938]",1.0
Optical_A-F01123-D000,Optical_A,1123,11.23,11.231740002000588,"[429.61175537109375, 477.34442138671875, 488.926025390625, 489.58355712890625]","[459.2688903808594, 483.4639892578125]",1.0
Optical_A-F01123-D001,Optical_A,1123,11.23,11.231740002000588,"[405.7972717285156, 543.467529296875, 446.183837890625, 551.8170166015625]","[425.9905548095703, 547.6422729492188]",1.0
Optical_A-F01123-D002,Optical_A,1123,11.23,11.231740002000588,"[902.8240356445312, 509.417236328125, 943.7924194335938, 517.7679443359375]","[923.3082275390625, 513.5925903320312]",1.0
Optical_B-F01123-D000,Optical_B,1123,11.23,11.231749967006618,"[139.36663818359375, 518.0892333984375, 181.74282836914062, 526.37841796875]","[160.5547332763672, 522.2338256835938]",1.0
Optical_B-F01123-D001,Optical_B,1123,11.23,11.231749967006618,"[913.015869140625, 628.6077880859375, 960.2446899414062, 638.1328125]","[936.6302795410156, 633.3703002929688]",1.0
Optical_A-F01124-D000,Optical_A,1124,11.24,11.241686837000307,"[118.35895538330078, 509.416259765625, 159.3500518798828, 517.7701416015625]","[138.8545036315918, 513.5932006835938]",1.0
Optical_B-F01124-D000,Optical_B,1124,11.24,11.242341626997804,"[621.1718139648438, 412.23004150390625, 662.264892578125, 420.52117919921875]","[641.7183532714844, 416.3756103515625]",1.0
Optical_B-F01124-D001,Optical_B,1124,11.24,11.242341626997804,"[879.517822265625, 384.423583984375, 921.3428344726562, 392.93499755859375]","[900.4303283691406, 388.6792907714844]",1.0
Optical_B-F01124-D002,Optical_B,1124,11.24,11.242341626997804,"[1038.1446533203125, 704.1373291015625, 1076.52880859375, 712.075439453125]","[1057.3367309570312, 708.1063842773438]",1.0
Optical_B-F01124-D003,Optical_B,1124,11.24,11.242341626997804,"[1236.0499267578125, 300.6627197265625, 1275.615478515625, 308.88262939453125]","[1255.8327026367188, 304.7726745605469]",1.0
Optical_B-F01124-D004,Optical_B,1124,11.24,11.242341626997804,"[1082.9696044921875, 446.21148681640625, 1131.491943359375, 455.98876953125]","[1107.2307739257812, 451.1001281738281]",1.0
Optical_B-F01124-D005,Optical_B,1124,11.24,11.242341626997804,"[122.59258270263672, 628.6494140625, 169.84576416015625, 638.17578125]","[146.21917343139648, 633.41259765625]",1.0
Optical_B-F01124-D006,Optical_B,1124,11.24,11.242341626997804,"[1259.3564453125, 653.603515625, 1280.0, 666.847412109375]","[1269.67822265625, 660.2254638671875]",1.0
Optical_A-F01125-D000,Optical_A,1125,11.25,11.251998576000915,"[593.3077392578125, 438.0478515625, 654.9776611328125, 450.5457763671875]","[624.1427001953125, 444.29681396484375]",1.0
Optical_A-F01125-D001,Optical_A,1125,11.25,11.251998576000915,"[982.1552124023438, 419.15850830078125, 1039.78271484375, 430.8212890625]","[1010.9689636230469, 424.9898986816406]",1.0
Optical_A-F01125-D002,Optical_A,1125,11.25,11.251998576000915,"[648.2317504882812, 392.1800537109375, 692.2219848632812, 401.17333984375]","[670.2268676757812, 396.67669677734375]",1.0
Optical_A-F01125-D003,Optical_A,1125,11.25,11.251998576000915,"[849.479248046875, 704.72412109375, 887.9082641601562, 712.684326171875]","[868.6937561035156, 708.7042236328125]",1.0
Optical_B-F01125-D000,Optical_B,1125,11.25,11.251801467005862,"[91.00841522216797, 384.3734130859375, 132.8582763671875, 392.8863525390625]","[111.93334579467773, 388.6298828125]",1.0
Optical_B-F01125-D001,Optical_B,1125,11.25,11.251801467005862,"[248.6591339111328, 704.1695556640625, 287.05047607421875, 712.1060791015625]","[267.8548049926758, 708.1378173828125]",1.0
Optical_B-F01125-D002,Optical_B,1125,11.25,11.251801467005862,"[446.4453125, 300.681884765625, 485.99896240234375, 308.89776611328125]","[466.2221374511719, 304.7898254394531]",1.0
Optical_B-F01125-D003,Optical_B,1125,11.25,11.251801467005862,"[294.1802673339844, 446.2003173828125, 342.7083740234375, 455.97821044921875]","[318.44432067871094, 451.0892639160156]",1.0
Optical_B-F01125-D004,Optical_B,1125,11.25,11.251801467005862,"[705.5178833007812, 474.30914306640625, 756.902587890625, 484.660888671875]","[731.2102355957031, 479.4850158691406]",1.0
Optical_B-F01125-D005,Optical_B,1125,11.25,11.251801467005862,"[467.6678771972656, 653.6048583984375, 532.112548828125, 666.844970703125]","[499.8902130126953, 660.2249145507812]",1.0
Optical_A-F01126-D000,Optical_A,1126,11.26,11.262731770000537,"[968.2623291015625, 878.709228515625, 1040.630859375, 894.04931640625]","[1004.4465942382812, 886.3792724609375]",1.0
Optical_A-F01126-D001,Optical_A,1126,11.26,11.262731770000537,"[719.4336547851562, 295.7176513671875, 766.1011352539062, 305.33758544921875]","[742.7673950195312, 300.5276184082031]",1.0
Optical_A-F01126-D002,Optical_A,1126,11.26,11.262731770000537,"[854.3588256835938, 518.2406005859375, 897.3094482421875, 526.7362060546875]","[875.8341369628906, 522.4884033203125]",1.0
Optical_A-F01126-D003,Optical_A,1126,11.26,11.262731770000537,"[1148.633056640625, 413.3192138671875, 1189.53466796875, 421.51824951171875]","[1169.0838623046875, 417.4187316894531]",1.0
Optical_A-F01126-D004,Optical_A,1126,11.26,11.262731770000537,"[65.15972137451172, 704.803466796875, 103.61381530761719, 712.770263671875]","[84.38676834106445, 708.786865234375]",1.0
Optical_A-F01126-D005,Optical_A,1126,11.26,11.262731770000537,"[841.1797485351562, 304.3211669921875, 880.452880859375, 312.3931884765625]","[860.8163146972656, 308.357177734375]",1.0
Optical_B-F01126-D000,Optical_B,1126,11.26,11.261450408992241,"[893.76025390625, 303.37200927734375, 943.5474853515625, 313.883056640625]","[918.6538696289062, 308.6275329589844]",1.0
Optical_A-F01127-D000,Optical_A,1127,11.27,11.272039582992438,"[186.03472900390625, 878.861328125, 258.44000244140625, 894.2181396484375]","[222.23736572265625, 886.5397338867188]",1.0
Optical_A-F01127-D001,Optical_A,1127,11.27,11.272039582992438,"[71.7684555053711, 518.2430419921875, 114.74655151367188, 526.7423095703125]","[93.25750350952148, 522.49267578125]",1.0
Optical_A-F01127-D002,Optical_A,1127,11.27,11.272039582992438,"[365.9317321777344, 413.31640625, 406.8289489746094, 421.5169677734375]","[386.3803405761719, 417.41668701171875]",1.0
Optical_A-F01127-D003,Optical_A,1127,11.27,11.272039582992438,"[931.16064453125, 388.151611328125, 972.3886108398438, 396.41033935546875]","[951.7746276855469, 392.2809753417969]",1.0
Optical_A-F01127-D004,Optical_A,1127,11.27,11.272039582992438,"[57.04151153564453, 304.2303466796875, 96.34037017822266, 312.308837890625]","[76.6909408569336, 308.26959228515625]",1.0
Optical_B-F01127-D000,Optical_B,1127,11.27,11.272130484004737,"[1271.61279296875, 476.7996826171875, 1280.0, 484.75128173828125]","[1275.806396484375, 480.7754821777344]",1.0
Optical_B-F01127-D001,Optical_B,1127,11.27,11.272130484004737,"[518.1858520507812, 396.0853271484375, 564.6859741210938, 405.7900390625]","[541.4359130859375, 400.93768310546875]",1.0
Optical_B-F01127-D002,Optical_B,1127,11.27,11.272130484004737,"[105.24845123291016, 303.28375244140625, 155.06576538085938, 313.794677734375]","[130.15710830688477, 308.5392150878906]",1.0
Optical_B-F01127-D003,Optical_B,1127,11.27,11.272130484004737,"[639.6166381835938, 541.8316650390625, 692.29052734375, 552.687744140625]","[665.9535827636719, 547.2597045898438]",1.0
Optical_B-F01127-D004,Optical_B,1127,11.27,11.272130484004737,"[1272.8583984375, 686.3343505859375, 1280.0, 697.2021484375]","[1276.42919921875, 691.7682495117188]",1.0
Optical_B-F01127-D005,Optical_B,1127,11.27,11.272130484004737,"[1151.4127197265625, 792.7008056640625, 1205.1209716796875, 804.406494140625]","[1178.266845703125, 798.5536499023438]",1.0
Optical_A-F01128-D000,Optical_A,1128,11.28,11.281913547006551,"[958.5177612304688, 494.8824462890625, 1019.677001953125, 506.77691650390625]","[989.0973815917969, 500.8296813964844]",1.0
Optical_A-F01128-D001,Optical_A,1128,11.28,11.281913547006551,"[792.7404174804688, 257.6944580078125, 856.9805297851562, 270.8135986328125]","[824.8604736328125, 264.2540283203125]",1.0
Optical_A-F01128-D002,Optical_A,1128,11.28,11.281913547006551,"[612.4373168945312, 479.90570068359375, 649.4510498046875, 487.154052734375]","[630.9441833496094, 483.5298767089844]",1.0
Optical_B-F01128-D000,Optical_B,1128,11.28,11.281646518998313,"[483.8134765625, 476.8033447265625, 522.020263671875, 484.7535400390625]","[502.9168701171875, 480.7784423828125]",1.0
Optical_B-F01128-D001,Optical_B,1128,11.28,11.281646518998313,"[484.56597900390625, 686.331787109375, 535.3193359375, 697.1944580078125]","[509.9426574707031, 691.7631225585938]",1.0
Optical_B-F01128-D002,Optical_B,1128,11.28,11.281646518998313,"[749.3942260742188, 261.844970703125, 795.109375, 271.7945556640625]","[772.2518005371094, 266.81976318359375]",1.0
Optical_B-F01128-D003,Optical_B,1128,11.28,11.281646518998313,"[363.0241394042969, 792.743896484375, 416.7318115234375, 804.443115234375]","[389.8779754638672, 798.593505859375]",1.0
Optical_A-F01129-D000,Optical_A,1129,11.290000000000001,11.292106006009854,"[177.94293212890625, 494.876708984375, 239.12765502929688, 506.7752685546875]","[208.53529357910156, 500.82598876953125]",1.0
Optical_A-F01129-D001,Optical_A,1129,11.290000000000001,11.292106006009854,"[10.451240539550781, 257.5406494140625, 74.74784851074219, 270.67230224609375]","[42.599544525146484, 264.1064758300781]",1.0
Optical_A-F01129-D002,Optical_A,1129,11.290000000000001,11.292106006009854,"[1167.167724609375, 415.16424560546875, 1233.24658203125, 428.1219482421875]","[1200.2071533203125, 421.6430969238281]",1.0
Optical_A-F01129-D003,Optical_A,1129,11.290000000000001,11.292106006009854,"[785.94287109375, 353.04083251953125, 839.151611328125, 363.6414794921875]","[812.5472412109375, 358.3411560058594]",1.0
Optical_A-F01129-D004,Optical_A,1129,11.290000000000001,11.292106006009854,"[836.8616943359375, 508.01373291015625, 874.2562866210938, 515.2374267578125]","[855.5589904785156, 511.6255798339844]",1.0
Optical_B-F01129-D000,Optical_B,1129,11.290000000000001,11.291819981000154,"[325.95172119140625, 507.46868896484375, 365.17608642578125, 515.6800537109375]","[345.56390380859375, 511.5743713378906]",1.0
Optical_B-F01129-D001,Optical_B,1129,11.290000000000001,11.291819981000154,"[0.0, 261.702392578125, 5.496864318847656, 271.65155029296875]","[2.748432159423828, 266.6769714355469]",1.0
Optical_A-F01130-D000,Optical_A,1130,11.3,11.303050257000724,"[518.1749877929688, 680.159423828125, 589.4485473632812, 694.369384765625]","[553.811767578125, 687.264404296875]",1.0
Optical_A-F01130-D001,Optical_A,1130,11.3,11.303050257000724,"[385.4078674316406, 415.15142822265625, 451.4817810058594, 428.11212158203125]","[418.44482421875, 421.63177490234375]",1.0
Optical_A-F01130-D002,Optical_A,1130,11.3,11.303050257000724,"[3.1624603271484375, 352.95281982421875, 56.41620635986328, 363.56134033203125]","[29.78933334350586, 358.257080078125]",1.0
Optical_A-F01130-D003,Optical_A,1130,11.3,11.303050257000724,"[610.0198974609375, 621.2318115234375, 655.3048706054688, 630.1444091796875]","[632.6623840332031, 625.6881103515625]",1.0
Optical_A-F01130-D004,Optical_A,1130,11.3,11.303050257000724,"[53.073883056640625, 508.0120849609375, 90.49198150634766, 515.23876953125]","[71.78293228149414, 511.62542724609375]",1.0
Optical_A-F01131-D000,Optical_A,1131,11.31,11.312685001003556,"[997.36181640625, 466.0517578125, 1059.7423095703125, 478.0626220703125]","[1028.5520629882812, 472.05718994140625]",1.0
Optical_A-F01131-D001,Optical_A,1131,11.31,11.312685001003556,"[1162.0836181640625, 573.9112548828125, 1211.9891357421875, 583.565673828125]","[1187.036376953125, 578.7384643554688]",1.0
Optical_A-F01131-D002,Optical_A,1131,11.31,11.312685001003556,"[989.4171142578125, 453.71142578125, 1034.230712890625, 462.365966796875]","[1011.8239135742188, 458.0386962890625]",1.0
Optical_A-F01132-D000,Optical_A,1132,11.32,11.322237252992927,"[217.43878173828125, 466.03985595703125, 279.83831787109375, 478.05419921875]","[248.6385498046875, 472.0470275878906]",1.0
Optical_A-F01132-D001,Optical_A,1132,11.32,11.322237252992927,"[380.9062194824219, 573.911376953125, 430.80352783203125, 583.5662841796875]","[405.85487365722656, 578.7388305664062]",1.0
Optical_A-F01132-D002,Optical_A,1132,11.32,11.322237252992927,"[839.8831787109375, 674.161865234375, 891.13525390625, 684.265869140625]","[865.5092163085938, 679.2138671875]",1.0
Optical_A-F01132-D003,Optical_A,1132,11.32,11.322237252992927,"[207.71575927734375, 453.69927978515625, 252.53990173339844, 462.35601806640625]","[230.1278305053711, 458.02764892578125]",1.0
Optical_A-F01132-D004,Optical_A,1132,11.32,11.322237252992927,"[558.338134765625, 413.89337158203125, 600.5009155273438, 422.0919189453125]","[579.4195251464844, 417.9926452636719]",1.0
Optical_A-F01132-D005,Optical_A,1132,11.32,11.322237252992927,"[958.3663940429688, 306.50335693359375, 999.3655395507812, 314.63824462890625]","[978.865966796875, 310.57080078125]",1.0
Optical_A-F01133-D000,Optical_A,1133,11.33,11.331897790003568,"[57.52532958984375, 674.2347412109375, 108.812255859375, 684.3443603515625]","[83.16879272460938, 679.28955078125]",1.0
Optical_A-F01133-D001,Optical_A,1133,11.33,11.331897790003568,"[789.3670043945312, 340.0450439453125, 833.1987915039062, 348.6680908203125]","[811.2828979492188, 344.3565673828125]",1.0
Optical_A-F01133-D002,Optical_A,1133,11.33,11.331897790003568,"[801.232177734375, 480.3580322265625, 846.6754150390625, 489.04290771484375]","[823.9537963867188, 484.7004699707031]",1.0
Optical_A-F01133-D003,Optical_A,1133,11.33,11.331897790003568,"[175.27996826171875, 306.44903564453125, 216.29183959960938, 314.5870361328125]","[195.78590393066406, 310.5180358886719]",1.0
Optical_A-F01134-D000,Optical_A,1134,11.34,11.342240911999252,"[851.18896484375, 536.84228515625, 917.5721435546875, 549.519287109375]","[884.3805541992188, 543.1807861328125]",1.0
Optical_A-F01134-D001,Optical_A,1134,11.34,11.342240911999252,"[788.5897216796875, 742.291748046875, 840.5767822265625, 752.6451416015625]","[814.583251953125, 747.4684448242188]",1.0
Optical_A-F01134-D002,Optical_A,1134,11.34,11.342240911999252,"[7.685089111328125, 339.968994140625, 51.549072265625, 348.5965576171875]","[29.617080688476562, 344.28277587890625]",1.0
Optical_A-F01134-D003,Optical_A,1134,11.34,11.342240911999252,"[18.563308715820312, 480.343017578125, 64.03972625732422, 489.0321044921875]","[41.301517486572266, 484.68756103515625]",1.0
Optical_A-F01134-D004,Optical_A,1134,11.34,11.342240911999252,"[1083.8294677734375, 647.4471435546875, 1126.8306884765625, 655.8427734375]","[1105.330078125, 651.6449584960938]",1.0
Optical_A-F01135-D000,Optical_A,1135,11.35,11.352349832997424,"[72.2036361694336, 536.852783203125, 138.62698364257812, 549.53515625]","[105.41530990600586, 543.1939697265625]",1.0
Optical_A-F01135-D001,Optical_A,1135,11.35,11.352349832997424,"[930.8125, 639.4984130859375, 996.9129638671875, 652.38720703125]","[963.8627319335938, 645.9428100585938]",1.0
Optical_A-F01135-D002,Optical_A,1135,11.35,11.352349832997424,"[6.6942596435546875, 742.408447265625, 58.72184753417969, 752.7677001953125]","[32.70805358886719, 747.5880737304688]",1.0
Optical_A-F01135-D003,Optical_A,1135,11.35,11.352349832997424,"[583.9188842773438, 535.17236328125, 628.068359375, 543.59423828125]","[605.9936218261719, 539.38330078125]",1.0
Optical_A-F01135-D004,Optical_A,1135,11.35,11.352349832997424,"[302.3620300292969, 647.4554443359375, 345.3633117675781, 655.851806640625]","[323.8626708984375, 651.6536254882812]",1.0
Optical_A-F01135-D005,Optical_A,1135,11.35,11.352349832997424,"[1219.6063232421875, 722.78466796875, 1263.49462890625, 731.484375]","[1241.5504760742188, 727.134521484375]",1.0
Optical_A-F01136-D000,Optical_A,1136,11.36,11.36254264898831,"[150.3544921875, 639.54638671875, 216.48529052734375, 652.440185546875]","[183.41989135742188, 645.9932861328125]",1.0
Optical_A-F01136-D001,Optical_A,1136,11.36,11.36254264898831,"[1270.724853515625, 734.878662109375, 1280.0, 746.121826171875]","[1275.3624267578125, 740.500244140625]",1.0
Optical_A-F01136-D002,Optical_A,1136,11.36,11.36254264898831,"[438.2549743652344, 722.760986328125, 482.12664794921875, 731.4595947265625]","[460.19081115722656, 727.1102905273438]",1.0
Optical_A-F01137-D000,Optical_A,1137,11.370000000000001,11.372241230002256,"[490.998779296875, 734.845703125, 547.4811401367188, 746.08642578125]","[519.2399597167969, 740.466064453125]",1.0
Optical_A-F01138-D000,Optical_A,1138,11.38,11.381933866995388,"[976.370849609375, 612.9693603515625, 1024.4615478515625, 622.3387451171875]","[1000.4161987304688, 617.654052734375]",1.0
Optical_A-F01139-D000,Optical_A,1139,11.39,11.392112913003658,"[1224.592529296875, 458.970458984375, 1280.0, 470.10400390625]","[1252.2962646484375, 464.5372314453125]",1.0
Optical_A-F01139-D001,Optical_A,1139,11.39,11.392112913003658,"[194.86907958984375, 612.993408203125, 242.970703125, 622.3643798828125]","[218.91989135742188, 617.6788940429688]",1.0
Optical_A-F01140-D000,Optical_A,1140,11.4,11.401627727004234,"[444.2857360839844, 458.973388671875, 501.82061767578125, 470.1058349609375]","[473.0531768798828, 464.53961181640625]",1.0
Optical_A-F01160-D000,Optical_A,1160,11.6,11.60167642001179,"[564.1236572265625, 458.73187255859375, 621.8775634765625, 469.91546630859375]","[593.0006103515625, 464.32366943359375]",1.0
Optical_A-F01161-D000,Optical_A,1161,11.61,11.611709750998997,"[300.04498291015625, 613.4271240234375, 348.3310241699219, 622.8392333984375]","[324.18800354003906, 618.1331787109375]",1.0
Optical_A-F01162-D000,Optical_A,1162,11.620000000000001,11.621828767999542,"[1091.110595703125, 613.45703125, 1139.41259765625, 622.8726806640625]","[1115.2615966796875, 618.1648559570312]",1.0
Optical_A-F01163-D000,Optical_A,1163,11.63,11.631868364997791,"[662.377197265625, 735.9151611328125, 719.1094970703125, 747.21240234375]","[690.7433471679688, 741.5637817382812]",1.0
Optical_A-F01164-D000,Optical_A,1164,11.64,11.642247586002341,"[314.95355224609375, 640.58837890625, 381.61370849609375, 653.590576171875]","[348.28363037109375, 647.0894775390625]",1.0
Optical_A-F01164-D001,Optical_A,1164,11.64,11.642247586002341,"[577.8864135742188, 723.6434326171875, 621.9360961914062, 732.380126953125]","[599.9112548828125, 728.0117797851562]",1.0
Optical_A-F01165-D000,Optical_A,1165,11.65,11.651980526008993,"[291.2408447265625, 537.029052734375, 358.14154052734375, 549.8021240234375]","[324.6911926269531, 543.4155883789062]",1.0
Optical_A-F01165-D001,Optical_A,1165,11.65,11.651980526008993,"[1107.1619873046875, 640.6431884765625, 1173.8604736328125, 653.6512451171875]","[1140.51123046875, 647.147216796875]",1.0
Optical_A-F01165-D002,Optical_A,1165,11.65,11.651980526008993,"[138.7462615966797, 744.0347900390625, 191.14456176757812, 754.470703125]","[164.9454116821289, 749.2527465820312]",1.0
Optical_A-F01165-D003,Optical_A,1165,11.65,11.651980526008993,"[731.552978515625, 535.2813720703125, 775.9122314453125, 543.7431640625]","[753.7326049804688, 539.5122680664062]",1.0
Optical_A-F01165-D004,Optical_A,1165,11.65,11.651980526008993,"[444.8568115234375, 648.0760498046875, 488.0570983886719, 656.511962890625]","[466.4569549560547, 652.2940063476562]",1.0
Optical_A-F01166-D000,Optical_A,1166,11.66,11.662647871995578,"[1084.7908935546875, 537.03759765625, 1151.7210693359375, 549.8150634765625]","[1118.2559814453125, 543.4263305664062]",1.0
Optical_A-F01166-D001,Optical_A,1166,11.66,11.662647871995578,"[929.3848266601562, 744.0670166015625, 981.78466796875, 754.504150390625]","[955.5847473144531, 749.2855834960938]",1.0
Optical_A-F01166-D002,Optical_A,1166,11.66,11.662647871995578,"[157.464599609375, 339.074462890625, 201.56597900390625, 347.74835205078125]","[179.51528930664062, 343.4114074707031]",1.0
Optical_A-F01166-D003,Optical_A,1166,11.66,11.662647871995578,"[136.55917358398438, 480.1290283203125, 182.3511962890625, 488.877197265625]","[159.45518493652344, 484.50311279296875]",1.0
Optical_A-F01166-D004,Optical_A,1166,11.66,11.662647871995578,"[1235.8741455078125, 648.13525390625, 1279.10498046875, 656.5748291015625]","[1257.4895629882812, 652.3550415039062]",1.0
Optical_A-F01167-D000,Optical_A,1167,11.67,11.674841256988584,"[193.21636962890625, 675.580322265625, 244.94888305664062, 685.77685546875]","[219.08262634277344, 680.6785888671875]",1.0
Optical_A-F01167-D001,Optical_A,1167,11.67,11.674841256988584,"[948.4436645507812, 339.06024169921875, 992.5460815429688, 347.734375]","[970.494873046875, 343.3973083496094]",1.0
Optical_A-F01167-D002,Optical_A,1167,11.67,11.674841256988584,"[926.551025390625, 480.125732421875, 972.34375, 488.87469482421875]","[949.4473876953125, 484.5002136230469]",1.0
Optical_A-F01167-D003,Optical_A,1167,11.67,11.674841256988584,"[284.3548278808594, 305.0858154296875, 325.6512145996094, 313.2799072265625]","[305.0030212402344, 309.182861328125]",1.0
Optical_A-F01168-D000,Optical_A,1168,11.68,11.683832886999589,"[447.0810546875, 465.6260986328125, 510.09869384765625, 477.7493896484375]","[478.5898742675781, 471.687744140625]",1.0
Optical_A-F01168-D001,Optical_A,1168,11.68,11.683832886999589,"[565.270751953125, 574.35498046875, 615.5638427734375, 584.080078125]","[590.4172973632812, 579.217529296875]",1.0
Optical_A-F01168-D002,Optical_A,1168,11.68,11.683832886999589,"[983.510009765625, 675.6158447265625, 1035.25341796875, 685.813720703125]","[1009.3817138671875, 680.7147827148438]",1.0
Optical_A-F01168-D003,Optical_A,1168,11.68,11.683832886999589,"[372.22271728515625, 453.32330322265625, 417.36688232421875, 462.03643798828125]","[394.7947998046875, 457.67987060546875]",1.0
Optical_A-F01168-D004,Optical_A,1168,11.68,11.683832886999589,"[714.9200439453125, 413.29937744140625, 757.3650512695312, 421.5484619140625]","[736.1425476074219, 417.4239196777344]",1.0
Optical_A-F01168-D005,Optical_A,1168,11.68,11.683832886999589,"[1073.8544921875, 305.0299072265625, 1115.1669921875, 313.2254638671875]","[1094.5107421875, 309.127685546875]",1.0
Optical_A-F01169-D000,Optical_A,1169,11.69,11.692318968996405,"[4.025726318359375, 682.2093505859375, 76.31973266601562, 696.6014404296875]","[40.1727294921875, 689.4053955078125]",1.0
Optical_A-F01169-D001,Optical_A,1169,11.69,11.692318968996405,"[1239.812744140625, 465.600830078125, 1280.0, 477.73040771484375]","[1259.9063720703125, 471.6656188964844]",1.0
Optical_A-F01169-D002,Optical_A,1169,11.69,11.692318968996405,"[1163.0843505859375, 453.30169677734375, 1208.253662109375, 462.01776123046875]","[1185.6690063476562, 457.65972900390625]",1.0
Optical_A-F01170-D000,Optical_A,1170,11.700000000000001,11.702010479001911,"[797.37841796875, 682.218505859375, 869.6612548828125, 696.60888671875]","[833.5198364257812, 689.4136962890625]",1.0
Optical_A-F01170-D001,Optical_A,1170,11.700000000000001,11.702010479001911,"[567.3240966796875, 413.83758544921875, 634.3756103515625, 426.9771728515625]","[600.849853515625, 420.4073791503906]",1.0
Optical_A-F01170-D002,Optical_A,1170,11.700000000000001,11.702010479001911,"[145.6175537109375, 351.2142333984375, 199.50401306152344, 361.9422607421875]","[172.56078338623047, 356.5782470703125]",1.0
Optical_A-F01170-D003,Optical_A,1170,11.700000000000001,11.702010479001911,"[736.07763671875, 622.2393798828125, 781.819091796875, 631.2362060546875]","[758.9483642578125, 626.73779296875]",1.0
Optical_A-F01170-D004,Optical_A,1170,11.700000000000001,11.702010479001911,"[153.203125, 507.9815673828125, 190.9325408935547, 515.2635498046875]","[172.06783294677734, 511.62255859375]",1.0
Optical_A-F01171-D000,Optical_A,1171,11.71,11.712207217999968,"[418.7615966796875, 494.68035888671875, 480.76605224609375, 506.71551513671875]","[449.7638244628906, 500.69793701171875]",1.0
Optical_A-F01171-D001,Optical_A,1171,11.71,11.712207217999968,"[181.66114807128906, 253.91998291015625, 246.96078491210938, 267.24749755859375]","[214.31096649169922, 260.583740234375]",1.0
Optical_A-F01171-D002,Optical_A,1171,11.71,11.712207217999968,"[935.4562377929688, 351.185546875, 989.349365234375, 361.9136962890625]","[962.4028015136719, 356.54962158203125]",1.0
Optical_A-F01171-D003,Optical_A,1171,11.71,11.712207217999968,"[0.0, 479.66143798828125, 9.952850341796875, 486.96551513671875]","[4.9764251708984375, 483.3134765625]",1.0
Optical_A-F01171-D004,Optical_A,1171,11.71,11.712207217999968,"[941.9603271484375, 507.981201171875, 979.6908569335938, 515.2637939453125]","[960.8255920410156, 511.62249755859375]",1.0
Optical_B-F01171-D000,Optical_B,1171,11.71,11.712607578993776,"[207.68551635742188, 507.42633056640625, 247.36526489257812, 515.7144775390625]","[227.525390625, 511.5704040527344]",1.0
Optical_A-F01172-D000,Optical_A,1172,11.72,11.721802127997508,"[1210.8369140625, 494.67120361328125, 1272.8953857421875, 506.712646484375]","[1241.8661499023438, 500.6919250488281]",1.0
Optical_A-F01172-D001,Optical_A,1172,11.72,11.721802127997508,"[972.0360717773438, 253.843994140625, 1037.3558349609375, 267.1712646484375]","[1004.6959533691406, 260.50762939453125]",1.0
Optical_A-F01172-D002,Optical_A,1172,11.72,11.721802127997508,"[312.6370544433594, 387.08056640625, 354.2907409667969, 395.41387939453125]","[333.4638977050781, 391.2472229003906]",1.0
Optical_A-F01172-D003,Optical_A,1172,11.72,11.721802127997508,"[762.35546875, 479.66650390625, 799.6973266601562, 486.96917724609375]","[781.0263977050781, 483.3178405761719]",1.0
Optical_B-F01172-D000,Optical_B,1172,11.72,11.722335299010156,"[417.3162841796875, 476.4443359375, 455.95758056640625, 484.47607421875]","[436.6369323730469, 480.460205078125]",1.0
Optical_B-F01172-D001,Optical_B,1172,11.72,11.722335299010156,"[991.0763549804688, 507.4254150390625, 1030.7646484375, 515.7152099609375]","[1010.9205017089844, 511.5703125]",1.0
Optical_B-F01172-D002,Optical_B,1172,11.72,11.722335299010156,"[395.92724609375, 688.69775390625, 447.4490966796875, 699.7130126953125]","[421.68817138671875, 694.2053833007812]",1.0
Optical_B-F01172-D003,Optical_B,1172,11.72,11.722335299010156,"[601.596923828125, 259.04864501953125, 647.943359375, 269.11444091796875]","[624.7701416015625, 264.08154296875]",1.0
Optical_B-F01172-D004,Optical_B,1172,11.72,11.722335299010156,"[267.6025085449219, 796.770263671875, 322.1722412109375, 808.6463623046875]","[294.8873748779297, 802.7083129882812]",1.0
Optical_A-F01173-D000,Optical_A,1173,11.73,11.73451414300187,"[375.4797058105469, 885.595458984375, 449.3650817871094, 901.2548828125]","[412.4223937988281, 893.4251708984375]",1.0
Optical_A-F01173-D001,Optical_A,1173,11.73,11.73451414300187,"[54.44049835205078, 293.02203369140625, 101.76651000976562, 302.77020263671875]","[78.1035041809082, 297.8961181640625]",1.0
Optical_A-F01173-D002,Optical_A,1173,11.73,11.73451414300187,"[244.17874145507812, 518.3017578125, 287.6408386230469, 526.881103515625]","[265.9097900390625, 522.5914306640625]",1.0
Optical_A-F01173-D003,Optical_A,1173,11.73,11.73451414300187,"[532.0340576171875, 412.43524169921875, 573.3689575195312, 420.71038818359375]","[552.7015075683594, 416.57281494140625]",1.0
Optical_A-F01173-D004,Optical_A,1173,11.73,11.73451414300187,"[1102.662109375, 387.04345703125, 1144.3341064453125, 395.3778076171875]","[1123.4981079101562, 391.21063232421875]",1.0
Optical_A-F01173-D005,Optical_A,1173,11.73,11.73451414300187,"[157.91175842285156, 302.169677734375, 197.64279174804688, 310.3314208984375]","[177.77727508544922, 306.25054931640625]",1.0
Optical_B-F01173-D000,Optical_B,1173,11.73,11.732165245998186,"[1202.0579833984375, 476.4273681640625, 1240.7276611328125, 484.4635009765625]","[1221.392822265625, 480.4454345703125]",1.0
Optical_B-F01173-D001,Optical_B,1173,11.73,11.732165245998186,"[424.8104248046875, 394.6082763671875, 471.9732666015625, 404.439208984375]","[448.391845703125, 399.52374267578125]",1.0
Optical_B-F01173-D002,Optical_B,1173,11.73,11.732165245998186,"[535.1990356445312, 542.262939453125, 588.7262573242188, 553.2772216796875]","[561.962646484375, 547.7700805664062]",1.0
Optical_B-F01173-D003,Optical_B,1173,11.73,11.732165245998186,"[1180.1458740234375, 688.7882080078125, 1231.708251953125, 699.8143310546875]","[1205.9270629882812, 694.30126953125]",1.0
Optical_B-F01173-D004,Optical_B,1173,11.73,11.732165245998186,"[1051.636962890625, 796.8753662109375, 1106.23095703125, 808.7646484375]","[1078.9339599609375, 802.8200073242188]",1.0
Optical_A-F01174-D000,Optical_A,1174,11.74,11.742266777009936,"[59.58747863769531, 436.8975830078125, 122.43820190429688, 449.59381103515625]","[91.0128402709961, 443.2456970214844]",1.0
Optical_A-F01174-D001,Optical_A,1174,11.74,11.742266777009936,"[1165.9610595703125, 885.8291015625, 1239.9107666015625, 901.48876953125]","[1202.9359130859375, 893.658935546875]",1.0
Optical_A-F01174-D002,Optical_A,1174,11.74,11.742266777009936,"[345.2912902832031, 417.67694091796875, 403.94256591796875, 429.53082275390625]","[374.61692810058594, 423.6038818359375]",1.0
Optical_A-F01174-D003,Optical_A,1174,11.74,11.742266777009936,"[41.816749572753906, 390.8468017578125, 86.41189575195312, 399.9443359375]","[64.11432266235352, 395.39556884765625]",1.0
Optical_A-F01174-D004,Optical_A,1174,11.74,11.742266777009936,"[1034.2247314453125, 518.30322265625, 1077.6998291015625, 526.8843994140625]","[1055.9622802734375, 522.5938110351562]",1.0
Optical_A-F01174-D005,Optical_A,1174,11.74,11.742266777009936,"[161.10183715820312, 706.798095703125, 199.9981689453125, 714.8504638671875]","[180.5500030517578, 710.8242797851562]",1.0
Optical_A-F01174-D006,Optical_A,1174,11.74,11.742266777009936,"[946.3990478515625, 302.1435546875, 986.133544921875, 310.30352783203125]","[966.2662963867188, 306.2235412597656]",1.0
Optical_B-F01174-D000,Optical_B,1174,11.74,11.741831207002397,"[1209.0272216796875, 394.54498291015625, 1256.228759765625, 404.3837890625]","[1232.6279907226562, 399.4643859863281]",1.0
Optical_B-F01174-D001,Optical_B,1174,11.74,11.741831207002397,"[784.183837890625, 300.44525146484375, 834.7504272460938, 311.109375]","[809.4671325683594, 305.7773132324219]",1.0
Optical_A-F01175-D000,Optical_A,1175,11.75,11.752289294003276,"[1134.6572265625, 417.6318359375, 1193.3502197265625, 429.48956298828125]","[1164.0037231445312, 423.5606994628906]",1.0
Optical_A-F01175-D001,Optical_A,1175,11.75,11.752289294003276,"[831.8355712890625, 390.84881591796875, 876.4239501953125, 399.9442138671875]","[854.1297607421875, 395.3965148925781]",1.0
Optical_A-F01175-D002,Optical_A,1175,11.75,11.752289294003276,"[949.385498046875, 706.8258056640625, 988.284912109375, 714.876220703125]","[968.835205078125, 710.8510131835938]",1.0
Optical_A-F01176-D000,Optical_A,1176,11.76,11.76169268999889,"[212.85240173339844, 509.38385009765625, 254.4151611328125, 517.842529296875]","[233.63378143310547, 513.6131896972656]",1.0
Optical_B-F01176-D000,Optical_B,1176,11.76,11.762106523999828,"[503.53070068359375, 411.039306640625, 545.1712646484375, 419.43121337890625]","[524.3509826660156, 415.2352600097656]",1.0
Optical_B-F01176-D001,Optical_B,1176,11.76,11.762106523999828,"[762.5234985351562, 382.8685302734375, 804.9179077148438, 391.4862060546875]","[783.720703125, 387.1773681640625]",1.0
Optical_B-F01176-D002,Optical_B,1176,11.76,11.762106523999828,"[868.5997924804688, 706.019287109375, 907.4395751953125, 714.0382080078125]","[888.0196838378906, 710.0287475585938]",1.0
Optical_B-F01176-D003,Optical_B,1176,11.76,11.762106523999828,"[1062.816162109375, 298.5198974609375, 1102.8673095703125, 306.826416015625]","[1082.8417358398438, 302.67315673828125]",1.0
Optical_B-F01176-D004,Optical_B,1176,11.76,11.762106523999828,"[949.5169067382812, 445.27691650390625, 998.806640625, 455.19464111328125]","[974.1617736816406, 450.23577880859375]",1.0
Optical_B-F01176-D005,Optical_B,1176,11.76,11.762106523999828,"[1273.1031494140625, 473.79510498046875, 1280.0, 484.28936767578125]","[1276.5515747070312, 479.042236328125]",1.0
Optical_A-F01177-D000,Optical_A,1177,11.77,11.772516828011721,"[564.4505004882812, 476.6756591796875, 625.0419921875, 489.15203857421875]","[594.7462463378906, 482.9138488769531]",1.0
Optical_A-F01177-D001,Optical_A,1177,11.77,11.772516828011721,"[571.9595947265625, 543.8372802734375, 612.9315795898438, 552.2857666015625]","[592.4455871582031, 548.0615234375]",1.0
Optical_A-F01177-D002,Optical_A,1177,11.77,11.772516828011721,"[1000.931396484375, 509.38330078125, 1042.5035400390625, 517.84375]","[1021.7174682617188, 513.613525390625]",1.0
Optical_B-F01177-D000,Optical_B,1177,11.77,11.771929724996443,"[0.0, 518.1649169921875, 42.19825744628906, 526.557373046875]","[21.09912872314453, 522.3611450195312]",1.0
Optical_B-F01177-D001,Optical_B,1177,11.77,11.771929724996443,"[686.9027099609375, 630.0218505859375, 734.8184204101562, 639.665283203125]","[710.8605651855469, 634.8435668945312]",1.0
Optical_A-F01178-D000,Optical_A,1178,11.78,11.781658225010032,"[666.3239135742188, 323.93475341796875, 709.8580322265625, 333.2723388671875]","[688.0909729003906, 328.6035461425781]",1.0
Optical_A-F01178-D001,Optical_A,1178,11.78,11.781658225010032,"[397.9372863769531, 334.54925537109375, 443.58843994140625, 344.36724853515625]","[420.7628631591797, 339.458251953125]",1.0
Optical_B-F01178-D000,Optical_B,1178,11.78,11.781595674999407,"[782.9375, 518.16455078125, 825.8900146484375, 526.5567626953125]","[804.4137573242188, 522.3606567382812]",1.0
Optical_A-F01179-D000,Optical_A,1179,11.790000000000001,11.791684021000984,"[1185.8812255859375, 334.4635009765625, 1231.56689453125, 344.28192138671875]","[1208.7240600585938, 339.3727111816406]",1.0
Optical_B-F01179-D000,Optical_B,1179,11.790000000000001,11.7932879000064,"[611.7965087890625, 540.732177734375, 650.9528198242188, 548.35400390625]","[631.3746643066406, 544.5430908203125]",1.0
Optical_B-F01179-D001,Optical_B,1179,11.790000000000001,11.7932879000064,"[334.6187744140625, 399.64141845703125, 377.347412109375, 408.069091796875]","[355.98309326171875, 403.8552551269531]",1.0
Optical_B-F01179-D002,Optical_B,1179,11.790000000000001,11.7932879000064,"[677.9239501953125, 509.61712646484375, 717.7183837890625, 517.321533203125]","[697.8211669921875, 513.4693298339844]",1.0
Optical_B-F01179-D003,Optical_B,1179,11.790000000000001,11.7932879000064,"[591.8484497070312, 578.978515625, 645.1339721679688, 589.4339599609375]","[618.4912109375, 584.2062377929688]",1.0
Optical_B-F01179-D004,Optical_B,1179,11.790000000000001,11.7932879000064,"[11.258697509765625, 687.441650390625, 66.14322662353516, 698.3984375]","[38.70096206665039, 692.9200439453125]",1.0
Optical_B-F01179-D005,Optical_B,1179,11.790000000000001,11.7932879000064,"[134.82769775390625, 775.872314453125, 193.51173400878906, 787.8067626953125]","[164.16971588134766, 781.8395385742188]",1.0
Optical_B-F01180-D000,Optical_B,1180,11.8,11.80247754600423,"[1117.9969482421875, 399.60107421875, 1160.747314453125, 408.03289794921875]","[1139.3721313476562, 403.8169860839844]",1.0
Optical_B-F01180-D001,Optical_B,1180,11.8,11.80247754600423,"[412.005126953125, 309.38018798828125, 457.0239562988281, 318.379638671875]","[434.51454162597656, 313.8799133300781]",1.0
Optical_B-F01180-D002,Optical_B,1180,11.8,11.80247754600423,"[792.2501220703125, 687.435546875, 847.12158203125, 698.3944091796875]","[819.6858520507812, 692.9149780273438]",1.0
Optical_B-F01180-D003,Optical_B,1180,11.8,11.80247754600423,"[915.4234619140625, 775.908935546875, 974.1119384765625, 787.8489990234375]","[944.7677001953125, 781.8789672851562]",1.0
Optical_B-F01181-D000,Optical_B,1181,11.81,11.81196175200108,"[515.68359375, 351.98016357421875, 555.8115234375, 359.90460205078125]","[535.74755859375, 355.9423828125]",1.0
Optical_B-F01181-D001,Optical_B,1181,11.81,11.81196175200108,"[1193.8355712890625, 309.2939453125, 1238.8853759765625, 318.29901123046875]","[1216.3604736328125, 313.7964782714844]",1.0
Optical_B-F01182-D000,Optical_B,1182,11.82,11.821774396005203,"[239.4642333984375, 366.621826171875, 280.36468505859375, 374.63787841796875]","[259.9144592285156, 370.6298522949219]",1.0
Optical_B-F01182-D001,Optical_B,1182,11.82,11.821774396005203,"[429.9154052734375, 361.0074462890625, 481.1497497558594, 371.06591796875]","[455.53257751464844, 366.03668212890625]",1.0
Optical_B-F01182-D002,Optical_B,1182,11.82,11.821774396005203,"[463.3541564941406, 774.00634765625, 529.552001953125, 787.3291015625]","[496.4530792236328, 780.667724609375]",1.0
Optical_B-F01183-D000,Optical_B,1183,11.83,11.831616155001102,"[1021.4696655273438, 366.5963134765625, 1062.3798828125, 374.614501953125]","[1041.9247741699219, 370.60540771484375]",1.0
Optical_B-F01183-D001,Optical_B,1183,11.83,11.831616155001102,"[1210.9188232421875, 360.937744140625, 1262.190185546875, 371.00177001953125]","[1236.5545043945312, 365.9697570800781]",1.0
Optical_B-F01183-D002,Optical_B,1183,11.83,11.831616155001102,"[1244.5789794921875, 774.16943359375, 1280.0, 787.5028076171875]","[1262.2894897460938, 780.8361206054688]",1.0
Optical_B-F01183-D003,Optical_B,1183,11.83,11.831616155001102,"[284.9573974609375, 444.30859375, 359.01519775390625, 458.5550537109375]","[321.9862976074219, 451.43182373046875]",1.0
Optical_B-F01184-D000,Optical_B,1184,11.84,11.84159028598864,"[1063.292724609375, 444.28350830078125, 1137.3861083984375, 458.53558349609375]","[1100.3394165039062, 451.4095458984375]",1.0
Optical_B-F01186-D000,Optical_B,1186,11.86,11.861773361000232,"[371.09405517578125, 497.75323486328125, 423.1552734375, 507.6513671875]","[397.1246643066406, 502.7023010253906]",1.0
Optical_B-F01186-D001,Optical_B,1186,11.86,11.861773361000232,"[540.4937744140625, 438.354736328125, 588.43310546875, 447.5819091796875]","[564.4634399414062, 442.96832275390625]",1.0
Optical_B-F01186-D002,Optical_B,1186,11.86,11.861773361000232,"[586.5091552734375, 470.6495361328125, 643.0218505859375, 481.4515380859375]","[614.7655029296875, 476.050537109375]",1.0
Optical_B-F01187-D000,Optical_B,1187,11.870000000000001,11.872288909992786,"[0.0, 457.11468505859375, 4.1571044921875, 466.36572265625]","[2.07855224609375, 461.7402038574219]",1.0
Optical_B-F01187-D001,Optical_B,1187,11.870000000000001,11.872288909992786,"[1152.5517578125, 497.74737548828125, 1204.6448974609375, 507.64959716796875]","[1178.5983276367188, 502.698486328125]",1.0
Optical_B-F01187-D002,Optical_B,1187,11.870000000000001,11.872288909992786,"[44.70054626464844, 311.08331298828125, 96.57535552978516, 321.35540771484375]","[70.6379508972168, 316.2193603515625]",1.0
Optical_B-F01187-D003,Optical_B,1187,11.870000000000001,11.872288909992786,"[159.80877685546875, 534.946533203125, 220.98773193359375, 546.6490478515625]","[190.39825439453125, 540.7977905273438]",1.0
Optical_B-F01187-D004,Optical_B,1187,11.870000000000001,11.872288909992786,"[154.281005859375, 633.8138427734375, 217.26702880859375, 646.11181640625]","[185.77401733398438, 639.9628295898438]",1.0
Optical_B-F01188-D000,Optical_B,1188,11.88,11.882233211998829,"[737.7540283203125, 457.1221923828125, 785.8548583984375, 466.37176513671875]","[761.804443359375, 461.7469787597656]",1.0
Optical_B-F01188-D001,Optical_B,1188,11.88,11.882233211998829,"[552.9607543945312, 487.3145751953125, 598.5067138671875, 496.023681640625]","[575.7337341308594, 491.66912841796875]",1.0
Optical_B-F01188-D002,Optical_B,1188,11.88,11.882233211998829,"[824.8718872070312, 311.0958251953125, 876.7305908203125, 321.3663330078125]","[850.8012390136719, 316.2310791015625]",1.0
Optical_B-F01188-D003,Optical_B,1188,11.88,11.882233211998829,"[568.1506958007812, 433.98846435546875, 621.9847412109375, 444.39501953125]","[595.0677185058594, 439.1917419433594]",1.0
Optical_B-F01188-D004,Optical_B,1188,11.88,11.882233211998829,"[940.2208251953125, 534.9508056640625, 1001.4071655273438, 546.6552734375]","[970.8139953613281, 540.8030395507812]",1.0
Optical_B-F01188-D005,Optical_B,1188,11.88,11.882233211998829,"[933.1143798828125, 633.8287353515625, 996.1009521484375, 646.12744140625]","[964.607666015625, 639.9780883789062]",1.0
Optical_B-F01189-D000,Optical_B,1189,11.89,11.891543781996589,"[0.0, 639.19091796875, 14.383201599121094, 649.84521484375]","[7.191600799560547, 644.51806640625]",1.0
Optical_B-F01190-D000,Optical_B,1190,11.9,11.901446466005291,"[740.980712890625, 639.17724609375, 795.069091796875, 649.8289794921875]","[768.02490234375, 644.5031127929688]",1.0
Optical_B-F01191-D000,Optical_B,1191,11.91,11.911313577988185,"[620.5247802734375, 758.6990966796875, 670.2701416015625, 768.7899169921875]","[645.3974609375, 763.7445068359375]",1.0
