camera_id,frame_index,measurement_timestamp,sweep_index,yaw_deg,pitch_deg,detection_count,detection_rpc_latency_ms
Optical_A,0,0.0,0,-18.434948822922024,-0.0,0,1.037893001921475
Optical_B,0,0.0,0,-71.56505117707799,-0.0,0,1.0979210055666044
Optical_A,1,0.01,0,-16.634948822922013,-0.0,0,1.2244669924257323
Optical_B,1,0.01,0,-69.76505117707799,-0.0,0,1.3648150052176788
Optical_A,2,0.02,0,-14.834948822922001,-0.0,0,1.059973001247272
Optical_B,2,0.02,0,-67.96505117707798,-0.0,0,0.9042750025400892
Optical_A,3,0.03,0,-13.034948822922019,-0.0,0,1.8702139932429418
Optical_B,3,0.03,0,-66.165051177078,-0.0,0,0.8995009993668646
Optical_A,4,0.04,0,-11.234948822922007,-0.0,0,0.8993800001917407
Optical_B,4,0.04,0,-64.36505117707799,-0.0,0,0.8569140045437962
Optical_A,5,0.05,0,-9.434948822922024,-0.0,0,0.9663969976827502
Optical_B,5,0.05,0,-62.56505117707799,-0.0,0,1.0449429973959923
Optical_A,6,0.06,0,-7.634948822922013,-0.0,0,1.1444370029494166
Optical_B,6,0.06,0,-60.76505117707799,-0.0,0,0.9328180021839216
Optical_A,7,0.07,0,-5.8349488229220015,-0.0,0,1.5578760067000985
Optical_B,7,0.07,0,-58.96505117707798,-0.0,0,0.994838002952747
Optical_A,8,0.08,0,-4.0349488229220185,-0.0,0,1.205955006298609
Optical_B,8,0.08,0,-57.165051177078,-0.0,0,0.9647719998611137
Optical_A,9,0.09,0,-2.234948822922007,-0.0,0,0.964010992902331
Optical_B,9,0.09,0,-55.36505117707799,-0.0,0,0.97497200476937
Optical_A,10,0.1,0,-0.4349488229220242,-0.0,0,1.4600930007873103
Optical_B,10,0.1,0,-53.56505117707799,-0.0,0,1.1781899956986308
Optical_A,11,0.11,0,1.3650511770779872,-0.0,0,1.0810870007844642
Optical_B,11,0.11,0,-51.76505117707799,-0.0,0,0.8948879985837266
Optical_A,12,0.12,0,3.1650511770779985,-0.0,0,0.162855998496525
Optical_B,12,0.12,0,-49.96505117707801,-0.0,0,0.8267889934359118
Optical_A,13,0.13,0,4.9650511770779815,-0.0,0,1.3207940064603463
Optical_B,13,0.13,0,-48.165051177078,-0.0,0,1.2331969919614494
Optical_A,14,0.14,0,6.765051177077993,-0.0,0,1.1490910110296682
Optical_B,14,0.14,0,-46.36505117707799,-0.0,0,1.0123219981323928
Optical_A,15,0.15,0,8.565051177077976,-0.0,0,1.2089030060451478
Optical_B,15,0.15,0,-44.565051177077976,-0.0,0,0.8756290044402704
Optical_A,16,0.16,0,10.365051177077987,-0.0,0,1.4602659939555451
Optical_B,16,0.16,0,-42.76505117707799,-0.0,1,1.1709910031640902
Optical_A,17,0.17,0,12.165051177077999,-0.0,0,1.0266239987686276
Optical_B,17,0.17,0,-40.96505117707798,-0.0,3,1.1875299969688058
Optical_A,18,0.18,0,13.965051177077981,-0.0,1,1.8173909920733422
Optical_B,18,0.18,0,-39.165051177078,-0.0,2,1.2624960072571412
Optical_A,19,0.19,0,15.765051177077993,-0.0,4,1.3966359983896837
Optical_B,19,0.19,0,-37.36505117707799,-0.0,6,1.3477619941113517
Optical_A,20,0.2,0,17.565051177077976,-0.0,4,1.4043949922779575
Optical_B,20,0.2,0,-35.565051177077976,-0.0,5,2.36756399681326
Optical_A,21,0.21,0,19.365051177077987,-0.0,2,1.6593129985267296
Optical_B,21,0.21,0,-33.76505117707799,-0.0,2,1.2736079952446744
Optical_A,22,0.22,0,21.165051177078,-0.0,7,1.753290998749435
Optical_B,22,0.22,0,-31.96505117707798,-0.0,2,1.226020001922734
Optical_A,23,0.23,0,22.96505117707798,-0.0,9,1.8429350020596758
Optical_B,23,0.23,0,-30.165051177078,-0.0,3,1.4614679967053235
Optical_A,24,0.24,0,24.765051177077993,-0.0,5,1.5226859977701679
Optical_B,24,0.24,0,-28.365051177077987,-0.0,4,1.286992002860643
Optical_A,25,0.25,0,26.565051177077976,-0.0,2,1.2479349970817566
Optical_B,25,0.25,0,-26.565051177077976,-0.0,4,1.5666090039303526
Optical_A,26,0.26,0,28.365051177077987,-0.0,7,1.875179004855454
Optical_B,26,0.26,0,-24.765051177077993,-0.0,7,1.603379991138354
Optical_A,27,0.27,0,30.165051177078,-0.0,6,2.296984996064566
Optical_B,27,0.27,0,-22.96505117707798,-0.0,5,1.4194310060702264
Optical_A,28,0.28,0,31.96505117707801,-0.0,2,1.3903049984946847
Optical_B,28,0.28,0,-21.165051177078,-0.0,5,2.558934997068718
Optical_A,29,0.29,0,33.76505117707799,-0.0,7,1.6330549988197163
Optical_B,29,0.29,0,-19.365051177077987,-0.0,7,2.12664800346829
Optical_A,30,0.3,0,35.565051177077976,-0.0,4,1.5904699976090342
Optical_B,30,0.3,0,-17.565051177077976,-0.0,5,1.5976730064721778
Optical_A,31,0.31,0,37.36505117707799,-0.0,0,1.0817809961736202
Optical_B,31,0.31,0,-15.765051177077993,-0.0,3,1.188447989989072
Optical_A,32,0.32,0,39.165051177078,-0.0,0,1.2201370118418708
Optical_B,32,0.32,0,-13.965051177077981,-0.0,2,1.168902002973482
Optical_A,33,0.33,0,40.96505117707801,-0.0,2,1.285144011490047
Optical_B,33,0.33,0,-12.165051177077999,-0.0,0,0.9811299969442189
Optical_A,34,0.34,0,42.76505117707799,-0.0,1,1.1877229990204796
Optical_B,34,0.34,0,-10.365051177077987,-0.0,0,0.94742099463474
Optical_A,35,0.35000000000000003,0,44.565051177078004,-0.0,0,1.0510610009077936
Optical_B,35,0.35000000000000003,0,-8.565051177077976,-0.0,0,0.8623960020486265
Optical_A,36,0.36,0,46.36505117707799,-0.0,0,1.2069819931639358
Optical_B,36,0.36,0,-6.765051177077993,-0.0,0,1.1690400133375078
Optical_A,37,0.37,0,48.165051177078,-0.0,0,1.5009600028861314
Optical_B,37,0.37,0,-4.96505117707801,-0.0,0,0.9556120057823136
Optical_A,38,0.38,0,49.96505117707801,-0.0,0,1.7248819931410253
Optical_B,38,0.38,0,-3.1650511770779985,-0.0,0,0.9976599976653233
Optical_A,39,0.39,0,51.76505117707799,-0.0,0,1.116462008212693
Optical_B,39,0.39,0,-1.3650511770779872,-0.0,0,0.9513770055491477
Optical_A,40,0.4,0,53.565051177077976,-0.0,0,1.0957960039377213
Optical_B,40,0.4,0,0.4349488229220242,-0.0,0,0.9467710042372346
Optical_A,41,0.41000000000000003,0,55.36505117707799,-0.0,0,1.0087129921885207
Optical_B,41,0.41000000000000003,0,2.2349488229220356,-0.0,0,1.0683739965315908
Optical_A,42,0.42,0,57.165051177078,-0.0,0,0.9676990011939779
Optical_B,42,0.42,0,4.03494882292199,-0.0,0,0.9524220076855272
Optical_A,43,0.43,0,58.96505117707801,-0.0,0,1.1091550113633275
Optical_B,43,0.43,0,5.8349488229220015,-0.0,0,1.1016799981007352
Optical_A,44,0.44,0,60.76505117707799,-0.0,0,1.1707980011124164
Optical_B,44,0.44,0,7.634948822922013,-0.0,0,1.317700996878557
Optical_A,45,0.45,0,62.565051177077976,-0.0,0,1.1865200067404658
Optical_B,45,0.45,0,9.434948822922024,-0.0,0,1.805867999792099
Optical_A,46,0.46,0,64.36505117707799,-0.0,0,1.4325460069812834
Optical_B,46,0.46,0,11.234948822922007,-0.0,0,1.4651300007244572
Optical_A,47,0.47000000000000003,0,66.165051177078,-0.0,0,0.991021006484516
Optical_B,47,0.47000000000000003,0,13.034948822922019,-0.0,0,0.9633419977035373
Optical_A,48,0.48,0,67.96505117707798,-0.0,0,1.0491060093045235
Optical_B,48,0.48,0,14.834948822922001,-0.0,0,1.0246500023640692
Optical_A,49,0.49,0,69.76505117707799,-0.0,0,1.079280991689302
Optical_B,49,0.49,0,16.634948822922013,-0.0,0,1.1037310032406822
Optical_A,50,0.5,1,71.56505117707798,-0.0,0,1.2336460058577359
Optical_B,50,0.5,1,18.434948822922024,-0.0,0,1.1096629896201193
Optical_A,51,0.51,1,69.76505117707799,-0.0,0,1.0574839980108663
Optical_B,51,0.51,1,16.634948822922013,-0.0,0,1.0510220017749816
Optical_A,52,0.52,1,67.96505117707798,-0.0,0,1.0481439967406914
Optical_B,52,0.52,1,14.834948822922001,-0.0,0,0.9397109970450401
Optical_A,53,0.53,1,66.165051177078,-0.0,0,1.0369480005465448
Optical_B,53,0.53,1,13.03494882292199,-0.0,0,0.9678470087237656
Optical_A,54,0.54,1,64.36505117707799,-0.0,0,0.9054800029844046
Optical_B,54,0.54,1,11.234948822922007,-0.0,0,0.9094990091398358
Optical_A,55,0.55,1,62.565051177077976,-0.0,0,1.0899519984377548
Optical_B,55,0.55,1,9.434948822921996,-0.0,0,1.1283159983577207
Optical_A,56,0.56,1,60.765051177077964,-0.0,0,1.8993850098922849
Optical_B,56,0.56,1,7.634948822922013,-0.0,0,0.9767860028659925
Optical_A,57,0.5700000000000001,1,58.96505117707798,-0.0,0,2.6490720047149807
Optical_B,57,0.5700000000000001,1,5.8349488229220015,-0.0,0,0.9846100001595914
Optical_A,58,0.58,1,57.165051177078,-0.0,0,1.044201009790413
Optical_B,58,0.58,1,4.0349488229220185,-0.0,0,1.000087009742856
Optical_A,59,0.59,1,55.36505117707799,-0.0,0,1.4848900027573109
Optical_B,59,0.59,1,2.2349488229220356,-0.0,0,1.0718350094975904
Optical_A,60,0.6,1,53.565051177077976,-0.0,0,1.9027640082640573
Optical_B,60,0.6,1,0.4349488229220242,-0.0,0,0.9882769954856485
Optical_A,61,0.61,1,51.76505117707799,-0.0,0,1.0116519988514483
Optical_B,61,0.61,1,-1.3650511770779872,-0.0,0,0.9746639989316463
Optical_A,62,0.62,1,49.96505117707801,-0.0,0,1.2333010090515018
Optical_B,62,0.62,1,-3.1650511770779985,-0.0,0,1.0654479992808774
Optical_A,63,0.63,1,48.165051177078,-0.0,0,0.9573729912517592
Optical_B,63,0.63,1,-4.96505117707801,-0.0,0,1.050162987667136
Optical_A,64,0.64,1,46.36505117707799,-0.0,0,1.0204239952145144
Optical_B,64,0.64,1,-6.765051177077993,-0.0,0,0.930470007006079
Optical_A,65,0.65,1,44.565051177077976,-0.0,0,1.1208540090592578
Optical_B,65,0.65,1,-8.565051177077976,-0.0,0,0.9852090006461367
Optical_A,66,0.66,1,42.765051177077964,-0.0,1,1.5015429962659255
Optical_B,66,0.66,1,-10.365051177077987,-0.0,0,1.0115629993379116
Optical_A,67,0.67,1,40.96505117707798,-0.0,2,1.213908995850943
Optical_B,67,0.67,1,-12.165051177077999,-0.0,0,1.0493529989616945
Optical_A,68,0.68,1,39.165051177078,-0.0,0,2.1497429988812655
Optical_B,68,0.68,1,-13.96505117707801,-0.0,2,1.1634820111794397
Optical_A,69,0.6900000000000001,1,37.36505117707799,-0.0,0,1.0488580010132864
Optical_B,69,0.6900000000000001,1,-15.765051177078021,-0.0,2,1.274319991352968
Optical_A,70,0.7000000000000001,1,35.565051177077976,-0.0,3,1.4970870106481016
Optical_B,70,0.7000000000000001,1,-17.565051177078004,-0.0,6,1.6795110132079571
Optical_A,71,0.71,1,33.76505117707799,-0.0,6,2.0002529927296564
Optical_B,71,0.71,1,-19.365051177077987,-0.0,7,1.5761889953864738
Optical_A,72,0.72,1,31.96505117707801,-0.0,2,1.2898989953100681
Optical_B,72,0.72,1,-21.165051177078,-0.0,5,1.5414130029967055
Optical_A,73,0.73,1,30.165051177078,-0.0,5,1.6140649968292564
Optical_B,73,0.73,1,-22.96505117707801,-0.0,5,2.136481009074487
Optical_A,74,0.74,1,28.365051177077987,-0.0,7,1.6410609969170764
Optical_B,74,0.74,1,-24.765051177077964,-0.0,5,1.537172996904701
Optical_A,75,0.75,1,26.565051177077976,-0.0,4,1.5580469917040318
Optical_B,75,0.75,1,-26.565051177077976,-0.0,5,1.5772640035720542
Optical_A,76,0.76,1,24.765051177077964,-0.0,5,1.558750998810865
Optical_B,76,0.76,1,-28.365051177077987,-0.0,5,1.424606001819484
Optical_A,77,0.77,1,22.96505117707801,-0.0,9,1.8946350028272718
Optical_B,77,0.77,1,-30.165051177078,-0.0,4,1.4140900020720437
Optical_A,78,0.78,1,21.165051177078,-0.0,6,1.6945240058703348
Optical_B,78,0.78,1,-31.96505117707801,-0.0,2,1.3531290023820475
Optical_A,79,0.79,1,19.365051177077987,-0.0,3,1.4315540029201657
Optical_B,79,0.79,1,-33.76505117707802,-0.0,2,1.2974059936823323
Optical_A,80,0.8,1,17.565051177077976,-0.0,4,1.4991809875937179
Optical_B,80,0.8,1,-35.565051177077976,-0.0,5,1.5796299994690344
Optical_A,81,0.81,1,15.765051177077964,-0.0,1,1.0720010031946003
Optical_B,81,0.81,1,-37.36505117707799,-0.0,6,1.4403059903997928
Optical_A,82,0.8200000000000001,1,13.965051177077953,-0.0,1,2.2400710004149005
Optical_B,82,0.8200000000000001,1,-39.165051177078,-0.0,3,1.2535970017779619
Optical_A,83,0.8300000000000001,1,12.165051177077999,-0.0,0,1.2691250012721866
Optical_B,83,0.8300000000000001,1,-40.96505117707801,-0.0,3,1.395098995999433
Optical_A,84,0.84,1,10.365051177077987,-0.0,0,1.1041730031138286
Optical_B,84,0.84,1,-42.765051177077964,-0.0,2,1.2021130096400157
Optical_A,85,0.85,1,8.565051177077976,-0.0,0,2.026016009040177
Optical_B,85,0.85,1,-44.565051177077976,-0.0,0,1.0770310036605224
Optical_A,86,0.86,1,6.765051177077964,-0.0,0,2.0519760000752285
Optical_B,86,0.86,1,-46.36505117707799,-0.0,0,1.0173589980695397
Optical_A,87,0.87,1,4.96505117707801,-0.0,0,1.6053499857662246
Optical_B,87,0.87,1,-48.165051177078,-0.0,0,0.9579920006217435
Optical_A,88,0.88,1,3.1650511770779985,-0.0,0,1.1518450046423823
Optical_B,88,0.88,1,-49.96505117707801,-0.0,0,0.9160030022030696
Optical_A,89,0.89,1,1.3650511770779872,-0.0,0,0.992255998426117
Optical_B,89,0.89,1,-51.765051177077964,-0.0,0,0.16405200585722923
Optical_A,90,0.9,1,-0.4349488229220242,-0.0,0,1.097311993362382
Optical_B,90,0.9,1,-53.56505117707799,-0.0,0,1.1402509990148246
Optical_A,91,0.91,1,-2.2349488229220356,-0.0,0,0.957955009653233
Optical_B,91,0.91,1,-55.365051177078,-0.0,0,0.9129760001087561
Optical_A,92,0.92,1,-4.03494882292199,-0.0,0,1.0399379971204326
Optical_B,92,0.92,1,-57.165051177077984,-0.0,0,0.9699329966679215
Optical_A,93,0.93,1,-5.8349488229220015,-0.0,0,1.033179010846652
Optical_B,93,0.93,1,-58.965051177077996,-0.0,0,1.033538006595336
Optical_A,94,0.9400000000000001,1,-7.634948822922013,-0.0,0,1.1491280019981787
Optical_B,94,0.9400000000000001,1,-60.76505117707801,-0.0,0,1.111297999159433
Optical_A,95,0.9500000000000001,1,-9.434948822922024,-0.0,0,1.0062449873657897
Optical_B,95,0.9500000000000001,1,-62.56505117707799,-0.0,0,1.0968999995384365
Optical_A,96,0.96,1,-11.234948822921979,-0.0,0,1.0998710058629513
Optical_B,96,0.96,1,-64.36505117707797,-0.0,0,0.9706280106911436
Optical_A,97,0.97,1,-13.03494882292199,-0.0,0,1.0803579934872687
Optical_B,97,0.97,1,-66.16505117707798,-0.0,0,0.9790409967536107
Optical_A,98,0.98,1,-14.834948822922001,-0.0,0,1.0479479969944805
Optical_B,98,0.98,1,-67.965051177078,-0.0,0,1.05796501156874
Optical_A,99,0.99,1,-16.634948822922013,-0.0,0,1.0546700068516657
Optical_B,99,0.99,1,-69.76505117707798,-0.0,0,1.0231679916614667
Optical_A,100,1.0,2,-18.434948822922024,-0.0,0,1.2204189988551661
Optical_B,100,1.0,2,-71.56505117707799,-0.0,0,1.063357005477883
Optical_A,101,1.01,2,-16.634948822922013,-0.0,0,1.1952240020036697
Optical_B,101,1.01,2,-69.76505117707799,-0.0,0,1.1877250071847811
Optical_A,102,1.02,2,-14.834948822922001,-0.0,0,1.3964569952804595
Optical_B,102,1.02,2,-67.96505117707798,-0.0,0,1.3938990014139563
Optical_A,103,1.03,2,-13.03494882292199,-0.0,0,1.2021200091112405
Optical_B,103,1.03,2,-66.16505117707798,-0.0,0,1.0264769953209907
Optical_A,104,1.04,2,-11.234948822922007,-0.0,0,1.0110290022566915
Optical_B,104,1.04,2,-64.36505117707799,-0.0,0,1.0183800040977076
Optical_A,105,1.05,2,-9.434948822921996,-0.0,0,1.558945994474925
Optical_B,105,1.05,2,-62.565051177077976,-0.0,0,1.0734789975685999
Optical_A,106,1.06,2,-7.634948822922013,-0.0,0,0.9248569986084476
Optical_B,106,1.06,2,-60.76505117707798,-0.0,0,1.2202120124129578
Optical_A,107,1.07,2,-5.8349488229220015,-0.0,0,1.1090699990745634
Optical_B,107,1.07,2,-58.96505117707798,-0.0,0,1.1856910132337362
Optical_A,108,1.08,2,-4.03494882292199,-0.0,0,1.126332994317636
Optical_B,108,1.08,2,-57.16505117707797,-0.0,0,0.9624289959901944
Optical_A,109,1.09,2,-2.234948822922007,-0.0,0,1.17019000754226
Optical_B,109,1.09,2,-55.36505117707797,-0.0,0,1.0276770044583827
Optical_A,110,1.1,2,-0.43494882292199577,-0.0,0,1.0635190119501203
Optical_B,110,1.1,2,-53.565051177077976,-0.0,0,0.9672160085756332
Optical_A,111,1.11,2,1.3650511770780156,-0.0,0,1.4388090057764202
Optical_B,111,1.11,2,-51.765051177077964,-0.0,0,1.2809210020350292
Optical_A,112,1.12,2,3.1650511770779985,-0.0,0,0.999670010060072
Optical_B,112,1.12,2,-49.96505117707795,-0.0,0,1.0543860116740689
Optical_A,113,1.1300000000000001,2,4.96505117707801,-0.0,0,1.0726360051194206
Optical_B,113,1.1300000000000001,2,-48.16505117707797,-0.0,0,1.0227169987047091
Optical_A,114,1.1400000000000001,2,6.765051177078021,-0.0,0,1.2054599937982857
Optical_B,114,1.1400000000000001,2,-46.36505117707796,-0.0,0,1.4312569983303547
Optical_A,115,1.1500000000000001,2,8.565051177078004,-0.0,0,1.2142150080762804
Optical_B,115,1.1500000000000001,2,-44.565051177077976,-0.0,0,1.3980649964651093
Optical_A,116,1.16,2,10.365051177077987,-0.0,0,1.5024459862615913
Optical_B,116,1.16,2,-42.76505117707802,-0.0,2,1.2292180035728961
Optical_A,117,1.17,2,12.16505117707797,-0.0,0,0.979978998657316
Optical_B,117,1.17,2,-40.96505117707801,-0.0,3,1.261554003576748
Optical_A,118,1.18,2,13.965051177077981,-0.0,1,1.6248059982899576
Optical_B,118,1.18,2,-39.165051177078,-0.0,2,1.2345980067038909
Optical_A,119,1.19,2,15.765051177077964,-0.0,1,1.1913049966096878
Optical_B,119,1.19,2,-37.36505117707799,-0.0,6,1.5571609983453527
Optical_A,120,1.2,2,17.565051177077976,-0.0,4,1.981097986572422
Optical_B,120,1.2,2,-35.565051177078004,-0.0,5,1.9763509917538613
Optical_A,121,1.21,2,19.365051177077987,-0.0,3,1.3211040059104562
Optical_B,121,1.21,2,-33.76505117707799,-0.0,1,1.0822610056493431
Optical_A,122,1.22,2,21.165051177078,-0.0,6,1.5360990073531866
Optical_B,122,1.22,2,-31.96505117707801,-0.0,2,1.084338000509888
Optical_A,123,1.23,2,22.96505117707798,-0.0,9,1.6460280021419749
Optical_B,123,1.23,2,-30.165051177078,-0.0,5,1.3518080086214468
Optical_A,124,1.24,2,24.765051177077993,-0.0,7,1.5520920132985339
Optical_B,124,1.24,2,-28.365051177077987,-0.0,6,1.4582139992853627
Optical_A,125,1.25,2,26.565051177077976,-0.0,5,1.8169560062233359
Optical_B,125,1.25,2,-26.565051177077976,-0.0,5,1.8068270001094788
Optical_A,126,1.26,2,28.365051177077987,-0.0,6,1.6583719989284873
Optical_B,126,1.26,2,-24.765051177077993,-0.0,5,2.2253560018725693
Optical_A,127,1.27,2,30.165051177078,-0.0,6,1.5053970128064975
Optical_B,127,1.27,2,-22.96505117707798,-0.0,5,2.0243219914846122
Optical_A,128,1.28,2,31.96505117707801,-0.0,3,1.4194970135577023
Optical_B,128,1.28,2,-21.165051177078,-0.0,4,1.9883990025846288
Optical_A,129,1.29,2,33.76505117707799,-0.0,7,2.040631996351294
Optical_B,129,1.29,2,-19.365051177077987,-0.0,8,1.9961690122727305
Optical_A,130,1.3,2,35.565051177078004,-0.0,7,1.702049994491972
Optical_B,130,1.3,2,-17.565051177077976,-0.0,6,1.9278949912404642
Optical_A,131,1.31,2,37.36505117707799,-0.0,1,1.4691219985252246
Optical_B,131,1.31,2,-15.765051177077964,-0.0,2,1.7285719950450584
Optical_A,132,1.32,2,39.165051177078,-0.0,0,1.1103699944214895
Optical_B,132,1.32,2,-13.965051177077981,-0.0,2,1.2039799912599847
Optical_A,133,1.33,2,40.96505117707801,-0.0,1,1.1476359941298142
Optical_B,133,1.33,2,-12.16505117707797,-0.0,0,0.9303599945269525
Optical_A,134,1.34,2,42.76505117707802,-0.0,2,1.6495820018462837
Optical_B,134,1.34,2,-10.365051177077987,-0.0,0,1.0168500011786819
Optical_A,135,1.35,2,44.565051177078004,-0.0,0,1.5761029935674742
Optical_B,135,1.35,2,-8.565051177077976,-0.0,0,0.9972539992304519
Optical_A,136,1.36,2,46.36505117707799,-0.0,0,0.9815749945119023
Optical_B,136,1.36,2,-6.765051177077964,-0.0,0,1.010626001516357
Optical_A,137,1.37,2,48.165051177078,-0.0,0,1.6561930096941069
Optical_B,137,1.37,2,-4.965051177077953,-0.0,0,1.0892479913309216
Optical_A,138,1.3800000000000001,2,49.96505117707801,-0.0,0,2.1793600026285276
Optical_B,138,1.3800000000000001,2,-3.16505117707797,-0.0,0,1.1524380097398534
Optical_A,139,1.3900000000000001,2,51.76505117707802,-0.0,0,1.5369049942819402
Optical_B,139,1.3900000000000001,2,-1.3650511770779872,-0.0,0,1.4354540035128593
Optical_A,140,1.4000000000000001,2,53.56505117707803,-0.0,0,1.070840997272171
Optical_B,140,1.4000000000000001,2,0.4349488229220242,-0.0,0,1.0677449899958447
Optical_A,141,1.41,2,55.36505117707799,-0.0,0,1.2155279982835054
Optical_B,141,1.41,2,2.2349488229219787,-0.0,0,1.073088002158329
Optical_A,142,1.42,2,57.165051177078,-0.0,0,1.2832450011046603
Optical_B,142,1.42,2,4.03494882292199,-0.0,0,1.4750560076208785
Optical_A,143,1.43,2,58.96505117707798,-0.0,0,1.5176770102698356
Optical_B,143,1.43,2,5.8349488229220015,-0.0,0,1.013191998936236
Optical_A,144,1.44,2,60.765051177077964,-0.0,0,1.0782619938254356
Optical_B,144,1.44,2,7.634948822922013,-0.0,0,0.9439370041945949
Optical_A,145,1.45,2,62.565051177077976,-0.0,0,1.2103019980713725
Optical_B,145,1.45,2,9.434948822921996,-0.0,0,1.0152900067623705
Optical_A,146,1.46,2,64.36505117707799,-0.0,0,1.5281079977285117
Optical_B,146,1.46,2,11.234948822922007,-0.0,0,1.2474529939936474
Optical_A,147,1.47,2,66.165051177078,-0.0,0,0.9822319989325479
Optical_B,147,1.47,2,13.03494882292199,-0.0,0,1.037021997035481
Optical_A,148,1.48,2,67.96505117707798,-0.0,0,1.2152900017099455
Optical_B,148,1.48,2,14.834948822922001,-0.0,0,0.9611479908926412
Optical_A,149,1.49,2,69.76505117707799,-0.0,0,1.3517600018531084
Optical_B,149,1.49,2,16.634948822922013,-0.0,0,1.2890140060335398
Optical_A,150,1.5,3,71.56505117707798,-0.0,0,1.7890250019263476
Optical_B,150,1.5,3,18.434948822922024,-0.0,0,1.2691080046352
Optical_A,151,1.51,3,69.76505117707799,-0.0,0,1.0293730010744184
Optical_B,151,1.51,3,16.634948822922013,-0.0,0,1.0461820056661963
Optical_A,152,1.52,3,67.96505117707798,-0.0,0,1.283781006350182
Optical_B,152,1.52,3,14.834948822922001,-0.0,0,0.9969930106308311
Optical_A,153,1.53,3,66.165051177078,-0.0,0,1.1788419942604378
Optical_B,153,1.53,3,13.03494882292199,-0.0,0,1.0561859962763265
Optical_A,154,1.54,3,64.36505117707799,-0.0,0,1.141981003456749
Optical_B,154,1.54,3,11.234948822922007,-0.0,0,1.1308679968351498
Optical_A,155,1.55,3,62.565051177077976,-0.0,0,1.124451999203302
Optical_B,155,1.55,3,9.434948822921996,-0.0,0,0.9074039990082383
Optical_A,156,1.56,3,60.765051177077964,-0.0,0,0.9808550094021484
Optical_B,156,1.56,3,7.634948822922013,-0.0,0,1.1121449933853
Optical_A,157,1.57,3,58.96505117707798,-0.0,0,1.062470008037053
Optical_B,157,1.57,3,5.8349488229220015,-0.0,0,1.3462749921018258
Optical_A,158,1.58,3,57.165051177078,-0.0,0,1.3610890018753707
Optical_B,158,1.58,3,4.03494882292199,-0.0,0,0.9906009945552796
Optical_A,159,1.59,3,55.36505117707799,-0.0,0,1.0873150022234768
Optical_B,159,1.59,3,2.2349488229219787,-0.0,0,1.101257003028877
Optical_A,160,1.6,3,53.565051177077976,-0.0,0,1.9390050001675263
Optical_B,160,1.6,3,0.43494882292199577,-0.0,0,0.9001579892355949
Optical_A,161,1.61,3,51.765051177077964,-0.0,0,2.403930004220456
Optical_B,161,1.61,3,-1.3650511770779872,-0.0,0,1.0029949917225167
Optical_A,162,1.62,3,49.96505117707795,-0.0,0,1.0040519991889596
Optical_B,162,1.62,3,-3.1650511770779985,-0.0,0,0.8977760007837787
Optical_A,163,1.6300000000000001,3,48.16505117707797,-0.0,0,1.0933209996437654
Optical_B,163,1.6300000000000001,3,-4.96505117707801,-0.0,0,1.09421499655582
Optical_A,164,1.6400000000000001,3,46.36505117707799,-0.0,0,0.976152005023323
Optical_B,164,1.6400000000000001,3,-6.765051177078021,-0.0,0,1.0051280114566907
Optical_A,165,1.6500000000000001,3,44.565051177077976,-0.0,0,1.0388259979663417
Optical_B,165,1.6500000000000001,3,-8.565051177078033,-0.0,0,0.9179979970213026
Optical_A,166,1.6600000000000001,3,42.765051177077964,-0.0,2,1.1991960054729134
Optical_B,166,1.6600000000000001,3,-10.365051177078016,-0.0,0,1.7853409954113886
Optical_A,167,1.67,3,40.96505117707801,-0.0,2,1.4311619888758287
Optical_B,167,1.67,3,-12.165051177077999,-0.0,0,0.9644029923947528
Optical_A,168,1.68,3,39.165051177078,-0.0,0,1.051479994202964
Optical_B,168,1.68,3,-13.965051177077981,-0.0,2,1.0229899926343933
Optical_A,169,1.69,3,37.36505117707799,-0.0,1,1.203812993480824
Optical_B,169,1.69,3,-15.765051177077964,-0.0,2,1.1481380061013624
Optical_A,170,1.7,3,35.565051177078004,-0.0,7,1.5710040024714544
Optical_B,170,1.7,3,-17.565051177077976,-0.0,4,1.461956009734422
Optical_A,171,1.71,3,33.76505117707799,-0.0,5,1.662308000959456
Optical_B,171,1.71,3,-19.365051177077987,-0.0,8,1.5097069990588352
Optical_A,172,1.72,3,31.96505117707801,-0.0,4,2.467042999342084
Optical_B,172,1.72,3,-21.165051177078,-0.0,5,2.0629850041586906
Optical_A,173,1.73,3,30.165051177078,-0.0,5,1.796602999093011
Optical_B,173,1.73,3,-22.96505117707801,-0.0,5,2.170164996641688
Optical_A,174,1.74,3,28.365051177077987,-0.0,5,2.403816004516557
Optical_B,174,1.74,3,-24.765051177077964,-0.0,3,1.3915549934608862
Optical_A,175,1.75,3,26.565051177077976,-0.0,5,2.327668000361882
Optical_B,175,1.75,3,-26.565051177077976,-0.0,6,1.9610160088632256
Optical_A,176,1.76,3,24.765051177077964,-0.0,6,1.486769993789494
Optical_B,176,1.76,3,-28.365051177077987,-0.0,6,1.9838279986288399
Optical_A,177,1.77,3,22.96505117707801,-0.0,9,2.712683010031469
Optical_B,177,1.77,3,-30.165051177078,-0.0,5,1.7533440113766119
Optical_A,178,1.78,3,21.165051177078,-0.0,4,1.7422480013919994
Optical_B,178,1.78,3,-31.96505117707801,-0.0,3,1.4058579981792718
Optical_A,179,1.79,3,19.365051177077987,-0.0,3,1.8038580019492656
Optical_B,179,1.79,3,-33.76505117707802,-0.0,1,1.5370299952337518
Optical_A,180,1.8,3,17.565051177077976,-0.0,4,1.6492750000907108
Optical_B,180,1.8,3,-35.565051177077976,-0.0,3,1.7524029972264543
Optical_A,181,1.81,3,15.765051177077964,-0.0,2,2.022072992986068
Optical_B,181,1.81,3,-37.36505117707799,-0.0,5,2.0520709949778393
Optical_A,182,1.82,3,13.965051177077953,-0.0,1,1.4551019994542003
Optical_B,182,1.82,3,-39.165051177078,-0.0,3,1.7127850005635992
Optical_A,183,1.83,3,12.165051177077999,-0.0,0,1.0521749936742708
Optical_B,183,1.83,3,-40.96505117707801,-0.0,1,1.0742589947767556
Optical_A,184,1.84,3,10.365051177077987,-0.0,0,1.165025998489
Optical_B,184,1.84,3,-42.76505117707802,-0.0,2,2.2141640074551105
Optical_A,185,1.85,3,8.565051177077976,-0.0,0,1.0449459950905293
Optical_B,185,1.85,3,-44.56505117707803,-0.0,0,2.0360729977255687
Optical_A,186,1.86,3,6.765051177077964,-0.0,0,1.1895749921677634
Optical_B,186,1.86,3,-46.36505117707799,-0.0,0,0.9938610019162297
Optical_A,187,1.87,3,4.965051177077953,-0.0,0,1.1015100026270375
Optical_B,187,1.87,3,-48.165051177078,-0.0,0,0.9446190088056028
Optical_A,188,1.8800000000000001,3,3.1650511770779417,-0.0,0,0.9421610011486337
Optical_B,188,1.8800000000000001,3,-49.96505117707801,-0.0,0,1.0373620025347918
Optical_A,189,1.8900000000000001,3,1.3650511770779872,-0.0,0,0.9232580050593242
Optical_B,189,1.8900000000000001,3,-51.76505117707802,-0.0,0,1.1047050065826625
Optical_A,190,1.9000000000000001,3,-0.4349488229220242,-0.0,0,1.2351500045042485
Optical_B,190,1.9000000000000001,3,-53.56505117707802,-0.0,0,1.3612600014312193
Optical_A,191,1.9100000000000001,3,-2.2349488229220356,-0.0,0,1.3939329946879297
Optical_B,191,1.9100000000000001,3,-55.365051177078,-0.0,0,0.9654360037529841
Optical_A,192,1.92,3,-4.03494882292199,-0.0,0,1.1621909943642095
Optical_B,192,1.92,3,-57.165051177077984,-0.0,0,1.0103139939019457
Optical_A,193,1.93,3,-5.8349488229220015,-0.0,0,1.8106909992638975
Optical_B,193,1.93,3,-58.96505117707797,-0.0,0,0.9287440043408424
Optical_A,194,1.94,3,-7.634948822922013,-0.0,0,1.2512160028563812
Optical_B,194,1.94,3,-60.76505117707798,-0.0,0,1.047365993144922
Optical_A,195,1.95,3,-9.434948822922024,-0.0,0,0.9646419930504635
Optical_B,195,1.95,3,-62.56505117707799,-0.0,0,0.9907810017466545
Optical_A,196,1.96,3,-11.234948822921979,-0.0,0,1.0793910041684285
Optical_B,196,1.96,3,-64.36505117707797,-0.0,0,0.8968120091594756
Optical_A,197,1.97,3,-13.03494882292199,-0.0,0,0.9698359936010092
Optical_B,197,1.97,3,-66.16505117707798,-0.0,0,0.9233109885826707
Optical_A,198,1.98,3,-14.834948822922001,-0.0,0,1.1254340060986578
Optical_B,198,1.98,3,-67.965051177078,-0.0,0,0.9577709861332551
Optical_A,199,1.99,3,-16.634948822922013,-0.0,0,0.9075779962586239
Optical_B,199,1.99,3,-69.76505117707798,-0.0,0,0.9098129958147183
Optical_A,200,2.0,4,-18.434948822922024,-0.0,0,1.1282310006208718
Optical_B,200,2.0,4,-71.56505117707799,-0.0,0,1.2578680034494027
Optical_A,201,2.0100000000000002,4,-16.634948822921956,-0.0,0,1.2653899902943522
Optical_B,201,2.0100000000000002,4,-69.76505117707795,-0.0,0,1.1327749962219968
Optical_A,202,2.02,4,-14.834948822922001,-0.0,0,1.1108759936178103
Optical_B,202,2.02,4,-67.96505117707798,-0.0,0,1.0571079910732806
Optical_A,203,2.0300000000000002,4,-13.034948822921962,-0.0,0,1.275385991903022
Optical_B,203,2.0300000000000002,4,-66.16505117707794,-0.0,0,1.16703100502491
Optical_A,204,2.04,4,-11.234948822922007,-0.0,0,1.0778620053315535
Optical_B,204,2.04,4,-64.36505117707799,-0.0,0,0.9221449872711673
Optical_A,205,2.05,4,-9.434948822922024,-0.0,0,1.09802299994044
Optical_B,205,2.05,4,-62.56505117707802,-0.0,0,0.9756159997778013
Optical_A,206,2.06,4,-7.634948822922013,-0.0,0,1.0866819939110428
Optical_B,206,2.06,4,-60.76505117707798,-0.0,0,1.0025600058725104
Optical_A,207,2.07,4,-5.83494882292203,-0.0,0,2.1842299902345985
Optical_B,207,2.07,4,-58.96505117707801,-0.0,0,1.0685710003599524
Optical_A,208,2.08,4,-4.03494882292199,-0.0,0,1.0531110019655898
Optical_B,208,2.08,4,-57.16505117707797,-0.0,0,0.9606130042811856
Optical_A,209,2.09,4,-2.2349488229220356,-0.0,0,1.3330989895621315
Optical_B,209,2.09,4,-55.365051177078016,-0.0,0,1.0036690073320642
Optical_A,210,2.1,4,-0.43494882292199577,-0.0,0,1.6514550079591572
Optical_B,210,2.1,4,-53.565051177077976,-0.0,0,1.0358849976910278
Optical_A,211,2.11,4,1.3650511770779588,-0.0,0,1.26682200061623
Optical_B,211,2.11,4,-51.76505117707802,-0.0,0,0.9072909888345748
Optical_A,212,2.12,4,3.1650511770779985,-0.0,0,1.0883170034503564
Optical_B,212,2.12,4,-49.96505117707795,-0.0,0,0.9752959886100143
Optical_A,213,2.13,4,4.9650511770779815,-0.0,0,1.1542599968379363
Optical_B,213,2.13,4,-48.165051177078,-0.0,0,0.9934379922924563
Optical_A,214,2.14,4,6.765051177078021,-0.0,0,1.137867002398707
Optical_B,214,2.14,4,-46.36505117707796,-0.0,0,1.0472160065546632
Optical_A,215,2.15,4,8.565051177077976,-0.0,0,1.9931679998990148
Optical_B,215,2.15,4,-44.565051177078004,-0.0,0,1.093044993467629
Optical_A,216,2.16,4,10.365051177078016,-0.0,0,1.537434000056237
Optical_B,216,2.16,4,-42.765051177077964,-0.0,2,1.1557530087884516
Optical_A,217,2.17,4,12.16505117707797,-0.0,0,1.1647889914456755
Optical_B,217,2.17,4,-40.96505117707801,-0.0,2,1.3965710095362738
Optical_A,218,2.18,4,13.96505117707801,-0.0,0,2.0429720025276765
Optical_B,218,2.18,4,-39.16505117707797,-0.0,5,1.568367995787412
Optical_A,219,2.19,4,15.765051177077964,-0.0,2,1.4693799894303083
Optical_B,219,2.19,4,-37.36505117707799,-0.0,5,1.69512300635688
Optical_A,220,2.2,4,17.565051177078033,-0.0,4,1.5829119947738945
Optical_B,220,2.2,4,-35.565051177077976,-0.0,2,1.3273880031192675
Optical_A,221,2.21,4,19.365051177077987,-0.0,4,1.9511529972078279
Optical_B,221,2.21,4,-33.76505117707799,-0.0,0,1.023270990117453
Optical_A,222,2.22,4,21.165051177078027,-0.0,4,1.4603470044676214
Optical_B,222,2.22,4,-31.965051177077953,-0.0,3,1.507578999735415
Optical_A,223,2.23,4,22.96505117707798,-0.0,9,2.761818002909422
Optical_B,223,2.23,4,-30.165051177078,-0.0,4,1.477345998864621
Optical_A,224,2.24,4,24.76505117707802,-0.0,9,2.2320319985738024
Optical_B,224,2.24,4,-28.36505117707796,-0.0,6,1.7094009963329881
Optical_A,225,2.25,4,26.565051177077976,-0.0,5,2.0353800064185634
Optical_B,225,2.25,4,-26.565051177077976,-0.0,5,1.8866269965656102
Optical_A,226,2.2600000000000002,4,28.365051177078044,-0.0,4,1.5038470010040328
Optical_B,226,2.2600000000000002,4,-24.765051177077964,-0.0,4,1.5155250002862886
Optical_A,227,2.27,4,30.165051177078,-0.0,5,1.4380679931491613
Optical_B,227,2.27,4,-22.96505117707798,-0.0,4,1.6346289921784773
Optical_A,228,2.2800000000000002,4,31.96505117707804,-0.0,4,1.3688509934581816
Optical_B,228,2.2800000000000002,4,-21.16505117707794,-0.0,5,1.5209099947242066
Optical_A,229,2.29,4,33.76505117707799,-0.0,4,2.3550899932160974
Optical_B,229,2.29,4,-19.365051177077987,-0.0,8,2.0794810116058215
Optical_A,230,2.3000000000000003,4,35.56505117707803,-0.0,8,1.8842980061890557
Optical_B,230,2.3000000000000003,4,-17.565051177077947,-0.0,4,1.7788910045055673
Optical_A,231,2.31,4,37.36505117707799,-0.0,3,1.45861400233116
Optical_B,231,2.31,4,-15.765051177077964,-0.0,2,1.5352900081779808
Optical_A,232,2.32,4,39.16505117707797,-0.0,0,1.285364996874705
Optical_B,232,2.32,4,-13.96505117707801,-0.0,2,1.5970230015227571
Optical_A,233,2.33,4,40.96505117707801,-0.0,0,1.1308700049994513
Optical_B,233,2.33,4,-12.16505117707797,-0.0,0,1.0466640087543055
Optical_A,234,2.34,4,42.765051177077964,-0.0,2,1.2354500067885965
Optical_B,234,2.34,4,-10.365051177078016,-0.0,0,1.0161980026168749
Optical_A,235,2.35,4,44.565051177078004,-0.0,0,1.2041810114169493
Optical_B,235,2.35,4,-8.565051177077976,-0.0,0,0.16840200987644494
Optical_A,236,2.36,4,46.36505117707799,-0.0,0,1.0603689879644662
Optical_B,236,2.36,4,-6.765051177078021,-0.0,0,1.0154860065085813
Optical_A,237,2.37,4,48.165051177078,-0.0,0,0.9949909872375429
Optical_B,237,2.37,4,-4.965051177077953,-0.0,0,0.9353079949505627
Optical_A,238,2.38,4,49.96505117707795,-0.0,0,0.9971730032702908
Optical_B,238,2.38,4,-3.1650511770779985,-0.0,0,1.0542099917074665
Optical_A,239,2.39,4,51.76505117707802,-0.0,0,1.100014997064136
Optical_B,239,2.39,4,-1.3650511770779872,-0.0,0,0.9792089986149222
Optical_A,240,2.4,4,53.565051177077976,-0.0,0,1.1817550112027675
Optical_B,240,2.4,4,0.43494882292199577,-0.0,0,1.0873510036617517
Optical_A,241,2.41,4,55.365051177078016,-0.0,0,1.1537149985088035
Optical_B,241,2.41,4,2.2349488229220356,-0.0,0,0.9967699879780412
Optical_A,242,2.42,4,57.165051177078,-0.0,0,1.5347489970736206
Optical_B,242,2.42,4,4.03494882292199,-0.0,0,1.060434995451942
Optical_A,243,2.43,4,58.96505117707801,-0.0,0,1.0336990089854226
Optical_B,243,2.43,4,5.834948822922058,-0.0,0,1.288541010580957
Optical_A,244,2.44,4,60.765051177077964,-0.0,0,1.1251859978074208
Optical_B,244,2.44,4,7.634948822922013,-0.0,0,1.0547270067036152
Optical_A,245,2.45,4,62.56505117707803,-0.0,0,1.2381230044411495
Optical_B,245,2.45,4,9.434948822922024,-0.0,0,1.2696799967670813
Optical_A,246,2.46,4,64.36505117707799,-0.0,0,1.0972489981213585
Optical_B,246,2.46,4,11.234948822922007,-0.0,0,1.0924350062850863
Optical_A,247,2.47,4,66.16505117707803,-0.0,0,1.3426960067590699
Optical_B,247,2.47,4,13.034948822922047,-0.0,0,1.617571004317142
Optical_A,248,2.48,4,67.96505117707798,-0.0,0,1.044377000653185
Optical_B,248,2.48,4,14.834948822922001,-0.0,0,1.1212210083613172
Optical_A,249,2.49,4,69.76505117707802,-0.0,0,1.0855879954760894
Optical_B,249,2.49,4,16.63494882292207,-0.0,0,1.0087860136991367
Optical_A,250,2.5,5,71.56505117707798,-0.0,0,1.1730760015780106
Optical_B,250,2.5,5,18.434948822922024,-0.0,0,1.1430650047259405
Optical_A,251,2.5100000000000002,5,69.76505117707796,-0.0,0,1.161494990810752
Optical_B,251,2.5100000000000002,5,16.634948822921956,-0.0,0,1.0995650081895292
Optical_A,252,2.52,5,67.96505117707798,-0.0,0,1.4791769935982302
Optical_B,252,2.52,5,14.834948822922001,-0.0,0,1.1587850021896884
Optical_A,253,2.5300000000000002,5,66.16505117707794,-0.0,0,1.0812330001499504
Optical_B,253,2.5300000000000002,5,13.034948822921962,-0.0,0,1.1110959894722328
Optical_A,254,2.54,5,64.36505117707799,-0.0,0,1.3361729943426326
Optical_B,254,2.54,5,11.234948822922007,-0.0,0,1.1671410029521212
Optical_A,255,2.5500000000000003,5,62.56505117707795,-0.0,0,1.087779994122684
Optical_B,255,2.5500000000000003,5,9.434948822921967,-0.0,0,2.3833320010453463
Optical_A,256,2.56,5,60.765051177077964,-0.0,0,1.106798998080194
Optical_B,256,2.56,5,7.634948822922013,-0.0,0,0.990465996437706
Optical_A,257,2.57,5,58.96505117707801,-0.0,0,1.1535990051925182
Optical_B,257,2.57,5,5.834948822922058,-0.0,0,1.0999719961546361
Optical_A,258,2.58,5,57.165051177078,-0.0,0,1.070540994987823
Optical_B,258,2.58,5,4.03494882292199,-0.0,0,1.1086719896411523
Optical_A,259,2.59,5,55.365051177078016,-0.0,0,1.3416300062090158
Optical_B,259,2.59,5,2.2349488229220356,-0.0,0,1.0961489897454157
Optical_A,260,2.6,5,53.565051177077976,-0.0,0,1.1181969894096255
Optical_B,260,2.6,5,0.43494882292199577,-0.0,0,1.1483389971544966
Optical_A,261,2.61,5,51.76505117707802,-0.0,0,1.211981987580657
Optical_B,261,2.61,5,-1.3650511770779872,-0.0,0,1.4120989944785833
Optical_A,262,2.62,5,49.96505117707795,-0.0,0,1.230014007887803
Optical_B,262,2.62,5,-3.1650511770779985,-0.0,0,1.1724479991244152
Optical_A,263,2.63,5,48.165051177078,-0.0,0,1.1498679959913716
Optical_B,263,2.63,5,-4.965051177077953,-0.0,0,1.0959229985019192
Optical_A,264,2.64,5,46.36505117707799,-0.0,0,1.94439799815882
Optical_B,264,2.64,5,-6.765051177078021,-0.0,0,0.974801994743757
Optical_A,265,2.65,5,44.565051177078004,-0.0,1,1.3582890096586198
Optical_B,265,2.65,5,-8.565051177077976,-0.0,0,1.0762550082290545
Optical_A,266,2.66,5,42.765051177077964,-0.0,2,1.394844992319122
Optical_B,266,2.66,5,-10.365051177078016,-0.0,0,0.9529189992463216
Optical_A,267,2.67,5,40.96505117707801,-0.0,0,0.9992760024033487
Optical_B,267,2.67,5,-12.165051177077999,-0.0,0,0.9604129882063717
Optical_A,268,2.68,5,39.16505117707794,-0.0,0,1.1172780068591237
Optical_B,268,2.68,5,-13.96505117707801,-0.0,1,1.1169460049131885
Optical_A,269,2.69,5,37.36505117707799,-0.0,5,1.6492459981236607
Optical_B,269,2.69,5,-15.765051177077964,-0.0,2,1.3778949942206964
Optical_A,270,2.7,5,35.565051177077976,-0.0,7,1.4952310011722147
Optical_B,270,2.7,5,-17.565051177078033,-0.0,4,1.4389249990927055
Optical_A,271,2.71,5,33.76505117707799,-0.0,2,1.4441969979088753
Optical_B,271,2.71,5,-19.365051177077987,-0.0,8,1.5477120032301173
Optical_A,272,2.72,5,31.965051177077953,-0.0,5,1.5310430026147515
Optical_B,272,2.72,5,-21.165051177078,-0.0,4,2.06330900255125
Optical_A,273,2.73,5,30.165051177078,-0.0,5,1.6100270004244521
Optical_B,273,2.73,5,-22.96505117707801,-0.0,4,1.4555369998561218
Optical_A,274,2.74,5,28.36505117707793,-0.0,3,2.109250010107644
Optical_B,274,2.74,5,-24.76505117707802,-0.0,5,1.5177760069491342
Optical_A,275,2.75,5,26.565051177077976,-0.0,3,1.7893640033435076
Optical_B,275,2.75,5,-26.565051177077976,-0.0,3,1.6628760058665648
Optical_A,276,2.7600000000000002,5,24.765051177077964,-0.0,9,1.7484440031694248
Optical_B,276,2.7600000000000002,5,-28.365051177078044,-0.0,6,1.6383449983550236
Optical_A,277,2.77,5,22.96505117707801,-0.0,6,1.6558070055907592
Optical_B,277,2.77,5,-30.165051177078,-0.0,5,1.5033310046419501
Optical_A,278,2.7800000000000002,5,21.16505117707794,-0.0,2,1.3068169937469065
Optical_B,278,2.7800000000000002,5,-31.96505117707801,-0.0,3,1.5925639891065657
Optical_A,279,2.79,5,19.365051177077987,-0.0,4,1.383253009407781
Optical_B,279,2.79,5,-33.76505117707802,-0.0,2,1.1717170127667487
Optical_A,280,2.8000000000000003,5,17.56505117707792,-0.0,4,1.2650840071728453
Optical_B,280,2.8000000000000003,5,-35.56505117707803,-0.0,2,1.3322699960554019
Optical_A,281,2.81,5,15.765051177077964,-0.0,1,1.1473170015960932
Optical_B,281,2.81,5,-37.36505117707799,-0.0,5,1.3871959963580593
Optical_A,282,2.82,5,13.96505117707801,-0.0,0,1.0083609959110618
Optical_B,282,2.82,5,-39.16505117707794,-0.0,6,1.5298200014512986
Optical_A,283,2.83,5,12.165051177077999,-0.0,0,1.0160719975829124
Optical_B,283,2.83,5,-40.96505117707801,-0.0,2,1.1817959893960506
Optical_A,284,2.84,5,10.365051177077987,-0.0,0,0.9845239983405918
Optical_B,284,2.84,5,-42.765051177077964,-0.0,3,1.3948499981779605
Optical_A,285,2.85,5,8.565051177077976,-0.0,0,1.0376300051575527
Optical_B,285,2.85,5,-44.56505117707803,-0.0,2,1.2550719984574243
Optical_A,286,2.86,5,6.765051177078021,-0.0,0,1.0346259950893
Optical_B,286,2.86,5,-46.36505117707799,-0.0,0,1.1580650025280192
Optical_A,287,2.87,5,4.965051177077953,-0.0,0,1.4309720136225224
Optical_B,287,2.87,5,-48.165051177078,-0.0,0,0.9697459900053218
Optical_A,288,2.88,5,3.1650511770779985,-0.0,0,1.0080559877678752
Optical_B,288,2.88,5,-49.96505117707795,-0.0,0,0.8993779920274392
Optical_A,289,2.89,5,1.3650511770779872,-0.0,0,0.9638789924792945
Optical_B,289,2.89,5,-51.76505117707802,-0.0,0,0.9258189966203645
Optical_A,290,2.9,5,-0.43494882292196735,-0.0,0,1.2085780035704374
Optical_B,290,2.9,5,-53.56505117707796,-0.0,0,1.023423988954164
Optical_A,291,2.91,5,-2.2349488229220356,-0.0,0,1.0794709960464388
Optical_B,291,2.91,5,-55.365051177078,-0.0,0,0.9956259891623631
Optical_A,292,2.92,5,-4.03494882292199,-0.0,0,1.0206860024482012
Optical_B,292,2.92,5,-57.165051177077984,-0.0,0,1.0165509884245694
Optical_A,293,2.93,5,-5.834948822922058,-0.0,0,1.0469209955772385
Optical_B,293,2.93,5,-58.965051177078024,-0.0,0,1.0849869868252426
Optical_A,294,2.94,5,-7.634948822922013,-0.0,0,0.9342100092908368
Optical_B,294,2.94,5,-60.76505117707798,-0.0,0,1.4429809962166473
Optical_A,295,2.95,5,-9.434948822922024,-0.0,0,0.9391619969392195
Optical_B,295,2.95,5,-62.56505117707802,-0.0,0,0.9848439949564636
Optical_A,296,2.96,5,-11.234948822921979,-0.0,0,0.9810560004552826
Optical_B,296,2.96,5,-64.36505117707797,-0.0,0,0.9874109964584932
Optical_A,297,2.97,5,-13.034948822922047,-0.0,0,1.092139005777426
Optical_B,297,2.97,5,-66.16505117707801,-0.0,0,1.0328640055377036
Optical_A,298,2.98,5,-14.834948822922001,-0.0,0,1.0440269979881123
Optical_B,298,2.98,5,-67.965051177078,-0.0,0,1.0949479910777882
Optical_A,299,2.99,5,-16.63494882292207,-0.0,0,1.2305209966143593
Optical_B,299,2.99,5,-69.76505117707804,-0.0,0,1.00589198700618
Optical_A,300,3.0,6,-18.434948822922024,-0.0,0,0.9964370110537857
Optical_B,300,3.0,6,-71.56505117707799,-0.0,0,1.196441997308284
Optical_A,301,3.0100000000000002,6,-16.634948822921956,-0.0,0,1.0379760060459375
Optical_B,301,3.0100000000000002,6,-69.76505117707795,-0.0,0,1.0036149906227365
Optical_A,302,3.02,6,-14.834948822922001,-0.0,0,1.0072450095321983
Optical_B,302,3.02,6,-67.96505117707798,-0.0,0,1.1019230005331337
Optical_A,303,3.0300000000000002,6,-13.034948822921962,-0.0,0,0.9282689861720428
Optical_B,303,3.0300000000000002,6,-66.16505117707794,-0.0,0,0.8799019997240975
Optical_A,304,3.04,6,-11.234948822922007,-0.0,0,1.1086710001109168
Optical_B,304,3.04,6,-64.36505117707799,-0.0,0,0.8687980007380247
Optical_A,305,3.0500000000000003,6,-9.434948822921967,-0.0,0,1.1865909909829497
Optical_B,305,3.0500000000000003,6,-62.56505117707795,-0.0,0,1.0129889997188002
Optical_A,306,3.06,6,-7.634948822922013,-0.0,0,1.3881310005672276
Optical_B,306,3.06,6,-60.76505117707798,-0.0,0,1.370868005324155
Optical_A,307,3.0700000000000003,6,-5.834948822921945,-0.0,0,0.9907179919537157
Optical_B,307,3.0700000000000003,6,-58.96505117707794,-0.0,0,0.9645560057833791
Optical_A,308,3.08,6,-4.03494882292199,-0.0,0,1.1048100132029504
Optical_B,308,3.08,6,-57.16505117707797,-0.0,0,1.0915730090346187
Optical_A,309,3.09,6,-2.2349488229220356,-0.0,0,0.9626910032238811
Optical_B,309,3.09,6,-55.365051177078016,-0.0,0,0.8751940040383488
Optical_A,310,3.1,6,-0.43494882292199577,-0.0,0,1.023036995320581
Optical_B,310,3.1,6,-53.565051177077976,-0.0,0,0.9475400001974776
Optical_A,311,3.11,6,1.3650511770779588,-0.0,0,1.0481990029802546
Optical_B,311,3.11,6,-51.76505117707802,-0.0,0,0.8806249970803037
Optical_A,312,3.12,6,3.1650511770779985,-0.0,0,0.9484589972998947
Optical_B,312,3.12,6,-49.96505117707795,-0.0,0,1.0502169898245484
Optical_A,313,3.13,6,4.9650511770779815,-0.0,0,0.9657920018071309
Optical_B,313,3.13,6,-48.165051177078,-0.0,0,1.0228140017716214
Optical_A,314,3.14,6,6.765051177078021,-0.0,0,1.0202799894614145
Optical_B,314,3.14,6,-46.36505117707796,-0.0,0,1.444763009203598
Optical_A,315,3.15,6,8.565051177077976,-0.0,0,1.1139950074721128
Optical_B,315,3.15,6,-44.565051177078004,-0.0,2,1.233222006703727
Optical_A,316,3.16,6,10.365051177078016,-0.0,0,1.4210930094122887
Optical_B,316,3.16,6,-42.765051177077964,-0.0,3,1.3053760048933327
Optical_A,317,3.17,6,12.16505117707797,-0.0,0,0.9487649949733168
Optical_B,317,3.17,6,-40.96505117707801,-0.0,3,1.2991459952900186
Optical_A,318,3.18,6,13.96505117707801,-0.0,0,1.3148259895388037
Optical_B,318,3.18,6,-39.16505117707797,-0.0,6,1.7093260103138164
Optical_A,319,3.19,6,15.765051177077964,-0.0,1,1.1634099937509745
Optical_B,319,3.19,6,-37.36505117707799,-0.0,2,1.2896129919681698
Optical_A,320,3.2,6,17.565051177078033,-0.0,4,1.425665002898313
Optical_B,320,3.2,6,-35.565051177077976,-0.0,1,1.0875089938053861
Optical_A,321,3.21,6,19.365051177077987,-0.0,4,1.806655986001715
Optical_B,321,3.21,6,-33.76505117707799,-0.0,2,1.491408998845145
Optical_A,322,3.22,6,21.165051177078027,-0.0,2,1.3574939948739484
Optical_B,322,3.22,6,-31.965051177077953,-0.0,4,1.4141070132609457
Optical_A,323,3.23,6,22.96505117707798,-0.0,6,1.5505680057685822
Optical_B,323,3.23,6,-30.165051177078,-0.0,5,1.5491939993808046
Optical_A,324,3.24,6,24.76505117707802,-0.0,8,1.5526069910265505
Optical_B,324,3.24,6,-28.36505117707796,-0.0,7,1.4868729922454804
Optical_A,325,3.25,6,26.565051177077976,-0.0,4,1.5141730109462515
Optical_B,325,3.25,6,-26.565051177077976,-0.0,4,2.434060996165499
Optical_A,326,3.2600000000000002,6,28.365051177078044,-0.0,3,1.406634008162655
Optical_B,326,3.2600000000000002,6,-24.765051177077964,-0.0,4,1.3751560036325827
Optical_A,327,3.27,6,30.165051177078,-0.0,5,1.7229950026376173
Optical_B,327,3.27,6,-22.96505117707798,-0.0,5,1.5122129989322275
Optical_A,328,3.2800000000000002,6,31.96505117707804,-0.0,5,1.552168992930092
Optical_B,328,3.2800000000000002,6,-21.16505117707794,-0.0,5,1.4868509897496551
Optical_A,329,3.29,6,33.76505117707799,-0.0,4,1.3555039913626388
Optical_B,329,3.29,6,-19.365051177077987,-0.0,8,1.7017470090650022
Optical_A,330,3.3000000000000003,6,35.56505117707803,-0.0,6,2.345109998714179
Optical_B,330,3.3000000000000003,6,-17.565051177077947,-0.0,2,1.0847059893421829
Optical_A,331,3.31,6,37.36505117707799,-0.0,6,2.0902000105706975
Optical_B,331,3.31,6,-15.765051177077964,-0.0,1,1.2949080119142309
Optical_A,332,3.3200000000000003,6,39.165051177078055,-0.0,1,1.2162909988546744
Optical_B,332,3.3200000000000003,6,-13.965051177077953,-0.0,0,1.4501859986921772
Optical_A,333,3.33,6,40.96505117707801,-0.0,0,1.8022769945673645
Optical_B,333,3.33,6,-12.16505117707797,-0.0,0,0.9935580019373447
Optical_A,334,3.34,6,42.765051177077964,-0.0,1,1.0800070012919605
Optical_B,334,3.34,6,-10.365051177078016,-0.0,0,0.9800270054256544
Optical_A,335,3.35,6,44.565051177078004,-0.0,2,1.3964649988338351
Optical_B,335,3.35,6,-8.565051177077976,-0.0,0,1.2728180008707568
Optical_A,336,3.36,6,46.36505117707799,-0.0,0,1.3798809959553182
Optical_B,336,3.36,6,-6.765051177078021,-0.0,0,0.9981260081985965
Optical_A,337,3.37,6,48.165051177078,-0.0,0,1.599663999513723
Optical_B,337,3.37,6,-4.965051177077953,-0.0,0,0.9873389935819432
Optical_A,338,3.38,6,49.96505117707795,-0.0,0,1.240718993358314
Optical_B,338,3.38,6,-3.1650511770779985,-0.0,0,0.8891140023479238
Optical_A,339,3.39,6,51.76505117707802,-0.0,0,0.9888670028885826
Optical_B,339,3.39,6,-1.3650511770779872,-0.0,0,1.0888340038945898
Optical_A,340,3.4,6,53.565051177077976,-0.0,0,1.5050579968374223
Optical_B,340,3.4,6,0.43494882292199577,-0.0,0,1.0619139939080924
Optical_A,341,3.41,6,55.365051177078016,-0.0,0,1.0599430097499862
Optical_B,341,3.41,6,2.2349488229220356,-0.0,0,0.975287999608554
Optical_A,342,3.42,6,57.165051177078,-0.0,0,2.1641619969159365
Optical_B,342,3.42,6,4.03494882292199,-0.0,0,1.2259950017323717
Optical_A,343,3.43,6,58.96505117707801,-0.0,0,0.9902530000545084
Optical_B,343,3.43,6,5.834948822922058,-0.0,0,1.0068880073959008
Optical_A,344,3.44,6,60.765051177077964,-0.0,0,1.336590008577332
Optical_B,344,3.44,6,7.634948822922013,-0.0,0,0.9568240056978539
Optical_A,345,3.45,6,62.56505117707803,-0.0,0,0.16204900748562068
Optical_B,345,3.45,6,9.434948822922024,-0.0,0,1.1374049936421216
Optical_A,346,3.46,6,64.36505117707799,-0.0,0,1.156138998339884
Optical_B,346,3.46,6,11.234948822922007,-0.0,0,0.9973240084946156
Optical_A,347,3.47,6,66.16505117707803,-0.0,0,0.9480300068389624
Optical_B,347,3.47,6,13.034948822922047,-0.0,0,0.9620329947210848
Optical_A,348,3.48,6,67.96505117707798,-0.0,0,1.2016380060231313
Optical_B,348,3.48,6,14.834948822922001,-0.0,0,1.1288230016361922
Optical_A,349,3.49,6,69.76505117707802,-0.0,0,1.033127002301626
Optical_B,349,3.49,6,16.63494882292207,-0.0,0,1.1396909976610914
Optical_A,350,3.5,7,71.56505117707798,-0.0,0,1.8533080001361668
Optical_B,350,3.5,7,18.434948822922024,-0.0,0,1.189237998914905
Optical_A,351,3.5100000000000002,7,69.76505117707796,-0.0,0,1.0617639927659184
Optical_B,351,3.5100000000000002,7,16.634948822921956,-0.0,0,1.0181550023844466
Optical_A,352,3.52,7,67.96505117707798,-0.0,0,1.1250889947405085
Optical_B,352,3.52,7,14.834948822922001,-0.0,0,0.9427400073036551
Optical_A,353,3.5300000000000002,7,66.16505117707794,-0.0,0,1.0274319938616827
Optical_B,353,3.5300000000000002,7,13.034948822921962,-0.0,0,0.9840839920798317
Optical_A,354,3.54,7,64.36505117707799,-0.0,0,1.158883998868987
Optical_B,354,3.54,7,11.234948822922007,-0.0,0,0.9633099980419502
Optical_A,355,3.5500000000000003,7,62.56505117707795,-0.0,0,0.9989140089601278
Optical_B,355,3.5500000000000003,7,9.434948822921967,-0.0,0,0.957433003350161
Optical_A,356,3.56,7,60.765051177077964,-0.0,0,1.4075239887461066
Optical_B,356,3.56,7,7.634948822922013,-0.0,0,1.0583480034256354
Optical_A,357,3.5700000000000003,7,58.96505117707795,-0.0,0,1.0075729951495305
Optical_B,357,3.5700000000000003,7,5.834948822921945,-0.0,0,1.0192210029345006
Optical_A,358,3.58,7,57.165051177078,-0.0,0,1.2339669920038432
Optical_B,358,3.58,7,4.03494882292199,-0.0,0,1.121481996960938
Optical_A,359,3.59,7,55.365051177078016,-0.0,0,1.003466997644864
Optical_B,359,3.59,7,2.2349488229220356,-0.0,0,1.0778340074466541
Optical_A,360,3.6,7,53.565051177077976,-0.0,0,0.967650004895404
Optical_B,360,3.6,7,0.43494882292199577,-0.0,0,0.9010270005092025
Optical_A,361,3.61,7,51.76505117707802,-0.0,0,1.12742799683474
Optical_B,361,3.61,7,-1.3650511770779872,-0.0,0,0.9315280040027574
Optical_A,362,3.62,7,49.96505117707795,-0.0,0,1.477835001423955
Optical_B,362,3.62,7,-3.1650511770779985,-0.0,0,1.0773820104077458
Optical_A,363,3.63,7,48.165051177078,-0.0,0,0.9942579927155748
Optical_B,363,3.63,7,-4.965051177077953,-0.0,0,1.0608089942252263
Optical_A,364,3.64,7,46.36505117707799,-0.0,0,1.0722720035118982
Optical_B,364,3.64,7,-6.765051177078021,-0.0,0,1.014369001495652
Optical_A,365,3.65,7,44.565051177078004,-0.0,2,26.631783999619074
Optical_B,365,3.65,7,-8.565051177077976,-0.0,0,3.2394529989687726
Optical_A,366,3.66,7,42.765051177077964,-0.0,2,1.2272680032765493
Optical_B,366,3.66,7,-10.365051177078016,-0.0,0,0.980183991487138
Optical_A,367,3.67,7,40.96505117707801,-0.0,0,1.1075930087827146
Optical_B,367,3.67,7,-12.165051177077999,-0.0,0,0.9580430050846189
Optical_A,368,3.68,7,39.16505117707794,-0.0,2,1.8011189968092367
Optical_B,368,3.68,7,-13.96505117707801,-0.0,0,1.468456001020968
Optical_A,369,3.69,7,37.36505117707799,-0.0,7,1.580362004460767
Optical_B,369,3.69,7,-15.765051177077964,-0.0,2,1.661871006945148
Optical_A,370,3.7,7,35.565051177077976,-0.0,7,1.6160020022653043
Optical_B,370,3.7,7,-17.565051177078033,-0.0,2,1.2962569890078157
Optical_A,371,3.71,7,33.76505117707799,-0.0,5,1.609319995623082
Optical_B,371,3.71,7,-19.365051177077987,-0.0,6,1.5489159995922819
Optical_A,372,3.72,7,31.965051177077953,-0.0,6,2.2603060060646385
Optical_B,372,3.72,7,-21.165051177078,-0.0,6,1.5551149990642443
Optical_A,373,3.73,7,30.165051177078,-0.0,7,1.5109469968592748
Optical_B,373,3.73,7,-22.96505117707801,-0.0,4,1.2790080072591081
Optical_A,374,3.74,7,28.36505117707793,-0.0,4,1.4797460025874898
Optical_B,374,3.74,7,-24.76505117707802,-0.0,5,1.646844990318641
Optical_A,375,3.75,7,26.565051177077976,-0.0,5,3.004862999659963
Optical_B,375,3.75,7,-26.565051177077976,-0.0,5,1.844072001404129
Optical_A,376,3.7600000000000002,7,24.765051177077964,-0.0,9,1.9902179919881746
Optical_B,376,3.7600000000000002,7,-28.365051177078044,-0.0,6,2.304320005350746
Optical_A,377,3.77,7,22.96505117707801,-0.0,5,1.7272929981118068
Optical_B,377,3.77,7,-30.165051177078,-0.0,5,1.6194560012081638
Optical_A,378,3.7800000000000002,7,21.16505117707794,-0.0,2,1.425485999789089
Optical_B,378,3.7800000000000002,7,-31.96505117707801,-0.0,4,1.2923549948027357
Optical_A,379,3.79,7,19.365051177077987,-0.0,4,2.5303339934907854
Optical_B,379,3.79,7,-33.76505117707802,-0.0,2,1.4351830031955615
Optical_A,380,3.8000000000000003,7,17.56505117707792,-0.0,2,1.393309998093173
Optical_B,380,3.8000000000000003,7,-35.56505117707803,-0.0,0,1.1520950065460056
Optical_A,381,3.81,7,15.765051177077964,-0.0,1,1.595957000972703
Optical_B,381,3.81,7,-37.36505117707799,-0.0,3,1.3581919920397922
Optical_A,382,3.8200000000000003,7,13.965051177077953,-0.0,0,1.3103289966238663
Optical_B,382,3.8200000000000003,7,-39.165051177078055,-0.0,6,1.6961710061877966
Optical_A,383,3.83,7,12.165051177077999,-0.0,0,1.9503420044202358
Optical_B,383,3.83,7,-40.96505117707801,-0.0,6,1.4478910015895963
Optical_A,384,3.84,7,10.365051177077987,-0.0,0,1.1425489938119426
Optical_B,384,3.84,7,-42.765051177077964,-0.0,1,1.1534960067365319
Optical_A,385,3.85,7,8.565051177077976,-0.0,0,1.013112996588461
Optical_B,385,3.85,7,-44.56505117707803,-0.0,2,1.1869949958054349
Optical_A,386,3.86,7,6.765051177078021,-0.0,0,1.0448729881318286
Optical_B,386,3.86,7,-46.36505117707799,-0.0,1,1.4465139975072816
Optical_A,387,3.87,7,4.965051177077953,-0.0,0,1.116346989874728
Optical_B,387,3.87,7,-48.165051177078,-0.0,0,0.9765809954842553
Optical_A,388,3.88,7,3.1650511770779985,-0.0,0,1.0659850086085498
Optical_B,388,3.88,7,-49.96505117707795,-0.0,0,1.0178560041822493
Optical_A,389,3.89,7,1.3650511770779872,-0.0,0,2.2456260048784316
Optical_B,389,3.89,7,-51.76505117707802,-0.0,0,0.9807489986997098
Optical_A,390,3.9,7,-0.43494882292196735,-0.0,0,1.082436996512115
Optical_B,390,3.9,7,-53.56505117707796,-0.0,0,1.0297219996573403
Optical_A,391,3.91,7,-2.2349488229220356,-0.0,0,2.0740629988722503
Optical_B,391,3.91,7,-55.365051177078,-0.0,0,1.191510003991425
Optical_A,392,3.92,7,-4.03494882292199,-0.0,0,0.9467189956922084
Optical_B,392,3.92,7,-57.165051177077984,-0.0,0,1.069813995854929
Optical_A,393,3.93,7,-5.834948822922058,-0.0,0,1.3752220111200586
Optical_B,393,3.93,7,-58.965051177078024,-0.0,0,0.8917730010580271
Optical_A,394,3.94,7,-7.634948822922013,-0.0,0,1.1132720101159066
Optical_B,394,3.94,7,-60.76505117707798,-0.0,0,0.9339539974462241
Optical_A,395,3.95,7,-9.434948822922024,-0.0,0,1.1605670006247237
Optical_B,395,3.95,7,-62.56505117707802,-0.0,0,1.1092029890278354
Optical_A,396,3.96,7,-11.234948822921979,-0.0,0,0.9731970058055595
Optical_B,396,3.96,7,-64.36505117707797,-0.0,0,1.0258089896524325
Optical_A,397,3.97,7,-13.034948822922047,-0.0,0,1.9248960015829653
Optical_B,397,3.97,7,-66.16505117707801,-0.0,0,2.3173530062194914
Optical_A,398,3.98,7,-14.834948822922001,-0.0,0,1.0846559889614582
Optical_B,398,3.98,7,-67.965051177078,-0.0,0,0.9223890083376318
Optical_A,399,3.99,7,-16.63494882292207,-0.0,0,1.035096007399261
Optical_B,399,3.99,7,-69.76505117707804,-0.0,0,0.8527669997420162
Optical_A,400,4.0,8,-18.434948822922024,-0.0,0,1.2647999974433333
Optical_B,400,4.0,8,-71.56505117707799,-0.0,0,1.2610769917955622
Optical_A,401,4.01,8,-16.63494882292204,-0.0,0,1.738436010782607
Optical_B,401,4.01,8,-69.76505117707802,-0.0,0,0.9939139999914914
Optical_A,402,4.0200000000000005,8,-14.834948822921945,-0.0,0,1.1693770065903664
Optical_B,402,4.0200000000000005,8,-67.96505117707791,-0.0,0,1.1361149954609573
Optical_A,403,4.03,8,-13.034948822921962,-0.0,0,1.723615001537837
Optical_B,403,4.03,8,-66.16505117707794,-0.0,0,1.1022640101145953
Optical_A,404,4.04,8,-11.234948822922007,-0.0,0,1.1574279924388975
Optical_B,404,4.04,8,-64.36505117707799,-0.0,0,1.1422779934946448
Optical_A,405,4.05,8,-9.434948822922024,-0.0,0,1.0308969940524548
Optical_B,405,4.05,8,-62.56505117707802,-0.0,0,1.0202679986832663
Optical_A,406,4.0600000000000005,8,-7.634948822921928,-0.0,0,1.219719008076936
Optical_B,406,4.0600000000000005,8,-60.76505117707791,-0.0,0,1.0479740012669936
Optical_A,407,4.07,8,-5.834948822921945,-0.0,0,1.0134350013686344
Optical_B,407,4.07,8,-58.96505117707794,-0.0,0,1.031461011734791
Optical_A,408,4.08,8,-4.03494882292199,-0.0,0,0.9857000113697723
Optical_B,408,4.08,8,-57.16505117707797,-0.0,0,1.016071008052677
Optical_A,409,4.09,8,-2.2349488229220356,-0.0,0,1.7044729902409017
Optical_B,409,4.09,8,-55.365051177078016,-0.0,0,0.9720939997350797
Optical_A,410,4.1,8,-0.43494882292208104,-0.0,0,1.256311996257864
Optical_B,410,4.1,8,-53.56505117707806,-0.0,0,0.9078550065169111
Optical_A,411,4.11,8,1.365051177078044,-0.0,0,1.2104749912396073
Optical_B,411,4.11,8,-51.765051177077936,-0.0,0,1.0239510011160746
Optical_A,412,4.12,8,3.1650511770779985,-0.0,0,0.94349701248575
Optical_B,412,4.12,8,-49.96505117707795,-0.0,0,1.0665000008884817
Optical_A,413,4.13,8,4.9650511770779815,-0.0,0,1.959091008757241
Optical_B,413,4.13,8,-48.165051177078,-0.0,0,0.9900889999698848
Optical_A,414,4.14,8,6.765051177077936,-0.0,0,3.773819000343792
Optical_B,414,4.14,8,-46.365051177078044,-0.0,1,1.506080006947741
Optical_A,415,4.15,8,8.565051177078061,-0.0,0,1.001006006845273
Optical_B,415,4.15,8,-44.56505117707792,-0.0,2,1.2648120027733967
Optical_A,416,4.16,8,10.365051177078016,-0.0,0,1.1285180080449209
Optical_B,416,4.16,8,-42.765051177077964,-0.0,2,1.1381840013200417
Optical_A,417,4.17,8,12.16505117707797,-0.0,0,1.0390550014562905
Optical_B,417,4.17,8,-40.96505117707801,-0.0,5,1.6207110020332038
Optical_A,418,4.18,8,13.965051177077953,-0.0,0,1.2072970130247995
Optical_B,418,4.18,8,-39.165051177078055,-0.0,7,1.6773060051491484
Optical_A,419,4.19,8,15.765051177078078,-0.0,1,1.2231950095156208
Optical_B,419,4.19,8,-37.36505117707793,-0.0,2,1.2526619975687936
Optical_A,420,4.2,8,17.565051177078033,-0.0,3,2.08919400756713
Optical_B,420,4.2,8,-35.565051177077976,-0.0,0,1.1873229959746823
Optical_A,421,4.21,8,19.365051177077987,-0.0,4,1.363667004625313
Optical_B,421,4.21,8,-33.76505117707799,-0.0,3,1.5030630020191893
Optical_A,422,4.22,8,21.16505117707794,-0.0,3,1.3873720017727464
Optical_B,422,4.22,8,-31.96505117707804,-0.0,5,2.303828005096875
Optical_A,423,4.23,8,22.965051177078067,-0.0,5,1.6799359873402864
Optical_B,423,4.23,8,-30.165051177077913,-0.0,6,1.507175009464845
Optical_A,424,4.24,8,24.76505117707802,-0.0,10,1.9542649970389903
Optical_B,424,4.24,8,-28.36505117707796,-0.0,5,1.5234919992508367
Optical_A,425,4.25,8,26.565051177077976,-0.0,7,1.7896640056278557
Optical_B,425,4.25,8,-26.565051177077976,-0.0,5,2.088234992697835
Optical_A,426,4.26,8,28.36505117707796,-0.0,5,1.655650994507596
Optical_B,426,4.26,8,-24.76505117707802,-0.0,4,1.746781010297127
Optical_A,427,4.2700000000000005,8,30.165051177078055,-0.0,5,1.5219789929687977
Optical_B,427,4.2700000000000005,8,-22.965051177077896,-0.0,4,1.57857799786143
Optical_A,428,4.28,8,31.96505117707804,-0.0,6,2.7729589928640053
Optical_B,428,4.28,8,-21.16505117707794,-0.0,6,1.85427900578361
Optical_A,429,4.29,8,33.76505117707799,-0.0,4,1.4575020031770691
Optical_B,429,4.29,8,-19.365051177077987,-0.0,6,1.435708996723406
Optical_A,430,4.3,8,35.565051177077976,-0.0,5,1.467855996452272
Optical_B,430,4.3,8,-17.565051177078033,-0.0,4,1.250374989467673
Optical_A,431,4.3100000000000005,8,37.36505117707807,-0.0,7,2.0201360021019354
Optical_B,431,4.3100000000000005,8,-15.765051177077908,-0.0,2,1.4053689956199378
Optical_A,432,4.32,8,39.165051177078055,-0.0,2,1.3213140045991167
Optical_B,432,4.32,8,-13.965051177077953,-0.0,0,1.0788660001708195
Optical_A,433,4.33,8,40.96505117707801,-0.0,0,1.1354449961800128
Optical_B,433,4.33,8,-12.16505117707797,-0.0,0,1.0446210071677342
Optical_A,434,4.34,8,42.765051177077964,-0.0,1,1.2091160024283454
Optical_B,434,4.34,8,-10.365051177078016,-0.0,0,1.1456130014266819
Optical_A,435,4.3500000000000005,8,44.56505117707809,-0.0,2,1.3835409918101504
Optical_B,435,4.3500000000000005,8,-8.56505117707789,-0.0,0,1.5837499959161505
Optical_A,436,4.36,8,46.365051177078044,-0.0,1,1.23126499238424
Optical_B,436,4.36,8,-6.765051177077936,-0.0,0,1.4484050043392926
Optical_A,437,4.37,8,48.165051177078,-0.0,0,1.0819949966389686
Optical_B,437,4.37,8,-4.965051177077953,-0.0,0,0.9677759953774512
Optical_A,438,4.38,8,49.96505117707795,-0.0,0,1.0091449948959053
Optical_B,438,4.38,8,-3.1650511770779985,-0.0,0,1.0318800050299615
Optical_A,439,4.39,8,51.765051177077936,-0.0,0,0.9392300125909969
Optical_B,439,4.39,8,-1.365051177078044,-0.0,0,0.9051660017576069
Optical_A,440,4.4,8,53.56505117707803,-0.0,0,1.085929005057551
Optical_B,440,4.4,8,0.43494882292208104,-0.0,0,1.0296289983671159
Optical_A,441,4.41,8,55.365051177078016,-0.0,0,1.0476699972059578
Optical_B,441,4.41,8,2.2349488229220356,-0.0,0,1.0068410047097132
Optical_A,442,4.42,8,57.165051177078,-0.0,0,1.4189380017342046
Optical_B,442,4.42,8,4.03494882292199,-0.0,0,1.0566230048425496
Optical_A,443,4.43,8,58.96505117707795,-0.0,0,0.9817780082812533
Optical_B,443,4.43,8,5.834948822921945,-0.0,0,1.0104410030180588
Optical_A,444,4.44,8,60.76505117707808,-0.0,0,0.9862309962045401
Optical_B,444,4.44,8,7.63494882292207,-0.0,0,1.0764600010588765
Optical_A,445,4.45,8,62.56505117707803,-0.0,0,1.929564998135902
Optical_B,445,4.45,8,9.434948822922024,-0.0,0,1.0406350047560409
Optical_A,446,4.46,8,64.36505117707799,-0.0,0,1.0770859953481704
Optical_B,446,4.46,8,11.234948822922007,-0.0,0,0.8805469988146797
Optical_A,447,4.47,8,66.16505117707794,-0.0,0,0.9996220032917336
Optical_B,447,4.47,8,13.034948822921962,-0.0,0,0.9772500052349642
Optical_A,448,4.48,8,67.96505117707807,-0.0,0,1.227569009643048
Optical_B,448,4.48,8,14.834948822922087,-0.0,0,0.8781770011410117
Optical_A,449,4.49,8,69.76505117707802,-0.0,0,1.0895250015892088
Optical_B,449,4.49,8,16.63494882292207,-0.0,0,1.1423179967096075
Optical_A,450,4.5,9,71.56505117707798,-0.0,0,1.2706709967460483
Optical_B,450,4.5,9,18.434948822922024,-0.0,0,1.2284999975236133
Optical_A,451,4.51,9,69.76505117707802,-0.0,0,1.0156859934795648
Optical_B,451,4.51,9,16.63494882292207,-0.0,0,0.9721329988678917
Optical_A,452,4.5200000000000005,9,67.9650511770779,-0.0,0,1.2136529985582456
Optical_B,452,4.5200000000000005,9,14.834948822921945,-0.0,0,1.019192990497686
Optical_A,453,4.53,9,66.16505117707794,-0.0,0,1.1999609996564686
Optical_B,453,4.53,9,13.034948822921962,-0.0,0,0.9521359897917137
Optical_A,454,4.54,9,64.36505117707799,-0.0,0,1.3560109946411103
Optical_B,454,4.54,9,11.234948822922007,-0.0,0,1.0893900034716353
Optical_A,455,4.55,9,62.56505117707803,-0.0,0,1.1331070127198473
Optical_B,455,4.55,9,9.434948822922024,-0.0,0,1.0833580017788336
Optical_A,456,4.5600000000000005,9,60.76505117707791,-0.0,0,0.1927819976117462
Optical_B,456,4.5600000000000005,9,7.634948822921899,-0.0,0,1.4404420071514323
Optical_A,457,4.57,9,58.96505117707795,-0.0,0,1.018444003420882
Optical_B,457,4.57,9,5.834948822921945,-0.0,0,1.022250988171436
Optical_A,458,4.58,9,57.165051177078,-0.0,0,1.3288810005178675
Optical_B,458,4.58,9,4.03494882292199,-0.0,0,0.9532730036880821
Optical_A,459,4.59,9,55.365051177078016,-0.0,0,1.2870970094809309
Optical_B,459,4.59,9,2.2349488229220356,-0.0,0,0.9909899963531643
Optical_A,460,4.6000000000000005,9,53.56505117707789,-0.0,0,0.9731450118124485
Optical_B,460,4.6000000000000005,9,0.4349488229219105,-0.0,0,0.9540570026729256
Optical_A,461,4.61,9,51.765051177077936,-0.0,0,0.9872399969026446
Optical_B,461,4.61,9,-1.365051177078044,-0.0,0,1.0436029988341033
Optical_A,462,4.62,9,49.96505117707795,-0.0,0,0.9689060098025948
Optical_B,462,4.62,9,-3.1650511770779985,-0.0,0,1.117642008466646
Optical_A,463,4.63,9,48.165051177078,-0.0,0,1.073738996637985
Optical_B,463,4.63,9,-4.965051177077953,-0.0,0,0.969635002547875
Optical_A,464,4.64,9,46.365051177078044,-0.0,1,1.2145729997428134
Optical_B,464,4.64,9,-6.765051177077936,-0.0,0,0.9837520046858117
Optical_A,465,4.65,9,44.56505117707792,-0.0,2,1.1548460024641827
Optical_B,465,4.65,9,-8.565051177078033,-0.0,0,1.0182670084759593
Optical_A,466,4.66,9,42.765051177077964,-0.0,0,1.1603750026552007
Optical_B,466,4.66,9,-10.365051177078016,-0.0,0,0.9308709995821118
Optical_A,467,4.67,9,40.96505117707801,-0.0,0,1.314006993197836
Optical_B,467,4.67,9,-12.165051177077999,-0.0,0,0.8923699933802709
Optical_A,468,4.68,9,39.165051177078055,-0.0,3,1.5920309961074963
Optical_B,468,4.68,9,-13.965051177077953,-0.0,0,1.1369949934305623
Optical_A,469,4.69,9,37.36505117707793,-0.0,5,1.7146159952972084
Optical_B,469,4.69,9,-15.765051177078078,-0.0,2,1.2771549954777583
Optical_A,470,4.7,9,35.565051177077976,-0.0,4,1.6349820070900023
Optical_B,470,4.7,9,-17.565051177078033,-0.0,3,1.2988029920961708
Optical_A,471,4.71,9,33.76505117707799,-0.0,4,1.3712240033783019
Optical_B,471,4.71,9,-19.365051177077987,-0.0,6,1.3586320128524676
Optical_A,472,4.72,9,31.96505117707801,-0.0,5,1.6099870117614046
Optical_B,472,4.72,9,-21.16505117707794,-0.0,6,1.645144002395682
Optical_A,473,4.73,9,30.165051177077885,-0.0,5,2.142281999113038
Optical_B,473,4.73,9,-22.965051177078067,-0.0,3,1.3423399941530079
Optical_A,474,4.74,9,28.36505117707793,-0.0,4,1.4008750003995374
Optical_B,474,4.74,9,-24.76505117707802,-0.0,4,1.5064790059113875
Optical_A,475,4.75,9,26.565051177077976,-0.0,7,2.015864010900259
Optical_B,475,4.75,9,-26.565051177077976,-0.0,3,1.7897460056701675
Optical_A,476,4.76,9,24.76505117707802,-0.0,8,2.0089250028831884
Optical_B,476,4.76,9,-28.36505117707793,-0.0,5,1.6075379971880466
Optical_A,477,4.7700000000000005,9,22.965051177077896,-0.0,4,1.5070689987624064
Optical_B,477,4.7700000000000005,9,-30.165051177078055,-0.0,5,1.656028995057568
Optical_A,478,4.78,9,21.16505117707794,-0.0,3,1.7826580005930737
Optical_B,478,4.78,9,-31.96505117707801,-0.0,4,1.9662740087369457
Optical_A,479,4.79,9,19.365051177077987,-0.0,4,1.5585170040139928
Optical_B,479,4.79,9,-33.76505117707802,-0.0,3,1.590636995388195
Optical_A,480,4.8,9,17.565051177078033,-0.0,3,1.4115750091150403
Optical_B,480,4.8,9,-35.565051177077976,-0.0,0,1.3345960032893345
Optical_A,481,4.8100000000000005,9,15.765051177077908,-0.0,1,1.0796739952638745
Optical_B,481,4.8100000000000005,9,-37.3650511770781,-0.0,2,1.4451200113398954
Optical_A,482,4.82,9,13.965051177077953,-0.0,0,1.2171109992777929
Optical_B,482,4.82,9,-39.165051177078055,-0.0,5,1.4761049969820306
Optical_A,483,4.83,9,12.165051177077999,-0.0,0,1.1849889997392893
Optical_B,483,4.83,9,-40.96505117707801,-0.0,6,1.5591859992127866
Optical_A,484,4.84,9,10.365051177077987,-0.0,0,1.0500740027055144
Optical_B,484,4.84,9,-42.765051177077964,-0.0,3,1.0912279976764694
Optical_A,485,4.8500000000000005,9,8.565051177077919,-0.0,0,1.4716790028614923
Optical_B,485,4.8500000000000005,9,-44.56505117707809,-0.0,3,1.264008998987265
Optical_A,486,4.86,9,6.765051177077908,-0.0,0,1.0671040072338656
Optical_B,486,4.86,9,-46.365051177078044,-0.0,2,1.0633740021148697
Optical_A,487,4.87,9,4.965051177077953,-0.0,0,1.1100760020781308
Optical_B,487,4.87,9,-48.165051177078,-0.0,0,1.0629559983499348
Optical_A,488,4.88,9,3.1650511770779985,-0.0,0,1.2410479976097122
Optical_B,488,4.88,9,-49.96505117707795,-0.0,0,0.9134919964708388
Optical_A,489,4.89,9,1.365051177078044,-0.0,0,0.9593110007699579
Optical_B,489,4.89,9,-51.76505117707791,-0.0,0,0.9034899994730949
Optical_A,490,4.9,9,-0.43494882292208104,-0.0,0,0.9436989930691198
Optical_B,490,4.9,9,-53.56505117707805,-0.0,0,0.8784689998719841
Optical_A,491,4.91,9,-2.2349488229220356,-0.0,0,1.0130300070159137
Optical_B,491,4.91,9,-55.365051177078,-0.0,0,0.941498001338914
Optical_A,492,4.92,9,-4.03494882292199,-0.0,0,0.9059489966602996
Optical_B,492,4.92,9,-57.165051177077984,-0.0,0,0.8230319945141673
Optical_A,493,4.93,9,-5.834948822921945,-0.0,0,1.6021810006350279
Optical_B,493,4.93,9,-58.96505117707794,-0.0,0,1.110195997171104
Optical_A,494,4.94,9,-7.63494882292207,-0.0,0,1.2549009989015758
Optical_B,494,4.94,9,-60.765051177078064,-0.0,0,0.9193799924105406
Optical_A,495,4.95,9,-9.434948822922024,-0.0,0,1.0282489965902641
Optical_B,495,4.95,9,-62.56505117707802,-0.0,0,0.9907170024234802
Optical_A,496,4.96,9,-11.234948822921979,-0.0,0,1.8939170113299042
Optical_B,496,4.96,9,-64.36505117707797,-0.0,0,1.1057639931095764
Optical_A,497,4.97,9,-13.03494882292199,-0.0,0,1.757772988639772
Optical_B,497,4.97,9,-66.16505117707796,-0.0,0,0.9284669940825552
Optical_A,498,4.98,9,-14.834948822922115,-0.0,0,0.8874720078893006
Optical_B,498,4.98,9,-67.96505117707808,-0.0,0,0.9442489972570911
Optical_A,499,4.99,9,-16.63494882292207,-0.0,0,1.6580910014454275
Optical_B,499,4.99,9,-69.76505117707804,-0.0,0,0.9591679990990087
Optical_A,500,5.0,10,-18.434948822922024,-0.0,0,1.1527539900271222
Optical_B,500,5.0,10,-71.56505117707799,-0.0,0,1.716029000817798
Optical_A,501,5.01,10,-16.63494882292204,-0.0,0,0.948330998653546
Optical_B,501,5.01,10,-69.76505117707802,-0.0,0,1.0921510111074895
Optical_A,502,5.0200000000000005,10,-14.834948822921945,-0.0,0,1.5065240004332736
Optical_B,502,5.0200000000000005,10,-67.96505117707791,-0.0,0,0.9580359910614789
Optical_A,503,5.03,10,-13.034948822921962,-0.0,0,1.095626997994259
Optical_B,503,5.03,10,-66.16505117707794,-0.0,0,0.9652130102040246
Optical_A,504,5.04,10,-11.234948822922007,-0.0,0,2.0417819905560464
Optical_B,504,5.04,10,-64.36505117707799,-0.0,0,0.9184119990095496
Optical_A,505,5.05,10,-9.434948822922024,-0.0,0,1.0127740097232163
Optical_B,505,5.05,10,-62.56505117707802,-0.0,0,0.9124850039370358
Optical_A,506,5.0600000000000005,10,-7.634948822921928,-0.0,0,1.4517329982481897
Optical_B,506,5.0600000000000005,10,-60.76505117707791,-0.0,0,0.8738509932300076
Optical_A,507,5.07,10,-5.834948822921945,-0.0,0,1.045649012667127
Optical_B,507,5.07,10,-58.96505117707794,-0.0,0,0.9049650107044727
Optical_A,508,5.08,10,-4.03494882292199,-0.0,0,1.1094520014012232
Optical_B,508,5.08,10,-57.16505117707797,-0.0,0,0.9022199956234545
Optical_A,509,5.09,10,-2.2349488229220356,-0.0,0,1.1227539944229648
Optical_B,509,5.09,10,-55.365051177078016,-0.0,0,0.9719590016175061
Optical_A,510,5.1000000000000005,10,-0.4349488229219105,-0.0,0,0.95761900593061
Optical_B,510,5.1000000000000005,10,-53.56505117707789,-0.0,0,1.006799007882364
Optical_A,511,5.11,10,1.365051177078044,-0.0,0,1.0228449973510578
Optical_B,511,5.11,10,-51.765051177077936,-0.0,0,1.0648280003806576
Optical_A,512,5.12,10,3.1650511770779985,-0.0,0,1.863028999650851
Optical_B,512,5.12,10,-49.96505117707795,-0.0,0,0.9681490046204999
Optical_A,513,5.13,10,4.9650511770779815,-0.0,0,1.057446002960205
Optical_B,513,5.13,10,-48.165051177078,-0.0,0,0.9357670060126111
Optical_A,514,5.14,10,6.765051177077936,-0.0,0,1.0453540016897023
Optical_B,514,5.14,10,-46.365051177078044,-0.0,2,1.2667999981204048
Optical_A,515,5.15,10,8.565051177078061,-0.0,0,1.0780799930216745
Optical_B,515,5.15,10,-44.56505117707792,-0.0,2,1.2287889985600486
Optical_A,516,5.16,10,10.365051177078016,-0.0,0,1.1458910012152046
Optical_B,516,5.16,10,-42.765051177077964,-0.0,3,1.240666999365203
Optical_A,517,5.17,10,12.16505117707797,-0.0,0,1.0098089987877756
Optical_B,517,5.17,10,-40.96505117707801,-0.0,5,1.2355740036582574
Optical_A,518,5.18,10,13.965051177077953,-0.0,0,1.3593259936897084
Optical_B,518,5.18,10,-39.165051177078055,-0.0,4,1.2821940035792068
Optical_A,519,5.19,10,15.765051177078078,-0.0,1,1.0302299924660474
Optical_B,519,5.19,10,-37.36505117707793,-0.0,0,1.026643003569916
Optical_A,520,5.2,10,17.565051177078033,-0.0,3,1.523168000858277
Optical_B,520,5.2,10,-35.565051177077976,-0.0,1,1.1303009960101917
Optical_A,521,5.21,10,19.365051177077987,-0.0,4,1.3955379981780425
Optical_B,521,5.21,10,-33.76505117707799,-0.0,4,1.4082590059842914
Optical_A,522,5.22,10,21.16505117707794,-0.0,4,1.46037399827037
Optical_B,522,5.22,10,-31.96505117707804,-0.0,4,1.3179039960959926
Optical_A,523,5.23,10,22.965051177078067,-0.0,3,1.445240995963104
Optical_B,523,5.23,10,-30.165051177077913,-0.0,4,1.7992609937209636
Optical_A,524,5.24,10,24.76505117707802,-0.0,7,1.5530320088146254
Optical_B,524,5.24,10,-28.36505117707796,-0.0,5,1.3602230028482154
Optical_A,525,5.25,10,26.565051177077976,-0.0,8,1.952718012034893
Optical_B,525,5.25,10,-26.565051177077976,-0.0,3,1.4215440023690462
Optical_A,526,5.26,10,28.36505117707796,-0.0,3,1.7073780036298558
Optical_B,526,5.26,10,-24.76505117707802,-0.0,5,1.9538889901014045
Optical_A,527,5.2700000000000005,10,30.165051177078055,-0.0,4,1.614132008398883
Optical_B,527,5.2700000000000005,10,-22.965051177077896,-0.0,4,1.6545079997740686
Optical_A,528,5.28,10,31.96505117707804,-0.0,4,2.3122860002331436
Optical_B,528,5.28,10,-21.16505117707794,-0.0,6,1.5858650003792718
Optical_A,529,5.29,10,33.76505117707799,-0.0,4,2.1100719895912334
Optical_B,529,5.29,10,-19.365051177077987,-0.0,6,1.3689939951291308
Optical_A,530,5.3,10,35.565051177077976,-0.0,5,1.4287349913502112
Optical_B,530,5.3,10,-17.565051177078033,-0.0,2,1.1661189928418025
Optical_A,531,5.3100000000000005,10,37.36505117707807,-0.0,6,1.7781759961508214
Optical_B,531,5.3100000000000005,10,-15.765051177077908,-0.0,2,1.571097003761679
Optical_A,532,5.32,10,39.165051177078055,-0.0,6,1.5990190004231408
Optical_B,532,5.32,10,-13.965051177077953,-0.0,0,1.346402001217939
Optical_A,533,5.33,10,40.96505117707801,-0.0,2,1.2207239924464375
Optical_B,533,5.33,10,-12.16505117707797,-0.0,0,0.9811540076043457
Optical_A,534,5.34,10,42.765051177077964,-0.0,0,1.078901012078859
Optical_B,534,5.34,10,-10.365051177078016,-0.0,0,0.9635760070523247
Optical_A,535,5.3500000000000005,10,44.56505117707809,-0.0,2,1.270221997401677
Optical_B,535,5.3500000000000005,10,-8.56505117707789,-0.0,0,1.0569529986241832
Optical_A,536,5.36,10,46.365051177078044,-0.0,1,1.3531419972423464
Optical_B,536,5.36,10,-6.765051177077936,-0.0,0,1.0866700031328946
Optical_A,537,5.37,10,48.165051177078,-0.0,0,1.2278450012672693
Optical_B,537,5.37,10,-4.965051177077953,-0.0,0,1.1430119920987636
Optical_A,538,5.38,10,49.96505117707795,-0.0,0,1.3936139876022935
Optical_B,538,5.38,10,-3.1650511770779985,-0.0,0,1.0590040037641302
Optical_A,539,5.39,10,51.765051177077936,-0.0,0,2.0794320007553324
Optical_B,539,5.39,10,-1.365051177078044,-0.0,0,1.0773929971037433
Optical_A,540,5.4,10,53.56505117707803,-0.0,0,1.0505179961910471
Optical_B,540,5.4,10,0.43494882292208104,-0.0,0,0.9467210038565099
Optical_A,541,5.41,10,55.365051177078016,-0.0,0,1.2099050072720274
Optical_B,541,5.41,10,2.2349488229220356,-0.0,0,1.0139700025320053
Optical_A,542,5.42,10,57.165051177078,-0.0,0,1.0167040018131956
Optical_B,542,5.42,10,4.03494882292199,-0.0,0,1.0818390001077205
Optical_A,543,5.43,10,58.96505117707795,-0.0,0,0.9199390042340383
Optical_B,543,5.43,10,5.834948822921945,-0.0,0,0.9473380050621927
Optical_A,544,5.44,10,60.76505117707808,-0.0,0,1.1203119938727468
Optical_B,544,5.44,10,7.63494882292207,-0.0,0,0.8717610035091639
Optical_A,545,5.45,10,62.56505117707803,-0.0,0,1.3279330014484003
Optical_B,545,5.45,10,9.434948822922024,-0.0,0,1.0082090011565015
Optical_A,546,5.46,10,64.36505117707799,-0.0,0,2.087882996420376
Optical_B,546,5.46,10,11.234948822922007,-0.0,0,0.9515120036667213
Optical_A,547,5.47,10,66.16505117707794,-0.0,0,1.1392769956728444
Optical_B,547,5.47,10,13.034948822921962,-0.0,0,0.9337890078313649
Optical_A,548,5.48,10,67.96505117707807,-0.0,0,1.4123169967206195
Optical_B,548,5.48,10,14.834948822922087,-0.0,0,0.9811579948291183
Optical_A,549,5.49,10,69.76505117707802,-0.0,0,0.9205600072164088
Optical_B,549,5.49,10,16.63494882292207,-0.0,0,0.8821530063869432
Optical_A,550,5.5,11,71.56505117707798,-0.0,0,1.0731810034485534
Optical_B,550,5.5,11,18.434948822922024,-0.0,0,1.1913810012629256
Optical_A,551,5.51,11,69.76505117707802,-0.0,0,1.4621779992012307
Optical_B,551,5.51,11,16.63494882292207,-0.0,0,1.3786179915769026
Optical_A,552,5.5200000000000005,11,67.9650511770779,-0.0,0,1.1281240003881976
Optical_B,552,5.5200000000000005,11,14.834948822921945,-0.0,0,1.1381509975763038
Optical_A,553,5.53,11,66.16505117707794,-0.0,0,1.0622179979691282
Optical_B,553,5.53,11,13.034948822921962,-0.0,0,1.0791280074045062
Optical_A,554,5.54,11,64.36505117707799,-0.0,0,1.022514989017509
Optical_B,554,5.54,11,11.234948822922007,-0.0,0,1.0697399993659928
Optical_A,555,5.55,11,62.56505117707803,-0.0,0,1.3369619991863146
Optical_B,555,5.55,11,9.434948822922024,-0.0,0,1.0148099972866476
Optical_A,556,5.5600000000000005,11,60.76505117707791,-0.0,0,0.9386510064359754
Optical_B,556,5.5600000000000005,11,7.634948822921899,-0.0,0,1.0630390024743974
Optical_A,557,5.57,11,58.96505117707795,-0.0,0,1.0159029916394502
Optical_B,557,5.57,11,5.834948822921945,-0.0,0,1.028325001243502
Optical_A,558,5.58,11,57.165051177078,-0.0,0,0.9709340083645657
Optical_B,558,5.58,11,4.03494882292199,-0.0,0,0.9646279941080138
Optical_A,559,5.59,11,55.365051177078016,-0.0,0,1.0350450029363856
Optical_B,559,5.59,11,2.2349488229220356,-0.0,0,0.9193959995172918
Optical_A,560,5.6000000000000005,11,53.56505117707789,-0.0,0,1.113292993977666
Optical_B,560,5.6000000000000005,11,0.4349488229219105,-0.0,0,1.1132780055049807
Optical_A,561,5.61,11,51.765051177077936,-0.0,0,1.9648309971671551
Optical_B,561,5.61,11,-1.365051177078044,-0.0,0,1.0020810004789382
Optical_A,562,5.62,11,49.96505117707795,-0.0,0,0.9900459990603849
Optical_B,562,5.62,11,-3.1650511770779985,-0.0,0,1.0124810069100931
Optical_A,563,5.63,11,48.165051177078,-0.0,0,1.846664003096521
Optical_B,563,5.63,11,-4.965051177077953,-0.0,0,0.9854600066319108
Optical_A,564,5.64,11,46.365051177078044,-0.0,2,1.549558000988327
Optical_B,564,5.64,11,-6.765051177077936,-0.0,0,1.4081109984545037
Optical_A,565,5.65,11,44.56505117707792,-0.0,1,1.2903669994557276
Optical_B,565,5.65,11,-8.565051177078033,-0.0,0,1.074583997251466
Optical_A,566,5.66,11,42.765051177077964,-0.0,0,0.9941909956978634
Optical_B,566,5.66,11,-10.365051177078016,-0.0,0,0.9605320083210245
Optical_A,567,5.67,11,40.96505117707801,-0.0,2,2.1989730012137443
Optical_B,567,5.67,11,-12.165051177077999,-0.0,0,0.9863770101219416
Optical_A,568,5.68,11,39.165051177078055,-0.0,5,1.7643450119066983
Optical_B,568,5.68,11,-13.965051177077953,-0.0,0,1.4415240002563223
Optical_A,569,5.69,11,37.36505117707793,-0.0,7,1.7226709896931425
Optical_B,569,5.69,11,-15.765051177078078,-0.0,2,1.116405997890979
Optical_A,570,5.7,11,35.565051177077976,-0.0,4,1.4448300062213093
Optical_B,570,5.7,11,-17.565051177078033,-0.0,2,1.2250900035724044
Optical_A,571,5.71,11,33.76505117707799,-0.0,5,2.1287819981807843
Optical_B,571,5.71,11,-19.365051177077987,-0.0,4,1.3670429907506332
Optical_A,572,5.72,11,31.96505117707801,-0.0,4,1.3665529986610636
Optical_B,572,5.72,11,-21.16505117707794,-0.0,5,1.418428000761196
Optical_A,573,5.73,11,30.165051177077885,-0.0,4,1.712897006655112
Optical_B,573,5.73,11,-22.965051177078067,-0.0,4,1.3978339993627742
Optical_A,574,5.74,11,28.36505117707793,-0.0,3,1.2284989934414625
Optical_B,574,5.74,11,-24.76505117707802,-0.0,5,1.3417479931376874
Optical_A,575,5.75,11,26.565051177077976,-0.0,5,1.5912590024527162
Optical_B,575,5.75,11,-26.565051177077976,-0.0,2,2.1471679938258603
Optical_A,576,5.76,11,24.76505117707802,-0.0,6,2.983398997457698
Optical_B,576,5.76,11,-28.36505117707793,-0.0,5,2.5414540141355246
Optical_A,577,5.7700000000000005,11,22.965051177077896,-0.0,3,1.3826490030623972
Optical_B,577,5.7700000000000005,11,-30.165051177078055,-0.0,5,1.5665740065742284
Optical_A,578,5.78,11,21.16505117707794,-0.0,4,1.3963909877929837
Optical_B,578,5.78,11,-31.96505117707801,-0.0,4,1.4945580041967332
Optical_A,579,5.79,11,19.365051177077987,-0.0,3,1.5025460015749559
Optical_B,579,5.79,11,-33.76505117707802,-0.0,3,1.442547989427112
Optical_A,580,5.8,11,17.565051177078033,-0.0,2,2.319127001101151
Optical_B,580,5.8,11,-35.565051177077976,-0.0,1,1.2016849941574037
Optical_A,581,5.8100000000000005,11,15.765051177077908,-0.0,0,1.030270999763161
Optical_B,581,5.8100000000000005,11,-37.3650511770781,-0.0,0,1.0748530039563775
Optical_A,582,5.82,11,13.965051177077953,-0.0,0,1.49501500709448
Optical_B,582,5.82,11,-39.165051177078055,-0.0,3,2.1115820127306506
Optical_A,583,5.83,11,12.165051177077999,-0.0,0,1.2759490055032074
Optical_B,583,5.83,11,-40.96505117707801,-0.0,7,1.4683210029033944
Optical_A,584,5.84,11,10.365051177077987,-0.0,0,1.0490569984540343
Optical_B,584,5.84,11,-42.765051177077964,-0.0,5,1.356237000436522
Optical_A,585,5.8500000000000005,11,8.565051177077919,-0.0,0,1.3528609997592866
Optical_B,585,5.8500000000000005,11,-44.56505117707809,-0.0,2,1.1517390084918588
Optical_A,586,5.86,11,6.765051177077908,-0.0,0,1.1072529887314886
Optical_B,586,5.86,11,-46.365051177078044,-0.0,2,1.1616789997788146
Optical_A,587,5.87,11,4.965051177077953,-0.0,0,1.1721800110535696
Optical_B,587,5.87,11,-48.165051177078,-0.0,1,0.9427170007256791
Optical_A,588,5.88,11,3.1650511770779985,-0.0,0,0.937290009460412
Optical_B,588,5.88,11,-49.96505117707795,-0.0,0,0.9559450118103996
Optical_A,589,5.89,11,1.365051177078044,-0.0,0,1.070126992999576
Optical_B,589,5.89,11,-51.76505117707791,-0.0,0,0.8930490002967417
Optical_A,590,5.9,11,-0.43494882292208104,-0.0,0,1.0127199930138886
Optical_B,590,5.9,11,-53.56505117707805,-0.0,0,1.0158869990846142
Optical_A,591,5.91,11,-2.2349488229220356,-0.0,0,1.4030849997652695
Optical_B,591,5.91,11,-55.365051177078,-0.0,0,1.143978995969519
Optical_A,592,5.92,11,-4.03494882292199,-0.0,0,1.1532420030562207
Optical_B,592,5.92,11,-57.165051177077984,-0.0,0,1.1837549973279238
Optical_A,593,5.93,11,-5.834948822921945,-0.0,0,3.064067001105286
Optical_B,593,5.93,11,-58.96505117707794,-0.0,0,0.8343509980477393
Optical_A,594,5.94,11,-7.63494882292207,-0.0,0,1.0397230071248487
Optical_B,594,5.94,11,-60.765051177078064,-0.0,0,0.9782819979591295
Optical_A,595,5.95,11,-9.434948822922024,-0.0,0,1.031826002872549
Optical_B,595,5.95,11,-62.56505117707802,-0.0,0,1.4366730028996244
Optical_A,596,5.96,11,-11.234948822921979,-0.0,0,1.4135069941403344
Optical_B,596,5.96,11,-64.36505117707797,-0.0,0,0.9412820072611794
Optical_A,597,5.97,11,-13.03494882292199,-0.0,0,1.8237840122310445
Optical_B,597,5.97,11,-66.16505117707796,-0.0,0,0.9288709989050403
Optical_A,598,5.98,11,-14.834948822922115,-0.0,0,1.150071999290958
Optical_B,598,5.98,11,-67.96505117707808,-0.0,0,1.0920119966613129
Optical_A,599,5.99,11,-16.63494882292207,-0.0,0,2.061727995169349
Optical_B,599,5.99,11,-69.76505117707804,-0.0,0,0.9617250034352764
Optical_A,600,6.0,12,-18.434948822922024,-0.0,0,0.9769159951247275
Optical_B,600,6.0,12,-71.56505117707799,-0.0,0,1.3551849988289177
Optical_A,601,6.01,12,-16.63494882292204,-0.0,0,1.561979006510228
Optical_B,601,6.01,12,-69.76505117707802,-0.0,0,0.9741379908518866
Optical_A,602,6.0200000000000005,12,-14.834948822921945,-0.0,0,1.1473909980850294
Optical_B,602,6.0200000000000005,12,-67.96505117707791,-0.0,0,0.9655899921199307
Optical_A,603,6.03,12,-13.034948822921962,-0.0,0,1.049169004545547
Optical_B,603,6.03,12,-66.16505117707794,-0.0,0,0.9447439952054992
Optical_A,604,6.04,12,-11.234948822922007,-0.0,0,1.0325240000383928
Optical_B,604,6.04,12,-64.36505117707799,-0.0,0,0.9899849974317476
Optical_A,605,6.05,12,-9.434948822922024,-0.0,0,1.1547530011739582
Optical_B,605,6.05,12,-62.56505117707802,-0.0,0,1.045953991706483
Optical_A,606,6.0600000000000005,12,-7.634948822921928,-0.0,0,1.0731229995144531
Optical_B,606,6.0600000000000005,12,-60.76505117707791,-0.0,0,1.0662860004231334
Optical_A,607,6.07,12,-5.834948822921945,-0.0,0,0.978411000687629
Optical_B,607,6.07,12,-58.96505117707794,-0.0,0,1.0001339978771284
Optical_A,608,6.08,12,-4.03494882292199,-0.0,0,1.0572419996606186
Optical_B,608,6.08,12,-57.16505117707797,-0.0,0,1.0003189963754267
Optical_A,609,6.09,12,-2.2349488229220356,-0.0,0,1.0155249910894781
Optical_B,609,6.09,12,-55.365051177078016,-0.0,0,0.9541019971948117
Optical_A,610,6.1000000000000005,12,-0.4349488229219105,-0.0,0,1.103810005588457
Optical_B,610,6.1000000000000005,12,-53.56505117707789,-0.0,0,0.9184689988614991
Optical_A,611,6.11,12,1.365051177078044,-0.0,0,1.0191189940087497
Optical_B,611,6.11,12,-51.765051177077936,-0.0,0,0.9892490052152425
Optical_A,612,6.12,12,3.1650511770779985,-0.0,0,0.9914180118357763
Optical_B,612,6.12,12,-49.96505117707795,-0.0,0,0.923394996789284
Optical_A,613,6.13,12,4.9650511770779815,-0.0,0,3.37054199189879
Optical_B,613,6.13,12,-48.165051177078,-0.0,2,1.6789220098871738
Optical_A,614,6.140000000000001,12,6.765051177078078,-0.0,0,1.02923100348562
Optical_B,614,6.140000000000001,12,-46.36505117707787,-0.0,2,1.0394109995104373
Optical_A,615,6.15,12,8.565051177078061,-0.0,0,1.0485839884495363
Optical_B,615,6.15,12,-44.56505117707792,-0.0,2,1.1901699908776209
Optical_A,616,6.16,12,10.365051177078016,-0.0,0,1.0765210026875138
Optical_B,616,6.16,12,-42.765051177077964,-0.0,5,1.5102119941730052
Optical_A,617,6.17,12,12.16505117707797,-0.0,0,1.1931939952773973
Optical_B,617,6.17,12,-40.96505117707801,-0.0,6,1.4415670011658221
Optical_A,618,6.18,12,13.965051177077953,-0.0,0,1.1691580002661794
Optical_B,618,6.18,12,-39.165051177078055,-0.0,2,1.1815619945991784
Optical_A,619,6.19,12,15.765051177078078,-0.0,0,1.1415560002205893
Optical_B,619,6.19,12,-37.36505117707793,-0.0,0,1.0180910030612722
Optical_A,620,6.2,12,17.565051177078033,-0.0,2,2.4950020015239716
Optical_B,620,6.2,12,-35.565051177077976,-0.0,2,1.1840660008601844
Optical_A,621,6.21,12,19.365051177077987,-0.0,3,1.5668580017518252
Optical_B,621,6.21,12,-33.76505117707799,-0.0,5,1.5330669994000345
Optical_A,622,6.22,12,21.16505117707794,-0.0,3,1.8225410021841526
Optical_B,622,6.22,12,-31.96505117707804,-0.0,4,1.3570160081144422
Optical_A,623,6.23,12,22.965051177078067,-0.0,4,2.3303670022869483
Optical_B,623,6.23,12,-30.165051177077913,-0.0,4,1.3580289960373193
Optical_A,624,6.24,12,24.76505117707802,-0.0,4,1.8816079973476008
Optical_B,624,6.24,12,-28.36505117707796,-0.0,3,2.257708998513408
Optical_A,625,6.25,12,26.565051177077976,-0.0,5,1.5127600054256618
Optical_B,625,6.25,12,-26.565051177077976,-0.0,3,1.7021429957821965
Optical_A,626,6.26,12,28.36505117707796,-0.0,5,2.348940004594624
Optical_B,626,6.26,12,-24.76505117707802,-0.0,6,1.7494920030003414
Optical_A,627,6.2700000000000005,12,30.165051177078055,-0.0,3,2.0825959945796058
Optical_B,627,6.2700000000000005,12,-22.965051177077896,-0.0,5,1.5441030118381605
Optical_A,628,6.28,12,31.96505117707804,-0.0,6,3.345298988278955
Optical_B,628,6.28,12,-21.16505117707794,-0.0,5,1.499503996456042
Optical_A,629,6.29,12,33.76505117707799,-0.0,4,2.868665993446484
Optical_B,629,6.29,12,-19.365051177077987,-0.0,4,1.6054909938247874
Optical_A,630,6.3,12,35.565051177077976,-0.0,5,2.653572999406606
Optical_B,630,6.3,12,-17.565051177078033,-0.0,2,3.6718460032716393
Optical_A,631,6.3100000000000005,12,37.36505117707807,-0.0,6,2.076556993415579
Optical_B,631,6.3100000000000005,12,-15.765051177077908,-0.0,1,2.160787000320852
Optical_A,632,6.32,12,39.165051177078055,-0.0,5,2.508300996851176
Optical_B,632,6.32,12,-13.965051177077953,-0.0,0,1.517033000709489
Optical_A,633,6.33,12,40.96505117707801,-0.0,3,1.9516250031301752
Optical_B,633,6.33,12,-12.16505117707797,-0.0,0,1.6005590005079284
Optical_A,634,6.34,12,42.765051177077964,-0.0,0,3.199960003257729
Optical_B,634,6.34,12,-10.365051177078016,-0.0,0,0.9052610112121329
Optical_A,635,6.3500000000000005,12,44.56505117707809,-0.0,0,2.370882997638546
Optical_B,635,6.3500000000000005,12,-8.56505117707789,-0.0,0,0.9804730070754886
Optical_A,636,6.36,12,46.365051177078044,-0.0,2,1.2920750014018267
Optical_B,636,6.36,12,-6.765051177077936,-0.0,0,1.1942929995711893
Optical_A,637,6.37,12,48.165051177078,-0.0,1,1.3817989965900779
Optical_B,637,6.37,12,-4.965051177077953,-0.0,0,1.028982995194383
Optical_A,638,6.38,12,49.96505117707795,-0.0,0,1.331460996880196
Optical_B,638,6.38,12,-3.1650511770779985,-0.0,0,1.0080389911308885
Optical_A,639,6.390000000000001,12,51.76505117707808,-0.0,0,1.2996949953958392
Optical_B,639,6.390000000000001,12,-1.3650511770778735,-0.0,0,1.0098459897562861
Optical_A,640,6.4,12,53.56505117707803,-0.0,0,1.1250099923927337
Optical_B,640,6.4,12,0.43494882292208104,-0.0,0,1.7681559984339401
Optical_A,641,6.41,12,55.365051177078016,-0.0,0,1.5856429963605478
Optical_B,641,6.41,12,2.2349488229220356,-0.0,0,0.9772269986569881
Optical_A,642,6.42,12,57.165051177078,-0.0,0,2.59828100388404
Optical_B,642,6.42,12,4.03494882292199,-0.0,0,1.0171159956371412
Optical_A,643,6.43,12,58.96505117707795,-0.0,0,1.4258919982239604
Optical_B,643,6.43,12,5.834948822921945,-0.0,0,1.1159230052726343
Optical_A,644,6.44,12,60.76505117707808,-0.0,0,1.30741301109083
Optical_B,644,6.44,12,7.63494882292207,-0.0,0,1.0014729923568666
Optical_A,645,6.45,12,62.56505117707803,-0.0,0,1.04178799665533
Optical_B,645,6.45,12,9.434948822922024,-0.0,0,1.913319996674545
Optical_A,646,6.46,12,64.36505117707799,-0.0,0,1.494551994255744
Optical_B,646,6.46,12,11.234948822922007,-0.0,0,1.4659339940408245
Optical_A,647,6.47,12,66.16505117707794,-0.0,0,1.354489999357611
Optical_B,647,6.47,12,13.034948822921962,-0.0,0,1.0873560095205903
Optical_A,648,6.48,12,67.96505117707807,-0.0,0,1.5229720011120662
Optical_B,648,6.48,12,14.834948822922087,-0.0,0,1.3762660091742873
Optical_A,649,6.49,12,69.76505117707802,-0.0,0,1.2577669986058027
Optical_B,649,6.49,12,16.63494882292207,-0.0,0,0.9240570070687681
Optical_A,650,6.5,13,71.56505117707798,-0.0,0,1.423615001840517
Optical_B,650,6.5,13,18.434948822922024,-0.0,0,1.4257709990488365
Optical_A,651,6.51,13,69.76505117707802,-0.0,0,1.2928309879498556
Optical_B,651,6.51,13,16.63494882292207,-0.0,0,1.7718750023050234
Optical_A,652,6.5200000000000005,13,67.9650511770779,-0.0,0,1.116177998483181
Optical_B,652,6.5200000000000005,13,14.834948822921945,-0.0,0,1.1928649910259992
Optical_A,653,6.53,13,66.16505117707794,-0.0,0,1.4944349968573079
Optical_B,653,6.53,13,13.034948822921962,-0.0,0,1.1398200003895909
Optical_A,654,6.54,13,64.36505117707799,-0.0,0,1.3334719988051802
Optical_B,654,6.54,13,11.234948822922007,-0.0,0,1.2048609933117405
Optical_A,655,6.55,13,62.56505117707803,-0.0,0,1.210581001942046
Optical_B,655,6.55,13,9.434948822922024,-0.0,0,0.9813779906835407
Optical_A,656,6.5600000000000005,13,60.76505117707791,-0.0,0,1.1764730006689206
Optical_B,656,6.5600000000000005,13,7.634948822921899,-0.0,0,1.1591299989959225
Optical_A,657,6.57,13,58.96505117707795,-0.0,0,1.326973011600785
Optical_B,657,6.57,13,5.834948822921945,-0.0,0,1.7100709956139326
Optical_A,658,6.58,13,57.165051177078,-0.0,0,1.3145209959475324
Optical_B,658,6.58,13,4.03494882292199,-0.0,0,1.0570390004431829
Optical_A,659,6.59,13,55.365051177078016,-0.0,0,1.3237410021247342
Optical_B,659,6.59,13,2.2349488229220356,-0.0,0,1.1415059998398647
Optical_A,660,6.6000000000000005,13,53.56505117707789,-0.0,0,1.1821680091088638
Optical_B,660,6.6000000000000005,13,0.4349488229219105,-0.0,0,1.187833011499606
Optical_A,661,6.61,13,51.765051177077936,-0.0,0,1.3681260024895892
Optical_B,661,6.61,13,-1.365051177078044,-0.0,0,1.0526760015636683
Optical_A,662,6.62,13,49.96505117707795,-0.0,0,1.2835119996452704
Optical_B,662,6.62,13,-3.1650511770779985,-0.0,0,1.0376989957876503
Optical_A,663,6.63,13,48.165051177078,-0.0,1,2.4805830034893006
Optical_B,663,6.63,13,-4.965051177077953,-0.0,0,1.1596489930525422
Optical_A,664,6.640000000000001,13,46.36505117707787,-0.0,2,1.7447779973736033
Optical_B,664,6.640000000000001,13,-6.765051177078078,-0.0,0,1.2258760107215494
Optical_A,665,6.65,13,44.56505117707792,-0.0,0,3.117786007351242
Optical_B,665,6.65,13,-8.565051177078033,-0.0,0,1.355895001324825
Optical_A,666,6.66,13,42.765051177077964,-0.0,0,0.20692299585789442
Optical_B,666,6.66,13,-10.365051177078016,-0.0,0,1.2143380008637905
Optical_A,667,6.67,13,40.96505117707801,-0.0,3,1.5829120093258098
Optical_B,667,6.67,13,-12.165051177077999,-0.0,0,1.2665169924730435
Optical_A,668,6.68,13,39.165051177078055,-0.0,5,1.7446600104449317
Optical_B,668,6.68,13,-13.965051177077953,-0.0,0,2.3347889946307987
Optical_A,669,6.69,13,37.36505117707793,-0.0,5,1.9565630063880235
Optical_B,669,6.69,13,-15.765051177078078,-0.0,0,1.5732440078863874
Optical_A,670,6.7,13,35.565051177077976,-0.0,5,2.3841259971959516
Optical_B,670,6.7,13,-17.565051177078033,-0.0,2,1.6262709978036582
Optical_A,671,6.71,13,33.76505117707799,-0.0,5,1.7952710040844977
Optical_B,671,6.71,13,-19.365051177077987,-0.0,4,2.545092997024767
Optical_A,672,6.72,13,31.96505117707801,-0.0,5,1.8088429933413863
Optical_B,672,6.72,13,-21.16505117707794,-0.0,6,2.0255010022083297
Optical_A,673,6.73,13,30.165051177077885,-0.0,5,2.0219389989506453
Optical_B,673,6.73,13,-22.965051177078067,-0.0,4,1.5484739997191355
Optical_A,674,6.74,13,28.36505117707793,-0.0,5,1.7366639949614182
Optical_B,674,6.74,13,-24.76505117707802,-0.0,5,1.9948940025642514
Optical_A,675,6.75,13,26.565051177077976,-0.0,8,2.475052999216132
Optical_B,675,6.75,13,-26.565051177077976,-0.0,3,2.437197996187024
Optical_A,676,6.76,13,24.76505117707802,-0.0,6,2.1136910072527826
Optical_B,676,6.76,13,-28.36505117707793,-0.0,3,3.9252769929589704
Optical_A,677,6.7700000000000005,13,22.965051177077896,-0.0,2,1.9425369973760098
Optical_B,677,6.7700000000000005,13,-30.165051177078055,-0.0,8,3.0082079902058467
Optical_A,678,6.78,13,21.16505117707794,-0.0,2,1.5248849958879873
Optical_B,678,6.78,13,-31.96505117707801,-0.0,3,2.3605250025866553
Optical_A,679,6.79,13,19.365051177077987,-0.0,4,1.7463740077801049
Optical_B,679,6.79,13,-33.76505117707802,-0.0,4,1.783728992450051
Optical_A,680,6.8,13,17.565051177078033,-0.0,2,1.6935460007516667
Optical_B,680,6.8,13,-35.565051177077976,-0.0,4,2.1718409989262
Optical_A,681,6.8100000000000005,13,15.765051177077908,-0.0,0,1.4885459968354553
Optical_B,681,6.8100000000000005,13,-37.3650511770781,-0.0,0,1.0571960010565817
Optical_A,682,6.82,13,13.965051177077953,-0.0,0,2.815272004227154
Optical_B,682,6.82,13,-39.165051177078055,-0.0,0,1.1172430095029995
Optical_A,683,6.83,13,12.165051177077999,-0.0,0,1.501335995271802
Optical_B,683,6.83,13,-40.96505117707801,-0.0,4,1.4447800058405846
Optical_A,684,6.84,13,10.365051177077987,-0.0,0,1.1250140087213367
Optical_B,684,6.84,13,-42.765051177077964,-0.0,6,1.6107319970615208
Optical_A,685,6.8500000000000005,13,8.565051177077919,-0.0,0,1.316946989390999
Optical_B,685,6.8500000000000005,13,-44.56505117707809,-0.0,4,1.3356459967326373
Optical_A,686,6.86,13,6.765051177077908,-0.0,0,1.4502609992632642
Optical_B,686,6.86,13,-46.365051177078044,-0.0,1,1.7045470012817532
Optical_A,687,6.87,13,4.965051177077953,-0.0,0,1.095792991691269
Optical_B,687,6.87,13,-48.165051177078,-0.0,2,1.337113993940875
Optical_A,688,6.88,13,3.1650511770779985,-0.0,0,1.2301660026423633
Optical_B,688,6.88,13,-49.96505117707795,-0.0,1,1.158118000603281
Optical_A,689,6.890000000000001,13,1.3650511770778735,-0.0,0,1.2021439906675369
Optical_B,689,6.890000000000001,13,-51.76505117707808,-0.0,0,1.1222879984416068
Optical_A,690,6.9,13,-0.43494882292208104,-0.0,0,1.4408100105356425
Optical_B,690,6.9,13,-53.56505117707805,-0.0,0,1.0451789858052507
Optical_A,691,6.91,13,-2.2349488229220356,-0.0,0,1.1528609902597964
Optical_B,691,6.91,13,-55.365051177078,-0.0,0,1.1988779879175127
Optical_A,692,6.92,13,-4.03494882292199,-0.0,0,1.2926199997309595
Optical_B,692,6.92,13,-57.165051177077984,-0.0,0,0.9582210041116923
Optical_A,693,6.93,13,-5.834948822921945,-0.0,0,1.326195997535251
Optical_B,693,6.93,13,-58.96505117707794,-0.0,0,0.9532889962429181
Optical_A,694,6.94,13,-7.63494882292207,-0.0,0,1.088173987227492
Optical_B,694,6.94,13,-60.765051177078064,-0.0,0,0.9991520055336878
Optical_A,695,6.95,13,-9.434948822922024,-0.0,0,1.4226740022422746
Optical_B,695,6.95,13,-62.56505117707802,-0.0,0,0.9302770049544051
Optical_A,696,6.96,13,-11.234948822921979,-0.0,0,1.047947007464245
Optical_B,696,6.96,13,-64.36505117707797,-0.0,0,1.1014739866368473
Optical_A,697,6.97,13,-13.03494882292199,-0.0,0,1.1074100038968027
Optical_B,697,6.97,13,-66.16505117707796,-0.0,0,1.126142989960499
Optical_A,698,6.98,13,-14.834948822922115,-0.0,0,1.5467549965251237
Optical_B,698,6.98,13,-67.96505117707808,-0.0,0,1.0305729956598952
Optical_A,699,6.99,13,-16.63494882292207,-0.0,0,2.0941039983881637
Optical_B,699,6.99,13,-69.76505117707804,-0.0,0,1.0379059967817739
Optical_A,700,7.0,14,-18.434948822922024,-0.0,0,2.3988100001588464
Optical_B,700,7.0,14,-71.56505117707799,-0.0,0,2.207811994594522
Optical_A,701,7.01,14,-16.63494882292204,-0.0,0,1.4263989869505167
Optical_B,701,7.01,14,-69.76505117707802,-0.0,0,1.2861129944212735
Optical_A,702,7.0200000000000005,14,-14.834948822921945,-0.0,0,2.399167002295144
Optical_B,702,7.0200000000000005,14,-67.96505117707791,-0.0,0,1.0194609931204468
Optical_A,703,7.03,14,-13.034948822921962,-0.0,0,1.5024189924588427
Optical_B,703,7.03,14,-66.16505117707794,-0.0,0,1.1525360023370013
Optical_A,704,7.04,14,-11.234948822922007,-0.0,0,1.3259990082588047
Optical_B,704,7.04,14,-64.36505117707799,-0.0,0,0.9997099987231195
Optical_A,705,7.05,14,-9.434948822922024,-0.0,0,1.3024739891989157
Optical_B,705,7.05,14,-62.56505117707802,-0.0,0,1.0320529981981963
Optical_A,706,7.0600000000000005,14,-7.634948822921928,-0.0,0,1.4387159899342805
Optical_B,706,7.0600000000000005,14,-60.76505117707791,-0.0,0,1.1717839952325448
Optical_A,707,7.07,14,-5.834948822921945,-0.0,0,1.2296119966777042
Optical_B,707,7.07,14,-58.96505117707794,-0.0,0,1.082661998225376
Optical_A,708,7.08,14,-4.03494882292199,-0.0,0,1.9982179946964607
Optical_B,708,7.08,14,-57.16505117707797,-0.0,0,1.0810989915626124
Optical_A,709,7.09,14,-2.2349488229220356,-0.0,0,1.1419240036047995
Optical_B,709,7.09,14,-55.365051177078016,-0.0,0,1.1682339973049238
Optical_A,710,7.1000000000000005,14,-0.4349488229219105,-0.0,0,1.957303989911452
Optical_B,710,7.1000000000000005,14,-53.56505117707789,-0.0,0,1.027688995236531
Optical_A,711,7.11,14,1.365051177078044,-0.0,0,1.142786000855267
Optical_B,711,7.11,14,-51.765051177077936,-0.0,0,1.144891997682862
Optical_A,712,7.12,14,3.1650511770779985,-0.0,0,1.5413149958476424
Optical_B,712,7.12,14,-49.96505117707795,-0.0,1,1.2988539965590462
Optical_A,713,7.13,14,4.9650511770779815,-0.0,0,1.192324998555705
Optical_B,713,7.13,14,-48.165051177078,-0.0,2,1.7842529923655093
Optical_A,714,7.140000000000001,14,6.765051177078078,-0.0,0,1.4632620004704222
Optical_B,714,7.140000000000001,14,-46.36505117707787,-0.0,2,1.363967006909661
Optical_A,715,7.15,14,8.565051177078061,-0.0,0,1.3713679945794865
Optical_B,715,7.15,14,-44.56505117707792,-0.0,5,1.618326990865171
Optical_A,716,7.16,14,10.365051177078016,-0.0,0,1.2516620045062155
Optical_B,716,7.16,14,-42.765051177077964,-0.0,6,1.6526399995200336
Optical_A,717,7.17,14,12.16505117707797,-0.0,0,1.1923649872187525
Optical_B,717,7.17,14,-40.96505117707801,-0.0,4,1.617886999156326
Optical_A,718,7.18,14,13.965051177077953,-0.0,0,1.819865996367298
Optical_B,718,7.18,14,-39.165051177078055,-0.0,0,1.2565580109367147
Optical_A,719,7.19,14,15.765051177078078,-0.0,0,1.2636190076591447
Optical_B,719,7.19,14,-37.36505117707793,-0.0,0,1.1413580068619922
Optical_A,720,7.2,14,17.565051177078033,-0.0,1,1.477729994803667
Optical_B,720,7.2,14,-35.565051177077976,-0.0,5,1.6671580087859184
Optical_A,721,7.21,14,19.365051177077987,-0.0,4,1.7693359986878932
Optical_B,721,7.21,14,-33.76505117707799,-0.0,4,2.046081004664302
Optical_A,722,7.22,14,21.16505117707794,-0.0,4,2.178001988795586
Optical_B,722,7.22,14,-31.96505117707804,-0.0,4,1.6096350009320304
Optical_A,723,7.23,14,22.965051177078067,-0.0,3,1.6978010098682716
Optical_B,723,7.23,14,-30.165051177077913,-0.0,6,1.8436310056131333
Optical_A,724,7.24,14,24.76505117707802,-0.0,5,3.078330002608709
Optical_B,724,7.24,14,-28.36505117707796,-0.0,2,1.3201270048739389
Optical_A,725,7.25,14,26.565051177077976,-0.0,8,2.0400579960551113
Optical_B,725,7.25,14,-26.565051177077976,-0.0,4,2.0394349994603544
Optical_A,726,7.26,14,28.36505117707796,-0.0,6,1.7350429989164695
Optical_B,726,7.26,14,-24.76505117707802,-0.0,5,1.619367001694627
Optical_A,727,7.2700000000000005,14,30.165051177078055,-0.0,4,1.9685890001710504
Optical_B,727,7.2700000000000005,14,-22.965051177077896,-0.0,5,1.700779001112096
Optical_A,728,7.28,14,31.96505117707804,-0.0,4,2.1005390008213
Optical_B,728,7.28,14,-21.16505117707794,-0.0,7,1.9502820068737492
Optical_A,729,7.29,14,33.76505117707799,-0.0,4,1.764915999956429
Optical_B,729,7.29,14,-19.365051177077987,-0.0,4,1.716633007163182
Optical_A,730,7.3,14,35.565051177077976,-0.0,4,2.0187749905744568
Optical_B,730,7.3,14,-17.565051177078033,-0.0,2,2.7724329993361607
Optical_A,731,7.3100000000000005,14,37.36505117707807,-0.0,5,1.905130993691273
Optical_B,731,7.3100000000000005,14,-15.765051177077908,-0.0,0,1.247025007614866
Optical_A,732,7.32,14,39.165051177078055,-0.0,5,1.7831260047387332
Optical_B,732,7.32,14,-13.965051177077953,-0.0,0,1.5500580047955737
Optical_A,733,7.33,14,40.96505117707801,-0.0,6,2.6629110070643947
Optical_B,733,7.33,14,-12.16505117707797,-0.0,0,1.4433159958571196
Optical_A,734,7.34,14,42.765051177077964,-0.0,2,1.5511959936702624
Optical_B,734,7.34,14,-10.365051177078016,-0.0,0,1.3210290053393692
Optical_A,735,7.3500000000000005,14,44.56505117707809,-0.0,0,1.2240340001881123
Optical_B,735,7.3500000000000005,14,-8.56505117707789,-0.0,0,1.1072290071751922
Optical_A,736,7.36,14,46.365051177078044,-0.0,1,1.3067479885648936
Optical_B,736,7.36,14,-6.765051177077936,-0.0,0,1.168467992101796
Optical_A,737,7.37,14,48.165051177078,-0.0,2,1.5025179891381413
Optical_B,737,7.37,14,-4.965051177077953,-0.0,0,0.22824099869467318
Optical_A,738,7.38,14,49.96505117707795,-0.0,0,1.2204180093249306
Optical_B,738,7.38,14,-3.1650511770779985,-0.0,0,1.2300539965508506
Optical_A,739,7.390000000000001,14,51.76505117707808,-0.0,0,2.0634059910662472
Optical_B,739,7.390000000000001,14,-1.3650511770778735,-0.0,0,1.1455679923528805
Optical_A,740,7.4,14,53.56505117707803,-0.0,0,1.2236390030011535
Optical_B,740,7.4,14,0.43494882292208104,-0.0,0,1.210001006256789
Optical_A,741,7.41,14,55.365051177078016,-0.0,0,1.2809069885406643
Optical_B,741,7.41,14,2.2349488229220356,-0.0,0,1.3072250003460795
Optical_A,742,7.42,14,57.165051177078,-0.0,0,1.2963739864062518
Optical_B,742,7.42,14,4.03494882292199,-0.0,0,1.1431919992901385
Optical_A,743,7.43,14,58.96505117707795,-0.0,0,1.2268950085854158
Optical_B,743,7.43,14,5.834948822921945,-0.0,0,1.3172809995012358
Optical_A,744,7.44,14,60.76505117707808,-0.0,0,1.4396399928955361
Optical_B,744,7.44,14,7.63494882292207,-0.0,0,1.243929989868775
Optical_A,745,7.45,14,62.56505117707803,-0.0,0,1.2544359924504533
Optical_B,745,7.45,14,9.434948822922024,-0.0,0,1.2506959901656955
Optical_A,746,7.46,14,64.36505117707799,-0.0,0,2.5357579870615155
Optical_B,746,7.46,14,11.234948822922007,-0.0,0,1.1336819879943505
Optical_A,747,7.47,14,66.16505117707794,-0.0,0,1.7231160018127412
Optical_B,747,7.47,14,13.034948822921962,-0.0,0,1.1458219960331917
Optical_A,748,7.48,14,67.96505117707807,-0.0,0,1.2066060007782653
Optical_B,748,7.48,14,14.834948822922087,-0.0,0,1.2781389959855005
Optical_A,749,7.49,14,69.76505117707802,-0.0,0,1.4607680059270933
Optical_B,749,7.49,14,16.63494882292207,-0.0,0,1.1425660050008446
Optical_A,750,7.5,15,71.56505117707798,-0.0,0,2.042110005277209
Optical_B,750,7.5,15,18.434948822922024,-0.0,0,1.5109439991647378
Optical_A,751,7.51,15,69.76505117707802,-0.0,0,1.4190999936545268
Optical_B,751,7.51,15,16.63494882292207,-0.0,0,1.1857639910886064
Optical_A,752,7.5200000000000005,15,67.9650511770779,-0.0,0,1.5167859965004027
Optical_B,752,7.5200000000000005,15,14.834948822921945,-0.0,0,1.525928993942216
Optical_A,753,7.53,15,66.16505117707794,-0.0,0,1.7756960005499423
Optical_B,753,7.53,15,13.034948822921962,-0.0,0,1.1018660006811842
Optical_A,754,7.54,15,64.36505117707799,-0.0,0,1.2539409945020452
Optical_B,754,7.54,15,11.234948822922007,-0.0,0,1.2259540089871734
Optical_A,755,7.55,15,62.56505117707803,-0.0,0,1.2387199967633933
Optical_B,755,7.55,15,9.434948822922024,-0.0,0,1.255719005712308
Optical_A,756,7.5600000000000005,15,60.76505117707791,-0.0,0,1.2528049992397428
Optical_B,756,7.5600000000000005,15,7.634948822921899,-0.0,0,1.4571420033462346
Optical_A,757,7.57,15,58.96505117707795,-0.0,0,2.050928000244312
Optical_B,757,7.57,15,5.834948822921945,-0.0,0,1.2021389993606135
Optical_A,758,7.58,15,57.165051177078,-0.0,0,1.197794990730472
Optical_B,758,7.58,15,4.03494882292199,-0.0,0,1.3399869931163266
Optical_A,759,7.59,15,55.365051177078016,-0.0,0,1.2018349952995777
Optical_B,759,7.59,15,2.2349488229220356,-0.0,0,1.2992889969609678
Optical_A,760,7.6000000000000005,15,53.56505117707789,-0.0,0,1.1558680125745013
Optical_B,760,7.6000000000000005,15,0.4349488229219105,-0.0,0,1.188216992886737
Optical_A,761,7.61,15,51.765051177077936,-0.0,0,1.8221289938082919
Optical_B,761,7.61,15,-1.365051177078044,-0.0,0,1.7757889872882515
Optical_A,762,7.62,15,49.96505117707795,-0.0,0,0.373318005586043
Optical_B,762,7.62,15,-3.1650511770779985,-0.0,0,1.9348159985383973
Optical_A,763,7.63,15,48.165051177078,-0.0,2,2.1403080027084798
Optical_B,763,7.63,15,-4.965051177077953,-0.0,0,1.7544620059197769
Optical_A,764,7.640000000000001,15,46.36505117707787,-0.0,1,1.7294429999310523
Optical_B,764,7.640000000000001,15,-6.765051177078078,-0.0,0,1.584512006957084
Optical_A,765,7.65,15,44.56505117707792,-0.0,0,1.8104310001945123
Optical_B,765,7.65,15,-8.565051177078033,-0.0,0,1.4863989927107468
Optical_A,766,7.66,15,42.765051177077964,-0.0,2,1.5588889946229756
Optical_B,766,7.66,15,-10.365051177078016,-0.0,0,1.2086969945812598
Optical_A,767,7.67,15,40.96505117707801,-0.0,5,1.8252279987791553
Optical_B,767,7.67,15,-12.165051177077999,-0.0,0,1.3465170050039887
Optical_A,768,7.68,15,39.165051177078055,-0.0,6,2.818541004671715
Optical_B,768,7.68,15,-13.965051177077953,-0.0,0,1.3696609967155382
Optical_A,769,7.69,15,37.36505117707793,-0.0,5,1.8511569942347705
Optical_B,769,7.69,15,-15.765051177078078,-0.0,0,1.3546349946409464
Optical_A,770,7.7,15,35.565051177077976,-0.0,4,1.6811749956104904
Optical_B,770,7.7,15,-17.565051177078033,-0.0,2,1.4926099975127727
Optical_A,771,7.71,15,33.76505117707799,-0.0,3,1.615451998077333
Optical_B,771,7.71,15,-19.365051177077987,-0.0,5,1.8309650040464476
Optical_A,772,7.72,15,31.96505117707801,-0.0,4,1.8903160089394078
Optical_B,772,7.72,15,-21.16505117707794,-0.0,5,1.7587519978405908
Optical_A,773,7.73,15,30.165051177077885,-0.0,4,2.0915939967380837
Optical_B,773,7.73,15,-22.965051177078067,-0.0,4,2.389066998148337
Optical_A,774,7.74,15,28.36505117707793,-0.0,6,2.6637099945219234
Optical_B,774,7.74,15,-24.76505117707802,-0.0,4,2.293536002980545
Optical_A,775,7.75,15,26.565051177077976,-0.0,7,2.3974600044311956
Optical_B,775,7.75,15,-26.565051177077976,-0.0,4,2.54163499630522
Optical_A,776,7.76,15,24.76505117707802,-0.0,3,2.6350509870098904
Optical_B,776,7.76,15,-28.36505117707793,-0.0,1,1.6835389978950843
Optical_A,777,7.7700000000000005,15,22.965051177077896,-0.0,3,1.5566220099572092
Optical_B,777,7.7700000000000005,15,-30.165051177078055,-0.0,6,1.7508109885966405
Optical_A,778,7.78,15,21.16505117707794,-0.0,2,1.4584470045519993
Optical_B,778,7.78,15,-31.96505117707801,-0.0,4,1.845841994509101
Optical_A,779,7.79,15,19.365051177077987,-0.0,4,2.0858079951722175
Optical_B,779,7.79,15,-33.76505117707802,-0.0,4,1.7991579952649772
Optical_A,780,7.8,15,17.565051177078033,-0.0,1,1.524409992271103
Optical_B,780,7.8,15,-35.565051177077976,-0.0,5,1.6706329915905371
Optical_A,781,7.8100000000000005,15,15.765051177077908,-0.0,0,1.4222160098142922
Optical_B,781,7.8100000000000005,15,-37.3650511770781,-0.0,1,1.4889480080455542
Optical_A,782,7.82,15,13.965051177077953,-0.0,0,1.1820570070995018
Optical_B,782,7.82,15,-39.165051177078055,-0.0,0,1.0390040115453303
Optical_A,783,7.83,15,12.165051177077999,-0.0,0,1.4742830098839477
Optical_B,783,7.83,15,-40.96505117707801,-0.0,2,1.4153230004012585
Optical_A,784,7.84,15,10.365051177077987,-0.0,0,1.5033340023364872
Optical_B,784,7.84,15,-42.765051177077964,-0.0,5,1.7890099989017472
Optical_A,785,7.8500000000000005,15,8.565051177077919,-0.0,0,1.3855879951734096
Optical_B,785,7.8500000000000005,15,-44.56505117707809,-0.0,5,1.7334860021946952
Optical_A,786,7.86,15,6.765051177077908,-0.0,0,1.3409660023171455
Optical_B,786,7.86,15,-46.365051177078044,-0.0,2,1.4070269971853122
Optical_A,787,7.87,15,4.965051177077953,-0.0,0,1.3188169978093356
Optical_B,787,7.87,15,-48.165051177078,-0.0,1,2.8514419973362237
Optical_A,788,7.88,15,3.1650511770779985,-0.0,0,1.1673539993353188
Optical_B,788,7.88,15,-49.96505117707795,-0.0,2,1.3007410016143695
Optical_A,789,7.890000000000001,15,1.3650511770778735,-0.0,0,1.3983639946673065
Optical_B,789,7.890000000000001,15,-51.76505117707808,-0.0,0,1.1643809993984178
Optical_A,790,7.9,15,-0.43494882292208104,-0.0,0,1.1464010021882132
Optical_B,790,7.9,15,-53.56505117707805,-0.0,0,1.1520679981913418
Optical_A,791,7.91,15,-2.2349488229220356,-0.0,0,1.184933993499726
Optical_B,791,7.91,15,-55.365051177078,-0.0,0,1.0729299974627793
Optical_A,792,7.92,15,-4.03494882292199,-0.0,0,1.2650160060729831
Optical_B,792,7.92,15,-57.165051177077984,-0.0,0,1.1876380012836307
Optical_A,793,7.930000000000001,15,-5.834948822922115,-0.0,0,1.5618870093021542
Optical_B,793,7.930000000000001,15,-58.96505117707811,-0.0,0,1.0465689992997795
Optical_A,794,7.94,15,-7.63494882292207,-0.0,0,1.289662002818659
Optical_B,794,7.94,15,-60.765051177078064,-0.0,0,1.4548470062436536
Optical_A,795,7.95,15,-9.434948822922024,-0.0,0,1.322534997598268
Optical_B,795,7.95,15,-62.56505117707802,-0.0,0,1.0872290004044771
Optical_A,796,7.96,15,-11.234948822921979,-0.0,0,1.233246992342174
Optical_B,796,7.96,15,-64.36505117707797,-0.0,0,1.2110770039726049
Optical_A,797,7.97,15,-13.03494882292199,-0.0,0,1.2047400086885318
Optical_B,797,7.97,15,-66.16505117707796,-0.0,0,1.301452997722663
Optical_A,798,7.98,15,-14.834948822922115,-0.0,0,2.2660789982182905
Optical_B,798,7.98,15,-67.96505117707808,-0.0,0,1.179200000478886
Optical_A,799,7.99,15,-16.63494882292207,-0.0,0,1.1116090026916936
Optical_B,799,7.99,15,-69.76505117707804,-0.0,0,1.051945990184322
Optical_A,800,8.0,16,-18.434948822922024,-0.0,0,1.621868010261096
Optical_B,800,8.0,16,-71.56505117707799,-0.0,0,1.5354460047092289
Optical_A,801,8.01,16,-16.63494882292204,-0.0,0,1.4995640085544437
Optical_B,801,8.01,16,-69.76505117707802,-0.0,0,1.2766900035785511
Optical_A,802,8.02,16,-14.834948822922087,-0.0,0,2.1247490076348186
Optical_B,802,8.02,16,-67.96505117707807,-0.0,0,1.376506988890469
Optical_A,803,8.03,16,-13.034948822922132,-0.0,0,2.159805007977411
Optical_B,803,8.03,16,-66.16505117707811,-0.0,0,4.560376997687854
Optical_A,804,8.040000000000001,16,-11.234948822921837,-0.0,0,1.914239997859113
Optical_B,804,8.040000000000001,16,-64.36505117707782,-0.0,0,1.3567539863288403
Optical_A,805,8.05,16,-9.434948822921882,-0.0,0,1.1496900115162134
Optical_B,805,8.05,16,-62.56505117707786,-0.0,0,3.387071003089659
Optical_A,806,8.06,16,-7.634948822921928,-0.0,0,1.9654939969768748
Optical_B,806,8.06,16,-60.76505117707791,-0.0,0,1.1136309913126752
Optical_A,807,8.07,16,-5.834948822921945,-0.0,0,1.7204379983013496
Optical_B,807,8.07,16,-58.96505117707794,-0.0,0,1.1464530107332394
Optical_A,808,8.08,16,-4.03494882292199,-0.0,0,1.1780159984482452
Optical_B,808,8.08,16,-57.16505117707797,-0.0,0,1.3235700025688857
Optical_A,809,8.09,16,-2.2349488229220356,-0.0,0,1.2323819973971695
Optical_B,809,8.09,16,-55.365051177078016,-0.0,0,1.0197140072705224
Optical_A,810,8.1,16,-0.43494882292208104,-0.0,0,2.7183110069017857
Optical_B,810,8.1,16,-53.56505117707806,-0.0,0,0.9756729996297508
Optical_A,811,8.11,16,1.3650511770778735,-0.0,0,1.5165530057856813
Optical_B,811,8.11,16,-51.76505117707808,-0.0,0,0.9939320007106289
Optical_A,812,8.120000000000001,16,3.165051177078169,-0.0,0,1.4841680094832554
Optical_B,812,8.120000000000001,16,-49.96505117707781,-0.0,2,1.3862760097254068
Optical_A,813,8.13,16,4.965051177078124,-0.0,0,1.824323000619188
Optical_B,813,8.13,16,-48.165051177077856,-0.0,1,1.2388619943521917
Optical_A,814,8.14,16,6.765051177078078,-0.0,0,1.299251991440542
Optical_B,814,8.14,16,-46.36505117707787,-0.0,3,2.056026001810096
Optical_A,815,8.15,16,8.565051177078061,-0.0,0,1.3141119998181239
Optical_B,815,8.15,16,-44.56505117707792,-0.0,7,2.6588820037432015
Optical_A,816,8.16,16,10.365051177078016,-0.0,0,1.57572899479419
Optical_B,816,8.16,16,-42.765051177077964,-0.0,4,2.642748993821442
Optical_A,817,8.17,16,12.16505117707797,-0.0,0,1.3630449975607917
Optical_B,817,8.17,16,-40.96505117707801,-0.0,2,1.1432559986133128
Optical_A,818,8.18,16,13.965051177077953,-0.0,0,1.2825529993278906
Optical_B,818,8.18,16,-39.165051177078055,-0.0,0,1.857815994299017
Optical_A,819,8.19,16,15.765051177077908,-0.0,0,1.1665589991025627
Optical_B,819,8.19,16,-37.36505117707807,-0.0,1,1.8970129895024002
Optical_A,820,8.2,16,17.565051177077862,-0.0,1,1.3312350056366995
Optical_B,820,8.2,16,-35.56505117707812,-0.0,0,0.1390879915561527
Optical_A,821,8.21,16,19.365051177078158,-0.0,3,1.6169379960047081
Optical_B,821,8.21,16,-33.76505117707785,-0.0,1,1.4331729908008128
Optical_A,822,8.22,16,21.165051177078112,-0.0,3,2.9650630021933466
Optical_B,822,8.22,16,-31.965051177077868,-0.0,7,2.022130007389933
Optical_A,823,8.23,16,22.965051177078067,-0.0,3,2.028813003562391
Optical_B,823,8.23,16,-30.165051177077913,-0.0,5,1.6659420070936903
Optical_A,824,8.24,16,24.76505117707802,-0.0,4,2.1223590010777116
Optical_B,824,8.24,16,-28.36505117707796,-0.0,2,1.8999599997187033
Optical_A,825,8.25,16,26.565051177077976,-0.0,7,2.289458003360778
Optical_B,825,8.25,16,-26.565051177077976,-0.0,5,2.282194996951148
Optical_A,826,8.26,16,28.36505117707796,-0.0,7,1.6447449888801202
Optical_B,826,8.26,16,-24.76505117707802,-0.0,5,1.9887029920937493
Optical_A,827,8.27,16,30.165051177077913,-0.0,4,1.4931430050637573
Optical_B,827,8.27,16,-22.965051177078067,-0.0,5,3.165458998410031
Optical_A,828,8.28,16,31.965051177077868,-0.0,4,1.7675000126473606
Optical_B,828,8.28,16,-21.165051177078112,-0.0,5,4.646991001209244
Optical_A,829,8.290000000000001,16,33.76505117707816,-0.0,5,1.947590004419908
Optical_B,829,8.290000000000001,16,-19.365051177077817,-0.0,5,2.0171150099486113
Optical_A,830,8.3,16,35.56505117707812,-0.0,4,1.4934649952920154
Optical_B,830,8.3,16,-17.565051177077862,-0.0,2,2.044230990577489
Optical_A,831,8.31,16,37.36505117707807,-0.0,5,2.1394859941210598
Optical_B,831,8.31,16,-15.765051177077908,-0.0,0,1.5654919989174232
Optical_A,832,8.32,16,39.165051177078055,-0.0,5,1.6968200070550665
Optical_B,832,8.32,16,-13.965051177077953,-0.0,0,1.7333220021100715
Optical_A,833,8.33,16,40.96505117707801,-0.0,4,1.5648300031898543
Optical_B,833,8.33,16,-12.16505117707797,-0.0,0,1.289779000217095
Optical_A,834,8.34,16,42.765051177077964,-0.0,4,1.9418510055402294
Optical_B,834,8.34,16,-10.365051177078016,-0.0,0,1.195502991322428
Optical_A,835,8.35,16,44.56505117707792,-0.0,1,1.2381819979054853
Optical_B,835,8.35,16,-8.565051177078061,-0.0,0,1.4154039963614196
Optical_A,836,8.36,16,46.36505117707787,-0.0,1,1.3389640080276877
Optical_B,836,8.36,16,-6.765051177078078,-0.0,0,0.9548800007905811
Optical_A,837,8.370000000000001,16,48.16505117707817,-0.0,2,2.0104600116610527
Optical_B,837,8.370000000000001,16,-4.965051177077811,-0.0,0,1.345124008366838
Optical_A,838,8.38,16,49.965051177078124,-0.0,1,1.360795009532012
Optical_B,838,8.38,16,-3.165051177077828,-0.0,0,2.5786799960769713
Optical_A,839,8.39,16,51.76505117707808,-0.0,0,1.8413020006846637
Optical_B,839,8.39,16,-1.3650511770778735,-0.0,0,1.1383840028429404
Optical_A,840,8.4,16,53.56505117707803,-0.0,0,1.6543419915251434
Optical_B,840,8.4,16,0.43494882292208104,-0.0,0,1.7064269923139364
Optical_A,841,8.41,16,55.365051177078016,-0.0,0,2.1958259894745424
Optical_B,841,8.41,16,2.2349488229220356,-0.0,0,1.0491709981579334
Optical_A,842,8.42,16,57.165051177078,-0.0,0,1.4628729986725375
Optical_B,842,8.42,16,4.03494882292199,-0.0,0,2.626032000989653
Optical_A,843,8.43,16,58.96505117707795,-0.0,0,1.4817479968769476
Optical_B,843,8.43,16,5.834948822921945,-0.0,0,1.7383009981131181
Optical_A,844,8.44,16,60.76505117707791,-0.0,0,1.1560069979168475
Optical_B,844,8.44,16,7.634948822921899,-0.0,0,1.1014310002792627
Optical_A,845,8.45,16,62.56505117707786,-0.0,0,1.0396900033811107
Optical_B,845,8.45,16,9.434948822921882,-0.0,0,1.108415992348455
Optical_A,846,8.46,16,64.36505117707816,-0.0,0,1.5645370003767312
Optical_B,846,8.46,16,11.23494882292215,-0.0,0,1.6468350077047944
Optical_A,847,8.47,16,66.16505117707811,-0.0,0,1.4998840051703155
Optical_B,847,8.47,16,13.034948822922104,-0.0,0,0.9638720075599849
Optical_A,848,8.48,16,67.96505117707807,-0.0,0,1.477534999139607
Optical_B,848,8.48,16,14.834948822922087,-0.0,0,1.0454250004841015
Optical_A,849,8.49,16,69.76505117707802,-0.0,0,1.2068630021531135
Optical_B,849,8.49,16,16.63494882292207,-0.0,0,0.9785850124899298
Optical_A,850,8.5,17,71.56505117707798,-0.0,0,2.003781992243603
Optical_B,850,8.5,17,18.434948822922024,-0.0,0,2.540781002608128
Optical_A,851,8.51,17,69.76505117707802,-0.0,0,1.2146179942646995
Optical_B,851,8.51,17,16.63494882292207,-0.0,0,1.559832991915755
Optical_A,852,8.52,17,67.96505117707807,-0.0,0,1.27352200797759
Optical_B,852,8.52,17,14.834948822922087,-0.0,0,1.201805003802292
Optical_A,853,8.53,17,66.16505117707811,-0.0,0,1.2603399954969063
Optical_B,853,8.53,17,13.034948822922104,-0.0,0,1.1540220002643764
Optical_A,854,8.540000000000001,17,64.36505117707782,-0.0,0,1.953122002305463
Optical_B,854,8.540000000000001,17,11.234948822921865,-0.0,0,1.0768020001705736
Optical_A,855,8.55,17,62.56505117707786,-0.0,0,1.795350995962508
Optical_B,855,8.55,17,9.434948822921882,-0.0,0,1.0819659946719185
Optical_A,856,8.56,17,60.76505117707791,-0.0,0,1.5285799890989438
Optical_B,856,8.56,17,7.634948822921899,-0.0,0,1.1089500039815903
Optical_A,857,8.57,17,58.96505117707795,-0.0,0,1.335680004558526
Optical_B,857,8.57,17,5.834948822921945,-0.0,0,1.1944249999942258
Optical_A,858,8.58,17,57.165051177078,-0.0,0,1.856525006587617
Optical_B,858,8.58,17,4.03494882292199,-0.0,0,1.262014004169032
Optical_A,859,8.59,17,55.365051177078016,-0.0,0,1.2229580024722964
Optical_B,859,8.59,17,2.2349488229220356,-0.0,0,1.1286099907010794
Optical_A,860,8.6,17,53.56505117707803,-0.0,0,1.158400991698727
Optical_B,860,8.6,17,0.43494882292208104,-0.0,0,1.2290799932088703
Optical_A,861,8.61,17,51.76505117707808,-0.0,0,1.3105640100548044
Optical_B,861,8.61,17,-1.3650511770778735,-0.0,0,1.2194690061733127
Optical_A,862,8.620000000000001,17,49.96505117707781,-0.0,1,1.525814994238317
Optical_B,862,8.620000000000001,17,-3.165051177078169,-0.0,0,1.3283559965202585
Optical_A,863,8.63,17,48.16505117707783,-0.0,2,1.6500329948030412
Optical_B,863,8.63,17,-4.965051177078124,-0.0,0,1.9824570044875145
Optical_A,864,8.64,17,46.36505117707787,-0.0,0,3.1465169886359945
Optical_B,864,8.64,17,-6.765051177078078,-0.0,0,1.102597001590766
Optical_A,865,8.65,17,44.56505117707792,-0.0,1,1.4140490093268454
Optical_B,865,8.65,17,-8.565051177078033,-0.0,0,1.2301300012040883
Optical_A,866,8.66,17,42.765051177077964,-0.0,3,1.6813709953567013
Optical_B,866,8.66,17,-10.365051177078016,-0.0,0,1.385287003358826
Optical_A,867,8.67,17,40.96505117707801,-0.0,3,1.7537230014568195
Optical_B,867,8.67,17,-12.165051177077999,-0.0,0,1.139629996032454
Optical_A,868,8.68,17,39.165051177078055,-0.0,5,1.696007006103173
Optical_B,868,8.68,17,-13.965051177077953,-0.0,0,1.1871059978147969
Optical_A,869,8.69,17,37.3650511770781,-0.0,4,1.7854530015029013
Optical_B,869,8.69,17,-15.765051177077908,-0.0,0,1.177875994471833
Optical_A,870,8.700000000000001,17,35.565051177077805,-0.0,4,1.8483599997125566
Optical_B,870,8.700000000000001,17,-17.565051177078203,-0.0,2,1.223401995957829
Optical_A,871,8.71,17,33.76505117707785,-0.0,4,1.6630729951430112
Optical_B,871,8.71,17,-19.365051177078158,-0.0,4,1.51491399446968
Optical_A,872,8.72,17,31.965051177077896,-0.0,4,1.8928220088128
Optical_B,872,8.72,17,-21.165051177078112,-0.0,5,1.6818570002214983
Optical_A,873,8.73,17,30.165051177077885,-0.0,5,2.5736620009411126
Optical_B,873,8.73,17,-22.965051177078067,-0.0,5,2.070139002171345
Optical_A,874,8.74,17,28.36505117707793,-0.0,7,2.2511779970955104
Optical_B,874,8.74,17,-24.76505117707802,-0.0,5,1.6818919975776225
Optical_A,875,8.75,17,26.565051177077976,-0.0,6,1.889997991384007
Optical_B,875,8.75,17,-26.565051177077976,-0.0,6,2.9084440029691905
Optical_A,876,8.76,17,24.76505117707802,-0.0,4,1.56027999764774
Optical_B,876,8.76,17,-28.36505117707793,-0.0,2,1.6134040051838383
Optical_A,877,8.77,17,22.965051177078067,-0.0,2,3.4819019929273054
Optical_B,877,8.77,17,-30.165051177077885,-0.0,3,1.9306019967189059
Optical_A,878,8.78,17,21.165051177078112,-0.0,3,1.4757500030100346
Optical_B,878,8.78,17,-31.965051177077896,-0.0,6,2.0233690011082217
Optical_A,879,8.790000000000001,17,19.365051177077817,-0.0,3,1.7375289899064228
Optical_B,879,8.790000000000001,17,-33.765051177078135,-0.0,2,4.053862998262048
Optical_A,880,8.8,17,17.565051177077862,-0.0,0,1.5686690021539107
Optical_B,880,8.8,17,-35.56505117707809,-0.0,4,1.4773059956496581
Optical_A,881,8.81,17,15.765051177077908,-0.0,0,1.2091620010323822
Optical_B,881,8.81,17,-37.3650511770781,-0.0,4,2.0865260012215003
Optical_A,882,8.82,17,13.965051177077953,-0.0,0,1.0183449921896681
Optical_B,882,8.82,17,-39.165051177078055,-0.0,0,0.9245490073226392
Optical_A,883,8.83,17,12.165051177077999,-0.0,0,1.0681359999580309
Optical_B,883,8.83,17,-40.96505117707801,-0.0,0,1.4095819933572784
Optical_A,884,8.84,17,10.365051177077987,-0.0,0,1.4372800069395453
Optical_B,884,8.84,17,-42.765051177077964,-0.0,3,1.4153919910313562
Optical_A,885,8.85,17,8.565051177078033,-0.0,0,1.895906010759063
Optical_B,885,8.85,17,-44.56505117707792,-0.0,6,1.6904880030779168
Optical_A,886,8.86,17,6.765051177078078,-0.0,0,1.7380950012011454
Optical_B,886,8.86,17,-46.36505117707787,-0.0,4,1.4394729951163754
Optical_A,887,8.870000000000001,17,4.9650511770777825,-0.0,0,1.1727140081347898
Optical_B,887,8.870000000000001,17,-48.16505117707817,-0.0,2,1.1387370032025501
Optical_A,888,8.88,17,3.165051177077828,-0.0,0,1.038832007907331
Optical_B,888,8.88,17,-49.965051177078124,-0.0,2,1.1910649918718264
Optical_A,889,8.89,17,1.3650511770778735,-0.0,0,1.104299008147791
Optical_B,889,8.89,17,-51.76505117707808,-0.0,1,1.2595949956448749
Optical_A,890,8.9,17,-0.43494882292208104,-0.0,0,2.0422779925866053
Optical_B,890,8.9,17,-53.56505117707805,-0.0,0,1.0389410017523915
Optical_A,891,8.91,17,-2.2349488229220356,-0.0,0,1.054780004778877
Optical_B,891,8.91,17,-55.365051177078,-0.0,0,0.9816030069487169
Optical_A,892,8.92,17,-4.03494882292199,-0.0,0,1.6234830109169707
Optical_B,892,8.92,17,-57.165051177077984,-0.0,0,1.0429870017105713
Optical_A,893,8.93,17,-5.834948822921945,-0.0,0,2.5357999984407797
Optical_B,893,8.93,17,-58.96505117707794,-0.0,0,1.3042010104982182
Optical_A,894,8.94,17,-7.634948822921899,-0.0,0,1.2683830136666074
Optical_B,894,8.94,17,-60.76505117707789,-0.0,0,2.559721004217863
Optical_A,895,8.950000000000001,17,-9.434948822922195,-0.0,0,2.236478991108015
Optical_B,895,8.950000000000001,17,-62.56505117707819,-0.0,0,1.0326149931643158
Optical_A,896,8.96,17,-11.23494882292215,-0.0,0,0.9750919998623431
Optical_B,896,8.96,17,-64.36505117707814,-0.0,0,1.014390989439562
Optical_A,897,8.97,17,-13.034948822922104,-0.0,0,1.040470990119502
Optical_B,897,8.97,17,-66.1650511770781,-0.0,0,1.4469560119323432
Optical_A,898,8.98,17,-14.834948822922115,-0.0,0,1.07133699930273
Optical_B,898,8.98,17,-67.96505117707808,-0.0,0,0.9907939966069534
Optical_A,899,8.99,17,-16.63494882292207,-0.0,0,1.455323988921009
Optical_B,899,8.99,17,-69.76505117707804,-0.0,0,0.9097010042751208
Optical_A,900,9.0,18,-18.434948822922024,-0.0,0,1.0512760054552928
Optical_B,900,9.0,18,-71.56505117707799,-0.0,0,1.3263540022308007
Optical_A,901,9.01,18,-16.63494882292204,-0.0,0,1.038009999319911
Optical_B,901,9.01,18,-69.76505117707802,-0.0,0,1.0813230037456378
Optical_A,902,9.02,18,-14.834948822922087,-0.0,0,1.2427070032572374
Optical_B,902,9.02,18,-67.96505117707807,-0.0,0,1.0634890059009194
Optical_A,903,9.03,18,-13.034948822922132,-0.0,0,1.5713370084995404
Optical_B,903,9.03,18,-66.16505117707811,-0.0,0,1.2041709996992722
Optical_A,904,9.040000000000001,18,-11.234948822921837,-0.0,0,1.067171004251577
Optical_B,904,9.040000000000001,18,-64.36505117707782,-0.0,0,1.0981790110236034
Optical_A,905,9.05,18,-9.434948822921882,-0.0,0,1.0920229979092255
Optical_B,905,9.05,18,-62.56505117707786,-0.0,0,1.00794700847473
Optical_A,906,9.06,18,-7.634948822921928,-0.0,0,1.2916359992232174
Optical_B,906,9.06,18,-60.76505117707791,-0.0,0,1.141209009801969
Optical_A,907,9.07,18,-5.834948822921945,-0.0,0,1.4123000000836328
Optical_B,907,9.07,18,-58.96505117707794,-0.0,0,1.333241001702845
Optical_A,908,9.08,18,-4.03494882292199,-0.0,0,1.4075409999350086
Optical_B,908,9.08,18,-57.16505117707797,-0.0,0,1.1361219949321821
Optical_A,909,9.09,18,-2.2349488229220356,-0.0,0,1.2383360008243471
Optical_B,909,9.09,18,-55.365051177078016,-0.0,0,1.2067520001437515
Optical_A,910,9.1,18,-0.43494882292208104,-0.0,0,1.0676469973986968
Optical_B,910,9.1,18,-53.56505117707806,-0.0,0,1.0820130119100213
Optical_A,911,9.11,18,1.3650511770778735,-0.0,0,1.222539009177126
Optical_B,911,9.11,18,-51.76505117707808,-0.0,1,1.3955509930383414
Optical_A,912,9.120000000000001,18,3.165051177078169,-0.0,0,1.2727209978038445
Optical_B,912,9.120000000000001,18,-49.96505117707781,-0.0,2,1.9668290042318404
Optical_A,913,9.13,18,4.965051177078124,-0.0,0,1.241096993908286
Optical_B,913,9.13,18,-48.165051177077856,-0.0,2,1.3515960017684847
Optical_A,914,9.14,18,6.765051177078078,-0.0,0,1.2397960090311244
Optical_B,914,9.14,18,-46.36505117707787,-0.0,5,1.670747995376587
Optical_A,915,9.15,18,8.565051177078061,-0.0,0,1.3703669974347576
Optical_B,915,9.15,18,-44.56505117707792,-0.0,6,1.8349179881624877
Optical_A,916,9.16,18,10.365051177078016,-0.0,0,2.1815249929204583
Optical_B,916,9.16,18,-42.765051177077964,-0.0,3,1.5603790088789538
Optical_A,917,9.17,18,12.16505117707797,-0.0,0,1.1281640036031604
Optical_B,917,9.17,18,-40.96505117707801,-0.0,0,1.172299002064392
Optical_A,918,9.18,18,13.965051177077953,-0.0,0,1.4319269976112992
Optical_B,918,9.18,18,-39.165051177078055,-0.0,0,1.2431200011633337
Optical_A,919,9.19,18,15.765051177077908,-0.0,0,1.1422980023780838
Optical_B,919,9.19,18,-37.36505117707807,-0.0,5,1.5407869941554964
Optical_A,920,9.200000000000001,18,17.565051177078175,-0.0,0,1.1863430117955431
Optical_B,920,9.200000000000001,18,-35.565051177077805,-0.0,2,1.3981850061099976
Optical_A,921,9.21,18,19.365051177078158,-0.0,2,1.5625429950887337
Optical_B,921,9.21,18,-33.76505117707785,-0.0,3,1.5400530101032928
Optical_A,922,9.22,18,21.165051177078112,-0.0,3,1.5693780005676672
Optical_B,922,9.22,18,-31.965051177077868,-0.0,5,1.9595040066633373
Optical_A,923,9.23,18,22.965051177078067,-0.0,3,1.6724769957363605
Optical_B,923,9.23,18,-30.165051177077913,-0.0,2,1.6330649959854782
Optical_A,924,9.24,18,24.76505117707802,-0.0,4,1.6254869988188148
Optical_B,924,9.24,18,-28.36505117707796,-0.0,2,1.4173969975672662
Optical_A,925,9.25,18,26.565051177077976,-0.0,7,2.4659390037413687
Optical_B,925,9.25,18,-26.565051177077976,-0.0,6,1.7783609946491197
Optical_A,926,9.26,18,28.36505117707796,-0.0,6,1.9886090012732893
Optical_B,926,9.26,18,-24.76505117707802,-0.0,5,1.7227670032298192
Optical_A,927,9.27,18,30.165051177077913,-0.0,4,2.0688660006271675
Optical_B,927,9.27,18,-22.965051177078067,-0.0,3,1.5905079926596954
Optical_A,928,9.28,18,31.965051177077868,-0.0,5,2.077745011774823
Optical_B,928,9.28,18,-21.165051177078112,-0.0,5,1.6050759877543896
Optical_A,929,9.290000000000001,18,33.76505117707816,-0.0,5,1.6620879905531183
Optical_B,929,9.290000000000001,18,-19.365051177077817,-0.0,5,1.633899999433197
Optical_A,930,9.3,18,35.56505117707812,-0.0,4,1.7182160081574693
Optical_B,930,9.3,18,-17.565051177077862,-0.0,1,1.3470029953168705
Optical_A,931,9.31,18,37.36505117707807,-0.0,5,2.416105999145657
Optical_B,931,9.31,18,-15.765051177077908,-0.0,0,1.2510780070442706
Optical_A,932,9.32,18,39.165051177078055,-0.0,4,1.5848320035729557
Optical_B,932,9.32,18,-13.965051177077953,-0.0,0,1.3755969994235784
Optical_A,933,9.33,18,40.96505117707801,-0.0,5,1.914659995236434
Optical_B,933,9.33,18,-12.16505117707797,-0.0,0,1.3376220013014972
Optical_A,934,9.34,18,42.765051177077964,-0.0,5,2.2034749999875203
Optical_B,934,9.34,18,-10.365051177078016,-0.0,0,1.2344449933152646
Optical_A,935,9.35,18,44.56505117707792,-0.0,2,1.422272005584091
Optical_B,935,9.35,18,-8.565051177078061,-0.0,0,1.32007100910414
Optical_A,936,9.36,18,46.36505117707787,-0.0,1,1.4633120008511469
Optical_B,936,9.36,18,-6.765051177078078,-0.0,0,1.1438079964136705
Optical_A,937,9.370000000000001,18,48.16505117707817,-0.0,1,1.5734550106571987
Optical_B,937,9.370000000000001,18,-4.965051177077811,-0.0,0,1.1573430092539638
Optical_A,938,9.38,18,49.965051177078124,-0.0,2,1.5978150040609762
Optical_B,938,9.38,18,-3.165051177077828,-0.0,0,1.1909640015801415
Optical_A,939,9.39,18,51.76505117707808,-0.0,1,1.3537930062739179
Optical_B,939,9.39,18,-1.3650511770778735,-0.0,0,1.2313049955992028
Optical_A,940,9.4,18,53.56505117707803,-0.0,0,1.3446520024444908
Optical_B,940,9.4,18,0.43494882292208104,-0.0,0,1.194790005683899
Optical_A,941,9.41,18,55.365051177078016,-0.0,0,1.4379839994944632
Optical_B,941,9.41,18,2.2349488229220356,-0.0,0,1.3575820048572496
Optical_A,942,9.42,18,57.165051177078,-0.0,0,1.4157120021991432
Optical_B,942,9.42,18,4.03494882292199,-0.0,0,1.2315149942878634
Optical_A,943,9.43,18,58.96505117707795,-0.0,0,1.413271005731076
Optical_B,943,9.43,18,5.834948822921945,-0.0,0,1.2629650009330362
Optical_A,944,9.44,18,60.76505117707791,-0.0,0,1.672290003625676
Optical_B,944,9.44,18,7.634948822921899,-0.0,0,1.1937740055145696
Optical_A,945,9.450000000000001,18,62.5650511770782,-0.0,0,1.3861579936929047
Optical_B,945,9.450000000000001,18,9.434948822922195,-0.0,0,1.1968050093855709
Optical_A,946,9.46,18,64.36505117707816,-0.0,0,1.2427030014805496
Optical_B,946,9.46,18,11.23494882292215,-0.0,0,1.230371999554336
Optical_A,947,9.47,18,66.16505117707811,-0.0,0,1.275582006201148
Optical_B,947,9.47,18,13.034948822922104,-0.0,0,1.1118340044049546
Optical_A,948,9.48,18,67.96505117707807,-0.0,0,2.300474006915465
Optical_B,948,9.48,18,14.834948822922087,-0.0,0,1.2793979985872284
Optical_A,949,9.49,18,69.76505117707802,-0.0,0,1.6964059905149043
Optical_B,949,9.49,18,16.63494882292207,-0.0,0,1.6760690050432459
Optical_A,950,9.5,19,71.56505117707798,-0.0,0,1.6781820013420656
Optical_B,950,9.5,19,18.434948822922024,-0.0,0,1.527827000245452
Optical_A,951,9.51,19,69.76505117707802,-0.0,0,2.941411003121175
Optical_B,951,9.51,19,16.63494882292207,-0.0,0,1.4763240033062175
Optical_A,952,9.52,19,67.96505117707807,-0.0,0,1.336977002210915
Optical_B,952,9.52,19,14.834948822922087,-0.0,0,1.3500250061042607
Optical_A,953,9.53,19,66.16505117707811,-0.0,0,1.7264689959120005
Optical_B,953,9.53,19,13.034948822922104,-0.0,0,1.1612839880399406
Optical_A,954,9.540000000000001,19,64.36505117707782,-0.0,0,1.5224170056171715
Optical_B,954,9.540000000000001,19,11.234948822921865,-0.0,0,1.5277110069291666
Optical_A,955,9.55,19,62.56505117707786,-0.0,0,1.6580000083195046
Optical_B,955,9.55,19,9.434948822921882,-0.0,0,1.4094719954300672
Optical_A,956,9.56,19,60.76505117707791,-0.0,0,1.5050869988044724
Optical_B,956,9.56,19,7.634948822921899,-0.0,0,1.4873559994157404
Optical_A,957,9.57,19,58.96505117707795,-0.0,0,1.4208460052032024
Optical_B,957,9.57,19,5.834948822921945,-0.0,0,1.4686689974041656
Optical_A,958,9.58,19,57.165051177078,-0.0,0,1.5872679941821843
Optical_B,958,9.58,19,4.03494882292199,-0.0,0,1.673004007898271
Optical_A,959,9.59,19,55.365051177078016,-0.0,0,1.740421008435078
Optical_B,959,9.59,19,2.2349488229220356,-0.0,0,1.5534450067207217
Optical_A,960,9.6,19,53.56505117707803,-0.0,0,1.6373989928979427
Optical_B,960,9.6,19,0.43494882292208104,-0.0,0,1.5821160050109029
Optical_A,961,9.61,19,51.76505117707808,-0.0,1,1.5972410037647933
Optical_B,961,9.61,19,-1.3650511770778735,-0.0,0,1.3940119970357046
Optical_A,962,9.620000000000001,19,49.96505117707781,-0.0,2,1.8698899948503822
Optical_B,962,9.620000000000001,19,-3.165051177078169,-0.0,0,4.032476994325407
Optical_A,963,9.63,19,48.16505117707783,-0.0,1,1.8583100027171895
Optical_B,963,9.63,19,-4.965051177078124,-0.0,0,1.6714610101189464
Optical_A,964,9.64,19,46.36505117707787,-0.0,1,1.7943650018423796
Optical_B,964,9.64,19,-6.765051177078078,-0.0,0,1.4460550009971485
Optical_A,965,9.65,19,44.56505117707792,-0.0,3,2.1377630037022755
Optical_B,965,9.65,19,-8.565051177078033,-0.0,0,1.5411170024890453
Optical_A,966,9.66,19,42.765051177077964,-0.0,5,3.290378997917287
Optical_B,966,9.66,19,-10.365051177078016,-0.0,0,1.738067003316246
Optical_A,967,9.67,19,40.96505117707801,-0.0,4,2.233848994364962
Optical_B,967,9.67,19,-12.165051177077999,-0.0,0,3.4850450028898194
Optical_A,968,9.68,19,39.165051177078055,-0.0,5,2.1565229981206357
Optical_B,968,9.68,19,-13.965051177077953,-0.0,0,1.8135199934476987
Optical_A,969,9.69,19,37.3650511770781,-0.0,6,2.271112010930665
Optical_B,969,9.69,19,-15.765051177077908,-0.0,0,1.6389980009989813
Optical_A,970,9.700000000000001,19,35.565051177077805,-0.0,4,1.9909139955416322
Optical_B,970,9.700000000000001,19,-17.565051177078203,-0.0,1,2.000278007471934
Optical_A,971,9.71,19,33.76505117707785,-0.0,5,1.952918988536112
Optical_B,971,9.71,19,-19.365051177078158,-0.0,3,1.7914630006998777
Optical_A,972,9.72,19,31.965051177077896,-0.0,6,2.1447360049933195
Optical_B,972,9.72,19,-21.165051177078112,-0.0,6,2.1125799976289272
Optical_A,973,9.73,19,30.165051177077885,-0.0,4,2.0980429981136695
Optical_B,973,9.73,19,-22.965051177078067,-0.0,3,1.9133339956169948
Optical_A,974,9.74,19,28.36505117707793,-0.0,6,2.837820997228846
Optical_B,974,9.74,19,-24.76505117707802,-0.0,4,3.2768319942988455
Optical_A,975,9.75,19,26.565051177077976,-0.0,6,2.5036699953489006
Optical_B,975,9.75,19,-26.565051177077976,-0.0,6,2.1998980082571507
Optical_A,976,9.76,19,24.76505117707802,-0.0,2,2.165894999052398
Optical_B,976,9.76,19,-28.36505117707793,-0.0,3,2.0584109879564494
Optical_A,977,9.77,19,22.965051177078067,-0.0,3,1.7393330053891987
Optical_B,977,9.77,19,-30.165051177077885,-0.0,1,2.5155150069622323
Optical_A,978,9.78,19,21.165051177078112,-0.0,4,1.9636100041680038
Optical_B,978,9.78,19,-31.965051177077896,-0.0,5,2.983559010317549
Optical_A,979,9.790000000000001,19,19.365051177077817,-0.0,2,1.7006639973260462
Optical_B,979,9.790000000000001,19,-33.765051177078135,-0.0,5,3.3110069925896823
Optical_A,980,9.8,19,17.565051177077862,-0.0,0,1.4284320059232414
Optical_B,980,9.8,19,-35.56505117707809,-0.0,2,1.5379399992525578
Optical_A,981,9.81,19,15.765051177077908,-0.0,0,1.9657240045489743
Optical_B,981,9.81,19,-37.3650511770781,-0.0,5,2.5692740018712357
Optical_A,982,9.82,19,13.965051177077953,-0.0,0,1.3996710040373728
Optical_B,982,9.82,19,-39.165051177078055,-0.0,2,1.5049009962240234
Optical_A,983,9.83,19,12.165051177077999,-0.0,0,1.4788930129725486
Optical_B,983,9.83,19,-40.96505117707801,-0.0,0,1.1937780072912574
Optical_A,984,9.84,19,10.365051177077987,-0.0,0,1.9539700006134808
Optical_B,984,9.84,19,-42.765051177077964,-0.0,2,1.8433820077916607
Optical_A,985,9.85,19,8.565051177078033,-0.0,0,2.936200995463878
Optical_B,985,9.85,19,-44.56505117707792,-0.0,4,2.1102879982208833
Optical_A,986,9.86,19,6.765051177078078,-0.0,0,1.5397829993162304
Optical_B,986,9.86,19,-46.36505117707787,-0.0,6,2.154107001842931
Optical_A,987,9.870000000000001,19,4.9650511770777825,-0.0,0,1.4253250119509175
Optical_B,987,9.870000000000001,19,-48.16505117707817,-0.0,5,1.8775890057440847
Optical_A,988,9.88,19,3.165051177077828,-0.0,0,1.351219994830899
Optical_B,988,9.88,19,-49.965051177078124,-0.0,1,1.5497230051551014
Optical_A,989,9.89,19,1.3650511770778735,-0.0,0,1.457866994314827
Optical_B,989,9.89,19,-51.76505117707808,-0.0,2,1.6653250058880076
Optical_A,990,9.9,19,-0.43494882292208104,-0.0,0,1.2826049933210015
Optical_B,990,9.9,19,-53.56505117707805,-0.0,1,2.1585030044661835
Optical_A,991,9.91,19,-2.2349488229220356,-0.0,0,1.4172439987305552
Optical_B,991,9.91,19,-55.365051177078,-0.0,0,1.254666000022553
Optical_A,992,9.92,19,-4.03494882292199,-0.0,0,1.5514670085394755
Optical_B,992,9.92,19,-57.165051177077984,-0.0,0,1.6454459982924163
Optical_A,993,9.93,19,-5.834948822921945,-0.0,0,1.3418989983620122
Optical_B,993,9.93,19,-58.96505117707794,-0.0,0,1.2944300106028095
Optical_A,994,9.94,19,-7.634948822921899,-0.0,0,1.828392007155344
Optical_B,994,9.94,19,-60.76505117707789,-0.0,0,1.4482980041066185
Optical_A,995,9.950000000000001,19,-9.434948822922195,-0.0,0,0.29997300589457154
Optical_B,995,9.950000000000001,19,-62.56505117707819,-0.0,0,2.439101997879334
Optical_A,996,9.96,19,-11.23494882292215,-0.0,0,1.8694400059757754
Optical_B,996,9.96,19,-64.36505117707814,-0.0,0,1.9213220075471327
Optical_A,997,9.97,19,-13.034948822922104,-0.0,0,2.363004008657299
Optical_B,997,9.97,19,-66.1650511770781,-0.0,0,1.9379799923626706
Optical_A,998,9.98,19,-14.834948822922115,-0.0,0,1.180467996164225
Optical_B,998,9.98,19,-67.96505117707808,-0.0,0,1.3704349985346198
Optical_A,999,9.99,19,-16.63494882292207,-0.0,0,1.3097160117467865
Optical_B,999,9.99,19,-69.76505117707804,-0.0,0,1.1457700020400807
Optical_A,1000,10.0,20,-18.434948822922024,-0.0,0,1.5665069950046018
Optical_B,1000,10.0,20,-71.56505117707799,-0.0,0,1.4380089996848255
Optical_A,1001,10.01,20,-16.63494882292204,-0.0,0,1.67585899180267
Optical_B,1001,10.01,20,-69.76505117707802,-0.0,0,1.4602379960706457
Optical_A,1002,10.02,20,-14.834948822922087,-0.0,0,2.165569007047452
Optical_B,1002,10.02,20,-67.96505117707807,-0.0,0,1.6459459875477478
Optical_A,1003,10.03,20,-13.034948822922132,-0.0,0,1.5075770061230287
Optical_B,1003,10.03,20,-66.16505117707811,-0.0,0,1.4268039958551526
Optical_A,1004,10.040000000000001,20,-11.234948822921837,-0.0,0,1.3456529995892197
Optical_B,1004,10.040000000000001,20,-64.36505117707782,-0.0,0,1.8167530070059001
Optical_A,1005,10.05,20,-9.434948822921882,-0.0,0,1.383239999995567
Optical_B,1005,10.05,20,-62.56505117707786,-0.0,0,1.2447089975466952
Optical_A,1006,10.06,20,-7.634948822921928,-0.0,0,1.568706997204572
Optical_B,1006,10.06,20,-60.76505117707791,-0.0,0,1.5761330141685903
Optical_A,1007,10.07,20,-5.834948822921945,-0.0,0,1.6126069967867807
Optical_B,1007,10.07,20,-58.96505117707794,-0.0,0,1.4359980123117566
Optical_A,1008,10.08,20,-4.03494882292199,-0.0,0,1.4402459928533062
Optical_B,1008,10.08,20,-57.16505117707797,-0.0,0,1.5028589987196028
Optical_A,1009,10.09,20,-2.2349488229220356,-0.0,0,1.6211470065172762
Optical_B,1009,10.09,20,-55.365051177078016,-0.0,0,1.557495997985825
Optical_A,1010,10.1,20,-0.43494882292208104,-0.0,0,1.709392003249377
Optical_B,1010,10.1,20,-53.56505117707806,-0.0,1,1.7887209978653118
Optical_A,1011,10.11,20,1.3650511770778735,-0.0,0,1.669381992542185
Optical_B,1011,10.11,20,-51.76505117707808,-0.0,2,1.7164409946417436
Optical_A,1012,10.120000000000001,20,3.165051177078169,-0.0,0,1.4101819979259744
Optical_B,1012,10.120000000000001,20,-49.96505117707781,-0.0,1,1.3775670086033642
Optical_A,1013,10.13,20,4.965051177078124,-0.0,0,1.4507400046568364
Optical_B,1013,10.13,20,-48.165051177077856,-0.0,5,2.326133006135933
Optical_A,1014,10.14,20,6.765051177078078,-0.0,0,1.437144004739821
Optical_B,1014,10.14,20,-46.36505117707787,-0.0,5,1.9502130016917363
Optical_A,1015,10.15,20,8.565051177078061,-0.0,0,1.5102430043043569
Optical_B,1015,10.15,20,-44.56505117707792,-0.0,3,1.8231930007459596
Optical_A,1016,10.16,20,10.365051177078016,-0.0,0,1.5023449959699064
Optical_B,1016,10.16,20,-42.765051177077964,-0.0,0,1.4579429989680648
Optical_A,1017,10.17,20,12.16505117707797,-0.0,0,1.3965020043542609
Optical_B,1017,10.17,20,-40.96505117707801,-0.0,0,1.3417360023595393
Optical_A,1018,10.18,20,13.965051177077953,-0.0,0,1.2719200021820143
Optical_B,1018,10.18,20,-39.165051177078055,-0.0,4,1.8034899985650554
Optical_A,1019,10.19,20,15.765051177077908,-0.0,0,1.7216369888046756
Optical_B,1019,10.19,20,-37.36505117707807,-0.0,5,2.1804620046168566
Optical_A,1020,10.200000000000001,20,17.565051177078175,-0.0,0,1.512693997938186
Optical_B,1020,10.200000000000001,20,-35.565051177077805,-0.0,2,1.7528399912407622
Optical_A,1021,10.21,20,19.365051177078158,-0.0,2,1.6921670030569658
Optical_B,1021,10.21,20,-33.76505117707785,-0.0,7,1.9604810076998547
Optical_A,1022,10.22,20,21.165051177078112,-0.0,4,2.211154001997784
Optical_B,1022,10.22,20,-31.965051177077868,-0.0,7,2.344633001484908
Optical_A,1023,10.23,20,22.965051177078067,-0.0,3,1.9638720114016905
Optical_B,1023,10.23,20,-30.165051177077913,-0.0,1,1.7544069996802136
Optical_A,1024,10.24,20,24.76505117707802,-0.0,2,1.715089994831942
Optical_B,1024,10.24,20,-28.36505117707796,-0.0,3,1.8125880014849827
Optical_A,1025,10.25,20,26.565051177077976,-0.0,6,2.3185129975900054
Optical_B,1025,10.25,20,-26.565051177077976,-0.0,7,2.448358995025046
Optical_A,1026,10.26,20,28.36505117707796,-0.0,5,2.661531005287543
Optical_B,1026,10.26,20,-24.76505117707802,-0.0,4,2.2618829971179366
Optical_A,1027,10.27,20,30.165051177077913,-0.0,5,3.8305089983623475
Optical_B,1027,10.27,20,-22.965051177078067,-0.0,3,2.2708000033162534
Optical_A,1028,10.28,20,31.965051177077868,-0.0,4,2.7980509912595153
Optical_B,1028,10.28,20,-21.165051177078112,-0.0,5,2.3225389886647463
Optical_A,1029,10.290000000000001,20,33.76505117707816,-0.0,5,2.194725995650515
Optical_B,1029,10.290000000000001,20,-19.365051177077817,-0.0,1,3.0569529917556792
Optical_A,1030,10.3,20,35.56505117707812,-0.0,3,3.2719589944463223
Optical_B,1030,10.3,20,-17.565051177077862,-0.0,0,3.9935380045790225
Optical_A,1031,10.31,20,37.36505117707807,-0.0,5,2.101377001963556
Optical_B,1031,10.31,20,-15.765051177077908,-0.0,0,1.4177580014802516
Optical_A,1032,10.32,20,39.165051177078055,-0.0,5,1.964957991731353
Optical_B,1032,10.32,20,-13.965051177077953,-0.0,0,1.727140013827011
Optical_A,1033,10.33,20,40.96505117707801,-0.0,4,1.526298001408577
Optical_B,1033,10.33,20,-12.16505117707797,-0.0,0,2.2209469898371026
Optical_A,1034,10.34,20,42.765051177077964,-0.0,5,1.9125940016238019
Optical_B,1034,10.34,20,-10.365051177078016,-0.0,0,1.3874720025341958
Optical_A,1035,10.35,20,44.56505117707792,-0.0,3,1.806489992304705
Optical_B,1035,10.35,20,-8.565051177078061,-0.0,0,1.4397499908227473
Optical_A,1036,10.36,20,46.36505117707787,-0.0,1,1.3846020010532811
Optical_B,1036,10.36,20,-6.765051177078078,-0.0,0,1.2097330036340281
Optical_A,1037,10.370000000000001,20,48.16505117707817,-0.0,0,1.4412089949473739
Optical_B,1037,10.370000000000001,20,-4.965051177077811,-0.0,0,1.1819270002888516
Optical_A,1038,10.38,20,49.965051177078124,-0.0,1,1.9490179984131828
Optical_B,1038,10.38,20,-3.165051177077828,-0.0,0,2.71233799867332
Optical_A,1039,10.39,20,51.76505117707808,-0.0,1,1.4455810014624149
Optical_B,1039,10.39,20,-1.3650511770778735,-0.0,0,1.2121400068281218
Optical_A,1040,10.4,20,53.56505117707803,-0.0,0,1.2513019901234657
Optical_B,1040,10.4,20,0.43494882292208104,-0.0,0,1.3751079968642443
Optical_A,1041,10.41,20,55.365051177078016,-0.0,0,2.239362002001144
Optical_B,1041,10.41,20,2.2349488229220356,-0.0,0,1.3748679921263829
Optical_A,1042,10.42,20,57.165051177078,-0.0,0,1.276265989872627
Optical_B,1042,10.42,20,4.03494882292199,-0.0,0,1.366226002573967
Optical_A,1043,10.43,20,58.96505117707795,-0.0,0,1.455853009247221
Optical_B,1043,10.43,20,5.834948822921945,-0.0,0,1.1980349954683334
Optical_A,1044,10.44,20,60.76505117707791,-0.0,0,1.5240460052154958
Optical_B,1044,10.44,20,7.634948822921899,-0.0,0,1.3322320010047406
Optical_A,1045,10.450000000000001,20,62.5650511770782,-0.0,0,1.3771319936495274
Optical_B,1045,10.450000000000001,20,9.434948822922195,-0.0,0,1.214836011058651
Optical_A,1046,10.46,20,64.36505117707816,-0.0,0,1.3548329879995435
Optical_B,1046,10.46,20,11.23494882292215,-0.0,0,1.2293450126890093
Optical_A,1047,10.47,20,66.16505117707811,-0.0,0,1.3343280006665736
Optical_B,1047,10.47,20,13.034948822922104,-0.0,0,1.432885997928679
Optical_A,1048,10.48,20,67.96505117707807,-0.0,0,1.2874210078734905
Optical_B,1048,10.48,20,14.834948822922087,-0.0,0,1.2796029914170504
Optical_A,1049,10.49,20,69.76505117707802,-0.0,0,1.3179119996493682
Optical_B,1049,10.49,20,16.63494882292207,-0.0,0,1.3745430042035878
Optical_A,1050,10.5,21,71.56505117707798,-0.0,0,1.2481019948609173
Optical_B,1050,10.5,21,18.434948822922024,-0.0,0,1.5095510025275871
Optical_A,1051,10.51,21,69.76505117707802,-0.0,0,1.7971339984796941
Optical_B,1051,10.51,21,16.63494882292207,-0.0,0,1.0874270083149895
Optical_A,1052,10.52,21,67.96505117707807,-0.0,0,1.398293999955058
Optical_B,1052,10.52,21,14.834948822922087,-0.0,0,1.248932007001713
Optical_A,1053,10.53,21,66.16505117707811,-0.0,0,1.3549209979828447
Optical_B,1053,10.53,21,13.034948822922104,-0.0,0,1.3835900026606396
Optical_A,1054,10.540000000000001,21,64.36505117707782,-0.0,0,1.5180280024651438
Optical_B,1054,10.540000000000001,21,11.234948822921865,-0.0,0,1.2287739955354482
Optical_A,1055,10.55,21,62.56505117707786,-0.0,0,1.4910939935361966
Optical_B,1055,10.55,21,9.434948822921882,-0.0,0,1.4286520017776638
Optical_A,1056,10.56,21,60.76505117707791,-0.0,0,1.1481300025479868
Optical_B,1056,10.56,21,7.634948822921899,-0.0,0,1.1279620084678754
Optical_A,1057,10.57,21,58.96505117707795,-0.0,0,1.4375890023075044
Optical_B,1057,10.57,21,5.834948822921945,-0.0,0,1.3568449940066785
Optical_A,1058,10.58,21,57.165051177078,-0.0,0,1.589747000252828
Optical_B,1058,10.58,21,4.03494882292199,-0.0,0,2.045048007857986
Optical_A,1059,10.59,21,55.365051177078016,-0.0,0,1.716924991342239
Optical_B,1059,10.59,21,2.2349488229220356,-0.0,0,1.6947800031630322
Optical_A,1060,10.6,21,53.56505117707803,-0.0,1,1.7343719955533743
Optical_B,1060,10.6,21,0.43494882292208104,-0.0,0,1.6696579987183213
Optical_A,1061,10.61,21,51.76505117707808,-0.0,1,1.8584600038593635
Optical_B,1061,10.61,21,-1.3650511770778735,-0.0,0,1.7967119929380715
Optical_A,1062,10.620000000000001,21,49.96505117707781,-0.0,1,1.60309299826622
Optical_B,1062,10.620000000000001,21,-3.165051177078169,-0.0,0,1.2122449988964945
Optical_A,1063,10.63,21,48.16505117707783,-0.0,1,1.5587859961669892
Optical_B,1063,10.63,21,-4.965051177078124,-0.0,0,2.3666500055696815
Optical_A,1064,10.64,21,46.36505117707787,-0.0,2,1.744108012644574
Optical_B,1064,10.64,21,-6.765051177078078,-0.0,0,1.444919005734846
Optical_A,1065,10.65,21,44.56505117707792,-0.0,4,2.3618569975951687
Optical_B,1065,10.65,21,-8.565051177078033,-0.0,0,1.6537390038138255
Optical_A,1066,10.66,21,42.765051177077964,-0.0,4,1.7249670054297894
Optical_B,1066,10.66,21,-10.365051177078016,-0.0,0,1.2659599888138473
Optical_A,1067,10.67,21,40.96505117707801,-0.0,4,2.6164440059801564
Optical_B,1067,10.67,21,-12.165051177077999,-0.0,0,1.6691519995220006
Optical_A,1068,10.68,21,39.165051177078055,-0.0,5,2.093562012305483
Optical_B,1068,10.68,21,-13.965051177077953,-0.0,0,1.1853869946207851
Optical_A,1069,10.69,21,37.3650511770781,-0.0,4,2.7193709975108504
Optical_B,1069,10.69,21,-15.765051177077908,-0.0,0,1.2726589920930564
Optical_A,1070,10.700000000000001,21,35.565051177077805,-0.0,2,1.4403440000023693
Optical_B,1070,10.700000000000001,21,-17.565051177078203,-0.0,0,1.2687770067714155
Optical_A,1071,10.71,21,33.76505117707785,-0.0,5,3.259654011344537
Optical_B,1071,10.71,21,-19.365051177078158,-0.0,1,1.6483199869981036
Optical_A,1072,10.72,21,31.965051177077896,-0.0,3,2.542810994782485
Optical_B,1072,10.72,21,-21.165051177078112,-0.0,6,2.0895830093650147
Optical_A,1073,10.73,21,30.165051177077885,-0.0,4,2.0821439975406975
Optical_B,1073,10.73,21,-22.965051177078067,-0.0,4,1.7706479993648827
Optical_A,1074,10.74,21,28.36505117707793,-0.0,7,1.73114899371285
Optical_B,1074,10.74,21,-24.76505117707802,-0.0,3,1.3954210007796064
Optical_A,1075,10.75,21,26.565051177077976,-0.0,4,2.0180499996058643
Optical_B,1075,10.75,21,-26.565051177077976,-0.0,6,3.3525100006954744
Optical_A,1076,10.76,21,24.76505117707802,-0.0,3,2.72803200641647
Optical_B,1076,10.76,21,-28.36505117707793,-0.0,4,1.532919006422162
Optical_A,1077,10.77,21,22.965051177078067,-0.0,3,1.4176480035530403
Optical_B,1077,10.77,21,-30.165051177077885,-0.0,2,1.9935610034735873
Optical_A,1078,10.78,21,21.165051177078112,-0.0,4,1.5806529991095886
Optical_B,1078,10.78,21,-31.965051177077896,-0.0,4,2.826103998813778
Optical_A,1079,10.790000000000001,21,19.365051177077817,-0.0,2,1.8395049992250279
Optical_B,1079,10.790000000000001,21,-33.765051177078135,-0.0,7,3.2103130070026964
Optical_A,1080,10.8,21,17.565051177077862,-0.0,0,1.3089800049783662
Optical_B,1080,10.8,21,-35.56505117707809,-0.0,2,1.5460020076716319
Optical_A,1081,10.81,21,15.765051177077908,-0.0,0,1.6114379977807403
Optical_B,1081,10.81,21,-37.3650511770781,-0.0,3,1.4255080022849143
Optical_A,1082,10.82,21,13.965051177077953,-0.0,0,2.012630007811822
Optical_B,1082,10.82,21,-39.165051177078055,-0.0,4,2.036463003605604
Optical_A,1083,10.83,21,12.165051177077999,-0.0,0,1.3205540017224848
Optical_B,1083,10.83,21,-40.96505117707801,-0.0,1,1.4343229995574802
Optical_A,1084,10.84,21,10.365051177077987,-0.0,0,1.4459800004260615
Optical_B,1084,10.84,21,-42.765051177077964,-0.0,0,1.0158109944313765
Optical_A,1085,10.85,21,8.565051177078033,-0.0,0,1.9668349996209145
Optical_B,1085,10.85,21,-44.56505117707792,-0.0,3,1.5570820105494931
Optical_A,1086,10.86,21,6.765051177078078,-0.0,0,1.5166539960773662
Optical_B,1086,10.86,21,-46.36505117707787,-0.0,5,2.4658439942868426
Optical_A,1087,10.870000000000001,21,4.9650511770777825,-0.0,0,1.2652649893425405
Optical_B,1087,10.870000000000001,21,-48.16505117707817,-0.0,0,0.19597999926190823
Optical_A,1088,10.88,21,3.165051177077828,-0.0,0,1.3867910020053387
Optical_B,1088,10.88,21,-49.965051177078124,-0.0,3,1.4243330078897998
Optical_A,1089,10.89,21,1.3650511770778735,-0.0,0,1.287031001993455
Optical_B,1089,10.89,21,-51.76505117707808,-0.0,1,1.3949179992778227
Optical_A,1090,10.9,21,-0.43494882292208104,-0.0,0,1.504719999502413
Optical_B,1090,10.9,21,-53.56505117707805,-0.0,1,2.3014170001260936
Optical_A,1091,10.91,21,-2.2349488229220356,-0.0,0,1.6613610059721395
Optical_B,1091,10.91,21,-55.365051177078,-0.0,1,1.338362999376841
Optical_A,1092,10.92,21,-4.03494882292199,-0.0,0,1.2786909937858582
Optical_B,1092,10.92,21,-57.165051177077984,-0.0,0,2.0186920010019094
Optical_A,1093,10.93,21,-5.834948822921945,-0.0,0,1.4043410046724603
Optical_B,1093,10.93,21,-58.96505117707794,-0.0,0,1.36448499688413
Optical_A,1094,10.94,21,-7.634948822921899,-0.0,0,1.2002610019408166
Optical_B,1094,10.94,21,-60.76505117707789,-0.0,0,1.2902849994134158
Optical_A,1095,10.950000000000001,21,-9.434948822922195,-0.0,0,1.1686819925671443
Optical_B,1095,10.950000000000001,21,-62.56505117707819,-0.0,0,1.2181839992990717
Optical_A,1096,10.96,21,-11.23494882292215,-0.0,0,2.608955997857265
Optical_B,1096,10.96,21,-64.36505117707814,-0.0,0,1.1476910003693774
Optical_A,1097,10.97,21,-13.034948822922104,-0.0,0,1.2266550038475543
Optical_B,1097,10.97,21,-66.1650511770781,-0.0,0,1.15133699728176
Optical_A,1098,10.98,21,-14.834948822922115,-0.0,0,1.1431219900259748
Optical_B,1098,10.98,21,-67.96505117707808,-0.0,0,1.1323840008117259
Optical_A,1099,10.99,21,-16.63494882292207,-0.0,0,1.1542800057213753
Optical_B,1099,10.99,21,-69.76505117707804,-0.0,0,1.1650570086203516
Optical_A,1100,11.0,22,-18.434948822922024,-0.0,0,1.2577710003824905
Optical_B,1100,11.0,22,-71.56505117707799,-0.0,0,1.4741519989911467
Optical_A,1101,11.01,22,-16.63494882292204,-0.0,0,1.5099409938557073
Optical_B,1101,11.01,22,-69.76505117707802,-0.0,0,2.0030239975312725
Optical_A,1102,11.02,22,-14.834948822922087,-0.0,0,2.1588780073216185
Optical_B,1102,11.02,22,-67.96505117707807,-0.0,0,4.3349819898139685
Optical_A,1103,11.03,22,-13.034948822922132,-0.0,0,2.2402199974749237
Optical_B,1103,11.03,22,-66.16505117707811,-0.0,0,2.236796004581265
Optical_A,1104,11.040000000000001,22,-11.234948822921837,-0.0,0,1.776427001459524
Optical_B,1104,11.040000000000001,22,-64.36505117707782,-0.0,0,1.307437996729277
Optical_A,1105,11.05,22,-9.434948822921882,-0.0,0,1.935781998327002
Optical_B,1105,11.05,22,-62.56505117707786,-0.0,0,1.93807999312412
Optical_A,1106,11.06,22,-7.634948822921928,-0.0,0,1.6231829940807074
Optical_B,1106,11.06,22,-60.76505117707791,-0.0,0,1.2114310084143654
Optical_A,1107,11.07,22,-5.834948822921945,-0.0,0,2.2475229925476015
Optical_B,1107,11.07,22,-58.96505117707794,-0.0,0,1.408370997523889
Optical_A,1108,11.08,22,-4.03494882292199,-0.0,0,1.8021930009126663
Optical_B,1108,11.08,22,-57.16505117707797,-0.0,0,1.2066409981343895
Optical_A,1109,11.09,22,-2.2349488229220356,-0.0,0,2.4881230056053028
Optical_B,1109,11.09,22,-55.365051177078016,-0.0,1,1.5815539954928681
Optical_A,1110,11.1,22,-0.43494882292208104,-0.0,0,1.3832139957230538
Optical_B,1110,11.1,22,-53.56505117707806,-0.0,2,2.4503040040144697
Optical_A,1111,11.11,22,1.3650511770778735,-0.0,0,1.9349119975231588
Optical_B,1111,11.11,22,-51.76505117707808,-0.0,1,1.7354770097881556
Optical_A,1112,11.120000000000001,22,3.165051177078169,-0.0,0,2.7926619950449094
Optical_B,1112,11.120000000000001,22,-49.96505117707781,-0.0,3,1.7076859949156642
Optical_A,1113,11.13,22,4.965051177078124,-0.0,0,2.142937999451533
Optical_B,1113,11.13,22,-48.165051177077856,-0.0,6,1.7700659955153242
Optical_A,1114,11.14,22,6.765051177078078,-0.0,0,3.3579989976715297
Optical_B,1114,11.14,22,-46.36505117707787,-0.0,3,1.6787280037533492
Optical_A,1115,11.15,22,8.565051177078061,-0.0,0,1.7089100001612678
Optical_B,1115,11.15,22,-44.56505117707792,-0.0,2,1.5994020068319514
Optical_A,1116,11.16,22,10.365051177078016,-0.0,0,1.8766270077321678
Optical_B,1116,11.16,22,-42.765051177077964,-0.0,0,1.32189599389676
Optical_A,1117,11.17,22,12.16505117707797,-0.0,0,1.3729130005231127
Optical_B,1117,11.17,22,-40.96505117707801,-0.0,1,1.4010580052854493
Optical_A,1118,11.18,22,13.965051177077953,-0.0,0,1.5621210040990263
Optical_B,1118,11.18,22,-39.165051177078055,-0.0,3,1.9373409886611626
Optical_A,1119,11.19,22,15.765051177077908,-0.0,0,1.3385329948505387
Optical_B,1119,11.19,22,-37.36505117707807,-0.0,3,1.7085839936044067
Optical_A,1120,11.200000000000001,22,17.565051177078175,-0.0,0,1.3992379972478375
Optical_B,1120,11.200000000000001,22,-35.565051177077805,-0.0,3,1.8862970027839765
Optical_A,1121,11.21,22,19.365051177078158,-0.0,2,1.7790700076147914
Optical_B,1121,11.21,22,-33.76505117707785,-0.0,6,1.9263419962953776
Optical_A,1122,11.22,22,21.165051177078112,-0.0,4,2.1569910022662953
Optical_B,1122,11.22,22,-31.965051177077868,-0.0,4,2.02175100275781
Optical_A,1123,11.23,22,22.965051177078067,-0.0,3,1.7400020005879924
Optical_B,1123,11.23,22,-30.165051177077913,-0.0,2,1.7499670066172257
Optical_A,1124,11.24,22,24.76505117707802,-0.0,1,1.6868370003066957
Optical_B,1124,11.24,22,-28.36505117707796,-0.0,7,2.341626997804269
Optical_A,1125,11.25,22,26.565051177077976,-0.0,4,1.998576000914909
Optical_B,1125,11.25,22,-26.565051177077976,-0.0,6,1.801467005861923
Optical_A,1126,11.26,22,28.36505117707796,-0.0,6,2.731770000536926
Optical_B,1126,11.26,22,-24.76505117707802,-0.0,1,1.4504089922411367
Optical_A,1127,11.27,22,30.165051177077913,-0.0,5,2.039582992438227
Optical_B,1127,11.27,22,-22.965051177078067,-0.0,6,2.1304840047378093
Optical_A,1128,11.28,22,31.965051177077868,-0.0,3,1.9135470065521076
Optical_B,1128,11.28,22,-21.165051177078112,-0.0,4,1.6465189983136952
Optical_A,1129,11.290000000000001,22,33.76505117707816,-0.0,5,2.106006009853445
Optical_B,1129,11.290000000000001,22,-19.365051177077817,-0.0,2,1.8199810001533478
Optical_A,1130,11.3,22,35.56505117707812,-0.0,5,3.0502570007229224
Optical_B,1130,11.3,22,-17.565051177077862,-0.0,0,1.3955269969301298
Optical_A,1131,11.31,22,37.36505117707807,-0.0,3,2.6850010035559535
Optical_B,1131,11.31,22,-15.765051177077908,-0.0,0,1.626088996999897
Optical_A,1132,11.32,22,39.165051177078055,-0.0,6,2.237252992927097
Optical_B,1132,11.32,22,-13.965051177077953,-0.0,0,1.7036839999491349
Optical_A,1133,11.33,22,40.96505117707801,-0.0,4,1.897790003567934
Optical_B,1133,11.33,22,-12.16505117707797,-0.0,0,2.0701180037576705
Optical_A,1134,11.34,22,42.765051177077964,-0.0,5,2.2409119992516935
Optical_B,1134,11.34,22,-10.365051177078016,-0.0,0,1.3131489977240562
Optical_A,1135,11.35,22,44.56505117707792,-0.0,6,2.349832997424528
Optical_B,1135,11.35,22,-8.565051177078061,-0.0,0,2.12586899579037
Optical_A,1136,11.36,22,46.36505117707787,-0.0,3,2.5426489883102477
Optical_B,1136,11.36,22,-6.765051177078078,-0.0,0,2.0337050082162023
Optical_A,1137,11.370000000000001,22,48.16505117707817,-0.0,1,2.241230002255179
Optical_B,1137,11.370000000000001,22,-4.965051177077811,-0.0,0,1.4807319967076182
Optical_A,1138,11.38,22,49.965051177078124,-0.0,1,1.9338669953867793
Optical_B,1138,11.38,22,-3.165051177077828,-0.0,0,1.5329450106946751
Optical_A,1139,11.39,22,51.76505117707808,-0.0,2,2.112913003657013
Optical_B,1139,11.39,22,-1.3650511770778735,-0.0,0,1.608753009350039
Optical_A,1140,11.4,22,53.56505117707803,-0.0,1,1.6277270042337477
Optical_B,1140,11.4,22,0.43494882292208104,-0.0,0,2.5143329985439777
Optical_A,1141,11.41,22,55.365051177078016,-0.0,0,1.5203949878923595
Optical_B,1141,11.41,22,2.2349488229220356,-0.0,0,1.3771079975413159
Optical_A,1142,11.42,22,57.165051177078,-0.0,0,1.528168999357149
Optical_B,1142,11.42,22,4.03494882292199,-0.0,0,1.5941360034048557
Optical_A,1143,11.43,22,58.96505117707795,-0.0,0,1.5050390065880492
Optical_B,1143,11.43,22,5.834948822921945,-0.0,0,1.4664229966001585
Optical_A,1144,11.44,22,60.76505117707791,-0.0,0,1.7541760025778785
Optical_B,1144,11.44,22,7.634948822921899,-0.0,0,1.3764059985987842
Optical_A,1145,11.450000000000001,22,62.5650511770782,-0.0,0,2.981422992888838
Optical_B,1145,11.450000000000001,22,9.434948822922195,-0.0,0,1.971179008251056
Optical_A,1146,11.46,22,64.36505117707816,-0.0,0,1.6475539887323976
Optical_B,1146,11.46,22,11.23494882292215,-0.0,0,1.3068249973002821
Optical_A,1147,11.47,22,66.16505117707811,-0.0,0,1.8697850027820095
Optical_B,1147,11.47,22,13.034948822922104,-0.0,0,1.3348860084079206
Optical_A,1148,11.48,22,67.96505117707807,-0.0,0,1.3254740042611957
Optical_B,1148,11.48,22,14.834948822922087,-0.0,0,1.4049930032342672
Optical_A,1149,11.49,22,69.76505117707802,-0.0,0,1.5589389950037003
Optical_B,1149,11.49,22,16.63494882292207,-0.0,0,1.4923249982530251
Optical_A,1150,11.5,23,71.56505117707798,-0.0,0,1.4546460006386042
Optical_B,1150,11.5,23,18.434948822922024,-0.0,0,1.6045520023908466
Optical_A,1151,11.51,23,69.76505117707802,-0.0,0,2.6727009972091764
Optical_B,1151,11.51,23,16.63494882292207,-0.0,0,1.7263140034629032
Optical_A,1152,11.52,23,67.96505117707807,-0.0,0,1.4386569964699447
Optical_B,1152,11.52,23,14.834948822922087,-0.0,0,1.732616001390852
Optical_A,1153,11.53,23,66.16505117707811,-0.0,0,1.3611979957204312
Optical_B,1153,11.53,23,13.034948822922104,-0.0,0,1.2832900101784617
Optical_A,1154,11.540000000000001,23,64.36505117707782,-0.0,0,1.4979999978095293
Optical_B,1154,11.540000000000001,23,11.234948822921865,-0.0,0,1.2727970024570823
Optical_A,1155,11.55,23,62.56505117707786,-0.0,0,1.5795950021129102
Optical_B,1155,11.55,23,9.434948822921882,-0.0,0,1.4300360053312033
Optical_A,1156,11.56,23,60.76505117707791,-0.0,0,1.483372994698584
Optical_B,1156,11.56,23,7.634948822921899,-0.0,0,1.425248003215529
Optical_A,1157,11.57,23,58.96505117707795,-0.0,0,1.4472159964498132
Optical_B,1157,11.57,23,5.834948822921945,-0.0,0,1.1659540032269433
Optical_A,1158,11.58,23,57.165051177078,-0.0,0,1.4795650058658794
Optical_B,1158,11.58,23,4.03494882292199,-0.0,0,1.3794719998259097
Optical_A,1159,11.59,23,55.365051177078016,-0.0,0,1.6731450014049187
Optical_B,1159,11.59,23,2.2349488229220356,-0.0,0,1.6578460054006428
Optical_A,1160,11.6,23,53.56505117707803,-0.0,1,1.6764200117904693
Optical_B,1160,11.6,23,0.43494882292208104,-0.0,0,1.7787830001907423
Optical_A,1161,11.61,23,51.76505117707808,-0.0,1,1.7097509989980608
Optical_B,1161,11.61,23,-1.3650511770778735,-0.0,0,2.0528440072666854
Optical_A,1162,11.620000000000001,23,49.96505117707781,-0.0,1,1.8287679995410144
Optical_B,1162,11.620000000000001,23,-3.165051177078169,-0.0,0,1.7344139923807234
Optical_A,1163,11.63,23,48.16505117707783,-0.0,1,1.868364997790195
Optical_B,1163,11.63,23,-4.965051177078124,-0.0,0,1.2930529919685796
Optical_A,1164,11.64,23,46.36505117707787,-0.0,2,2.2475860023405403
Optical_B,1164,11.64,23,-6.765051177078078,-0.0,0,1.5577070007566363
Optical_A,1165,11.65,23,44.56505117707792,-0.0,5,1.980526008992456
Optical_B,1165,11.65,23,-8.565051177078033,-0.0,0,1.3985900004627183
Optical_A,1166,11.66,23,42.765051177077964,-0.0,5,2.6478719955775887
Optical_B,1166,11.66,23,-10.365051177078016,-0.0,0,1.6017669986467808
Optical_A,1167,11.67,23,40.96505117707801,-0.0,4,4.841256988584064
Optical_B,1167,11.67,23,-12.165051177077999,-0.0,0,1.5411959902849048
Optical_A,1168,11.68,23,39.165051177078055,-0.0,6,3.832886999589391
Optical_B,1168,11.68,23,-13.965051177077953,-0.0,0,2.103430000715889
Optical_A,1169,11.69,23,37.3650511770781,-0.0,3,2.3189689964056015
Optical_B,1169,11.69,23,-15.765051177077908,-0.0,0,2.0357050088932738
Optical_A,1170,11.700000000000001,23,35.565051177077805,-0.0,5,2.0104790019104257
Optical_B,1170,11.700000000000001,23,-17.565051177078203,-0.0,0,1.7556160019012168
Optical_A,1171,11.71,23,33.76505117707785,-0.0,5,2.207217999966815
Optical_B,1171,11.71,23,-19.365051177078158,-0.0,1,2.6075789937749505
Optical_A,1172,11.72,23,31.965051177077896,-0.0,4,1.8021279975073412
Optical_B,1172,11.72,23,-21.165051177078112,-0.0,5,2.3352990101557225
Optical_A,1173,11.73,23,30.165051177077885,-0.0,6,4.514143001870252
Optical_B,1173,11.73,23,-22.965051177078067,-0.0,5,2.165245998185128
Optical_A,1174,11.74,23,28.36505117707793,-0.0,7,2.2667770099360496
Optical_B,1174,11.74,23,-24.76505117707802,-0.0,2,1.8312070023966953
Optical_A,1175,11.75,23,26.565051177077976,-0.0,3,2.2892940032761544
Optical_B,1175,11.75,23,-26.565051177077976,-0.0,0,0.34980800410266966
Optical_A,1176,11.76,23,24.76505117707802,-0.0,1,1.6926899988902733
Optical_B,1176,11.76,23,-28.36505117707793,-0.0,6,2.106523999827914
Optical_A,1177,11.77,23,22.965051177078067,-0.0,3,2.5168280117213726
Optical_B,1177,11.77,23,-30.165051177077885,-0.0,2,1.9297249964438379
Optical_A,1178,11.78,23,21.165051177078112,-0.0,2,1.6582250100327656
Optical_B,1178,11.78,23,-31.965051177077896,-0.0,1,1.5956749994074926
Optical_A,1179,11.790000000000001,23,19.365051177077817,-0.0,1,1.6840210009831935
Optical_B,1179,11.790000000000001,23,-33.765051177078135,-0.0,6,3.2879000063985586
Optical_A,1180,11.8,23,17.565051177077862,-0.0,0,2.119787997798994
Optical_B,1180,11.8,23,-35.56505117707809,-0.0,4,2.477546004229225
Optical_A,1181,11.81,23,15.765051177077908,-0.0,0,2.0898280054097995
Optical_B,1181,11.81,23,-37.3650511770781,-0.0,2,1.9617520010797307
Optical_A,1182,11.82,23,13.965051177077953,-0.0,0,1.5530360105913132
Optical_B,1182,11.82,23,-39.165051177078055,-0.0,3,1.774396005203016
Optical_A,1183,11.83,23,12.165051177077999,-0.0,0,1.6451480041723698
Optical_B,1183,11.83,23,-40.96505117707801,-0.0,4,1.6161550011020154
Optical_A,1184,11.84,23,10.365051177077987,-0.0,0,1.6247449966613203
Optical_B,1184,11.84,23,-42.765051177077964,-0.0,1,1.5902859886409715
Optical_A,1185,11.85,23,8.565051177078033,-0.0,0,1.9441479962551966
Optical_B,1185,11.85,23,-44.56505117707792,-0.0,0,1.503752006101422
Optical_A,1186,11.86,23,6.765051177078078,-0.0,0,1.5471959923161194
Optical_B,1186,11.86,23,-46.36505117707787,-0.0,3,1.7733610002323985
Optical_A,1187,11.870000000000001,23,4.9650511770777825,-0.0,0,2.187888996559195
Optical_B,1187,11.870000000000001,23,-48.16505117707817,-0.0,5,2.288909992785193
Optical_A,1188,11.88,23,3.165051177077828,-0.0,0,1.3788599899271503
Optical_B,1188,11.88,23,-49.965051177078124,-0.0,6,2.2332119988277555
Optical_A,1189,11.89,23,1.3650511770778735,-0.0,0,2.00863899954129
Optical_B,1189,11.89,23,-51.76505117707808,-0.0,1,1.5437819965882227
Optical_A,1190,11.9,23,-0.43494882292208104,-0.0,0,1.4836560003459454
Optical_B,1190,11.9,23,-53.56505117707805,-0.0,1,1.4464660052908584
Optical_A,1191,11.91,23,-2.2349488229220356,-0.0,0,1.464746004785411
Optical_B,1191,11.91,23,-55.365051177078,-0.0,1,1.3135779881849885
Optical_A,1192,11.92,23,-4.03494882292199,-0.0,0,1.215277996379882
Optical_B,1192,11.92,23,-57.165051177077984,-0.0,0,1.3090739957988262
Optical_A,1193,11.93,23,-5.834948822921945,-0.0,0,2.2297440009424463
Optical_B,1193,11.93,23,-58.96505117707794,-0.0,0,1.272503999643959
Optical_A,1194,11.94,23,-7.634948822921899,-0.0,0,1.5088740037754178
Optical_B,1194,11.94,23,-60.76505117707789,-0.0,0,1.2280629889573902
Optical_A,1195,11.950000000000001,23,-9.434948822922195,-0.0,0,2.551373007008806
Optical_B,1195,11.950000000000001,23,-62.56505117707819,-0.0,0,1.3965980033390224
Optical_A,1196,11.96,23,-11.23494882292215,-0.0,0,1.6716980026103556
Optical_B,1196,11.96,23,-64.36505117707814,-0.0,0,1.2854520027758554
Optical_A,1197,11.97,23,-13.034948822922104,-0.0,0,1.4161110011627898
Optical_B,1197,11.97,23,-66.1650511770781,-0.0,0,1.636972010601312
Optical_A,1198,11.98,23,-14.834948822922115,-0.0,0,1.9603770051617175
Optical_B,1198,11.98,23,-67.96505117707808,-0.0,0,1.56227799016051
Optical_A,1199,11.99,23,-16.63494882292207,-0.0,0,1.761948995408602
Optical_B,1199,11.99,23,-69.76505117707804,-0.0,0,1.675870007602498
Optical_A,1200,12.0,24,-18.434948822922024,-0.0,0,1.6062509967014194
Optical_B,1200,12.0,24,-71.56505117707799,-0.0,0,2.4082570016616955
