track_a_id,track_b_id,valid,rejection_reason,cost,reprojection_rms_px,reprojection_max_px,ray_residual_rms_m,fitted_speed_mps,median_nearest_time_delta_s,condition_number,observation_count,inlier_count,outlier_count,reference_timestamp,position_ned,velocity_ned
Optical_A-T0001,Optical_B-T0002,False,reprojection,3.4172677151938875,47.37276139843038,69.4764360379236,3.470603108728076,47.7055257516732,0.04584958630285918,6.795465507555852,48,48,0,5.999150184664191,"[1555.442330423821, -508.7180035736593, -107.17268868354077]","[-47.6770591048695, 1.6475883036007986, 0.025983382628771423]"
Optical_A-T0001,Optical_B-T0004,False,reprojection,5.768841773273863,93.42900348930648,292.28541676489624,8.021379613630993,50.257681768540685,0.03000000000000025,7.077589571678548,48,48,0,6.0,"[1669.6595704813112, -472.44273476586824, -106.09812115478144]","[-50.2118769755711, 2.1447898231180034, 0.04317351814914128]"
Optical_A-T0001,Optical_B-T0007,False,reprojection,4.433143779570286,61.309068338394184,133.10980727054124,4.9446578725891195,54.53520237977814,0.027500138099231464,7.182575213109517,48,48,0,5.997500138099231,"[1709.1331032120927, -460.47312828538634, -107.28568159069722]","[-54.52323836848183, 1.1383668269267275, 0.09432594777675107]"
Optical_A-T0001,Optical_B-T0009,False,time_delta|reprojection|speed,4.316702181016166,43.955779275338756,101.49403316545308,3.915871672863856,34.41792346203119,2.6200014649051355,51.95594180489532,29,29,0,4.805001027658742,"[1805.4575014588372, -449.81940335420023, -110.03491884239979]","[-33.33221538608148, 8.55698983509808, -0.5786171930890767]"
Optical_A-T0001,Optical_B-T0012,True,,0.07364303275525974,0.7041716463156172,2.812788044159085,0.06209282765195014,49.99503092565793,0.023772241543949857,8.215062239014209,40,40,0,5.000000737186578,"[2062.1508816802766, -368.7637883140104, -113.57099277611283]","[-49.63380574007826, 5.999037007067045, -3.8826205093656085e-05]"
Optical_A-T0001,Optical_B-T0013,False,reprojection|inlier_ratio,0.8475001546049692,9.556625978559016,15.959949782226753,0.855184310768046,62.158265173516234,0.02127383818494888,5.95975135345027,48,26,22,6.0,"[1976.5540735850132, -375.55054255514153, -112.81555409627214]","[-62.138256882473414, 1.5752062821432276, 0.07540661511479696]"
Optical_A-T0001,Optical_B-T0014,False,reprojection,6.115618110506411,150.77639162115946,251.85588269178956,14.821807225791067,63.24593003306275,0.049999316099750335,12.033579408258888,35,35,0,4.2149987521258,"[2145.3177933383304, -361.19779599479085, -100.97153403984771]","[-63.18477822192649, 1.8025745764475687, -2.1171187234960653]"
Optical_A-T0001,Optical_B-T0015,False,reprojection,5.8219994979187915,92.62109402278732,110.09127134443256,8.885086958568944,53.1332803123927,0.02499861980269724,8.495365939314008,48,48,0,6.0,"[2194.22133319159, -304.97377802331124, -105.91578076292407]","[-52.669406510921505, 7.005645435713518, -0.0051547709558628085]"
Optical_A-T0001,Optical_B-T0016,False,reprojection,1.702552566508787,22.57924558796348,35.94679196989269,2.272474605979268,54.76015734004209,0.04499956433964902,9.042886646165698,39,39,0,4.805001027658742,"[2241.490334421828, -318.4147535742088, -112.68724189656841]","[-54.40130294610596, 6.253789813818173, -0.2513615657835482]"
Optical_A-T0001,Optical_B-T0017,False,speed|inlier_ratio,0.8450693502799518,7.60522792040805,13.5274280975528,0.7396003649833944,74.28133502848587,0.036273593722648156,8.428335453508298,40,18,22,5.000000737186578,"[2132.0514502294536, -349.52813325890196, -113.07679157591996]","[-74.26520667576742, -1.5474647844392848, 0.03411393605246171]"
Optical_A-T0001,Optical_B-T0018,False,reprojection|speed,5.4964982920077805,72.99170187201433,110.73609243341477,7.593700405212823,71.24360314930718,0.052548052329183026,8.786531683881355,41,41,0,5.195000446714413,"[2348.878640186044, -277.9632023116091, -108.92429019736207]","[-71.21115131650936, 2.0714971233701363, -0.5760360588083939]"
Optical_A-T0001,Optical_B-T0020,False,reprojection|speed,6.082435745959437,78.50826383275023,190.9287474084369,7.893199483098188,91.46686420927031,0.04377294221246264,8.53730468873465,40,40,0,5.000000737186578,"[2185.0150784150537, -335.63548553092517, -109.4938331467715]","[-91.23131961167812, -6.532736607241418, -0.5974300037154343]"
Optical_A-T0001,Optical_B-T0021,False,reprojection,5.859708596736765,82.2870041445094,100.08449109377172,8.267017988011165,57.9842492320071,0.040000000000000036,8.880658750305468,48,48,0,6.0,"[2324.5748815722113, -263.93074274934327, -107.48281134769258]","[-57.577724129978805, 6.853818472371337, 0.06336686321954521]"
Optical_A-T0001,Optical_B-T0022,False,reprojection,2.631264830957065,34.478055498410214,40.379801983342354,3.6699487043986347,61.115018084084014,0.055000847509983686,9.374669743576673,48,48,0,6.0,"[2488.3135501818965, -212.00758413448392, -113.11269363330544]","[-60.63392243102638, 7.65329247249673, -0.0006136913368472996]"
Optical_A-T0001,Optical_B-T0023,False,reprojection,1.7548309673942648,22.100086174717294,25.810543352405976,2.3833691987140138,62.42318494327081,0.0549982492872898,9.493785771330547,48,48,0,6.0,"[2526.9816300306034, -199.8174333041687, -114.6592278481736]","[-61.95252309471094, 7.651071863492788, -2.7719097315692665e-05]"
Optical_A-T0001,Optical_B-T0024,False,reprojection|speed,6.352783354128822,173.56367949512142,329.8920571499928,17.57155302408263,79.75319311474432,0.03249804230056341,8.881061728921198,48,48,0,6.0,"[2313.392310980515, -270.17809465575954, -100.67304360596064]","[-79.74939924043542, -0.65755742733382, -0.41563327236462566]"
Optical_A-T0001,Optical_B-T0025,False,reprojection|speed,6.533820556558228,200.13978591370466,249.41550041044104,20.259883160702785,89.41082875591337,0.040000000000000036,8.979702202883482,48,48,0,6.0,"[2341.3576604734026, -262.3748106366977, -95.7816084230875]","[-89.35140012533688, -3.257721664398705, -0.1041346173139801]"
Optical_A-T0001,Optical_B-T0026,False,reprojection|speed,3.9440437783482802,51.762312728117685,59.8139078141206,5.68574834667876,67.25003617364665,0.05999999999999961,9.65955883970471,48,48,0,6.0,"[2578.906871402333, -183.83693820295235, -111.71298322199283]","[-66.9236528770864, 6.617552864416446, 0.006710490472417785]"
Optical_A-T0001,Optical_B-T0027,False,reprojection|speed,6.435589808755301,172.15034313037043,200.56385938991366,19.280031520668896,81.22625937799663,0.06499911949309567,9.8659013522224,48,48,0,6.0,"[2638.9066216740775, -166.17198026371756, -98.63412857196323]","[-81.18415454018053, 2.614852589897783, -0.028461742280708358]"
Optical_A-T0001,Optical_B-T0028,False,reprojection|speed,2.3528079161880835,27.27499157101391,57.821335934890456,3.09703902896268,83.84967751397221,0.06749931943989207,9.990131300075372,48,48,0,6.0,"[2678.060593499811, -154.34690174177325, -119.91621130727137]","[-83.82081733914237, 2.1945933980224206, 0.15086289346248094]"
Optical_A-T0001,Optical_B-T0029,False,reprojection|speed,6.358053085606038,137.3799800042272,169.39650058737743,14.951867594227824,86.84553676838514,0.057499468935722664,9.624018522906919,48,48,0,6.0,"[2557.4214983030347, -193.13230270769327, -102.50243481776862]","[-86.84545309439642, -0.11334029859346106, 0.04107790943510392]"
Optical_A-T0001,Optical_B-T0030,False,reprojection|speed,1.0285597259927977,10.283254909177463,16.36145747391612,1.2156001188460281,73.00410478182839,0.07499770160943209,9.762863948894767,48,43,5,6.0,"[2791.92394938957, -116.24917030861963, -120.13858490304018]","[-72.64849249067335, 7.196680207203784, -0.06039721847457402]"
Optical_A-T0001,Optical_B-T0031,False,reprojection|speed,5.08370524644689,66.51607294620274,76.09752965114696,8.207705951390533,70.90622610079402,0.08499824086818952,10.829632342910902,48,48,0,6.0,"[2949.347589263033, -65.74888803546267, -111.6904639879005]","[-70.25434694241554, 9.592685115986392, -0.005274197938311076]"
Optical_A-T0001,Optical_B-T0032,False,reprojection|speed,2.0339016298162838,24.012642257477996,41.851324706978275,3.0935473151431485,72.28951435854104,0.10499691284609847,15.367259042956626,35,35,0,4.28500164392456,"[2972.2910808136025, -111.76939972830975, -116.56560239320058]","[-71.84627201494277, 7.980128564251331, -0.4523625167757459]"
Optical_A-T0001,Optical_B-T0033,False,reprojection|speed,5.671400375663533,70.84177743231841,104.39417112489635,8.321152280805379,100.11913571770816,0.07499907553483931,10.380472107785556,48,48,0,6.0,"[2793.994262579979, -119.35268279339473, -111.10266485193613]","[-100.10264871523677, -1.8129708712417205, 0.11913720998467947]"
Optical_A-T0001,Optical_B-T0034,False,reprojection|speed,6.16977703971233,95.98442620698897,110.47610025212805,11.617790824292358,76.59072566881005,0.08499904842930106,10.63953693281288,48,48,0,6.0,"[2887.851203571239, -86.14022286197616, -107.86324774814744]","[-76.27195288000654, 6.980536530071319, 0.023918556004483005]"
Optical_A-T0001,Optical_B-T0035,False,reprojection|speed,6.4353372437997205,159.49624496895925,183.43191578884793,19.89266337448812,78.05557962982479,0.08999999999999986,10.967905536638774,48,48,0,6.0,"[2988.9307384121776, -53.72336502897653, -100.26505482613733]","[-77.68156176108525, 7.631967244693875, 0.03936600737207546]"
Optical_A-T0001,Optical_B-T0036,False,reprojection|speed,6.7263907962116685,148.21374714761478,190.76013458999483,17.665354744631678,114.3696367855992,0.08000000000000007,10.440057277178722,47,47,0,5.8,"[2857.8966345205, -106.64118655075858, -102.19601186457741]","[-114.2156859390222, -5.931866756837195, -0.06213475407687574]"
Optical_A-T0001,Optical_B-T0037,False,reprojection|speed,6.459178290062657,84.33238128830713,109.16617501554549,11.25224988558392,105.57247200471599,0.10500148136894705,11.77135943827813,48,48,0,6.0,"[3222.629131738968, 17.094056616342698, -110.86479073165467]","[-105.56653907900704, 1.1155737113228588, 0.09037345642432904]"
Optical_A-T0001,Optical_B-T0038,False,time_delta|reprojection|speed,3.7552270020621266,30.64313826720167,63.61758980080345,4.275887640844996,109.37598071202807,1.8100018423921607,52.228925594797964,30,30,0,4.500001842392161,"[3373.528518615422, 12.619594414201583, -123.62686533930854]","[-109.37400498711035, -0.2220454284485882, 0.6187775248020964]"
Optical_A-T0001,Optical_B-T0039,False,reprojection|speed,6.614672730383981,205.95978054055206,247.58482919823547,25.499046090881947,79.1851135497799,0.08999999999999986,10.666378059709121,47,47,0,6.2,"[2960.47612177741, -56.25521214487772, -95.0621876128648]","[-78.8634551878481, 7.121644324555184, 0.34615869242554886]"
Optical_A-T0001,Optical_B-T0040,False,reprojection|speed,2.256122292601706,28.126201523657755,56.909452375223275,2.673449512677556,71.82431188221103,0.025003278936688744,8.314105562553513,47,47,0,6.2,"[2183.785808480848, -306.11808147446754, -116.4070085064911]","[-71.81942810394199, 0.8319760574015049, 0.09664375685778936]"
Optical_A-T0001,Optical_B-T0042,False,reprojection,3.366486850057626,45.313029892299724,87.33580657127128,3.5669926679768733,62.10689479435059,0.025002550386315825,7.093871917923321,47,47,0,6.175000680828082,"[1729.796456506616, -451.5282689533754, -108.73832862261058]","[-62.09831905641812, -1.0258596857473705, 0.11297463869529123]"
Optical_A-T0001,Optical_B-T0043,False,reprojection|speed,6.107358506635813,143.79670555275894,234.03303219977494,11.186194465250816,74.8068994202277,0.026194498556691204,7.05528132747751,47,47,0,6.1750030903208915,"[1707.9708980910993, -460.08822932623343, -100.89540982248121]","[-74.61998715438995, -5.280017811017274, 0.2261191324999546]"
Optical_A-T0001,Optical_B-T0044,False,reprojection,3.1649260215088435,42.272378019985,105.76044672998594,3.060702500276733,63.91289149683213,0.03499972014969721,6.6071566955382774,44,44,0,5.817500727790918,"[1660.113212180967, -480.59286308326546, -113.16450955089996]","[-63.86032689386809, -2.5858495344243693, 0.17242586656754977]"
Optical_A-T0001,Optical_B-T0045,False,reprojection,4.7653462711740735,65.71420782428538,110.02859014557157,4.8384255351010435,56.949394922920945,0.04500263918038616,6.725365172717881,47,47,0,6.155000139841975,"[1580.263686044962, -499.3050463782163, -106.24509563094769]","[-56.940250057323794, -1.0138059692626058, 0.11705961275806265]"
Optical_A-T0001,Optical_B-T0046,False,reprojection,5.8491863886461415,144.6002916288961,215.20357919587204,9.985225307786944,50.80719911556852,0.0629328004723515,6.4165124557090945,47,47,0,6.137067199527649,"[1449.2835192850857, -540.8203985075195, -100.14181629688782]","[-50.80501119804239, -0.43334295012935087, 0.18583063091774402]"
Optical_A-T0001,Optical_B-T0047,False,reprojection,5.935782986448504,85.8956227367708,154.04050728928448,9.053967711442379,62.11442168213134,0.05906647584056901,11.992784478943562,34,34,0,4.785001583798538,"[2323.167166667762, -294.6063828447172, -108.71491630925466]","[-61.937868458210644, 4.590932108504774, -0.9083909588515611]"
Optical_A-T0001,Optical_B-T0048,False,reprojection,5.80756323402655,90.36392718805388,146.7094289458334,6.7515254833269305,56.96625618589763,0.050004669298341575,6.732957009775709,45,45,0,6.2,"[1615.4890505231488, -487.1523328654124, -104.85189523863451]","[-56.96272117427395, -0.5588303546777809, 0.3007472259757011]"
Optical_A-T0001,Optical_B-T0049,False,reprojection,6.065680783588561,215.88231301201668,355.51358522781885,14.477293722704731,58.138898212128645,0.08000328320864725,6.2763601245015765,45,45,0,6.2,"[1414.2814159221268, -551.9494773965349, -96.13081788577624]","[-58.05125394488448, -3.1380376119236644, 0.5797591680540952]"
Optical_A-T0001,Optical_B-T0050,False,reprojection,3.7363832586566526,50.04757909926925,115.06859885959126,3.723372492971316,64.61653052047825,0.05499932200333735,6.602134489143498,43,43,0,6.7949983161264935,"[1584.7382556686941, -487.4578770044001, -108.40007201854338]","[-64.54972608093163, -2.93166664385069, 0.18495964404002718]"
Optical_A-T0001,Optical_B-T0051,False,reprojection|speed,3.2320290877003237,35.51119475280321,77.00358404133966,4.531336841827082,109.39282220524125,0.09499831612649334,11.51746884022736,41,41,0,6.7949983161264935,"[3101.6785439098303, 5.276997437337151, -124.31217839384719]","[-109.39186506817671, -0.45087698738938187, -0.0782104569962711]"
Optical_A-T0001,Optical_B-T0054,False,reprojection,5.870271493913599,88.40063012333245,158.50283233286825,8.29959943636495,59.75045854021172,0.019998505810089995,12.658253862370305,35,35,0,7.775002172186573,"[2140.4944066385997, -279.7412241895644, -108.65897443858645]","[-59.49866311810878, 5.3825586631038504, 1.0268618025844196]"
Optical_A-T0001,Optical_B-T0056,False,reprojection|speed,2.1726145312601517,26.276931989240644,42.924949308099336,2.9395956758793518,72.72202451738052,0.06999925480743485,17.92326523461462,34,34,0,7.760002091249481,"[2721.3503195088047, -84.51517551727537, -116.71089187011508]","[-72.29763790036894, 7.831107430329666, 0.4670763837574188]"
Optical_A-T0001,Optical_B-T0057,False,time_delta|reprojection,1.6559391606173768,20.734493909038648,34.34485897213909,1.8551011487114373,54.83426148127392,0.22000091193244575,20.68844887380875,32,32,0,8.00000074100162,"[2067.5262874202804, -298.4934632390192, -113.13760880508949]","[-54.478437111747276, 6.229267106794566, 0.30389697320809317]"
Optical_A-T0001,Optical_B-T0060,False,time_delta|reprojection|speed,6.580736732785215,158.04495186878535,263.55832938288955,13.076936177626699,66.56505146469837,1.0100022277629712,26.433916526133252,31,31,0,7.795000677996663,"[1912.4921773126437, -357.2341167021395, -103.62865134322611]","[-66.52342377162158, 0.7986256635664972, 2.214128101237219]"
Optical_A-T0001,Optical_B-T0061,False,time_delta|reprojection|speed|not_inbound,4.2881941636528085,43.80212626370984,113.77708222464771,3.7022061013184855,25.819579510467086,1.8050000123148902,51.78537367982676,28,28,0,7.000000819548607,"[1875.2256157869947, -382.34232546705107, -112.6605759412758]","[-21.888865372992, 13.693680286570782, -0.1066723466802415]"
Optical_A-T0002,Optical_B-T0002,True,,0.12460009729848062,1.1428814972123005,4.00602966309592,0.07925803446438719,50.00188881083459,0.06701400735872154,6.4545939040985525,48,48,0,5.999150184664191,"[1472.4090345936856, -426.57348523037314, -103.66405064986508]","[-49.6400825086472, 6.004256255834463, -6.074263066535579e-06]"
Optical_A-T0002,Optical_B-T0004,False,reprojection,4.495425108962449,62.02177880168794,265.87220994463996,5.529634331512268,52.96274704484849,0.05116442105586261,6.703913993564375,48,48,0,6.0,"[1574.3173801792543, -386.70590781868725, -102.40959860190051]","[-52.53736605511045, 6.6990746819232925, 0.011871560540400394]"
Optical_A-T0002,Optical_B-T0007,False,reprojection|inlier_ratio,0.6985254185041333,8.120230378776467,15.552270312088877,0.6157234372427028,57.3320902166831,0.04866455915509382,7.037886760999462,48,35,13,5.997500138099231,"[1610.1552068541778, -373.06445463242915, -103.30164215308506]","[-57.05340293436801, 5.644677625148972, 0.12408356329517245]"
Optical_A-T0002,Optical_B-T0009,False,time_delta|reprojection,4.023986092918883,41.32329985989148,104.23554474780948,3.3306668332762497,43.762226388115884,2.6000016276933517,45.38568710665354,29,29,0,4.785001190446958,"[1691.0795567367134, -373.09972598011984, -103.69023528338538]","[-42.08334725908546, 12.004188090056118, -0.1543055879926074]"
Optical_A-T0002,Optical_B-T0012,False,reprojection,3.27465604930082,44.74229095544645,65.80367944065796,3.9415192954709446,55.995905347325994,0.018664990521950475,7.707499074351668,40,40,0,4.999491163960469,"[1928.355594257372, -279.586855193876, -107.97197212639527]","[-54.91151792654584, 10.960287572997402, 0.37243923870191514]"
Optical_A-T0002,Optical_B-T0013,False,reprojection|speed,3.928257995776479,52.6527839426201,125.58647019957259,4.4292304140000915,65.21168573255295,0.02500001671328489,7.427210445043913,48,48,0,6.000001571632307,"[1845.853182700429, -281.6513572891437, -107.93583967754287]","[-64.89625917414187, 6.405352966562788, 0.1046645002027779]"
Optical_A-T0002,Optical_B-T0014,False,reprojection|speed,6.015813778072932,111.78543437179398,190.41024503492514,10.42845531118422,67.48158604753758,0.030000000000000027,11.26005886628059,35,35,0,4.215003696322266,"[2010.5883990752222, -275.5448503604483, -95.64343313276667]","[-67.16818041986355, 6.309133332842293, -1.547524204753043]"
Optical_A-T0002,Optical_B-T0015,False,reprojection,3.458974886547628,46.72389803127746,71.08050065896948,4.1744815015161025,59.77269121932608,0.025001647860695142,7.935554127383568,48,48,0,6.001164421055863,"[2031.295471883474, -206.72760963351809, -101.16101694643515]","[-58.49359530963795, 12.299330582540449, -0.019762959961576843]"
Optical_A-T0002,Optical_B-T0016,False,reprojection,1.8070101781435797,23.293245102974954,37.26967877730164,2.15054784755202,61.450343548017855,0.02999703353747063,8.442968541327586,39,39,0,4.785001190446958,"[2088.09026896219, -227.4271089892607, -106.65627316825885]","[-60.41284928202111, 11.242403581566805, 0.20180561537196298]"
Optical_A-T0002,Optical_B-T0017,False,reprojection|speed,3.3889854689208003,43.394695402078156,67.18183880626049,3.8706522420568445,76.57794113951684,0.02499881874559917,7.87302734503421,40,40,0,5.000000274914566,"[1991.722599701774, -259.58439982467786, -107.75989832775473]","[-76.51881342414963, 2.984249668534744, 0.3827730964078278]"
Optical_A-T0002,Optical_B-T0018,False,reprojection|speed,2.388451551276686,29.296836971136234,53.82319216778889,2.856427585888624,75.86920559902279,0.03699546336899706,8.182980961985958,41,41,0,5.215000437842564,"[2174.014224759722, -182.70809149824632, -103.01105819805723]","[-75.5547865635647, 6.896654814069819, -0.2161895847221057]"
Optical_A-T0002,Optical_B-T0020,False,reprojection|speed,4.848232546246923,61.65823727421279,160.5080055540148,5.666626261154119,91.3694354647841,0.028497834974289926,7.997125177758947,40,40,0,5.0000008141447605,"[2038.000198933814, -244.81648831842494, -103.93546533695451]","[-91.33712570313662, -2.410684483028888, -0.3029946634046383]"
Optical_A-T0002,Optical_B-T0021,False,reprojection,2.7481507325009398,35.991368430622956,57.72250987925037,3.360768880720452,64.89549006847157,0.02499880648178454,8.266898470055265,48,48,0,6.001164421055863,"[2142.7161584769733, -163.65159150487273, -102.3474259824313]","[-63.74666708043381, 12.156684279871854, 0.04576770635579341]"
Optical_A-T0002,Optical_B-T0022,False,reprojection|speed,1.6995330555209427,20.65469800011285,42.186915538922754,2.0306506331979337,68.99488218480262,0.03383642645412133,8.687225909007575,48,48,0,6.001164421055863,"[2280.911979524489, -109.69549139310269, -107.16491390163355]","[-67.76340817000785, 12.977446157588766, 0.013118940211928942]"
Optical_A-T0002,Optical_B-T0023,False,reprojection|speed,2.41538669378757,30.417638612302987,47.135852433424446,3.042908034176093,70.41710734659223,0.03383382823142744,8.78829945524512,48,48,0,6.001164421055863,"[2313.3834557854657, -97.11578844795548, -108.49415834651599]","[-69.21280589626566, 12.967501555587177, 0.02025915075856699]"
Optical_A-T0002,Optical_B-T0024,False,reprojection|speed,6.24826315181648,141.5816408154256,362.56523707397764,13.218822878874986,82.52265956503715,0.029997522569190416,8.276537387401355,48,48,0,6.001164421055863,"[2135.421646654209, -170.32186395727308, -96.08213904868806]","[-82.40972927981224, 4.2906328023044615, -0.4651149007095894]"
Optical_A-T0002,Optical_B-T0025,False,reprojection|speed,6.362031022646743,150.76098379553477,191.52027350768742,14.264879004532604,90.63047899552056,0.03249935969681372,8.364011409445098,48,48,0,6.001164421055863,"[2160.019905871087, -162.24201493554764, -91.54358497815687]","[-90.61645863232576, 1.579660679407354, -0.21405614082112878]"
Optical_A-T0002,Optical_B-T0026,False,reprojection|speed,0.762599554831487,6.664279827777542,15.700901622102995,0.6811612476410889,74.69394090610903,0.03883557894413725,8.148214566856367,48,42,6,6.001164421055863,"[2357.3730268584486, -80.9979193241274, -105.69319574416204]","[-73.76356452585249, 11.752503898851721, 0.0029382273462876807]"
Optical_A-T0002,Optical_B-T0027,False,reprojection|speed,6.279258554143673,122.71892202654529,162.753958258877,12.684730454681699,86.48048119950309,0.04383469843723331,9.110838391427851,48,48,0,6.001164421055863,"[2409.044784395667, -62.58735677182325, -93.65337031695816]","[-86.12938184993277, 7.783922941768797, -0.11727865399543441]"
Optical_A-T0002,Optical_B-T0028,False,reprojection|speed,5.59210947316888,71.87978496046455,117.36551159318446,7.536439298853094,88.90574133631497,0.04633489838402971,9.215040521559084,48,48,0,6.001164421055863,"[2441.218409219765, -50.45007153731446, -112.96087127228307]","[-88.60095898856727, 7.35400340664021, 0.13979542585508686]"
Optical_A-T0002,Optical_B-T0029,False,reprojection|speed,6.205557356598848,90.43359658978237,137.72283821600433,9.098434376776318,90.25636745608705,0.036335047879860305,8.909434586706805,48,48,0,6.001164421055863,"[2341.57243894805, -90.27468423917702, -97.33454182433836]","[-90.11952802137998, 4.967915159611824, -0.04852359033159247]"
Optical_A-T0002,Optical_B-T0030,False,reprojection|speed,4.691112484394384,60.2650514351291,70.20706078840864,6.503167468146318,81.36600619982873,0.05383328055356973,9.494623606945163,48,48,0,6.001164421055863,"[2534.1120454277843, -11.896578130435728, -112.76136006595148]","[-80.42285695589902, 12.352741024955506, 0.02886402525638565]"
Optical_A-T0002,Optical_B-T0031,False,reprojection|speed,1.8263086791621088,20.348605746068312,40.07700353416578,2.2618175717169815,81.51217185108695,0.06383381981232716,9.906272814839891,48,48,0,6.001164421055863,"[2662.5184100977262, 39.029249068564994, -104.88961367242467]","[-80.17078649954223, 14.72681743554277, 0.00038228402649426174]"
Optical_A-T0002,Optical_B-T0032,False,reprojection|speed,1.6296976815514008,17.230375897235774,28.304730556964056,2.0284493310502443,82.49297052120033,0.09000000000000008,13.998847350760549,35,35,0,4.28500164392456,"[2717.3601743931295, -16.753440036284463, -108.00681562443303]","[-81.51096142818838, 12.687818254129144, 0.2694817511442648]"
Optical_A-T0002,Optical_B-T0033,False,reprojection|speed,3.3459318182014615,38.599212947760165,85.89298437196247,4.1219121972382,102.9412208249826,0.05383465447897695,9.548213710241766,48,48,0,6.001164421055863,"[2538.691201757631, -14.860857562770988, -104.70475811568272]","[-102.88861136323492, 3.2904335571495196, 0.04054243480124042]"
Optical_A-T0002,Optical_B-T0034,False,reprojection|speed,3.6537081021800146,45.17945962180563,55.065604566792054,4.982063522538001,85.26267436590786,0.06633520651045366,9.752591806031766,48,48,0,6.001164421055863,"[2613.2565566942717, 18.623283842831384, -101.56644533180877]","[-84.39231970573958, 12.151540288843435, -0.009127962217303567]"
Optical_A-T0002,Optical_B-T0035,False,reprojection|speed,6.288016492409526,107.5310407917325,127.80384294317687,12.20708284423965,87.4872756137345,0.0688355789441375,10.02482771937044,48,48,0,6.001164421055863,"[2695.930435004565, 51.091884494205345, -94.52842578466786]","[-86.55433035629316, 12.742445524873709, -0.03705310832705899]"
Optical_A-T0002,Optical_B-T0036,False,reprojection|speed,6.525157386151496,102.33575146454872,153.74992621001792,11.145387034224138,114.8505438318379,0.0600000000000005,9.621149088969856,47,47,0,5.78,"[2599.1395872477074, -3.163878545651542, -96.42382415293083]","[-114.84677696887724, -0.9204743239991657, -0.13403487883471127]"
Optical_A-T0002,Optical_B-T0037,False,reprojection|speed,3.7732172192347946,42.94955970036706,100.85989261982066,5.105557171937223,111.2484629891514,0.08383706031308469,10.695698946478908,48,48,0,6.001164421055863,"[2886.876104285252, 121.50886246106532, -103.60806367590382]","[-111.07812538045215, 6.153880521784046, 0.01827393633160035]"
Optical_A-T0002,Optical_B-T0038,False,time_delta|reprojection|speed,5.709281437926783,56.87520679867915,104.9564308629351,7.704497230303319,114.24595444280797,1.810002443384612,43.774681919570256,30,30,0,4.500002443384612,"[3049.548336546487, 110.23991238238348, -111.90094869628773]","[-114.13902842145876, 4.8032407321565955, 1.161540366296336]"
Optical_A-T0002,Optical_B-T0039,False,reprojection|speed,6.445882062263103,153.16736121437944,181.53084160497326,17.266559389848883,88.16962506820846,0.06767115788827471,9.733657830288049,47,47,0,6.222328842111725,"[2666.5173902278793, 49.79961649276564, -89.77348601114177]","[-87.31243147439157, 12.263779860260113, 0.14764226091359722]"
Optical_A-T0002,Optical_B-T0040,False,reprojection|speed,5.313543071441251,70.54287034362352,108.27266874059029,6.359326211813553,74.93196074701352,0.025000112038878086,7.757161580956734,47,47,0,6.222328842111725,"[2019.4824889776155, -206.95896511819637, -110.77335219276344]","[-74.70645388757134, 5.808951855783896, 0.02381750063169219]"
Optical_A-T0002,Optical_B-T0042,False,reprojection|inlier_ratio,0.9468794524792765,10.453582290786043,15.76700217281666,0.7862845729129115,63.47092942706436,0.04732816128364359,7.765867791883528,47,14,33,6.175000680828082,"[1627.004926990538, -363.0399980108068, -104.42641579159496]","[-63.37950184977825, 3.4055239903682093, 0.005827552379132905]"
Optical_A-T0002,Optical_B-T0043,False,reprojection|speed,5.999858082767649,100.54261222447956,182.8929101066162,7.427910396026846,74.30509301004362,0.04732575179083387,6.676628182144949,47,47,0,6.1750030903208915,"[1608.264881909122, -372.89541757505253, -97.35755140187965]","[-74.29294566781016, -1.341129512392355, 0.0802674406711124]"
Optical_A-T0002,Optical_B-T0044,False,reprojection,5.738897621876704,78.26442148556808,114.1562113558916,5.787438310934335,64.65514693159871,0.05616414120555957,6.265510177388338,44,44,0,5.807500727790918,"[1568.2742690846621, -396.8623003752032, -108.83605303889374]","[-64.63929957418296, 1.4198669919071563, 0.18152969713121997]"
Optical_A-T0002,Optical_B-T0045,False,reprojection,2.2327742251470726,29.701671924683502,69.15497272258686,2.2024381945154903,58.09839532908572,0.06732870226975063,6.38302293799405,47,47,0,6.155000139841975,"[1493.9414971832623, -415.7245576026555, -102.65592480928387]","[-58.01377944538319, 3.1343617405888793, 0.026660013052341225]"
Optical_A-T0002,Optical_B-T0046,False,reprojection,5.766366182334648,97.39122946161467,143.74463093197122,6.468441383018262,51.98571355214333,0.08526164258407665,6.109402277203766,47,47,0,6.137067199527649,"[1376.4228242713732, -461.73397679411005, -97.15050577652451]","[-51.863873198736826, 3.556028416935277, 0.08793320644288591]"
Optical_A-T0002,Optical_B-T0047,False,reprojection|speed,3.6439333420612545,47.783488296700725,87.60125853120422,4.746849709351213,68.33658597298245,0.040000037278620226,11.06043380906924,34,34,0,4.775001665192646,"[2158.434357105225, -202.6606540045988, -101.99727863755248]","[-67.68798244792096, 9.38262190956101, -0.43865781081799615]"
Optical_A-T0002,Optical_B-T0048,False,reprojection,3.209988287720778,43.49155604913671,75.51393827569801,3.084397233315668,58.235000761103706,0.0700022399862581,6.380594998555889,45,45,0,6.222328842111725,"[1523.4323213998978, -402.1380277702758, -101.0842550327883]","[-58.11500696284975, 3.73474072228575, 0.11397846715435134]"
Optical_A-T0002,Optical_B-T0049,False,reprojection,5.970658741168348,169.54062691769604,278.6661177956287,10.98214685893319,58.148675179715006,0.10000073910307439,5.97829200689229,45,45,0,6.222328842111725,"[1343.4060696001998, -474.13783993641965, -93.24401922730169]","[-58.14520489187072, 0.5199574504682971, 0.36498970955352616]"
Optical_A-T0002,Optical_B-T0050,False,reprojection,2.49312023698473,32.4173160425598,92.29182477211025,2.2282812391525844,64.76153118837024,0.08000000000000007,6.270191428849175,43,43,0,6.775000745438577,"[1494.354413555045, -400.2016061707915, -104.3322165015286]","[-64.75052057391835, 1.1903950988383372, -0.09469306991405034]"
Optical_A-T0002,Optical_B-T0051,False,reprojection|speed,6.439038323819427,79.78422222464711,125.69260287470894,9.13266793156585,112.96135277066278,0.07500074543857682,10.527581207602559,41,41,0,6.775000745438577,"[2769.6687598750314, 113.20192515876006, -114.60649255119124]","[-112.85034517046896, 4.967567559163271, -0.6245696352583028]"
Optical_A-T0002,Optical_B-T0054,False,reprojection,3.8433992008051847,51.34499148471528,102.55089396339686,4.508075601602144,64.97321622632887,0.029998789592575292,11.928254314980945,35,35,0,7.7700000000000005,"[1960.900851110888, -171.72255384557909, -102.39806582257776]","[-64.06338612886303, 10.828824960636922, 0.37139530068735327]"
Optical_A-T0002,Optical_B-T0056,False,reprojection|speed,1.6981665153658745,18.761898236683336,35.36405635556632,1.9268936271749617,81.27330469346693,0.044996495497701794,16.58947520243275,34,34,0,7.74750175225115,"[2438.6605302171747, 28.910288794992383, -107.82014431354688]","[-80.18663221708448, 13.24324099532613, -0.2657770096449732]"
Optical_A-T0002,Optical_B-T0057,False,time_delta|reprojection,1.8887761765661684,23.00089891390417,48.371130926255844,1.926574397122633,60.730831602881906,0.2525012509307767,19.438208052576492,32,32,0,7.995000000000001,"[1896.8709562739805, -190.05348118191526, -106.2236241305863]","[-59.615703517825175, 11.581931039620741, -0.24632223983333595]"
Optical_A-T0002,Optical_B-T0060,False,time_delta|reprojection|speed,6.494142955568704,119.30058689471306,199.80988318776016,9.202776007088733,68.30868362580115,1.035002905759634,24.986814776525687,31,31,0,7.7700000000000005,"[1769.054287363566, -254.3785818609034, -97.75150262144075]","[-68.02939093990427, 5.985702991267345, 1.4998622389401062]"
Optical_A-T0002,Optical_B-T0061,False,time_delta|reprojection,5.799469165135029,67.4071926376321,150.18479734669756,5.370839012043687,41.90293288130147,1.8050000697116348,44.69959533609825,28,28,0,7.000000762151862,"[1765.1651693567294, -276.50416694144064, -105.46829960543859]","[-38.60125075039035, 16.301048073574094, -0.27396398188524435]"
Optical_A-T0003,Optical_B-T0002,False,reprojection,3.355798192244363,45.406580769250404,77.30448385244964,3.416546917556355,40.412374528440594,0.05085126417690766,6.664960842364535,48,48,0,5.999150184664191,"[1526.1077371183255, -482.60822965536147, -106.69108785083908]","[-40.10204950447883, -4.998550574579909, -0.011520444904249416]"
Optical_A-T0003,Optical_B-T0004,False,reprojection,5.855759474915129,96.41029236007931,326.48797446676036,8.20299040803122,41.834237344089985,0.03499990199679459,6.933855859563493,48,48,0,6.0,"[1636.0456761562161, -445.17033103336587, -105.60083694680527]","[-41.557171868534056, -4.806745692078536, 0.008735127903821027]"
Optical_A-T0003,Optical_B-T0007,False,reprojection,4.4327518850582,61.28237952755536,153.7589857333088,5.004222651503184,45.73767967244477,0.03250001232333943,7.031893498580788,48,48,0,5.997500138099231,"[1673.5740519861124, -432.70938623188135, -106.75136357694107]","[-45.351636316259885, -5.929747325810467, 0.05021861117512749]"
Optical_A-T0003,Optical_B-T0009,False,time_delta|reprojection|speed|not_inbound,4.258019102429649,41.59868225164437,94.5343458979174,3.5706114938662,23.07182253084827,2.610000307707453,54.54641969328094,29,29,0,4.7949998704610595,"[1763.5555595898588, -412.3713750109698, -109.1912714753004]","[-22.97631813915219, 2.014786942807177, -0.581750151282824]"
Optical_A-T0003,Optical_B-T0012,True,,0.7138253002038812,7.849879941159263,13.472515844910996,0.7050522529715766,36.85692858983643,0.012497821131585152,6.686347740142765,40,36,4,5.0000009794707605,"[2004.0695907443107, -330.8529736750884, -112.68211843851306]","[-36.82655095282057, -1.4956995160735573, -0.03482747808341852]"
Optical_A-T0003,Optical_B-T0013,True,,0.06382047614213994,0.580864507044586,2.347663666809064,0.05567822640826331,50.01135641410213,0.019999999999999796,7.670737033794996,48,47,1,6.00000110514744,"[1931.5198856033442, -345.0886053089321, -112.1182840267482]","[-49.6501603633354, -5.999778851843871, 4.898893902893775e-05]"
Optical_A-T0003,Optical_B-T0014,False,reprojection,5.947848680916707,145.0625907210182,246.86959960701805,13.793791179970581,49.44061396627311,0.030000000000000027,11.892873909231726,35,35,0,4.2149987521258,"[2074.023801471886, -316.34172138726797, -100.4619514591318]","[-49.08771090582201, -5.5271755081746505, -2.05457496585489]"
Optical_A-T0003,Optical_B-T0015,False,reprojection,5.8849252888727275,87.8142943209417,107.51074268890488,8.24961130563893,38.404133682777434,0.020000180472143025,8.28429782493788,48,48,0,6.00000110514744,"[2138.66812747726, -273.6616266849972, -105.27650400803195]","[-38.39227632615635, -0.9532150344495105, -0.04453671288113892]"
Optical_A-T0003,Optical_B-T0016,False,reprojection,1.542331774929125,19.66056774314576,30.50421846616301,1.8933261525253706,39.54634140475046,0.034997695241904436,8.843047444585403,39,39,0,4.7949998704610595,"[2171.01470606044, -277.2703041880995, -111.72082645627118]","[-39.51919925746749, -1.4373226296178814, -0.283041000650476]"
Optical_A-T0003,Optical_B-T0017,True,,0.4790828677593277,4.952605999931925,14.27770030170391,0.42290924116499023,60.19727746294608,0.02499896422484582,8.213602911769621,40,40,0,5.0000009794707605,"[2068.7374780490454, -310.34666416542547, -112.53788157570412]","[-59.52994516751373, -8.938522813265365, 0.025538607240244815]"
Optical_A-T0003,Optical_B-T0018,False,reprojection,4.83205197658585,66.26477114615126,102.39430290960881,6.697269961099334,54.37663136138428,0.03999978124365278,8.573784778737796,41,41,0,5.205002088480461,"[2273.8619536021138, -238.71126385448574, -108.09884099593305]","[-54.062099875897324, -5.8092326589153345, -0.6001759200219037]"
Optical_A-T0003,Optical_B-T0020,False,reprojection|speed,5.13469038898479,67.44745860527244,212.53569899789247,6.903238706187429,76.40684485470962,0.029999004177274413,8.336808853049952,40,40,0,5.0000009794707605,"[2116.2020218726766, -295.37638260276907, -108.6940931037766]","[-75.09916270622223, -14.0618617077958, -0.6210851687589107]"
Optical_A-T0003,Optical_B-T0021,False,reprojection,5.716081340041104,78.13467492348859,97.28443756913966,7.686064030750062,41.546939554263034,0.03499845218765252,8.646791883107849,48,48,0,6.00000110514744,"[2262.1147848719907, -231.81066983340554, -106.76247458379746]","[-41.526115994244066, -1.3152193384662594, 0.008651583562130138]"
Optical_A-T0003,Optical_B-T0022,False,reprojection,2.365677343357943,31.33839311933183,43.451520832739476,3.255473870034665,42.34953267508344,0.04999679482335617,9.11260134581101,48,48,0,6.00000110514744,"[2417.1097067641836, -179.08588614605756, -112.19809979345733]","[-42.34331458647115, -0.7196993399516476, -0.0930617492428385]"
Optical_A-T0003,Optical_B-T0023,False,reprojection,1.5855545056985012,20.57420651914995,34.11284578550694,2.1652009808283723,43.09397596261374,0.04999978917510273,9.224258172009295,48,48,0,6.00000110514744,"[2453.5375270438103, -166.7251624335431, -113.68888409203397]","[-43.08703651424564, -0.7662547722296127, -0.10441412945165185]"
Optical_A-T0003,Optical_B-T0024,False,reprojection,6.1338045791219935,159.16610428912279,266.4337377850234,15.743433989158875,63.48008564847607,0.029999721279976743,8.631124592314679,48,48,0,6.00000110514744,"[2248.2620911603376, -237.79740611236397, -100.16485047567704]","[-62.85475318025033, -8.878041504945884, -0.42621077429774434]"
Optical_A-T0003,Optical_B-T0025,False,reprojection|speed,6.329550605677412,193.5769884409122,226.24182649086137,19.103383129819296,72.71939439682882,0.03500009800320569,8.717852264175677,48,48,0,6.00000110514744,"[2273.3538694864883, -229.72671344086046, -95.37015785765193]","[-71.79138730441593, -11.580111245591354, -0.08974346000373945]"
Optical_A-T0003,Optical_B-T0026,False,reprojection,3.5507212314624867,48.39612615641115,65.70015306703242,5.183994363742753,47.168289547986,0.05499967634556846,9.376975219932026,48,48,0,6.00000110514744,"[2501.898286577486, -150.5005948509403, -110.80320517629852]","[-47.131257999928096, -1.8669664132756694, -0.0805893203794601]"
Optical_A-T0003,Optical_B-T0027,False,reprojection,6.18333316532864,165.00829573990143,191.33871808213814,17.97679157540992,60.17750035493193,0.05999741288981042,9.559972561045221,48,48,0,6.00000110514744,"[2556.322169345723, -132.52043792734287, -98.07847384055451]","[-59.88271393208781, -5.949068105188623, -0.02664161024136935]"
Optical_A-T0003,Optical_B-T0028,False,reprojection,1.7633890257430198,22.175611507252356,24.758615214295922,2.456650762782682,62.15463067405275,0.06249898495420103,9.674599631825432,48,48,0,6.00000110514744,"[2592.7340084643884, -120.55289804558033, -118.71742123056367]","[-61.82365558449868, -6.405752609688221, -0.007609248092152576]"
Optical_A-T0003,Optical_B-T0029,False,reprojection|speed,6.119270183338573,129.28771914526007,152.7751495172185,13.69639671620277,67.0006670613927,0.05249918720357183,9.3274173818768,48,48,0,6.00000110514744,"[2478.3798427031134, -159.67405754381042, -101.84998723678164]","[-66.44224015988945, -8.632378848713714, 0.012025782602586577]"
Optical_A-T0003,Optical_B-T0030,False,reprojection,1.6107097125851861,21.58485063373913,45.32587341310846,2.4643884832878933,49.46831115027448,0.06999914701665233,10.005739709639345,48,48,0,6.00000110514744,"[2702.1818939790196, -82.40656716247548, -118.78575673328287]","[-49.44472183479452, -1.5185379615056434, -0.1653275525458371]"
Optical_A-T0003,Optical_B-T0031,False,reprojection,4.579092489768027,61.85917667248924,77.27172478282878,7.414204622464678,44.89044023299396,0.07999930438432656,10.476504403216277,48,48,0,6.00000110514744,"[2850.5020299576136, -31.510530899092572, -110.658852719389]","[-44.881766051790684, 0.8765933499735308, -0.10141244062792176]"
Optical_A-T0003,Optical_B-T0032,False,reprojection,1.6749193104612679,21.87290099952124,34.92246968598667,2.648182519925847,46.802293050891,0.09000000000000008,15.09335310697041,35,35,0,4.28500164392456,"[2839.3548832226434, -62.308141519720465, -115.05593802544702]","[-46.798568688265206, -0.3086055009427753, -0.5033549403665415]"
Optical_A-T0003,Optical_B-T0033,False,reprojection|speed,4.6306966396365645,59.85349894072207,70.89946530252017,6.82459707278221,76.35151549770535,0.07000127429474468,10.027453398510016,48,48,0,6.00000110514744,"[2699.1228818580284, -85.209289319282, -110.12112225888576]","[-75.62447589482622, -10.51152809605643, 0.018480124565769085]"
Optical_A-T0003,Optical_B-T0034,False,reprojection,5.889977705926917,91.42393679247903,111.31308616042465,10.751012766971732,51.574861532712546,0.07808468686220538,10.292221704426884,48,48,0,6.00000110514744,"[2791.6434858648204, -51.96421497746451, -106.96578482475553]","[-51.545983756425564, -1.7251007260446727, -0.04391111230958167]"
Optical_A-T0003,Optical_B-T0035,False,reprojection,6.12882632596581,154.20294191129122,180.37073442787022,18.673161537959096,51.33155348623788,0.08499983198993988,10.599425277653129,48,48,0,6.00000110514744,"[2886.3559064986493, -19.426003461122477, -99.5780583853514]","[-51.31962732782797, -1.1060424349335953, 0.030072836223483612]"
Optical_A-T0003,Optical_B-T0036,False,reprojection|speed,6.424067015320103,138.68523713667005,169.9942469874419,16.02392798354738,89.33187495907033,0.07500120315064596,10.055090222885761,47,47,0,5.795001203150646,"[2753.7969945878885, -70.38832305234197, -101.47849756525255]","[-88.13459043213875, -14.57632315713027, -0.09303913714816225]"
Optical_A-T0003,Optical_B-T0037,False,reprojection|speed,5.774066706314391,75.30816327873474,86.36454503742321,9.711862557590056,74.21017955714842,0.09999675821511866,11.322813644333188,48,48,0,6.00000110514744,"[3099.4863989767505, 51.41201965356335, -109.75336502813424]","[-73.81730585381624, -7.6259933340367, -0.018222447273545495]"
Optical_A-T0003,Optical_B-T0038,False,time_delta|reprojection|speed,2.7524032266735428,20.88008520237354,40.86032482247286,2.935602743724895,80.2086202402964,1.8100015069223625,54.87650787137262,30,30,0,4.500001506922363,"[3191.3971319584484, 56.215537623218864, -121.25431934371642]","[-79.61044928143176, -9.765994618924573, 0.4737881001070467]"
Optical_A-T0003,Optical_B-T0039,False,reprojection,6.30671699898195,200.44803070458445,241.3114089870055,24.122728858423525,52.78610116291556,0.08499791151953939,10.327929559842683,47,47,0,6.205001007144235,"[2863.7283729881615, -23.65271021863156, -94.4951165072796]","[-52.75899164964531, -1.654149218095883, 0.35364736459462404]"
Optical_A-T0003,Optical_B-T0040,False,reprojection,1.7330335435233544,22.899214370590308,29.597964188061603,2.1386968092720857,57.319095027585085,0.020002021927467695,8.105414000073498,47,47,0,6.205001007144235,"[2128.3406847675387, -276.0097739895858, -115.51422351942543]","[-56.85524200940495, -7.277344572038686, -0.01915236652095542]"
Optical_A-T0003,Optical_B-T0042,False,reprojection,2.4147350838196604,33.1643552175145,45.39564486815545,2.600193957941262,53.115732809887824,0.03000134723566994,6.946201426241429,47,47,0,6.175000680828082,"[1694.1408223923363, -424.4973147710285, -108.16441420038777]","[-52.470143469284835, -8.256037938439007, 0.054348901697058416]"
Optical_A-T0003,Optical_B-T0043,False,reprojection|speed,5.995857451186547,134.2627052915158,191.79269566549561,10.334564336877909,66.03322390985556,0.03000000647016776,6.90338826131854,47,47,0,6.1750030903208915,"[1671.749034534829, -432.8963296203326, -100.46682744137682]","[-64.82477440214114, -12.573608614390011, 0.19912321000916822]"
Optical_A-T0003,Optical_B-T0044,False,reprojection,2.6184288422428623,35.66958179710661,51.46869303089604,2.6961777901372144,55.511938615461865,0.039999622146491554,6.4750782446162445,44,44,0,5.815001329366241,"[1625.104702064363, -451.5389628039677, -112.49076152661628]","[-54.689584401441195, -9.519108924385762, 0.10607605821088262]"
Optical_A-T0003,Optical_B-T0045,False,reprojection,4.024664338408027,56.16573955303073,77.49220938336525,4.10368802465561,49.50815213160847,0.050001436029740276,6.594661917828858,47,47,0,6.155000139841975,"[1550.2790317133947, -473.5955493468458, -105.76153943492324]","[-48.88091367157398, -7.855439973305749, 0.07395231173006533]"
Optical_A-T0003,Optical_B-T0046,False,reprojection,5.886830417252687,139.99468033677158,197.51985523318578,9.62761919545129,44.59569875614068,0.06793380761658607,6.300195285596994,47,47,0,6.137067199527649,"[1424.0445251829867, -516.4664657473422, -99.7905948430368]","[-44.06047164432397, -6.8863929244825, 0.16964232316238337]"
Optical_A-T0003,Optical_B-T0047,False,reprojection,5.824963803308016,81.3156058350905,147.6053213911181,8.268621819028603,45.90523384649144,0.04500023934409403,11.928597986906109,34,34,0,4.780001005199697,"[2247.0438673694935, -252.37082075376685, -107.78799057060988]","[-45.78390966423022, -3.2050614357811753, -0.9228713624001492]"
Optical_A-T0003,Optical_B-T0048,False,reprojection,5.737385335726482,85.89112772304169,121.78376536528248,6.436320015563154,49.34388658090799,0.05499918175731189,6.588716410807791,45,45,0,6.205001007144235,"[1584.8001519126767, -461.30811779867736, -104.35326246544197]","[-48.759596106694914, -7.566969198203935, 0.24881232872733078]"
Optical_A-T0003,Optical_B-T0049,False,reprojection,5.991932154785673,208.3069993519816,331.05890451098765,13.83493364625896,52.4521052240081,0.08499996023792722,6.152463460537487,45,45,0,6.205001007144235,"[1389.9602534665005, -527.9968957160028, -95.81193729930843]","[-51.5527227296343, -9.655441756450756, 0.559076094688681]"
Optical_A-T0003,Optical_B-T0050,False,reprojection,2.784540950286368,37.57975058539185,108.38590258627288,2.953833379018054,57.217053255546475,0.0600000000000005,6.483433925310942,43,43,0,6.795002296392772,"[1558.8599943815782, -465.3434161932345, -107.8621977472912]","[-56.31301983526512, -10.130317295854752, 0.1079433480329135]"
Optical_A-T0003,Optical_B-T0051,False,reprojection|speed,2.7305711190602877,32.66529692943084,47.78977473988019,4.042031135497455,80.30079300849114,0.09499899285576507,11.093984805742123,41,41,0,6.795002296392772,"[3008.3892049087776, 33.711694386483515, -122.82404099685908]","[-79.7006777160869, -9.792719324307612, -0.3492529517712624]"
Optical_A-T0003,Optical_B-T0054,False,reprojection,5.799456640061712,84.61529869837129,151.12317477112651,7.891819591945653,45.84529631976176,0.014998979023080672,12.3720617561761,35,35,0,7.775002172186573,"[2110.584316328862, -261.7030374268677, -107.85255363469645]","[-45.72772994384543, -3.163166757369055, 0.8719431716447468]"
Optical_A-T0003,Optical_B-T0056,False,reprojection,1.739218458395591,23.436369742162785,41.97776880359652,2.6193549188398575,50.13702846724275,0.06500005881400917,17.43276028073449,34,34,0,7.75750175225115,"[2673.275667787014, -64.8117139410254, -115.5666310760771]","[-50.11598355161394, -1.4321671092196269, 0.24230879212441736]"
Optical_A-T0003,Optical_B-T0057,False,time_delta|reprojection,1.506641785607196,18.19768227411861,33.426948772215006,1.6224926978286873,41.95025671307836,0.2200002518081825,20.431637009549647,32,32,0,8.0,"[2043.2189496034582, -282.3969765481367, -112.30532543631942]","[-41.89060667896315, -2.230646132423715, 0.15914833799620443]"
Optical_A-T0003,Optical_B-T0060,False,time_delta|reprojection,6.477037365788866,153.22424627791656,252.4146377671091,12.681074850663537,57.134087581394915,1.0150029057596344,26.364729873438996,31,31,0,7.79,"[1891.8642164673322, -338.7478036958719, -102.81973185671748]","[-56.536612085759444, -7.9706923130978, 2.093686144766477]"
Optical_A-T0003,Optical_B-T0061,False,time_delta|reprojection|speed|not_inbound,3.9551974391540967,37.05042107619918,89.21137961626687,3.0905870640426167,10.779474326838912,1.802499683667111,55.547225864693,28,28,0,7.0025011481963855,"[1834.141231316732, -364.8759789366963, -111.67910010394746]","[-7.200331394332061, 8.0188496285528, -0.22437738173434152]"
Optical_A-T0004,Optical_B-T0002,False,reprojection,3.204628415946088,44.04806781974508,70.80040642081123,3.154848047744536,45.65202271088905,0.05584958630285897,6.635897498985928,48,48,0,5.999150184664191,"[1517.9969409886903, -472.68766641471683, -100.86689591682693]","[-45.64607034971459, 0.7370463622146417, -0.014208602403056603]"
Optical_A-T0004,Optical_B-T0004,False,reprojection,5.048954695773651,69.94990557242973,293.8774227571144,6.294378096113901,47.94200697664551,0.040000000000000036,6.902289394982757,48,48,0,6.0,"[1626.6388420981268, -434.76330364429157, -99.3671139082657]","[-47.926964660671956, 1.2008620628338917, 0.004655048284102403]"
Optical_A-T0004,Optical_B-T0007,False,reprojection,3.3139368615766855,45.860207710959536,145.20292394622854,3.7339195903233278,51.97154409485285,0.03750013809923125,7.000977779322341,48,48,0,5.997500138099231,"[1664.0109200577963, -422.248915489509, -100.37250999671191]","[-51.97134105988209, 0.1396034777298638, 0.040185938508008445]"
Optical_A-T0004,Optical_B-T0009,False,time_delta|reprojection|speed,3.4572676782419007,31.673638909308696,106.29185488548782,2.8120484448621808,32.60127994940542,2.6100016900336436,51.110243497464126,29,29,0,4.79500125278725,"[1756.8166689193617, -409.82160748411064, -98.52362822419822]","[-31.62615876164177, 7.911076670984244, 0.21071836356317974]"
Optical_A-T0004,Optical_B-T0012,False,reprojection,5.767749488163636,80.52218051249794,125.01933948526825,7.364137446337893,47.19524341891803,0.014998303508761524,7.985309926307169,40,40,0,5.000000688812602,"[1997.4010750276366, -325.9086355204278, -103.81881784851362]","[-46.91653685658442, 5.068831987723968, 0.7324705017319724]"
Optical_A-T0004,Optical_B-T0013,False,reprojection,5.838728973690119,88.20986248309885,129.7736605641529,7.602191144985857,58.73250705958841,0.02454790554207764,7.676040860813536,48,48,0,6.000001571632307,"[1917.8093717819684, -333.88189124936787, -104.57147140755796]","[-58.73031476215854, 0.5027551411393105, 0.06892539766244116]"
Optical_A-T0004,Optical_B-T0014,False,reprojection,5.856232755770549,80.64411194822415,136.74137615414665,7.669643756884992,59.52788563605543,0.0349990375544833,11.727499796852271,35,35,0,4.2149987521258,"[2076.314864419159, -317.08824199817354, -90.74053589661231]","[-59.51140824645525, 0.8184931677249665, -1.136453147921471]"
Optical_A-T0004,Optical_B-T0015,True,,0.07906170384092903,0.8226611563198151,3.1624581827917138,0.07499684962190473,49.99405103888509,0.01750001572986415,8.232802751446588,48,48,0,6.0,"[2120.8229262829423, -261.39582048083355, -97.1313659428064]","[-49.63179024660499, 6.007539945393333, 1.2502791612911679e-05]"
Optical_A-T0004,Optical_B-T0016,False,reprojection,4.15991731907673,57.425066712798355,92.41614069035676,5.603028785077639,51.45649054921661,0.035002533122135304,8.769114833613193,39,39,0,4.79500125278725,"[2165.879747949429, -273.7644284693371, -102.06993718214386]","[-51.18215804672957, 5.269439891756917, 0.6245963083258772]"
Optical_A-T0004,Optical_B-T0017,False,reprojection|speed,5.892077710218985,79.22264652880409,117.89056711418138,7.3824676145645975,69.89033902241046,0.027499655687459823,8.156074586687087,40,40,0,5.000000688812602,"[2063.674863951094, -306.0835468578691, -103.51277728883139]","[-69.8394337082971, -2.5751856156396684, 0.693835006933585]"
Optical_A-T0004,Optical_B-T0018,False,speed|inlier_ratio,0.6847365510735952,6.377359703672015,11.823514529643083,0.6111404477055384,66.09486506603581,0.044997036372934396,25.97727967348526,41,19,22,5.205000124837953,"[2257.176346425603, -230.5796309039115, -98.7214636903169]","[-66.09392561192466, 0.02383579771853306, 0.3515923173188354]"
Optical_A-T0004,Optical_B-T0020,False,reprojection|speed,5.267711382289149,68.13683989154428,167.47129328807728,6.476377324160562,86.0034503592509,0.03499900417727431,8.284477965266701,40,40,0,5.000000688812602,"[2112.2813503052066, -291.46616039239694, -99.508469037547]","[-85.65067790960543, -7.781610847029299, -0.037147631943722614]"
Optical_A-T0004,Optical_B-T0021,False,reprojection,0.8583249517623615,10.962977176375183,13.91733130381972,1.0676609930954781,54.49483903758889,0.03000000000000025,8.472873532250361,48,47,1,6.0,"[2242.6174740564893, -219.2058627793976, -97.99336732833781]","[-54.190772307486924, 5.748697811121666, -0.012325876639414979]"
Optical_A-T0004,Optical_B-T0022,False,reprojection,4.402940551921281,59.82520511269304,68.89239402748335,6.164209346670604,57.05730999217767,0.0450008475099839,9.049648432566585,48,48,0,6.0,"[2394.0563366793763, -166.28599231355577, -102.92527812300042]","[-56.68006048181792, 6.55037109266776, -0.0024226562104758265]"
Optical_A-T0004,Optical_B-T0023,False,reprojection,5.317968487467235,72.36120853979914,83.28024285725351,7.548138170077792,58.21676727547828,0.045000043537217316,9.159776109447192,48,48,0,6.0,"[2429.759392464864, -153.87560898528477, -104.26070245276863]","[-57.84895130446206, 6.533820201910636, -0.004307003694575706]"
Optical_A-T0004,Optical_B-T0024,False,reprojection|speed,6.079153318775461,105.31735801005348,300.9395891447656,10.231684710106155,74.80287042557366,0.02499797150826799,8.590273613299992,48,48,0,6.0,"[2231.7757686536133, -225.6530330264846, -91.64488994701382]","[-74.77813964342374, -1.8607155235068555, -0.4868193857702141]"
Optical_A-T0004,Optical_B-T0025,False,reprojection|speed,6.18435185187097,108.96479863675098,152.32484860754897,10.652861800229275,83.80336352304462,0.03000000000000025,8.681384881159415,48,48,0,6.0,"[2257.783289337941, -217.6714223374928, -86.82653981042793]","[-83.68015703176215, -4.53752879725835, -0.21421794799921567]"
Optical_A-T0004,Optical_B-T0026,False,reprojection,3.2940840407194965,43.527028812320545,51.515219724538255,4.6098068902054585,62.6192961630744,0.04999999999999982,9.313036881333202,48,48,0,6.0,"[2477.8218148309647, -137.6290942851792, -101.22859719254896]","[-62.380172372103345, 5.4671961673361125, -0.010623246424647792]"
Optical_A-T0004,Optical_B-T0027,False,reprojection|speed,5.885399172809054,77.65428780881734,94.7054335467205,8.397486290797945,75.5019192374222,0.05499911949309588,9.50350064773062,48,48,0,6.0,"[2533.614721745821, -119.71189544278182, -88.44890705082987]","[-75.488897321802, 1.3997795499717265, -0.08250384318635828]"
Optical_A-T0004,Optical_B-T0028,False,reprojection|speed,6.190946981436723,113.3334417115446,134.6096797646402,12.39473563755845,77.80679509100379,0.05749931943989228,9.615771495048945,48,48,0,6.0,"[2568.5265901011694, -107.66893603883244, -108.72768751216798]","[-77.80077563461313, 0.9657806960515747, 0.0627744627529262]"
Optical_A-T0004,Optical_B-T0029,False,reprojection|speed,3.6812054079417993,46.41089566954902,77.56211765465976,4.857939399203735,80.88747664354942,0.04749946893572288,9.278800184778202,48,48,0,6.0,"[2458.014153260662, -147.04850736653594, -92.48080366334368]","[-80.87610653889983, -1.3552979937482856, -0.04935805323796849]"
Optical_A-T0004,Optical_B-T0030,False,reprojection|speed,6.079254707026851,106.0155988709543,122.95515031274424,11.978937384357657,67.49246198034157,0.0649985023923838,9.931552889174144,48,48,0,6.0,"[2673.606980093883, -69.34632229974662, -108.34944499656166]","[-67.23170418268407, 5.926990595654015, -0.03404906669992269]"
Optical_A-T0004,Optical_B-T0031,False,reprojection|speed,2.3843029647722336,30.145127638163984,34.021402086378856,3.576469071640942,65.43238658299116,0.07499930580697,10.390295552611633,48,48,0,6.0,"[2818.105108728204, -18.40542896154573, -99.76052047017824]","[-64.89671561254715, 8.355448134113086, 0.0017687075438848426]"
Optical_A-T0004,Optical_B-T0032,False,reprojection|speed,3.8763488908605983,50.33799574351127,89.22706428647228,6.213867072595534,66.70665871199016,0.0949971838416172,14.806055808954033,35,35,0,4.28500164392456,"[2840.3389492878755, -62.43908605912872, -101.65085974416253]","[-66.35136905880044, 6.813448656243672, 0.9225280209953379]"
Optical_A-T0004,Optical_B-T0033,False,reprojection|speed,3.339531290068136,39.76797075446777,81.15048661888542,4.473835406647637,92.62820002167547,0.06500062967047615,9.974103620348616,48,48,0,6.0,"[2675.1949975150496, -72.30166708724478, -99.8381266974735]","[-92.57660052433977, -3.0913342195464324, -0.011285184656198339]"
Optical_A-T0004,Optical_B-T0034,False,speed,0.6611178449476525,5.591638825004628,13.530832484220467,0.6482324497964563,70.61899905659678,0.07308469913315507,9.871935325987979,48,46,2,6.0,"[2762.2256784135247, -38.782337327622216, -96.34480140462516]","[-70.3809736929255, 5.793233821302726, 0.0034180491944382258]"
Optical_A-T0004,Optical_B-T0035,False,reprojection|speed,4.79223676510843,62.48941401805728,74.20335661380022,7.468450976608047,71.92620902285833,0.08000000000000007,10.51754907734336,48,48,0,6.0,"[2854.870664946366, -6.330724505667192, -88.69871475911553]","[-71.64269719783468, 6.37986070752935, 0.02932527580171196]"
Optical_A-T0004,Optical_B-T0036,False,reprojection|speed,4.802823524745491,58.19590669544295,119.22900700294143,6.584973245005917,105.6790034680565,0.07000000000000028,10.028976005205715,47,47,0,5.79,"[2735.237780373048, -59.14854951841858, -90.930288104159]","[-105.4318055819838, -7.223056631596982, -0.11661312536560264]"
Optical_A-T0004,Optical_B-T0037,False,reprojection|speed,2.4932691039070702,27.109112991217128,54.39036678721433,3.4433992640889723,96.55773994178794,0.09500148136894726,11.245982901531566,48,48,0,6.0,"[3066.072015635045, 64.5054513923213, -97.95549453296992]","[-96.55761435606072, -0.1548076866586845, -0.016944390197813963]"
Optical_A-T0004,Optical_B-T0038,False,time_delta|reprojection|speed,7.2772296775114445,82.8320172504218,155.54202797320417,11.737527888235237,99.88108975316139,1.8100017909498116,50.50842528777173,30,30,0,4.500001790949812,"[3202.648154505932, 61.71764583648655, -103.43560442099859]","[-99.85449885564415, -1.4725176371096609, 1.7728057918571665]"
Optical_A-T0004,Optical_B-T0039,False,reprojection|speed,6.169311591923258,108.56847409195373,131.92516285476748,12.888907132358426,73.00208236237064,0.08000000000000007,10.23020523103739,47,47,0,6.21,"[2828.3991553010674, -9.058185506482985, -83.53360557709063]","[-72.76604647959682, 5.862433009005493, 0.19592903415335594]"
Optical_A-T0004,Optical_B-T0040,False,reprojection|speed,6.010094839929476,111.53961940681621,147.41201566067667,10.360234388243043,67.54649456688618,0.024997234003008906,8.052665308172582,47,47,0,6.21,"[2109.6475368062124, -262.68193325847346, -107.11169279760239]","[-67.54562430343091, -0.33283441065738373, -0.08238318536191036]"
Optical_A-T0004,Optical_B-T0042,False,reprojection,4.088738932650478,55.860819098929625,101.90857516902669,4.287148857212785,59.1696365189904,0.03500255038631561,6.912594476238681,47,47,0,6.175000680828082,"[1683.4354364908538, -413.0676801593787, -101.53322046164205]","[-59.13144046311959, -2.125139700271795, -0.04915079159588101]"
Optical_A-T0004,Optical_B-T0043,False,reprojection|speed,4.749132579479721,63.53829047240501,155.37223988962484,4.639531800613799,71.3722082358909,0.035001209620813434,6.87570864114057,47,47,0,6.1750030903208915,"[1662.7062280125642, -421.97288958480806, -93.99221810510365]","[-71.07097870214602, -6.5504130328756744, 0.013560428131623059]"
Optical_A-T0004,Optical_B-T0044,False,reprojection,5.909418825939193,117.3392016288504,156.98951707348127,8.895673983704203,60.99322538825221,0.044999720149697,6.4464318779006105,44,44,0,5.812500727790917,"[1617.6769427219408, -442.9264069690108, -105.76222970408396]","[-60.880210244816766, -3.705834769839953, 0.2008294492516245]"
Optical_A-T0004,Optical_B-T0045,False,reprojection,2.5826638482602124,35.29019804942545,85.6659860044817,2.4622346750716684,54.487875328611445,0.05500263918038595,6.565223852676612,47,47,0,6.155000139841975,"[1541.5224234450802, -462.93989375948587, -99.70989699060783]","[-54.448859530967525, -2.0613733342627896, -0.03152110500988127]"
Optical_A-T0004,Optical_B-T0046,False,reprojection,4.569362507013815,63.73505550341435,116.06951655903713,4.3009077738414225,48.788509295575544,0.07293280047235129,6.273531062375796,47,47,0,6.137067199527649,"[1416.7605837136664, -506.4913805947171, -94.27159536894119]","[-48.76823493814862, -1.4052291229490486, 0.056845527678341834]"
Optical_A-T0004,Optical_B-T0047,False,reprojection,1.6484055372243844,21.258870722841912,82.85748450424691,2.225340063237354,58.176523700299036,0.049999276898577305,11.658637910751784,34,34,0,4.780001696362792,"[2242.178696935943, -249.13074061543762, -96.42250187128539]","[-58.06633416473316, 3.578685776431797, -0.04188835831563864]"
Optical_A-T0004,Optical_B-T0048,False,inlier_ratio,0.6605528333827504,7.612223290818773,11.44549643721491,0.5888215041503433,54.697991440149565,0.0600000000000005,6.724438581528392,45,16,29,6.21,"[1575.2358005677474, -449.97640621684343, -97.84349217841776]","[-54.67462349207062, -1.598679968788531, -0.005995363913286422]"
Optical_A-T0004,Optical_B-T0049,False,reprojection,5.87594401332802,133.3540835606032,238.83943627634218,8.719582121510669,55.95101453273218,0.08999999999999986,6.133556192760638,45,45,0,6.21,"[1382.7703129589836, -518.2418016016868, -90.16851522900815]","[-55.78893474149078, -4.247195121282914, 0.2685540047020867]"
Optical_A-T0004,Optical_B-T0050,False,reprojection,4.417089925802535,60.10396392574443,139.1984216022029,4.212397288214665,61.84513141399121,0.06000212204369415,6.448355436081605,43,43,0,6.79,"[1545.9440666718929, -451.1044670557952, -101.13794325524194]","[-61.7074522057205, -4.111260921859298, -0.32887007306187965]"
Optical_A-T0004,Optical_B-T0051,False,reprojection|speed,6.512866565390843,124.01695497865292,190.56468994962594,15.052881139110816,100.32502064920168,0.08999999999999986,11.025390441070988,41,41,0,6.79,"[2955.5565344415463, 51.81477889268459, -108.90511434711017]","[-100.30128350027076, -1.779109128656799, -1.263751229232509]"
Optical_A-T0004,Optical_B-T0054,False,reprojection,2.411467491813093,32.53669710178011,106.75296813175451,3.024016406921206,56.27213494944806,0.014997827813426845,12.31132614480454,35,35,0,7.775002172186573,"[2070.101806812878, -237.51250389983772, -97.1646257720612]","[-56.11040891032054, 4.261482413889439, -0.1222755970197481]"
Optical_A-T0004,Optical_B-T0056,False,reprojection|speed,4.2790287698984315,56.39646203685316,91.39447392915896,6.079308675378608,67.38464772385241,0.060140522354110715,17.30137004595647,34,34,0,7.75750175225115,"[2608.2531464728827, -39.45036148777595, -101.44543095863602]","[-67.05648289121673, 6.574071802427504, -0.9489104616208829]"
Optical_A-T0004,Optical_B-T0057,False,time_delta|reprojection,3.9390457959077345,53.134490758559416,88.09111476015025,4.629373074557683,51.710542222334496,0.22750125093077722,20.182980774010474,32,32,0,8.002500200058442,"[2001.3078796341924, -257.03185750222514, -100.97878683635463]","[-51.444264898677986, 5.1870478964545725, -0.7498800453225385]"
Optical_A-T0004,Optical_B-T0060,False,time_delta|reprojection,6.374161035262712,89.6493175618795,154.14351875831218,7.246404768981892,63.15919956793314,1.0150029057596344,25.943913682147972,31,31,0,7.79,"[1856.8452679348989, -316.981405140382, -92.04434736896587]","[-63.14770126281897, -0.4412377879435212, 1.1214385842604875]"
Optical_A-T0004,Optical_B-T0061,False,time_delta|reprojection|speed|not_inbound,5.91593008911445,66.47675621073712,170.37858820285453,5.550189630607355,24.34353152740986,1.8024994095086142,50.89108360313768,28,28,0,7.002501422354882,"[1819.7034745740716, -342.8326176306677, -99.65211751030853]","[-20.426188743263225, 13.234500446702896, -0.4757505405204112]"
Optical_A-T0005,Optical_B-T0002,False,reprojection,1.8946451035242227,24.865709028912434,59.55947921020778,1.9120552477772177,41.28562302404179,0.060852725676584285,6.541320379225434,48,48,0,5.999150184664191,"[1496.188550413101, -452.86834506810067, -102.63445741449237]","[-41.17127005139798, -3.070658157686182, -0.015789768346735622]"
Optical_A-T0005,Optical_B-T0004,False,reprojection,5.244747970901652,71.97936914193355,314.01258732285055,6.417151506762695,42.925377985108,0.045001019892974004,6.798378928155056,48,48,0,6.0,"[1601.68831801678, -414.1116766480755, -101.28075121062838]","[-42.836075275615485, -2.7674354170799518, 0.005599865138244509]"
Optical_A-T0005,Optical_B-T0007,False,reprojection|inlier_ratio,0.6798252866078434,8.31724363286362,15.731421155763607,0.6165380995693388,46.705653200517524,0.042501033498444585,9.831943995208833,48,26,22,5.997500138099231,"[1637.828892944269, -401.3534139151179, -101.83618834784922]","[-46.5384897421187, -3.948033232749694, -0.0068558609612553445]"
Optical_A-T0005,Optical_B-T0009,False,time_delta|reprojection|speed,3.9662824662967915,38.21611905825713,96.38923077360509,3.054458497166629,27.419305112686143,2.6050004372463937,52.322222134840494,29,29,0,4.79,"[1721.021773775499, -385.2051660872846, -101.7892716247525]","[-27.17514340168615, 3.6508824229100583, -0.0305203941088959]"
Optical_A-T0005,Optical_B-T0012,False,reprojection,4.381551379169977,59.67551043885749,88.35156494997578,5.30446038571286,39.681349525180465,0.010689806719299089,7.862946949641744,40,40,0,5.0,"[1955.9851899962835, -298.80194035846745, -106.4118874529118]","[-39.66886720160454, 0.8718556003391882, 0.47994051002256943]"
Optical_A-T0005,Optical_B-T0013,False,reprojection,4.430646717292063,61.60716168015404,135.99975892395548,5.243845728749481,51.751793143674455,0.01870541041398524,7.5416689044066345,48,48,0,6.000001571632307,"[1883.1515501722386, -311.3045126267116, -106.73051636134514]","[-51.609702728731264, -3.831943295896762, 0.05374397353567911]"
Optical_A-T0005,Optical_B-T0014,False,reprojection,5.821282295536083,99.76265584692091,171.007829737063,9.300502211228384,51.645801102163446,0.02499810904436295,11.609488680759265,35,35,0,4.2149987521258,"[2026.7044837679343, -286.20565245833563, -93.92518995310526]","[-51.51607879427468, -3.38782864923229, -1.380222514579044]"
Optical_A-T0005,Optical_B-T0015,False,reprojection,2.446674905519308,32.781516511013756,66.36683799523013,2.9691673572878354,41.49715207891929,0.014997897626852108,8.08082555526405,48,48,0,6.0000012031090275,"[2079.7228898127782, -237.93031375683827, -99.66298167024397]","[-41.46841267422866, 1.5441199344631933, -0.00863532401112782]"
Optical_A-T0005,Optical_B-T0016,False,reprojection,2.867776146866412,38.69234173651027,60.33223071726591,3.6186528781503178,42.75760265080463,0.029996958907217763,8.622814737172748,39,39,0,4.79,"[2116.2065474871965, -244.8003351675676, -104.93876205223852]","[-42.74598673807883, 0.9384238179117119, 0.33550405371645897]"
Optical_A-T0005,Optical_B-T0017,False,reprojection,3.810710149519599,51.33847594935868,80.9659433003786,4.741344754223152,61.67621781178926,0.02176746959233622,8.022205758361913,40,40,0,5.002499679691086,"[2018.2467290935667, -278.21030170956806, -106.16101020708504]","[-61.29581406010031, -6.823159532577165, 0.4727750732433714]"
Optical_A-T0005,Optical_B-T0018,False,reprojection|inlier_ratio,0.7658026464176363,8.930762196121535,16.953420006869184,0.8504888681817161,57.4940332001171,0.03853643624891179,12.698362096361919,41,26,15,5.215003795622048,"[2211.9126671737527, -205.63641935345666, -101.1957734862908]","[-57.391092008529654, -3.425444015315776, -0.30454060909609276]"
Optical_A-T0005,Optical_B-T0020,False,reprojection|speed,3.7962516816864307,48.718781655584365,190.87570078816657,4.991498187409149,77.1072754621357,0.029268661140322783,8.140910198187047,40,40,0,5.002501897811024,"[2063.865807990847, -263.0890290569158, -102.30890525923897]","[-76.15833501319293, -12.058012713792436, -0.21039630692355038]"
Optical_A-T0005,Optical_B-T0021,False,reprojection,1.9811341537786205,26.60871098563057,65.80861042494293,2.561418139174087,44.912463043339194,0.024996990687975895,8.42382147752047,48,48,0,6.0000012031090275,"[2196.2981057103825, -195.3234563932118, -100.7924748379648]","[-44.895640217604154, 1.2283197831694022, 0.045349542750444005]"
Optical_A-T0005,Optical_B-T0022,False,reprojection,2.7341560653082952,37.14266620415565,68.54414545487187,3.739949886535152,46.344429351468555,0.03999818266613531,8.862526538114238,48,48,0,6.0000012031090275,"[2341.8840433989217, -141.82199362165096, -105.65626418770607]","[-46.30604873411494, 1.8854088072291546, -0.034873724417589846]"
Optical_A-T0005,Optical_B-T0023,False,reprojection,3.526830605831163,48.2751885249906,76.69244192552802,4.931594534088782,47.19452705100073,0.04000076059764357,8.967593512661367,48,48,0,6.0000012031090275,"[2376.0326685923383, -129.3134977015037, -107.00351215200669]","[-47.158312561075434, 1.8480149666991768, -0.042197658830570584]"
Optical_A-T0005,Optical_B-T0024,False,reprojection|speed,5.999028426030602,112.63887611308976,266.60265965180787,10.830087201231642,65.25629189734465,0.02000090979977953,8.413852409458046,48,48,0,6.0000012031090275,"[2184.3492915039383, -201.5635405248436, -94.42780158512771]","[-64.93213942929415, -6.481082491962638, -0.44325055953564885]"
Optical_A-T0005,Optical_B-T0025,False,reprojection|speed,6.147238936448597,132.85435116925765,160.1465813722472,12.78571622127407,73.9551263331661,0.02500003064675438,8.49754929080457,48,48,0,6.0000012031090275,"[2208.477115118199, -193.43472155486927, -89.72288496645437]","[-73.3779042978251, -9.22077047468612, -0.14582066704115396]"
Optical_A-T0005,Optical_B-T0026,False,reprojection,1.7903025230105785,24.27786665221361,54.9424497443094,2.5071550099844173,51.14886983804951,0.045001072200100634,9.1122257641017,48,48,0,6.0000012031090275,"[2421.622256303413, -112.92906430938095, -104.08789882162336]","[-51.143404495193806, 0.7469625440311276, -0.03330628371471922]"
Optical_A-T0005,Optical_B-T0027,False,reprojection,5.999553631379855,103.53087564299645,122.47452966823103,10.958348793177755,63.37062094101471,0.04999604935172064,9.28783902910624,48,48,0,6.0000012031090275,"[2473.595246257953, -94.8432132946481, -91.65217376767737]","[-63.281212471151534, -3.364865563980185, -0.03776727535265789]"
Optical_A-T0005,Optical_B-T0028,False,reprojection|speed,5.962143344908677,84.10759052208907,99.22348025954386,9.013443837092193,65.33298681607464,0.05249842232407653,9.39455120423521,48,48,0,6.0000012031090275,"[2507.046902751999, -82.74624314684309, -111.51116015051271]","[-65.22162468105286, -3.8129262589055983, 0.020823482127034554]"
Optical_A-T0005,Optical_B-T0029,False,reprojection|speed,5.111025165389193,67.9899628639868,82.11299951557994,6.99792415613807,69.35575719054962,0.04249894846323077,9.070595778641266,48,48,0,6.0000012031090275,"[2400.7942406421175, -122.30488665104572, -95.49916534826221]","[-69.08615279957161, -6.109367719432338, -0.013149048533790508]"
Optical_A-T0005,Optical_B-T0030,False,reprojection,5.839735101738226,79.85711993681902,103.78693160250339,8.836609222321021,54.212430152877445,0.06000008964601289,9.701494567851785,48,48,0,6.0000012031090275,"[2608.4659531032394, -44.31552465107946, -111.26680029074919]","[-54.200450788375456, 1.1360790129759373, -0.08967660665762112]"
Optical_A-T0005,Optical_B-T0031,False,inlier_ratio,0.5200953759548036,6.143051383314619,13.637258275720363,0.7188620354533445,50.98626740757374,0.07000007704632605,12.29971103745571,48,31,17,6.0000012031090275,"[2746.4875314633196, 6.685451487141279, -103.15643876047177]","[-50.85682154376328, 3.6308121329855503, -0.019232196868673453]"
Optical_A-T0005,Optical_B-T0032,False,reprojection,2.6484905201750246,35.490898782895144,59.16211072391694,4.143274458393478,52.71464376277453,0.0849968115662102,14.58317660005576,35,35,0,4.28500164392456,"[2749.702973805456, -29.097989093096523, -105.61124592763736]","[-52.67058789842282, 2.1024166078243383, 0.47189180739128705]"
Optical_A-T0005,Optical_B-T0033,False,speed,0.7133855795157946,5.308598504055215,12.239084901891504,0.5726180184967509,78.88898953933108,0.06000049876154989,9.728810913378279,48,48,0,6.0000012031090275,"[2607.2593461576935, -47.218153543718216, -102.93961917250766]","[-78.49100318581057, -7.914233215587927, -0.0014251483979739743]"
Optical_A-T0005,Optical_B-T0034,False,reprojection,2.544508542381885,33.69358247783914,61.678247083175975,3.8247825086663503,56.58480676740186,0.06999853147654367,9.970457087673118,48,48,0,6.0000012031090275,"[2692.227033147993, -13.768779206076132, -99.64049510558424]","[-56.57704721587443, 0.9370612593151386, -0.0011971688121723348]"
Optical_A-T0005,Optical_B-T0035,False,reprojection,5.943267912566635,92.49636931680631,117.80471365634186,10.818403891179548,56.857831821446716,0.0749989801070261,10.257440467243448,48,48,0,6.0000012031090275,"[2780.425773378585, 18.80886064147061, -92.28964718077376]","[-56.83640532902583, 1.5597423280724296, 0.057206473603174546]"
Optical_A-T0005,Optical_B-T0036,False,reprojection|speed,5.954173931472442,76.25529453333048,95.60548160543873,8.518177459525834,91.1205779661792,0.06500018321605339,9.765601089797082,47,47,0,5.785000183216053,"[2661.5752396658327, -32.85557277952988, -94.36368015319565]","[-90.32528142084908, -12.012336252041074, -0.0839220046115789]"
Optical_A-T0005,Optical_B-T0037,False,reprojection|speed|inlier_ratio,0.9638084376630618,8.385227119469713,14.992880496865755,1.131499012380731,76.21118681854975,0.0899986160263091,89.41988980876486,48,27,21,6.0000012031090275,"[2988.981448906638, 85.69655312627906, -100.36958777596085]","[-75.9783516735716, -5.950288862707424, 0.17069185484561372]"
Optical_A-T0005,Optical_B-T0038,False,time_delta|reprojection|speed,5.746377839212807,61.1827759330362,118.90605878866474,8.346906742267207,86.32575374683418,1.81,51.496809901336746,30,30,0,4.5,"[3072.9412179530177, 88.08152259100021, -108.5995852363322]","[-85.94868953189822, -7.950726728137099, 1.3207846921097361]"
Optical_A-T0005,Optical_B-T0039,False,reprojection,6.111613588683974,137.86188488422778,171.67231649735825,16.02522024327819,58.086519199890745,0.0749962043779524,9.988378147114753,47,47,0,6.215002223002001,"[2757.2339419364002, 15.114889170896845, -87.28218832589667]","[-58.076920932334, 1.0188433350973973, 0.2773554348289329]"
Optical_A-T0005,Optical_B-T0040,False,reprojection,5.838159720098472,82.58337687175998,104.39385989555602,7.550047764642773,59.04357656030193,0.019999999999999574,7.903177290463824,47,47,0,6.215002223002001,"[2068.792414681135, -239.98593187533257, -109.51145064591604]","[-58.83957469747958, -4.903338885827651, -0.07516796316918017]"
Optical_A-T0005,Optical_B-T0042,False,reprojection,1.7955661663013522,24.3118159657513,32.88844893683541,1.8628386363203482,53.78314192234934,0.04000236717026251,6.805883967752505,47,47,0,6.175000680828082,"[1656.9534720317586, -392.48497174710826, -103.53085389292492]","[-53.4171291618124, -6.263884003210308, -0.02059961525346876]"
Optical_A-T0005,Optical_B-T0043,False,reprojection|speed,5.6613447541768664,77.03894604698766,115.62930181239554,5.801720379660239,66.04852614246172,0.04000102640476033,6.766844464597355,47,47,0,6.1750030903208915,"[1635.991563308295, -401.34666591803807, -96.06960582501796]","[-65.16708487707018, -10.754198872573824, 0.07785130257221126]"
Optical_A-T0005,Optical_B-T0044,False,reprojection,5.7947006834003485,88.47174708104171,101.74883915306437,6.673164843217304,55.946980646330836,0.050000740042670966,6.351041192159782,44,44,0,5.810000819398944,"[1592.1141046500377, -421.28413011238604, -107.71684075752552]","[-55.41547180722782, -7.691846964848139, 0.1600565294275602]"
Optical_A-T0005,Optical_B-T0045,True,,0.11694664499336366,1.0859357323729644,4.569468475660105,0.07072029830518066,50.002901114846665,0.060002455964332846,6.47049081473896,47,47,0,6.155000139841975,"[1519.1802492351328, -443.315143973095, -101.5645773004629]","[-49.64203859198784, -5.9965093456690965, -5.176078060109557e-06]"
Optical_A-T0005,Optical_B-T0046,False,reprojection,5.773932625963212,85.57155639125568,119.66394077117212,5.845105392739184,45.028314489176076,0.07793502347435233,6.188819078002939,47,47,0,6.137067199527649,"[1397.846981559635, -487.8427543470831, -96.04296784387206]","[-44.73511550706189, -5.129255733894475, 0.09634273343301475]"
Optical_A-T0005,Optical_B-T0047,False,reprojection,2.849217869214185,39.14606850645245,64.57705860177616,3.8563737224687316,49.10616384283934,0.04000055912372247,11.57882598384909,34,34,0,4.777501069969167,"[2188.3587588190176, -219.66332557296562, -99.95155565117321]","[-49.09699027959745, -0.8997982654669272, -0.30205285358317024]"
Optical_A-T0005,Optical_B-T0048,False,reprojection,2.5151980073114006,34.808207822989054,87.74466056879221,2.694454127596189,49.88292634044108,0.06000102424068654,6.461119224305229,45,45,0,6.215002223002001,"[1551.5624433468645, -430.5621351124164, -99.87434013446797]","[-49.56278378352005, -5.641957157792916, 0.07157753517716353]"
Optical_A-T0005,Optical_B-T0049,False,reprojection,5.8801632444391565,153.12926544519144,245.0288850593923,10.022786968553262,52.47121795433489,0.09000049313968184,6.044727697243717,45,45,0,6.215002223002001,"[1364.4791911155514, -499.93856069925084, -92.02789539296273]","[-51.85104685529643, -8.035245606602786, 0.36398030543010185]"
Optical_A-T0005,Optical_B-T0050,False,reprojection,2.2021257913550034,29.38194496066309,65.5419666671958,2.1762348029658782,57.35968905173971,0.06637637653822104,6.3620370613639805,43,43,0,6.7850019611841486,"[1526.1231038733724, -433.4267099738794, -103.17879948731239]","[-56.760308144888654, -8.268248760757501, -0.19341623454794443]"
Optical_A-T0005,Optical_B-T0051,False,reprojection|speed,6.229531897536957,94.11893271880423,137.19526734923087,11.21024310602187,83.78389590843227,0.08499777699799882,10.738423852256233,41,41,0,6.7850019611841486,"[2885.864807573189, 73.73576278700392, -112.84771207844112]","[-83.48945442972598, -6.95115081123032, -0.966289305153508]"
Optical_A-T0005,Optical_B-T0054,False,reprojection,3.1953140552111545,44.189182713424536,106.08110870478187,4.065768485575637,48.32063789899962,0.009998723928744013,12.115364638767366,35,35,0,7.775002172186573,"[2043.6083821173142, -221.3627851743036, -100.45830394951996]","[-48.31660943157788, -0.5960641946342378, 0.18441116688678377]"
Optical_A-T0005,Optical_B-T0056,False,reprojection,2.8026777497534052,37.62061317625481,73.6495628954522,4.074239623771994,54.93497820224255,0.05862011895948083,16.977943877728986,34,34,0,7.7543135639820395,"[2566.859964597646, -22.018273780003256, -105.67459078687834]","[-54.9166520711956, 1.3014965607333622, -0.5650328083491905]"
Optical_A-T0005,Optical_B-T0057,False,time_delta|reprojection,2.7932326663611247,36.54611694602232,71.05115692144051,3.1694325895939883,44.6007019725779,0.2306894391998875,20.013170753287195,32,32,0,8.00181181173089,"[1979.208347461357, -241.8073043392988, -104.4091170004294]","[-44.5974134204514, 0.2842350882387734, -0.4610239328597442]"
Optical_A-T0005,Optical_B-T0060,False,time_delta|reprojection,6.3691781354827,107.67550759427837,176.84903494659156,8.678757470340717,58.04562689613328,1.021379282297855,25.915530353836676,31,31,0,7.7836236234617795,"[1838.6443624122783, -300.34165014923775, -95.43315858018929]","[-57.756429821743495, -5.613832712621502, 1.4051684190268463]"
Optical_A-T0005,Optical_B-T0061,False,time_delta|reprojection|speed|not_inbound,5.671864221853399,62.13032187982817,139.82855964681315,5.038491256608468,17.483825394402405,1.8049995848205453,53.34151128364409,28,28,0,7.000001247042952,"[1795.6324219104024, -325.2862214988355, -103.34216480998087]","[-14.847617860753033, 9.224216219099219, -0.38239956368286376]"
Optical_A-T0006,Optical_B-T0002,False,reprojection,1.913916210991658,25.50681415681519,47.127666929646544,1.7650425462218233,43.93150068200505,0.07335030644643403,6.3227381115335755,48,48,0,5.999150184664191,"[1441.0774092846218, -397.8577217087345, -105.01075129906386]","[-43.91297072645358, 1.2757885013919434, 0.010855890445934824]"
Optical_A-T0006,Optical_B-T0004,False,reprojection,5.607501250683406,77.61871108193034,290.4666448323164,6.433245119968699,46.074260995535845,0.05749867934520658,6.559374675102247,48,48,0,6.0,"[1538.6027501164788, -356.9006223685792, -103.8737982007035]","[-46.039825773291, 1.7807958636393408, 0.027113498680755743]"
Optical_A-T0006,Optical_B-T0007,False,reprojection,2.98622427577377,41.43703947972642,132.92964076800368,3.2176931865809295,49.688617424073115,0.05500070636136867,6.647019615916445,48,48,0,5.997500138099231,"[1572.0455654870684, -343.455265258465, -104.91889072440752]","[-49.68433807358832, 0.6483894106254695, 0.06959078583459577]"
Optical_A-T0006,Optical_B-T0009,False,time_delta|reprojection|speed,3.635275822664601,34.37229588679003,83.47705539471386,2.854605310545,33.44661430238467,2.5900003741318973,47.93769329037237,29,29,0,4.774999936885504,"[1656.9885307533832, -331.9416999788806, -106.21212482390138]","[-32.30706231371119, 8.65017577532484, -0.32278786601755316]"
Optical_A-T0006,Optical_B-T0012,False,reprojection,1.658479530729266,22.42901065064242,34.99226505359133,1.9413926394993402,46.022152464320655,0.015000869655884097,7.536136050849906,40,40,0,4.999491163960469,"[1870.6590555918483, -241.6136557329098, -109.85881760563105]","[-45.64976216978019, 5.839567205526976, 0.19283709138723698]"
Optical_A-T0006,Optical_B-T0013,False,reprojection,2.5794057560438177,35.105361880509086,140.6622151472606,2.838570176105967,55.875689289032636,0.02250030075419307,7.241662102112491,48,48,0,6.000001571632307,"[1796.7332848817955, -249.40814932392112, -109.50320176371193]","[-55.86539747781461, 1.0677200735188563, 0.09996006655947187]"
Optical_A-T0006,Optical_B-T0014,False,reprojection,5.937419357305082,129.23162146146126,219.59417810834904,11.6564421985862,56.71510783890575,0.01499641542403829,11.121014825577175,35,35,0,4.225003799091798,"[1942.559670247086, -232.71317917778774, -98.21509566258437]","[-56.674030128131186, 1.3473898736848184, -1.6859142156939377]"
Optical_A-T0006,Optical_B-T0015,False,reprojection,4.7039002089718664,65.43147290026721,76.09350235372737,5.750013258606631,48.6863349448395,0.017499847060151286,7.72605897831073,48,48,0,6.0000014116570295,"[1973.3288009258636, -173.43947651958075, -103.07692030857525]","[-48.20851933620435, 6.804252199958945, -0.005076540637704685]"
Optical_A-T0006,Optical_B-T0016,True,,0.06009210310098778,0.542969722488244,3.186189211587672,0.041830294331563815,49.99369739897329,0.019995265286893105,8.237385211092622,39,39,0,4.774999936885504,"[2019.6257614117844, -187.18379233313158, -108.75495258820517]","[-49.63261130758685, 5.997805799568425, -2.7820133368217093e-05]"
Optical_A-T0006,Optical_B-T0017,False,reprojection|speed,2.3601976831507976,30.645438308562063,77.33572491920364,2.51361410993242,65.68447534877372,0.01999971455467653,7.685307163952341,40,40,0,4.997499679691087,"[1929.1258408993442, -220.70389460558806, -109.6893548478574]","[-65.6484092891306, -2.164813888285096, 0.22414388133876195]"
Optical_A-T0006,Optical_B-T0018,False,reprojection,3.6756325755803765,49.18724537386878,74.97917052616845,4.632929646103829,63.12530303522411,0.025000176258806128,7.970321885820536,41,41,0,5.225001180163748,"[2100.7117180344603, -143.92001571463257, -105.28974586558547]","[-63.10576144452632, 1.5309574749894068, -0.35060662455693214]"
Optical_A-T0006,Optical_B-T0020,False,reprojection|speed,5.141061950302292,67.4168272960828,184.9824272929893,6.154192465342393,79.66311778457757,0.027497726534938205,7.797236189896639,40,40,0,4.99750069684862,"[1971.614659937494, -205.3395489963963, -106.04025459907255]","[-79.30165855418528, -7.568954532007666, -0.4125687909802458]"
Optical_A-T0006,Optical_B-T0021,False,reprojection,3.9983832312905525,55.25707038417467,66.29209383256925,5.057008486233829,52.643597894022065,0.020001224293436426,8.035700401101865,48,48,0,6.002501320654794,"[2078.00286129659, -129.7750850183622, -104.3275971734848]","[-52.23502524589624, 6.54580393293395, 0.054659488225214464]"
Optical_A-T0006,Optical_B-T0022,True,,0.6493429919798829,7.980417243873159,10.264847542278492,0.7642561332565558,55.24394572660626,0.027498846326767357,8.429840605749892,48,48,0,6.002501320654794,"[2207.819800314614, -75.3120893133827, -109.12469822625208]","[-54.764426308045635, 7.26299870075654, 0.0006838616720049595]"
Optical_A-T0006,Optical_B-T0023,True,,0.4215480144757868,4.648896536869517,5.942577341466281,0.4541843000305311,56.292791009157014,0.02749956994208347,8.524173489964507,48,48,0,6.002501320654794,"[2238.1965638126603, -62.63879883201882, -110.43959802720971]","[-55.826336585390386, 7.231767518783581, 0.0012686995838560033]"
Optical_A-T0006,Optical_B-T0024,False,reprojection|speed,6.13578311601119,149.52688042157533,315.70453569776674,13.696233412573884,70.02721296159115,0.026623292669145204,8.035020972694468,48,48,0,6.002501320654794,"[2069.073876818789, -136.3392819158512, -98.26090239057811]","[-70.01309022638684, -1.3486221873774211, -0.3987108169701781]"
Optical_A-T0006,Optical_B-T0025,False,reprojection|speed,6.277308875834349,171.42818977205502,212.83697686548453,15.780774831516707,77.75194283917801,0.030002472806895497,8.113295378216721,48,48,0,6.002501320654794,"[2091.303392001904, -128.11679573529523, -93.86340913506544]","[-77.64252351915073, -4.121638179136184, -0.12351342121328257]"
Optical_A-T0006,Optical_B-T0026,False,reprojection,1.900375858954749,24.70694747743196,28.234377162013583,2.44096171718144,60.057847748004285,0.032499968442751825,8.655108831144378,48,48,0,6.002501320654794,"[2278.896218756837, -46.07290182658329, -107.76138865155116]","[-59.74437984749433, 6.128144254273359, 0.0008715462973901689]"
Optical_A-T0006,Optical_B-T0027,False,reprojection|speed,6.170672926304841,143.0348343893048,165.97619856640856,14.370938514548234,70.89787998267575,0.0374988991293268,8.81701781219966,48,48,0,6.002501320654794,"[2325.8242207786243, -27.859521061196332, -96.15733716776717]","[-70.8698887853148, 1.9915523617385222, -0.04437099796525673]"
Optical_A-T0006,Optical_B-T0028,False,reprojection|speed,3.6715862838035833,47.50446061494284,70.03860975349993,4.82687099092309,72.89734706608041,0.039998729358018625,8.913578974604182,48,48,0,6.002501320654794,"[2355.846145784683, -15.676164012143644, -114.85014317857278]","[-72.88077485130827, 1.5507227421838685, 0.10547664370843646]"
Optical_A-T0006,Optical_B-T0029,False,reprojection|speed,6.101254293705447,109.20927199309524,135.38944466289584,10.70052429282243,75.35410663656775,0.029999893171130942,8.625894806050853,48,48,0,6.002501320654794,"[2262.1226340393855, -55.64516701061767, -99.64941198832831]","[-75.3497767740532, -0.8077478844922006, 0.008393490057410186]"
Optical_A-T0006,Optical_B-T0030,False,reprojection,2.825253416013135,36.788853342314646,44.29827782070365,3.8363228735052215,64.51447140160175,0.047499022264225754,9.180513848444829,48,48,0,6.002501320654794,"[2443.7218763956753, 22.92429134769307, -114.74054571347096]","[-64.18402030355026, 6.52138128424377, -0.012001960444746107]"
Optical_A-T0006,Optical_B-T0031,False,reprojection,2.9652432791794245,38.77350482447004,45.56583018498882,4.227126858135279,63.17423710645603,0.05749956152298319,9.565533437157864,48,48,0,6.002501320654794,"[2563.429690760923, 73.81173388950847, -107.2461536599165]","[-62.54756734426912, 8.876150587752832, -0.002010069849678442]"
Optical_A-T0006,Optical_B-T0032,True,,0.4213863925297635,3.162336809014263,5.263549927512218,0.357349395990777,64.15498970032476,0.07499641542403834,13.69531498358822,35,35,0,4.28500164392456,"[2596.5858312364035, 28.770559615734694, -110.82964654320355]","[-63.73708621439537, 7.310556184718301, -0.048089682742405326]"
Optical_A-T0006,Optical_B-T0033,False,reprojection|speed,3.6902978120335326,45.917354652517666,83.04511504216775,4.801113538035435,85.36391137248995,0.047500396189632976,9.216307086519386,48,48,0,6.002501320654794,"[2445.0561093632173, 19.97472895047659, -106.9487697682986]","[-85.32637982237955, -2.5302970583999445, 0.062193356489425866]"
Optical_A-T0006,Optical_B-T0034,False,reprojection|speed,5.091687762482919,67.75052501000711,79.03222608033617,7.268404964625495,67.36134538129511,0.05999699059460584,9.419017410650172,48,48,0,6.002501320654794,"[2516.9445571902256, 53.43905100774852, -103.99443047464251]","[-67.06536280816778, 6.307757632017708, 0.01251569718986223]"
Optical_A-T0006,Optical_B-T0035,False,reprojection|speed,6.158188058109576,130.04208985138376,152.18665138765593,14.312173006105516,68.52543577675222,0.062499409918126414,9.671735609982822,48,48,0,6.002501320654794,"[2593.5666152940858, 85.82675581880771, -97.28394201482841]","[-68.1774910291318, 6.896697516135866, 0.025074636011429674]"
Optical_A-T0006,Optical_B-T0036,False,reprojection|speed,6.38338743512725,120.038445183078,162.34631197746793,12.70420360995738,96.26734994979262,0.05500264130958765,9.266602502808333,47,47,0,5.775002641309587,"[2498.2395674110826, 33.113544813879415, -99.05453741712675]","[-96.03632329148063, -6.664951086360613, -0.0755117638033635]"
Optical_A-T0006,Optical_B-T0037,False,reprojection|speed,4.58180115604801,57.32355166010749,81.70760529851759,6.675152184505281,88.91534885328687,0.07749927613737295,10.278813407025208,48,48,0,6.002501320654794,"[2767.407414293955, 155.73460287385635, -106.19393147634084]","[-88.9143946241193, 0.4096645442078657, 0.04318899519563835]"
Optical_A-T0006,Optical_B-T0038,False,time_delta|reprojection|speed,4.407282406845833,42.29526307145596,74.23826028021193,5.359541623521902,91.29479042561047,1.810001867988651,45.69184534715935,30,30,0,4.500001867988651,"[2896.2165745383118, 152.84423390757524, -115.46125072210982]","[-91.28848885602787, -0.6984661095620481, 0.8140677691729432]"
Optical_A-T0006,Optical_B-T0039,False,reprojection|speed,6.31188665525123,175.67030553624198,205.7366373010358,19.204070919622055,69.3597816446262,0.05999999999999961,9.404525693748488,47,47,0,6.23,"[2568.442464738766, 83.33054849760676, -92.71190007001447]","[-69.06383699769745, 6.395277974053172, 0.2571936630069591]"
Optical_A-T0006,Optical_B-T0040,False,reprojection,3.568654710043704,47.75205827402979,73.72756024865357,4.172603382438886,63.704629550136,0.02500048847973524,7.552400271533474,47,47,0,6.224999937414331,"[1962.0810576416256, -174.65768375975537, -112.46906554273711]","[-63.70426771338634, 0.2119526044641944, 0.03431202009953849]"
Optical_A-T0006,Optical_B-T0042,False,reprojection,2.090455080021036,28.094363391031752,76.06831159424728,2.0055654773451486,56.10907554273259,0.05499931917191869,6.558694531966041,47,47,0,6.175000680828082,"[1588.816381319739, -333.53900759081125, -106.1797860056857]","[-56.081255351817106, -1.7657951837056913, 0.05589090766505514]"
Optical_A-T0006,Optical_B-T0043,False,reprojection|speed,5.966373376924553,118.45413903253494,205.7382204174641,8.607846451279757,67.04564788964267,0.054996909679108974,6.525953455993067,47,47,0,6.1750030903208915,"[1570.2337324613138, -343.13667966343644, -98.99721611460781]","[-66.72732051357144, -6.523881013477798, 0.1502482713323216]"
Optical_A-T0006,Optical_B-T0044,False,reprojection,4.423915262306776,60.748104416422755,116.10474570141295,4.300671907176961,57.73682679616896,0.062498399494903545,6.132487904056352,44,44,0,5.805002048445711,"[1531.7687178743477, -365.8080126456765, -110.26708989508529]","[-57.63073864660964, -3.4948615966579837, 0.15834758347717146]"
Optical_A-T0006,Optical_B-T0045,False,reprojection,3.1610567506275506,43.709477983494416,89.46925641717506,2.993499740784435,51.87758845736234,0.07499986015802573,6.250958143792797,47,47,0,6.155000139841975,"[1461.840407433035, -387.2452218435552, -104.07823987011567]","[-51.84830973469843, -1.741476080658419, 0.0649835881186677]"
Optical_A-T0006,Optical_B-T0046,False,reprojection,5.823958928890947,119.0289839305107,178.5747022221071,7.821875758320035,46.688252836920334,0.09293280047235175,5.991047210907737,47,47,0,6.137067199527649,"[1349.1469500452824, -434.5599303382069, -98.5628933860559]","[-46.675733108599104, -1.072400915295157, 0.13728807631902434]"
Optical_A-T0006,Optical_B-T0047,False,reprojection,4.742858593805008,65.0141998444598,118.2729593083463,6.216811369034007,55.86371271306238,0.029998880733023592,10.947518163444423,34,34,0,4.77000103841192,"[2085.2235882735713, -161.51013879829105, -104.67803327063727]","[-55.701921989262274, 4.205646677185001, -0.602346093528475]"
Optical_A-T0006,Optical_B-T0048,False,reprojection,4.8064754026718495,66.8633138003075,114.91856167964895,4.70311829469595,51.85898813921396,0.08000225131835492,6.237949300694147,45,45,0,6.23,"[1490.295281245248, -373.56794078499297, -102.6459739456525]","[-51.843601425176644, -1.248307994804037, 0.19331125333294052]"
Optical_A-T0006,Optical_B-T0049,False,reprojection,5.958567080329653,188.66875150375623,310.45641160449236,12.059510506300871,53.21855617973172,0.11000302979897025,5.855649528623141,45,45,0,6.23,"[1317.0281613096997, -447.48033111160134, -94.7563809900337]","[-53.05177842044321, -4.184667838785572, 0.4605250943117718]"
Optical_A-T0006,Optical_B-T0050,False,reprojection,2.8277661740405615,38.006032353909774,108.49656797964923,2.5825668542819695,58.50157705145976,0.08499922087063361,6.147875307588304,43,43,0,6.7700000000000005,"[1465.1297154704525, -374.08881391611595, -105.88520554200416]","[-58.368615892215274, -3.9418803948089476, 0.02784399286642003]"
Optical_A-T0006,Optical_B-T0051,False,reprojection|speed,4.617096499592465,57.5720382940367,98.9250682226523,6.42003256231197,91.88447920139322,0.0699999999999994,10.135562115081692,41,41,0,6.7700000000000005,"[2671.782724185542, 143.74100265679596, -117.3032009228825]","[-91.87622777487732, -1.1693549619037924, -0.38587166674050466]"
Optical_A-T0006,Optical_B-T0054,False,reprojection,4.831061498206218,66.76711536968875,123.67803140757373,5.735134033292461,53.95856843450214,0.031685956841142726,11.672681137284924,35,35,0,7.765000779129367,"[1920.3416784642782, -147.76702050029175, -104.8567251879905]","[-53.71865803942278, 5.043622678071898, 0.6282962881065657]"
Optical_A-T0006,Optical_B-T0056,True,,0.4141330974769247,3.2777304554756754,5.975582287021223,0.3283859981368853,64.38345927509096,0.03999992032286137,16.152496831563678,34,34,0,7.745002141815833,"[2375.312518052542, 53.701476314586436, -110.85777811991007]","[-63.979265335422355, 7.2028442628830405, 0.04969800370842975]"
Optical_A-T0006,Optical_B-T0057,False,time_delta,0.1994009585270458,0.8007686583090301,3.1766229323393893,0.06406756769952765,49.987258532382256,0.2525013446190987,19.223831012028644,32,32,0,7.992500389564684,"[1859.9462531593438, -167.87890180935872, -108.75509988836063]","[-49.62576824681074, 6.000761742808692, -5.564810692604283e-05]"
Optical_A-T0006,Optical_B-T0060,False,time_delta|reprojection,6.446208174553488,136.28109160692202,227.32701067617865,10.44211935795959,59.54823603421206,1.0400021266302675,24.939837107649137,31,31,0,7.765000779129367,"[1736.0903534558183, -230.85241250512638, -100.32639937523419]","[-59.52271480708237, 0.17708948537836022, 1.73420762745894]"
Optical_A-T0006,Optical_B-T0061,False,time_delta|reprojection|speed|not_inbound,4.414038790612677,45.97662121531553,113.57101253311181,3.5986470716985406,27.700902217669693,1.8024992970829752,47.38964807120825,28,28,0,7.002501534780522,"[1710.3596076300535, -256.63170002743226, -108.20821191965321]","[-24.01043228064001, 13.813266708799375, -0.18107512604657056]"
Optical_A-T0007,Optical_B-T0002,False,reprojection,5.987537696508056,169.32847878616036,235.63365752298176,11.35634159664113,40.7981156664773,0.08999994709368675,6.113508750145967,48,48,0,5.999150184664191,"[1387.0638507168155, -346.21187813787975, -92.22157979292506]","[-40.797097467434696, -0.27644124765733125, 0.08161130122436422]"
Optical_A-T0007,Optical_B-T0004,False,reprojection,5.982763418768695,166.03515711382872,321.95551142841384,12.03144127687594,42.56980622030813,0.07499961412166645,6.33103695232959,48,48,0,6.0,"[1477.2643345329639, -303.50636991092085, -90.29343362969304]","[-42.56924922524155, 0.18682497613798432, 0.11188593364291322]"
Optical_A-T0007,Optical_B-T0007,False,reprojection,5.946085407329797,167.29085673507197,219.38723882560643,11.988592466663876,45.86589456622776,0.0700000696476919,6.410966883021659,48,48,0,5.997500138099231,"[1507.9586790852188, -289.50211013105366, -91.02454301320131]","[-45.85468083271516, -1.0057821739756818, 0.1301242047376805]"
Optical_A-T0007,Optical_B-T0009,False,time_delta|reprojection|speed,6.929778324525055,105.94904594102587,234.23865888685373,8.184924422799375,33.66385667779494,2.585000437246394,46.72321185994637,29,29,0,4.7700000000000005,"[1573.8564613712197, -282.11042636977777, -83.46084848517103]","[-33.19829905690201, 5.392253677787835, 1.432405817497906]"
Optical_A-T0007,Optical_B-T0012,False,reprojection,6.102037268852387,200.6175589830348,324.4489146708312,16.599588343934165,41.92054182101667,0.025002490042771885,7.2494212724418965,40,40,0,4.999491163960469,"[1780.8326093901842, -182.74940948188086, -90.72574665983556]","[-41.66773827633335, 4.180316190106851, 1.912163709864398]"
Optical_A-T0007,Optical_B-T0013,False,reprojection,6.055421901841122,218.8183901452451,274.82072034305514,17.166981593311377,50.98851019090373,0.03999971067231911,6.953440515091417,48,48,0,6.000001571632307,"[1713.321815835807, -192.3684438205653, -93.4994446390848]","[-50.98390133465213, -0.66361429052197, 0.17202400927093375]"
Optical_A-T0007,Optical_B-T0014,False,reprojection,2.442883814506587,33.77323394296493,69.46582629766715,2.7392606039104326,51.83890636058038,0.015002379835160617,10.776376172627007,35,35,0,4.23500234129626,"[1845.8387373831436, -172.37483502003448, -78.04964174633041]","[-51.83416985568829, -0.4773784188614343, 0.5129891596145275]"
Optical_A-T0007,Optical_B-T0015,False,reprojection,5.939288738287271,143.14261128052587,208.19459361738853,11.976555954035833,43.96207758473491,0.017501532121595886,7.395466194859351,48,48,0,6.0000014116570295,"[1873.9561140654519, -114.80544227024141, -85.84984026438822]","[-43.66168485543088, 5.126474172554321, 0.20199928074832707]"
Optical_A-T0007,Optical_B-T0016,False,reprojection,6.030032455077433,177.02231005926595,295.7363664532349,15.472136785153364,45.28529977599021,0.0150009829506903,7.9007555444044915,39,39,0,4.7700000000000005,"[1915.6564179284887, -126.71566579024771, -88.18760391252023]","[-45.040656539448705, 4.250087205576236, 2.008579856941978]"
Optical_A-T0007,Optical_B-T0017,False,reprojection,6.1109712542024,192.87645998452345,315.1744541627873,16.42168609862881,59.74688048978154,0.019998787329359752,7.382404107581131,40,40,0,4.997499679691087,"[1833.4750376760314, -161.10154645705913, -90.21728869084755]","[-59.58930678526925, -3.9705069584994703, 1.7433644495082228]"
Optical_A-T0007,Optical_B-T0018,False,reprojection,5.967705622378694,140.3638978525356,229.57206620816117,12.60285683205268,56.858934543581164,0.020000000000000018,7.628616071077306,41,41,0,5.24,"[1987.4170748898512, -83.34465452091212, -84.3899344444009]","[-56.84402438882476, -0.2530486233591489, 1.2772216362713662]"
Optical_A-T0007,Optical_B-T0020,False,reprojection|speed,6.153569528240164,157.1711586444247,259.72549819221547,13.618126715042104,72.4100220850991,0.020000000000000462,7.482392310681944,40,40,0,4.99750069684862,"[1871.8132265937306, -145.27859159523467, -86.4971172121664]","[-71.78489707416396, -9.440142774768717, 1.0117088554560167]"
Optical_A-T0007,Optical_B-T0021,False,reprojection,5.9532613708605435,155.69646396822932,213.56271762631138,13.575920040528095,47.30621481397695,0.015963966804410035,7.675642706879924,48,48,0,6.0,"[1968.1035393102964, -70.4982017225577, -86.17325763964607]","[-47.0602922646103, 4.810543554568426, 0.2559740322622366]"
Optical_A-T0007,Optical_B-T0022,False,reprojection,6.08521340984705,203.36114677758232,263.65359581677916,18.56066563952569,49.340706617000855,0.020985688227764365,8.028104507917414,48,48,0,6.005,"[2083.5840069320943, -15.52874633503449, -89.63065458357497]","[-49.03515887584025, 5.478186270396936, 0.2190859942841139]"
Optical_A-T0007,Optical_B-T0023,False,reprojection,6.119678808157847,215.75853787723713,275.5369489457749,19.903363937805075,50.20655724001729,0.018295837212388477,8.112447913217672,48,48,0,6.005,"[2110.511601100698, -2.7953254469722637, -90.61966551061785]","[-49.9111104765609, 5.434302784532589, 0.21861870388102733]"
Optical_A-T0007,Optical_B-T0024,False,reprojection,5.9691380973179555,125.32890713924262,332.0949444389,10.462620542565153,63.16966680477029,0.02499995352679729,7.674090180092038,48,48,0,5.997501957699437,"[1960.1694491579917, -77.08484043483885, -80.56906632860643]","[-63.08904447009129, -3.174432522602988, -0.3197659080976578]"
Optical_A-T0007,Optical_B-T0025,False,reprojection|speed,3.6358638255204343,47.86637501525471,148.13491905138247,3.951710058432071,70.13228842856564,0.02813008759481217,7.7429253255181845,48,48,0,6.0,"[1979.9892489593526, -68.77441653750756, -76.24160027182303]","[-69.87481093524397, -6.003119427496054, -0.10599118195458734]"
Optical_A-T0007,Optical_B-T0026,False,reprojection,6.083525466845253,187.72473608504225,243.88719182074792,17.53592431776515,53.475519448294605,0.022500662508278424,8.229565875893362,48,48,0,6.005,"[2146.7909549913406, 13.826492084663528, -87.76577123282216]","[-53.30104177249057, 4.311591844061745, 0.20075358619356298]"
Optical_A-T0007,Optical_B-T0027,False,reprojection,5.49917243304014,74.68610322560814,121.07342730485699,6.991235028933324,63.073027626907155,0.024997635544691477,8.374045371426062,48,48,0,6.005,"[2189.025513466471, 32.064507874624596, -76.48138368122741]","[-63.07274875334869, 0.1601430361350178, 0.09763672219649466]"
Optical_A-T0007,Optical_B-T0028,False,reprojection,6.402449898504762,253.69101955948634,302.5677425311846,24.33029936258804,64.7201310798197,0.02749889262638483,8.456932052627957,48,48,0,6.005,"[2213.970995274349, 44.22070483821031, -93.84076231821722]","[-64.7192011703892, -0.28263832490293606, 0.2012024677598807]"
Optical_A-T0007,Optical_B-T0029,False,reprojection|speed,5.990036543987056,105.16197968229568,141.50291584970526,9.699904272550873,67.29215404696073,0.0293886930257814,8.201292592713653,48,48,0,6.005,"[2131.9698903181543, 4.2330214270419475, -80.31064562018123]","[-67.24003735371431, -2.6465686252787144, 0.08394916728855395]"
Optical_A-T0007,Optical_B-T0030,False,reprojection,6.338460145969351,250.02593716233648,306.400407097152,24.682849699723164,56.998381496890715,0.03249747759911026,8.69697249812635,48,48,0,6.005,"[2291.8432749433655, 82.64961561431622, -92.96116281544931]","[-56.80733307003973, 4.658851922535668, 0.19365303650938315]"
Optical_A-T0007,Optical_B-T0031,False,reprojection,6.137681700933541,178.5146680361482,235.45968802685124,18.31111342440669,55.514683806218606,0.04249775984669979,9.04079074362019,48,48,0,6.005,"[2397.7259892048796, 133.0723559878324, -84.92875737516029]","[-55.075196322378844, 6.966525178923455, 0.2653207253188632]"
Optical_A-T0007,Optical_B-T0032,False,reprojection,6.13328541044095,160.57228448714818,291.9696894934159,17.14315800361768,57.254908681698,0.06499693404089191,13.045157280750754,35,35,0,4.28500164392456,"[2425.8978512257004, 90.76749576632001, -83.11167439887802]","[-56.95830484754111, 5.034426689369894, 2.9207233613460164]"
Optical_A-T0007,Optical_B-T0033,False,reprojection|speed,6.299205570897628,174.69699234256228,212.24797780095307,17.18285120119509,75.57110808520945,0.03249856134929363,8.72516938434083,48,48,0,6.005,"[2292.9036463758634, 79.7111734144685, -85.713790568087]","[-75.44588671715111, -4.347522917639591, 0.0979753530707157]"
Optical_A-T0007,Optical_B-T0034,False,reprojection,6.077355925850621,149.00029849223148,201.0554503794886,15.032715534638251,59.325099891591655,0.04249962756631609,8.910288561756841,48,48,0,6.005,"[2357.129820468392, 112.94603585942649, -82.2800795946978]","[-59.15876356638931, 4.433370319239046, 0.23108019358333598]"
Optical_A-T0007,Optical_B-T0035,False,reprojection,5.917844335324844,90.65627236009105,147.81141307945117,9.354979429280595,60.14357229762782,0.04750006845153942,9.135569366253035,48,48,0,6.005,"[2424.9353680538857, 144.97975572335, -75.37429263503631]","[-59.934341649808275, 5.005174862748035, 0.26870861050029493]"
Optical_A-T0007,Optical_B-T0036,False,reprojection|speed,6.17099093333421,96.26718610251191,126.55892502376386,9.582222421816109,85.1736295130146,0.040000000000000036,8.77076033680476,47,47,0,5.76,"[2341.60112648601, 93.33262357782931, -77.6628141247926]","[-84.75497933573794, -8.433463229651494, 0.13168209074206683]"
Optical_A-T0007,Optical_B-T0037,False,reprojection|speed,6.35269367489695,164.42132774357506,210.18046736690434,17.86170222467736,77.45272467507868,0.06000148136894712,9.664283417572978,48,48,0,6.005,"[2574.589934340477, 213.5618285293499, -82.37425102425729]","[-77.44050703118572, -1.366914500456767, 0.1548389319905894]"
Optical_A-T0007,Optical_B-T0038,False,time_delta|reprojection|speed,7.384420940553565,165.75766334466795,329.63316397304584,20.028782977088976,85.68231100283661,1.8125011706481304,43.52116086956381,30,30,0,4.502501170648131,"[2664.9013133924254, 202.8378340651341, -78.97281141920143]","[-85.41831390613419, -5.812923512946099, 3.373423847158396]"
Optical_A-T0007,Optical_B-T0039,False,reprojection,3.8179756857061964,51.18341419780923,114.66191047109571,5.263655845064892,60.93461798116969,0.040000000000000036,8.888088196398396,47,47,0,6.25,"[2402.352396666041, 142.2349105220295, -70.6883316566832]","[-60.76802563102169, 4.495309033176156, 0.2587008210729751]"
Optical_A-T0007,Optical_B-T0040,False,reprojection,6.218379635438459,246.78422426201251,315.19773769164215,20.6639037831413,57.67311646942588,0.02198617435902206,7.22872337374914,47,47,0,6.224999937414331,"[1862.8188599897485, -116.34192670602926, -94.45755835589303]","[-57.65081990457219, -1.6013006077162402, -0.08464035841743245]"
Optical_A-T0007,Optical_B-T0042,False,reprojection,5.955974260544675,180.92791520041845,246.98619325555907,13.006001315919555,51.828229472974364,0.07499931917191827,6.323846797632763,47,47,0,6.175000680828082,"[1523.2130164336697, -279.45624914381153, -91.74130143934411]","[-51.70754801905761, -3.5338495643199437, -0.08219134318900867]"
Optical_A-T0007,Optical_B-T0043,False,reprojection,5.844592099020568,82.01883644098386,111.89387667307304,5.848559985352443,62.16510519789794,0.07499690967910855,6.293082298453645,47,47,0,6.1750030903208915,"[1506.0873887869857, -289.4096858382296, -85.03789940295998]","[-61.58354945596, -8.482912853531431, -0.08324776536171874]"
Optical_A-T0007,Optical_B-T0044,False,reprojection,6.089074055591032,236.1587665033201,279.3347217247544,16.80307447087532,53.53245203688145,0.07999972014969714,5.923730358265464,44,44,0,5.797500727790918,"[1470.9578450053834, -312.2555860218504, -95.42375155617886]","[-53.26887350495389, -5.2876079967555825, 0.4378792834575336]"
Optical_A-T0007,Optical_B-T0045,False,reprojection,5.886787201032005,153.7177070073625,216.19949340284577,10.420125546895045,48.237428737062906,0.09358657729978326,6.041637552126353,47,47,0,6.155000139841975,"[1406.1813477330347, -335.31855030528556, -90.83580366243291]","[-48.11333862316013, -3.4571593798678464, -0.06501321820623263]"
Optical_A-T0007,Optical_B-T0046,False,reprojection,5.347876079796695,73.83617179982751,107.4397270014882,4.78646102322197,43.649968986379875,0.10999916347346606,5.802881194567812,47,47,0,6.137067199527649,"[1301.8027521869922, -384.8667511524189, -86.49625094336164]","[-43.56629379047382, -2.701289914761821, 0.029507125462225225]"
Optical_A-T0007,Optical_B-T0047,False,reprojection,5.812395050323293,103.86470588390387,191.44093226611616,9.427276340392284,50.92758487641949,0.015002254236102797,10.567755053190771,34,34,0,4.767501069969168,"[1974.2426148297511, -100.83441427190822, -80.87342418694331]","[-50.86118868260439, 2.1775693624667696, 1.4200629595451042]"
Optical_A-T0007,Optical_B-T0048,False,reprojection,5.843271734760338,131.38902320857326,195.9128713889802,9.010730826631514,48.17939705539084,0.09000284852175611,6.0171176114019245,45,45,0,6.25,"[1431.7374691011676, -321.2015609544346, -88.52610056486726]","[-48.08623695799173, -2.9851620377143036, -0.23858635640535697]"
Optical_A-T0007,Optical_B-T0049,True,,0.2240882721105439,2.1886282654012534,10.282855381271498,0.13906948149959503,50.00299477919569,0.12000215448343532,5.667056608396578,45,45,0,6.25,"[1270.969688605107, -398.6245952059488, -82.48199912638408]","[-49.64206929590415, -5.997036177025677, -1.9172958189539457e-05]"
Optical_A-T0007,Optical_B-T0050,False,reprojection,5.963303773135824,176.97182662422867,288.69574447841757,11.949900620523275,54.51234228999183,0.10000000000000053,5.952049435171189,43,43,0,6.755000136903079,"[1410.0435347532293, -322.40547822103883, -91.16072869880992]","[-54.192887408975594, -5.838717415571466, -0.7973676444584772]"
Optical_A-T0007,Optical_B-T0051,False,reprojection|speed,6.674403101975972,265.77625550612646,383.47024114737474,27.702412682909145,80.60698636572549,0.04999999999999982,9.569045651921664,41,41,0,6.755000136903079,"[2492.249018181863, 200.67327347161705, -89.06552389839173]","[-80.51885393979501, -3.0719729383537526, -2.182519977511058]"
Optical_A-T0007,Optical_B-T0054,False,reprojection,5.86997098141371,134.6420277829255,233.19525323194637,10.856879404023934,49.32885558909028,0.048779484884905244,11.299858868306796,35,35,0,7.75,"[1827.780480699712, -91.45322271306624, -82.1295060169033]","[-49.21845491378372, 3.02202308017786, -1.3217662925175342]"
Optical_A-T0007,Optical_B-T0056,False,reprojection,6.143154682751171,189.11609662354135,299.9002943778669,17.8790851459476,57.94154141508848,0.025000058814010018,15.464460912126473,34,34,0,7.737501752251149,"[2234.5083315734178, 110.84348298563351, -81.84842158481659]","[-57.69178521270332, 4.862730243148775, -2.2877926282961836]"
Optical_A-T0007,Optical_B-T0057,False,time_delta|reprojection,6.095272574966001,173.45382816366086,282.63382434045826,13.7060559484238,46.43162164314731,0.2650001435571623,18.731100468057537,32,32,0,7.985,"[1773.8227933220526, -111.67524118448567, -84.64263669898848]","[-46.24127683591538, 3.7925918184559038, -1.8044534616338734]"
Optical_A-T0007,Optical_B-T0060,False,time_delta|reprojection,2.9051551721373885,32.37444872477489,67.3789246316289,2.4182195146557977,56.199409103389875,1.0550029057596344,24.52310380343042,31,31,0,7.75,"[1664.2184654830232, -174.35724337327667, -76.96916731829002]","[-56.145849270049865, -2.449367915765748, -0.1333796395225777]"
Optical_A-T0007,Optical_B-T0061,False,time_delta|reprojection|speed,7.005637704958518,166.57377890353183,378.6713744071585,12.686820555640839,29.841270476251076,1.8049996662892034,47.38891796987127,28,28,0,7.000001165574293,"[1650.3813115229802, -195.41943621431096, -81.92376669187168]","[-28.14757573569725, 9.88127755294795, -0.7587870330787045]"
Optical_A-T0010,Optical_B-T0002,False,reprojection,3.2069041849502256,43.272552272198496,97.678000088038,2.974066512822013,40.781158656758734,0.0774604782106687,8.750753797455655,36,36,0,4.5000017554487,"[1458.269749249604, -355.0384785176436, -102.5027222767626]","[-40.77723704343279, -0.5575838892841034, -0.09455526336909376]"
Optical_A-T0010,Optical_B-T0004,False,reprojection,5.8239500523932595,85.50224526169148,298.54825248066066,7.007279138899735,42.81821646460722,0.060002920123709336,8.974094218190459,36,36,0,4.5000017554487,"[1551.8869736499703, -312.75352790829555, -100.8591430091033]","[-42.81775980127287, 0.17094300836748744, 0.09942483769989066]"
Optical_A-T0010,Optical_B-T0007,False,reprojection,3.6808150204217918,50.67505997627472,143.62929025231276,3.93147938646641,46.05530031305792,0.05512686372347142,9.036222960969372,36,36,0,4.5000017554487,"[1588.2300376295707, -297.33132451074874, -102.08871036520996]","[-46.04158856265269, -1.1231061416380044, 0.03797562345570412]"
Optical_A-T0010,Optical_B-T0009,False,reprojection|speed,4.609744711063296,61.33087574813796,98.98690883264456,4.684251227990453,27.831291133655405,0.03999990800585396,7.6312188724790815,17,17,0,2.1849995627536063,"[1675.2783431960327, -302.1534238158982, -101.28628246985744]","[-27.023914719532762, 6.617244260147743, 0.7077272068023953]"
Optical_A-T0010,Optical_B-T0012,False,reprojection,5.62737491260958,77.42490575319508,128.07242039078182,6.4307143623796925,40.5741186655979,0.017501487743416533,4.770153112107091,28,28,0,3.4974995318347313,"[1859.3627582617598, -199.13077829670686, -107.08914622820298]","[-40.43186930220722, 3.383580801409323, -0.27282078290963974]"
Optical_A-T0010,Optical_B-T0013,False,reprojection,5.054451381834114,70.52942118998867,145.51160955770428,5.781610452297574,50.77940778199802,0.02401293327020415,9.64684631690628,36,36,0,4.5000017554487,"[1805.7363378154214, -201.8221601674, -107.14323472918475]","[-50.765368734947856, -1.1288512002470839, -0.38895611953055464]"
Optical_A-T0010,Optical_B-T0014,False,reprojection,5.839258633355918,120.22122519439179,168.7663855150888,10.500241346274988,51.252924833556534,0.009240966661350214,3.6994137304025707,23,23,0,2.7750009651283154,"[1937.134451558371, -181.28673904659598, -91.52479245418236]","[-51.24633696658775, -0.765249946065893, 0.299406114140075]"
Optical_A-T0010,Optical_B-T0015,False,reprojection,2.8996701528522153,39.2647100406887,104.71520978228354,3.5314582437313566,42.52734556227216,0.013814104376175668,10.268795242420422,36,36,0,4.5000017554487,"[1958.8950957967938, -133.83178371727206, -98.74950886536469]","[-42.323516578655685, 4.1459349335772515, 0.32601919531010903]"
Optical_A-T0010,Optical_B-T0016,False,reprojection,4.375715870932828,60.22681520990677,113.99956349663164,5.309564321547635,43.75340384622189,0.009999097407979107,4.672946717513196,27,27,0,3.2350025331221355,"[2002.6460631785867, -143.29742046681534, -105.05771382253236]","[-43.614291517222604, 3.4857292945802527, 0.060123757485865154]"
Optical_A-T0010,Optical_B-T0017,False,reprojection,5.196210659167842,71.22805663710224,122.0326504596193,6.139021700487197,60.08653261133757,0.011230794507696706,4.902654388305834,28,28,0,3.4974995318347313,"[1939.8451326262507, -165.0408369866578, -106.75035973865675]","[-59.95250676405125, -4.006815088028674, -0.1837574762233673]"
Optical_A-T0010,Optical_B-T0018,False,reprojection,2.905991163039683,39.39174334365089,93.88092674250507,3.7379309749866123,56.37274241126254,0.02500052924053975,5.694494980807806,29,29,0,3.7550002995963894,"[2091.8213808803525, -93.32743356453342, -100.31724578852311]","[-56.36732748560117, -0.6782862566166159, 0.387823222143788]"
Optical_A-T0010,Optical_B-T0020,False,reprojection|speed,5.019751855861806,66.53104748162639,181.6848634009132,6.275311149369851,73.99936995825307,0.017499136001405735,5.00240851422013,28,28,0,3.500000322865949,"[1996.763375602985, -140.73274588012825, -101.84570651300974]","[-73.46520904408632, -8.862501127653587, -0.4752768555722474]"
Optical_A-T0010,Optical_B-T0021,False,reprojection,2.8158825796357787,38.41174827019474,98.64521932340855,3.6282759435916536,45.90943384588164,0.024999825253538055,10.609201224307185,36,36,0,4.500000642689676,"[2060.0562449462805, -89.0428400022581, -100.05193338681042]","[-45.74257696317922, 3.899676116030747, 0.29205308946814923]"
Optical_A-T0010,Optical_B-T0022,False,reprojection,3.609465024398645,49.55938140169014,108.0202446933385,4.853560811143841,47.639875609808904,0.039998942293810374,11.066265663619589,36,36,0,4.500000679247862,"[2181.7573431201567, -35.24516064464722, -105.51957737615248]","[-47.42404980404573, 4.519103375306386, -0.3081444219026632]"
Optical_A-T0010,Optical_B-T0023,False,reprojection,4.104662277677456,56.56184511735306,113.74827654727711,5.597250956225014,48.49842462625091,0.03999995540460166,11.173089011559364,36,36,0,4.5,"[2210.6908027972054, -22.429196808294748, -107.03731597825282]","[-48.28803061267206, 4.489632140116893, -0.4544161355150494]"
Optical_A-T0010,Optical_B-T0024,False,reprojection,5.983392747784079,123.07801612958399,287.0737960879307,10.976126297012803,62.51063268809594,0.03250015182355437,10.476217020145484,36,36,0,4.502500146326405,"[2075.8891341374256, -83.77418505126957, -92.38620560619478]","[-62.3847787199211, -3.9511132000058637, 0.3275478793500532]"
Optical_A-T0010,Optical_B-T0025,False,reprojection|speed,6.049642405637734,107.22836010319642,158.329944642533,10.253308499008725,71.05285419459751,0.037498603474872355,10.50085251234136,36,36,0,4.502501798069428,"[2103.910529315474, -69.60118195267367, -87.19034480233104]","[-70.80004840221463, -5.863831539450871, 1.2152016786279392]"
Optical_A-T0010,Optical_B-T0026,False,reprojection,3.071489532049546,41.99688403456523,100.45487878512782,4.267697453026462,52.05045032249229,0.04500096570330725,11.309088442273788,36,36,0,4.502500561609764,"[2252.36566159925, -3.9411519045512957, -103.678014146047]","[-51.93370330157236, 3.4818393103117664, -0.12897742305298382]"
Optical_A-T0010,Optical_B-T0027,False,reprojection,5.924544382991519,83.13556032519341,134.95522168234928,8.687347554136656,62.36652892410625,0.05407956554474047,11.415915574263945,36,36,0,4.5,"[2309.4072350869037, 20.807641149906196, -89.46785962897681]","[-62.353817407799625, -0.4445062286757988, 1.1780487803285857]"
Optical_A-T0010,Optical_B-T0028,False,reprojection,5.942987498950612,82.96946245763458,153.26201875080238,8.64109275340154,64.17378763494663,0.05749905748137171,11.518207569293109,36,36,0,4.5002918138617,"[2338.5540147905012, 33.74146755405275, -112.13214902219521]","[-64.16298550756426, -0.8343287574317131, -0.8307861914190326]"
Optical_A-T0010,Optical_B-T0029,False,reprojection|speed,4.412915295576048,58.484322437580545,113.23284263475232,6.047266250976931,67.26112558191892,0.05000127201047477,11.144482102354887,36,36,0,4.500000494945414,"[2257.0975922065954, -2.474162268585431, -93.89433321518165]","[-67.18854578507236, -3.0209368628587647, 0.795154264606644]"
Optical_A-T0010,Optical_B-T0030,False,reprojection,5.676086226011015,77.5350960694561,145.3279017581039,8.277327828441132,55.37771676086119,0.05999804840525236,11.917565999104697,36,36,0,4.5,"[2406.8981041743637, 64.45245839578381, -111.68308689498228]","[-55.23606107145271, 3.849737837039946, -0.9211892004229074]"
Optical_A-T0010,Optical_B-T0031,False,reprojection,2.8305440497220515,38.13219916261774,97.55920303836044,4.336002606806093,53.02036962397579,0.07000038012997212,12.408275360925286,36,36,0,4.5,"[2512.9990171337004, 111.20704336090859, -102.3183002532591]","[-52.68123655598173, 5.9870990227124565, 0.03943713915798795]"
Optical_A-T0010,Optical_B-T0032,False,reprojection,4.34776224716481,59.25253936123288,113.76744545292676,6.479753741957518,54.39598057383977,0.055000304309792636,4.611133269512912,23,23,0,2.77,"[2539.691834744108, 73.53362126809883, -105.35032810857884]","[-54.18834532657744, 4.626752576638182, 1.0672834448816864]"
Optical_A-T0010,Optical_B-T0033,False,reprojection|speed,2.998737585486861,37.32697020151539,96.98751647227287,4.156250849339162,75.94277288578337,0.0699980664118108,11.790377953413403,36,36,0,4.5,"[2434.3656883673457, 75.85911543037045, -102.31260469223896]","[-75.80398096452576, -4.588960936739802, 0.0515851971582093]"
Optical_A-T0010,Optical_B-T0034,False,reprojection,2.9818513130638924,39.62336134217101,103.83545897301748,4.4712297484895975,57.665536625960115,0.06675413506017958,12.191904821976857,36,36,0,4.500001155883874,"[2476.5917739507595, 95.1373437593277, -98.52153680545037]","[-57.548909237121755, 3.642115774664404, 0.41491283591862016]"
Optical_A-T0010,Optical_B-T0035,False,reprojection,5.361842738848073,72.48428605778552,130.24661844116017,8.252281896715983,58.22696968212447,0.06999884271915513,12.497978794010109,36,36,0,4.500001151571988,"[2546.9596954991553, 126.32115708140489, -90.24541591021601]","[-58.06246511968009, 4.188179561406926, 1.2606722612907855]"
Optical_A-T0010,Optical_B-T0036,False,reprojection|speed,4.895709573696899,62.12110137315782,113.1104859649001,7.05634244289587,86.52762273584938,0.0700009878618264,10.798135608997077,35,35,0,4.284999396378447,"[2494.1279174268934, 95.92133812203856, -92.5891654039062]","[-86.12028691502378, -8.323463290446526, 1.0225638581775618]"
Optical_A-T0010,Optical_B-T0037,False,reprojection|speed,3.0677153468126104,37.8058060877632,94.6247328549211,4.673656671639056,76.93944194370015,0.08999915384288792,13.09177526962868,36,36,0,4.50000072142763,"[2726.9685036428646, 205.288409792035, -100.57362708318199]","[-76.91716749314149, -1.8358406209451061, 0.238244946458384]"
Optical_A-T0010,Optical_B-T0038,False,reprojection|speed,6.213360660830263,83.6831690892356,136.52797322279793,10.362377196874636,84.6281094243865,0.08999924200065368,7.882979086555481,18,18,0,2.270000514211846,"[2894.0378171679026, 207.27106516784693, -109.77989013816614]","[-84.38295107235527, -4.970156884063442, 4.090478408967221]"
Optical_A-T0010,Optical_B-T0039,False,reprojection,5.987140348664738,102.69229648367687,163.39479147334703,11.54615893420657,59.19434454110486,0.06999734248551137,12.737292402863783,35,35,0,4.71,"[2527.414953109031, 124.06526495132665, -84.50624990598]","[-59.03973623292188, 3.7241692921978284, 2.100127205931337]"
Optical_A-T0010,Optical_B-T0040,False,reprojection,5.816557885178793,80.82490846319463,152.46543574358435,7.2641459768600605,57.585423857370884,0.020000064315105037,10.527828736037236,35,35,0,4.765001749763732,"[1966.195937053798, -124.7008609819506, -110.28062821897491]","[-57.54415692025056, -2.0080407717015873, -0.8478310148987032]"
Optical_A-T0010,Optical_B-T0042,False,reprojection,3.2109246607428794,44.40207619677485,103.29741080934097,3.3343365234828926,52.10865955605146,0.05000178055767002,9.400419910139062,35,35,0,4.765001749763732,"[1608.3701668112744, -284.0641799870553, -103.50227921468695]","[-51.98039383621935, -3.6493345850653895, -0.18279618772875728]"
Optical_A-T0010,Optical_B-T0043,False,reprojection,4.399331680918527,59.487236414966894,109.20372974375776,4.701102874121146,63.1384100320455,0.05014446235836001,9.280700834209743,35,35,0,4.765001749763732,"[1603.826484562248, -285.9013055071881, -94.61892461378046]","[-62.63172388418701, -7.944138977627574, 0.7852646520760999]"
Optical_A-T0010,Optical_B-T0044,False,reprojection,5.777552914286478,89.08301568071636,169.95627804742978,6.529161507020097,54.08871194529687,0.06095319225378737,6.685721469082494,32,32,0,4.205000977579702,"[1567.0090791985333, -312.8556211089587, -108.72886686326918]","[-53.83976115456372, -5.114797289970738, -0.841265358457352]"
Optical_A-T0010,Optical_B-T0045,False,reprojection,2.616708843719656,36.06173734270515,95.68545424549522,2.5169771023432377,48.50340839903437,0.07000252486827918,9.099819785667751,35,35,0,4.765001749763732,"[1483.3880219795294, -339.69581266317334, -101.22096126121303]","[-48.374227563053466, -3.537314820407687, 0.046237028024634835]"
Optical_A-T0010,Optical_B-T0046,False,reprojection,4.935269423282058,68.0198729917893,123.03431352006628,4.735080278182736,43.999999951210036,0.08999693069899983,8.875288376692213,35,35,0,4.765001749763732,"[1369.9123578797405, -389.54401614996993, -94.62565501419611]","[-43.9158195478758, -2.6031428055917445, 0.7902130589841172]"
Optical_A-T0010,Optical_B-T0047,False,reprojection,3.8396556979701884,53.431853417303664,93.41149228218924,4.939216051311975,49.426831552950944,0.010000000000000231,3.842454748659291,22,22,0,3.2350000000000003,"[2070.8940424614693, -114.25792500948971, -98.45091789873027]","[-49.3735696739962, 1.7717017626016656, 1.4571780519977757]"
Optical_A-T0010,Optical_B-T0048,False,reprojection,3.129957876488596,43.202305579795414,97.01422910782347,3.195507218533545,48.55674715227549,0.07499980294010111,9.123000737010958,33,33,0,4.83091379278842,"[1510.3178082825018, -325.9108499726106, -99.2053396097393]","[-48.466907561069746, -2.931977979872613, 0.3465120521378754]"
Optical_A-T0010,Optical_B-T0049,False,reprojection,5.7916676597150145,107.17294839427575,197.79749930619047,7.391475529912254,50.5640084681651,0.10500061090408508,8.76274744167299,33,33,0,4.857310224985384,"[1347.87151862281, -398.30254938577855, -89.91813298025134]","[-50.21891253108555, -5.661195561428428, 1.6524652429365614]"
Optical_A-T0010,Optical_B-T0050,False,time_delta|reprojection,3.609477828688778,45.821777152306446,94.06613560902066,3.35020528965215,55.12950763143223,0.5902454743077614,9.650152684492,31,31,0,5.17,"[1506.0419548123834, -321.7476867640794, -102.99316220893864]","[-54.846927896578734, -5.560386180899059, -0.39902068982070404]"
Optical_A-T0010,Optical_B-T0051,False,time_delta|reprojection|speed,6.841918605649936,81.96770543373204,141.42591909109908,9.56350767367097,80.78417928407048,1.4650005292405397,14.91782260034263,29,29,0,5.305000773863057,"[2644.2913963211086, 195.07733375748745, -113.05789398243134]","[-80.68334474499602, -3.3811708405102934, -2.202086989255101]"
Optical_A-T0010,Optical_B-T0054,False,time_delta|reprojection,5.429446822008692,61.55822138356208,107.46244128751451,5.411724826223561,48.05072700654843,3.5400000000000005,17.296975624986043,23,23,0,5.76,"[1945.5896828055709, -109.97896914627077, -99.34044464133405]","[-47.990075256421704, 2.369357049133498, 0.4595540387650281]"
Optical_A-T0010,Optical_B-T0056,False,time_delta|reprojection,5.030912080369288,54.9742477994009,105.01181488571996,6.054709533800859,55.24725418875133,4.005071805586575,24.29390342502496,22,22,0,5.497499542727837,"[2392.6142773694196, 86.51271915558435, -104.721299988635]","[-55.07343056872466, 4.2862879000656875, -0.8967033099725599]"
Optical_A-T0010,Optical_B-T0057,False,time_delta|reprojection,5.1507287295330615,57.069491067800605,106.21293241942132,5.036320034794502,44.28927653486573,4.722500468165269,33.13985730832162,20,20,0,5.000000417609703,"[1926.8011433683341, -136.65011863433244, -103.33083661160713]","[-44.161767984521745, 3.274346085473894, -0.7462721860151887]"
Optical_A-T0010,Optical_B-T0060,False,time_delta|reprojection,5.003657011715367,55.091699686681096,101.92166379977037,4.6133642125951155,55.7461089889616,5.0550018199629125,41.615139911662524,19,19,0,4.765001749763732,"[1844.1771157224437, -178.86655980443408, -95.56979652898131]","[-55.63293161893314, -2.437720920497668, 2.5812988215358565]"
Optical_A-T0010,Optical_B-T0061,False,time_delta|reprojection|speed|not_inbound,6.896903444710825,78.18279432324994,127.55523108185413,5.821112432654735,17.65084511369894,4.805000419461932,78.87021987897867,16,16,0,4.000000412401565,"[1671.4812596946276, -269.9468992586737, -102.43388066728795]","[-10.854593726873446, 13.889135731493042, -0.9066624975549278]"
Optical_A-T0011,Optical_B-T0002,False,reprojection,2.5848474078791255,34.11420474220446,71.62688836917528,2.6284801540810236,38.331825816770696,0.06492094505140056,8.31643178831995,37,37,0,4.78,"[1506.0825866802245, -411.9970634664317, -102.27194778135886]","[-37.98342583075447, -5.150871041831238, -0.2382438189056425]"
Optical_A-T0011,Optical_B-T0004,False,reprojection,5.857976187516772,85.56132969873306,324.6429296156128,7.3839172996547235,39.76980562936175,0.045003203435090455,8.558740291835564,37,37,0,4.78,"[1607.4854031238456, -371.6634971049393, -100.53419437102254]","[-39.493395521855916, -4.680518462861869, -0.04355307421475714]"
Optical_A-T0011,Optical_B-T0007,False,reprojection,3.4391169285658907,46.861084730422064,160.62826230709143,3.9297458462792854,43.23008427651042,0.040253716077005564,8.628136655740892,37,37,0,4.78,"[1645.8709859710734, -357.1917617253059, -101.79450518384178]","[-42.81570299156613, -5.970146990799265, -0.11449366986497933]"
Optical_A-T0011,Optical_B-T0009,False,reprojection|speed|not_inbound,2.581073421953753,31.703325553051805,90.62459944565967,2.7726356194063535,20.870095119122723,0.03000030968853684,9.105869787976857,18,18,0,2.1999997175978745,"[1735.8503974770847, -348.7422290276912, -100.53449229529657]","[-20.771857222176973, 2.0206316460411813, 0.08868806989349265]"
Optical_A-T0011,Optical_B-T0012,False,reprojection|speed,5.197943906657254,70.49423516772497,104.23210163180553,6.128766946794508,34.35360715929944,0.005001418574916872,4.909162659939073,29,29,0,3.7800000000000002,"[1936.3651671040914, -256.03313891036464, -106.8574288199615]","[-34.30561307638432, -1.7312083942730396, -0.5460346183872291]"
Optical_A-T0011,Optical_B-T0013,False,reprojection,4.629486108613771,64.21723018348156,153.41199086719294,5.5244103029951726,46.82750441011069,0.010000208085056306,9.279683358122947,37,37,0,4.78,"[1883.1706795589778, -265.1507463212488, -107.06591596047471]","[-46.39756324418673, -6.303164794740638, -0.5927966354251204]"
Optical_A-T0011,Optical_B-T0014,False,reprojection,5.842408473457281,106.64347911204075,139.0232039505488,9.633209243801177,45.794336897922186,0.007501428516445419,4.05871044491944,24,24,0,3.0013247454696965,"[2013.4654122918782, -235.705372172371, -90.9555663559057]","[-45.43064666134761, -5.717706127909025, -0.6967585572161638]"
Optical_A-T0011,Optical_B-T0015,False,reprojection|inlier_ratio,0.8279182239300024,8.852540843272966,16.35542321144735,0.8270499597825517,35.56227939511945,0.01999999999999999,30.175686511135275,37,21,16,4.7700000000000005,"[2058.734650113444, -197.2419682998773, -98.15862075043252]","[-35.531758352587865, -1.439601715865109, 0.3121074326540804]"
Optical_A-T0011,Optical_B-T0016,False,reprojection,3.581351958029852,47.95867927086862,65.38862036434799,4.430790103969273,36.53613736593132,0.016176858431100727,4.823474185466327,28,28,0,3.502501266561068,"[2090.836944952322, -200.11942358928448, -104.65944333936253]","[-36.49405762885385, -1.727268033708583, -0.29939362689428495]"
Optical_A-T0011,Optical_B-T0017,False,reprojection,4.683308894373177,64.50973333774317,96.13298310618237,5.805615833808598,55.78167969741664,0.015000127557856846,5.03908090092118,29,29,0,3.775000822709947,"[2018.5930130320492, -224.87163045100098, -106.47592029944892]","[-55.03160465511951, -9.103886375349163, -0.4873723551300091]"
Optical_A-T0011,Optical_B-T0018,True,,0.058943548919168434,0.4812331944002558,2.5320360299108438,0.045920681285830156,50.00018440187975,0.030000000000000027,5.732501641238586,30,30,0,3.767500149798195,"[2204.5043123396777, -153.43920469797428, -99.87263719092518]","[-49.63893131364722, -5.999578173587736, 1.6686702977003996e-06]"
Optical_A-T0011,Optical_B-T0020,False,reprojection|speed,4.358805319591367,57.6119977344887,192.02693816923113,5.695399076847162,70.82342642214975,0.019999405729667963,5.137630616214609,29,29,0,3.77,"[2077.593197594439, -202.40927543319222, -101.54847793759856]","[-69.42032403651893, -14.000748472552885, -0.8691277504938559]"
Optical_A-T0011,Optical_B-T0021,False,reprojection|inlier_ratio,0.6913645785476302,7.507401663290721,17.659440431676227,0.7261673520667048,38.16452796310903,0.031927145046382055,7.612782302226457,37,31,6,4.754999083879706,"[2170.897659508943, -153.22715972740434, -99.42199223122917]","[-38.13113588895651, -1.594766421248579, 0.06626104830159413]"
Optical_A-T0011,Optical_B-T0022,False,reprojection,2.9028261922158474,38.38448705067722,65.32338797004924,3.9038924806977615,38.86039242893008,0.04500070327147987,10.724090175041766,37,37,0,4.745002247963203,"[2306.72987176138, -100.25863647770882, -105.36382325394999]","[-38.84325942154099, -1.012723182841853, -0.5528914868653387]"
Optical_A-T0011,Optical_B-T0023,False,reprojection,3.61585360370602,48.34229893142585,83.3466919331211,4.97895748581062,39.49793743701872,0.04999752098505894,10.829173651410292,37,37,0,4.74,"[2339.419637683268, -87.55876405047172, -106.97276293485554]","[-39.477314741018645, -1.0551464964418784, -0.7178777669239123]"
Optical_A-T0011,Optical_B-T0024,False,reprojection,5.908369037250594,105.23662036154958,239.5804981706804,9.899880369457634,57.88028311708764,0.04000309155596504,10.126513300004241,37,37,0,4.76,"[2181.0063864277768, -150.39378625622606, -91.61935872771986]","[-57.11225475984278, -9.396520981344167, 0.15140478260438617]"
Optical_A-T0011,Optical_B-T0025,False,reprojection|speed,6.016425695901673,105.40442695982685,171.5248103271521,10.325057847789378,67.15908106883366,0.045000127557857095,10.154227283644662,37,37,0,4.755003596138856,"[2210.768032726567, -137.0992817644577, -85.9915191725277]","[-66.17176652725821, -11.420067516628052, 1.1052341778362575]"
Optical_A-T0011,Optical_B-T0026,False,reprojection,2.1088800076097742,27.831931626017273,44.75175904954751,2.8908009002985597,43.179121842803156,0.054999036309413274,10.969593313218331,37,37,0,4.74,"[2385.6931549844553, -69.49029041725598, -103.39564819812762]","[-43.12651479176114, -2.0992817312354504, -0.365104429649115]"
Optical_A-T0011,Optical_B-T0027,False,reprojection,5.454932554586449,74.51490061658212,129.52365806676607,8.03773666494924,54.78449535984316,0.0600007539944265,11.077876831904168,37,37,0,4.73,"[2447.3302788341152, -45.79816297039767, -88.26815446503588]","[-54.43354719896077, -6.097978221614781, 1.0698283880604]"
Optical_A-T0011,Optical_B-T0028,False,reprojection,5.827046475356571,79.36776257125616,137.96843324314213,8.665136940734381,56.49534160169264,0.0649994269718441,11.180078904223675,37,37,0,4.7255825370947875,"[2480.2974335540925, -32.99609027305741, -112.3451124281213]","[-56.10523480430303, -6.5260261163426705, -1.1563880727421942]"
Optical_A-T0011,Optical_B-T0029,False,reprojection,3.395759883975871,45.063934390189665,79.40100910429545,4.764056464601373,61.17740091610461,0.059998659602330306,10.803113527200424,37,37,0,4.735000644860548,"[2385.988061697551, -69.69941782567543, -92.98334098411969]","[-60.55345314061381, -8.691201112272068, 0.6455376234779724]"
Optical_A-T0011,Optical_B-T0030,False,reprojection,5.505395946150873,74.99660674209188,130.26848001898753,8.365146155276053,44.98734716127618,0.06999727233331621,11.587097826176565,37,37,0,4.72,"[2561.7862289931304, -1.0180471643410485, -111.92250947066123]","[-44.935449812010795, -1.7501670569220185, -1.2663609573532821]"
Optical_A-T0011,Optical_B-T0031,False,reprojection|inlier_ratio,0.8170381903871731,8.907880824097616,16.31169745708709,1.0152792248569595,40.232047121735576,0.07820663881456458,29.984664238716192,37,23,14,4.71,"[2687.989444454782, 46.54153013915012, -101.8759254424035]","[-40.229730571668796, 0.20166190396803785, -0.3817410286788781]"
Optical_A-T0011,Optical_B-T0032,False,reprojection,3.3901866738155286,45.28436739212942,61.21878625963171,5.176948214841007,42.16201820469655,0.06867644946469165,5.114393248107933,24,24,0,3.0013247454696965,"[2681.1903195746822, 18.01944741821635, -104.64863856280033]","[-42.15622549666235, -0.5858499544392579, 0.38106534689197163]"
Optical_A-T0011,Optical_B-T0033,False,reprojection|speed|inlier_ratio,0.8889533916986604,8.56410500320753,15.053628382655786,0.9497872281115903,69.5148394462865,0.07500067554130418,40.62490688804909,37,23,14,4.72,"[2586.352681449556, 9.053376891957337, -101.89761740159727]","[-68.74291360940654, -10.325561421267167, -0.3278918545769055]"
Optical_A-T0011,Optical_B-T0034,False,inlier_ratio,0.5932503758393132,6.934709654656656,12.277166646380806,0.7672056922760343,48.34579052025256,0.07500216562902715,26.585777538046386,37,21,16,4.71500223418612,"[2649.9116236835825, 32.703737057143464, -98.70440117092939]","[-48.26818794438881, -2.703828334823811, 0.43221051480048167]"
Optical_A-T0011,Optical_B-T0035,False,reprojection,4.743384155592495,64.38319713456553,110.79907512474108,7.5743240311971265,46.37603055014509,0.07999963434629054,12.178943022238373,37,37,0,4.705000345009734,"[2722.8287676514656, 61.48410325562159, -88.95438717551731]","[-46.34171215280324, -1.3556031486520297, 1.1594241838449049]"
Optical_A-T0011,Optical_B-T0036,False,reprojection|speed,4.173560920527212,52.79311978350143,91.49880019517899,6.090193466661687,80.85157256424375,0.08000110149737472,10.591278831285887,36,36,0,4.500000841846307,"[2648.5504072959434, 28.855840914344363, -91.47097703614128]","[-79.58530466486779, -14.228505274548018, 0.84006259499259]"
Optical_A-T0011,Optical_B-T0037,False,speed,0.39884899692071274,2.409538391562209,11.529440489200597,0.2678022676133879,66.219101063748,0.09824761121125425,12.809962498679,37,37,0,4.695002326751208,"[2926.6861055582854, 140.3245431617529, -99.96438255732772]","[-65.78493403702355, -7.5704449898230735, -0.01273151192176733]"
Optical_A-T0011,Optical_B-T0038,False,reprojection|speed,6.094395273315105,81.06225921602773,138.18753653999696,10.614952179286352,71.35794564510141,0.09999855668657043,9.759731082524564,19,19,0,2.315001557664232,"[3077.5497627482, 156.2545450137676, -109.01467074230759]","[-70.65762726648205, -9.529415203057027, 2.940469630498469]"
Optical_A-T0011,Optical_B-T0039,False,reprojection,5.924759934947188,99.13726310836468,174.27964574453722,11.62008366199188,47.73631867697024,0.07999820227466536,12.070377632083611,36,36,0,4.745,"[2712.6130909783274, 58.31866740362914, -83.08933205074821]","[-47.654826026072186, -1.8672586717789557, 2.0705125710117036]"
Optical_A-T0011,Optical_B-T0040,False,reprojection,5.547095910370612,76.73175998351297,138.32708680746498,7.191148215786185,52.99508880162657,0.027500582483201308,9.730672630492702,36,36,0,4.775,"[2076.7606301729843, -189.70103050275765, -110.14746535182762]","[-52.45494580710012, -7.462268050093627, -1.1281192379477725]"
Optical_A-T0011,Optical_B-T0042,False,reprojection,2.1513656873352294,29.80844601013066,55.706786037408385,2.360714795670206,49.91984991604449,0.037500009712000626,8.56970684776649,36,36,0,4.797499683763819,"[1680.1222978879907, -344.26340271168675, -103.20741179387763]","[-49.188123043012894, -8.5080160878274, -0.36555354614782287]"
Optical_A-T0011,Optical_B-T0043,False,reprojection,3.9557403488124505,53.47236949943463,100.15187264798993,4.245685065402825,62.175589698477324,0.0375731060610458,8.475308197439176,36,36,0,4.797573106061046,"[1674.5573991846236, -346.20973708491874, -94.12384787237113]","[-60.85957966517873, -12.707972723812816, 0.6503434338811928]"
Optical_A-T0011,Optical_B-T0044,False,reprojection,5.754720236292181,86.71924914595198,162.17896783154652,6.606901845064547,52.30594179009445,0.04690392259116205,6.311667898501666,33,33,0,4.22,"[1631.8252702690827, -369.023277940689, -108.42425788070045]","[-51.37240626740021, -9.780350559821613, -1.0640318477031303]"
Optical_A-T0011,Optical_B-T0045,False,reprojection|inlier_ratio,0.6900095318737961,8.505457440462497,14.798174355158146,0.6605899221806357,46.897027297235205,0.057500381867304995,14.589771438122504,36,28,8,4.807499799971574,"[1543.5826980088568, -397.05499927755443, -100.92823487909732]","[-46.19728623600983, -8.069475707463823, -0.15961062762846842]"
Optical_A-T0011,Optical_B-T0046,False,reprojection,4.756741590074354,65.34027284928001,115.45569933473864,4.681926256161811,42.46543540181101,0.07499948241698773,8.008893985239737,36,36,0,4.8175005597953255,"[1420.6932719155338, -444.85211457780645, -94.22182297533783]","[-41.87789615422446, -7.006715690356771, 0.6789350454086724]"
Optical_A-T0011,Optical_B-T0047,False,reprojection,2.333700586728697,31.217965093913893,59.36997008343696,3.015372698761266,42.201763953786305,0.022353488498161767,4.242443506469252,23,23,0,3.24,"[2175.7799899734146, -171.0521755481939, -97.92469783425726]","[-42.05993132138582, -3.4259715399095114, 0.46236031310554426]"
Optical_A-T0011,Optical_B-T0048,False,reprojection,2.48038074466905,33.805998471061805,98.13926019838279,2.7144235736467275,46.68017197436532,0.06000052426099156,8.452165941704429,34,34,0,4.997956860823379,"[1568.2067224625166, -385.5439463574385, -98.75964244422397]","[-46.037602437522025, -7.7166076491556055, 0.17771817571943427]"
Optical_A-T0011,Optical_B-T0049,False,reprojection,5.781164252806103,108.13853604006374,219.5965316428939,7.466815548159379,49.914164381364415,0.0900000011837978,8.018892042327806,34,34,0,4.998655112492692,"[1392.8972909207287, -454.4378665909767, -89.25408799217254]","[-48.88345825412506, -9.970732734032651, 1.5542856087509864]"
Optical_A-T0011,Optical_B-T0050,False,time_delta|reprojection|inlier_ratio,0.8595929128841634,8.359304351702326,14.317027055481214,0.6507600195757438,54.90071736384427,0.3309814499024659,49.49976785944836,32,13,19,5.195,"[1574.6793447101468, -380.06646985886744, -102.60942534338284]","[-53.89643858250733, -10.433485539013304, -0.6364390732246653]"
Optical_A-T0011,Optical_B-T0051,False,time_delta|reprojection|speed,6.075490273091819,73.88979240833466,137.9794106931775,8.953126788308055,71.87356557584678,0.9874965165698655,14.426008577964588,30,30,0,5.500000835530766,"[2851.849550804673, 125.86319479139229, -113.5243926691526]","[-71.16722643712876, -9.631672778989781, -2.8750981392742427]"
Optical_A-T0011,Optical_B-T0054,False,time_delta|reprojection,4.107297423780927,42.20359976277644,109.49401123478279,3.813626784851745,42.395500400283055,3.2761770369810095,16.892395609682186,24,24,0,6.000000787342444,"[2059.8127921045693, -180.31392033922046, -98.65072606313707]","[-42.25473564435093, -3.447234071635336, 0.17985291706284273]"
Optical_A-T0011,Optical_B-T0056,False,time_delta|reprojection|inlier_ratio,1.7214948860788748,8.724670447792956,14.6695733272939,0.9695675913432239,45.692092316275804,3.4999979481034966,74.75814826490233,23,11,12,5.774999278679109,"[2570.6103319115937, 17.706848090843557, -104.72938189773382]","[-45.62595874324998, -2.114897009157616, -1.2515588835434273]"
Optical_A-T0011,Optical_B-T0057,False,time_delta|reprojection|inlier_ratio,1.7361305085320136,8.076277195655843,13.88765770845192,0.7239719483349829,39.33627727114898,4.44,82.54503607243093,21,9,12,5.22,"[2036.3815001298717, -200.2744370642556, -102.71680623684256]","[-39.22146729800424, -2.7904793336732894, -1.1101520763561323]"
Optical_A-T0011,Optical_B-T0060,False,time_delta|reprojection,4.770399735644902,52.135286886192894,108.92741651517291,4.402390070898084,53.3900413779862,4.777498613975678,40.75038394720554,20,20,0,5.0,"[1935.8666498186967, -242.00744955726844, -94.14787187161905]","[-52.682622070938294, -8.302172841409117, 2.4722006765497384]"
Optical_A-T0011,Optical_B-T0061,False,time_delta|reprojection|speed|not_inbound,4.463280672948987,42.65436172508643,88.77090630404508,3.439406725603552,9.602483900139283,4.585000831863497,77.78132312890783,17,17,0,4.22,"[1746.1798632037996, -324.1432291581546, -101.79045657527344]","[-3.8128333792517566, 8.721235249172821, -1.2688791916818718]"
Optical_A-T0013,Optical_B-T0002,False,reprojection,1.7078555184824793,22.077480396326777,47.25415067623242,1.4893908999938885,40.98816827858983,0.09085183717134804,6.084463285210632,48,48,0,5.999150184664191,"[1379.458281776673, -338.4498734691499, -104.3329845136637]","[-40.98773093969652, 0.18917221670626816, 0.008069787420514896]"
Optical_A-T0013,Optical_B-T0004,False,reprojection,5.4843251507646045,75.39999730430146,295.35796238271405,6.035447977856315,42.79795039944477,0.07500042590839939,6.299339627544867,48,48,0,6.0,"[1468.5817450851061, -295.49635311968734, -103.20336873352373]","[-42.79272706604718, 0.6681719555777761, 0.024796812447386962]"
Optical_A-T0013,Optical_B-T0007,False,reprojection,2.8194727286500108,38.495168864695884,136.66800410017424,2.9096445169671523,46.06687235418628,0.07250055128019195,6.378499526058641,48,48,0,5.997500138099231,"[1498.971133186931, -281.42831448308493, -104.18634836662397]","[-46.06385978310948, -0.523042355662696, 0.06306403970901145]"
Optical_A-T0013,Optical_B-T0009,False,time_delta|reprojection|speed,3.4193113878654113,31.03258190485518,82.35315332545015,2.4931633790284,30.984840025439105,2.5750004372463935,46.77248702801982,29,29,0,4.76,"[1578.77860977806, -267.7125637306189, -105.07894110733105]","[-29.95356855319479, 7.923583231595671, -0.24672069854275147]"
Optical_A-T0013,Optical_B-T0012,False,reprojection,2.1488072471784223,28.705899259575375,45.65419439879704,2.37282882661227,42.26264917981901,0.03199122456116621,7.208004085814025,40,40,0,4.999491163960469,"[1769.6122439253968, -174.60511438465497, -108.6389107898753]","[-41.99224071034199, 4.767246921562304, 0.23789201333333218]"
Optical_A-T0013,Optical_B-T0013,False,reprojection,2.790991681449104,38.66180006076634,139.56161225636802,2.9923402957502514,51.27240374656315,0.040003098404409965,6.914655353485607,48,48,0,6.000001571632307,"[1701.9217289582796, -183.899942230713, -108.43056069385214]","[-51.272095766815454, -0.15471414581915255, 0.08743661802592712]"
Optical_A-T0013,Optical_B-T0014,False,reprojection,5.858635270587735,122.4933189291006,210.2555918548938,10.526576867532212,51.745667223223386,0.025001247874199883,10.7263872337914,35,35,0,4.24,"[1834.1120059904822, -164.3430061579108, -97.6035157222195]","[-51.722799148679506, 0.22201325477965383, -1.5221152113542449]"
Optical_A-T0013,Optical_B-T0015,False,reprojection,4.142270434321727,57.060648404601885,64.69996252259025,4.788736943207293,44.5139307768217,0.019999508961438206,7.3496070461459935,48,48,0,6.0000014116570295,"[1859.8227001031046, -106.10417003791517, -102.27245229429684]","[-44.1544371663294, 5.645857812635995, -0.0011348303478414812]"
Optical_A-T0013,Optical_B-T0016,True,,0.5358008870782973,6.633735416501705,10.979019655850587,0.5766514531327765,45.6256624738462,0.015002117653235003,7.85250028681547,39,39,0,4.7700000000000005,"[1902.8846504392657, -118.49747452187225, -107.50786292517708]","[-45.36506378572682, 4.869068293809647, 0.06509872880253956]"
Optical_A-T0013,Optical_B-T0017,False,reprojection,2.566234946176356,34.35543448631407,76.39840827524489,2.7575177670313358,59.82522203693803,0.02500038582103281,7.339564917554054,40,40,0,4.997499679691087,"[1821.6921489177166, -152.941094903395, -108.45088675006065]","[-59.728240640566725, -3.3955108793465456, 0.2548874648319719]"
Optical_A-T0013,Optical_B-T0018,False,reprojection,3.112518374647873,42.283093331132974,63.46059874531891,3.7734903895441754,57.135569460354496,0.019999999999999574,7.5792136128152565,41,41,0,5.24,"[1972.821780207799, -74.89545218426348, -104.22154375985225]","[-57.13398799109024, 0.31984642894806825, -0.28002152567128147]"
Optical_A-T0013,Optical_B-T0020,False,reprojection|speed,4.889276297752974,65.06126269458105,187.95171035416496,5.664247599744796,72.29940215863252,0.024999543302346883,7.438087819560276,40,40,0,4.99750069684862,"[1859.3892457711065, -137.0986527805743, -104.99752890583142]","[-71.75238263480115, -8.869981645683552, -0.35009188793602264]"
Optical_A-T0013,Optical_B-T0021,False,reprojection,3.4100507069295127,47.2032926477217,55.50602816379999,4.114879355725313,47.8848297073122,0.01839506285052339,7.626017367117061,48,48,0,6.0,"[1952.6077515084282, -61.72950387314172, -103.40754629288179]","[-47.586984532880884, 5.3322548434579105, 0.05364186857404204]"
Optical_A-T0013,Optical_B-T0022,True,,0.07024830679329797,0.7010396747547786,2.7363913367135897,0.06572611888990765,49.99424481168278,0.01750103555479754,7.975502842077346,48,48,0,6.0000003047070045,"[2066.788656088184, -6.749303547949161, -107.8453673005495]","[-49.63301344333746, 5.999040825291376, -2.100303348545607e-05]"
Optical_A-T0013,Optical_B-T0023,False,reprojection,0.8963325539484388,12.11409571927005,13.784113075483038,1.1152273646063897,50.87037013372998,0.01999913180182844,8.058807942265936,48,48,0,6.0000003047070045,"[2093.375459187794, 5.987837747181722, -109.05897332291353]","[-50.520619812197026, 5.9549585165252275, -0.0006329267274121086]"
Optical_A-T0013,Optical_B-T0024,False,reprojection,6.023869576934975,140.53373291611797,300.9577898619911,12.196634460272643,63.39954255659996,0.02589496947462877,7.624486957966721,48,48,0,5.997501957699437,"[1944.5711063838041, -68.31725859486427, -97.71481121597103]","[-63.34317833069702, -2.6464778073444974, -0.3740462095481556]"
Optical_A-T0013,Optical_B-T0025,False,reprojection|speed,6.153285562217667,162.08913032659535,199.18144759731862,14.183930796990827,70.25835304307263,0.0282171681755089,7.692046538669137,48,48,0,6.0,"[1963.8516678032186, -59.99135272343729, -93.57606277808702]","[-70.04514969940223, -5.4681797841723405, -0.11038913594438715]"
Optical_A-T0013,Optical_B-T0026,False,reprojection,1.2904814550725499,17.162041151476195,21.857005147605626,1.6047716611960645,54.10425849960317,0.019999871692734317,8.174033597026114,48,48,0,6.0000003047070045,"[2128.8974025975617, 22.6169398904445, -106.53357577913454]","[-53.88789350186963, 4.833810248289009, -0.00045450543391201137]"
Optical_A-T0013,Optical_B-T0027,False,reprojection,6.036655406075954,133.47338403869605,154.5378225687393,12.663642983709481,63.524664001448535,0.020001907064155056,8.315375038158333,48,48,0,6.0000003047070045,"[2169.6567140159073, 40.863366642737816, -95.68342819491849]","[-63.520884244638914, 0.6920978009858656, -0.03466857345904273]"
Optical_A-T0013,Optical_B-T0028,False,reprojection|speed,4.002382157255306,53.42192507287334,70.57641581745978,5.117163378565566,65.20574076753634,0.024998183900216464,8.399870700938031,48,48,0,6.0000003047070045,"[2195.650185933441, 53.036361707369124, -113.10468333309844]","[-65.20520738607414, 0.25026097333981967, 0.08323597441930342]"
Optical_A-T0013,Optical_B-T0029,False,reprojection|speed,5.978215369060915,99.99173505243631,124.24194178350983,9.271907161644906,67.61702339586516,0.02500192015811864,8.146232741394973,48,48,0,6.0000003047070045,"[2113.946786891916, 13.061489357817905, -98.96053295550095]","[-67.58414478206618, -2.1083527559890127, 0.008697701267372696]"
Optical_A-T0013,Optical_B-T0030,False,reprojection,3.279370308609605,44.29396854505679,54.46268698628708,4.345750948123266,57.70842186317268,0.0299994575830711,8.635343575954208,48,48,0,6.0000003047070045,"[2272.0258378875264, 91.40595479064443, -112.94140957218524]","[-57.47580261225437, 5.176264512247656, -0.018807294503761396]"
Optical_A-T0013,Optical_B-T0031,False,reprojection,2.2789063235256237,30.400946093994126,35.65575177905225,3.1096367794962996,56.364122128114865,0.03999970199455216,8.971980314384533,48,48,0,6.0000003047070045,"[2375.257674221154, 141.70481065845382, -105.91331263878816]","[-55.867336684354, 7.466924061393222, -0.00036258577588810237]"
Optical_A-T0013,Optical_B-T0032,True,,0.37018329923396415,3.5352997487605267,5.896908616727982,0.37127946201951134,57.20913113317449,0.06000000000000005,12.946122292077344,35,35,0,4.28500164392456,"[2407.4718125081026, 99.53012254775287, -109.04786720976358]","[-56.89256348300039, 6.009846954810428, 0.051428837055647714]"
Optical_A-T0013,Optical_B-T0033,False,reprojection|speed,3.004277666222091,37.90975187308487,76.62816620851342,3.7424645505447725,75.89863354939432,0.030001584861163444,8.663489243796926,48,48,0,6.0000003047070045,"[2272.7004935922555, 88.50741272801757, -105.69706123510149]","[-75.80338556107938, -3.8009329477025027, 0.047126114389284934]"
Optical_A-T0013,Optical_B-T0034,False,reprojection,4.386894696904433,59.2796584903705,70.60991132300066,5.9721135548498605,60.04226732427604,0.03999852157975736,8.843553369537936,48,48,0,6.0000003047070045,"[2335.212084855894, 121.62585029321934, -102.91879906069487]","[-59.83814290804095, 4.946750374754114, 0.013397259617205518]"
Optical_A-T0013,Optical_B-T0035,False,reprojection,6.01698229504146,120.73168592611867,142.9191973124162,12.447887577752935,60.90794847571703,0.044999574091600714,9.06382835355494,48,48,0,6.0000003047070045,"[2401.086102497931, 153.55181721412134, -96.67421470453647]","[-60.65816273976694, 5.5103959148697825, 0.03189698946538311]"
Optical_A-T0013,Optical_B-T0036,False,reprojection|speed,6.212734747444967,110.66688097081013,150.04359752151956,11.01206950212034,85.31230235636058,0.034999878798605444,8.70915366761729,47,47,0,5.754999878798605,"[2320.368288777064, 101.97321636859816, -98.33383372860233]","[-84.94855637328764, -7.869401918569544, -0.06493751973549691]"
Optical_A-T0013,Optical_B-T0037,False,reprojection|speed,3.8243272259679353,48.631679299451065,68.31319833765231,5.285627365707847,78.00604571262703,0.05999860612952279,9.586397597597918,48,48,0,6.0000003047070045,"[2548.8787000064267, 222.01977701637878, -104.84865633176882]","[-78.00153266816085, -0.8384506351014198, 0.03270582199090988]"
Optical_A-T0013,Optical_B-T0038,False,time_delta|reprojection|speed,4.510990828099097,45.45603790111173,82.4193622773005,5.376465794532267,79.9120684374206,1.81,43.439531730627024,30,30,0,4.5,"[2661.5969666244982, 221.02074002478122, -112.89155177107006]","[-79.88638762786576, -1.8507446824139038, 0.8237098019852491]"
Optical_A-T0013,Optical_B-T0039,False,reprojection,6.160492210602858,165.8322911708795,190.7036997938147,16.98838075110627,61.65269857507223,0.04499648900182773,8.815452819910275,47,47,0,6.245000730615404,"[2378.0043126476025, 150.90171621745003, -92.41673182533644]","[-61.44800607696592, 5.013894995689682, 0.24217292596608875]"
Optical_A-T0013,Optical_B-T0040,False,reprojection,3.9172641334083282,53.56929119096824,80.53917659340999,4.466752918534596,57.966729303291956,0.020000793201072398,7.18467201644409,47,47,0,6.224999937414331,"[1849.2403051532983, -107.55570510217382, -111.11659404605282]","[-57.95673782383079, -1.0761356954634138, 0.013375567902517038]"
Optical_A-T0013,Optical_B-T0042,False,reprojection|inlier_ratio,0.6955113099328294,8.544742781043492,14.872952527094657,0.6455077244090714,51.92052806627831,0.07000267158771045,7.704265100137576,47,25,22,6.175000680828082,"[1513.6749700878618, -271.31055010360967, -105.12786280251264]","[-51.82991067102023, -3.0659653571996017, 0.038091255022105586]"
Optical_A-T0013,Optical_B-T0043,False,reprojection,5.898563420728984,110.30121099018976,194.97046963166855,7.745876856355822,62.12287300500926,0.07000133082220827,6.2606231987809275,47,47,0,6.1750030903208915,"[1496.8297169017928, -281.25408274003513, -98.52549847950831]","[-61.6039650358162, -8.011544489906427, 0.13415345203820592]"
Optical_A-T0013,Optical_B-T0044,False,reprojection,4.766951022566239,66.10647565345528,118.86416360282222,4.558160134461338,53.57543546838846,0.08000014605809636,5.895588615518309,44,44,0,5.79500066719022,"[1462.9499756556006, -304.4092307956905, -109.2734966259363]","[-53.3588586673668, -4.810094798713408, 0.14991788025749753]"
Optical_A-T0013,Optical_B-T0045,False,reprojection,2.7382243239296638,37.71076273303237,86.81640744535113,2.471685817870175,48.328066494290624,0.09000276038178079,6.012397699659121,47,47,0,6.155000139841975,"[1398.2514322216898, -327.4289850061267, -103.41912058446059]","[-48.23524543542453, -2.9933904131354865, 0.05217945458848991]"
Optical_A-T0013,Optical_B-T0046,False,reprojection,5.840259755783227,111.33339375799407,167.4199511232306,7.1370171250467775,43.73379156778719,0.10793353108775516,5.7760557089049245,47,47,0,6.137067199527649,"[1294.8433747081401, -377.27789469391087, -98.17219192571193]","[-43.675391486515935, -2.255757718995177, 0.12751669466994964]"
Optical_A-T0013,Optical_B-T0047,False,reprojection,4.243506413779928,58.995456261587535,107.67099882322816,5.338004546241077,50.716946935658854,0.014998935351500764,10.49005560059511,34,34,0,4.762501069969167,"[1961.227462877268, -92.21983516052113, -103.53166392640337]","[-50.62261604617545, 3.0506208323859028, -0.5031537070805645]"
Optical_A-T0013,Optical_B-T0048,False,reprojection,4.382248504526462,60.84433216638605,107.36341742659852,4.155109543185485,48.267052877149,0.09499918175731192,5.99053451553744,45,45,0,6.245000730615404,"[1423.5751502236133, -313.1810696527761, -102.00828382877869]","[-48.20173960433766, -2.5047064461597017, 0.1647366980671942]"
Optical_A-T0013,Optical_B-T0049,False,reprojection,5.907720043990497,179.3154528985014,293.7032903916574,11.183983103110114,49.969457144804736,0.12499996023792725,5.644316755542191,45,45,0,6.245000730615404,"[1264.3820276872093, -391.07309602831185, -94.49040298192628]","[-49.65760944398153, -5.557401338159622, 0.4286747276146219]"
Optical_A-T0013,Optical_B-T0050,False,inlier_ratio,0.44563590563908073,4.38505973941278,8.647576385762624,0.3011168647174401,54.78293212891189,0.10178954453717726,7.343858434666112,43,21,22,6.7550026409967785,"[1402.2108959233378, -313.9987150184083, -105.19934037602889]","[-54.51027060556649, -5.458810989382556, 0.03786464151034186]"
Optical_A-T0013,Optical_B-T0051,False,reprojection|speed,4.9422925961620665,63.91996934859521,104.3385175840006,6.657985335654249,80.83384650998617,0.05499926938459598,9.492125831062594,41,41,0,6.7550026409967785,"[2466.9768766356997, 209.56067877846027, -114.98328664668541]","[-80.79450086034393, -2.48137784540765, -0.44959572529937564]"
Optical_A-T0013,Optical_B-T0054,False,reprojection,4.361691603621971,60.61575630451689,115.068047317944,4.960224038985995,49.25779916637076,0.049998091710765635,11.23172821876058,35,35,0,7.748210455462823,"[1811.3773623993534, -82.22662720470942, -103.76091887588893]","[-49.10979128710809, 3.780857246331962, 0.5140981755049419]"
Optical_A-T0013,Optical_B-T0056,True,,0.4335007659219112,4.620061374937804,8.427697258532387,0.4403864405659273,57.62358007132246,0.023206950960524608,15.333954094142296,34,34,0,7.736606979982561,"[2210.0290749851, 119.6679998135802, -109.06434559013029]","[-57.33178783392733, 5.791408054118463, -0.051737339944482236]"
Optical_A-T0013,Optical_B-T0057,False,time_delta,0.6556821981300237,6.515205187584406,10.589574781397175,0.5121957778100338,45.766662256004324,0.2683960231993652,18.58516104738303,32,32,0,7.984105227731412,"[1756.8303942604339, -102.99182831389332, -107.40140280245527]","[-45.514462513963416, 4.797451374227236, -0.07440720472440349]"
Optical_A-T0013,Optical_B-T0060,False,time_delta|reprojection,6.379301330271888,129.1710869210804,217.1828538814164,9.524922369203313,54.78340637219372,1.0567924502968111,24.314739779522675,31,31,0,7.748210455462823,"[1646.9543288008715, -166.8206068102955, -99.46229210749634]","[-54.74735741012235, -1.2118665352225264, 1.5747539014223173]"
Optical_A-T0013,Optical_B-T0061,False,time_delta|reprojection|speed|not_inbound,4.346907665239799,44.819355252761625,116.45318529276491,3.3750440938811996,25.772706009786337,1.8024995113651077,46.157030082941404,28,28,0,7.002501320498389,"[1622.1380078985735, -193.45132387486586, -106.8409847543825]","[-22.098143604844303, 13.261442833909769, -0.19636254606949266]"
Optical_A-T0014,Optical_B-T0002,False,reprojection,4.626734075294677,62.683170047334556,86.46026370680077,4.27347437678294,36.61407284672298,0.09085149632668887,6.055509408946958,48,48,0,5.999150184664191,"[1372.8635856924136, -333.6446606181443, -107.38823687989547]","[-36.37265205839077, -4.197655476198051, -0.014183353741449078]"
Optical_A-T0014,Optical_B-T0004,False,reprojection,5.915881723271539,108.93664851956584,325.9096410696481,8.207012881810487,37.7792504173201,0.07500009296354193,6.267633031434187,48,48,0,6.0,"[1461.1810181808078, -290.5724262416602, -106.45980102809628]","[-37.581706288973294, -3.8583813522956163, 0.002800746995731629]"
Optical_A-T0014,Optical_B-T0007,False,reprojection,5.6262208238609865,77.38266989466875,155.15405639041018,5.641668264152331,40.93689236161075,0.07250189624162395,6.344767230949415,48,48,0,5.997500138099231,"[1491.0655126409463, -276.4143331749956, -107.50178937140853]","[-40.61956794483143, -5.087057724532954, 0.041229947819763524]"
Optical_A-T0014,Optical_B-T0009,False,time_delta|reprojection|speed|not_inbound,5.059871189570949,53.21704367188176,115.7257300777926,4.104738660714533,24.306710992538108,2.569999309167763,48.97235382886073,29,29,0,4.754998871921369,"[1565.1830904628728, -257.11606428692573, -110.5769835770755]","[-24.05434417433572, 3.4250376520929535, -0.6883623312759366]"
Optical_A-T0014,Optical_B-T0012,False,inlier_ratio,0.7221568290420696,7.242517851192965,12.920433256800012,0.5696416778015893,35.005638542967084,0.03449137438014782,19.78855007620245,40,21,19,4.999491163960469,"[1757.271503970788, -166.01034381033685, -112.67543566428446]","[-34.996238063685276, 0.7065011002320603, -0.3986318929784616]"
Optical_A-T0014,Optical_B-T0013,False,reprojection,2.4658991643490484,33.503858904313226,168.6822063773768,2.579178412256797,44.533217666002464,0.040002262063941085,6.87328947527695,48,48,0,6.000001571632307,"[1691.944165804997, -178.70006775507338, -112.17475881259618]","[-44.258937298398706, -4.934791267098944, 0.04219068771562928]"
Optical_A-T0014,Optical_B-T0014,False,reprojection,5.991243533431071,158.65304658974995,275.4629732979678,13.471561184382445,44.05293364290865,0.029457016151154924,10.759748006101212,35,35,0,4.244455768276955,"[1810.9301162008048, -150.35735799902073, -102.65306582338087]","[-43.79370969580832, -4.322431432298856, -2.0220138819632325]"
Optical_A-T0014,Optical_B-T0015,False,reprojection,5.931728729076776,107.6045705551718,129.64671861570977,8.982276679910976,35.85367342790742,0.02000147316084444,7.306579436209495,48,48,0,6.0000014116570295,"[1849.08147992719, -100.87414590712969, -106.40924789562403]","[-35.84553352862318, 0.7621883224946675, -0.0518968634739132]"
Optical_A-T0014,Optical_B-T0016,False,reprojection,2.892531214585618,38.442219965632596,61.53009421788268,3.3003857363062945,36.804980701021684,0.015001128078631076,7.821697690454623,39,39,0,4.7700000000000005,"[1882.5966613319022, -106.99840266264793, -112.32974521476432]","[-36.80188617756619, 0.16918466843108604, -0.44626754756407006]"
Optical_A-T0014,Optical_B-T0017,False,reprojection,1.539088938192145,20.939072253722742,31.18416396323976,1.7572735990774597,52.2261259018775,0.027500535640014423,7.308678782677399,40,40,0,4.997499679691087,"[1803.593970363856, -142.3362358866241, -112.99213657410627]","[-51.616509397773115, -7.95507577191762, -0.14475417579298466]"
Optical_A-T0014,Optical_B-T0018,False,reprojection,5.7665679840281125,85.21231030802355,135.0905790204213,7.568724979231328,47.89660700104246,0.015001355067178146,7.546232300583931,41,41,0,5.24,"[1953.9533354286827, -65.44794359889136, -109.21410670143852]","[-47.6904639986579, -4.385911362555333, -0.6843882851370191]"
Optical_A-T0014,Optical_B-T0020,False,reprojection,5.886071512614368,81.8139027753582,222.32484205793347,7.267022042130387,64.59435859296175,0.022500907268300008,7.401929476360199,40,40,0,4.99750069684862,"[1839.7342420359464, -126.24593400042224, -109.65503042670879]","[-63.190502948342555, -13.375264655057975, -0.702705186262707]"
Optical_A-T0014,Optical_B-T0021,False,reprojection,5.889043937855847,98.11373049941193,119.92249113788542,8.495886672593075,38.432757889227105,0.015000206466269983,7.578531620203679,48,48,0,6.0,"[1940.6737651861233, -56.44377211827269, -107.74035790927036]","[-38.43058428005959, 0.40872304163451956, -0.004042328782122073]"
Optical_A-T0014,Optical_B-T0022,False,reprojection,3.886596074034945,52.66539043732183,70.19374124651269,4.769526398638064,39.396238956199966,0.010981300789588033,7.92344949763958,48,48,0,6.000000800202814,"[2053.615123460497, -1.42889257684228, -112.4125506010059]","[-39.38196151703758, 1.057158838970192, -0.08465313795573559]"
Optical_A-T0014,Optical_B-T0023,False,reprojection,3.066374027836517,41.24284534750637,59.000286472271746,3.772213555663484,40.01765626628299,0.013292507344186966,8.005436210623563,48,48,0,6.000000800202814,"[2079.8618249367655, 11.313068386283334, -113.67844865238307]","[-40.004741034896156, 1.0124361920991654, -0.09209090183952096]"
Optical_A-T0014,Optical_B-T0024,False,reprojection,6.026537366999343,175.77198408598778,278.9786690824874,15.254071421679429,54.66776264088136,0.02249949144034258,7.568820009290882,48,48,0,5.997501957699437,"[1930.9026671900408, -62.964926744417376, -102.06541448675772]","[-54.14202870754129, -7.55434130977347, -0.37003644005459657]"
Optical_A-T0014,Optical_B-T0025,False,reprojection,6.188708631627605,210.6185165561,243.69143489640413,18.315897662721344,61.569812326624785,0.025000586908200506,7.632429510465026,48,48,0,6.0,"[1949.1958108011454, -54.63046634110907, -97.97150465381421]","[-60.68454352875861, -10.403009869654074, -0.07315937314520393]"
Optical_A-T0014,Optical_B-T0026,False,reprojection,5.044378502591943,69.27560599769826,84.46455956018326,6.428558218502191,43.00449625269845,0.015002130438052319,8.117443607776838,48,48,0,6.000000800202814,"[2114.5816103629927, 27.94165270802297, -111.24056030214295]","[-43.00429064553376, -0.10959950174948752, -0.07531249583761301]"
Optical_A-T0014,Optical_B-T0027,False,reprojection,6.063714635773747,183.54997462154648,207.37305560852633,17.296190515529883,52.337290161654245,0.019999026529553987,8.251263078357143,48,48,0,6.000000800202814,"[2153.542288878421, 46.16061999917761, -100.53151815244607]","[-52.16500000606481, -4.243041724418095, -0.03623199270936728]"
Optical_A-T0014,Optical_B-T0028,True,,0.43072450750971436,5.155979371277165,12.973064203128938,0.48012935815749486,53.78365719587632,0.024999020240685343,8.33445167597086,48,48,0,6.000000800202814,"[2179.4084655438432, 58.32867026394615, -117.90578264882467]","[-53.579596279105296, -4.680661427752263, -0.007247784267065072]"
Optical_A-T0014,Optical_B-T0029,False,reprojection,6.004182833626944,148.54515532779936,169.15031113589464,13.685467836236345,57.21390411825653,0.02027140190707355,8.08210544567388,48,48,0,6.000000800202814,"[2098.0297253277686, 18.371165924961282, -103.65845252841017]","[-56.77742942321611, -7.053673791787601, 0.004310894716444358]"
Optical_A-T0014,Optical_B-T0030,False,reprojection|inlier_ratio,0.8294364253300681,10.282396955331414,16.621185092185996,1.0162213273655067,44.935744308093916,0.029997608645890406,6.000084321184668,48,32,16,6.000000800202814,"[2257.945716860192, 96.86089951132942, -117.92124073112363]","[-44.93491852870749, 0.2475933466288751, -0.11362603363672136]"
Optical_A-T0014,Optical_B-T0031,False,reprojection,5.862879263883074,83.6981510698437,102.09095038149145,8.513005275875095,42.43806087790494,0.03999814790464784,8.90535495845609,48,48,0,6.000000800202814,"[2358.0648993670807, 146.99423884288882, -111.17113346459382]","[-42.35705668622657, 2.6191726967803852, -0.09324345014403335]"
Optical_A-T0014,Optical_B-T0032,False,reprojection,2.9289362231047202,39.307998299077475,67.51613541223914,4.087918838474793,43.75363062991188,0.05499677609102904,12.969864873155842,35,35,0,4.28500164392456,"[2369.2889314514773, 113.38788377744451, -115.47386174538437]","[-43.728268400303264, 1.3070524804456767, -0.7143877260726195]"
Optical_A-T0014,Optical_B-T0033,False,reprojection,5.904007376395095,81.2465809247854,96.1640323066031,7.939656066564587,63.9143855018383,0.030000159570602314,8.588172669467783,48,48,0,6.000000800202814,"[2254.109399206905, 93.713568299011, -110.69951348067377]","[-63.318128887545285, -8.709942694845438, 0.011247680178696928]"
Optical_A-T0014,Optical_B-T0034,False,reprojection,5.900741094510337,112.0222190727819,134.93545341887418,11.216903006833713,46.755585353589126,0.039997695601898364,8.775680498266093,48,48,0,6.000000800202814,"[2317.8715521565086, 126.89313534579576, -108.0981696775957]","[-46.75550680022104, 0.0698114456166743, -0.049718943099995805]"
Optical_A-T0014,Optical_B-T0035,False,reprojection,6.099566473221793,173.4880012183233,206.58505751214565,17.785582879847205,46.84236838151201,0.04499822003787113,8.992591175471315,48,48,0,6.000000800202814,"[2382.733665919166, 158.77905206262727, -102.03527374127806]","[-46.83748842395923, 0.6761310476917011, -0.00072877224420001]"
Optical_A-T0014,Optical_B-T0036,False,reprojection|speed,6.22921178482796,158.21257683750477,199.13307222473853,15.630568644214408,73.1103727754979,0.03500070723927262,8.614925580078987,47,47,0,5.755000707239272,"[2297.1808429638354, 108.41156840331053, -103.54523400293012]","[-71.99727979934319, -12.7085934811358, -0.0998027984829466]"
Optical_A-T0014,Optical_B-T0037,False,reprojection,5.981520958509411,96.90256926420938,114.95745715289144,10.443998603262752,62.598237831013066,0.05999749769773555,9.497074835737818,48,48,0,6.000000800202814,"[2526.5653154629044, 226.97405203184573, -110.4704239936914]","[-62.35247501319233, -5.541458461044158, -0.021849526847312006]"
Optical_A-T0014,Optical_B-T0038,False,time_delta|speed,1.532729341927871,6.0676875744973575,11.718663236022959,0.708126091645495,66.8744890986271,1.8097273200991624,45.48613035946435,30,30,0,4.499727320099162,"[2607.1278542366545, 228.6652456745681, -121.18986504920161]","[-66.4264240566231, -7.727643398628459, 0.10491308646105302]"
Optical_A-T0014,Optical_B-T0039,False,reprojection,6.225054544780851,218.59894852283028,254.08574447533644,22.283100514734077,47.77185468852791,0.044997333242098314,8.760174721416728,47,47,0,6.245000893166356,"[2363.00609922995, 154.9794100025502, -97.87482356973139]","[-47.770767916723344, 0.1483556747126471, 0.28604828641738855]"
Optical_A-T0014,Optical_B-T0040,True,,0.09723108367537633,1.0740702188483662,3.274398177250664,0.0883625668553551,49.99373306825664,0.02000095575202465,7.14461044948713,47,47,0,6.224999937414331,"[1839.2175446004849, -103.28773062460127, -115.2967313154582]","[-49.6319923536479, -6.003222560016994, -4.9354657588374096e-05]"
Optical_A-T0014,Optical_B-T0042,False,reprojection,3.8391917695592452,53.07406378431454,68.88442018594587,3.8134167806523083,46.90102880392775,0.07000184314704327,6.259502175462494,47,47,0,6.175000680828082,"[1506.531193149663, -266.90182369563115, -108.80074061520781]","[-46.26857105320954, -7.676054382536535, 0.06344034443657198]"
Optical_A-T0014,Optical_B-T0043,False,reprojection,5.942300952549828,151.60958404783946,209.30724730253272,10.742911260958678,57.50858578610467,0.0700005023815411,6.225875812155798,47,47,0,6.1750030903208915,"[1488.654170200405, -276.7297911049899, -101.93286246297976]","[-56.10384330453107, -12.631478359012533, 0.20484150990877154]"
Optical_A-T0014,Optical_B-T0044,False,reprojection|inlier_ratio,0.6685955814231418,8.10537395032073,15.435688777273128,0.6167020964479472,49.12044399448974,0.0799998131132389,27.13053361682317,44,21,23,5.795001081410554,"[1453.1760668041695, -296.24938352082603, -113.67339759943872]","[-48.35576287436484, -8.631540913887356, -0.18632365896518532]"
Optical_A-T0014,Optical_B-T0045,False,reprojection,5.417403794142294,74.92912966112938,99.75032371253832,5.078128353470483,44.10307765104413,0.09000193194111361,5.983663881246322,47,47,0,6.155000139841975,"[1391.7626099346508, -323.1039146878124, -106.59460792645241]","[-43.468639317349016, -7.453335727852078, 0.08149061400725954]"
Optical_A-T0014,Optical_B-T0046,False,reprojection,5.961665746645886,155.24841188472087,211.90589053115184,9.98515619966255,40.13518518003929,0.10793369363870742,5.750230461328685,47,47,0,6.137067199527649,"[1289.2260988194996, -373.0426309742201, -101.1267631735134]","[-39.59814110367705, -6.541548150136045, 0.1686960840650335]"
Optical_A-T0014,Optical_B-T0047,False,reprojection,5.861995388698038,97.51115476437015,179.24018397397674,8.702612713966522,41.687988807518494,0.010002072985325405,10.560116488607067,34,34,0,4.7600005059298525,"[1939.4207690128771, -80.54449551548365, -109.24814935264178]","[-41.64069329493968, -1.7150434031148478, -0.999849417654968]"
Optical_A-T0014,Optical_B-T0048,False,reprojection,5.8313580660880175,103.28984432590849,143.01266704042064,7.11511204116983,43.92829984917517,0.09499918175731192,5.9572935016725275,45,45,0,6.245000893166356,"[1417.5865422553088, -309.129788901687, -105.41235771728152]","[-43.35470424987329, -7.070453999836843, 0.27171176134466335]"
Optical_A-T0014,Optical_B-T0049,False,reprojection,6.017764305940428,221.11936003669032,339.473804288901,13.821733479660203,46.87543750923598,0.12499996023792725,5.614818496676471,45,45,0,6.245000893166356,"[1259.1681127705353, -387.0684736201954, -97.52762910258774]","[-45.82174329791741, -9.866982902697856, 0.5631440489933393]"
Optical_A-T0014,Optical_B-T0050,False,reprojection,4.01894345617931,55.811290331309266,129.6420169865198,3.919560330844034,50.46956215100957,0.10000000000000053,5.899091836955579,43,43,0,6.752817719790438,"[1398.1364764837444, -312.197246008957, -108.6214945146695]","[-49.46406189964654, -10.02243723077558, 0.18448863845013497]"
Optical_A-T0014,Optical_B-T0051,False,reprojection|speed,0.8424445750511713,8.872611826308525,12.808604638999698,0.9215030360524975,66.62321337284898,0.052817719790438034,9.404033834129804,41,41,0,6.752817719790438,"[2458.3007958583185, 211.70012090719544, -121.5381712334335]","[-66.18785855513964, -7.603478008209038, -0.08403682331597317]"
Optical_A-T0014,Optical_B-T0054,False,reprojection,5.8711598018017215,101.36752101635636,181.86901251362085,8.287967546957963,41.30818046925905,0.04499789511058161,11.17610832177407,35,35,0,7.75,"[1816.1341239520673, -84.99311441169951, -109.20989790348553]","[-41.269198709444474, -1.5081272704624809, 0.971886668983848]"
Optical_A-T0014,Optical_B-T0056,False,reprojection,3.176552082542343,43.366841608383204,71.51729314121702,4.11803940868671,45.57523518195054,0.024996495497701332,15.26059624022004,34,34,0,7.737501752251149,"[2217.387761208546, 117.2561394341928, -115.97337548806645]","[-45.570764809784606, 0.42442168121947077, 0.4767837852840593]"
Optical_A-T0014,Optical_B-T0057,False,time_delta|reprojection,2.843926544710203,36.24303772170733,61.3558251543241,2.8721436830130087,38.35790309825729,0.2675012509307768,18.644198133478053,32,32,0,7.985,"[1764.120568815662, -106.67215722092186, -113.18597653391903]","[-38.35215099720305, -0.56534473276146, 0.3487539478953101]"
Optical_A-T0014,Optical_B-T0060,False,time_delta|reprojection,6.416062426698228,165.7974969538119,281.53793372207,12.328533219853732,49.86662066560129,1.0550029057596344,24.529839709008403,31,31,0,7.75,"[1653.033577184158, -168.15702864242567, -105.05830802968032]","[-49.34129625368168, -6.928190867710811, 2.0289189027557564]"
Optical_A-T0014,Optical_B-T0061,False,time_delta|reprojection|speed|not_inbound,4.774414731644209,49.5698254379294,130.2602527955511,3.72332225531264,16.82054947684665,1.8035919719682778,49.650761409575416,28,28,0,7.0014088598952195,"[1617.589809567399, -195.24487145542065, -113.06748135698184]","[-14.001582446655913, 9.320821260220413, -0.09415268220456219]"
Optical_A-T0015,Optical_B-T0002,False,reprojection,5.707879360707659,79.11494396791889,196.22758418298937,4.764862355985234,43.39200759613055,0.09999919151996028,5.972082448319415,48,48,0,5.999150184664191,"[1347.8132634250042, -306.7029759792394, -103.62249706661198]","[-43.26994065861595, 3.230474344949201, 0.3776163782597912]"
Optical_A-T0015,Optical_B-T0004,False,reprojection,5.8176985152927,102.74907784475916,286.0048347603665,7.365881725670552,45.566245388766156,0.08499940118531457,6.177110145408042,48,48,0,6.0,"[1432.7282432356094, -262.81577277570534, -102.47460283121802]","[-45.40487407633688, 3.8089453472758663, 0.4148063195150513]"
Optical_A-T0015,Optical_B-T0007,False,reprojection,5.660874720049674,79.11648497252108,193.32332091097024,5.296848619188393,48.7240035311399,0.07999931407396543,6.253221767651522,48,48,0,5.997500138099231,"[1461.792400832899, -248.510193680891, -103.4279412208676]","[-48.65195082089059, 2.6083184814195945, 0.46138500589176346]"
Optical_A-T0015,Optical_B-T0009,False,time_delta|reprojection,6.810234859185351,117.53931431416828,207.01923468201954,8.152749559352205,45.466097433888436,2.570002194451819,42.17622830703671,29,29,0,4.7550017572054255,"[1499.7173299941207, -262.29296968801117, -103.96534121553822]","[-45.28491068432469, 4.027713869180872, 0.46946902834989546]"
Optical_A-T0015,Optical_B-T0012,False,reprojection,5.78572138225792,102.37749425420219,228.8383605216773,7.6824755863730525,47.41006685852689,0.03750057329351186,7.04368180060667,40,40,0,4.999491163960469,"[1722.8227359902269, -143.9684597542974, -107.61641652811676]","[-46.755264549124064, 7.792904636675416, 0.9645277575555488]"
Optical_A-T0015,Optical_B-T0013,False,reprojection,5.779736065863754,90.08091413807375,193.97623021547327,6.5597030198639805,54.75679282522652,0.0499997106723189,6.763559802489473,48,48,0,6.000001571632307,"[1654.090375728979, -149.47256755269842, -107.44726312457135]","[-54.665278763292804, 3.1163522544107956, 0.5495515105026905]"
Optical_A-T0015,Optical_B-T0014,False,reprojection,5.9743923455100125,152.50893335744837,222.68929554828523,12.475131266776037,57.23931149889684,0.030000622629735574,10.461609286263874,35,35,0,4.245001664683041,"[1786.9090661390605, -137.30519568396977, -97.13504054409033]","[-57.18307804686264, 2.431713689217929, -0.721896452291005]"
Optical_A-T0015,Optical_B-T0015,False,reprojection,5.776172645724434,102.26394853438363,237.13148520650986,8.339712076011887,49.84654776765544,0.027501051783889174,7.172966760067046,48,48,0,6.0000014116570295,"[1801.991097788525, -70.95821423614956, -101.35580923586275]","[-49.01775115780961, 9.038465471131481, 0.494507544304045]"
Optical_A-T0015,Optical_B-T0016,False,reprojection,5.7688262961295464,97.51894209049016,223.17287937299247,7.7641210475774045,51.48472197256856,0.020000000000000018,7.663648868724921,39,39,0,4.7700000000000005,"[1850.45893717028, -88.35247391341302, -106.55661415257349]","[-50.8852125085224, 7.78641080553264, 0.8622942204861423]"
Optical_A-T0015,Optical_B-T0017,False,reprojection,5.464085556064099,74.63849814657053,167.9329593446567,5.679426601604,63.66106731289889,0.03000073166388728,7.171297149291357,40,40,0,4.997499679691087,"[1773.0245955718608, -122.24598159095655, -107.47728268019507]","[-63.651230671367735, -0.5539097836841336, 0.9723730710575255]"
Optical_A-T0015,Optical_B-T0018,False,reprojection,5.868340704899886,88.8216999067254,199.99268624685035,7.4939309771149505,62.266867719907864,0.019998267213126697,7.3857938648479395,41,41,0,5.24,"[1913.8214531730464, -42.84285200301642, -103.12847640316467]","[-62.17704133224932, 3.306018181839299, 0.4985886055777651]"
Optical_A-T0015,Optical_B-T0020,False,reprojection|speed,5.550276007728287,73.95399149377583,206.52382702956268,6.318117124460446,75.31288355083724,0.025000000000000133,7.266737347427587,40,40,0,4.99750069684862,"[1809.2633244211154, -106.35511351646005, -104.1298499146971]","[-75.06252742742232, -6.124470466417165, 0.37184197641663674]"
Optical_A-T0015,Optical_B-T0021,False,reprojection,5.802149991409649,96.03363624839558,228.68463276344636,8.16680809238822,53.55837776735424,0.021342484434328665,7.434611853445234,48,48,0,6.0,"[1889.0749157839589, -26.401432171972438, -102.41584039955123]","[-52.84150097711465, 8.714640007238858, 0.5750244346536058]"
Optical_A-T0015,Optical_B-T0022,False,reprojection,5.82788663803816,91.8720947687067,230.01205251155827,8.107091227005249,56.3548479728015,0.020000000000000018,7.763073892531967,48,48,0,6.002501190606406,"[1995.546230348858, 28.62743307320597, -106.63569530183541]","[-55.57031061677917, 9.353394643185233, 0.568750069084585]"
Optical_A-T0015,Optical_B-T0023,False,reprojection,5.845383871507556,93.98175192611815,230.4596216109146,8.356281120392412,57.35153969203929,0.019999999999999796,7.841574592838714,48,48,0,6.002499933760961,"[2020.344843196538, 41.34042398094061, -107.79185298117385]","[-56.58973481236731, 9.298664064825044, 0.5795390608342303]"
Optical_A-T0015,Optical_B-T0024,False,reprojection|speed,6.089398971889986,154.1832037793483,339.7791186679114,13.042429769728741,67.39979062881025,0.026469802164161393,7.438094885759644,48,48,0,5.997501957699437,"[1882.8161873983315, -33.03629171672472, -96.95158620945953]","[-67.39641261684713, 0.6615691084779081, 0.1329266784979416]"
Optical_A-T0015,Optical_B-T0025,False,reprojection|speed,6.17760184490403,158.74639059810156,251.14835127268486,13.860581101141708,73.70942253313137,0.027498851747814967,7.503447585416142,48,48,0,6.0,"[1901.320900275209, -24.69261016992077, -92.97032446955772]","[-73.67649700170254, -2.170639516019369, 0.37561125822662533]"
Optical_A-T0015,Optical_B-T0026,False,reprojection,5.8666006153855,87.2525942384872,216.34605606591165,7.968664837034547,60.50364362046137,0.02249947038328237,7.949867864308425,48,48,0,6.005,"[2053.4953454191636, 57.95075826032503, -105.34536718886267]","[-59.94773639569736, 8.162481144294226, 0.5776624904031498]"
Optical_A-T0015,Optical_B-T0027,False,reprojection|speed,6.118564467509652,142.43075130807415,249.39408665154923,13.42313868137111,69.20240197490027,0.02499991764136933,8.08548880073384,48,48,0,6.005,"[2092.1553105091866, 76.13730694317486, -94.90067619062387]","[-69.08464171469384, 4.003090441338003, 0.5098874057392662]"
Optical_A-T0015,Optical_B-T0028,False,reprojection|speed,6.009479123297906,101.07696843305128,197.0411568557162,9.165375931315335,70.9514053622449,0.027208497756525674,8.16513610899576,48,48,0,6.005,"[2116.341407109153, 88.2540955104868, -111.67169881178499]","[-70.85906898429081, 3.551734609608962, 0.6924209846729803]"
Optical_A-T0015,Optical_B-T0029,False,reprojection|speed,6.058140750924603,111.31148606834982,218.55009386332617,10.294257180923116,72.43231306614186,0.027499204070797534,7.929106004843994,48,48,0,6.0024994689357225,"[2040.894019189593, 48.4220193216463, -98.09971750649109]","[-72.42006991305456, 1.2144642534122634, 0.5463757654375394]"
Optical_A-T0015,Optical_B-T0030,False,reprojection,5.9689035725480295,104.12349924840925,226.4460547175178,9.854513629300566,64.92275880541119,0.024996229319300678,8.382950011534756,48,48,0,6.005,"[2186.371469956568, 126.33165756968363, -111.42883201652964]","[-64.37091726902369, 8.423875667762736, 0.6228479623295131]"
Optical_A-T0015,Optical_B-T0031,False,reprojection,5.9560094582026055,92.14619204000184,225.22660289813243,9.390482616377152,64.63040505101813,0.03249819578443258,8.696540117381495,48,48,0,6.005,"[2281.468908422179, 176.08777538074025, -104.60760270300544]","[-63.74982946988746, 10.613013092297777, 0.6422248217364821]"
Optical_A-T0015,Optical_B-T0032,False,reprojection|speed,6.003797834217843,97.77578933496984,205.02095129020194,9.633720321543388,67.3579120304306,0.054998170051717477,12.492275093765988,35,35,0,4.28500164392456,"[2326.575614853096, 125.78713271354842, -108.03579018214704]","[-66.92296169807841, 7.564306515665976, 1.0893932227665761]"
Optical_A-T0015,Optical_B-T0033,False,reprojection|speed,5.45736269672975,71.42088233442021,178.6171281830876,6.939946880294725,81.11657146587531,0.0324991676584796,8.415240017271683,48,48,0,6.005,"[2188.5606651706826, 123.51435071232041, -104.52756080544094]","[-81.11239810703485, -0.5118000942084011, 0.64428283223556]"
Optical_A-T0015,Optical_B-T0034,False,reprojection|speed,5.993273681149582,96.29203147177026,221.4911865249647,9.715233447913313,67.51491998360711,0.030000000000000027,8.578240739244999,48,48,0,6.005,"[2244.9509478411765, 156.2745097937426, -101.76954083505117]","[-67.01804689375793, 8.1516626388187, 0.6294498882538573]"
Optical_A-T0015,Optical_B-T0035,False,reprojection|speed,6.138923453459796,136.13252501717446,253.6116914367901,13.996205015589986,68.84907511945259,0.03750082402526589,8.783976855302127,48,48,0,6.005,"[2305.738919591824, 187.82485591655575, -95.74758346199853]","[-68.29981559119335, 8.655813584736514, 0.6381427734434846]"
Optical_A-T0015,Optical_B-T0036,False,reprojection|speed,6.259416443379928,110.39768301328493,203.9677190644491,11.049774955002238,89.88224765331086,0.035002866826433277,8.471158011949013,47,47,0,5.75,"[2236.8341564163975, 136.02022204474198, -97.5187055516573]","[-89.7614059234123, -4.625419399270072, 0.560308169104915]"
Optical_A-T0015,Optical_B-T0037,False,reprojection|speed,6.154720619521109,81.06753703646626,193.45067337381874,8.80596347891512,85.34486618505204,0.05000148136894733,9.276518381956876,48,48,0,6.005,"[2443.01187017805, 255.38535188075582, -103.5600738526282]","[-85.31228877110328, 2.2512397983707544, 0.7010621588377903]"
Optical_A-T0015,Optical_B-T0038,False,time_delta|reprojection|speed,6.683029430087793,72.74792638651215,143.22686163039427,7.903233326097992,101.96363819330399,1.8100017109442335,38.90633358706487,30,30,0,4.500001710944233,"[2519.2548133283585, 223.42974284546713, -111.30345023017064]","[-101.6384712940997, -7.906416446595955, 1.9217818779632416]"
Optical_A-T0015,Optical_B-T0039,False,reprojection|speed,6.24549694801592,172.2953472790437,278.39974260737574,17.488515431605414,69.4201543336278,0.03000000000000025,8.534839107307041,47,47,0,6.26,"[2280.8636616437093, 186.0814924067485, -91.57364427915748]","[-68.93183513436524, 8.17553989240416, 0.8488110396908812]"
Optical_A-T0015,Optical_B-T0040,False,reprojection,5.878667413162538,99.33840395059487,194.36211497914164,7.807780680821585,61.88622504301164,0.029998626414772467,7.011231838241296,47,47,0,6.224999937414331,"[1791.335029423215, -71.72365291116634, -109.88755161503227]","[-61.84275156775897, 2.2536239106601528, 0.547821021892609]"
Optical_A-T0015,Optical_B-T0042,False,reprojection,5.065397006002419,70.28075238836469,173.71534776856467,4.635091685705076,54.21686431632746,0.08499835194946836,6.165620180481211,47,47,0,6.175000680828082,"[1475.4076947851029, -237.68051223723012, -104.54489079345497]","[-54.21487021749027, 0.04962955665196489, 0.46234240866987]"
Optical_A-T0015,Optical_B-T0043,False,reprojection,5.907630433876162,102.94786201044191,198.05560255680982,7.338982272505241,63.511194811891116,0.08499690967910833,6.138256316496619,47,47,0,6.1750030903208915,"[1459.6846210345584, -248.01859800768216, -97.92528554156306]","[-63.30740553919455, -5.056281025554473, 0.5275343785596815]"
Optical_A-T0015,Optical_B-T0044,False,reprojection,5.790051300180926,92.09079779964163,160.99405480068415,6.0087026180510925,55.52623536797577,0.08999972014969693,5.784164434856649,44,44,0,5.792500727790918,"[1428.683740008802, -272.89898563440687, -108.38238608063682]","[-55.488972810031555, -1.927273445045472, 0.6498674445181862]"
Optical_A-T0015,Optical_B-T0045,False,reprojection,5.071664381003685,70.90587939505043,180.68922123731087,4.437265656947025,50.23389502553129,0.10358506615233054,5.900075435095619,47,47,0,6.155000139841975,"[1365.388982960782, -295.0707996601154, -102.71433573422134]","[-50.231988483450664, -0.010172009593659936, 0.4375373867425596]"
Optical_A-T0015,Optical_B-T0046,False,reprojection,5.83537908124224,117.27872494287499,230.35165551540504,7.345299065120606,45.44031911855606,0.11999861858196592,5.67439147870202,47,47,0,6.137067199527649,"[1266.6282248815792, -346.1763781763785, -97.6414498699526]","[-45.43350902012645, 0.6282827504621755, 0.47341366665112083]"
Optical_A-T0015,Optical_B-T0047,False,reprojection,5.878847224549402,111.92219281945601,210.3610340214361,9.374126814792605,58.00395316420579,0.010002872920479078,10.153041474832559,34,34,0,4.76000194857188,"[1903.713662243485, -63.47185557966142, -102.67507398990338]","[-57.78879410539575, 4.973213204012978, 0.4254514625510355]"
Optical_A-T0015,Optical_B-T0048,False,reprojection,5.72267459040951,81.09465583762767,193.02972774804377,5.288048700752309,50.29507044556091,0.10293992910327088,5.874850648545186,45,45,0,6.26,"[1388.222066930077, -280.24991774586414, -101.34235084013214]","[-50.288692247746866, 0.5488158093899358, 0.5833903861934484]"
Optical_A-T0015,Optical_B-T0049,False,reprojection,5.904825953906398,169.79308882509451,262.64613916469995,10.61688836146288,51.05493910545847,0.1329407075838862,5.545805795629159,45,45,0,6.26,"[1236.541900457927, -360.24610432372776, -94.08722405000815]","[-50.97236652864734, -2.7960771322241555, 0.7788518485298717]"
Optical_A-T0015,Optical_B-T0050,False,reprojection,4.749355458201315,65.45956669306861,158.51249178440165,4.145154114547397,56.0095122851604,0.11000000000000032,5.818889916869417,43,43,0,6.745001648050532,"[1366.606962022982, -279.81505623232727, -104.20974254065507]","[-55.9585419703252, -2.348289605034836, 0.4388426913731531]"
Optical_A-T0015,Optical_B-T0051,False,reprojection|speed,6.239033424809681,109.1439163348151,184.93884304345823,11.009781715532673,87.66783792946165,0.040000000000000036,9.224174791350572,41,41,0,6.745001648050532,"[2359.173665924523, 245.4839721479523, -113.02367461868204]","[-87.6643419879154, 0.6621437252609326, 0.41775200689477954]"
Optical_A-T0015,Optical_B-T0054,False,reprojection,5.860258554698696,108.14011630372528,217.8925418617684,8.797278288107098,55.07938370194235,0.06500133019282828,11.057483886612326,35,35,0,7.74,"[1745.379957966456, -40.36816810190113, -102.03730306211187]","[-54.646613665146326, 6.797189928509653, 1.1332841628658228]"
Optical_A-T0015,Optical_B-T0056,False,reprojection|speed,6.002923729821177,105.37461927782456,211.18014901678373,10.266148449498676,67.16353355200506,0.017202619717917145,15.004118192511168,34,34,0,7.732501752251149,"[2114.2613642851866, 162.1065741676787, -106.68688955660558]","[-66.67833943688771, 8.02433895627263, 0.7411298437800437]"
Optical_A-T0015,Optical_B-T0057,False,time_delta|reprojection,5.95281970190564,110.85572561714744,219.1608261866805,8.785592487723191,53.34759158497773,0.27999950967585896,18.28523418656856,32,32,0,7.98,"[1696.9273299707277, -58.25101962131559, -105.29554906125253]","[-52.88727586681881, 6.9698034022794175, 0.5687001302670875]"
Optical_A-T0015,Optical_B-T0060,False,time_delta|reprojection,6.448613462710936,130.13438372014878,232.7133542240169,9.534184937190249,61.2842327617008,1.0650029057596342,23.962422863739565,31,31,0,7.74,"[1600.2757633663086, -122.27280739934614, -97.9738041520649]","[-61.244160404041104, 0.6747721133418594, 2.110612278335809]"
Optical_A-T0015,Optical_B-T0061,False,time_delta|reprojection,6.749900892316417,140.6754337006547,264.79781170709265,10.456472693318414,48.60997330942129,1.8035296341652516,43.98759342868536,28,28,0,7.001471197698246,"[1623.9111605812238, -131.53469889206323, -105.1062247711193]","[-48.100556012642045, 6.990222264421092, 0.6346724441213827]"
Optical_A-T0016,Optical_B-T0002,False,time_delta|reprojection|speed,6.815324349962536,79.20233316287647,214.61716991873388,5.821063420763755,32.669245352898365,3.2249580733279832,59.97353853540391,28,28,0,4.9999604569804745,"[1462.512842670704, -382.01126292676685, -102.42148599801702]","[-30.4826850812413, -11.743975651208814, -0.4056329246432442]"
Optical_A-T0016,Optical_B-T0004,False,time_delta|reprojection,6.945514823679105,127.7922269626337,325.39626361778386,10.075976798862547,37.90537503780031,3.224312686643039,60.693419602491836,28,28,0,4.9993150702955305,"[1529.372170420601, -313.14826369874265, -100.09603947955138]","[-37.62393768251482, -4.6039786756754495, -0.2452557287042128]"
Optical_A-T0016,Optical_B-T0007,False,time_delta|reprojection,6.864146380673723,93.41997998304365,235.48784647505207,7.325295733864306,37.7788864573055,3.2226243581065166,59.44425088663802,28,28,0,4.997626741759008,"[1583.360518045552, -315.8512240961662, -101.71446377394417]","[-36.33154686915046, -10.352381788368717, -0.30191945375555385]"
Optical_A-T0016,Optical_B-T0009,False,reprojection|speed|not_inbound,4.507194291515681,58.21666348864476,93.91339970701615,4.6477825616074,16.12206300928096,0.04000000000000001,3.3640806059202943,9,9,0,1.19,"[1685.170867317853, -295.78858840589123, -99.76760204559551]","[1.4261820597664387, -14.436200858916877, -7.034417187559571]"
Optical_A-T0016,Optical_B-T0012,False,time_delta|reprojection|speed|not_inbound,6.416888667520446,76.98551895742483,200.06056432759084,6.652373027176958,20.56341407028185,1.2249989111382404,26.050657032945253,20,20,0,3.0000012947907315,"[1918.044406515207, -227.27840152336563, -108.25741294191698]","[-7.3017647962367676, -19.145665697601572, -1.7267640493088812]"
Optical_A-T0016,Optical_B-T0013,False,time_delta|reprojection,6.89519376556082,85.67061643202896,234.26751333143773,7.4191313170581035,35.00150183436168,3.2224969126828062,64.68261233305016,28,28,0,4.997499296335297,"[1837.6650753693384, -246.04864023198232, -108.62391682016157]","[-30.508662280297628, -17.13887197621213, -0.7653260158777958]"
Optical_A-T0016,Optical_B-T0014,False,reprojection|speed|not_inbound,5.954605412779426,83.44609451705905,233.07180634425256,7.287509704588798,27.866049220417025,0.005002403253651838,9.357352230122434,15,15,0,1.7750036932930626,"[1985.8864838620352, -179.91873398050154, -85.70485215865745]","[-14.967532603636087, -23.432104105547978, 1.8509900325384279]"
Optical_A-T0016,Optical_B-T0015,False,time_delta|reprojection|speed|not_inbound,5.246583629133038,54.80614701268181,128.4322377749721,5.029090839832666,19.5881794902675,3.224997616347509,78.27216337471918,28,28,0,5.0,"[2028.855648554466, -188.84307200809639, -96.92863264264192]","[-12.327842602609763, -15.221999140576486, -0.10869531960863492]"
Optical_A-T0016,Optical_B-T0016,False,time_delta|reprojection|speed|not_inbound,5.530510453530609,66.05161630295392,173.0113342339334,6.033423197039638,20.34674824967349,0.9899980520078597,22.605153618677978,19,19,0,2.765000435660351,"[2059.3014604132095, -166.99593103901412, -105.23025130560917]","[-4.900956722903814, -19.685491763196296, -1.5659506942895396]"
Optical_A-T0016,Optical_B-T0017,False,time_delta|reprojection,6.238311848168915,76.68467842892287,192.47296873974608,6.998439327845041,37.25499685292477,1.2224972720349685,25.531051905487246,20,20,0,2.99749965568746,"[2006.7468441492695, -187.97324131624606, -107.64971998165349]","[-26.447894133759007, -26.185419738741786, -1.6635743165912662]"
Optical_A-T0016,Optical_B-T0018,False,time_delta|reprojection|speed|not_inbound,4.544365105838358,49.91200576374575,128.78832358003962,4.819310784934986,28.551828770008463,1.469997792606315,32.23904692463463,21,21,0,3.2450001762588063,"[2176.6910726698616, -124.96826912803472, -98.71124177577408]","[-15.86267111510939, -23.734021296697577, -0.5280381554991618]"
Optical_A-T0016,Optical_B-T0020,False,time_delta|reprojection,6.442103309887772,98.47851032450289,232.809670656191,9.290869570478531,53.34217393887603,1.2250001942326696,24.9132795634855,20,20,0,3.000002577885161,"[2054.7302161827993, -151.23198542194245, -100.49819353959545]","[-46.37733993471269, -26.30003163688707, -1.68469492910388]"
Optical_A-T0016,Optical_B-T0021,False,time_delta|reprojection|speed|not_inbound,5.77072735771054,62.144118958781604,148.36983394940984,5.954145620614989,20.40925290907868,3.2224971582873616,79.98106473871721,28,28,0,4.9974995419398525,"[2132.4090421322503, -141.74530297684498, -98.64863359121004]","[-13.869197605065715, -14.971849953675104, -0.16331277664299657]"
Optical_A-T0016,Optical_B-T0022,False,time_delta|reprojection|speed|not_inbound,6.0987589244644385,66.27210189626005,187.4036981370654,6.669644558356743,18.16370458085849,3.224999072294665,84.71693840297154,28,28,0,5.000001455947157,"[2276.2805672476516, -93.53315672145419, -106.41600070783934]","[-8.784726442263512, -15.876303620153806, -0.8317023481913741]"
Optical_A-T0016,Optical_B-T0023,False,time_delta|reprojection|speed|not_inbound,6.411096584924524,70.5856807619831,200.1369783801063,7.186073839879546,18.13960873328906,3.22329242356891,85.42645292543838,28,28,0,4.998294807221401,"[2307.943989629287, -80.76654163206567, -108.56991018611535]","[-8.599737416137966, -15.940316945938918, -0.9981067244067433]"
Optical_A-T0016,Optical_B-T0024,False,time_delta|reprojection|not_inbound,6.57028638609763,75.5835870145604,196.90174279120916,7.4236804798352205,37.18510388783722,3.2249976163475087,69.8927721821301,28,28,0,5.0,"[2182.8999471888665, -168.5314368442514, -87.9394749959004]","[-21.62653377884653, -30.248730663380826, -0.1981946414557063]"
Optical_A-T0016,Optical_B-T0025,False,time_delta|reprojection,6.872461331650733,101.16408759133064,307.33621762844876,9.695727660495148,55.933295450681335,3.2249999027036584,60.32867490599109,28,28,0,5.00000228635615,"[2103.0484848237224, -94.76019923560274, -81.19995198614806]","[-53.351380079596844, -16.788143640701392, 0.567465130896959]"
Optical_A-T0016,Optical_B-T0026,False,time_delta|reprojection|speed|not_inbound,6.124604568113033,66.93863664416851,174.65193541107686,6.913911278218585,20.89230883203093,3.2274990926768523,84.39639653988336,28,28,0,5.002501476329344,"[2340.1202997445084, -57.54455575232136, -103.72126603987125]","[-13.794757659136414, -15.676848111629148, -0.6554866463662197]"
Optical_A-T0016,Optical_B-T0027,False,time_delta|reprojection|speed|not_inbound,5.874373078931101,64.78246648516003,217.0716764081093,6.878964032580989,30.950569265719157,3.2224967289839204,78.92641568760259,28,28,0,4.997499112636412,"[2393.5862554445944, -34.62784933949643, -83.50853642738775]","[-23.799063544912286, -19.77501643150307, 0.7007406018562634]"
Optical_A-T0016,Optical_B-T0028,False,time_delta|reprojection|speed|not_inbound,6.986750382337786,87.13340013222872,246.42466641482488,9.427112922609362,31.97796456539098,3.2227888848949027,78.94619901406392,28,28,0,4.9977912685473935,"[2423.778686209464, -21.66171269119984, -115.59118934092501]","[-24.787908617504115, -20.15248048784644, -1.4238449011865753]"
Optical_A-T0016,Optical_B-T0029,False,time_delta|reprojection,5.68744840367201,63.64226178351781,193.27399429438074,6.611120545206934,40.94822673798381,3.222497938777783,71.66788139657112,28,28,0,4.997500322430274,"[2312.135604964762, -49.82213614758756, -89.89912935380586]","[-35.715057919674614, -20.027882610620104, 0.2753705046674205]"
Optical_A-T0016,Optical_B-T0030,False,time_delta|reprojection|speed|not_inbound,7.1171757502673545,85.14303309583758,232.38449708544454,9.345401890242586,18.761086057164565,3.223184530036116,89.9423707053752,28,28,0,4.998186913688608,"[2517.622164809899, 7.959834323354966, -115.15276170970142]","[-9.436665475703979, -16.138610460678276, -1.5725606959596041]"
Optical_A-T0016,Optical_B-T0031,False,time_delta|reprojection|speed|not_inbound,5.144689693902382,52.47378538821574,151.43062888423506,5.9949521363236675,16.763193155387405,3.2241091253295022,98.18050783398587,28,28,0,4.9991115089819935,"[2666.2672037794887, 46.67525979332726, -101.69408231772829]","[4.542402755654697, -16.126716601117522, -0.5479357968669822]"
Optical_A-T0016,Optical_B-T0032,False,reprojection|speed|not_inbound,5.309885157806663,69.09817497014784,156.14840950615812,7.681339314877177,21.603295676953813,0.06361666915207276,11.313727351192089,15,15,0,1.7750023836524913,"[2590.901021119361, 69.22430686344835, -104.19795778276173]","[9.838028520472292, -19.000880019665942, -2.980291498247233]"
Optical_A-T0016,Optical_B-T0033,False,time_delta|reprojection,6.086966932733126,69.71527382212919,183.40235870409734,7.757298632468883,46.20145922596731,3.2249976163475087,73.62058427036668,28,28,0,5.0,"[2490.4404667379195, 31.07703078774032, -101.55531807661633]","[-41.23366451316536, -20.834919110398253, -0.5156462814853585]"
Optical_A-T0016,Optical_B-T0034,False,time_delta|reprojection|speed|not_inbound,5.664582944351677,60.011510960546254,131.57168812976818,6.729092375421705,18.7619858232255,3.2249994435537936,91.8527625676904,28,28,0,5.000001827206285,"[2591.339127424201, 39.842261559717215, -96.2062183518765]","[-9.792452088913334, -16.00328810288982, -0.12150725557272765]"
Optical_A-T0016,Optical_B-T0035,False,time_delta|reprojection|speed|not_inbound,5.860636584764195,62.39112977907281,191.09248914769987,7.193009180479541,16.929335651836062,3.2224977888523756,95.49034986662079,28,28,0,4.997500172504867,"[2678.4999953828265, 68.87239093832646, -84.17973019589137]","[-5.352433924566871, -16.03990246180137, 0.8218185393209365]"
Optical_A-T0016,Optical_B-T0036,False,time_delta|reprojection,6.5017372182242985,74.74123095269826,219.5669315059494,8.439732988550563,58.756590073964354,2.939999903661676,63.325114891754595,27,27,0,4.715002287314167,"[2529.02063526601, 59.84909054453537, -87.80179050398026]","[-54.02228467816699, -23.103483459590343, 0.3983557498090421]"
Optical_A-T0016,Optical_B-T0037,False,time_delta|reprojection|speed|not_inbound,5.354170048638575,57.014975621379776,148.0122110349508,7.068437970937047,30.213642800693044,3.2249993382147184,90.76137858311975,28,28,0,5.00000172186721,"[2855.0928613781307, 148.71587395795223, -98.94940126869099]","[-21.395214132245595, -21.329779473151717, -0.38669257808329055]"
Optical_A-T0016,Optical_B-T0038,False,reprojection|speed|not_inbound,6.208333988519208,118.08435484742522,182.41964268895128,14.656995612503161,28.45358948522434,0.0886161895292299,5.106856076212439,10,10,0,1.2706914256125423,"[2932.6878722110396, 223.5979524327558, -111.20925258799416]","[0.22514051949984903, -26.382619937927785, -10.654268231605768]"
Optical_A-T0016,Optical_B-T0039,False,time_delta|reprojection|speed|not_inbound,6.829938786305967,75.98960124915293,237.87023595850218,8.752518055552779,18.18297216114795,3.5149976163475087,98.31741009654911,27,27,0,5.29,"[2669.1697993661924, 60.62011059621753, -75.41812476027171]","[-6.85379738405711, -16.763724101145797, 1.6197198189923907]"
Optical_A-T0016,Optical_B-T0040,False,time_delta|reprojection,6.894918524509554,87.72020964913315,240.60920358085966,8.245007962846094,37.55114728612972,3.454997616347509,70.20704254005435,27,27,0,5.23,"[2021.8326157552592, -178.85025332695125, -113.084731615642]","[-31.84681625482078, -19.853831566559734, -1.3016639593100103]"
Optical_A-T0016,Optical_B-T0042,False,time_delta|reprojection,6.159351861740909,71.00693530686331,198.68833317751182,5.681248516238497,41.50200628956901,3.4049976163475084,59.7879061605439,27,27,0,5.18,"[1630.8267787722627, -326.14602087919764, -103.67648169690956]","[-37.302604195263854, -18.18277569805673, -0.5647249109672654]"
Optical_A-T0016,Optical_B-T0043,False,time_delta|reprojection,6.7038003733135385,79.08595860748929,249.02691710135917,6.275120481223309,55.693377656289655,3.4049976163475084,52.031487744553424,27,27,0,5.18,"[1600.8309931460894, -312.37300354455454, -91.52580036313971]","[-52.597057163008515, -18.309393334230975, 0.2607839905683881]"
Optical_A-T0016,Optical_B-T0044,False,time_delta|reprojection,6.803527082420865,91.69208959579649,237.9193683550271,7.221649663204956,43.38978335460233,2.7259496746559573,45.92340544672507,24,24,0,4.500952058308449,"[1591.643733577963, -353.2595173161923, -111.12858813301841]","[-37.481607574978284, -21.81555732145074, -1.3725348480650905]"
Optical_A-T0016,Optical_B-T0045,False,time_delta|reprojection,5.734854875725989,64.9621072533045,177.45910180853184,4.874953346082638,39.96118669958141,3.384997616347509,58.325906051075904,27,27,0,5.16,"[1501.497255400941, -379.87655553015935, -100.60963101884713]","[-35.93181131834763, -17.484080809957106, -0.3290836555606438]"
Optical_A-T0016,Optical_B-T0046,False,time_delta|reprojection,6.821071267730289,85.92874027202117,258.98261686217234,6.049148771388779,38.23960056287951,3.3699997711041836,57.46783251700046,27,27,0,5.145002154756675,"[1370.0184481895883, -410.7757714073086, -91.7652654909218]","[-36.361993084223116, -11.830548582781887, 0.3326114578943411]"
Optical_A-T0016,Optical_B-T0047,False,time_delta|reprojection|speed|not_inbound,4.97052037683528,58.51790853689255,117.12575077073443,5.488742936825418,23.072499488263663,0.9986115581727608,13.604651123012033,14,14,0,2.501113757445011,"[2136.9071455345766, -131.9528043732755, -95.24248858159018]","[-6.987825651889857, -21.988682021095016, 0.0915874985458817]"
Optical_A-T0016,Optical_B-T0048,False,time_delta|reprojection,6.80586045517456,81.63501605309008,190.44407800662887,6.243383579929834,40.430437250406925,4.05999741928761,67.46299574572903,25,25,0,5.834999802940101,"[1500.4436231625646, -367.6059189841367, -97.64847118951144]","[-37.47402990657332, -15.175468952841527, -0.1499362587339832]"
Optical_A-T0016,Optical_B-T0049,False,time_delta|reprojection,6.759173562279996,87.90792975672336,280.45117110698214,6.172541705975978,44.851018301020154,4.089998227251593,63.18289612778132,25,25,0,5.865000610904085,"[1336.1383423552986, -450.75207448539913, -83.98410301409339]","[-40.44897527756444, -19.35247825457901, 0.9878395818510269]"
Optical_A-T0016,Optical_B-T0050,False,time_delta|reprojection,6.200270837034475,72.37040306739799,156.13826533372168,5.691499631302103,46.90343207850996,4.388282085173433,70.40388741191927,23,23,0,6.163284468825925,"[1513.8127742952306, -388.29654558972913, -103.40958524074225]","[-41.433419967462015, -21.96279661242471, -0.91608706168311]"
Optical_A-T0016,Optical_B-T0051,False,time_delta|reprojection|speed|not_inbound,6.787366713008531,77.39611910918529,159.17690684102487,9.59744176873811,34.740025247968774,4.924997616347509,117.17687013728909,21,21,0,6.7,"[2865.251288026746, 79.3777645313466, -121.36844552966625]","[-18.367054447747666, -29.302979441851086, -3.2948537104753397]"
Optical_A-T0016,Optical_B-T0054,False,time_delta|reprojection|speed|not_inbound,6.450598011600664,72.53024921289696,134.41241708107455,6.924520383004777,26.982108092570332,6.54,125.40296701712073,15,15,0,8.225001758607199,"[2071.331864376594, -252.45530466781872, -97.09808772854133]","[-14.335583895727506, -22.853101499544607, -0.5108261340413527]"
Optical_A-T0016,Optical_B-T0056,False,time_delta|reprojection|speed|not_inbound,4.950968137493708,50.622962128340944,102.19041923523004,5.771638304791951,22.981831699828,6.997571395998428,153.00045487250458,14,14,0,8.500000933699742,"[2638.9800066607145, -67.72093380115986, -109.86881852655021]","[1.1312004324274838, -22.860301031656235, -2.0716202844517295]"
Optical_A-T0016,Optical_B-T0057,False,time_delta|reprojection|speed|not_inbound,5.028242439688441,52.554926094515075,106.74464600345631,4.828701329516384,25.678727376145094,7.720000000000001,145.01080562210572,12,12,0,9.000001641602973,"[2025.0009625064722, -300.25135673656683, -108.3776075664283]","[-10.758134398895798, -23.25688775914449, -1.6663600067913606]"
Optical_A-T0016,Optical_B-T0060,False,time_delta|reprojection,5.902898325000871,67.19860504807116,146.64651628808792,6.0714540060211535,42.61771012999668,8.035002905759635,145.2836443178327,11,11,0,9.195001942198491,"[1844.8848907255708, -373.7860111642444, -78.96824256287222]","[-29.69190229682787, -30.5149245511829, 1.870704240564127]"
Optical_A-T0016,Optical_B-T0061,False,time_delta|reprojection|speed|not_inbound,6.383175775394203,71.17483992623092,105.69601640145203,5.621934760458358,20.17820995030393,7.804308582659844,69.56118510437732,8,8,0,5.290001607757994,"[1751.2876335725534, -327.883343999561, -103.80735790422534]","[18.956792471593033, -6.649326396700928, -1.8938411912392648]"
Optical_A-T0017,Optical_B-T0002,False,reprojection,4.045720788560009,54.257625778168624,89.27035554217052,3.852082320902686,35.47766831900755,0.08500120231986408,9.501896534765997,35,35,0,4.245001202319864,"[1420.4084629322504, -311.46774202307313, -106.18096445897874]","[-35.11724210776788, -5.022850669009472, 0.46392591516088183]"
Optical_A-T0017,Optical_B-T0004,False,reprojection,5.930698887880094,108.01898805085895,332.0069652942905,8.38435814901295,36.81762169388545,0.07000114166798621,9.716350239390653,35,35,0,4.245001202319864,"[1508.0717765993002, -267.8698498912334, -104.8074910931575]","[-36.55510760878684, -4.332934195569692, 0.6978940900607027]"
Optical_A-T0017,Optical_B-T0007,False,reprojection,5.058870680545791,69.14925361849764,158.9653576273091,5.242888032165454,39.73026446905476,0.0650014457104926,9.771967446974845,35,35,0,4.245001202319864,"[1542.7179383719404, -251.81510407397968, -106.1107952281173]","[-39.30469676981002, -5.763541078643385, 0.6452292996374887]"
Optical_A-T0017,Optical_B-T0009,False,reprojection|speed|not_inbound,4.638881133845606,60.5710442583717,89.40623682121674,4.69271046712297,20.325126462275495,0.054676564817094486,6.029492269006171,16,16,0,1.9974997813768032,"[1609.690579390621, -248.07728226819614, -108.42972658946447]","[-20.086315464161032, 2.584275168584469, -1.7240123650179107]"
Optical_A-T0017,Optical_B-T0012,False,reprojection|speed|inlier_ratio,0.8190697169312514,8.20990712121351,14.314349877704968,0.6823367739078486,32.0694407620807,0.030001090112889095,25.775740917044736,27,15,12,3.2450028305823393,"[1788.7322209829179, -147.7111603783805, -112.2787267361217]","[-32.0346869964803, -1.4597201359840994, 0.31157174894676254]"
Optical_A-T0017,Optical_B-T0013,False,reprojection,2.414972563767222,32.501890881014994,156.6611473793806,2.53405410226186,42.47652476694294,0.03302705749033574,10.370815887076718,35,35,0,4.245001202319864,"[1745.6193301692617, -154.46206427811654, -111.53959467390894]","[-42.03913251026027, -6.073658858819982, 0.2777807195829276]"
Optical_A-T0017,Optical_B-T0014,False,reprojection,6.080502773767054,190.28835633154648,208.0837937077618,15.954604249126923,41.46725684314558,0.02000241083880816,3.3333486773621748,22,22,0,2.7649997597089113,"[1847.1717025241355, -126.60026582262026, -98.08185314653679]","[-41.11067888640436, -5.425416678121087, 0.10161428598541819]"
Optical_A-T0017,Optical_B-T0015,False,reprojection|speed,5.906510398512252,82.92564918534657,148.26321810582965,7.161814238834491,32.886095743782825,0.015001202319863793,10.997809937761929,35,35,0,4.245001202319864,"[1884.9722503300068, -86.8612642310994, -103.70432812637958]","[-32.85986927677987, -0.7604524578564025, 1.070512233246048]"
Optical_A-T0017,Optical_B-T0016,False,reprojection|speed,2.835473508076434,37.27197880441542,56.74010964671909,3.2127954692531975,33.66064447094363,0.01000188137084379,4.568024426559951,26,26,0,3.2400026818522374,"[1909.1864892578585, -90.42802158275617, -110.83570098645988]","[-33.63376838172088, -1.2972140454051981, 0.35474831137628193]"
Optical_A-T0017,Optical_B-T0017,False,reprojection,1.4889365846613987,20.61695885473926,30.969767455812384,1.7504995541527608,49.962107005213575,0.020000766235812595,4.899018693419548,27,27,0,3.2450028305823393,"[1865.4157996637164, -111.48993250730109, -112.23999337923306]","[-49.1608841252079, -8.908531591852821, 0.2401526707196624]"
Optical_A-T0017,Optical_B-T0018,False,reprojection,5.774679424279695,79.8960799849564,130.16248286166473,7.204641251663638,44.879283633527514,0.009999999999999898,5.73062418019215,28,28,0,3.500001443528237,"[2004.4187605831883, -41.110572682726314, -106.18147193988175]","[-44.51517781700794, -5.601581810156716, 1.082277507341146]"
Optical_A-T0017,Optical_B-T0020,False,reprojection,5.889290186826798,92.17928978102327,235.36017271602296,8.231098224565303,62.74150274553979,0.012420885458382241,4.995070157475898,27,27,0,3.2450028305823393,"[1919.7888802461462, -85.53347892394635, -107.53003445350319]","[-61.19864413739528, -13.827965932869901, 0.09736874458145062]"
Optical_A-T0017,Optical_B-T0021,False,reprojection,5.523429612003315,74.99412894328043,132.18733725563618,6.729491656636198,35.24810940124549,0.010000000000000009,11.333585291880494,35,35,0,4.245002201499645,"[1978.1832593050558, -41.629574548490666, -105.22255104402426]","[-35.21558655284468, -1.0751622020883502, 1.0656952380847244]"
Optical_A-T0017,Optical_B-T0022,False,reprojection,3.0222145775347498,39.867472300187764,67.8828156582671,3.739171182851766,35.67522536659641,0.02500070327147985,11.808911702735108,35,35,0,4.2549991105325216,"[2089.194940700965, 12.147171099693665, -110.75497243112727]","[-35.66817744393396, -0.5125306925897495, 0.49003578913986184]"
Optical_A-T0017,Optical_B-T0023,False,reprojection,2.393983946392913,31.15278041165271,51.26045881411671,2.944945122335009,36.207384899939385,0.024999553292630372,11.925619318696171,35,35,0,4.26,"[2115.4801528950393, 24.963213428585867, -112.28169545724187]","[-36.201465623650755, -0.5544050575568704, 0.3481996900436947]"
Optical_A-T0017,Optical_B-T0024,False,reprojection,5.95681282079333,158.13383134269625,240.5048298803565,14.04484966556438,51.2361521869142,0.020000000000000018,11.18058986343487,35,35,0,4.245001202319864,"[1995.8696065153604, -34.66829730753567, -97.79666546117707]","[-50.39548225337273, -9.16931131934151, 1.1672143331978195]"
Optical_A-T0017,Optical_B-T0025,False,reprojection,6.083676509338697,168.3950530860012,285.82166135274383,15.436534386873417,59.49686852082354,0.024997472439169943,11.195526038630996,35,35,0,4.25,"[2021.537464599725, -19.4734458085547, -92.94641114842653]","[-58.44364336126985, -10.948598119919794, 2.0847334729768225]"
Optical_A-T0017,Optical_B-T0026,False,reprojection,4.0072477797107835,54.040550249692565,90.48013632740627,5.198602009153257,39.25167648497847,0.030000000000000027,12.064028918522865,35,35,0,4.265001123219529,"[2153.6289650368394, 43.670131112168384, -109.142766178809]","[-39.21370810622906, -1.5762227898151053, 0.7033670149672466]"
Optical_A-T0017,Optical_B-T0027,False,reprojection,5.967953160640479,141.65998252482507,247.29415942517662,14.034670866916136,48.66540757410567,0.040000000000000036,12.17219300257751,35,35,0,4.2700000000000005,"[2206.0500835426665, 69.17426810266578, -95.59990582854536]","[-48.30356034077954, -5.539220556657391, 2.0988064187046658]"
Optical_A-T0017,Optical_B-T0028,True,,0.09510555102785835,0.8213423704395233,2.856377814548786,0.07889528650785128,50.0155504934105,0.044998497341520505,12.283781105591984,35,35,0,4.275001090628612,"[2233.0698987358883, 81.99427374796656, -117.52831149066124]","[-49.6561353825273, -5.985274430261967, 0.00015958579981489862]"
Optical_A-T0017,Optical_B-T0029,False,reprojection,5.905236602417033,114.22215796423795,200.30430315297414,11.137663219796112,54.01705659200866,0.03499962329291706,11.882457251031088,35,35,0,4.265000345030281,"[2159.679618724886, 46.60123538378866, -99.77251585484134]","[-53.3715021500543, -8.154200112713955, 1.6835027867012724]"
Optical_A-T0017,Optical_B-T0030,False,reprojection|inlier_ratio,0.6841020767489361,7.571848162503773,16.01310131290032,0.7380639122516764,40.61174726983665,0.04499772405895586,9.387831407778512,35,26,9,4.28,"[2295.049647436826, 112.16103822325991, -117.37379659524838]","[-40.590566700546496, -1.3108409957788183, 0.040088918116443106]"
Optical_A-T0017,Optical_B-T0031,False,reprojection,4.688810144588335,62.85533321579318,108.88431927712705,6.628839588466557,37.28761589984201,0.05500017324267081,13.223598606703836,35,35,0,4.29,"[2387.721750214783, 157.3968850274829, -108.38756593108567]","[-37.262297199361555, 0.980347411389829, 0.9625101940156388]"
Optical_A-T0017,Optical_B-T0032,False,reprojection,3.2687863046883625,43.509489692713046,46.08415642774491,4.500008936904484,38.51665447749019,0.04000137305713025,4.111102228582327,22,22,0,2.7350006709710546,"[2388.788639752953, 128.90730988763903, -113.63885517936578]","[-38.51641152762471, -0.10861344945225782, -0.08317626837914771]"
Optical_A-T0017,Optical_B-T0033,False,reprojection,4.653686266902661,62.74925687499845,107.29466613750232,6.507714755542669,60.321138099294856,0.05500067554130417,12.546876561118095,35,35,0,4.28,"[2320.104786621682, 124.56817409418348, -108.29998301747166]","[-59.52739051859362, -9.705323888953032, 0.967557673510752]"
Optical_A-T0017,Optical_B-T0034,False,reprojection,5.887406351372157,85.94711088415673,147.37890784578735,8.959097513965444,42.2040496507007,0.05350800293551461,12.989537241387719,35,35,0,4.285000077581627,"[2355.6038726797533, 142.00761083320856, -104.67883972457963]","[-42.15987088116697, -1.3841489642925353, 1.3458179099669985]"
Optical_A-T0017,Optical_B-T0035,False,reprojection,6.045091834757127,132.02892977130278,229.96023818353808,14.105135241774565,41.961691552370795,0.054998386320058046,13.318030017247544,35,35,0,4.295001958134242,"[2418.0877563018225, 172.68599445432028, -96.87117903696127]","[-41.89404627846825, -0.7880652738487584, 2.247531418694881]"
Optical_A-T0017,Optical_B-T0036,False,reprojection|speed,6.130352413502326,122.66890742393055,211.26385208121968,12.963265868535897,69.81017993306558,0.05999999999999994,11.700678577147318,34,34,0,4.265000299349156,"[2359.0275858955274, 143.61173025689732, -98.87404614822223]","[-68.48807022781655, -13.368402727743899, 2.032551909671542]"
Optical_A-T0017,Optical_B-T0037,False,reprojection,5.440221780451107,73.62845632163486,126.31915404213791,8.390209827049777,57.476803202642635,0.07499940059465371,13.909467249632215,35,35,0,4.304999116104051,"[2580.4817143285754, 251.0698801687353, -107.24386885326008]","[-57.065749126746965, -6.745501621403633, 1.257533647315403]"
Optical_A-T0017,Optical_B-T0038,True,,0.6918232831085457,7.343634561146698,12.60621596694518,0.8517192670228173,61.37381999419832,0.07499952037715718,6.4969497994487835,17,17,0,2.2443526923877952,"[2694.6074783952995, 263.1929704918967, -120.92863119725112]","[-60.77418934376988, -8.5540996681394, 0.26658798810586526]"
Optical_A-T0017,Optical_B-T0039,False,reprojection,6.130232147837905,162.96990722984583,283.2248624078715,17.305639642262367,43.06247340148093,0.05499800381376252,13.648824647786586,34,34,0,4.502500924599465,"[2402.906674068848, 169.60943982251322, -91.5273772606343]","[-42.923060890283466, -1.2706282620632692, 3.2207084751521036]"
Optical_A-T0017,Optical_B-T0040,True,,0.3107589924413806,3.721187957938006,9.56432907611139,0.3163024448966524,47.52340381292453,0.014998374358047961,11.32003670164177,34,34,0,4.500001413980908,"[1896.8455402420705, -77.3253183962715, -115.07106242329505]","[-46.980563190975275, -7.162427372168224, -0.015045380848157208]"
Optical_A-T0017,Optical_B-T0042,False,reprojection,3.042558944737955,41.60192755785534,74.04702893593414,3.1517745988269117,45.47344686089175,0.060001221743865685,10.199140924669047,34,34,0,4.500001413980908,"[1564.488771646861, -238.7969087611263, -107.6674095110572]","[-44.662681120891364, -8.532292766541673, 0.5284549649125365]"
Optical_A-T0017,Optical_B-T0043,False,reprojection,5.870486734434354,115.66144400882305,212.4283603780991,8.785468885228203,56.43164953508133,0.06014458648013932,10.062603095638035,34,34,0,4.500001413980908,"[1561.9690909788972, -239.25059287175657, -99.06839302836407]","[-54.91382947917677, -12.909344496382488, 1.53337074964294]"
Optical_A-T0017,Optical_B-T0044,False,reprojection|inlier_ratio,0.7071335389068719,8.767479290703518,14.961489823117036,0.6635882406025556,47.79187396551456,0.07000321887547223,14.389562475322176,31,23,8,4.175000194025735,"[1513.2682970144494, -267.08844793647273, -113.0885912501204]","[-46.77927106867847, -9.784091596301465, -0.18592217165743052]"
Optical_A-T0017,Optical_B-T0045,False,reprojection,4.248001036047237,58.18287921770213,107.56440764571161,4.15704693140249,42.9233480128067,0.08000196605447485,9.906821069412254,34,34,0,4.500001413980908,"[1446.9414105658725, -295.96069765315883, -105.13596090775835]","[-42.11621229758495, -8.254217158898257, 0.7115935827568338]"
Optical_A-T0017,Optical_B-T0046,False,reprojection,5.9154039416411255,121.12959011231571,227.26452129231782,8.209692538528637,39.32166265976845,0.09999949394869834,9.691781371169013,34,34,0,4.500001413980908,"[1339.2263400214576, -347.50961141355253, -98.41448987837808]","[-38.65882272394845, -7.047219833778286, 1.4231207051257346]"
Optical_A-T0017,Optical_B-T0047,False,reprojection,5.908238092722359,107.23542275062039,158.78441360704016,9.439713448551547,38.439947153314655,0.0050028305823390795,3.594012974753366,21,21,0,3.24,"[1971.0326569968186, -60.95137302983723, -105.61794677894366]","[-38.275439915056616, -3.001982738309451, 1.8995620804296394]"
Optical_A-T0017,Optical_B-T0048,False,time_delta|reprojection,5.918684625028669,79.92047230745192,136.1508928387846,5.831344565286617,42.850649244770395,0.3300000050593829,10.410331234692988,32,32,0,4.792957709215186,"[1463.1909262660874, -283.71914759242503, -103.47900223094541]","[-42.132637352529144, -7.719727552252522, 1.1936569597672282]"
Optical_A-T0017,Optical_B-T0049,False,time_delta|reprojection,6.049029558601185,158.21041656641998,308.03346281286224,10.664024885730797,46.09162778914329,0.3550000000000002,10.046324308759866,32,32,0,4.806155925313668,"[1310.9985869415234, -358.27928315615594, -93.75291379607795]","[-44.845238533899874, -10.363829201484918, 2.4359345994908344]"
Optical_A-T0017,Optical_B-T0050,False,time_delta|reprojection,3.7951835819131134,46.24640170356699,130.19447562183873,3.4812452815440333,49.373896620880096,0.9842647069465732,10.789902655245646,30,30,0,5.0,"[1467.4419773155967, -279.4604266050956, -107.6718599020546]","[-48.20729311885276, -10.651306722680829, 0.6230752616987185]"
Optical_A-T0017,Optical_B-T0051,False,time_delta,1.4397049043675898,6.388245295664686,11.854987773153107,0.6873352472435521,61.97178162551794,1.69,16.36866759696611,28,28,0,5.2775003869315285,"[2509.6665373313895, 237.0020796304107, -121.38928068098289]","[-61.34289475400375, -8.802886965434709, -0.245279664632585]"
Optical_A-T0017,Optical_B-T0054,False,time_delta|reprojection,6.157459695521886,70.56661848109069,119.17919469726385,5.874340635885194,38.58302348411055,3.995002163590064,17.71639101373537,22,22,0,6.01,"[1864.9290916102557, -69.06624517271597, -106.2714638406812]","[-38.412889085491955, -2.981423359386639, 2.0520156025777894]"
Optical_A-T0017,Optical_B-T0056,False,time_delta|reprojection|inlier_ratio,1.7494191700864483,8.557826922688673,13.834199638639571,0.8541376208347263,41.09650646660111,4.475000244109275,64.26855133072313,21,11,10,5.25,"[2296.398854809333, 130.42878801032725, -114.8433738358128]","[-41.06224062055465, -1.3659055236610982, 0.9744439847887442]"
Optical_A-T0017,Optical_B-T0057,False,time_delta|reprojection|inlier_ratio,1.793070884245984,8.586485799943036,14.455503118985497,0.7169845899268963,35.63297627117443,4.974997169417661,55.266116270495196,19,13,6,4.7550016256419525,"[1863.7499560714507, -89.84702961233707, -112.45656429274585]","[-35.558821476162265, -2.193880055524218, 0.6827177092139403]"
Optical_A-T0017,Optical_B-T0060,False,time_delta|reprojection,6.115049330506011,71.34838872900983,145.44845129205143,5.729981935076827,48.25401906467726,5.562500947570104,43.557910527745214,18,18,0,4.500001413980908,"[1790.2708578778813, -129.1059480079473, -105.68250085308236]","[-47.3957441817503, -8.152245866358882, 3.9540709005723533]"
Optical_A-T0017,Optical_B-T0061,False,time_delta|reprojection|speed|not_inbound,3.8471002066932862,34.24878235152421,81.36031382638653,2.6690257196218985,11.14313705380991,5.050000775389362,81.01426906787107,15,15,0,3.7550000564741346,"[1611.867406233389, -225.33895972189057, -111.79879218511617]","[-5.562057518657525, 9.652684458436397, 0.24228558561571045]"
Optical_A-T0018,Optical_B-T0002,False,reprojection,5.4468934876569115,74.50575967689981,106.38985210049496,4.868049252981157,38.39656374898806,0.10584958630285879,5.885049627606102,48,48,0,5.999150184664191,"[1324.999194362402, -286.0183977673124, -107.97411434345526]","[-38.38762736099898, -0.8268085652925805, -0.050605528801634936]"
Optical_A-T0018,Optical_B-T0004,False,reprojection,5.906417210739354,116.22529768833746,308.76691960014296,8.363200676003583,39.92796390781811,0.08999999999999986,6.0822793532442,48,48,0,6.0,"[1407.0160164195206, -241.59344039853886, -107.11818850217068]","[-39.92629050423298, -0.36338943827515635, -0.03970531162056701]"
Optical_A-T0018,Optical_B-T0007,False,reprojection,5.807215018380297,87.30337199979061,146.60765780391804,6.090926210631238,42.91278346767925,0.08750013809923107,6.154599753162855,48,48,0,5.997500138099231,"[1434.8562526024814, -227.08128546558078, -108.13277078408859]","[-42.88302742262283, -1.5977932562571695, 0.0008513300980788063]"
Optical_A-T0018,Optical_B-T0009,False,time_delta|reprojection|speed,6.154708349412559,69.73390313103242,137.93941682391488,5.100137822372939,31.32158796171331,2.560000969491995,45.40883166779867,29,29,0,4.7450005322456015,"[1499.071966800273, -217.69479102629865, -111.54375799497778]","[-30.849520852693395, 5.357770108134247, -0.8020193706903922]"
Optical_A-T0018,Optical_B-T0012,False,reprojection,2.968559572621312,39.79721534656953,89.77865854275535,3.019877816494013,39.08584319627874,0.04449150833145632,6.940469782954771,40,40,0,4.999491163960469,"[1682.050621157409, -116.73134165053716, -113.78384485582441]","[-38.90572922365766, 3.731252527947845, -0.353732260618566]"
Optical_A-T0018,Optical_B-T0013,False,reprojection,3.4516696484774747,47.73795734785063,174.57804893391577,3.503817462252436,47.32096565800675,0.05499958564754026,6.6440616885076675,48,48,0,6.000001571632307,"[1619.8234560769138, -127.21046887556683, -112.68447736752366]","[-47.30438951570713, -1.2523734841849645, 0.009165621728783657]"
Optical_A-T0018,Optical_B-T0014,False,reprojection,5.966749625617236,167.2221956190283,292.983567113351,13.767533356075774,47.8997317406588,0.03999923560969165,10.416119720550023,35,35,0,4.255003723600872,"[1739.532236183654, -105.69381365872849, -103.79089645893866]","[-47.841198525057976, -1.010902887057611, -2.1405840011560384]"
Optical_A-T0018,Optical_B-T0015,False,reprojection,5.915844595045258,123.51487457505938,170.34766395640335,9.897069693688518,40.91626138012712,0.03500138019730237,7.039701346964699,48,48,0,6.0000014116570295,"[1762.3246328417915, -48.38222346866392, -107.23874405610717]","[-40.6576930446423, 4.591408372887308, -0.10682119596421535]"
Optical_A-T0018,Optical_B-T0016,False,reprojection,4.08872751174257,55.969006615857445,87.94019990491324,4.582065617808309,42.00731835754065,0.025003723600871552,7.540719938644652,39,39,0,4.7700000000000005,"[1802.178395935679, -59.612697455974825, -113.08582089797508]","[-41.833540691795356, 3.7688539077297634, -0.6044906962590233]"
Optical_A-T0018,Optical_B-T0017,False,reprojection,2.3845344781652593,32.39468453092688,54.33859907030541,2.6121617760122455,54.96764257603223,0.03750066467990143,7.057719967725155,40,40,0,4.997499679691087,"[1728.8860056084488, -94.58141456336944, -113.68191219951576]","[-54.7808539612312, -4.51851031651087, -0.28780924981036093]"
Optical_A-T0018,Optical_B-T0018,False,reprojection,5.791347329154293,98.26370337261709,160.43133523674132,8.373922115334253,52.18686736039335,0.015001220987576502,7.258226684956294,41,41,0,5.24,"[1864.156503930984, -16.07676401095602, -110.1203881518064]","[-52.174535624592274, -0.7912134612956105, -0.8129812470807241]"
Optical_A-T0018,Optical_B-T0020,False,reprojection|speed,5.91441488786361,87.57535000719815,216.3251385985707,7.504924117442646,66.2341372970612,0.032501041219608506,7.145319630539417,40,40,0,4.99750069684862,"[1762.6070550548507, -78.45024662946797, -110.47510056344886]","[-65.46674942373012, -10.019231371321581, -0.8250249113878299]"
Optical_A-T0018,Optical_B-T0021,False,reprojection,5.86606043764046,114.01274002512879,160.4687567911706,9.450370331308177,43.823428022906384,0.019999999999999574,7.289347162316678,48,48,0,6.0,"[1845.4150614710175, -3.7162445447176964, -108.54392177414915]","[-43.61756066491965, 4.242391322202693, -0.05797577260971415]"
Optical_A-T0018,Optical_B-T0022,False,reprojection,5.1469097480313275,71.26192645825301,121.63067616485885,6.155253078573407,45.55194024423856,0.01500194162612889,7.604163809214735,48,48,0,6.000001533702828,"[1947.1699254666207, 51.299256857711505, -113.01090885542251]","[-45.29011733403351, 4.875457930254939, -0.12017426709480361]"
Optical_A-T0018,Optical_B-T0023,False,reprojection,4.379915048099113,60.565534776714024,112.86011149611211,5.280171782926049,46.29429939943435,0.019012194196932952,7.67895369322856,48,48,0,6.0000016182346325,"[1970.7700096784065, 63.99630657525282, -114.21614229980554]","[-46.04213940390236, 4.823745340260361, -0.12262499095188972]"
Optical_A-T0018,Optical_B-T0024,False,reprojection,6.078396470101807,191.00234461919467,321.60690336556837,15.853901108459219,57.82750840083002,0.027446921588782036,7.285701327012522,48,48,0,5.997501957699437,"[1837.8269888130828, -10.319854474416083, -103.12357734005563]","[-57.703147126048236, -3.7676581779961404, -0.41508005429886374]"
Optical_A-T0018,Optical_B-T0025,False,reprojection,6.21754441508897,221.73230276038785,266.26615103081457,18.51621774017411,63.99829474137016,0.022499259479422495,7.345552353864747,48,48,0,6.0,"[1854.7915633281168, -1.9818719582119115, -99.25114468899915]","[-63.655641722140466, -6.612127363790626, -0.1441473925834849]"
Optical_A-T0018,Optical_B-T0026,False,reprojection,5.755932338632408,86.01949312092344,127.69116458845075,7.604735985829595,49.11247681572812,0.015552994767396022,7.7818416005202655,48,48,0,6.0,"[2002.1217716401334, 80.54812140995128, -111.91890022826031]","[-48.97292829331127, 3.697861557442833, -0.11616047353152492]"
Optical_A-T0018,Optical_B-T0027,False,reprojection,6.129880165776511,197.5059758436599,234.43599274351533,17.746965399495625,57.414405379628974,0.024204523945713152,7.9066231882527696,48,48,0,6.0,"[2037.7244772512583, 98.65819495065146, -101.80855983818083]","[-57.41274277759378, -0.42082056279787405, -0.11756659452735774]"
Optical_A-T0018,Optical_B-T0028,False,inlier_ratio,0.683340267637569,7.344451829799236,13.140285878746463,0.7248282227011104,59.3598014256556,0.020854829531651298,42.44054551286426,48,17,31,6.0,"[2059.078468240483, 106.99833006153078, -119.78135824268479]","[-59.32670539323538, -1.9346842830726594, -0.43017345612125846]"
Optical_A-T0018,Optical_B-T0029,False,reprojection,6.062964491242973,162.42743939909744,193.40005048722716,14.284339122778205,61.20645416809488,0.022499184523054216,7.755587274481525,48,48,0,5.9974994689357235,"[1988.5881427426357, 71.04450053652342, -104.73561222110861]","[-61.12202402472625, -3.2131385359594784, -0.06286255337952651]"
Optical_A-T0018,Optical_B-T0030,False,reprojection,2.5448849999627043,34.969600931807996,89.03296154754798,3.2745982313544486,52.07242714265776,0.020687853084097263,8.194138105013998,48,48,0,6.0,"[2128.3510176786394, 148.66440867466258, -118.26381931517598]","[-51.91743992990014, 4.011921165570499, -0.1469292818273069]"
Optical_A-T0018,Optical_B-T0031,False,reprojection,5.824799506793536,101.39289755053395,146.67033267773007,9.774451568122467,50.74532235766038,0.024998240868189914,8.493550222753314,48,48,0,6.0,"[2218.5596266279927, 198.10600813077113, -111.92734264398253]","[-50.359155521616856, 6.24690790542828, -0.13906097069593581]"
Optical_A-T0018,Optical_B-T0032,False,reprojection,4.044240813269386,55.59586810579286,89.79868218837468,5.505479173993797,52.07165064241987,0.04499705462227688,12.349169831257923,35,35,0,4.28500164392456,"[2248.5079562163287, 157.92467689472193, -116.33257347030089]","[-51.86766865879163, 4.513907641038514, -0.9090579388600672]"
Optical_A-T0018,Optical_B-T0033,False,reprojection|speed,5.9726014701756,96.01552025388634,117.08859332246446,8.89583721435001,68.17933925919502,0.02499965562901263,8.215815295841992,48,48,0,6.0,"[2128.3299756174492, 145.77159660402026, -111.44977768643153]","[-68.00636423934338, -4.853409670016806, -0.03375412797695998]"
Optical_A-T0018,Optical_B-T0034,False,reprojection,5.928879943058685,127.65312805923242,163.76339608837048,12.126649630169098,54.018814982145294,0.026705252255367684,8.378653998807742,48,48,0,6.0,"[2183.426396317453, 178.4002644701833, -109.02450486483328]","[-53.88652201397943, 3.776669171590079, -0.10902880589981168]"
Optical_A-T0018,Optical_B-T0035,False,reprojection,6.121647066783609,188.13844384185796,229.1778574379347,18.27670730907249,54.66811222502862,0.03000000000000025,8.573892241269728,48,48,0,6.0,"[2240.764299641586, 209.69910126697658, -103.3564506638015]","[-54.49687978088258, 4.3225201974964484, -0.09169263105832254]"
Optical_A-T0018,Optical_B-T0036,False,reprojection|speed,6.2726296718025845,171.01830733528374,220.87056740977928,16.057339603640884,76.44520074175095,0.02999567277757542,8.256028642284628,47,47,0,5.74,"[2171.2135209622893, 159.4104250620473, -104.72378932662636]","[-75.93147576630544, -8.845782335348986, -0.17843562760608944]"
Optical_A-T0018,Optical_B-T0037,False,reprojection|speed,6.070600267917558,112.76455735034095,145.49583714155085,11.44461852556351,69.28130181977639,0.04500148136894744,9.033088423056517,48,48,0,6.0,"[2368.8415912081205, 276.4701052791364, -111.32082930530646]","[-69.25623863664435, -1.8619515331690906, -0.07299476179231768]"
Optical_A-T0018,Optical_B-T0038,False,time_delta|reprojection|speed|inlier_ratio,1.6684310080141918,6.894163548612263,17.19914287184001,0.7354525127496062,74.01745992912171,1.8100021279232368,32.417189986684036,30,25,5,4.500002127923237,"[2458.525459401757, 270.68866990842116, -122.16587583630177]","[-73.85070888490685, -4.964410746078073, -0.1086162975908875]"
Optical_A-T0018,Optical_B-T0039,False,reprojection,6.253965425006956,232.5421693988954,277.6950669141983,22.465444362001275,55.34859273250543,0.03000000000000025,8.34244487755364,47,47,0,6.26,"[2219.3287069966946, 206.9000684153539, -99.49711148466298]","[-55.21570609387524, 3.829165426185682, 0.17323441472735546]"
Optical_A-T0018,Optical_B-T0040,False,reprojection|inlier_ratio,0.6655761231379536,8.083508258341736,15.132087361786871,0.708514325674916,52.50435941760314,0.035000062585668346,35.909589172303555,47,22,25,6.224999937414331,"[1755.2645661629404, -52.83576421900972, -114.63333751433562]","[-52.41596613189404, -3.0375754304033484, 0.2176874309626422]"
Optical_A-T0018,Optical_B-T0042,False,reprojection,4.749104623587096,66.07449381759831,89.784915430314,4.590881667867686,48.353340104267495,0.08500255038631543,6.068871685239195,47,47,0,6.175000680828082,"[1448.4236155831695, -216.78063317307914, -109.4073849604449]","[-48.16948746137194, -4.212464771545918, 0.033428972155266634]"
Optical_A-T0018,Optical_B-T0043,False,reprojection,5.965691523461899,161.74681278434156,218.29870040107141,11.147559092529626,57.90015205141289,0.08500120962081326,6.039625761831404,47,47,0,6.1750030903208915,"[1432.4160462396512, -227.06544503811708, -102.7979254162889]","[-57.14271718311036, -9.333379775544259, 0.15969493810984015]"
Optical_A-T0018,Optical_B-T0044,True,,0.12848577008202938,1.0105474465496744,4.15126674122824,0.06827961126762053,50.001538079312084,0.09499972014969682,5.698496869904935,44,44,0,5.787500727790918,"[1402.3213308394752, -250.44941512655697, -113.24367762750393]","[-49.639682262043266, -6.004644470764362, -1.62951688875701e-06]"
Optical_A-T0018,Optical_B-T0045,False,reprojection,5.781990884983042,87.12251262069759,118.60364091243444,5.744179162947581,45.239095854547145,0.10500263918038577,5.813155281083448,47,47,0,6.155000139841975,"[1342.1445035073868, -274.725700373509, -107.23647747836858]","[-45.049009290129845, -4.14248870404699, 0.04840507765374036]"
Optical_A-T0018,Optical_B-T0046,False,reprojection,5.969950906593986,164.93354442117607,226.90530264035476,10.351708842151789,41.14151037448825,0.12293280047235111,5.595869618491252,47,47,0,6.137067199527649,"[1246.5644075532236, -326.47989348552437, -101.90943864776767]","[-41.004000050547745, -3.358666067683046, 0.12336123621029627]"
Optical_A-T0018,Optical_B-T0047,False,reprojection,5.834894836453419,109.37858485877729,200.33839406073872,9.385309828383804,46.92303984851894,0.02000160769273318,10.120708101819993,34,34,0,4.7550013360919685,"[1854.1406950268977, -33.42347932703985, -110.30211152444058]","[-46.87904763582191, 1.677724941143488, -1.1453385551448991]"
Optical_A-T0018,Optical_B-T0048,False,reprojection,5.84106381481417,113.95513028739916,162.07530868438482,7.601794416158126,45.151956476621585,0.11000236173808986,5.784546254373705,45,45,0,6.26,"[1364.8145594320106, -260.0981561784599, -106.14601748672081]","[-45.00250182453129, -3.6626518868206404, 0.2428669507295602]"
Optical_A-T0018,Optical_B-T0049,False,reprojection,6.031265671332005,230.22419294913902,347.8841773260486,14.116000791958733,47.14389378212364,0.1400031402187052,5.468160115103449,45,45,0,6.26,"[1217.4879598777684, -341.0171958537586, -98.44243611985627]","[-46.64430863777318, -6.8254369091536375, 0.5182698558447063]"
Optical_A-T0018,Optical_B-T0050,False,reprojection,4.738274332158661,65.85287996354536,132.75192606070183,4.45370816006303,51.02916705193447,0.11499842299017171,5.740326934280454,43,43,0,6.7351102138059,"[1346.0323564389455, -261.43585970091976, -109.27845963205615]","[-50.59356030878192, -6.650817341984663, 0.18486205515871645]"
Optical_A-T0018,Optical_B-T0051,False,reprojection|speed|inlier_ratio,0.879468695564153,8.550999467948651,19.57161553700666,0.8678446990348789,71.92932202598635,0.035110213805899626,8.520232818181613,41,27,14,6.7351102138059,"[2300.035005699534, 263.4413548699037, -121.57518250365595]","[-71.82854759030798, -3.8050920090228715, 0.0916132511024288]"
Optical_A-T0018,Optical_B-T0054,False,reprojection,5.863510931251709,117.09740378619063,201.90817295295955,9.130239047885473,45.585829832632584,0.06500133019282828,10.887080737199007,35,35,0,7.735001577009829,"[1718.4764123883176, -25.899149265514147, -110.31470296498017]","[-45.50797121397188, 2.472335924712091, 0.9899457527661641]"
Optical_A-T0018,Optical_B-T0056,False,reprojection,4.670995403927603,64.66557161971429,119.79380471566398,5.853371995894907,52.754035014057635,0.015004580851492477,14.705654907793097,34,34,0,7.730002540756064,"[2073.4090730218522, 175.4080615046665, -116.8902727555852]","[-52.584423167110074, 4.190647228562966, 0.5523823426339143]"
Optical_A-T0018,Optical_B-T0057,False,time_delta|reprojection,4.348622513486098,58.0226589280383,112.39086996449849,4.423977149769155,43.01321940961158,0.2825001001145706,18.121883675468666,32,32,0,7.977500788504915,"[1670.2087946165582, -46.40779849753531, -114.16208657553648]","[-42.888394922734, 3.249757082956272, 0.40212415093580844]"
Optical_A-T0018,Optical_B-T0060,False,time_delta|reprojection,6.450956713429851,177.37046586783293,303.58964858995375,12.634391385749955,51.96940495802762,1.0700013287498056,23.901250972635236,31,31,0,7.735001577009829,"[1572.6318689685454, -109.9542253124195, -106.52904421711253]","[-51.84236508626361, -3.045527962200424, 1.9781287585685963]"
Optical_A-T0018,Optical_B-T0061,False,time_delta|reprojection|speed,6.5606436648484845,76.35011573818171,187.44917621641494,5.551156176763075,27.819768151813246,1.804944134970158,45.82800230791816,28,28,0,7.000056696893338,"[1559.735591674498, -131.91717853954043, -114.38251699741501]","[-25.979819700756124, 9.949139462288187, -0.055608423701285714]"
Optical_A-T0019,Optical_B-T0002,False,reprojection,0.7945973402405634,9.406359959813853,15.784364111673826,0.6073711232939804,44.63804320094636,0.12335117783281069,5.430471329343995,48,43,5,5.999150184664191,"[1264.5451366315797, -224.7156411027857, -102.65785184746663]","[-44.14497145010734, 6.616345745282615, -0.01911694646416029]"
Optical_A-T0019,Optical_B-T0004,False,reprojection,4.187900657933534,57.619863985533435,256.4630365371774,4.4600449133673,47.06199226972058,0.10749911705071247,5.865729830075317,48,48,0,6.0,"[1338.8617725011622, -178.74033536638606, -101.48156127544156]","[-46.48803031598135, 7.327623748494176, 0.00916166701212636]"
Optical_A-T0019,Optical_B-T0007,True,,0.13576139555659422,1.0131800837634979,4.416937899535287,0.06261668885536813,49.9949954607287,0.10500157774774577,5.853393521869653,48,46,2,5.997500138099231,"[1364.817954253802, -163.68370378210884, -102.23777150930613]","[-49.6339183469087, 5.997809654405415, -1.4305679504111879e-05]"
Optical_A-T0019,Optical_B-T0009,False,time_delta|reprojection,4.27853850931046,44.895615353621366,117.25170125693973,3.2078056359929263,42.41980849694773,2.545000437246394,39.292491789884096,29,29,0,4.73,"[1430.2233816964792, -167.3748407447152, -102.15854259003079]","[-40.67329688630739, 12.046557582300835, -0.05936103373739374]"
Optical_A-T0019,Optical_B-T0012,False,reprojection,3.78477332145539,52.64385803489503,80.27472366969432,3.9988008640048562,50.426425238760196,0.06199028101118076,6.649255473206703,40,40,0,4.999491163960469,"[1597.6664243274015, -60.01654932862099, -105.83222390798542]","[-49.130224172819396, 11.353450878280618, 0.38024760782072947]"
Optical_A-T0019,Optical_B-T0013,False,reprojection,4.330973913543311,59.564411233227865,134.89744097022884,4.284361874117879,56.10795002488366,0.07250117214056973,6.379342172751897,48,48,0,6.000001571632307,"[1530.3892111973896, -62.126722081812, -105.92996587795751]","[-55.71287664243814, 6.64600397251507, 0.08979652903499274]"
Optical_A-T0019,Optical_B-T0014,False,reprojection,5.858593274598845,100.91452723207897,178.09809195520614,8.065884114740685,57.913856391178086,0.05000108657630076,9.958903325270853,35,35,0,4.264999838702101,"[1660.3572168847443, -54.87071140602978, -95.5916691271052]","[-57.55328299877282, 6.338691893507548, -1.2063843667536036]"
Optical_A-T0019,Optical_B-T0015,False,reprojection,2.8842430077239745,39.609662425187686,67.08722083994351,3.024605910099124,53.373871493095415,0.05250049724801498,6.731719491125975,48,48,0,6.0000014116570295,"[1655.372519563552, 17.187172036234493, -100.24322804452052]","[-51.88148244190417, 12.533223543142059, -0.01566555081368074]"
Optical_A-T0019,Optical_B-T0016,False,reprojection,2.3392989336988936,31.824187042000506,49.73208454337006,2.5244920546192127,54.4929158415611,0.040000000000000036,7.20729603142041,39,39,0,4.7700000000000005,"[1709.3791174440769, -4.42690084936066, -104.6168608424534]","[-53.301457703755915, 11.330163107695629, 0.24471927425725853]"
Optical_A-T0019,Optical_B-T0017,False,reprojection,3.5898916912605534,48.02670049661072,76.08178574058518,3.728057416107567,63.83397532717132,0.05499944227104736,6.760624551617899,40,40,0,4.997499679691087,"[1641.680938080227, -38.05105493734412, -105.60714678076236]","[-63.767848949516456, 2.8812422555553105, 0.36917405972365513]"
Optical_A-T0019,Optical_B-T0018,False,reprojection,1.6700650892149878,21.12737903526375,47.930932856899524,1.7233218048862964,63.785632375253805,0.03500292293650098,6.91874451392592,41,41,0,5.24,"[1758.6692524921339, 42.71355725208637, -101.59328760777422]","[-63.428778343323515, 6.736665776896999, -0.1196227191848009]"
Optical_A-T0019,Optical_B-T0020,False,reprojection|speed,4.482173919826212,59.192868922094995,158.33829873538025,4.696422279075276,73.63302889214799,0.049999813899332946,6.843927103424094,40,40,0,4.99750069684862,"[1673.2850272315786, -22.02584672185284, -102.43360867386527]","[-73.58253980765583, -2.7185371765427693, -0.20575448087464623]"
Optical_A-T0019,Optical_B-T0021,False,reprojection,2.2054840547197143,29.613752352181965,53.836740096277715,2.3414932274985065,57.00125871909065,0.03750146146825051,6.957244410984484,48,48,0,6.0,"[1728.7073767075537, 61.75330035783093, -101.1607461646885]","[-55.69444629668832, 12.135510061454294, 0.03927867551148673]"
Optical_A-T0019,Optical_B-T0022,False,reprojection,2.2911527954398467,30.446102482687788,50.67371528329984,2.5078931059864353,60.07504788943344,0.022499938896290317,7.239034703897337,48,48,0,6.000001533702828,"[1817.538155370839, 116.26123405801397, -104.93411859120347]","[-58.72781032225633, 12.651291059684418, 0.022543157568326477]"
Optical_A-T0019,Optical_B-T0023,False,reprojection,2.975108668546518,39.89651284609399,57.92699760400357,3.3197357077497225,61.05822878089235,0.02250604549454227,7.306044062680405,48,48,0,6.0000016182346325,"[1838.1150096782874, 128.78984625096706, -105.96436067040418]","[-59.75061303453934, 12.56863576171719, 0.030642222695248522]"
Optical_A-T0019,Optical_B-T0024,False,reprojection|speed,6.020463141260789,134.2412702641863,372.18432851250367,10.267065431939033,67.9793162778545,0.04424415231596823,6.964262771287294,48,48,0,5.997501957699437,"[1724.683033236693, 55.247136879508034, -96.10352495085107]","[-67.85123956265872, 4.153063573896388, -0.38573872821285926]"
Optical_A-T0019,Optical_B-T0025,False,reprojection|speed,6.084487542237278,134.8116265349665,182.3041244331102,10.77726102548547,73.18398077461137,0.03749911705071218,7.0214630719443365,48,48,0,6.0,"[1740.5620667032806, 63.599012090312826, -92.4512278420466]","[-73.17120426165545, 1.3550881033898712, -0.18342614272600524]"
Optical_A-T0019,Optical_B-T0026,False,reprojection|inlier_ratio,0.8896288745430858,10.045215553473655,17.44551542592139,0.8637558049230633,63.6980386959117,0.024243306954672583,5.672579432062646,48,34,14,6.0,"[1866.0480718029473, 144.34277111825307, -103.7137060180701]","[-62.70036986891732, 11.22958945028248, 0.008531408667398876]"
Optical_A-T0019,Optical_B-T0027,False,reprojection|speed,6.012148805522232,109.10287816449143,161.25397643373915,9.265164793434309,70.94925128553226,0.027500494441717982,7.517754364374855,48,48,0,6.000001633656483,"[1898.5237257375104, 163.0806915195189, -94.19704201377458]","[-70.56942572900479, 7.330826100043572, -0.1067658512648263]"
Optical_A-T0019,Optical_B-T0028,False,reprojection|speed,5.869046137273903,78.79835138055753,133.49930074788557,6.738529347833557,72.47530230780289,0.027500071438323004,7.5865312357983825,48,48,0,5.997499319439893,"[1918.5755260021692, 174.92104430107577, -109.36966983367002]","[-72.14851440836881, 6.873709250294029, 0.11590692489743815]"
Optical_A-T0019,Optical_B-T0029,False,reprojection|speed,5.858321178736012,78.64454688000546,137.2454818202062,6.525894936509072,73.10867064193745,0.027579378085623718,7.386300533895952,48,48,0,5.9974994689357235,"[1856.6337943885076, 135.9471035713534, -97.10258187133032]","[-72.96068346691864, 4.649085399584798, -0.04894914461803912]"
Optical_A-T0019,Optical_B-T0030,False,reprojection|speed,5.040653310937546,67.7120928616112,84.92626064073823,5.9496888591788615,68.33276315632337,0.02500121637503261,7.766792347760969,48,48,0,6.000001760460995,"[1974.965551159557, 211.83822967361183, -109.10059064597105]","[-67.35652765579073, 11.509255729317744, 0.041656812765779705]"
Optical_A-T0019,Optical_B-T0031,False,reprojection|speed|inlier_ratio,0.8966190279505624,9.376798060884516,19.571666940491173,0.8606501116610427,68.94157118310582,0.0250003579492577,5.910642634023016,48,34,14,6.002500882949288,"[2052.1632565505643, 258.9050044109139, -102.91038264924025]","[-67.64748235943316, 13.295045073145246, -0.012005351416794596]"
Optical_A-T0019,Optical_B-T0032,False,reprojection|speed,1.983487990790482,24.52251058457354,42.38192670789233,2.3468840609561754,69.38648348455787,0.040000000000000036,11.575040363910883,35,35,0,4.28500164392456,"[2117.6631880264354, 207.49624453051695, -105.1470983960977]","[-68.41941904147033, 11.539633254882773, 0.32257204360003283]"
Optical_A-T0019,Optical_B-T0033,False,reprojection|speed|inlier_ratio,1.0439768152498985,9.374635775627512,12.550297811280071,0.8390322084316497,81.07051583181405,0.03000150670814561,7.717883523745764,48,12,36,6.000002136772721,"[1978.0913559556284, 209.3234768318643, -102.90152352781774]","[-81.02048736627857, 2.847626879500453, 0.013613311651973714]"
Optical_A-T0019,Optical_B-T0034,False,reprojection|speed,2.7079526418696913,34.64570991297392,48.80165972345675,3.08370862243374,70.85585418039712,0.02749809472232201,7.930471361989367,48,48,0,6.002500882949288,"[2022.6159753159598, 240.84511314763756, -100.35491870227749]","[-69.9705811882558, 11.1655608192142, -0.009560535042169305]"
Optical_A-T0019,Optical_B-T0035,False,reprojection|speed,6.005102006145045,93.57372622816345,117.98213935903895,8.526754972385934,72.41915681354054,0.027499454340078167,8.102983105983721,48,48,0,6.002500882949288,"[2071.837375144284, 271.1836414527074, -94.92095304907778]","[-71.49133226978103, 11.555160827395568, -0.044069592288572546]"
Optical_A-T0019,Optical_B-T0036,False,reprojection|speed,6.144797374437881,88.79472373655788,130.63890844200276,7.8725584776501325,88.24227365793404,0.03000370512329198,7.864705728561445,47,47,0,5.7250017658985755,"[2023.7824800847807, 220.68044973464225, -96.35413728198047]","[-88.23521811176016, -1.1105896504374755, -0.10833152898174742]"
Optical_A-T0019,Optical_B-T0037,False,reprojection|speed,3.0205300232173227,36.80823946877502,104.35867927629664,3.355054792855439,86.26825656499923,0.030000746686988933,8.517617959811847,48,48,0,6.002500882949288,"[2183.1659960421193, 335.8794629000905, -101.80495890054124]","[-86.10551136851524, 5.296504998091219, 0.006126681054638927]"
Optical_A-T0019,Optical_B-T0038,False,time_delta|reprojection|speed,5.627807185671253,60.09180286062112,116.4795550649213,6.432450857707574,88.04176508442589,1.8074999193510508,35.348274607303594,30,30,0,4.497499919351051,"[2310.212249198712, 325.957522935513, -107.60169741664355]","[-87.94499534924164, 4.010593704319888, 0.972280999490589]"
Optical_A-T0019,Optical_B-T0039,False,reprojection|speed,6.12351767574756,137.0086108452939,163.4479629119176,12.409020300820524,72.75515694428718,0.025000656704042612,7.863456963447262,47,47,0,6.28,"[2045.9722435590982, 270.554076118023, -91.25079682088622]","[-71.89715647678648, 11.140252068342548, 0.08084796922495707]"
Optical_A-T0019,Optical_B-T0040,False,reprojection,5.623895562433115,76.81166977670996,123.14908975477961,5.882673776918567,62.888617696298596,0.05500006258566881,6.578812329538816,47,47,0,6.224999937414331,"[1644.8383521289613, 17.247180431632763, -108.05694526880443]","[-62.62079134950763, 5.797803922738073, 0.014006645387615035]"
Optical_A-T0019,Optical_B-T0042,False,reprojection,2.34555200259462,31.609729034467954,83.59278165557956,2.1811135666784875,54.486425590334754,0.10499931917191851,5.846079524939991,47,47,0,6.175000680828082,"[1375.1130862502623, -152.15123005295166, -103.35608155905716]","[-54.37372351973113, 3.5026720623520298, 0.0072549667143059215]"
Optical_A-T0019,Optical_B-T0043,False,reprojection,5.857387377714469,87.02529148480092,155.81893369398486,5.767848443440269,62.22886256775268,0.1049969096791088,5.823546016568107,47,47,0,6.1750030903208915,"[1361.9649023312556, -162.94519014944, -97.17087364407656]","[-62.20378097946431, -1.7658558609188546, 0.052167169205991945]"
Optical_A-T0019,Optical_B-T0044,False,reprojection,5.781621110053093,81.81584543747209,103.4399752144054,5.450377763674927,55.26033842634113,0.11249883720040943,5.502473280520042,44,44,0,5.7800016107402055,"[1337.7599153817978, -190.17374373786575, -106.9221265044413]","[-55.243331530831384, 1.361568375268277, 0.1595491393702398]"
Optical_A-T0019,Optical_B-T0045,False,reprojection|inlier_ratio,0.7206694535783873,8.73227948576183,15.541739780374067,0.5607492949457787,50.47149582552489,0.12499986015802556,5.961700651807135,47,22,25,6.155000139841975,"[1278.845341275555, -211.4982870630908, -101.92543112093075]","[-50.35012136503718, 3.4981486265933484, 0.0112061708745817]"
Optical_A-T0019,Optical_B-T0046,False,reprojection,5.774084461040066,82.94393385940062,113.04706317226129,5.072346735446818,45.87217757251666,0.14293280047235157,5.414455107794403,47,47,0,6.137067199527649,"[1192.1484651908484, -265.6880654808825, -97.01595626869825]","[-45.70279424364071, 3.937918835483078, 0.06378724864611951]"
Optical_A-T0019,Optical_B-T0047,False,reprojection,3.0084025325916937,40.54132246751512,75.03465931070927,3.3554430500476693,59.078078746157416,0.03500213993833423,9.534921489733579,34,34,0,4.747501069969168,"[1757.145371375962, 21.435847070112402, -100.6337742845833]","[-58.35099580787165, 9.235747695205603, -0.2857290279730008]"
Optical_A-T0019,Optical_B-T0048,False,reprojection,2.3313471559001924,31.84731464599402,52.023576368541065,2.0452591383353664,50.61495880797443,0.13000017064074765,5.584009070025013,45,45,0,6.28,"[1297.2281768863913, -196.12188663681314, -100.32693787665674]","[-50.454566991921666, 4.025606582472605, 0.07222488346094219]"
Optical_A-T0019,Optical_B-T0049,False,reprojection,5.865023105801699,151.01436307993782,232.2772243571533,9.055278442020668,50.43120036555421,0.16000094912136298,5.298853908253281,45,45,0,6.28,"[1163.9114435122403, -280.3314928429473, -93.58128823029006]","[-50.42898996966122, 0.37121069122080996, 0.29179371687428257]"
Optical_A-T0019,Optical_B-T0050,False,reprojection,2.4400811443172445,32.66688819445697,82.4976126427336,2.057295103757768,55.32031783038052,0.14000000000000057,5.557045625717094,43,43,0,6.716513986452952,"[1277.7630711956667, -194.26473411468513, -103.07617199919757]","[-55.30907445229809, 1.108399286787872, -0.12368955295827438]"
Optical_A-T0019,Optical_B-T0051,False,reprojection|speed,6.129623962635713,85.19808348761481,129.26408820750873,7.7235060236668005,87.12806856110984,0.029997850926555714,8.5336272344993,41,41,0,6.716513986452952,"[2103.731636071362, 327.9083288291059, -109.96212138064926]","[-87.02086090793728, 4.28473384251464, -0.5578117332042818]"
Optical_A-T0019,Optical_B-T0054,False,reprojection,3.3481935148372086,45.412080375045086,97.98779181061106,3.326106716593722,56.60440955658292,0.09500133019282941,10.539066659384764,35,35,0,7.71,"[1588.4984461590207, 52.37135274159339, -101.04673290502386]","[-55.52233796555565, 11.012863256360433, 0.214501712578892]"
Optical_A-T0019,Optical_B-T0056,False,reprojection|speed,2.1463829766603735,27.030000193332487,44.43853096480407,2.257853965409459,68.35123677943068,0.0450014870935469,13.987453160703433,34,34,0,7.717501752251149,"[1886.087642449832, 249.61635103324352, -104.90661096034677]","[-67.22960761521391, 12.327981013721654, -0.3038310508945855]"
Optical_A-T0019,Optical_B-T0057,False,time_delta|reprojection,2.4694755141477596,31.859964016938857,59.60980761156962,2.314670731296838,53.891953277747156,0.31055366995775513,17.2710946027137,32,32,0,7.965,"[1542.0023389166522, 33.919648444109505, -104.07919419464297]","[-52.57724205385941, 11.827902487090181, -0.27743261640584516]"
Optical_A-T0019,Optical_B-T0060,False,time_delta|reprojection,6.3582771014134964,106.05682923710764,187.39755682781498,7.078595052857634,58.14719788628631,1.0950029057596344,22.68116963878389,31,31,0,7.71,"[1461.1875714670753, -33.66055000380708, -97.28065990355802]","[-57.80443126414935, 6.1982990000017395, 1.151276579171618]"
Optical_A-T0019,Optical_B-T0061,False,time_delta|reprojection,6.280969314555811,74.7709481198804,175.65181123589062,5.16274461142324,43.62659707869801,1.804243344195303,37.869304833428835,28,28,0,7.000757487668194,"[1470.9888444378987, -53.203441373995915, -103.45927200961769]","[-40.71296491709717, 15.673936702775798, -0.24933624617084799]"
Optical_A-T0020,Optical_B-T0002,False,reprojection,1.9020867749149095,24.353506627073493,49.84822800489697,1.6093704226418872,38.2195565346264,0.10413055452016273,5.896435834085084,48,48,0,5.999150184664191,"[1328.5195822142316, -289.4660296295491, -102.44082411050537]","[-38.204574778567405, -1.0700264713542254, -0.0033230943046766714]"
Optical_A-T0020,Optical_B-T0004,False,reprojection,5.1307510686395394,69.9501983529271,301.6127422551244,5.497169086530962,39.71925595731115,0.0882809682173038,6.094734331597623,48,48,0,6.0,"[1411.013015991734, -245.13370896773444, -101.23701198711342]","[-39.714483974166, -0.6155037037498232, 0.014548497495309246]"
Optical_A-T0020,Optical_B-T0007,False,reprojection|inlier_ratio,0.8253000676064423,9.423105078291288,13.802996083122947,0.6624017787306982,42.836572496999715,0.08578110631653502,6.004962328287569,48,16,32,5.997500138099231,"[1439.3043158914186, -230.19716196383888, -101.99023293176708]","[-42.79608493148437, -1.862003399685193, 0.0010804856653112704]"
Optical_A-T0020,Optical_B-T0009,False,time_delta|reprojection|speed,3.0715611910192537,25.7890062940984,89.14821793830866,2.0268981617139725,28.304434532867635,2.560000827678351,46.16923750894936,29,29,0,4.745000390431957,"[1514.525049284393, -214.48775417469707, -101.75870912260736]","[-27.426288965074598, 6.995650473112278, -0.023712605535942566]"
Optical_A-T0020,Optical_B-T0012,False,reprojection,3.96566422136903,53.68264756227264,86.15424352335069,4.270007711380428,38.58934463551556,0.044490994452811794,6.956544058166747,40,40,0,4.999491163960469,"[1687.279683815924, -120.05195534986483, -105.69183545941866]","[-38.42635709808913, 3.517335445582532, 0.4253832765604387]"
Optical_A-T0020,Optical_B-T0013,False,reprojection,4.326852827807811,59.99415168213473,134.56938555654952,4.5282413778556325,47.05255100796053,0.053280553864844205,6.6593419774229465,48,48,0,6.000001571632307,"[1625.0154076955962, -130.9050911295963, -105.9315463313673]","[-47.028158221607214, -1.513500056821261, 0.06487078084767593]"
Optical_A-T0020,Optical_B-T0014,False,reprojection,5.807357313371111,99.60099918346721,173.2997374743034,8.21103942043766,47.1709032237998,0.03999806603875822,10.444565989140509,35,35,0,4.255002595165092,"[1745.4960482342829, -108.48939305558272, -94.96720809511027]","[-47.14480512922245, -1.016370973294869, -1.1951779454837377]"
Optical_A-T0020,Optical_B-T0015,False,reprojection,2.1009693058774825,27.795667271202312,30.873183580590783,2.2459790820422905,40.46117591132865,0.03328234841460631,7.057834562447298,48,48,0,6.0000014116570295,"[1768.7214471315974, -52.138222509033795, -99.84968589481396]","[-40.23052195100007, 4.314146223850166, 0.0014271730065123743]"
Optical_A-T0020,Optical_B-T0016,False,reprojection,2.357987130032473,31.55579681585666,52.49018789293319,2.6397349217037136,41.41482909292012,0.02500259516509118,7.559334635138599,39,39,0,4.7700000000000005,"[1808.1077555876523, -62.86123279778758, -104.39577969004775]","[-41.25825533422906, 3.5857129463268578, 0.2951241059041632]"
Optical_A-T0020,Optical_B-T0017,False,reprojection,3.9300544571183895,54.17258331330083,79.88842083990771,4.339796211712994,54.61243433508553,0.037500150801256904,7.074307575800176,40,40,0,4.997499679691087,"[1734.3475004631116, -97.91606199748892, -105.45509350453355]","[-54.40778502219571, -4.705360977282652, 0.41290562605848535]"
Optical_A-T0020,Optical_B-T0018,False,inlier_ratio,0.542476890254307,6.825529557739792,13.070418702415203,0.5597453194392513,50.982634367641474,0.015000051416643068,18.818361140368854,41,22,19,5.24,"[1865.9822866283555, -17.898508573510657, -100.79311811726625]","[-50.95409247882282, -1.6831756521473729, -0.2763809838017083]"
Optical_A-T0020,Optical_B-T0020,False,reprojection|speed,4.591289894445434,61.82433936745841,185.99326126077113,5.138736638353347,65.97659196365625,0.03250052734096398,7.162463767019217,40,40,0,4.99750069684862,"[1768.331295351405, -81.79429326199173, -102.13659266613529]","[-65.18457053697901, -10.190730541697668, -0.17737551947077526]"
Optical_A-T0020,Optical_B-T0021,False,reprojection,1.4979213887113552,19.79369697002021,54.441324572506836,1.684882296255589,43.338043082256426,0.018280968217303517,7.308966778672373,48,48,0,6.0,"[1852.3989900692766, -7.477611086638369, -100.81199990263758]","[-43.15599430378144, 3.9678150617276176, 0.05076896124098999]"
Optical_A-T0020,Optical_B-T0022,False,reprojection,2.165919118989731,29.373857231907852,33.86213058277142,2.5612673849644225,45.00177817578373,0.01723553019935653,7.625605825188807,48,48,0,6.000001533702828,"[1954.8323173081246, 47.550260127202236, -104.86751380197502]","[-44.76560332001851, 4.604431069582029, -0.003592027228454364]"
Optical_A-T0020,Optical_B-T0023,False,reprojection,3.0182092371882434,41.40187207509001,47.82226521845175,3.64437809081292,45.73325432123691,0.017500047169858424,7.700815426196879,48,48,0,6.0000016182346325,"[1978.5833494685796, 60.25253467567657, -105.97880184805666]","[-45.50594084484322, 4.554104160489597, -0.005825115902035161]"
Optical_A-T0020,Optical_B-T0024,False,reprojection,5.886110839789495,115.9875240361248,280.08137819783525,9.570375522482708,57.54167645452658,0.025574731387326244,7.305257185113176,48,48,0,5.997501957699437,"[1844.7919915552582, -14.077249132981336, -95.43215925070282]","[-57.399335038792344, -4.02800578526788, -0.36883017193929213]"
Optical_A-T0020,Optical_B-T0025,False,reprojection,5.994313242125065,132.51445387245874,164.21509998527975,11.108585847115544,63.771656484502294,0.02499799569900768,7.3656032431151806,48,48,0,6.0,"[1861.961991978724, -5.736644898102632, -91.48159357165798]","[-63.4005433959222, -6.868861217113471, -0.11837845743047672]"
Optical_A-T0020,Optical_B-T0026,False,reprojection|inlier_ratio,0.6795165913645288,8.437706005576052,17.088647135585276,0.8085684176126072,47.54245233807351,0.01546053334495845,70.07890052947408,48,29,19,6.001719031782696,"[2014.6880391011198, 79.44896757140553, -102.67478839506778]","[-47.367324662413104, 4.075227394418462, 0.11768741361851154]"
Optical_A-T0020,Optical_B-T0027,False,reprojection,5.87171175020596,102.50437856092441,119.09786224865198,9.280254783501983,56.95631379172459,0.025000212920415876,7.9299232841443015,48,48,0,6.001719031782696,"[2046.3386538465465, 94.94764462758556, -93.25606001938668]","[-56.952214892646495, -0.6823979868876515, -0.035107701476955855]"
Optical_A-T0020,Optical_B-T0028,False,reprojection,5.8267887216351575,80.73566261416843,95.38056510581735,7.37308345287835,58.38774011763165,0.020853139280103683,8.00533993999605,48,48,0,6.001719031782696,"[2069.2178860112654, 107.01892481573532, -109.65511389203412]","[-58.37701356565263, -1.1180109655867163, 0.05034561082240996]"
Optical_A-T0020,Optical_B-T0029,False,reprojection,5.123054340829077,69.89425816883923,92.44382673599289,6.193821987029753,60.837370301336655,0.025000517311478454,7.777457298176455,48,48,0,5.999218500718419,"[1996.6259325537364, 67.30454397951895, -96.41354474065139]","[-60.73808430914908, -3.474293001195262, -0.005270531542262091]"
Optical_A-T0020,Optical_B-T0030,False,reprojection,5.306348348657237,73.65683593934864,89.6203604114161,6.885981897166306,51.447448525518865,0.019903890337200636,8.218626403765281,48,48,0,6.001719031782696,"[2137.241009350613, 144.9902543957619, -109.38636916005187]","[-51.31027009275505, 3.754350417213468, -0.0315553356634255]"
Optical_A-T0020,Optical_B-T0031,True,,0.09436898171040817,0.9675717291642456,3.118459889757039,0.09131055577355797,50.01194255797048,0.02671727265088597,8.520866089465141,48,48,0,6.001719031782696,"[2228.5622672319505, 194.52473063050962, -102.63656085757437]","[-49.65073052460946, 5.99994639928606, 6.92149968894995e-06]"
Optical_A-T0020,Optical_B-T0032,False,reprojection,1.9385071650303751,26.398541826429266,48.22976329869603,2.6540753754768964,50.782070483102174,0.04499764772306514,12.395097877786919,35,35,0,4.28500164392456,"[2258.0358842503488, 155.42707166115082, -104.84531017303325]","[-50.567052129302, 4.651364100581986, 0.39589582850609817]"
Optical_A-T0020,Optical_B-T0033,False,speed|inlier_ratio,0.7588332564952367,7.484070697631702,13.389529308699878,0.7058336975083325,67.87239039631177,0.024998676709132805,9.31275311710728,48,29,19,6.001719031782696,"[2136.55592889325, 142.23683258535561, -102.6001482466595]","[-67.6751745316161, -5.170300282769684, 0.011189756364874265]"
Optical_A-T0020,Optical_B-T0034,False,reprojection,2.1688570993754688,29.448687761292497,40.53200580736475,2.8127555378465794,53.37116416766979,0.029217400557279838,8.405133497582323,48,48,0,6.001719031782696,"[2193.166539013464, 174.78611156995328, -99.87655664974515]","[-53.254630679305535, 3.524964080344837, 0.010200755294555025]"
Optical_A-T0020,Optical_B-T0035,False,reprojection,5.82970206623763,89.52533483191513,108.46892255324198,8.74730596588366,53.974067439233586,0.031719031782696305,8.602323253193367,48,48,0,6.001719031782696,"[2251.295226150599, 206.157123397136, -93.93766087287268]","[-53.819787317032336, 4.077878233512386, 0.03685372418429611]"
Optical_A-T0020,Optical_B-T0036,False,reprojection|speed,6.01654702256109,80.69695624630545,120.50379795876394,7.629174484785835,76.11983662799427,0.029996801213355795,8.279453864458159,47,47,0,5.743438063565392,"[2180.3932870367503, 155.81490445135665, -95.56015684852864]","[-75.57504908015055, -9.090541772452944, -0.059456611587913155]"
Optical_A-T0020,Optical_B-T0037,False,speed|inlier_ratio,0.5776304910225203,4.459866982219028,8.525504048397444,0.47017235974260096,67.58123639829927,0.046720513151643495,61.0399596944671,48,14,34,6.001719031782696,"[2369.9290696183116, 273.3994885284536, -101.31079807254996]","[-67.5027871223962, -3.2381845708722494, -0.333773150860732]"
Optical_A-T0020,Optical_B-T0038,False,time_delta|reprojection|speed,5.597863243878396,61.982056830642904,118.56739077677399,6.939159051051883,70.31299242459184,1.8100014927985244,42.00602317092913,30,30,0,4.500001492798525,"[2478.8714957118214, 273.73003100496135, -107.2362708316491]","[-70.23798897236433, -3.0656033796944655, 1.0695254728813275]"
Optical_A-T0020,Optical_B-T0039,False,reprojection,5.963911648908965,134.10084342699383,156.95644816343582,13.023453072179656,54.66730986188645,0.03000000000000025,8.37137216973814,47,47,0,6.26,"[2230.214730153929, 203.29282493625888, -89.88473295187042]","[-54.549330550390565, 3.583672256045034, 0.20639089366304653]"
Optical_A-T0020,Optical_B-T0040,False,reprojection,5.742194885854304,79.90313962949556,105.78400829301685,6.425287740777962,52.81098201574134,0.035000062585668346,6.8999224915358,47,47,0,6.224999937414331,"[1758.697774514539, -53.85976399543523, -108.22223490582982]","[-52.75307474566784, -2.472124262475468, -0.039089331251225934]"
Optical_A-T0020,Optical_B-T0042,False,reprojection,2.3530315255226815,32.257773164924814,80.00030536757765,2.1664310503294186,48.19830654757271,0.08499931917191805,6.081456226813666,47,47,0,6.175000680828082,"[1452.665141713493, -220.3954101323784, -103.20960119379806]","[-47.9921588752411, -4.4530233700753215, -0.004838695104088714]"
Optical_A-T0020,Optical_B-T0043,False,reprojection,5.802528519654022,84.46480398501902,165.27477543169294,5.7287455715729845,57.83938100854441,0.08499690967910833,6.052168440374264,47,47,0,6.1750030903208915,"[1436.633463163489, -230.65083634368136, -96.6627676954663]","[-57.0449505807037, -9.553071620735167, 0.080195422217204]"
Optical_A-T0020,Optical_B-T0044,False,reprojection,5.739620418664557,89.12441592041134,129.09719075876993,6.07188596533533,49.86337517023294,0.09328068836700076,5.709259429666478,44,44,0,5.789219759573614,"[1406.0009441807433, -253.88527065052034, -106.93054665715172]","[-49.47379865157998, -6.219020814198444, 0.15234980437161239]"
Optical_A-T0020,Optical_B-T0045,False,inlier_ratio,0.4386640186325897,4.314635278615874,10.379800869208436,0.2962136726177091,45.12303319041051,0.1049998601580251,8.57285569390527,47,28,19,6.155000139841975,"[1345.7461806398128, -278.17551950938235, -101.42449753099854]","[-44.90810951283761, -4.3988390502742405, 0.006268624651935617]"
Optical_A-T0020,Optical_B-T0046,False,reprojection,5.822916028212189,86.14670136409623,134.94710074788134,5.41288008210512,41.029512003081116,0.12293280047235111,5.606187819691062,47,47,0,6.137067199527649,"[1249.7866398736523, -329.8632628524638, -96.56305354255548]","[-40.872712612276075, -3.582397874910452, 0.09297521768184108]"
Optical_A-T0020,Optical_B-T0047,False,reprojection,2.7373043689235077,37.47735071422693,66.54983741942016,3.2394563601993376,45.90313862330637,0.020001749506377564,10.154679937339294,34,34,0,4.755001265185146,"[1861.1466536025832, -36.266191238946305, -100.14574870402434]","[-45.86827507929827, 1.7709887792779213, -0.2511482908121113]"
Optical_A-T0020,Optical_B-T0048,False,reprojection,3.021006534706634,41.08295658691883,83.98884635643587,2.7369412997505447,45.0093941659434,0.11000110809647712,5.795266844689818,45,45,0,6.26,"[1368.6662668011943, -263.6586293212105, -100.00211031552901]","[-44.840228154977524, -3.8978937208779314, 0.07698529444725688]"
Optical_A-T0020,Optical_B-T0049,False,reprojection,5.886371064892317,151.90052149196177,252.44459547983118,9.26743489142163,47.088501334553726,0.14000188657709245,5.477306658952846,45,45,0,6.26,"[1220.6269146409636, -344.37588810754187, -92.9456257329305]","[-46.55947171768338, -7.030492971938145, 0.33870322708471545]"
Optical_A-T0020,Optical_B-T0050,False,reprojection,3.089921148135884,42.64867255734357,112.93518735858083,2.7176986259294016,50.929958903034056,0.11499882408370166,5.749048831312024,43,43,0,6.738852697226576,"[1349.6951367630388, -265.12213906813076, -102.91495515235138]","[-50.46415202703274, -6.870721587864608, -0.1525087516045352]"
Optical_A-T0020,Optical_B-T0051,False,reprojection|speed,6.015828624008168,91.45790886175716,134.62987385528095,8.995623022598895,71.45989990963979,0.03885269722657547,9.010872603524723,41,41,0,6.738852697226576,"[2309.591713774008, 260.1263648626941, -110.42578995524819]","[-71.35445203403746, -3.812804101176141, -0.7224921480805508]"
Optical_A-T0020,Optical_B-T0054,False,reprojection,3.0561099671548937,41.65161767622524,104.27753039793626,3.273437184228803,44.86077837715298,0.059998641052585455,10.897527424363572,35,35,0,7.735001175916299,"[1725.202376363696, -30.405849890387053, -100.56244045877239]","[-44.79914374300514, 2.3430212004202176, 0.19080920308426014]"
Optical_A-T0020,Optical_B-T0056,False,reprojection,2.164357470546658,29.82782326399612,49.29431009190523,2.661116165885255,51.41911959580502,0.010141440724710904,14.721009331545408,34,34,0,7.730002340209299,"[2082.4418378358387, 170.58023798774494, -104.78276070981528]","[-51.23840220834644, 4.2876554831489955, -0.4098897427853621]"
Optical_A-T0020,Optical_B-T0057,False,time_delta|reprojection,2.3206382285831264,29.313192712286636,49.79351267836504,2.220360814265937,41.75080607449359,0.28105303873244303,18.119897019627974,32,32,0,7.97750058795815,"[1675.280660470588, -51.68028723891078, -103.88339094374503]","[-41.610580193614744, 3.4006176463623348, -0.35386924700556194]"
Optical_A-T0020,Optical_B-T0060,False,time_delta|reprojection,6.28728867896682,106.93378529792142,179.06873697871262,7.650506662744261,50.55465303148236,1.0700017298433355,23.882880622346057,31,31,0,7.735001175916299,"[1575.8798766319908, -115.5701347732783, -96.33561712473113]","[-50.463130278412805, -2.7797072040642234, 1.232336600600165]"
Optical_A-T0020,Optical_B-T0061,False,time_delta|reprojection|speed|not_inbound,4.8272140440232745,51.28157627640333,139.27482699044342,3.7421885763464617,23.293745177046624,1.8030735200806265,45.63066067124828,28,28,0,7.00192731178287,"[1550.3571187477821, -143.18539895130527, -103.06478950135869]","[-19.606700958260618, 12.573247147693507, -0.2988278259166821]"
Optical_A-T0021,Optical_B-T0002,False,reprojection|inlier_ratio,1.0331956348728217,11.42281162421006,21.345124038335403,0.7484869225811549,37.995449828670395,0.11835155995316038,7.290920688466948,48,14,34,5.999150184664191,"[1282.6294210104363, -244.421555408511, -103.56044946946449]","[-37.995432542272496, 0.03487487545206491, 0.009866696077192705]"
Optical_A-T0021,Optical_B-T0004,False,reprojection,5.5555924116007045,75.94243805924873,297.4926930959528,5.6382026359878346,39.550306001414285,0.10250184358860004,5.921999050281802,48,48,0,6.0,"[1359.2549110158207, -199.0811421104639, -102.80611512998145]","[-39.54679980870708, 0.5265241375021432, -0.010100899968854882]"
Optical_A-T0021,Optical_B-T0007,False,reprojection,2.821119308449029,37.87861721680389,139.53327123486116,2.6901458677733054,42.345743552606585,0.09999966385855696,5.98974299909347,48,48,0,5.997500138099231,"[1385.249150519692, -184.29696047270474, -103.70641266349685]","[-42.33952956700094, -0.7250279519853997, 0.023823035399901188]"
Optical_A-T0021,Optical_B-T0009,False,time_delta|reprojection|speed,5.219976718436857,56.84497216180426,114.62146783406953,3.9333571126897393,32.6633099675724,2.550002699541493,43.79065978089052,29,29,0,4.735002262295099,"[1444.7923235491771, -178.05313997555507, -104.34421129432684]","[-32.16213037702302, 5.6947552032456485, -0.24279790813404345]"
Optical_A-T0021,Optical_B-T0012,False,reprojection,3.445023809895699,46.48494309155807,100.15013406755936,3.4644782991301093,39.36045452661485,0.05699003281291892,6.741121874754491,40,40,0,4.999491163960469,"[1617.0094411208809, -73.476344114798, -107.66776918944238]","[-39.08631485464774, 4.633699103547613, 0.18494389106082942]"
Optical_A-T0021,Optical_B-T0013,False,reprojection,3.0206284891769597,41.51149660434975,137.31372419326198,2.9944445750950717,46.69872591789981,0.06750155426091942,6.446134959653712,48,48,0,6.000001571632307,"[1556.8081403369101, -83.01983747140024, -107.52972098887568]","[-46.69749971134067, -0.3359281994951999, 0.040930541764387596]"
Optical_A-T0021,Optical_B-T0014,False,reprojection,5.846041927870682,118.36876242841272,206.7509271017453,9.434652813072955,47.45892179762396,0.05000011754006195,10.169982714622275,35,35,0,4.265002000945046,"[1672.182922855681, -63.09799973530471, -97.56746672229404]","[-47.43723735206662, -0.1887113157414717, -1.4220262430747608]"
Optical_A-T0021,Optical_B-T0015,False,reprojection,4.586372783049299,62.81043322140011,121.26853973053623,4.8740730817920355,41.223418391828304,0.047501401568480706,6.81307517068205,48,48,0,6.0000014116570295,"[1687.8643692173832, -3.740525524098963, -101.86695405782378]","[-40.85007472517668, 5.5353416859577305, -0.040140688930711516]"
Optical_A-T0021,Optical_B-T0016,False,reprojection,2.6325913210880083,35.558164574890284,97.68214907309657,2.7444654729519464,42.2666443829006,0.03500200094504535,7.3100249385212095,39,39,0,4.7700000000000005,"[1728.5512787082075, -16.25398785992075, -106.5670523823638]","[-42.010674284767056, 4.644549043049459, 0.02525304938114385]"
Optical_A-T0021,Optical_B-T0017,False,reprojection,2.0517429680695085,27.816232859266798,42.22910523153008,2.1713522454076455,53.879097846617654,0.04999918916136448,6.849604358944714,40,40,0,4.997499679691087,"[1660.513874543052, -51.17842206792419, -107.46813342782075]","[-53.75326934750739, -3.675132445061095, 0.19136543831328226]"
Optical_A-T0021,Optical_B-T0018,False,reprojection,3.037482285491,42.07969490907324,64.40225710294195,3.433195992683377,51.59272806693807,0.03000000000000025,7.021145990249867,41,41,0,5.24,"[1784.0202488233479, 27.79927243027522, -103.57748621860078]","[-51.59180621413469, 0.09074593904399109, -0.294764527612915]"
Optical_A-T0021,Optical_B-T0020,False,reprojection,3.692936963782304,49.31627891995495,194.23977072536508,4.229997966962232,64.25333153706475,0.04499956570107111,6.930747299673128,40,40,0,4.99750069684862,"[1691.80237271192, -34.971021104424004, -104.31129695988731]","[-63.59199443230327, -9.18787454121939, -0.36306906874932343]"
Optical_A-T0021,Optical_B-T0021,False,reprojection,3.9323803161870323,54.04331138417739,112.76640524206232,4.346641767898453,44.03453695565159,0.0325018435886002,7.044144560417542,48,48,0,6.0,"[1763.944089243125, 40.939987859646756, -102.87396782635076]","[-43.73031697065328, 5.16718120607351, 0.0078056671683851]"
Optical_A-T0021,Optical_B-T0022,False,inlier_ratio,0.4051775413605979,4.49637669621556,14.040425828862205,0.39840657105723165,45.71497206343223,0.017500996078616105,10.388675559951121,48,29,19,6.000001533702828,"[1856.806973666586, 95.61534783706924, -106.96637905335007]","[-45.35030322078335, 5.762678160965677, -0.014455328603817125]"
Optical_A-T0021,Optical_B-T0023,False,reprojection,2.5498699364850728,34.98996834414913,101.39078758219016,3.0114840566368613,46.565598213382614,0.01750649499785123,7.40331214453152,48,48,0,6.0000016182346325,"[1878.0182231327824, 108.32611780220533, -107.90866790123385]","[-46.2143820167304, 5.708248670481183, -0.04158001729278982]"
Optical_A-T0021,Optical_B-T0024,False,reprojection,5.91795287835146,135.36154104586424,301.78563553642743,10.733283660233496,56.66074623114954,0.03750155425105772,7.041907703673122,48,48,0,5.997501957699437,"[1757.4341528765178, 34.34937957318617, -97.7293340143011]","[-56.588768302653705, -2.829578386900275, -0.3807251130271774]"
Optical_A-T0021,Optical_B-T0025,False,reprojection,6.022973019206864,154.03486933306598,193.57308927523718,12.439968500393254,62.288419417311594,0.032501843588599755,7.097540154107585,48,48,0,6.0,"[1773.090842641989, 42.666605889782886, -93.98943406989552]","[-62.0299717860158, -5.666592296580445, -0.13973359416645906]"
Optical_A-T0021,Optical_B-T0026,False,reprojection,2.3488370434868986,32.523973129506736,94.21905866348065,2.822160544213294,49.153886845490646,0.01750185202791532,7.49827485595096,48,48,0,6.0,"[1906.5820590251328, 124.74770063454424, -105.62956949835277]","[-48.939761600678736, 4.582836417921881, -0.04400971026921252]"
Optical_A-T0021,Optical_B-T0027,False,reprojection,5.924005190591719,129.27535148295732,156.3291490050873,11.187322060327078,56.65751922376672,0.021580411276046818,7.613957923928816,48,48,0,6.000001633656483,"[1939.271543044417, 142.70448143758972, -95.91506013679121]","[-56.655270785778725, 0.4987561509712499, -0.07758275227958433]"
Optical_A-T0021,Optical_B-T0028,False,reprojection,4.134169569999245,56.47886850665846,80.7890220935452,4.960415206033469,57.99104417400929,0.0229091589088517,7.684057804989548,48,48,0,5.997499319439893,"[1960.1158555980987, 154.6412827752731, -111.46924828528441]","[-57.991003360750256, 0.06408096379885642, 0.025044668654395474]"
Optical_A-T0021,Optical_B-T0029,False,reprojection,5.861923345112832,94.78823501080703,117.14901747541535,8.031943376475352,59.962594417840194,0.02083753747055983,7.475262922023042,48,48,0,5.9974994689357235,"[1894.7572904253052, 115.34901331586848, -98.84550126971016]","[-59.91983410230357, -2.263791672598412, -0.038180281459512105]"
Optical_A-T0021,Optical_B-T0030,False,reprojection,3.9082718858806325,54.09535861773971,102.78609011583265,4.901351030469481,52.11174325969277,0.019709029488067964,7.87553765788673,48,48,0,6.002499731035214,"[2020.4443118904144, 192.03611741865316, -111.27361930061787]","[-51.885578919655416, 4.849409505573881, -0.06093589742218297]"
Optical_A-T0021,Optical_B-T0031,False,reprojection,3.113783182548682,43.04921217508167,108.74232617334646,4.068111777056509,51.1961542411564,0.017511865158115647,8.149320096543319,48,48,0,6.0025018435886,"[2101.6533307255545, 240.61395821336419, -104.98880796904204]","[-50.71502011221435, 7.002194012972055, -0.047149832119605994]"
Optical_A-T0021,Optical_B-T0032,False,reprojection|inlier_ratio,0.6780544095215285,8.347026484840681,15.413968775821477,0.818365276901992,51.704155691978215,0.03499785343377404,9.545975403846084,35,12,23,4.28500164392456,"[2138.5260755618624, 200.00250389807843, -107.9501228207743]","[-51.40272220866122, 5.574651326486048, 0.05592805769260867]"
Optical_A-T0021,Optical_B-T0033,False,reprojection|speed,2.34074704568696,30.139727980225295,48.06767298772292,2.671746664757499,66.47702235406746,0.025000421874694645,7.896470369166642,48,48,0,6.002500606153781,"[2020.9332802324257, 189.21017821027746, -104.82913116966559]","[-66.36375570051644, -3.8789583116052953, -0.010620837347667611]"
Optical_A-T0021,Optical_B-T0034,False,reprojection,4.520723637900991,62.39296826633728,108.89735285626223,5.7219978271056515,53.983992512268586,0.01677654349257729,8.04479594296395,48,48,0,6.0025018435886,"[2070.2827235117234, 221.29967842996066, -102.34742287392886]","[-53.78789473269674, 4.597007060597273, -0.03679502444581412]"
Optical_A-T0021,Optical_B-T0035,False,reprojection,5.902247954750735,119.3669625133187,155.24919692909413,11.12185881039322,54.71540653387859,0.020000000000000018,8.223373347512789,48,48,0,6.0025018435886,"[2121.919636638293, 252.01063590048173, -96.81518255298695]","[-54.476480258301564, 5.107666202297935, -0.02359661813096703]"
Optical_A-T0021,Optical_B-T0036,False,reprojection|speed,6.037991096380143,101.7042330256185,133.0229201394899,9.153563213858918,73.9636328066246,0.025000879507485863,7.93952593224405,47,47,0,5.73,"[2062.100968543806, 202.481214107361, -98.26437274313646]","[-73.54956882044698, -7.814615017363842, -0.10814994183966097]"
Optical_A-T0021,Optical_B-T0037,False,reprojection|speed,3.5331179679954143,46.4135493598471,72.8225361344988,4.493398970802246,67.94272285142858,0.03249963778034726,8.641609516328664,48,48,0,6.0025018435886,"[2236.5068693734897, 317.24829147207254, -103.99305160276086]","[-67.93574209664925, -0.9735554543315708, -0.026907637154859]"
Optical_A-T0021,Optical_B-T0038,False,time_delta|reprojection|speed,4.31200817282907,43.74260468839215,84.9427303866067,4.6557282756254565,74.01110482645446,1.8100021316200725,39.22934461963546,30,30,0,4.5000021316200725,"[2320.4116418814533, 307.4047166996414, -110.80003897484438]","[-73.83918724044977, -4.994698264326814, 0.6863341391475979]"
Optical_A-T0021,Optical_B-T0039,False,reprojection,6.02522408945957,162.44551922530337,199.66618065425556,15.034581389454628,55.28979060684396,0.020000000000000462,8.000172227988232,47,47,0,6.2750036871772,"[2100.6841318322386, 249.56141250015213, -93.04877615938454]","[-55.09535505372378, 4.63017578957718, 0.15578514171114755]"
Optical_A-T0021,Optical_B-T0040,False,reprojection,3.9226780564433614,54.37288414848797,77.27291454416496,4.2336811028514285,52.22381300405227,0.049999325983955956,6.6607572986808465,47,47,0,6.224999937414331,"[1678.1876077665202, -5.200977269433558, -109.89148693260097]","[-52.20823938919323, -1.274775533161037, -0.036495245787659364]"
Optical_A-T0021,Optical_B-T0042,False,reprojection,0.598112774054316,7.120205507855851,16.898392768464525,0.49051334166512783,47.30547195910697,0.10000300634911863,5.743442051544742,47,40,7,6.175000680828082,"[1397.7789574589035, -174.10876579680837, -104.75715869451942]","[-47.17259065727815, -3.5432044160905605, 0.00839169387361971]"
Optical_A-T0021,Optical_B-T0043,False,reprojection,5.821003289425231,98.31799116454837,132.72809176175068,6.61908265490879,56.2815522276785,0.10000059685630891,5.877587806252431,47,47,0,6.1750030903208915,"[1382.7680041431656, -184.2090028805832, -98.46784274170125]","[-55.6207574669661, -8.598666661356262, 0.08597444224109628]"
Optical_A-T0021,Optical_B-T0044,False,reprojection,4.265694821538297,59.22629667405743,71.08921627648006,3.991578354444239,48.891796514731624,0.107501563738297,5.553165633859826,44,44,0,5.782500727790918,"[1355.6013316595509, -208.35846424844465, -108.41814419502029]","[-48.60932338956596, -5.247128940259245, 0.09530965749903506]"
Optical_A-T0021,Optical_B-T0045,False,reprojection,2.0534576865778686,27.277865013422435,44.29235814963808,1.7509156288724035,44.38403158104322,0.12000354733522567,5.665564844031697,47,47,0,6.155000139841975,"[1298.3660822221964, -232.82077451270297, -103.01889372316414]","[-44.257522115525546, -3.3487119536438144, 0.011127997664934941]"
Optical_A-T0021,Optical_B-T0046,False,reprojection,5.867614856945755,104.61816339004768,142.88376921339116,6.465347058792077,40.45308483498129,0.1379364876495517,5.46215445384343,47,47,0,6.137067199527649,"[1208.7812247662087, -285.90808788307436, -98.14714662276153]","[-40.369990486080326, -2.5900726362794906, 0.0863976780553163]"
Optical_A-T0021,Optical_B-T0047,False,reprojection,4.54155206775252,62.95215883871188,106.32645214054605,5.1653396826234035,46.87714079953889,0.030002848449893094,9.81918111394155,34,34,0,4.7500022011167164,"[1776.6254424997114, 9.885866758790346, -102.8829945042799]","[-46.80810908584166, 2.4934077434479036, -0.5001711433659606]"
Optical_A-T0021,Optical_B-T0048,False,reprojection,3.97832522175501,54.434626195952106,84.02316885549239,3.574593868587755,44.31767109507831,0.12499918175731217,5.632717673693453,45,45,0,6.2750036871772,"[1318.6500988646565, -217.82657154779042, -101.68647614112915]","[-44.226537990595006, -2.8386050788111703, 0.10784184968508598]"
Optical_A-T0021,Optical_B-T0049,False,reprojection,5.931054652609004,168.53788973419452,251.27480105665683,10.169993901015,46.063844373163136,0.1549999602379275,5.339049351752067,45,45,0,6.2750036871772,"[1180.6032737585772, -300.90180389996516, -94.67830741244755]","[-45.64806285417407, -6.164396828773064, 0.3637689291007902]"
Optical_A-T0021,Optical_B-T0050,True,,0.16089120174852903,1.1842593107656023,4.315118063189543,0.07695445231311843,50.00781880308036,0.13000000000000078,6.037785651952254,43,41,2,6.725000948481348,"[1301.7238482163045, -218.44954258120822, -104.74047994290777]","[-49.64663403581943, -5.999472506395762, 1.1623168368654624e-05]"
Optical_A-T0021,Optical_B-T0051,False,reprojection|speed,4.745812302061028,63.14183384848245,91.92752784690983,5.913588929949969,70.32057823423979,0.02499631282279946,8.629178764415688,41,41,0,6.725000948481348,"[2170.119935814509, 305.58287004052283, -112.85310263281094]","[-70.26931184854446, -2.638476713472187, -0.4959598394142195]"
Optical_A-T0021,Optical_B-T0054,False,reprojection,4.853090128275896,66.96718162974514,114.72454527253196,5.091823173617464,45.44267261524751,0.0758598042205243,10.643429925114239,35,35,0,7.72,"[1642.0864304638228, 20.354632152557148, -103.2065400613626]","[-45.31144361917548, 3.42965730933083, 0.38343487504583795]"
Optical_A-T0021,Optical_B-T0056,False,inlier_ratio,0.5386242786021811,6.518196814759688,11.967719745908076,0.6066986753164837,51.946902185711025,0.025000389899325626,9.793806608331021,34,15,19,7.72250175225115,"[1961.550592836385, 218.95100792843547, -108.05210780316318]","[-51.66282194947447, 5.422444267378495, -0.17485158249628407]"
Optical_A-T0021,Optical_B-T0057,False,time_delta|reprojection,2.9128086522478567,37.7191661258255,94.83119752093079,2.8893758636927296,43.1422858835552,0.2975012509307766,17.723728330449546,32,32,0,7.970000000000001,"[1596.9146860345143, 0.21399250311584517, -106.50982821840317]","[-42.94085004426394, 4.161663116156753, -0.14418336264899545]"
Optical_A-T0021,Optical_B-T0060,False,time_delta|reprojection,6.329214192386894,125.18562387795048,215.4290582356726,8.646383797200281,51.01879884441305,1.0850029057596347,23.47788503990992,31,31,0,7.72,"[1509.085586640226, -63.81064983707081, -99.32585466406915]","[-50.955199451297105, -2.150702290287576, 1.3638049947720878]"
Optical_A-T0021,Optical_B-T0061,False,time_delta|reprojection|speed,6.5168624758460645,76.2078739012665,152.59825361182618,5.40043052317782,30.62330749551303,1.8025003576228227,43.983526440943926,28,28,0,7.002500474240675,"[1502.9152755013204, -84.12314784291956, -106.05971041145212]","[-28.98209601603571, 9.888139438231988, -0.22309399837846675]"
Optical_A-T0022,Optical_B-T0002,False,reprojection|speed,4.450460728946284,59.651175491143775,108.69248327759055,3.958299823933805,33.97864234255765,0.11500080718292516,10.923331749700658,34,34,0,4.217500403591463,"[1308.3428523809164, -206.6780332682376, -100.17500598636992]","[-33.83765317164675, -3.0465034097613, -0.529320557988269]"
Optical_A-T0022,Optical_B-T0004,False,reprojection,5.916385852872111,95.43032143849986,317.1036917614033,6.921050762982117,35.431631871901224,0.10000074653104729,11.10764611587825,34,34,0,4.225000433917401,"[1381.6769509004964, -160.55274013214336, -98.53974991437813]","[-35.36288393763474, -2.1744771585337617, -0.37232486663744124]"
Optical_A-T0022,Optical_B-T0007,False,reprojection,4.92009192748495,66.85013542680646,170.12328542564666,4.731326839187113,37.838327828178976,0.09500080718292558,11.144354347810175,34,34,0,4.2275004035914625,"[1410.863405920135, -143.82959544044186, -99.62014396527624]","[-37.65715814157457, -3.6714367848923075, -0.4450229968516077]"
Optical_A-T0022,Optical_B-T0009,False,reprojection|speed|not_inbound,4.4467479077184064,58.08612483001725,124.7217612271952,4.2352904303805525,22.20135122642741,0.08000000000000007,4.597587470848061,15,15,0,1.81,"[1481.1399825276621, -146.1419094230734, -96.9487925071441]","[-21.63496663471118, 4.823461646290255, 1.2499730960667659]"
Optical_A-T0022,Optical_B-T0012,False,reprojection|speed,5.955421399304965,103.33492948562366,171.38400701238663,7.890705192468062,31.98591066780368,0.05999903025411957,4.839347476069645,26,26,0,3.2450013040068075,"[1618.6986282687137, -39.17871076092115, -103.53431764726524]","[-31.94902044498619, 0.9258380216918454, -1.2253153929341714]"
Optical_A-T0022,Optical_B-T0013,False,reprojection,5.848693180781109,91.68361634024203,158.32619777358127,6.93080313699902,40.409310395462306,0.06302666235339682,11.692537082272244,34,34,0,4.2434874760062264,"[1578.2142049099925, -43.34090234944234, -103.90099206623673]","[-40.21702962200478, -3.8332413560253755, -0.8995308366393542]"
Optical_A-T0022,Optical_B-T0014,False,reprojection,4.5062765493805115,61.570561274928586,111.38129524908166,4.8247311869866705,39.98896618280657,0.04500369329306264,2.9902486576020317,21,21,0,2.73,"[1671.8109657284601, -18.34534035445444, -88.2450349701691]","[-39.85155002944414, -3.2582829949134737, 0.5957923677057448]"
Optical_A-T0022,Optical_B-T0015,False,reprojection|speed,2.306326567325892,29.535301714405424,51.904455945369705,2.3723490032880363,33.15271572210876,0.04499761357796661,12.319593656851659,34,34,0,4.252500403591463,"[1691.1401752348197, 25.162666387932887, -96.16647338876754]","[-33.11484490976478, 1.5617236610640965, -0.26575469827573445]"
Optical_A-T0022,Optical_B-T0016,False,reprojection|speed,5.89438088448682,85.57019376634945,135.9972857730319,6.846383142539988,33.92573015686428,0.0400004765919868,4.567896748370319,25,25,0,3.2350025331221355,"[1717.5656087647396, 19.25523428797904, -101.48210548166747]","[-33.89839854307175, 0.9683328107973281, -0.9571177874092291]"
Optical_A-T0022,Optical_B-T0017,False,reprojection,5.797275952008365,98.47548214496075,162.61814798448415,7.767211107705997,46.93897173977291,0.05000065637967088,4.919496306080141,26,26,0,3.250001160544521,"[1681.6081885007698, -1.977634760764591, -103.05459729681954]","[-46.44686965004945, -6.674759733980752, -1.1844619842546904]"
Optical_A-T0022,Optical_B-T0018,False,reprojection,3.194400492172608,43.51887550803738,71.1432500177333,3.6406509691764404,43.118506061689764,0.02999788255560709,5.695755008294224,27,27,0,3.2750030097141223,"[1802.0343170249528, 70.06283866395603, -97.03238267926221]","[-42.991173523897224, -3.2770505807528565, -0.4748721104916596]"
Optical_A-T0022,Optical_B-T0020,False,reprojection,5.69191362598632,78.49421310436699,187.7120790141789,6.337659734464349,57.65879564957715,0.04000142765168713,4.982427827019857,26,26,0,3.2550022958882785,"[1725.3186503690838, 24.199841574356622, -98.40914530274513]","[-56.479192520551386, -11.528073515180257, -1.3194881639440494]"
Optical_A-T0022,Optical_B-T0021,False,reprojection,3.087895707012889,40.88250489686299,106.75014186336244,3.4070823132692105,35.37581632351297,0.03000066442088034,12.633059988713333,34,34,0,4.260001504341285,"[1765.441120342171, 70.51566216261243, -97.22138863866918]","[-35.35180466325603, 1.2611732752740608, -0.328221839081996]"
Optical_A-T0022,Optical_B-T0022,False,reprojection,5.159677716429,70.05108334457881,125.59042149056087,6.049023470395707,36.17528629981459,0.019999861541169395,13.056812525303933,34,34,0,4.264999958857723,"[1853.3271079352617, 123.83958571771728, -101.89051198080836]","[-36.118462831693165, 1.8188459461379836, -0.8943047430096904]"
Optical_A-T0022,Optical_B-T0023,False,reprojection,5.776820492149842,78.78399222344275,140.8493877878384,6.865050801195987,36.70202764306633,0.014999833669723905,13.157972907618953,34,34,0,4.2675004035914625,"[1873.9828246700395, 136.4601757721566, -103.18366795610976]","[-36.644402357997635, 1.777942306857554, -1.0322451700389517]"
Optical_A-T0022,Optical_B-T0024,False,reprojection,5.758071889931026,92.64831347132126,249.14591318786495,6.91970217408606,47.82005537470431,0.030003595499239033,12.427004524861669,34,34,0,4.2600005499178675,"[1780.3705261629539, 77.13727890672683, -90.25179673671799]","[-47.33085574966103, -6.817062576555713, -0.2746777600925263]"
Optical_A-T0022,Optical_B-T0025,False,reprojection,4.590471305589261,63.447781807088774,142.2874700712879,5.115001380249243,54.88310917667017,0.0250008071829253,12.370338019866628,34,34,0,4.262500403591463,"[1799.7423797977588, 92.52476346441402, -85.66780208003229]","[-54.22136432366666, -8.481750212184352, 0.5091533331088142]"
Optical_A-T0022,Optical_B-T0026,False,reprojection,4.3570516335523255,59.244839904156024,104.83763433643901,5.228809070714366,39.19326195752774,0.01000352748404465,13.268991267481292,34,34,0,4.270000965201227,"[1903.9675176075616, 154.81100219287111, -100.16595607806879]","[-39.17833516880015, 0.7771274858372692, -0.7522693289670054]"
Optical_A-T0022,Optical_B-T0027,False,reprojection,2.3247486580600354,31.73209509956447,96.69831852899878,2.9028161352548754,46.54765312398047,0.015001502016736223,13.325186345122967,34,34,0,4.272500403591463,"[1945.5275551012946, 179.6366298065989, -87.63179145648257]","[-46.44240578967198, -3.1017004241799384, 0.40793418157007966]"
Optical_A-T0022,Optical_B-T0028,False,reprojection,5.8390120651178075,106.87516877785882,187.24275673725688,9.741623782433997,47.73319129215551,0.019999999358256693,13.4159425845676,34,34,0,4.2750009489057685,"[1965.7739450330464, 192.2149442386928, -107.42031005711974]","[-47.58616978911576, -3.4637773672405103, -1.4199443950908575]"
Optical_A-T0022,Optical_B-T0029,True,,0.056229359051798246,0.4888048016994242,2.5907564909885497,0.04349542299515703,49.997886138747546,0.011672411135768446,13.161297507799322,34,33,1,4.270000576106604,"[1909.5524594462056, 157.33303758157012, -91.286159254701]","[-49.63717123246421, -5.994985436358718, 6.192730093723675e-06]"
Optical_A-T0022,Optical_B-T0030,False,reprojection,5.897651189676576,101.8913541157814,180.06355323025468,9.427409220620481,40.94343451553815,0.01999817159432382,13.83992680544562,34,34,0,4.277500403591462,"[2012.1797950227933, 220.7534944834913, -106.91344865946589]","[-40.90129162151359, 1.1076232173394942, -1.4907529736590903]"
Optical_A-T0022,Optical_B-T0031,False,reprojection,3.704554133362958,49.743267397571266,88.06089244908516,4.759883016824776,38.754046985205655,0.03000079803154243,14.316814862158264,34,34,0,4.282500403591463,"[2084.9882873667193, 264.611246361992, -98.6690793195634]","[-38.622020602664676, 3.12734909457771, -0.6598256887366727]"
Optical_A-T0022,Optical_B-T0032,False,reprojection,5.871897308550945,90.59122918561248,103.57322381094706,8.464252835404817,39.647761736953136,0.01499897856357224,3.5960699100477895,21,21,0,2.715002787652602,"[2101.613865428313, 233.9207446887287, -100.15735396810409]","[-39.59673598548401, 2.005402298198618, -0.1478907314898672]"
Optical_A-T0022,Optical_B-T0033,False,reprojection,3.6738112358554926,50.07449853315765,88.6809850112637,4.733206776971073,56.00240727204822,0.02999980822810877,13.600113242610757,34,34,0,4.277500403591462,"[2033.1969254180704, 233.352023688008, -98.69724085248882]","[-55.55745044375605, -7.015361298294465, -0.6511730248879477]"
Optical_A-T0022,Optical_B-T0034,False,reprojection,2.446244875935361,32.68740672277152,53.046208116276624,3.0795739974203946,42.276259814948595,0.030000080677786922,14.088998750880712,34,34,0,4.280000442382276,"[2060.5320435839462, 249.9668512762334, -95.41580923535136]","[-42.2653528581278, 0.9040321174909423, -0.3237555397682714]"
Optical_A-T0022,Optical_B-T0035,False,reprojection,1.834624117009536,24.09080722057885,82.32301059177793,2.326325882770098,42.33811426579277,0.034997915048759765,14.384088273567492,34,34,0,4.285001382658583,"[2108.627722061982, 279.19451368275463, -88.22758463907658]","[-42.31252768210289, 1.4152967968544203, 0.403553851940063]"
Optical_A-T0022,Optical_B-T0036,False,reprojection|inlier_ratio,0.6793711575526329,7.157880319562111,16.566598511317736,0.6213503317385692,62.66995611543517,0.03500150201673613,9.646907354474292,33,25,8,4.275000807182925,"[2064.2865363666438, 251.4072049352627, -89.87552175458407]","[-61.697347453856494, -10.99718836634662, 0.15021552439058072]"
Optical_A-T0022,Optical_B-T0037,False,reprojection,3.0329206277297045,41.03548318446023,71.10027011953608,4.210370035979347,54.57732588761233,0.049999255871196135,14.851614662100932,34,34,0,4.289999961643488,"[2230.9679004681266, 353.28724108595827, -96.88157904999287]","[-54.41551143421471, -4.1635323878050485, -0.5491943655812728]"
Optical_A-T0022,Optical_B-T0038,False,reprojection,6.000236262179146,124.96147889890405,212.22304814605297,12.814914896319614,58.25116517654297,0.04999646484930903,4.595306547445603,16,16,0,2.0,"[2353.4556237922407, 361.6335204959209, -101.90302143872584]","[-57.76325734730834, -6.133475542737074, 4.357157653811438]"
Optical_A-T0022,Optical_B-T0039,False,reprojection,3.741940989047835,50.8628666482801,102.15483768714246,4.8537224724388635,43.07985063328987,0.031794807001023995,14.212381315877668,33,33,0,4.295001849198931,"[2103.589584724482, 276.49412188083494, -83.41041548168859]","[-43.05666326724436, 0.9544202360266922, 1.042286376558189]"
Optical_A-T0022,Optical_B-T0040,False,reprojection,5.837423736533714,102.90073833334627,183.06129021032456,8.338165383473902,44.87559149859745,0.04499761357796661,12.102376460656135,33,33,0,4.275000807182925,"[1708.8551279998467, 36.51924544414362, -106.02108835340643]","[-44.59877603512538, -4.770734145727911, -1.4170336017553053]"
Optical_A-T0022,Optical_B-T0042,False,reprojection,4.467778820231719,61.16958993423488,114.19594178091172,4.352573260018798,42.62931577785477,0.09000082660692676,11.137935901463711,33,33,0,4.275000807182925,"[1436.7571088250825, -128.36474946795886, -100.64874335869244]","[-42.12172661023213, -6.519601825441768, -0.7165913051502621]"
Optical_A-T0022,Optical_B-T0043,False,reprojection|inlier_ratio,0.685684601341009,8.251578512914074,14.0283325722817,0.5807555728446748,51.64707310854455,0.09014382570005797,9.37655304317426,33,15,18,4.275000807182925,"[1437.7764540930564, -128.19458716360526, -92.74584333295455]","[-50.28542414491222, -11.77992343585045, 0.17228781479208016]"
Optical_A-T0022,Optical_B-T0044,False,reprojection,5.84504958934988,110.01040707495464,203.5856638778012,7.638083111424898,44.54769534251714,0.10000310901933052,8.139534978188621,30,30,0,4.000001734687671,"[1393.7217298633616, -159.3896665141571, -105.58731253399856]","[-43.78304839976113, -8.086703280613392, -1.4652860489385633]"
Optical_A-T0022,Optical_B-T0045,False,reprojection,3.307984654598705,44.41555437145323,83.88089979762854,2.992633237105259,40.333522079172894,0.11000157091753593,10.905821433521332,33,33,0,4.275000807182925,"[1337.7765388963853, -188.39910301504173, -98.79135378273345]","[-39.820304391719574, -6.396820052699837, -0.46589126982968615]"
Optical_A-T0022,Optical_B-T0046,False,reprojection,2.917148693046269,38.31548558393767,87.28199413917773,2.5627207131990835,37.18126864783648,0.129998733168617,10.746340864501434,33,33,0,4.275000807182925,"[1245.5543189096634, -243.35300487614512, -92.99370907586608]","[-36.80733856672859, -5.253083568445334, 0.26772919103411147]"
Optical_A-T0022,Optical_B-T0047,False,reprojection,2.647604485732753,35.12554979379104,106.87457619511744,2.9156282278912564,37.874958548175464,0.035001421691922996,3.3131203855502624,20,20,0,2.9986126303269596,"[1776.558216407001, 48.998819093125626, -94.44906830738124]","[-37.86599937825991, -0.7494416122787655, 0.34192598821215936]"
Optical_A-T0022,Optical_B-T0048,False,time_delta|reprojection,3.3817620962154766,42.324123729631765,94.05274304280519,2.8923660245339757,40.323092742197495,0.5500003947974279,11.886859438940723,31,31,0,4.725002386422034,"[1343.6186095875287, -175.79284662472494, -96.74359860413885]","[-39.911061663007374, -5.741575925147515, -0.30540321421016237]"
Optical_A-T0022,Optical_B-T0049,False,time_delta|reprojection,4.736350660445229,61.750909540689825,111.58290639710883,4.012883189324678,43.02021045258972,0.5750004558203246,11.568600844150897,31,31,0,4.725002386422034,"[1215.4988916518669, -254.77099656551397, -88.15482160934839]","[-42.09578587755023, -8.818232923816709, 0.960253527912218]"
Optical_A-T0022,Optical_B-T0050,False,time_delta|reprojection,4.644828853719489,54.67249680490499,97.08862568892403,3.750842683239965,45.908594375630656,1.4382820824038909,12.054401016752715,29,29,0,4.83,"[1351.0548911282929, -169.7426471588949, -99.86720477116988]","[-45.0521532257507, -8.758645324332662, -1.090256553391586]"
Optical_A-T0022,Optical_B-T0051,False,time_delta|reprojection,6.860368513042604,97.69258912400161,184.03648715185304,9.29214201392708,57.85476463905851,1.9749976135779663,17.564021320768852,27,27,0,5.305000773863057,"[2162.6053848634047, 341.6666677434649, -107.02630096153229]","[-57.472233533987335, -5.862740433226975, -3.1216083463948605]"
Optical_A-T0022,Optical_B-T0054,False,time_delta|reprojection,4.322688492714641,44.80175232370328,110.73225458611664,3.3779700316367167,37.519802499963895,4.5,20.613681468029004,21,21,0,6.7700000000000005,"[1633.6765970189047, 46.447275740502356, -95.87527455883468]","[-37.51043513326908, -0.47129736079499907, -0.6933358110018359]"
Optical_A-T0022,Optical_B-T0056,False,time_delta|reprojection,4.288589619479175,44.48465414780603,99.65302149440684,4.082277201244237,40.90836103981601,4.774998632736056,22.428245139494365,20,20,0,6.000072876742955,"[1971.5213714658503, 240.64818271107265, -99.91093444256566]","[-40.83621367858943, 1.3490000969525795, -2.0193697281437792]"
Optical_A-T0022,Optical_B-T0057,False,time_delta|reprojection|speed,4.105481623513633,41.263264258136466,102.83182669297622,3.2658518390691813,34.86105260387379,5.4893122461554,34.7835681619515,18,18,0,4.50000159680248,"[1676.979386324158, 21.845518684788225, -97.13467246164423]","[-34.81785841581696, 0.4778791605050543, -1.6677396361945556]"
Optical_A-T0022,Optical_B-T0060,False,time_delta|reprojection,2.800129080100594,24.30466600415981,51.45049267554135,1.8846241417249414,44.78856442723019,6.075002905759634,43.89519541821957,17,17,0,4.275000807182925,"[1621.3811682873882, -16.599380229976262, -90.56411269099632]","[-44.4070014471318, -5.690180064917835, 1.2866921758507743]"
Optical_A-T0022,Optical_B-T0061,False,time_delta|reprojection|speed|not_inbound,5.395053805958452,56.84622346099173,115.58764456134145,3.9300843887670602,15.494068424128244,5.4999982454359,81.87053860004609,14,14,0,3.500001588022199,"[1471.8088786415822, -121.54622531122523, -96.4235957190716]","[-9.36444840778622, 12.216102929293712, -1.772030352555957]"
Optical_A-T0023,Optical_B-T0002,False,reprojection,3.1509551997956375,41.562703651584606,66.40139049996223,2.7188086675839833,35.67026876618725,0.11835158568825443,5.73530717619916,48,48,0,5.999150184664191,"[1282.9073834655187, -245.67548244730304, -105.5870039029758]","[-35.593360658068036, -2.3409940577313577, -0.022310051432688827]"
Optical_A-T0023,Optical_B-T0004,False,reprojection,5.89056735496102,91.41682035884718,313.0115388307813,6.618990312509745,36.89054312540188,0.10249851699891233,5.919778638585184,48,48,0,6.0,"[1359.680442772532, -200.31117779095771, -104.61561924648512]","[-36.84143956853396, -1.9027483881234915, -0.007153788464146271]"
Optical_A-T0023,Optical_B-T0007,False,reprojection,4.181909088393216,56.72788056287903,147.12665822696223,3.959361509239641,39.66287060317375,0.10000010584366681,5.98699095796659,48,48,0,5.997500138099231,"[1385.5897107103606, -185.51428308090095, -105.5496340568524]","[-39.536488989968944, -3.163637169586085, 0.027252328012474514]"
Optical_A-T0023,Optical_B-T0009,False,time_delta|reprojection|speed,4.760464320028187,49.55143071935039,104.21410505670069,3.545983124775367,27.330315494698695,2.5500028971087363,45.516571541676676,29,29,0,4.735002459862343,"[1450.120682591825, -171.21965653362795, -107.40708582987062]","[-26.905765804641064, 4.775943154273449, -0.4650575155008658]"
Optical_A-T0023,Optical_B-T0012,False,inlier_ratio,0.7535185674663938,7.725980730236116,14.921883732928592,0.5787871961256423,35.20913385281977,0.056989934029297196,6.126491444911532,40,25,15,4.999491163960469,"[1614.8514055766764, -72.06582961337428, -110.32745550634388]","[-35.13394786980092, 2.2996930363847525, -0.015022859049599352]"
Optical_A-T0023,Optical_B-T0013,True,,0.5728125100124385,6.394758202929257,14.74767225540942,0.47575227101033785,43.1690546458402,0.06750070366470284,5.806406956991,48,41,7,6.000001571632307,"[1557.6766217833497, -84.30190164664994, -109.73147457484687]","[-43.07595516532574, -2.8336078894693912, -0.005651470665746672]"
Optical_A-T0023,Optical_B-T0014,False,reprojection,5.933524211502719,138.77288918976495,245.4853869458196,11.043459005338548,43.288826455961335,0.04500124787419946,10.201089483789856,35,35,0,4.26,"[1667.1757600909905, -59.508349914852616, -100.32342204080831]","[-43.191167112376256, -2.3752836112414784, -1.674397554732245]"
Optical_A-T0023,Optical_B-T0015,False,reprojection,5.862958133946097,84.49434661646679,111.21007138874958,6.5797217311614,36.7349057497271,0.045000434998841765,6.811233372645899,48,48,0,6.0000014116570295,"[1689.0367988802427, -5.031825889778375, -104.11810506805925]","[-36.611673349142166, 3.0060745488790652, -0.04680623492534511]"
Optical_A-T0023,Optical_B-T0016,False,reprojection,1.9603094240093584,25.432311624155364,55.30644034351486,1.9966678256620929,37.63654719836045,0.0349999175667679,7.316076909814915,39,39,0,4.7700000000000005,"[1724.912863559703, -14.165202336665054, -109.22152894442817]","[-37.56662236479451, 2.2823925645708645, -0.2219308372579034]"
Optical_A-T0023,Optical_B-T0017,True,,0.09025472334062731,0.7524620025427078,3.610106586171074,0.05883531874748565,50.0064290401493,0.04999909037774275,6.847392787401413,40,39,1,4.997499679691087,"[1657.3898015643772, -49.525970580940275, -109.98057292645265]","[-49.6447016550466, -6.00387732454778, 2.609818522467111e-05]"
Optical_A-T0023,Optical_B-T0018,False,reprojection,4.584877024036202,63.58384557035883,103.41755844563187,5.233464575708492,46.910041238112655,0.03000000000000025,7.026342160213829,41,41,0,5.24,"[1781.738541389254, 28.729103704547025, -106.29428036775981]","[-46.852402482778565, -2.273373645534761, -0.4859247070718058]"
Optical_A-T0023,Optical_B-T0020,False,reprojection,4.818530012440107,65.69119876063657,210.5944181427599,5.480923811769064,60.48211855972835,0.04499946691744938,6.932935167743454,40,40,0,4.99750069684862,"[1688.2671488421354, -33.29613353753099, -106.87324267535888]","[-59.38412645021529, -11.45985916354568, -0.5327468156405624]"
Optical_A-T0023,Optical_B-T0021,False,reprojection,5.480319378491136,75.11639253245089,101.9543686362556,6.0398973631569675,39.19755419764542,0.03249981402259694,7.041877671919527,48,48,0,6.0,"[1765.1706457731625, 39.660592412714244, -105.22635990800163]","[-39.10839016948672, 2.6423611559274804, -0.0009747767493992754]"
Optical_A-T0023,Optical_B-T0022,False,reprojection,2.4890310384836463,33.31396912440591,67.50583803322675,2.7986874244103266,40.48305762834403,0.017500351635740152,7.332213682724964,48,48,0,6.000001533702828,"[1858.0288602197195, 94.46809843772239, -109.31615329671747]","[-40.351241916489215, 3.263647092425054, -0.06195476489250651]"
Optical_A-T0023,Optical_B-T0023,False,reprojection,1.8628951670209892,24.600122320195776,61.806147527023136,2.099026407975235,41.09502471592299,0.017500201624921274,7.400974863826634,48,48,0,6.0000016182346325,"[1879.4867443409717, 107.08022259819923, -110.4234646370953]","[-40.96931782994386, 3.2111897482190006, -0.06567611665466111]"
Optical_A-T0023,Optical_B-T0024,False,reprojection,5.924693792462271,154.81223389956506,284.6234009748715,12.397829383906606,52.34163356497138,0.03750195769943643,7.036030536756775,48,48,0,5.997501957699437,"[1757.777264577296, 33.059316805846436, -100.0724862653412]","[-52.06706959003249, -5.3419837535491705, -0.3606634626201315]"
Optical_A-T0023,Optical_B-T0025,False,reprojection,6.052167408882399,183.47547035811277,221.5747236860343,14.821106431373602,58.06513073268229,0.03249913863833198,7.090341345249999,48,48,0,6.0,"[1773.1087267281655, 41.361300295193764, -96.3397567211688]","[-57.48492646184117, -8.187321466913664, -0.10199940006483349]"
Optical_A-T0023,Optical_B-T0026,False,reprojection,3.442961889042087,47.121161547594404,71.54443806560481,4.031361405222395,43.59951375748203,0.01500304478157155,7.495221190589743,48,48,0,6.0,"[1907.934782894339, 123.50093452450993, -108.1777673110883]","[-43.54912844229713, 2.094635820606208, -0.059267058343738466]"
Optical_A-T0023,Optical_B-T0027,False,reprojection,5.941191152076726,157.21150050948285,184.30524867463174,13.618836609610057,51.16098891137774,0.019999848329386727,7.608503431027587,48,48,0,6.000001633656483,"[1940.0944589420005, 141.42689428056252, -98.48993492213422]","[-51.12280234372594, -1.9755320712601048, -0.05603525558724566]"
Optical_A-T0023,Optical_B-T0028,False,reprojection,1.793319974057374,24.484342469604325,34.004950973481705,2.16348827745661,52.4050832243456,0.019999999999999796,7.67849129749751,48,48,0,5.997499319439893,"[1961.0527731620004, 153.3783950714854, -114.09132724091825]","[-52.35001146869399, -2.4018822655127963, 0.0029258863886927333]"
Optical_A-T0023,Optical_B-T0029,False,reprojection,5.88255731072146,122.79745026602511,143.8533672707411,10.426838530109565,54.88349440738104,0.020003284884990702,7.46870772059568,48,48,0,5.9974994689357235,"[1895.2456827704698, 114.0536990345186, -101.36185426776248]","[-54.67695337241739, -4.756928899431706, -0.01886057454653753]"
Optical_A-T0023,Optical_B-T0030,False,reprojection,1.7830023601761944,24.071698406902936,54.725308604432534,2.1980760994085036,45.89235867057124,0.01970613784806252,7.872385632868821,48,48,0,6.002499731035214,"[2022.0474326704295, 190.83131458834163, -113.98517217813]","[-45.8285646318989, 2.4170814202601765, -0.09468651463363864]"
Optical_A-T0023,Optical_B-T0031,False,reprojection,4.450549975025861,61.14676327827806,90.07865591029291,5.675643800242779,44.370360517665404,0.01751365513613745,8.146987681487236,48,48,0,6.0025018693236945,"[2103.5691029290997, 239.47473749431535, -107.79921951433596]","[-44.12823638283288, 4.6285104554897245, -0.06735853210580167]"
Optical_A-T0023,Optical_B-T0032,False,reprojection,2.063877150969284,27.756381117469918,56.720701828105064,2.6318787897644893,45.4296026107097,0.03499976116990178,11.94698938434572,35,35,0,4.28500164392456,"[2129.3161953734243, 202.9533784079244, -111.16025692586011]","[-45.31888997631427, 3.149603809670168, -0.35637132858207776]"
Optical_A-T0023,Optical_B-T0033,False,reprojection,4.170645823390171,56.57036990744194,68.49505138548234,5.04985440215787,60.747513178409925,0.02249939976958837,7.888497306713665,48,48,0,6.002500606153781,"[2021.416293746576, 187.89877443257706, -107.5200328410592]","[-60.41804172940175, -6.318272386071136, -0.005000076713989943]"
Optical_A-T0023,Optical_B-T0034,False,reprojection,5.784048051459125,87.47932531598094,107.24689347339273,7.987707554352297,47.48133484926123,0.015827438497027835,8.041115973718398,48,48,0,6.0025018693236945,"[2071.819833872974, 220.10577498771528, -105.10862433596432]","[-47.43052023719696, 2.195690188738527, -0.04305451887261191]"
Optical_A-T0023,Optical_B-T0035,False,reprojection,5.9542274160878925,147.2217721105457,179.5374739657833,13.715875953423273,47.868454376805445,0.020000000000000018,8.219672238052341,48,48,0,6.0025018693236945,"[2123.5209733908587, 250.8427835411839, -99.63548238192064]","[-47.78968214877324, 2.7449987804181024, -0.013646942205819523]"
Optical_A-T0023,Optical_B-T0036,False,reprojection|speed,6.062690853720306,131.81536177335417,170.80617538466817,11.887039742731462,68.23435415315664,0.02500008243323215,7.922938689480868,47,47,0,5.73,"[2060.5040790192106, 201.84923876792715, -101.03438044777035]","[-67.466081658663, -10.21000627668333, -0.10336418678226689]"
Optical_A-T0023,Optical_B-T0037,False,reprojection,5.313383223575328,72.26203172801516,92.193685465468,7.020962389508892,60.678720191648985,0.03249986373770053,8.633819088651736,48,48,0,6.0025018693236945,"[2237.542833124647, 316.0325851566712, -106.97370172743416]","[-60.59185298837977, -3.245571607471703, -0.02646642736933491]"
Optical_A-T0023,Optical_B-T0038,False,time_delta|reprojection,2.6838589302439604,22.392906523616134,43.34453577341566,2.3735895128518085,64.92751908809964,1.8075012299311712,40.64894150232919,30,30,0,4.497501229931171,"[2316.0955306497585, 313.1088796558662, -115.29799658134637]","[-64.65435945357189, -5.939474443152619, 0.3452273497279267]"
Optical_A-T0023,Optical_B-T0039,False,reprojection,6.067398691033651,191.2048496958594,225.62228351751543,17.712233681995492,48.52594223969576,0.020000000000000462,8.003652745908493,47,47,0,6.2750037386473885,"[2104.015400427169, 247.75138828756948, -95.8976157333181]","[-48.47322405702221, 2.2517528128512083, 0.20791593933369956]"
Optical_A-T0023,Optical_B-T0040,False,reprojection,1.6993072426073859,23.15359995178233,28.999653765752118,1.811477758871526,48.214034074280086,0.05000000000000071,6.6597865793769015,47,47,0,6.224999937414331,"[1679.7391903551336, -7.026285594242708, -112.19940957024345]","[-48.062626679123134, -3.8179199926774885, -0.022030628583060596]"
Optical_A-T0023,Optical_B-T0042,False,reprojection,2.2730350270841786,30.53213276582541,38.606966830063165,2.0835066457710876,44.819217406663974,0.10000000000000053,5.902417563285054,47,47,0,6.175000680828082,"[1398.2084620834194, -175.2715222322746, -106.69778887314212]","[-44.43788370201074, -5.834046078638771, 0.025443755599055318]"
Optical_A-T0023,Optical_B-T0043,False,reprojection,5.856589576572371,126.89703772704256,173.37198161754085,8.557036301520075,54.02664411617103,0.10000064832649702,5.874051855986254,47,47,0,6.1750030903208915,"[1383.015982447263, -185.72248516818394, -100.34527231281345]","[-52.88565694429184, -11.043825731692323, 0.13956086157912284]"
Optical_A-T0023,Optical_B-T0044,False,reprojection,2.5156006000361257,34.17309586097589,42.97005870217114,2.2848021999046817,46.53993772712262,0.10750158947339106,5.551138851125045,44,44,0,5.782500727790918,"[1355.2668240502883, -208.82837691183255, -110.36608942061606]","[-45.914447667399045, -7.6042894282715, 0.0638853128954433]"
Optical_A-T0023,Optical_B-T0045,False,reprojection,3.8424948513288557,52.26821256296436,68.02107872842342,3.3888284065003385,42.20231876001703,0.1200000000000001,5.6635122265824815,47,47,0,6.155000139841975,"[1298.906183787363, -234.31536829619733, -104.78990872028741]","[-41.80954221027227, -5.744224770576942, 0.042079384937333764]"
Optical_A-T0023,Optical_B-T0046,False,reprojection,5.934232779193079,130.85117436765339,174.25581626728663,8.105424701485598,38.56436538872991,0.13499696922795845,5.460301123545216,47,47,0,6.137067199527649,"[1209.2226773480277, -287.31609130184455, -99.78901516344447]","[-38.249547724529066, -4.916026752110284, 0.12270972650337042]"
Optical_A-T0023,Optical_B-T0047,False,reprojection,5.766696127624235,79.43865752230037,146.91172940753552,6.564307017517395,41.907812339381856,0.02999999999999936,9.88523200843601,34,34,0,4.750002299900339,"[1772.9246606264333, 12.333151925144957, -106.00653347768895]","[-41.900204282764655, 0.30603526306481754, -0.737535458942783]"
Optical_A-T0023,Optical_B-T0048,False,reprojection,5.807377405112047,80.36323557217275,111.39089938311484,5.287957522793127,42.064272912245954,0.12000292091370657,5.628541175473585,45,45,0,6.2750037386473885,"[1319.668217729227, -219.57443224984345, -103.57728243223562]","[-41.73039107896585, -5.286173984525661, 0.18406693836768273]"
Optical_A-T0023,Optical_B-T0049,False,reprojection,5.991854156174452,195.01029157180784,292.42116939436227,11.772527078323673,44.50059175121659,0.14919041086792095,5.334877753969449,45,45,0,6.2750037386473885,"[1181.1694636576917, -302.47691676246484, -96.35875230951994]","[-43.67983165190941, -8.495269220289089, 0.4531820209448607]"
Optical_A-T0023,Optical_B-T0050,False,reprojection,2.6392049127392814,35.9474255741101,106.11447623815206,2.4522460629125007,47.76005508062191,0.12499725385501304,5.601646787279884,43,43,0,6.7250000645111285,"[1303.3120894719664, -221.42804742887083, -106.52544337013141]","[-47.02062350937213, -8.371396022184172, 0.059621587350914884]"
Optical_A-T0023,Optical_B-T0051,False,reprojection,2.4438456549260423,31.917587082904184,47.44241880501098,3.001710843471279,63.527077662443425,0.024998308583063178,8.614358477295077,41,41,0,6.7250000645111285,"[2176.8114294895804, 302.97658932220793, -116.37749921754558]","[-63.322532488764566, -5.086805072724701, -0.2662511813630619]"
Optical_A-T0023,Optical_B-T0054,False,reprojection,5.828011224687314,82.96162512690029,150.50171721751423,6.2849005847046415,41.08652976773584,0.07500133019282806,10.624467642140804,35,35,0,7.7250027461449875,"[1650.533026603284, 14.77119298197178, -106.15158424344574]","[-41.07296065837268, 0.8219134665682528, 0.6627890797884137]"
Optical_A-T0023,Optical_B-T0056,False,reprojection,2.188713969841228,29.74768120725009,62.571054974409094,2.67241655732412,46.35285102289042,0.025003969855369235,14.229617754827537,34,34,0,7.725003125323643,"[1974.661699285407, 214.4136669499627, -111.45774041705003]","[-46.27869703438409, 2.6148633108756485, 0.1774503181134477]"
Optical_A-T0023,Optical_B-T0057,False,time_delta|reprojection,2.1437141066328986,26.30578167445401,57.60815392704509,1.9902504683293034,38.638628612252944,0.2924997089654555,17.768171128444184,32,32,0,7.972501373072494,"[1605.5606257969414, -6.401438728045486, -109.6428116235873]","[-38.60082750900649, 1.704974936694871, 0.11312435980860125]"
Optical_A-T0023,Optical_B-T0060,False,time_delta|reprojection,6.385475066701048,145.89745806846744,252.81320349700894,10.145160732114315,47.603842352550814,1.080000159614647,23.58778043150528,31,31,0,7.7250027461449875,"[1515.337979965601, -69.60390583891026, -102.35122063394215]","[-47.33968453223151, -4.731876640369478, 1.6399446867614311]"
Optical_A-T0023,Optical_B-T0061,False,time_delta|reprojection|speed|not_inbound,5.2534310059639875,57.27373528352973,128.5774147821336,4.05785601344293,23.038467691160786,1.8075007996079324,45.795642249771035,28,28,0,6.997500032255564,"[1496.3306420081437, -94.34361441335196, -109.46093643202508]","[-20.797922681829895, 9.90953390647357, -0.13617427707032248]"
Optical_A-T0024,Optical_B-T0002,False,time_delta|reprojection,3.4202751692356332,32.56007959866509,70.96250362815483,2.1961832537639583,40.450682556715975,2.579921603214199,42.78405880785389,29,29,0,4.844920945051401,"[1278.9139549427473, -198.8610475063315, -101.81006145131833]","[-40.27357014066317, 3.7657734743850995, -0.34090697984579005]"
Optical_A-T0024,Optical_B-T0004,False,time_delta|reprojection,6.578899010430899,77.79913141699345,252.7246712807365,5.76745716867072,46.32427330967057,2.5600006940839855,43.07442452073828,29,29,0,4.825000035921187,"[1338.8506007852627, -140.5499282079278, -99.88448711089829]","[-45.63647270702876, 7.950161161841351, -0.2135275870363181]"
Optical_A-T0024,Optical_B-T0007,False,time_delta|reprojection,3.9411898090293533,40.61296634723052,133.34964039143642,2.982242828476133,46.077573800984105,2.555254374239804,42.51537998983572,29,29,0,4.820253716077006,"[1376.128104496727, -133.3640725895429, -101.21061785480529]","[-45.892374033731045, 4.119340627025025, -0.2526771295678192]"
Optical_A-T0024,Optical_B-T0009,False,reprojection|speed,3.993987316685137,53.081592429531504,95.28072330489498,3.8934780244575182,31.481571416424593,0.07499883284807707,2.577410140754877,10,10,0,1.227501284816804,"[1512.8234188904569, -163.58237424481842, -98.94466003094686]","[-29.54770465503691, 10.740029289705394, -1.635316275960813]"
Optical_A-T0024,Optical_B-T0012,False,time_delta|reprojection,5.2391723234765974,68.75462043455863,126.19158745446045,5.388088855855898,42.41147290599809,0.5200036494447686,15.170244521239786,21,21,0,2.7850029912819703,"[1642.1381180220362, -44.68435358085587, -106.05419433102175]","[-41.74685117129077, 7.368422348815514, -1.2805480966308087]"
Optical_A-T0024,Optical_B-T0013,False,time_delta|reprojection,6.020192555878926,70.09063278882924,155.00914973729863,5.279985205197873,47.75891213728613,2.5250006581627984,44.88377215797964,29,29,0,4.79,"[1552.6298867301664, -41.33018401852088, -106.59310628109615]","[-47.72308254209101, 1.7540701190581558, -0.5867872145953714]"
Optical_A-T0024,Optical_B-T0014,False,reprojection,4.343521877181495,60.475598909053716,103.50598449886738,4.86544933528632,51.00765286120787,0.04000075916923407,6.063524187275595,16,16,0,2.000002021466468,"[1718.0970780651571, -25.902807994813358, -87.93578871746008]","[-50.87227005932994, 3.3237911405161604, 1.6568650742641449]"
Optical_A-T0024,Optical_B-T0015,False,time_delta|reprojection,1.9335191166804095,11.978766808755712,21.147799104101157,0.9452966710400569,43.96511371504868,2.505000658162799,50.314231981978836,29,29,0,4.7700000000000005,"[1664.327865136849, 32.78562458752358, -97.36257789725832]","[-43.25024284586066, 7.895038506856107, -0.12682557510123932]"
Optical_A-T0024,Optical_B-T0016,False,time_delta|reprojection,4.025856648000762,53.870419068737576,96.21134969326921,4.430367268806867,45.69803303499327,0.2650024067969514,12.78426230952026,20,20,0,2.5149998887487763,"[1754.728354078748, 11.766419695339819, -103.56471075229419]","[-45.07398668990624, 7.4408789412713, -1.131047181525477]"
Optical_A-T0024,Optical_B-T0017,False,time_delta|reprojection,4.981744516692155,65.20180236488576,117.17816263971746,5.315864849220531,57.243352764533114,0.5050006581627984,15.0267185524423,21,21,0,2.77,"[1713.7990056410265, -3.71792893938888, -105.53499440163625]","[-57.23016882613724, 0.05275782007042906, -1.2273664770684702]"
Optical_A-T0024,Optical_B-T0018,False,time_delta|reprojection,2.089579357431163,23.216438236345425,36.722641350852044,1.951233009904702,55.1498906360942,0.7350022281057345,18.748971016777393,22,22,0,3.000001569942936,"[1822.6072716412625, 67.25293691839931, -98.60722260041835]","[-55.05239727125675, 3.2542757623844025, -0.3920218402459937]"
Optical_A-T0024,Optical_B-T0020,False,time_delta|reprojection|speed,4.571104792004399,57.61649070292254,154.83968885865687,4.768333027416281,70.22611805522241,0.500004231870685,14.880636550747038,21,21,0,2.7650035737078866,"[1759.6687246319268, 27.433924153925446, -99.7794351236711]","[-70.14472882322477, -3.1121632012077187, -1.3187553341486704]"
Optical_A-T0024,Optical_B-T0021,False,time_delta|reprojection,2.570075153338959,21.362548851071082,72.21461990266513,1.828347534366103,47.48109800702139,2.489999742042504,51.1490897451313,29,29,0,4.754999083879706,"[1736.0278445365386, 78.7400965763955, -98.69552398357632]","[-46.82792248703183, 7.847135153754138, -0.15104098657458923]"
Optical_A-T0024,Optical_B-T0022,False,time_delta|reprojection,4.200868234449687,44.43305703634007,89.33609834049562,3.9076188992724212,49.269931515369606,2.4800029061260016,53.12572992806764,29,29,0,4.745002247963203,"[1823.8831470020393, 131.64510847062007, -104.41904352096984]","[-48.580580760886455, 8.192477615075305, -0.580202542815672]"
Optical_A-T0024,Optical_B-T0023,False,time_delta|reprojection,4.6984850515737415,51.471073843920465,103.55590107710437,4.573432730043006,50.10472330557755,2.4750006581627986,53.44176435955105,29,29,0,4.74,"[1844.219867907779, 144.2528743025644, -105.98804934350675]","[-49.431839216569905, 8.155659915749169, -0.6795443578679705]"
Optical_A-T0024,Optical_B-T0024,False,time_delta|reprojection,6.788914217804014,111.60383235571932,268.6337745056423,8.515496514139693,51.25100105376481,2.495000658162798,47.33092012826517,29,29,0,4.76,"[1776.113977433792, 64.11214111975195, -90.37247708007838]","[-51.000972799346016, -5.050951925155125, -0.23187751754177577]"
Optical_A-T0024,Optical_B-T0025,False,time_delta|reprojection|speed,5.532597930617782,61.22371586545502,112.0996921731688,5.025697137502393,65.22360773941982,2.4900042543016543,43.33490690084669,29,29,0,4.755003596138856,"[1763.6877433860634, 95.67900873804581, -84.94314934404947]","[-65.19662691086576, -1.8336694854734077, 0.39560360100027714]"
Optical_A-T0024,Optical_B-T0026,False,time_delta|reprojection,3.5052643794601885,34.31421419578295,69.1863918118089,3.0983144996913885,53.16309215433956,2.4750006581627986,53.27749012770948,29,29,0,4.74,"[1871.673566153959, 162.7194134728979, -102.4001274833872]","[-52.653277683854014, 7.329456579018228, -0.4751660910117277]"
Optical_A-T0024,Optical_B-T0027,False,time_delta|reprojection,4.150391517041888,42.6738305307203,74.36091683792259,3.787588413092195,58.15430842906749,2.465000658162799,51.4747812525353,29,29,0,4.73,"[1919.1158633251496, 181.9332927526961, -87.39267950268255]","[-58.10352812908227, 2.402119646413013, 0.3652793730447408]"
Optical_A-T0024,Optical_B-T0028,False,time_delta|reprojection,6.738304554787201,78.60174239784368,151.21835798924485,7.2685403273645175,59.4975881201316,2.460583195257586,51.548248451290185,29,29,0,4.7255825370947875,"[1939.3529999795112, 194.31370504093113, -111.197224970325]","[-59.45612791741782, 2.00634626078201, -0.9520608501146439]"
Optical_A-T0024,Optical_B-T0029,False,time_delta|reprojection,3.108715951475051,27.731545082141434,59.38255550614687,2.314324144542293,61.16666786183729,2.4700013030233468,48.536217696528894,29,29,0,4.735000644860548,"[1881.9949638885666, 158.43283685978258, -92.03380997633704]","[-61.166293719390474, -0.17102067816182398, 0.1285374700768308]"
Optical_A-T0024,Optical_B-T0030,False,time_delta|reprojection,6.0560206884832954,69.38958988044355,139.00688399902614,6.574059303988575,56.64493153035633,2.455000658162798,55.61900078781845,29,29,0,4.72,"[1978.4705807194089, 228.61005733275817, -110.56907938886195]","[-56.13124702929722, 7.544581479707205, -1.0053185121280914]"
Optical_A-T0024,Optical_B-T0031,False,time_delta|reprojection,3.0712098951184417,27.801188807843406,54.109668202271976,2.688565332261861,55.71243230706675,2.4450006581627983,58.58015591551243,29,29,0,4.71,"[2052.2630732858124, 272.61680749784836, -100.78215434578604]","[-54.93488318869529, 9.266889799378646, -0.398090517433751]"
Optical_A-T0024,Optical_B-T0032,False,reprojection,4.259225181340987,58.08915814416754,94.45191205924212,5.629473651400316,57.11034366327355,0.03,7.057209667474937,16,16,0,2.0000002544945623,"[2157.087420227013, 222.92472431154758, -103.3188582924074]","[-56.502715573568935, 8.101534631468809, -1.8438065963357957]"
Optical_A-T0024,Optical_B-T0033,False,time_delta|reprojection|speed,3.739638115963545,35.46353617117449,63.313108835747585,3.2733703213202885,68.21056945258901,2.455000658162798,49.780127244114794,29,29,0,4.72,"[2003.5785887127633, 234.1303253156717, -100.79667966770036]","[-68.19343315511341, -1.4766707665380636, -0.39610984940996663]"
Optical_A-T0024,Optical_B-T0034,False,time_delta|reprojection,1.8633475649480722,10.495350088682951,20.74294572513197,1.0110891654614704,58.95581679238634,2.4500028923489188,56.50830454450449,29,29,0,4.71500223418612,"[2024.977626013238, 257.92481807889635, -96.88029192578941]","[-58.49276668623654, 7.372902598699966, -0.15775397618500367]"
Optical_A-T0024,Optical_B-T0035,False,time_delta|reprojection,2.9070156039883908,24.91425749221882,49.39707123399805,2.4569892463402416,59.84166108431466,2.440001003172532,57.90673163138247,29,29,0,4.705000345009734,"[2073.0467752516574, 287.07569755924203, -88.36371518263437]","[-59.336244877168696, 7.7524191153027004, 0.3666647887934116]"
Optical_A-T0024,Optical_B-T0036,False,time_delta|reprojection|speed,3.060336418661259,24.800308956088227,42.30993345356886,2.2804519352070103,76.64028667767805,2.2350015000091057,43.64155813125578,28,28,0,4.500000841846307,"[2043.6439743225174, 253.09661108688988, -90.49106442129757]","[-76.50285076633202, -4.582428485960634, 0.22071663296059696]"
Optical_A-T0024,Optical_B-T0037,False,time_delta|reprojection|speed,3.5029582688371828,31.768487572273443,66.42068410835252,3.0048360855951617,70.67712957188931,2.4300029849140063,57.104403129389894,29,29,0,4.695002326751208,"[2200.0014804932207, 355.83504535389955, -98.82041032966505]","[-70.66629034024268, 1.1969680716725293, -0.3151531461847189]"
Optical_A-T0024,Optical_B-T0038,False,reprojection|speed,6.213862461024852,119.34448503195672,148.19695552605887,12.679166744931576,80.15298685127303,0.05000221582703057,3.6017915930477415,11,11,0,1.3149995203771572,"[2440.9940003845763, 353.31569841020877, -107.74956725420526]","[-80.11460296029249, -0.5296517281775834, -2.4230482335023984]"
Optical_A-T0024,Optical_B-T0039,False,time_delta|reprojection,4.697715959311827,49.816303857546494,94.74632190440072,4.8543941739556695,60.49857465609954,2.7350006581627984,60.00670582719069,28,28,0,5.0,"[2049.87498429372, 286.4553736453194, -82.3189232540604]","[-60.03714675393706, 7.408838248900281, 0.8530304024517132]"
Optical_A-T0024,Optical_B-T0040,False,time_delta|reprojection,6.423609748133986,75.38464856641585,144.0396612901878,6.199469246359945,53.39231870656903,2.735000658162799,47.932665329477025,28,28,0,5.0,"[1670.2638762451977, 38.3068625918118, -109.75804020599112]","[-53.37540035672285, 0.9290788614851557, -0.9711570895241755]"
Optical_A-T0024,Optical_B-T0042,False,time_delta|reprojection,3.99162836536305,41.643387681474465,82.55178539302034,3.0161944727102443,48.224425836840425,2.7325003419266167,42.8855432554132,28,28,0,4.997499683763818,"[1402.03424957331, -127.81674074550916, -102.73995445801798]","[-48.21384420608703, -0.8958378154176501, -0.4668498394108492]"
Optical_A-T0024,Optical_B-T0043,False,time_delta|reprojection,2.552811833098897,20.559158216032113,41.76604292294778,1.4943770118425872,57.463513740854445,2.732573764223844,39.10755264715249,28,28,0,4.997573106061045,"[1393.5591716977574, -128.27091442222547, -92.85924245319843]","[-57.26635826505691, -4.751228343465002, 0.21319411758149864]"
Optical_A-T0024,Optical_B-T0044,False,time_delta|reprojection,6.451773065518955,77.20467026427397,150.69266058143376,5.514996994939071,50.50208578441889,1.9100008521885332,30.092847555059688,25,25,0,4.175000194025735,"[1384.1320738597822, -157.64950045616044, -108.54817807585162]","[-50.46066795960084, -1.7154793872909977, -1.1130085891390191]"
Optical_A-T0024,Optical_B-T0045,False,time_delta|reprojection,3.1019897564651377,28.710034298263704,56.82368737759358,1.9761839138456982,45.14208348694433,2.7325004581343726,42.15191143625859,28,28,0,4.997499799971575,"[1305.073398009586, -187.6500552603327, -100.2972137544911]","[-45.133373019302, -0.8408069072865771, -0.28175377096616006]"
Optical_A-T0024,Optical_B-T0046,False,time_delta|reprojection,2.8513200686854314,24.914629725788803,52.53861490461023,1.6330116058463995,43.08130304602333,2.735002295336461,41.778860035172926,28,28,0,5.000001637173662,"[1208.2086560910193, -233.9511321489443, -92.9762838187251]","[-43.02162490732414, 2.250358249391212, 0.2726723788789529]"
Optical_A-T0024,Optical_B-T0047,False,time_delta,0.32807372187460326,0.8561311646233004,2.9087011279788313,0.06967337416057905,50.01985037196037,0.505000239344094,7.716204135230025,15,14,1,2.2649993418372016,"[1819.7999191961105, 40.7042638854129, -95.32228792848572]","[-49.6598873255781, 5.9900769646280025, -4.500207447678817e-05]"
Optical_A-T0024,Optical_B-T0048,False,time_delta|reprojection,2.1996231911898247,16.258999309445613,36.9440787833485,1.0985483692035884,47.196929986377384,3.2350005240620177,46.386007753622295,26,26,0,5.49999986589922,"[1296.039692535128, -163.30247857894093, -97.86703802194462]","[-47.15014952462491, 2.0963131093752168, -0.13809884859511512]"
Optical_A-T0024,Optical_B-T0049,False,time_delta|reprojection,5.241043444812014,59.240031622704635,116.6127152372462,3.9041892905736413,46.94032736664058,3.2375009636148406,44.20885389095919,26,26,0,5.502500305452042,"[1174.6180643843802, -251.05583568486827, -86.84016378567327]","[-46.86059973127699, -2.6042712559355152, 0.8344443288423159]"
Optical_A-T0024,Optical_B-T0050,False,time_delta|reprojection,3.383947804502055,33.159818223209626,57.33268850241171,2.2897528502956552,51.4320064337941,3.7341430898201806,49.63775655706564,24,24,0,5.999142431657383,"[1281.6430015907495, -163.08349474751088, -102.44345959312278]","[-51.404750625732916, -1.4899199519194042, -0.7635688894404923]"
Optical_A-T0024,Optical_B-T0051,False,time_delta|reprojection|speed,6.68037750704836,75.61608473749675,132.4655941704878,6.888078014509896,75.18221670311853,4.235000658162798,73.21059058930616,22,22,0,6.5,"[2040.8757181338995, 352.5878060370317, -113.35130700134238]","[-75.14278242407471, 1.0049478926903248, -2.2176649196446236]"
Optical_A-T0024,Optical_B-T0054,False,time_delta|reprojection,4.144497229927511,43.88659461650261,103.54043301044058,3.0389411008495237,48.77696565419962,6.2700000000000005,81.58717294263478,16,16,0,8.000001965396887,"[1534.592798863781, 77.8565653520828, -97.56028436528592]","[-48.2379306912962, 7.219889616562369, -0.4094080816604676]"
Optical_A-T0024,Optical_B-T0056,False,time_delta|reprojection,2.859512244216412,24.877423298942446,47.07319797634633,1.951939695536881,56.58028263429318,6.535143367063876,96.88800564080192,15,15,0,8.27500005881401,"[1803.7461167404672, 273.9841450766643, -105.71529754225574]","[-55.94049389135111, 8.355109223251759, -1.4770497742933755]"
Optical_A-T0024,Optical_B-T0057,False,time_delta|reprojection,2.3959675969636747,18.663956300517043,35.462358429241554,1.3172503273480065,45.14356178502487,7.48,95.30084395522482,13,13,0,8.785002682574216,"[1473.171330276957, 58.828360593485336, -105.29486842543565]","[-44.45299696398348, 7.765517973239952, -1.2525821991872286]"
Optical_A-T0024,Optical_B-T0060,False,time_delta|reprojection,2.248175286427592,16.902472942389913,29.529441893001994,1.165436969435952,52.64089441588524,7.7337257156711745,95.6439429447838,12,12,0,9.000002423979062,"[1357.908175417487, -3.9689523174209658, -85.13991699201102]","[-52.564315370708655, 2.51613588785842, 1.313611322610649]"
Optical_A-T0024,Optical_B-T0061,False,time_delta|reprojection|speed|not_inbound,4.065993591803131,39.39250793152861,77.75715383485404,2.6860340610944786,24.838410442396903,7.539998262229888,110.90224256119814,9,9,0,2.2649993418372016,"[1497.5834872576902, -143.59872123266047, -97.7248252468086]","[-17.392613951006, 17.67101835596233, -1.4760499718794926]"
Optical_A-T0025,Optical_B-T0002,False,inlier_ratio,0.6795997814337159,6.68282014344487,13.59458614507862,0.42666564814533164,37.92324618786409,0.13174764518937732,4.541144410826235,48,36,12,5.999150184664191,"[1232.2677427754902, -194.47605286500274, -102.97142365469217]","[-37.88718138284838, 1.6535045889632585, 0.003295872054172033]"
Optical_A-T0025,Optical_B-T0004,False,reprojection,4.915612648756047,66.87163199376033,285.4990761901708,4.893687634898692,39.60590936052166,0.11589618265532309,5.7420344431398735,48,48,0,6.0,"[1302.7433164690951, -148.6938116634471, -101.89662901733982]","[-39.5534511757119, 2.0377359646566546, 0.013729631355543254]"
Optical_A-T0025,Optical_B-T0007,False,reprojection|inlier_ratio,0.8597840454905042,9.753521695795106,17.065902110856317,0.6506895202204821,42.30023057380475,0.1133980451043124,6.275217532493884,48,23,25,5.997500138099231,"[1326.3172677069151, -133.1351428456524, -102.86377773084742]","[-42.291449335374494, 0.8618459223563235, 0.006427800221439739]"
Optical_A-T0025,Optical_B-T0009,False,time_delta|reprojection|speed,3.418626897394777,31.29402068235062,93.29234679173028,2.2436346428266836,32.04769712643827,2.5350004372463935,42.31288104227044,29,29,0,4.72,"[1394.0117004311464, -123.60772036803984, -102.87544140329996]","[-30.774119776373166, 8.944081631100602, -0.10884334415375341]"
Optical_A-T0025,Optical_B-T0012,False,reprojection,3.117592800117109,41.8966492402008,67.77528178379035,3.111906779548283,40.233330169661,0.071990602692245,6.521041219439212,40,40,0,4.999491163960469,"[1541.7385494215034, -23.204775776643046, -106.23771989934183]","[-39.75731870744001, 6.162775704809204, 0.3109040820065963]"
Optical_A-T0025,Optical_B-T0013,False,reprojection,3.558198506021859,49.02533656802425,132.429823428836,3.4386286621039894,46.582810282405006,0.08089763949713635,6.225341992226469,48,48,0,6.000001571632307,"[1483.1536072794288, -31.237662557165407, -106.27002114411343]","[-46.56733988001584, 1.1983329698384781, 0.07119268938677607]"
Optical_A-T0025,Optical_B-T0014,False,reprojection,5.819331380732578,106.59966587102198,189.25005578078776,8.2193760373108,47.22027954747781,0.06500124787419992,9.912465575171513,35,35,0,4.28,"[1594.9665727406275, -13.589970069671589, -96.52399616957538]","[-47.18225694130658, 1.4604379726489287, -1.20687671057274]"
Optical_A-T0025,Optical_B-T0015,False,reprojection,2.95563183629205,39.966054167978804,47.34034943881737,2.997297540406148,42.26140957473376,0.0608975628526256,6.560848784565875,48,48,0,6.0000014116570295,"[1601.300479940076, 48.151486678004936, -100.79368620113546]","[-41.669873292544324, 7.046159669934957, -0.005738682950258866]"
Optical_A-T0025,Optical_B-T0016,False,reprojection,1.5463200192243542,20.286774317715285,33.703418704795496,1.575668435088939,43.12722842362691,0.05000000000000071,7.055394223885391,39,39,0,4.7700000000000005,"[1643.9655829943806, 33.804015831940575, -105.10150624834553]","[-42.684707300245094, 6.159791440504563, 0.17482449937854197]"
Optical_A-T0025,Optical_B-T0017,False,reprojection,3.1369637277883147,43.13831311556743,66.71023468299195,3.2238040877453273,53.1730146846483,0.0649997639521116,6.619786319582951,40,40,0,4.997499679691087,"[1581.620324450936, -0.8637688641906358, -106.02491961282588]","[-53.127652488406426, -2.1746966765529674, 0.3045095892345193]"
Optical_A-T0025,Optical_B-T0018,False,reprojection,1.978814100926582,27.14171460382658,43.392432856241044,2.1454179042915054,51.55841215518956,0.0450023698025408,6.758810444522746,41,41,0,5.24,"[1691.8769969580724, 78.38143942000715, -102.21526551554742]","[-51.533661409995304, 1.5898039694829578, -0.15533506679305426]"
Optical_A-T0025,Optical_B-T0020,False,reprojection,4.516571920541839,61.21516715124579,181.1138178834319,4.748014541229861,62.52678116761855,0.060000135580397185,6.693743327082814,40,40,0,4.99750069684862,"[1610.2121888886697, 15.344668612823064, -102.99876348912298]","[-62.053557302007974, -7.674613118979014, -0.23388634775443268]"
Optical_A-T0025,Optical_B-T0021,False,reprojection,2.2427222197951755,30.38257682278042,38.35275063696222,2.3521571152475236,44.99775779793976,0.045897928824817136,6.772001834527776,48,48,0,6.0,"[1669.6593896026889, 92.62034107063336, -101.70198687453848]","[-44.50384235554567, 6.648640317945246, 0.04247772805500846]"
Optical_A-T0025,Optical_B-T0022,False,reprojection,1.2389568102347994,16.614471367538744,21.508690448583998,1.3345460242151799,46.93644537912237,0.030896406252856945,7.036260218654528,48,48,0,6.000001533702828,"[1752.39981962185, 146.84943430520818, -105.37615501478228]","[-46.38194129823256, 7.19342704758491, 0.005791866703422133]"
Optical_A-T0025,Optical_B-T0023,False,reprojection,2.0345253729998753,27.886507388843203,33.48194236850316,2.2569673027525696,47.64698220433997,0.030897933368033037,7.098819007753198,48,48,0,6.0000016182346325,"[1771.4830845704917, 159.28653880610477, -106.3755897204263]","[-47.11160569603177, 7.1226023664802565, 0.007579665336824193]"
Optical_A-T0025,Optical_B-T0024,False,reprojection,5.885570518767409,127.61932616933649,309.7230508005054,9.622177393834356,56.02709411907117,0.052501467223508236,6.7714514965932775,48,48,0,5.997501957699437,"[1664.3228492113649, 86.10612171331081, -96.83534500649442]","[-56.011447827599255, -1.2794619325033416, -0.3405361165298124]"
Optical_A-T0025,Optical_B-T0025,False,reprojection,5.971823700363818,140.75395942813438,178.21912971583313,10.934140102544161,61.04270601805062,0.045896182655322804,6.822564691625688,48,48,0,6.0,"[1678.5006908957657, 94.37083586261596, -93.29538604316129]","[-60.90565759680915, -4.086370115858077, -0.12004158704218157]"
Optical_A-T0025,Optical_B-T0026,True,,0.08896342029029276,0.9158103872274265,3.266030340126778,0.07544375428910381,49.99155110448712,0.02589618265532323,7.185302565804198,48,48,0,6.0,"[1796.970953946944, 175.47910081974595, -104.20790988483641]","[-49.63008068942082, 6.000855988408086, -2.2651056941103143e-05]"
Optical_A-T0025,Optical_B-T0027,False,reprojection,5.868495204587748,113.25106323229981,141.87564943212251,9.368558917207743,56.61473913519528,0.02101228964077556,7.291083499666842,48,48,0,6.000001633656483,"[1826.3006199569525, 193.17963431746057, -95.044803544528]","[-56.580155859162744, 1.9778449455667548, -0.05272257922021284]"
Optical_A-T0025,Optical_B-T0028,False,reprojection,4.89253856527415,67.26561950315619,92.48470595950972,5.607416776292607,57.84666690296317,0.02101214441529134,7.354588739754622,48,48,0,5.997499319439893,"[1844.7492208073209, 204.8990395448344, -109.66794220950382]","[-57.82598581461241, 1.545078353180486, 0.07049278794373626]"
Optical_A-T0025,Optical_B-T0029,False,reprojection,5.816404003105716,81.23486342113979,104.52128247589333,6.601980224926623,59.3454553053351,0.028398459889094507,7.1658063708331845,48,48,0,5.9974994689357235,"[1786.9275825163013, 166.2714149345686, -97.82783303895084]","[-59.34104101913297, -0.723692879166677, -0.013593371453548941]"
Optical_A-T0025,Optical_B-T0030,False,reprojection,4.2260557561734675,58.55453743335464,71.3941564550835,4.982192278870678,53.000846923725085,0.01999793984126974,7.527452236778441,48,48,0,6.000001760460995,"[1897.8679358691231, 241.46686751717368, -109.42543022174128]","[-52.63791933644944, 6.19186701005081, -0.002343379040902871]"
Optical_A-T0025,Optical_B-T0031,False,reprojection|inlier_ratio,0.7121695366407398,8.82294410044316,17.01083117817825,0.8337891953224401,53.115443513594045,0.016794201873421732,49.98274355667246,48,29,19,6.0000013750446985,"[1966.8312082230555, 287.0123424776963, -104.24872576540214]","[-52.54319484338808, 7.7745046701273, -0.14174776797012179]"
Optical_A-T0025,Optical_B-T0032,False,reprojection,1.1986236074099754,15.979086593874609,29.490890378936843,1.4634192219239728,53.04516027831616,0.024999562987207957,11.391881316559298,35,35,0,4.28500164392456,"[2013.6727076291984, 246.74675294947923, -105.75867270784161]","[-52.611739794249644, 6.763616287221424, 0.2176223647792157]"
Optical_A-T0025,Optical_B-T0033,False,reprojection|speed|inlier_ratio,1.1565215754980849,13.135229961236975,14.513905813978447,1.145645420457196,65.50013092768769,0.027417499135258705,7.327247640360801,48,10,38,6.000002136772721,"[1898.7472021275678, 238.87175119818707, -103.3834934947338]","[-65.4589292100089, -2.32276713683504, 0.02215967761430382]"
Optical_A-T0025,Optical_B-T0034,False,reprojection,2.979387154467025,40.78546486906537,50.277711901717694,3.5337201697136433,54.81169155864253,0.020381894649711407,7.679945485394881,48,48,0,6.000897305191771,"[1941.7972461272327, 270.0435594824331, -101.01763579355647]","[-54.491899645278664, 5.912224275899616, 0.0029462021194941457]"
Optical_A-T0025,Optical_B-T0035,False,reprojection,5.843048661986211,100.18747830726164,123.49319188304878,8.844631523534904,55.653010170291786,0.020000382661339078,7.840682351987744,48,48,0,6.000897305191771,"[1987.1574992168898, 299.92144564717944, -95.80952582330598]","[-55.28730536174507, 6.36956676664278, 0.005104609302055696]"
Optical_A-T0025,Optical_B-T0036,False,reprojection|speed,5.98089074792937,91.52624190673563,125.5942472354886,7.890286713554499,72.06779663318481,0.02499901697021123,7.59230657520595,47,47,0,5.72,"[1937.8805332851384, 251.4236362731419, -97.18892299796727]","[-71.80278434067162, -6.174364375527759, -0.06853500784184385]"
Optical_A-T0025,Optical_B-T0037,False,reprojection|speed,2.61542764802473,33.80586109273329,64.06794266313865,3.096146728833441,67.44569981468312,0.024998394676421398,8.21727921162212,48,48,0,6.000897305191771,"[2087.7329581511667, 363.18793593353405, -102.45717770193856]","[-67.4443983423622, 0.4188243532818774, 0.01191176793865309]"
Optical_A-T0025,Optical_B-T0038,False,time_delta|reprojection|speed,4.96653330805868,53.69340568797858,103.70714741327173,5.427126258908155,68.7657951413933,1.81,37.255828549693256,30,30,0,4.5,"[2186.198680014082, 360.5638995130826, -108.26280555161017]","[-68.75863071253177, -0.5499253691970694, 0.8263570983944563]"
Optical_A-T0025,Optical_B-T0039,False,reprojection,5.960284251992316,143.689902504756,171.02834468968808,12.609172039316974,56.09813347090602,0.02000004297760105,7.624629923627274,47,47,0,6.286793487847094,"[1965.7616088035609, 297.9912288055377, -92.26379844332037]","[-55.78412143291871, 5.925231382554188, 0.15494495848922396]"
Optical_A-T0025,Optical_B-T0040,False,reprojection,4.761878099325661,66.23253623908165,82.74723396102523,4.957559626866221,51.86787003328981,0.061793550432762245,6.4138305613464865,47,47,0,6.224999937414331,"[1591.8136398217769, 47.04746701942628, -108.38180606046254]","[-51.86710267293478, 0.2820515229335072, -0.007003134731453864]"
Optical_A-T0025,Optical_B-T0042,False,reprojection|inlier_ratio,0.884765406266758,10.654858425164306,16.3059410115667,0.7162836742301918,46.78797406958024,0.11179280701901195,6.03669796598163,47,16,31,6.175000680828082,"[1337.0787335243679, -122.6899542535624, -103.9972205965234]","[-46.74933460196396, -1.90110501569926, 0.005615034376621142]"
Optical_A-T0025,Optical_B-T0043,False,reprojection,5.793878922963016,92.49096931789514,167.92569931160693,6.0105623109869,54.822233669173734,0.11179039752620223,5.695888173633445,47,47,0,6.1750030903208915,"[1324.0591012364425, -133.40153854762343, -97.71252168492522]","[-54.34728570967384, -7.200184575112388, 0.08474994325336105]"
Optical_A-T0025,Optical_B-T0044,False,reprojection,5.455646551420532,75.90815860786572,113.62659106005819,4.918938681130216,48.02020309641277,0.12089590280502005,5.39169479832463,44,44,0,5.775001289059142,"[1300.5667105822563, -158.55183106600907, -107.22205211633329]","[-47.86563901705311, -3.847343552745528, 0.1358473299027991]"
Optical_A-T0025,Optical_B-T0045,False,reprojection,1.9865929888246283,26.204205572350936,68.97772334682868,1.5971800690685687,43.801248501049926,0.131793348005119,5.499727516045259,47,47,0,6.155000139841975,"[1246.3634968194058, -182.92681626627316, -102.1215222738796]","[-43.759223455099885, -1.9181356447973243, 0.022102161039965394]"
Optical_A-T0025,Optical_B-T0046,False,reprojection,5.850527171232646,92.05872196995436,133.41718028996652,5.558449056245377,40.01547816111719,0.149726288319445,5.311619538214212,47,47,0,6.137067199527649,"[1163.619836277224, -237.35409038835672, -97.49444930868972]","[-39.997509149925634, -1.1957065516449958, 0.08966664271145275]"
Optical_A-T0025,Optical_B-T0047,False,reprojection,3.2956842507841575,45.41188158777919,84.80278898668111,3.616724870636173,46.960066639871776,0.045002139938334906,9.488976143923516,34,34,0,4.742501069969167,"[1688.3654735181467, 60.155504092393635, -101.40393306838085]","[-46.76463134846841, 4.267529293178086, -0.3245110089210756]"
Optical_A-T0025,Optical_B-T0048,False,reprojection,3.3150507762885852,44.917660016861696,80.87825820046218,2.8449001398230718,43.76069357227964,0.1400016569676401,5.465882027479292,45,45,0,6.286793487847094,"[1264.0521747229375, -167.49274455801358, -100.79102377407548]","[-43.73948426739503, -1.3587438137682568, 0.09814885534930232]"
Optical_A-T0025,Optical_B-T0049,False,reprojection,5.921501147732464,157.22174594506356,248.54037576120766,9.281444185073747,45.0892346394035,0.17000243544825544,5.19895511535151,45,45,0,6.286793487847094,"[1136.6628633139137, -252.72120718565463, -94.1332562610151]","[-44.825589187331815, -4.857230250993894, 0.3360783607661053]"
Optical_A-T0025,Optical_B-T0050,False,reprojection,2.6345556177479397,35.97869673066441,100.96108424900768,2.212056167678857,48.70503501905688,0.14499901697021134,5.454437066201146,43,43,0,6.71,"[1247.8932269760119, -167.68743936094268, -103.5039891124927]","[-48.50383082943421, -4.421652419305772, -0.08843619186732794]"
Optical_A-T0025,Optical_B-T0051,False,reprojection|speed,5.695211285401221,76.74720212743753,111.71424116303159,6.780587644279067,69.14754790761732,0.024996768024890592,8.240844851075972,41,41,0,6.71,"[2024.3251314925817, 352.59325546024456, -110.48894991452511]","[-69.13849929126741, -0.9963726284088352, -0.5084672782061368]"
Optical_A-T0025,Optical_B-T0054,False,reprojection,3.509565323823044,48.02925349318781,103.71382845977857,3.4286895948285068,45.549995932764325,0.09500133019282941,10.361442093546598,35,35,0,7.705000983029789,"[1551.3452873549884, 74.18310263751171, -101.73391685181497]","[-45.243838020010855, 5.2645337115806825, 0.2862437658665996]"
Optical_A-T0025,Optical_B-T0056,False,reprojection,1.310020418735946,17.482646923016,30.19749413383667,1.4003479602445341,52.936772668318746,0.04500122276933993,13.701662705680608,34,34,0,7.715002243766044,"[1833.3898258199297, 270.09601237894964, -105.67183344903616]","[-52.4919889438069, 6.84438494350232, -0.21769705021307315]"
Optical_A-T0025,Optical_B-T0057,False,time_delta|reprojection,1.545604860856273,18.398135780118892,32.25981517741181,1.2859117497346257,42.95449908442401,0.31249964310008593,17.221359071192992,32,32,0,7.962500491514895,"[1508.144456333607, 53.82218827683987, -104.76169883622914]","[-42.490732231999374, 6.291601365444869, -0.20595689025829916]"
Optical_A-T0025,Optical_B-T0060,False,time_delta|reprojection,6.301023743543323,112.39634881924208,196.64375429147944,7.465890568704926,48.99467206877405,1.1000019227298452,22.878253318923587,31,31,0,7.705000983029789,"[1429.5524939987524, -11.566347719512247, -98.02516551365481]","[-48.978774163985314, 0.28375898713411907, 1.2153408399512833]"
Optical_A-T0025,Optical_B-T0061,False,time_delta|reprojection|speed,4.983914073683713,54.56505244134514,139.56449020957723,3.71065415274442,30.017809376684255,1.8024995942583328,41.11792894683943,28,28,0,7.0025012376051645,"[1420.2161416521797, -36.324492579342134, -104.21133985532646]","[-26.73724962587928, 13.643318407752538, -0.2196020105832943]"
Optical_A-T0026,Optical_B-T0002,False,reprojection,3.314090281598453,45.04058880478674,129.6515218773594,2.7879335736359554,44.794341713321984,0.1453149581798372,5.442752278561908,48,48,0,5.999150184664191,"[1188.293766276742, -149.96503051268954, -100.58585801260185]","[-43.95230610399673, 8.644451078143895, -0.0361002493939408]"
Optical_A-T0026,Optical_B-T0004,False,reprojection,4.421307684870039,60.90955627790318,244.9974567283948,4.377880074594225,47.164777834126845,0.1294628352060574,5.603404069166806,48,48,0,6.0,"[1253.7694127785364, -102.99752473118127, -99.4189482057016]","[-46.24379144604592, 9.27507314253479, -0.03223410900707177]"
Optical_A-T0026,Optical_B-T0007,False,reprojection,2.9647348075434508,40.79346505084648,122.09890534797682,2.7755414939610836,49.59783889206108,0.12696535809477227,5.663488567566509,48,48,0,5.997500138099231,"[1276.2190072533556, -87.85129391491678, -100.19015651297765]","[-48.9473945065634, 8.00613462787484, 0.0014498401073446063]"
Optical_A-T0026,Optical_B-T0009,False,time_delta|reprojection,5.313908967675665,59.93103104431891,149.06220477087243,4.136826822915638,45.000458300330635,2.5250004372463937,36.646198995198084,29,29,0,4.71,"[1334.47918270179, -99.49901409171902, -98.75296085608717]","[-43.28896564617969, 12.292116444642986, 0.1028291544681246]"
Optical_A-T0026,Optical_B-T0012,False,reprojection,5.749595292978339,85.08633489613771,192.8051130553807,6.1739452199903955,51.33608839135186,0.08198955695629451,6.334347996340856,40,40,0,4.999491163960469,"[1484.6907370896924, 15.002192028521115, -102.75198483361959]","[-49.66099106569031, 12.996764339759707, 0.5138622333546143]"
Optical_A-T0026,Optical_B-T0013,False,reprojection,5.799248643858175,89.91295806269396,174.45529022916404,6.18978520609624,55.654344780127474,0.09446495248759623,6.058053305458281,48,48,0,6.000001571632307,"[1420.3282148933583, 15.07460722977941, -103.27229304467889]","[-55.00548093512242, 8.473569036662242, 0.042282172422369674]"
Optical_A-T0026,Optical_B-T0014,False,reprojection,5.435762574775029,74.78680911179028,133.49668319805474,5.646782249557961,57.697803615531775,0.07102666118967704,9.593324350064432,35,35,0,4.286025413315477,"[1542.8965622205112, 18.82794399848902, -92.9274503930588]","[-57.16372593523256, 7.777657119402747, -0.9235956859446454]"
Optical_A-T0026,Optical_B-T0015,False,inlier_ratio,0.676752722574903,7.760718298021528,13.197100574411825,0.578357676188979,54.39357497848102,0.0744642154033599,6.680056643691846,48,15,33,6.0000014116570295,"[1526.942574500805, 93.4637944074218, -97.93525266598093]","[-52.526215734868146, 14.130023656543031, -0.009538304920110097]"
Optical_A-T0026,Optical_B-T0016,False,reprojection,4.665259177933977,64.37009211680548,166.69845577048326,4.90334117498979,55.227512167042526,0.0600000000000005,6.842251582149136,39,39,0,4.7700000000000005,"[1582.5719959135804, 70.08668876827899, -101.41126333643044]","[-53.71576955637859, 12.82669848517061, 0.41231916931424856]"
Optical_A-T0026,Optical_B-T0017,False,reprojection,5.516738169136048,75.28700682547755,150.2528324800481,5.6082346075071925,62.49073582216469,0.07499871821616111,6.430067712945958,40,40,0,4.997499679691087,"[1523.2037358876148, 37.070568363157925, -102.48357420817351]","[-62.32727999357863, 4.4919110247323175, 0.47430743565588473]"
Optical_A-T0026,Optical_B-T0018,False,reprojection,1.9723949439429684,25.351716547471316,96.32770415567498,2.0275820600360404,63.09401261184172,0.05500159921009118,6.541592734377771,41,41,0,5.24,"[1621.2642942174693, 117.73744825249011, -98.5786229200098]","[-62.55162685794164, 8.255192558745094, 0.014167078568946768]"
Optical_A-T0026,Optical_B-T0020,False,reprojection|speed,4.695494447442051,62.57263385784122,143.7955887036389,4.691590511409904,70.7715598434428,0.0699990898444467,6.501908917005743,40,40,0,4.99750069684862,"[1550.7260277344506, 53.11605590343715, -99.49130774967584]","[-70.76323580360179, -1.0823390323612898, -0.08175265673963795]"
Optical_A-T0026,Optical_B-T0021,False,reprojection|inlier_ratio,0.951477416932086,11.248116173044599,13.384574480477701,0.8513281521011906,57.64844193996407,0.059465241815277015,6.256579200012872,48,13,35,6.0,"[1589.3927723344557, 137.66994224844905, -98.77162635412449]","[-55.98594407126772, 13.744705315173938, -0.0005944085118717024]"
Optical_A-T0026,Optical_B-T0022,False,reprojection,4.7821400119634045,65.31242118892747,151.79610659875394,5.115905529413416,60.578859795490736,0.044463719243316824,6.808862143269427,48,48,0,6.000001533702828,"[1663.9604733169483, 191.46063713458426, -101.90062221633006]","[-58.919369763163985, 14.082107939897611, -0.018889212633393715]"
Optical_A-T0026,Optical_B-T0023,False,reprojection,5.4989880562575335,75.25442838274279,157.85638857106017,5.922411890270074,61.48818987325621,0.04446458591876734,6.866960092888446,48,48,0,6.0000016182346325,"[1681.206478965603, 203.67802578851098, -102.81075267648828]","[-59.880340414615006, 13.969331899166214, -0.009592203595529147]"
Optical_A-T0026,Optical_B-T0024,False,reprojection|speed,5.958827188861349,122.33500826622374,400.1798532833927,8.402253710130957,66.40389592652384,0.06499989235604575,6.571337443443223,48,48,0,5.997501957699437,"[1586.5466146157898, 131.8087023040802, -93.92153389153847]","[-66.14299567642198, 5.864846606132318, -0.43022256562316397]"
Optical_A-T0026,Optical_B-T0025,False,reprojection|speed,5.974353521490708,100.94262871326035,158.80493493255992,7.569481168016264,70.72757598141463,0.05946283520605711,6.621444186468398,48,48,0,6.0,"[1600.1856144439848, 140.0802825843982, -90.55535844364786]","[-70.65856501908138, 3.112905796677868, -0.2588651232553181]"
Optical_A-T0026,Optical_B-T0026,False,reprojection,3.686467576204791,49.43867271383636,132.26818560400957,3.9669174903170386,63.829626457520476,0.039462835206057534,6.948476919334273,48,48,0,6.0,"[1704.552422678447, 219.6168129403621, -100.71210148191882]","[-62.530011749368725, 12.814727153182425, -0.040153703394760765]"
Optical_A-T0026,Optical_B-T0027,False,reprojection|speed,5.825640788295414,78.77010610141961,155.02345764117447,6.168609310718745,69.7301544157033,0.03446575260407636,7.0512079590281935,48,48,0,6.000001633656483,"[1732.2507051765408, 237.14806871806172, -91.99188550254347]","[-69.17128354238594, 8.808793438242207, -0.18200576654423317]"
Optical_A-T0026,Optical_B-T0028,False,reprojection|speed,6.005571074709759,111.89558703626801,177.80094990304917,8.94732699834603,71.05196175968055,0.03196592237538454,7.110413835683103,48,48,0,5.997499319439893,"[1748.8593560920988, 248.6085075825015, -105.79128623816878]","[-70.56021673405706, 8.34468033360995, 0.05826209628090839]"
Optical_A-T0026,Optical_B-T0029,False,reprojection|speed,4.079446437882799,54.01118942010161,143.97879517458736,4.0785676446549575,71.23218616568687,0.041965772879554386,6.937947755347818,48,48,0,5.9974994689357235,"[1697.5096515414725, 210.84454926922083, -94.6916294905124]","[-70.95699125285984, 6.254122281803625, -0.12527078227795974]"
Optical_A-T0026,Optical_B-T0030,False,reprojection|speed,5.956710372055896,102.50781404107109,168.17143831238428,8.424365076976146,68.09815920347218,0.024465133596625055,7.264753336523057,48,48,0,6.000001760460995,"[1795.1576394917686, 284.0963338392746, -105.44581752926126]","[-66.8982345669252, 12.727352352924491, 0.0009025549882824002]"
Optical_A-T0026,Optical_B-T0031,False,reprojection|speed,3.100186196959518,40.43561713939919,127.96514044714567,3.53514603004755,69.07522189322604,0.025000482811323055,7.489523553669979,48,48,0,6.0000013750446985,"[1858.449404480847, 329.9899426038108, -99.70226296809355]","[-67.54606485768892, 14.453828112675794, -0.04748398173237811]"
Optical_A-T0026,Optical_B-T0032,False,reprojection|speed,4.170002902583802,55.30397891074448,147.53417676398863,5.013021648530922,69.45071958965036,0.020000000000000018,10.877286543164427,35,35,0,4.286025413315477,"[1931.8372717220727, 276.550247124125, -100.9746838418751]","[-68.34244221080209, 12.344761454679002, 0.5656048183070558]"
Optical_A-T0026,Optical_B-T0033,False,reprojection|speed,3.865797895247418,50.00529984596099,120.90834257685246,3.988990189469458,78.24774617436694,0.029998565728993842,7.294011498747494,48,48,0,6.000002136772721,"[1798.6828842078944, 281.9492949461568, -99.75162528556618]","[-78.12089364157086, 4.453384351543335, -0.05590910443895092]"
Optical_A-T0026,Optical_B-T0034,False,reprojection|speed|inlier_ratio,0.8041770179636281,7.8969624823786315,18.022979337052973,0.6778715358472686,70.42133071622543,0.026914399301649183,5.98414653433495,48,35,13,6.002500372433683,"[1834.8634796147612, 311.03243832448504, -97.57902150119946]","[-69.36682876949129, 12.141122966362516, -0.004407236648779955]"
Optical_A-T0026,Optical_B-T0035,False,reprojection|speed,4.562960727302895,60.59504278642205,86.32433576538979,5.1423738235778345,71.93031844431758,0.02499981249478289,7.554025161574812,48,48,0,6.0,"[1875.2019186598222, 340.9115689610086, -92.46589259998481]","[-70.81680575239824, 12.606960819327039, -0.1235857110729559]"
Optical_A-T0026,Optical_B-T0036,False,reprojection|speed,4.631688453081124,59.890571754644185,121.26502929289501,4.880776021692864,84.19576782959574,0.030001529817734962,7.351800060989414,47,47,0,5.72,"[1840.1391115325698, 292.37335816722657, -93.7696112744902]","[-84.19366852764543, 0.5688079250024316, -0.17308326496227888]"
Optical_A-T0026,Optical_B-T0037,False,reprojection|speed,3.269179104448088,40.81766586934378,124.99580060189018,3.4149609177372726,83.48378868579928,0.028907199500151748,7.9057111629020325,48,48,0,6.004466049214406,"[1966.1738321033583, 402.5173670389857, -98.54143186525438]","[-83.2291613990352, 6.514889368735364, -0.07669851156008634]"
Optical_A-T0026,Optical_B-T0038,False,time_delta|reprojection|speed,7.026182549782837,81.74283583682868,159.4778046455855,8.176812139033721,85.79815489933712,1.8080127066577387,32.45059491949868,30,30,0,4.498012706657739,"[2086.5541010117836, 388.559228480279, -102.1066330336216]","[-85.6772876983562, 4.416767901594426, 1.103593261665316]"
Optical_A-T0026,Optical_B-T0039,False,reprojection|speed,5.9996492133009145,101.31372986378253,129.08634024214814,8.495586176799375,72.14699709205195,0.024998003813762493,7.328454799702737,47,47,0,6.29,"[1849.7902194891656, 340.9130360485741, -89.1196057258538]","[-71.10245910828448, 12.232181540991746, -0.05685862736410274]"
Optical_A-T0026,Optical_B-T0040,False,reprojection,5.904718860722161,108.84381229153706,164.44324260600388,7.888292600483827,61.86815730618859,0.07892894700613162,6.221898061359038,47,47,0,6.224999937414331,"[1516.6151479576051, 94.61638913858319, -104.97983947901898]","[-61.40498318171295, 7.556004875704161, -0.06098553256273331]"
Optical_A-T0026,Optical_B-T0042,False,reprojection,4.175618548960105,57.49955819330288,116.17660631042843,3.776695423362123,53.542809333655704,0.12892820359238133,5.577880772398974,47,47,0,6.175000680828082,"[1284.7126340658408, -75.57231371494208, -101.06496576087287]","[-53.27210652325728, 5.376854542404658, -0.06732863254097238]"
Optical_A-T0026,Optical_B-T0043,False,reprojection,4.275953921907175,58.04468381031189,99.75268415193642,3.70303910419632,60.051600608917454,0.1289257940995716,5.558360297375741,47,47,0,6.1750030903208915,"[1273.554852204907, -86.5741281898183, -95.30830661653448]","[-60.05157987294015, 0.014311231608062691, -0.047808424715945]"
Optical_A-T0026,Optical_B-T0044,False,reprojection,5.826699958892701,108.63093479712089,163.6580828618122,7.010799321265919,54.012454382237834,0.13446255535575435,5.267597954577637,44,44,0,5.770002334795092,"[1254.6952800942158, -115.24527988164061, -104.3658559021471]","[-53.921429173850996, 3.131568407663991, 0.13410276214437117]"
Optical_A-T0026,Optical_B-T0045,False,reprojection,2.8617192058489955,39.267627670804686,100.75144801934981,2.5253433710757793,49.72811862556749,0.14892874457848837,5.371620285378083,47,47,0,6.155000139841975,"[1200.6918117734074, -136.73357743248832, -99.67938523985006]","[-49.451325776885255, 5.239133014490708, -0.06038380039051133]"
Optical_A-T0026,Optical_B-T0046,False,reprojection,3.8374579582561417,52.450173821827924,63.713479283130596,3.109981391457325,45.41665649984121,0.1668616848928144,5.194970731720739,47,47,0,6.137067199527649,"[1123.736264829142, -192.2170545599281, -95.38160929469548]","[-45.0407764718629, 5.831036935479638, -0.012275720866584017]"
Optical_A-T0026,Optical_B-T0047,False,reprojection,2.3021331429651535,30.485180436737874,97.4085006163548,2.4425735233955117,59.35206955356063,0.05500213993833469,9.083251487077638,34,34,0,4.737501069969167,"[1624.049871210341, 95.32643807963888, -97.22133514289546]","[-58.41195501966335, 10.521435646174538, -0.1051808677112065]"
Optical_A-T0026,Optical_B-T0048,True,,0.20034830125952308,1.5818325230290888,4.280923897578727,0.10031761833081444,50.0033169940408,0.15499918175731242,5.088904452702512,45,43,2,6.303928884420463,"[1214.7081877020905, -120.33538564716204, -98.34781192414205]","[-49.64233719673349, 5.997505152336007, 6.547331905873421e-06]"
Optical_A-T0026,Optical_B-T0049,False,reprojection,5.81560837920871,117.54389223349925,163.80696570128248,6.871103015129773,49.18635315903074,0.18499996023792775,5.094566295653312,45,45,0,6.303928884420463,"[1096.946984061132, -207.16558483667444, -92.08135293491844]","[-49.138919355630634, 2.1547721752722424, 0.14456319861860562]"
Optical_A-T0026,Optical_B-T0050,False,reprojection,3.7728420537074574,51.59603727780395,84.33226112051858,3.1810208143990004,53.867631602895536,0.16481606675080496,5.34516802489155,43,43,0,6.695001058263024,"[1197.6342743111306, -117.75139695347839, -100.74012912657281]","[-53.78350559444796, 2.994345988878152, -0.30025418588862246]"
Optical_A-T0026,Optical_B-T0051,False,reprojection|speed,6.155117578939531,116.80513486759328,181.36958093483491,9.721177625129826,83.90071173481158,0.026409301989128053,7.973308123143218,41,41,0,6.7,"[1893.407821068456, 395.7769107112057, -105.33672100803496]","[-83.70215683396526, 5.705174722811989, -0.8540212716429121]"
Optical_A-T0026,Optical_B-T0054,False,reprojection,3.2114534182763617,43.28901993552523,113.32995445513482,3.121164281426352,56.911643021953424,0.11999862299549768,10.153369795945414,35,35,0,7.685183933249196,"[1457.3389328748362, 131.62758480589707, -97.87960989951738]","[-55.47252289036481, 12.71628018530204, -0.17473947781429944]"
Optical_A-T0026,Optical_B-T0056,False,reprojection|speed,4.425533352318927,58.94080336024423,101.04605961888365,4.610974610807772,68.34948063856929,0.07500257129929899,13.250225682887988,34,34,0,7.705093718875747,"[1703.200862814325, 323.17477868794333, -100.6880432827108]","[-67.01294092528559, 13.431733203249166, -0.7111928452083298]"
Optical_A-T0026,Optical_B-T0057,False,time_delta|reprojection,4.621529580106469,61.97770650052993,116.96951236096184,4.2862918255747,54.8013341178491,0.3374083036272859,16.614253584744457,32,32,0,7.952591966624598,"[1416.0188860433452, 114.58126301569946, -100.49343136973654]","[-53.143638688973375, 13.363125462362802, -0.6056119790220784]"
Optical_A-T0026,Optical_B-T0060,False,time_delta|reprojection,6.309109672881691,81.45334481327191,143.23340748689458,5.20386452029022,57.63186199364015,1.1198189725104388,21.940700365812702,31,31,0,7.685183933249196,"[1350.8037034842846, 47.06184024668751, -94.29112029936702]","[-57.079775481153966, 7.926283865754776, 0.7104730498156727]"
Optical_A-T0026,Optical_B-T0061,False,time_delta|reprojection,6.627778533954532,96.66370476463709,225.84281170344357,6.294672554550512,48.16276752195749,1.8025003027319846,35.097040248139436,28,28,0,7.002500529131512,"[1370.4091254574812, 31.241445743310678, -99.50535304818777]","[-45.66214507253831, 15.310885516358752, -0.44437310173384564]"
Optical_A-T0027,Optical_B-T0002,False,reprojection,1.7580249427010495,21.89085785909496,38.89883386201544,1.3657494465943165,36.63831088035477,0.13835078918309796,5.509290287584675,48,48,0,5.999150184664191,"[1213.1008547493846, -176.83181024161115, -104.02900614408198]","[-36.630655923539365, 0.7489014035830195, 0.004179055514668656]"
Optical_A-T0027,Optical_B-T0004,False,reprojection,5.498164267053547,74.90766205676742,290.743491211407,5.28761514096949,38.104113780029216,0.12250107281853806,5.675077869799537,48,48,0,6.0,"[1281.4794131917129, -130.2062123248696, -103.02648212303235]","[-38.083122438341746, 1.2644948929993625, 0.01802701480114191]"
Optical_A-T0027,Optical_B-T0007,False,reprojection,2.8873860983898627,38.484583939471214,134.55755249259448,2.6005618755984483,40.592813527678445,0.11999954729165774,5.7358347812620005,48,48,0,5.997500138099231,"[1304.5917968461185, -115.09246243019436, -103.87877705041103]","[-40.59277997962387, -0.008782331993153036, 0.05144404111271561]"
Optical_A-T0027,Optical_B-T0009,False,time_delta|reprojection|speed,3.585452770397844,33.41964687934218,86.89581989309424,2.3799761045109227,30.38997187072281,2.530002168789657,42.481382437280864,29,29,0,4.715001731543263,"[1370.8694432768748, -103.2310042818999, -104.77157725689337]","[-29.191242409568947, 8.447752457437545, -0.23923901639340583]"
Optical_A-T0027,Optical_B-T0012,False,reprojection,1.9048252735665225,24.522261492711323,39.72201845811296,1.7951257452847083,38.35449981944434,0.07699029818883707,6.445695937813141,40,40,0,4.999491163960469,"[1511.988743108931, -3.500655586286106, -107.69527372718684]","[-37.971796721898514, 5.401717654668673, 0.1782035067395978]"
Optical_A-T0027,Optical_B-T0013,False,reprojection,2.6106857055479935,35.363029726542166,140.1342244415676,2.400722375738175,44.61494953918572,0.08750078349085699,6.143099332249281,48,48,0,6.000001571632307,"[1455.6458989658663, -12.387976732743745, -107.47267734761617]","[-44.613056652107346, 0.4044358528324936, 0.07300808785839266]"
Optical_A-T0027,Optical_B-T0014,False,reprojection,5.872184568900162,121.02434911396601,215.3251922112045,9.183691938592604,45.074035585190686,0.07000064829189778,9.84254470110045,35,35,0,4.285001363612775,"[1562.7072237460113, 6.745980695830429, -98.34420465070528]","[-45.04799780542588, 0.742150261426648, -1.3400711349944043]"
Optical_A-T0027,Optical_B-T0015,False,reprojection,4.301492425838614,58.61315469042879,67.97766215277656,4.334805050332987,40.209151226554106,0.06750128500158148,6.46815963949849,48,48,0,6.0000014116570295,"[1569.4107556037582, 66.94539551314074, -102.20117067244126]","[-39.72231346612075, 6.238078589622709, -0.005546965846966075]"
Optical_A-T0027,Optical_B-T0016,True,,0.3578845361048591,3.2373699348261633,5.020768871405355,0.24755735703547635,41.01504959048752,0.05500139805880311,6.967457687826521,39,39,0,4.7700000000000005,"[1610.1114034484642, 53.66757876298462, -106.68479871203635]","[-40.65874634103534, 5.394444122770906, 0.0247283602011463]"
Optical_A-T0027,Optical_B-T0017,False,reprojection,2.192956915871476,30.159476881162707,66.6325751072022,2.1896163399456983,50.8610240845886,0.06999945453728218,6.539638746314531,40,40,0,4.997499679691087,"[1550.195147404468, 18.90050083862596, -107.50930951381439]","[-50.777668688379656, -2.9048250478726807, 0.18472938992401727]"
Optical_A-T0027,Optical_B-T0018,False,reprojection,3.1575162516619875,43.790969532425976,70.00159611613758,3.4099062515230893,49.07093415779406,0.04999999999999982,6.667146945676515,41,41,0,5.24,"[1656.0533568958103, 97.78115666623333, -103.88245006156208]","[-49.06300464392525, 0.8413138013811334, -0.2652272918372329]"
Optical_A-T0027,Optical_B-T0020,False,reprojection,4.765339741069578,65.0692932370844,190.6521764078426,5.003956768512054,59.89546656461196,0.06499983107698926,6.610034746308309,40,40,0,4.99750069684862,"[1577.5415590990845, 35.12585919657823, -104.56589602437978]","[-59.306220620214184, -8.374284453441028, -0.3323712260204237]"
Optical_A-T0027,Optical_B-T0021,False,reprojection,3.590156466420758,49.00807893718497,54.95101891062134,3.7260121242045825,42.748306904534864,0.052501072818537775,6.6720097447989035,48,48,0,6.0,"[1635.0039835892844, 111.28638202036421, -103.14900512781456]","[-42.34799119863858, 5.836406251239656, 0.041793717505109684]"
Optical_A-T0027,Optical_B-T0022,True,,0.449757021610349,5.139416817802135,9.834917221611425,0.4001128606009257,44.483822615227616,0.037500225308554125,6.927036010058104,48,48,0,6.000001533702828,"[1714.2884822784572, 165.2594636923401, -106.81478649729138]","[-44.02441001781989, 6.376659736871861, 0.0027651533456848343]"
Optical_A-T0027,Optical_B-T0023,False,reprojection,0.6533946879021214,8.088700350232244,10.86301077099314,0.6453199003975575,45.136789132608165,0.0375018828762248,6.987331306893905,48,48,0,6.0000016182346325,"[1732.547600356106, 177.62258161468418, -107.80777847999275]","[-44.694072767699595, 6.30631252949569, 0.003862309400617714]"
Optical_A-T0027,Optical_B-T0024,False,reprojection,5.88761944159245,140.09205762920723,305.4305092325009,10.470026760844283,53.44661553195706,0.057501437684158496,6.670235515454226,48,48,0,5.997501957699437,"[1629.6457902492396, 104.7901019900708, -98.37820466357608]","[-53.40603239307677, -2.0577352372321958, -0.3195959072352923]"
Optical_A-T0027,Optical_B-T0025,False,reprojection,5.984493743141938,159.05352058874948,197.90935472062392,12.166542602959092,58.29055560098739,0.052501072818537775,6.719079980210383,48,48,0,6.0,"[1643.1256240372243, 113.01088024471592, -94.92089763423745]","[-58.087816754457776, -4.856461177209148, -0.09592604754194439]"
Optical_A-T0027,Optical_B-T0026,False,reprojection,1.4702574445479681,19.91178960928989,23.952805273586605,1.5988473629458686,47.3511307292423,0.032499409192426665,7.070453287754675,48,48,0,6.0,"[1756.8726607408373, 193.70786370136895, -105.70750989160112]","[-47.065571776551764, 5.192449764940051, -0.0003501742466932578]"
Optical_A-T0027,Optical_B-T0027,False,reprojection,5.883491557339476,132.11440795190916,161.47969288587223,10.74152369996892,53.679973160073516,0.02750195332544214,7.171517229751284,48,48,0,6.000001633656483,"[1784.7240082891296, 211.26784635194292, -96.77254661602899]","[-53.66649101159655, 1.2024030727825874, -0.03857225690341404]"
Optical_A-T0027,Optical_B-T0028,False,reprojection,3.476677630377061,47.81950235073228,70.10521291883502,3.916758492943334,54.834256488867176,0.025000528194381477,7.2327057876418435,48,48,0,5.997499319439893,"[1802.4063529776797, 222.90357334944335, -111.08038019078015]","[-54.82872322337917, 0.7758860126129541, 0.06924793415750075]"
Optical_A-T0027,Optical_B-T0029,False,reprojection,5.831311611133741,99.70903994653605,122.10718295824384,7.972419584455551,56.40361526491972,0.035000325945010236,7.05044677325854,48,48,0,5.9974994689357235,"[1747.034332413684, 184.54512156038015, -99.45640579979872]","[-56.38398395949031, -1.4880078732320356, 0.0006149994727835395]"
Optical_A-T0027,Optical_B-T0030,False,reprojection,2.744980322751837,38.236066126948586,47.625119121917805,3.190994130415641,50.06471503657517,0.018017027133111346,7.399853032432963,48,48,0,6.000001760460995,"[1853.2240577649093, 259.16666948481463, -110.88614713121207]","[-49.773663571091305, 5.390552527671932, -0.007060573918149515]"
Optical_A-T0027,Optical_B-T0031,False,reprojection,2.413940676792715,33.479856092251694,42.5046923887404,2.8779378267534272,49.5173359517247,0.019998678786373958,7.636888708925854,48,48,0,6.0000013750446985,"[1921.214605141664, 306.0159169014065, -105.1284445950528]","[-48.95988978638627, 7.409166745047106, -7.046335615579213e-05]"
Optical_A-T0027,Optical_B-T0032,True,,0.07046911275694923,0.6950448597125882,2.51390931933242,0.06281056133953285,49.98337279640504,0.014996718779707763,11.24259150035603,35,35,0,4.28500164392456,"[1962.9539695021008, 265.75616464570237, -107.80328086295891]","[-49.619027645216704, 6.024089278578884, -0.00010646632758326557]"
Optical_A-T0027,Optical_B-T0033,False,reprojection,2.9421463105600028,39.2706501344361,69.17269604403243,3.3255866747678677,62.039296014535665,0.02249961977044357,7.4182161496399175,48,48,0,6.000002136772721,"[1853.9051724569758, 256.49412601466986, -104.98146141673939]","[-61.96441524329509, -3.047037185016876, 0.03252581750703876]"
Optical_A-T0027,Optical_B-T0034,False,reprojection,4.37250980346327,60.793999588892355,74.94360578017064,5.170994064723345,51.719505178201764,0.01925236085761095,7.545746413161097,48,48,0,6.002500372433683,"[1894.9382556183855, 287.4639119590025, -102.7107948661647]","[-51.46550788749079, 5.119441203189151, 0.005960516083906797]"
Optical_A-T0027,Optical_B-T0035,False,reprojection,5.8571083541458355,119.96664156150125,148.22958311245128,10.387728783038911,52.43968491010563,0.01999559636341408,7.701006141752928,48,48,0,6.0,"[1938.2207702491894, 316.99920015055966, -97.66819594998425]","[-52.14202770164718, 5.579368105609706, 0.01233587952648163]"
Optical_A-T0027,Optical_B-T0036,False,reprojection|speed,5.986079659626104,109.96278436920967,138.34820825266323,9.299949895703051,68.36765914943628,0.02499671877970777,7.455846352772241,47,47,0,5.72,"[1890.7807806003896, 269.1894163794161, -98.98489712974572]","[-68.02422541678584, -6.843811905551227, -0.0617464269503627]"
Optical_A-T0027,Optical_B-T0037,False,reprojection,3.779137132935247,50.68074640006772,75.3395255851313,4.567489389020722,63.523237191324135,0.022499003366626136,8.060110820546747,48,48,0,6.0025010728185375,"[2033.4604662947186, 379.44224237059433, -104.23494592339513]","[-63.52266098988517, -0.2697536433248757, 0.02090457509189325]"
Optical_A-T0027,Optical_B-T0038,False,time_delta|reprojection,4.055157354058016,41.60816669075676,78.27195285369869,4.09377152620764,64.71640166854235,1.8100015475780191,37.10535787354456,30,30,0,4.5000015475780195,"[2126.344958690432, 377.9243745961064, -110.85656000466038]","[-64.70298353830628, -1.1674630781210453, 0.6112251033796434]"
Optical_A-T0027,Optical_B-T0039,False,reprojection,5.971440650313874,163.30154070547542,194.8752498824036,14.056715142732783,52.88095726196664,0.019994722593470238,7.491710198596489,47,47,0,6.29,"[1917.7517501032278, 314.9079598704267, -94.23305152859318]","[-52.63065526519652, 5.1358507800760265, 0.1811189188812019]"
Optical_A-T0027,Optical_B-T0040,False,reprojection,3.4250853790191536,47.56665112583851,66.0148558709304,3.509856243466461,49.54293023237147,0.06999909285015704,6.323748901742214,47,47,0,6.224999937414331,"[1560.2358866461745, 65.67971627499284, -109.66799011361348]","[-49.54023022371044, -0.5170881294351588, 0.012052294015070075]"
Optical_A-T0027,Optical_B-T0042,False,reprojection|inlier_ratio,0.8587960847138058,10.109174846643812,16.512110801599384,0.6736121079500226,45.05507130045414,0.12000146480899421,7.21463034235504,47,25,22,6.175000680828082,"[1314.7181628970063, -104.22152288414635, -104.54902472979879]","[-44.97391744966452, -2.70271049947452, 0.03943444937777568]"
Optical_A-T0027,Optical_B-T0043,False,reprojection,5.810105551090279,108.70392473572235,180.74285044366846,7.026536600971923,52.99306726440349,0.11999905531618449,5.627820287607357,47,47,0,6.1750030903208915,"[1301.9104687286126, -114.94665558667059, -98.9563449647752]","[-52.38182279791479, -8.024716109449301, 0.11725962728979467]"
Optical_A-T0027,Optical_B-T0044,False,reprojection,4.343954642525628,59.93266725881556,104.99621113189698,3.8123901229724906,46.36246372386719,0.12750079296823502,5.332175606964534,44,44,0,5.772500727790918,"[1279.4054503744642, -139.8582606186973, -108.3560657025517]","[-46.13056154710202, -4.629833436304736, 0.11822118256981999]"
Optical_A-T0027,Optical_B-T0045,False,reprojection,2.855097505704325,38.23171415516036,78.84826075773564,2.3560007195560213,42.3207008697178,0.14000200579510125,5.438151971903608,47,47,0,6.155000139841975,"[1226.8457962463865, -164.7392864483068, -103.22712423671996]","[-42.23390174432612, -2.708753694903855, 0.0438061078501856]"
Optical_A-T0027,Optical_B-T0046,False,reprojection,5.896185906674604,108.68344015529264,152.6119226034298,6.520619766176349,38.740807892588336,0.15793494610942727,5.255736274865194,47,47,0,6.137067199527649,"[1146.5879807083595, -219.56626749704336, -98.59369696198328]","[-38.690651129069636, -1.9675794960736717, 0.11109593011319019]"
Optical_A-T0027,Optical_B-T0047,False,reprojection,4.3735109513064865,60.23920921570669,113.37107834535746,4.70895108071555,44.6371606428224,0.05000221111762215,9.405521791392262,34,34,0,4.740001935740799,"[1652.7788692581112, 80.02136400944326, -103.34603913845399]","[-44.495307727141146, 3.5261285048855484, -0.45838661322072216]"
Optical_A-T0027,Optical_B-T0048,False,reprojection,4.461688147730141,60.90891395265024,98.14529287755208,3.836575204473629,42.25535337297648,0.14499918175731175,5.402067620634303,45,45,0,6.295002145637076,"[1243.704959096593, -149.31016029929845, -101.9921066039625]","[-42.19976140766681, -2.1617977461349227, 0.14716085048583488]"
Optical_A-T0027,Optical_B-T0049,False,reprojection,5.962906985921095,172.94876397755627,267.3789473084472,10.151497959933351,43.803105512538416,0.17499996023792708,5.1457628869851195,45,45,0,6.295002145637076,"[1120.0268121944373, -235.19021171785639, -95.30506244771888]","[-43.4327027465431, -5.671223524068566, 0.38679246767740794]"
Optical_A-T0027,Optical_B-T0050,False,inlier_ratio,0.5084871639502277,5.260893060114114,11.168112407428486,0.32876263667225614,47.418400399814175,0.15000000000000036,6.970110277263012,43,21,22,6.705001181615147,"[1229.2383129469433, -149.55610136213198, -104.64779655301287]","[-47.11177161255475, -5.383647926606258, 0.0447996197023795]"
Optical_A-T0027,Optical_B-T0051,False,reprojection|speed,4.258542415969344,57.23413236835248,86.9891345785139,4.984772800854582,65.27999073139608,0.019999999999999574,8.095020342192907,41,41,0,6.705001181615147,"[1974.2338500194037, 368.6243605142871, -112.37754250356517]","[-65.25612574860344, -1.7328618225458285, -0.33530892856611016]"
Optical_A-T0027,Optical_B-T0054,False,reprojection,4.503855514018709,61.74007884022907,120.16621145932687,4.356651730449583,43.41169051351795,0.0999999981759121,10.265871668522163,35,35,0,7.7,"[1522.2517189318175, 91.58954557692083, -103.55948420811494]","[-43.18375005626748, 4.418607176338995, 0.4631575763044368]"
Optical_A-T0027,Optical_B-T0056,True,,0.07619023915632754,0.5171752951692368,2.5109438720640576,0.0494678247049751,50.001024328088135,0.05000000000000071,13.527351258982161,34,34,0,7.71250175225115,"[1792.7128097855168, 286.2755091543157, -107.80288178782747]","[-49.63882071617937, 6.00748797458499, -1.674256096695359e-05]"
Optical_A-T0027,Optical_B-T0057,False,time_delta,0.4763622066695056,2.983508210216602,4.9929132513653665,0.21027468363597823,40.922780376008326,0.3175012509307771,17.107888071482403,32,32,0,7.960000000000001,"[1480.599547980427, 71.03245973649624, -106.63024221405442]","[-40.55620871300778, 5.46506700104144, -0.030515636847663147]"
Optical_A-T0027,Optical_B-T0060,False,time_delta|reprojection,6.347985632435178,126.35754140108838,222.81314843973558,8.302254184530868,47.05583024981021,1.1050029057596342,22.802818023377405,31,31,0,7.7,"[1404.8898283089618, 6.06370583801745, -100.00836791946011]","[-47.032174840357115, -0.5992286873381021, 1.3662412910257473]"
Optical_A-T0027,Optical_B-T0061,False,time_delta|reprojection|speed|not_inbound,4.499998911071591,47.4752887262214,121.7502241076916,3.198282934889071,28.132890653838235,1.8025002410559234,41.32841298091435,28,28,0,7.002500590807573,"[1393.6420265673053, -19.4639996811218, -106.3073117903455]","[-24.776971198269685, 13.324448235021464, -0.14252723657811556]"
Optical_A-T0028,Optical_B-T0002,False,reprojection|speed,2.725682738725106,35.031379864426924,82.97089681011764,2.3352661244933044,32.3477477415201,0.12256543565090627,5.662026687641206,48,48,0,5.999150184664191,"[1261.8678643108428, -226.31793362516362, -101.58555466107477]","[-31.900289839441427, -5.361726127248204, -0.013603125849466324]"
Optical_A-T0028,Optical_B-T0004,False,reprojection|speed,5.663811680268726,76.54521552021609,329.43812170105826,5.650187315755274,33.11151479457956,0.10671441043700991,5.8402968329488,48,48,0,6.0,"[1336.1464219708225, -180.5794526251293, -100.39287651252626]","[-32.734512579984965, -4.9823721957836185, 0.008089817657758833]"
Optical_A-T0028,Optical_B-T0007,False,reprojection,3.360993955222513,44.530243549538,163.17713018536708,3.180452343104349,35.76216368805278,0.10421583556584135,5.904577125167987,48,48,0,5.997500138099231,"[1361.0202531831446, -165.65147434485058, -101.23393203193419]","[-35.209739472105184, -6.26143000923069, 0.033048404872117604]"
Optical_A-T0028,Optical_B-T0009,False,time_delta|reprojection|speed|not_inbound,3.4029755354441575,29.5280324618276,96.85735371392101,2.138421064319442,21.2110479009305,2.5400008478104383,46.82653922252446,29,29,0,4.725000410564045,"[1426.4741990925831, -143.56477052077415, -100.34550135892079]","[-21.011571671543887, 2.901402864292862, 0.06534803911172282]"
Optical_A-T0028,Optical_B-T0012,False,reprojection|speed,4.815899550799988,64.35843357844291,104.81728047443241,4.85312939192699,29.68773763258213,0.06448980814996341,6.662951039430504,40,40,0,4.999491163960469,"[1578.5618374417377, -48.27023638796563, -104.24591062325817]","[-29.67415526758095, -0.7644601898540273, 0.4710366383406899]"
Optical_A-T0028,Optical_B-T0013,False,reprojection,5.023488085330063,68.51978790139155,140.4070434762921,4.966108222994515,38.21175557548238,0.07171542995866531,6.3436745699318315,48,48,0,6.000001571632307,"[1526.4321625338441, -63.95672745408256, -104.68662987772542]","[-37.738009631816716, -5.99830388310044, 0.0352663479745562]"
Optical_A-T0028,Optical_B-T0014,False,reprojection,5.872261172276646,87.16026723524242,157.27090950404505,6.786376518747193,37.39170293082746,0.059998331263821925,10.162936949687465,35,35,0,4.275002300673652,"[1625.5677949925805, -33.17627758380672, -94.20462548371408]","[-37.01876113679862, -5.172193393201702, -0.9995936510503897]"
Optical_A-T0028,Optical_B-T0015,False,speed|inlier_ratio,0.8427689174521478,7.891686493108873,14.413685708597685,0.6310084137726869,29.852125869954232,0.05171579063431242,44.58819532427603,48,16,32,6.0000014116570295,"[1656.5480176685749, 16.37830796504113, -100.05121171644218]","[-29.84951250379094, 0.16646045079208233, -0.3582082633623381]"
Optical_A-T0028,Optical_B-T0016,False,reprojection|speed,3.2536748879096016,42.66256435871513,71.54691909033735,3.3629530462936947,31.349527058354607,0.04500230067365152,7.216545737507357,39,39,0,4.7700000000000005,"[1682.848733737941, 10.433882827010853, -102.93943097576036]","[-31.339383563895453, -0.7090655438593352, 0.3648433527673947]"
Optical_A-T0028,Optical_B-T0017,False,reprojection,4.323095714179247,59.47687914412536,97.83958271136741,4.578109337633794,44.240830586502796,0.057498969409830014,6.761843642520931,40,40,0,4.997499679691087,"[1618.8421922426348, -25.59782243354329, -103.9948206043109]","[-43.33120587865686, -8.913906505212122, 0.4471676435427084]"
Optical_A-T0028,Optical_B-T0018,True,,0.21750099136023557,1.2817125366698416,3.228991346052636,0.10337317406248764,40.17216337609831,0.035000316641706775,6.922815774404907,41,41,0,5.24,"[1738.6247651601482, 51.86774026403111, -99.97266446673821]","[-39.829601785923636, -5.2350265026445655, -0.005422849090935336]"
Optical_A-T0028,Optical_B-T0020,False,reprojection,4.1745372175235715,57.5403874495092,205.31401975897157,4.602808861086595,54.38667032795968,0.0524993410381156,6.8358930449004545,40,40,0,4.99750069684862,"[1647.82224772979, -9.197608339125976, -100.90392041293799]","[-52.468332123629686, -14.316918167983921, -0.09943690416742038]"
Optical_A-T0028,Optical_B-T0021,False,reprojection|speed|inlier_ratio,0.8378720698415211,8.796958535717419,18.072109585693887,0.7026857686084128,32.44194791585054,0.036715719286346093,6.002203154810525,48,40,8,6.0,"[1727.297990992562, 60.339361984211045, -99.67895070156762]","[-32.43823496094829, -0.49072707895374634, -0.009172080055990434]"
Optical_A-T0028,Optical_B-T0022,False,reprojection|speed,3.25690936411413,43.06016393635922,54.201368960127546,3.5474460985117164,33.14760953036344,0.02171596542965215,7.201547836209752,48,48,0,6.000001533702828,"[1815.1896452091462, 114.68434334666594, -103.46538392739532]","[-33.147371913241926, 0.12386987566756691, -0.020225641244208226]"
Optical_A-T0028,Optical_B-T0023,False,reprojection|speed,4.081576380550919,54.68506081013535,67.42287814170909,4.543601628591304,33.59549209224417,0.02171616114971986,7.267404065635982,48,48,0,6.0000016182346325,"[1835.6336963436593, 127.23964280656739, -104.482046633397]","[-33.59538654881641, 0.07962312543240557, -0.027417394892648383]"
Optical_A-T0028,Optical_B-T0024,False,reprojection,5.7976054535789805,96.27551107318308,231.24132958003634,7.4849624472124825,45.86894441671959,0.042500877963249195,6.912685964984374,48,48,0,5.997501957699437,"[1718.4637508109536, 53.42645454961881, -94.75667635320826]","[-45.07852051696605, -8.472147382220939, -0.3313135063789203]"
Optical_A-T0028,Optical_B-T0025,False,reprojection,5.825841042851868,118.84556862477595,149.19340246418557,9.406230101254168,51.47617052688147,0.036714410437009626,6.963351946733514,48,48,0,6.0,"[1732.7977537362704, 61.68012285938912, -91.05376787237]","[-50.215661792085896, -11.321539067313697, -0.07871494594182626]"
Optical_A-T0028,Optical_B-T0026,False,reprojection,2.252996235073785,29.369381377796692,51.09947699612914,2.4525165098565864,35.89157528230858,0.016715355683470712,7.357115987037892,48,48,0,6.0,"[1862.6538025649381, 143.56980769243253, -102.20183773024823]","[-35.87707667068297, -1.0199001569218602, -0.018694423534384663]"
Optical_A-T0028,Optical_B-T0027,False,reprojection,5.80982092273345,86.70146153637015,99.18765440409439,7.382206435805771,43.20966771983434,0.019079431952318426,7.463375121386468,48,48,0,6.000001633656483,"[1892.944489454723, 161.35574218757824, -92.64844210288403]","[-42.91404216572056, -5.0458268976744804, -0.0006131529581298034]"
Optical_A-T0028,Optical_B-T0028,False,reprojection,5.811958993070388,90.78660965341935,104.42707637857464,7.7903198063445735,44.27093330500688,0.019998641567658182,7.529270354735709,48,48,0,5.997499319439893,"[1912.4680364110109, 173.20939807558864, -107.82010153313759]","[-43.93353221582768, -5.455298401263676, -0.0014458105232642016]"
Optical_A-T0028,Optical_B-T0029,False,reprojection,3.8643027828652055,53.56880028544118,63.96677059332349,4.468859856684678,47.303814937212884,0.019216250350623465,7.327559253380486,48,48,0,5.9974994689357235,"[1849.7424589763775, 134.11356453659204, -95.5929259113987]","[-46.64949722204959, -7.840614163568823, 0.009278044862097379]"
Optical_A-T0028,Optical_B-T0030,False,reprojection,5.873567998670695,86.43740742469755,110.12781189675762,7.582491796436771,37.25008231652009,0.014999370520211386,7.718814688503664,48,48,0,6.000001760460995,"[1971.2886839332207, 210.43486269401566, -107.5203608788226]","[-37.244680388072084, -0.6304891597389961, -0.06999140899795409]"
Optical_A-T0028,Optical_B-T0031,False,inlier_ratio,0.6693695399223917,6.605279801777228,13.14578150862422,0.601787084465995,35.4564486488472,0.014110200324314093,17.52479127359564,48,20,28,6.001716711493976,"[2052.4581889007295, 258.4094663960909, -101.1907071950137]","[-35.39424310021233, 2.0742544674075987, 0.3236889801188809]"
Optical_A-T0028,Optical_B-T0032,False,reprojection,2.8376861785054186,37.351773306603036,67.47585970060183,3.4623894288270454,36.002149761910495,0.02499991343882857,11.806732858230264,35,35,0,4.28500164392456,"[2062.901936479518, 228.15960002350255, -102.91617116336928]","[-35.99570035362375, 0.4655779925844854, 0.4975747823033331]"
Optical_A-T0028,Optical_B-T0033,False,reprojection|inlier_ratio,0.8230408874422782,10.526774844233119,19.589471401402886,0.9802461375102586,51.2854156256379,0.020000000000000018,39.66609565949103,48,22,26,6.000002136772721,"[1971.7537285643116, 209.11709246718195, -100.37305729251973]","[-50.529436595632674, -8.772239867418406, 0.13304484520878723]"
Optical_A-T0028,Optical_B-T0034,False,reprojection,1.6131972597914315,20.740046077773666,46.65349681546329,1.8287103397083646,38.4160234864654,0.010822976809851337,7.879928140418572,48,48,0,6.001716711493976,"[2018.693941291557, 239.46933652239892, -98.70650461989786]","[-38.407453331024044, -0.8112947664221544, 0.01378186659320979]"
Optical_A-T0028,Optical_B-T0035,False,reprojection,5.566304016409051,75.96935170880246,98.45848310265184,6.928515606367225,38.35773797293907,0.015619480940356478,8.051199715858457,48,48,0,6.001716711493976,"[2067.9841585045183, 269.92880901704626, -93.21239508264155]","[-38.35704482431862, -0.22017870590658006, 0.06852797479221229]"
Optical_A-T0028,Optical_B-T0036,False,reprojection,4.704905597395239,64.32006580536135,99.80898188764742,5.658945855870473,59.20146299718785,0.020002163777890658,7.751020029871569,47,47,0,5.725002301056966,"[2004.8630354042068, 222.1322355553421, -94.73099612197281]","[-57.735156042468304, -13.094433117470338, -0.02826820359133264]"
Optical_A-T0028,Optical_B-T0037,True,,0.17058726449683917,2.0291086679299157,12.33485535603256,0.17162035325380184,50.021526418089685,0.028284464380953445,8.44101998703997,48,48,0,6.001716711493976,"[2174.807122556429, 334.19138484149477, -100.03461591666245]","[-49.658493396922836, -6.015574681060457, -1.6602964361071143e-07]"
Optical_A-T0028,Optical_B-T0038,False,time_delta|reprojection,5.676429621834155,65.80349935720746,133.58835283050948,6.713697749493585,52.58068552066845,1.8100013556188483,41.461598524595566,30,30,0,4.500001355618848,"[2240.958381384719, 337.9851908400934, -104.55303133504981]","[-52.013815002583925, -7.6245491750568135, 1.0760058445700424]"
Optical_A-T0028,Optical_B-T0039,False,reprojection,5.953261318007862,119.564604893909,146.65545329671133,10.849613318000557,39.091314308987904,0.015000410564044664,7.849979128683148,47,47,0,6.278431121930986,"[2051.290274786974, 266.09633461868384, -89.43474567802424]","[-39.08379084995752, -0.7317865014229881, 0.22942475279258234]"
Optical_A-T0028,Optical_B-T0040,False,reprojection,5.819158772864835,89.29451282285297,105.064715319764,6.837257405271964,42.28803115548903,0.053431184516654184,6.553323396573739,47,47,0,6.224999937414331,"[1644.802413677574, 12.725605163618852, -106.71997063527384]","[-41.70414806094076, -7.0024555174186105, -0.08503084919831069]"
Optical_A-T0028,Optical_B-T0042,False,reprojection,2.7064522294302575,36.089262550515066,53.6826144117855,2.4290876055431574,40.88353226068645,0.10343044110290389,5.821464289470969,47,47,0,6.175000680828082,"[1373.5250492274404, -155.8160454883025, -102.21900891649057]","[-39.88593406983199, -8.976329955553808, -0.031209239547510467]"
Optical_A-T0028,Optical_B-T0043,False,reprojection,4.999305707071461,69.7643769306044,110.28867802563198,4.649713601263808,50.22637179854252,0.10342803161009417,5.792314057233347,47,47,0,6.1750030903208915,"[1358.3860129276202, -166.27050170279557, -96.02411077152145]","[-48.1728481880136, -14.214793497237167, 0.06904586103392732]"
Optical_A-T0028,Optical_B-T0044,False,reprojection,5.826784494238819,95.3506920941949,117.8779249985494,6.3380123460352475,42.844745248012146,0.11171413058670687,5.479751744184767,44,44,0,5.780001878319401,"[1331.0586799172122, -188.19554609996595, -105.72290362623745]","[-41.50080111454689, -10.646049351140647, 0.13166408379229244]"
Optical_A-T0028,Optical_B-T0045,False,reprojection|inlier_ratio,0.8506483895800444,9.056709842307464,15.985210940040705,0.6299117619271484,39.20141393242572,0.12343098208901093,23.165230447292156,47,26,21,6.155000139841975,"[1275.9433793429605, -213.00776199817923, -101.09996081081144]","[-38.326323791614854, -8.235667547793156, -0.13243475338931207]"
Optical_A-T0028,Optical_B-T0046,False,reprojection,5.554244261146095,75.49572458197545,125.30167997644557,4.714285823957345,35.73465188858814,0.14136392240333695,5.394290464626374,47,47,0,6.137067199527649,"[1190.688286081302, -268.70788979204593, -96.00692026261314]","[-34.8456015044261, -7.920977463839428, 0.08670300260949165]"
Optical_A-T0028,Optical_B-T0047,False,reprojection,2.164516082539941,27.864507912152863,67.63787599683336,2.255291561447295,35.12333916952554,0.04000172937429003,9.826423999331288,34,34,0,4.745001275251189,"[1728.919916530766, 37.29653815978202, -98.80599655976168]","[-35.031643250644905, -2.53247353725655, -0.1396544312498094]"
Optical_A-T0028,Optical_B-T0048,False,reprojection,2.724865351494203,35.872544615620825,112.64397072140542,2.4461506383724516,38.656467827515364,0.12500298542483534,5.5529791977501395,45,45,0,6.278431121930986,"[1298.0058423548367, -200.6857860550869, -99.18241925459796]","[-37.725708649061744, -8.431595523913217, 0.04010918803905278]"
Optical_A-T0028,Optical_B-T0049,False,reprojection,5.910544532699707,135.74834421045972,211.02828378497858,8.11469248736447,41.94195574873031,0.1549999602379275,5.270682259440748,45,45,0,6.278431121930986,"[1163.5179026034327, -284.309124698287, -92.51216698458535]","[-40.31419441247908, -11.567046951745795, 0.3111361717964629]"
Optical_A-T0028,Optical_B-T0050,False,reprojection,3.1549111887839096,42.800125063028304,85.7944140932465,2.76339936619305,44.47884821989339,0.13000000000000078,5.535123981531325,43,43,0,6.72,"[1283.5984416092579, -203.70235157185337, -101.93238531646155]","[-42.936941246751275, -11.607871339516123, -0.21056663216835242]"
Optical_A-T0028,Optical_B-T0051,False,reprojection,5.833744043992397,101.24240803266457,145.48099460378214,9.285160672337211,53.36189579102701,0.019999999999999574,8.425996472211532,41,41,0,6.72,"[2123.186525531406, 319.6108805781066, -108.14586175624291]","[-52.74204370697312, -8.068312607832695, -0.8191945351690895]"
Optical_A-T0028,Optical_B-T0054,False,reprojection,2.7660134244801053,36.16703360271053,107.84539163032994,2.6861946868830104,35.13208111070323,0.07500133019282806,10.498652857677678,35,35,0,7.72,"[1625.0104036365724, 29.970318810662683, -99.26263881692117]","[-35.04087916367693, -2.5292501546290573, 0.05295527293515384]"
Optical_A-T0028,Optical_B-T0056,False,reprojection,3.0959893639714373,41.30907592309192,68.62744222238057,3.507341035207601,37.60599032140983,0.025002605826006885,14.00557941097582,34,34,0,7.72250175225115,"[1937.782128922675, 228.71791713682273, -102.91757754624648]","[-37.59871328554165, -0.5061812905356362, -0.539488486174718]"
Optical_A-T0028,Optical_B-T0057,False,time_delta|reprojection|speed,3.1182114482776377,39.22763132614048,67.32739416928067,2.8630020457086656,32.76645274270299,0.2950011092609164,17.6545430987947,32,32,0,7.970000000000001,"[1582.0894145377567, 7.729505061383259, -102.35020334790964]","[-32.727044139239716, -1.5394703478672094, -0.45938904654011953]"
Optical_A-T0028,Optical_B-T0060,False,time_delta|reprojection,6.326494259706215,94.34266451235136,161.3524485169516,6.527398436923065,42.89836871949381,1.0850029057596347,23.570200295053525,31,31,0,7.72,"[1493.8386344062699, -54.16548034580629, -95.16170612413688]","[-42.087604682499524, -8.23261393839826, 1.0619033028386493]"
Optical_A-T0028,Optical_B-T0061,False,time_delta|reprojection|speed|not_inbound,5.274977475708176,56.52741681264032,149.22003715092148,3.9679833649727545,15.37645924679186,1.805000831863497,47.3565040133052,28,28,0,7.0,"[1462.8176764837722, -83.02386965363839, -101.4452942889267]","[-12.392180803200004, 9.097127766110418, -0.33409626773597245]"
Optical_A-T0029,Optical_B-T0002,False,reprojection,3.5731415208082167,47.53425888303578,75.06370528066404,2.9640225536953415,36.53963065904658,0.14500003109045156,5.382040514786506,42,42,0,5.227499984454774,"[1204.5129075764498, -142.1510270571887, -105.54384060542847]","[-36.500265159348885, 1.6817480191640186, 0.21673854478720045]"
Optical_A-T0029,Optical_B-T0004,False,reprojection,5.8828782883918596,94.01867597612022,291.4563375847899,6.368555560359446,38.06302493844161,0.126369895330126,5.512566785368414,42,42,0,5.236815052334936,"[1269.4545191118045, -95.40032618480019, -104.49394856875361]","[-37.99600092709247, 2.2335566216119673, 0.33016031086361264]"
Optical_A-T0029,Optical_B-T0007,False,reprojection,4.4333602893193715,60.314418390852786,135.3682798807674,3.9789969019304743,40.44387162038719,0.12500023255898984,5.559265622374541,42,42,0,5.2374998837205045,"[1292.7749637174225, -79.12327707408247, -105.46084364428748]","[-40.43044380643079, 0.9904911373984788, 0.3238712215340453]"
Optical_A-T0029,Optical_B-T0009,False,time_delta|reprojection|speed,4.203668592544099,48.47233503341809,98.26115191224568,3.4001654623214628,29.952932643513552,1.1050004372463937,19.841579210494285,23,23,0,3.29,"[1371.4478813706291, -79.6486332200933, -107.62697209150286]","[-28.309945516723687, 9.75754774948166, -0.7179280629573626]"
Optical_A-T0029,Optical_B-T0012,False,reprojection,0.760491709834022,8.421868324195488,12.32080747883532,0.5986410338148861,38.46075063774074,0.08000270063750081,4.475226360669309,34,34,0,4.255001540283931,"[1486.8424847035596, 27.50120326837873, -110.22332095020187]","[-37.977320067082985, 6.078811106162995, -0.02357278939360566]"
Optical_A-T0029,Optical_B-T0013,False,inlier_ratio,0.5843209574866899,6.1334541929867,11.253977077647825,0.43036834383760586,44.04934877646712,0.09500140732940476,13.567597605423654,42,18,24,5.252499296335298,"[1433.409737686695, 22.673552385414624, -109.72948390259941]","[-44.0038779229736, 1.9765255593920124, 0.31177248748435044]"
Optical_A-T0029,Optical_B-T0014,False,reprojection,5.9526275554160675,160.86078280114415,270.56844592683746,11.912100299003235,45.13801663233261,0.07500155405047737,5.3890828397721675,29,29,0,3.704998445949523,"[1533.3380779226395, 40.84357836911188, -100.7551691806444]","[-45.07651335148484, 1.508451027397527, -1.809161427868558]"
Optical_A-T0029,Optical_B-T0015,False,reprojection,5.837221374292002,87.8039812297993,130.46656941529392,6.502829700610336,40.277013969528355,0.0699999999999994,6.201972518650361,42,42,0,5.265000000000001,"[1538.326315340813, 97.87162414739213, -103.776336765412]","[-39.67951800795474, 6.895671537440947, 0.47267219688091766]"
Optical_A-T0029,Optical_B-T0016,False,reprojection,2.3149116294399517,30.78544948936001,44.520967373133104,2.2885108410156643,41.10743572752357,0.06500130363905665,4.639044961771334,33,33,0,4.23,"[1572.26044638262, 85.59852460043714, -109.2736387501799]","[-40.65923491080623, 6.051927359473581, -0.14853887037589836]"
Optical_A-T0029,Optical_B-T0017,False,inlier_ratio,0.5383504668433777,6.503251991168673,12.225096538902203,0.4671907608437345,50.079442375731354,0.07242920900282179,12.604460177612822,34,16,18,4.258786699137646,"[1527.7434151901962, 57.150110953076506, -109.89200222905995]","[-50.0095146169712, -2.6298707550198444, -0.2877086217556942]"
Optical_A-T0029,Optical_B-T0018,False,reprojection,5.642310162128792,78.8083998326803,99.52593793990789,6.003724101498547,48.95067920381807,0.05000185364686649,4.899426694851552,35,35,0,4.295001303639057,"[1637.101434005973, 131.75174451443368, -106.03703274718916]","[-48.921270340743305, 1.6938060992254833, -0.09655910751210817]"
Optical_A-T0029,Optical_B-T0020,False,reprojection,5.718179545940219,78.55964095859053,205.5123855094097,6.021898889289439,59.4482847784971,0.06745541404432931,4.64447558366481,34,34,0,4.261273596616892,"[1561.703712442844, 76.67176950454515, -106.93028593381604]","[-59.01961925074912, -7.109750900090646, -0.48430232350639524]"
Optical_A-T0029,Optical_B-T0021,False,reprojection,5.676710461946294,78.3336869539998,117.77551294104447,5.968062334735713,42.78350124909158,0.05999999999999961,6.382783366670775,42,42,0,5.27,"[1600.4737717619996, 142.2712664676342, -104.86964405116277]","[-42.28350263183967, 6.5029634476530305, 0.49482392092291294]"
Optical_A-T0029,Optical_B-T0022,False,reprojection,2.7987851703773563,38.12323388092195,56.39562228691993,3.006777161917283,44.514400344676126,0.04499933606889073,6.611635905443437,42,42,0,5.2775003319655545,"[1674.3632084704834, 195.2937363557597, -108.9130210065881]","[-43.96187728637558, 6.988012816894809, 0.22991384184250854]"
Optical_A-T0029,Optical_B-T0023,False,reprojection,2.0433923504023386,27.596225611425854,41.02872791471876,2.191300737839788,45.15902905059805,0.04341038555719745,6.665507427777508,42,42,0,5.2782948072214015,"[1691.5470682420057, 207.56077166432314, -110.00705296479728]","[-44.62609583784769, 6.915195143464786, 0.17190460084651674]"
Optical_A-T0029,Optical_B-T0024,False,reprojection,5.944416422388235,169.18987210580312,310.65605200753873,12.498976464756684,52.93950547535913,0.05999999999999961,6.370388157300744,42,42,0,5.27,"[1602.3416306989536, 142.06009004633063, -99.66873658009025]","[-52.927893727843994, -1.0529693344407036, 0.3472190812128386]"
Optical_A-T0029,Optical_B-T0025,False,reprojection,6.0316799473863885,180.64898408912964,259.6301180426452,13.891996700330365,57.73335668701095,0.05499902342655627,6.411467179572478,42,42,0,5.272500488286722,"[1617.3825779155775, 152.63609420744987, -95.96088235273183]","[-57.61384664278132, -3.610430582328391, 0.8659909825716192]"
Optical_A-T0029,Optical_B-T0026,False,reprojection,3.8078881114480922,52.73823677154742,76.6587842584954,4.247920545912851,47.31597894525215,0.03499803490163966,6.739056884610734,42,42,0,5.282501476329344,"[1715.1093216916777, 224.33180675844645, -107.74213722083448]","[-46.95122331231201, 5.855290325762951, 0.3163356223705799]"
Optical_A-T0029,Optical_B-T0027,False,reprojection,5.945285946303708,156.47905087227218,222.130023679576,12.77674150694896,53.40569797064613,0.035001774727176915,6.824435320154361,42,42,0,5.282499112636412,"[1744.5456377918517, 244.7357774584813, -98.06775584859976]","[-53.35852053114451, 2.067479649350588, 0.8731496772190126]"
Optical_A-T0029,Optical_B-T0028,False,reprojection|inlier_ratio,0.6942411291504421,8.445137653416342,14.454972782245873,0.6959381300232684,54.45868339973117,0.02999999999999936,6.98732906900765,42,23,19,5.285,"[1760.6936768932273, 256.16309082020075, -113.34321847607538]","[-54.43272024307383, 1.6811174652240766, 0.03175908585558447]"
Optical_A-T0029,Optical_B-T0029,False,reprojection,5.893013947339192,125.57128445046786,180.9822056661635,10.095897590299911,55.98014193533112,0.040000000000000036,6.71193932923668,42,42,0,5.279999999999999,"[1711.5924864535768, 220.52987176090483, -100.97701527089175]","[-55.97344307260895, -0.4704742256469956, 0.7270596263200164]"
Optical_A-T0029,Optical_B-T0030,True,,0.08381651235440399,0.8605461522726231,3.220187901688828,0.07140545714341638,50.01078602960095,0.023626172622784658,7.035068412985366,42,42,0,5.288186913688607,"[1804.8236710293686, 288.5727360067203, -113.43106595572054]","[-49.649107739414326, 6.003733835989522, 7.178093782811423e-05]"
Optical_A-T0029,Optical_B-T0031,False,reprojection,4.700427590264668,65.55603780155629,94.05130055038909,5.650784287803487,49.530752573936844,0.016958825047574067,7.250468651234805,42,42,0,5.2941115089819935,"[1866.122527296777, 332.9433881463899, -107.21112555845377]","[-48.898222792892014, 7.879203619140412, 0.42119896174110993]"
Optical_A-T0029,Optical_B-T0032,False,reprojection,2.3121319620159997,32.19448934503234,57.003994384353206,2.78119282592326,50.038460925509014,0.010000000000000009,6.24071056316154,29,29,0,3.704998445949523,"[1905.5571096706792, 294.17795335714, -111.21468984917895]","[-49.60952279207754, 6.523418243327683, -0.4333988447737669]"
Optical_A-T0029,Optical_B-T0033,False,reprojection,4.901259564584444,66.86887519648066,96.11339111779856,5.62082715608882,61.48040305017316,0.02000003307176279,7.041134632679634,42,42,0,5.29,"[1812.4053666555003, 292.4407962765917, -107.07263816725248]","[-61.447097904119246, -1.9751917507365988, 0.43901699414350714]"
Optical_A-T0029,Optical_B-T0034,False,reprojection,5.766528732455391,90.5101726761767,129.76054509711696,7.731055165278802,51.64051333330678,0.015001554050477317,7.166273370507373,42,42,0,5.292500710113225,"[1843.7357913705468, 316.52037875384434, -104.58411574346037]","[-51.31794078036684, 5.7338421860019935, 0.57846795608788]"
Optical_A-T0029,Optical_B-T0035,False,reprojection,5.919388912617984,144.66735803281577,206.65928672438838,12.577269728169695,52.377615389202326,0.014998227609251735,7.305404134854787,42,42,0,5.295,"[1883.2932338429432, 345.0837159289995, -99.1457149151232]","[-52.006345130109786, 6.154102192908397, 0.9389815047966437]"
Optical_A-T0029,Optical_B-T0036,False,reprojection|speed,6.040374183553028,134.40036458017394,190.86661747835265,11.43281056856817,67.60324395813188,0.021955690871065414,6.766537894499702,41,41,0,5.285002866826433,"[1832.4202758878948, 305.9466592332377, -100.53002792805489]","[-67.36928596591112, -5.565039640714531, 0.7798948026886676]"
Optical_A-T0029,Optical_B-T0037,False,reprojection,5.868973384119049,80.34023370422914,111.7428794146232,7.2418863708811845,63.069073001725805,0.020000000000000018,7.622282452663942,42,42,0,5.302500558491605,"[1976.0927773076166, 410.31251193589003, -106.36921723788089]","[-63.0641464873, 0.5692671629259394, 0.5452815993592997]"
Optical_A-T0029,Optical_B-T0038,False,time_delta|reprojection|speed,1.5282189057216011,16.62677580953303,27.67906221563515,1.6055316548124345,66.18734297179711,0.3199989282918929,16.11157601395501,24,24,0,3.0025012790134165,"[2117.824777311345, 406.38542915387313, -115.74960031504861]","[-66.16373972628054, -1.736100832220302, 0.3314649297740966]"
Optical_A-T0029,Optical_B-T0039,False,reprojection,6.019927791138459,182.64906944238794,267.19868213466225,15.78654624283002,52.81113892262879,0.015001471064455707,7.203479550239713,41,41,0,5.3,"[1878.4972893986871, 341.9455636382588, -95.66874462804243]","[-52.47643356785325, 5.752909396401321, 1.4643591706544754]"
Optical_A-T0029,Optical_B-T0040,False,reprojection|inlier_ratio,0.7255325509327655,9.190602150647061,14.821140701813508,0.6814247692471712,49.353473039588266,0.07195569087106612,6.380974533159269,41,24,17,5.3,"[1544.0186371647046, 102.25787689877113, -111.84652213207734]","[-49.34982730577851, 0.5997879815659388, -0.010016804535219165]"
Optical_A-T0029,Optical_B-T0042,False,reprojection,3.1465869557299855,42.711195621741,69.00673135119837,2.8195340965024505,44.713777066703656,0.1269582412573813,5.510496238636586,41,41,0,5.3,"[1310.1176670749649, -65.48749338321662, -106.68286326266794]","[-44.68455535069789, -1.5931313239291711, 0.2725899227885806]"
Optical_A-T0029,Optical_B-T0043,False,reprojection,5.845007784072292,126.27872311689639,210.96617225299542,8.292998125418693,52.34976982697735,0.12695690049187913,5.487004843044226,41,41,0,5.3,"[1303.5421745305105, -71.06914263117599, -100.22162057450345]","[-51.92112702219931, -6.638410037892925, 0.79150606501477]"
Optical_A-T0029,Optical_B-T0044,False,reprojection,1.7025455371007179,22.49271450676209,49.15412350058917,1.4256216321988415,45.991640348416595,0.1299999999999999,4.62949417855607,38,38,0,4.998451961295581,"[1274.0081247351277, -100.41340945008992, -110.6195863781824]","[-45.860336892316454, -3.4727011093665254, -0.028793512205696065]"
Optical_A-T0029,Optical_B-T0045,False,reprojection,4.485515251173977,61.19645166976487,100.80133751016355,3.856563393961908,41.999552702057095,0.14695833005145165,5.32467033149785,41,41,0,5.3,"[1224.4444301693852, -126.61706185517892, -104.77134991689444]","[-41.96652297123687, -1.6245397949042086, 0.3663977787761765]"
Optical_A-T0029,Optical_B-T0046,False,reprojection,5.937918383647737,129.31195724474406,218.8977944593035,7.772936816192212,38.51773588340488,0.16195569087106598,5.180639885516699,41,41,0,5.3,"[1145.3100869100333, -182.80875145731585, -99.61956719664867]","[-38.4999394609536, -0.9008549183342325, 0.7477295652553064]"
Optical_A-T0029,Optical_B-T0047,False,reprojection,5.812067100125248,96.97642563608788,161.44845630402816,7.351105213766411,44.71335019596137,0.06000116299193925,4.935704311613234,28,28,0,3.9974995762475762,"[1622.6658510697748, 111.90685860490636, -106.13539454277141]","[-44.511958823636384, 4.205508068239681, -0.5318922048201725]"
Optical_A-T0029,Optical_B-T0048,False,reprojection,5.817849239112025,82.04035485226616,139.54092735363076,5.198733567193129,41.96946072475139,0.1450014710644556,5.327068789122812,39,39,0,5.698044309128934,"[1229.0317753099682, -111.6555038498779, -103.42044160682246]","[-41.950678624233824, -1.053320300458509, 0.6831638437029204]"
Optical_A-T0029,Optical_B-T0049,False,reprojection,5.986829472088971,183.80019141505468,331.73151358827704,10.884946871362494,43.35826147846092,0.1699991762424755,5.1183196959720725,39,39,0,5.698044309128934,"[1113.0256054058482, -196.04117781534876, -95.85245879690612]","[-43.10590763638986, -4.444351491763086, 1.4378126078449025]"
Optical_A-T0029,Optical_B-T0050,False,reprojection,3.266003284428199,44.498261097942994,112.81874228015808,2.8799543650633046,46.6326471043733,0.15499927733392926,5.42104271812126,37,37,0,5.83500039448884,"[1228.8999294804225, -108.2867459772532, -106.6086102602075]","[-46.458996027535974, -4.0050960670435956, 0.3530857801780454]"
Optical_A-T0029,Optical_B-T0051,False,inlier_ratio,0.7121610740066249,7.24461347432091,13.487873845146298,0.6246433577585213,64.65136590207428,0.01802951456337354,22.778389786579723,35,19,16,6.3,"[1895.010920926458, 400.37138559987244, -115.79115203912369]","[-64.65090981215104, -0.04669401942987861, -0.23831309983627258]"
Optical_A-T0029,Optical_B-T0054,False,time_delta|reprojection,6.360272592602716,78.26751171454957,146.9936651064614,5.479683553457513,43.32288106251597,1.4700000000000006,11.417139300399166,29,29,0,6.7700000000000005,"[1499.737319548792, 124.02500562297593, -105.80670701682135]","[-42.98390424098947, 5.234906868505149, 1.3607901515038225]"
Optical_A-T0029,Optical_B-T0056,False,time_delta|reprojection,2.7007897453464658,25.22216636996781,44.857805233976606,2.033235507227902,49.87398507431399,1.7800705372940135,14.383545226191092,28,28,0,6.985072569727312,"[1742.8487685451687, 315.5861934898189, -110.92446736590776]","[-49.4253734215082, 6.642035382054985, 0.6559080125258436]"
Optical_A-T0029,Optical_B-T0057,False,time_delta|reprojection,2.589210684835785,20.898824909993237,37.96188825367047,1.4680487495151806,40.832468832952436,2.523476699197609,21.675835648494896,26,26,0,6.500001621727602,"[1479.8068423296831, 99.23904787494654, -109.77250775528742]","[-40.348157777804936, 6.252245339909109, 0.47550303992269616]"
Optical_A-T0029,Optical_B-T0060,False,time_delta|reprojection,6.782709467263625,117.03538015987147,213.22200999706922,7.8729933668530725,47.15798983011089,3.1069585966307,28.052086198610162,25,25,0,6.305001471064456,"[1416.9072023987858, 45.22147175354644, -102.8990023377415]","[-47.08194046232899, 0.2648652659144375, 2.6639695023522894]"
Optical_A-T0029,Optical_B-T0061,False,time_delta|reprojection|speed|not_inbound,4.038443467846495,39.28159337020709,102.16090056668212,2.577095087015941,26.126451445277556,3.30597867729903,55.31549956774644,22,22,0,5.499022154564467,"[1364.9889847563793, -16.547965427816536, -109.70025797463221]","[-20.285423585039677, 16.464691820368497, 0.08353656835421408]"
Optical_A-T0030,Optical_B-T0002,False,reprojection|speed,5.924144451712373,95.7565119494385,116.09460788883494,5.900389637064279,33.497605258278256,0.1458497163645598,5.428958977996278,48,48,0,5.999150184664191,"[1188.454092176771, -153.83012016112946, -97.1798101830935]","[-33.4547388669416, -1.6941002751667185, 0.005444433699691831]"
Optical_A-T0030,Optical_B-T0004,False,reprojection|speed,5.9358428790662705,104.12426057056122,314.8923407809067,6.946189534472418,34.59762528154423,0.12818494766506294,5.588274890942532,48,48,0,6.0,"[1254.0640625159315, -106.89876692955457, -95.81769169614647]","[-34.57632902219669, -1.2134561441613485, 0.025897048960400848]"
Optical_A-T0030,Optical_B-T0007,False,reprojection,5.889215631254239,95.26501579312888,178.7579866377383,6.191965760906646,36.96902894967936,0.12750011627949487,5.646134021575219,48,48,0,5.997500138099231,"[1276.0788947306212, -91.69072162176313, -96.52877728951896]","[-36.884443775001756, -2.4989518387224035, 0.04635297952293277]"
Optical_A-T0030,Optical_B-T0009,False,time_delta|reprojection|speed,5.92788468443167,66.11068247710129,169.25323864109876,4.524400385138711,27.340174739473046,2.520000524942749,43.211565220375334,29,29,0,4.705000087696355,"[1333.6228207194586, -79.69709227708691, -92.7728270476149]","[-26.843973611266865, 5.147395362053103, 0.6249452209932468]"
Optical_A-T0030,Optical_B-T0012,False,reprojection|speed,5.999151824379039,131.91556764790337,218.425537367221,9.440181321148962,33.66446695189207,0.08510478815884603,6.354667253514289,40,40,0,4.999491163960469,"[1471.8381154722952, 22.73820443878487, -97.81043804688322]","[-33.519847034656806, 2.9531796054393666, 0.9974568392965459]"
Optical_A-T0030,Optical_B-T0013,False,reprojection,5.945148827741856,139.55783925719888,166.2440870479861,9.628490992390493,40.09653371305137,0.09499971067231883,6.0362383631084295,48,48,0,6.000001571632307,"[1420.2225089765886, 11.252308163527886, -99.20476439965542]","[-40.04121566793526, -2.1045027681441715, 0.06427857057033515]"
Optical_A-T0030,Optical_B-T0014,False,reprojection,2.2540839440973763,29.653850679597596,52.15074332089359,2.1819914846728437,40.24606792901111,0.08000229213880594,9.784077507714194,35,35,0,4.2950031767667785,"[1517.6437123790117, 34.72252870074118, -87.82891491730952]","[-40.210404938560956, -1.6738532774454598, -0.25987233233680634]"
Optical_A-T0030,Optical_B-T0015,False,reprojection,4.855996245439029,65.6961893300259,94.01950980368778,4.769870201968176,35.03045697133063,0.0731150482438574,6.349411621656711,48,48,0,6.0000014116570295,"[1528.9623313523405, 90.45764172704314, -93.41931560884588]","[-34.83135012989857, 3.729285460396706, 0.04892548963232163]"
Optical_A-T0030,Optical_B-T0016,False,reprojection,5.931494542099129,110.26142999989817,187.93580795064327,8.220212746286327,35.80680882335135,0.06500317676677803,6.8607684920039205,39,39,0,4.7700000000000005,"[1564.042411633588, 80.36486870837679, -96.17359401886578]","[-35.6717987911855, 2.948643793967591, 0.9776650190659595]"
Optical_A-T0030,Optical_B-T0017,False,reprojection,5.865951146857746,125.47049226908631,210.34109367383954,9.165305128579343,45.81772929613335,0.07811394941871264,6.44146869038946,40,40,0,4.997499679691087,"[1507.5714329063821, 45.25851161264583, -97.47495838816845]","[-45.504639350965135, -5.267152962844371, 0.921528653027734]"
Optical_A-T0030,Optical_B-T0018,False,reprojection,5.159788149313143,71.14194346500322,118.58797878492415,5.4029082170390295,43.351480793629165,0.05999999999999961,6.554926125809872,41,41,0,5.24,"[1608.520206532163, 123.21322968446411, -93.29769992991628]","[-43.321496650935785, -1.5322446688832798, 0.501040116194765]"
Optical_A-T0030,Optical_B-T0020,False,reprojection,5.810696389199737,98.90991276904975,184.30106884123055,7.288846991962671,54.530677194416874,0.07311432104699822,6.506744563006898,40,40,0,4.99750069684862,"[1533.1946390706712, 61.52346450799942, -94.50953549232158]","[-53.475417570797944, -10.669425909495168, 0.3712434137928267]"
Optical_A-T0030,Optical_B-T0021,False,reprojection,5.651394129778545,77.22359774780998,121.47395530892778,5.786688057715878,37.15268120564634,0.05999999999999961,6.543896101102135,48,48,0,6.0,"[1591.0743676906632, 134.59750071571983, -93.98581367449529]","[-37.00219352212579, 3.3393556493379446, 0.08999537084461273]"
Optical_A-T0030,Optical_B-T0022,False,reprojection,5.929759821980053,121.20864663704329,144.73577530110748,9.355425446501117,38.37982791986775,0.04499847742803942,6.787157471957179,48,48,0,6.000001533702828,"[1665.9784803275397, 188.19988303094885, -97.11976738497675]","[-38.180794180137354, 3.903309388973412, 0.048194881489150465]"
Optical_A-T0030,Optical_B-T0023,False,reprojection,5.95341605168649,132.86628554378774,159.33701182258955,10.331737664597352,38.90804911310778,0.04420525901763739,6.8445148434222425,48,48,0,6.0000016182346325,"[1683.1758811700115, 200.4563925960528, -97.98530525391799]","[-38.71794077925051, 3.8412514179414785, 0.04620764676957304]"
Optical_A-T0030,Optical_B-T0024,False,reprojection,5.73179503159847,81.76510633715634,277.333035102307,5.555193741515251,47.76101389114069,0.0651105392926783,6.539237177185452,48,48,0,5.997501957699437,"[1585.442434136493, 128.09849985756, -89.40611067125081]","[-47.546395221181996, -4.511811104524302, -0.31354415636017396]"
Optical_A-T0030,Optical_B-T0025,False,reprojection,3.15332260753987,43.57416285207118,116.43204989516974,3.12628714345813,52.452160411165046,0.0581136680465546,6.5848929899477175,48,48,0,6.0,"[1598.0268190298245, 136.23976802071456, -85.96782619020557]","[-51.94084383376243, -7.305223841371255, -0.10760233619331]"
Optical_A-T0030,Optical_B-T0026,False,reprojection,5.870274791742242,106.15582145467432,129.22853323082444,8.332868576030547,40.92720241205272,0.03811366804655503,6.923312973922948,48,48,0,6.0,"[1706.0847525166107, 216.39044584201284, -95.81375597298549]","[-40.834891421398936, 2.7470026927316713, 0.03893694670518072]"
Optical_A-T0030,Optical_B-T0027,False,reprojection|inlier_ratio,0.7203320735496999,9.099178793806685,15.11504390452851,0.7484547693274193,46.89393456992616,0.035000510788798955,5.410677257292623,48,34,14,6.000001633656483,"[1732.4729513534303, 232.98167201585915, -86.99237245163249]","[-46.873640984674466, -1.3794450681988764, -0.0034047296578822994]"
Optical_A-T0030,Optical_B-T0028,False,reprojection,5.952422211095696,168.885638220419,204.80069721187564,13.49997808875025,47.94491670713374,0.03250068056010713,7.075149449395003,48,48,0,5.997499319439893,"[1748.36361473652, 245.2223712494389, -100.79546959905687]","[-47.918218521436245, -1.5988229405206198, 0.05600884520594557]"
Optical_A-T0030,Optical_B-T0029,False,reprojection,2.0164668336633476,27.90570922805043,38.89583780276321,2.1655152506207362,49.875323239241986,0.04250053106427698,6.901550753834748,48,48,0,5.9974994689357235,"[1696.368078709497, 207.2596547789559, -89.81229831103947]","[-49.72364618741631, -3.8867544244523415, 0.004253411761939718]"
Optical_A-T0030,Optical_B-T0030,False,reprojection,5.9967359865525065,164.79324014603597,203.77603155151957,13.447218987415372,42.95812474853771,0.024313355276178505,7.236339636084991,48,48,0,6.000001760460995,"[1796.6193727325747, 281.1119326263481, -100.31322144248807]","[-42.85288986258669, 3.004979527451008, 0.02025772798689185]"
Optical_A-T0030,Optical_B-T0031,False,reprojection,5.841270332329307,96.16493106613277,117.71640979116175,8.094324465899774,41.99710470187594,0.015000612645438088,7.4628914353203175,48,48,0,6.0000013750446985,"[1860.8713323098218, 327.3801783817596, -94.34921121681299]","[-41.6917356102536, 5.054917821837128, 0.06157076835267916]"
Optical_A-T0030,Optical_B-T0032,False,reprojection,5.850534260412803,100.17993068457122,185.73761371138687,8.687619853146057,42.81624548698645,0.010000164888467111,11.103067485967792,35,35,0,4.2950031767667785,"[1892.2168842509973, 291.3657047419014, -94.23855112144015]","[-42.645461107483726, 3.5690526885934446, 1.3628600214346394]"
Optical_A-T0030,Optical_B-T0033,False,reprojection,5.7969275596412215,93.45563635175075,115.04378547468218,7.611079447523086,54.62836929109472,0.023114592511715326,7.249949206578161,48,48,0,6.000002136772721,"[1796.6258234936042, 278.3641942909299, -94.60528781158352]","[-54.366648819396204, -5.340987733393646, 0.008808200986053949]"
Optical_A-T0030,Optical_B-T0034,False,reprojection,4.966521105836693,68.65007534579779,87.8096296080037,5.715044480096534,44.297080640314476,0.015001133995286908,7.3754150514161285,48,48,0,6.002500372433683,"[1836.0891403677344, 309.0611829716581, -92.15314665781662]","[-44.21036069025263, 2.769884313696103, 0.05569363544565897]"
Optical_A-T0030,Optical_B-T0035,False,reprojection|inlier_ratio,0.7016856659794595,8.504990940468407,14.51750298918306,0.7297053979150475,44.652390990773085,0.01749866412969453,9.149760188813111,48,28,20,6.0,"[1877.3774711740693, 338.20330082392195, -87.40438454331618]","[-44.52732432145649, 3.3391158891531383, 0.06095115674129925]"
Optical_A-T0030,Optical_B-T0036,False,reprojection,1.623230406584246,20.973087317097175,33.53528205559517,1.727709030603421,60.622547794219116,0.02500102052997555,7.275645875707259,47,47,0,5.72,"[1830.0688905931704, 291.5588666073203, -88.49895941469968]","[-59.94370835539422, -9.046817618673977, 0.014853964860590985]"
Optical_A-T0030,Optical_B-T0037,False,reprojection,5.785058601103527,82.45115070518732,108.29968753810286,7.211900943025316,54.75087624036888,0.020000114596651075,7.859958425028723,48,48,0,6.001886331953445,"[1965.2155048005384, 399.4536720112035, -92.89986996676778]","[-54.698521851185774, -2.393638020578827, 0.02556188532824666]"
Optical_A-T0030,Optical_B-T0038,False,time_delta|reprojection,6.839064660104448,116.41875056003754,238.98132897419197,11.058103195683662,58.266782989991846,1.8100016322315668,37.34508544703793,30,30,0,4.500001632231567,"[2036.5521518488638, 395.0887748793521, -93.37101741732572]","[-58.01420761100158, -5.112552033530733, 1.7976448411325125]"
Optical_A-T0030,Optical_B-T0039,False,reprojection,2.911758372126688,39.88893833640174,64.21798330875168,3.4053811769156113,45.19764692972087,0.01679330498428777,7.327898407540817,47,47,0,6.29,"[1859.1276259553042, 335.543209185097, -83.49775465254717]","[-45.11048500055378, 2.802119552578688, 0.1398463856325609]"
Optical_A-T0030,Optical_B-T0040,False,reprojection,5.960288442013798,163.9694866700593,185.9307258811379,11.8631066710897,44.301701599779534,0.07500006258566838,6.208377651302749,47,47,0,6.224999937414331,"[1520.1848663277804, 88.64065879996465, -100.5375868005551]","[-44.19786402241608, -3.0297211954815424, -0.10183304756841471]"
Optical_A-T0030,Optical_B-T0042,False,reprojection,5.861392853939182,104.69297039343154,127.38963867260037,6.778129622183484,41.376765220672006,0.12499931917191809,5.563609391543574,47,47,0,6.175000680828082,"[1286.1628257196246, -81.08181414378862, -97.29198683680544]","[-41.045879636672765, -5.2217410792644525, -0.07671427185819502]"
Optical_A-T0030,Optical_B-T0043,False,reprojection|inlier_ratio,1.0391102878124356,13.020280241585661,14.900047983674629,0.846630555632276,49.39283550001824,0.12499690967910837,5.830661410032248,47,9,38,6.1750030903208915,"[1273.414405998757, -91.96966945841848, -91.62499142147011]","[-48.24135526824832, -10.60290870246368, -0.04655815430498156]"
Optical_A-T0030,Optical_B-T0044,False,reprojection,5.956741694603686,161.30089458241943,198.71227362269977,10.33462125916804,42.886114882637536,0.13311338819625185,5.255341284135493,44,44,0,5.769387059744362,"[1251.483156384227, -115.82231002294309, -100.47666581364452]","[-42.29406969119319, -7.097796826385334, 0.22759370517012922]"
Optical_A-T0030,Optical_B-T0045,False,reprojection,5.839669659822188,80.32567591216088,100.40180337494039,4.981765335425738,39.13961147322582,0.14499986015802513,5.358345993836088,47,47,0,6.155000139841975,"[1201.7490491865126, -141.96660354515356, -96.14896392217372]","[-38.79143315758387, -5.208690177177246, -0.05870684755913326]"
Optical_A-T0030,Optical_B-T0046,False,inlier_ratio,0.4774094987260547,3.1661621899222165,9.211663271666195,0.2044980795809001,36.023581906852435,0.16293280047235115,9.388683362005201,47,28,19,6.137067199527649,"[1124.468637183342, -197.41206202905323, -91.89560235517223]","[-35.742846535601615, -4.4885795287475645, 0.005361552555444571]"
Optical_A-T0030,Optical_B-T0047,False,reprojection,3.5045032145922277,47.21954677704471,135.74851930291345,3.64339444278326,39.326632401865034,0.06000402427162577,9.327133256903707,34,34,0,4.735001113817345,"[1604.2729576551646, 106.58893373389967, -91.24640351038599]","[-39.31150656516458, 0.97266194237136, 0.4933522010745647]"
Optical_A-T0030,Optical_B-T0048,False,reprojection,4.596246759607676,62.323155368289825,101.45421159402541,3.918299322742878,39.00950998310533,0.15000115270843484,5.321447067598881,45,45,0,6.3,"[1218.1775590454101, -126.73182120040306, -94.47174256869191]","[-38.723579585457, -4.712957431528999, -0.11952179453006168]"
Optical_A-T0030,Optical_B-T0049,False,reprojection,4.647892646636262,63.29691845639738,100.96303100389912,3.6657959841552725,41.256888742658774,0.18000193118905017,5.080232696659415,45,45,0,6.3,"[1099.1274518073205, -213.2818456026332, -88.63086412310999]","[-40.43289050933436, -8.203580974307513, 0.11615929701817912]"
Optical_A-T0030,Optical_B-T0050,False,reprojection,5.8378539384876955,103.44182483783976,157.22913871169288,6.366718199742093,43.97324738714717,0.15499830520643787,5.331594375005129,43,43,0,6.696010314491217,"[1205.0091603613687, -127.99858674733636, -96.85310397001344]","[-43.25458683528457, -7.9028373315994, -0.48204314158701755]"
Optical_A-T0030,Optical_B-T0051,False,reprojection,6.042819752288364,179.5488177739568,261.5251075726547,15.086509580682986,56.900276865512524,0.020000000000000018,7.901975831116937,41,41,0,6.7,"[1913.4984844097262, 387.65207170293286, -98.97192016234071]","[-56.74047295649601, -4.065956611750096, -1.2760222868310915]"
Optical_A-T0030,Optical_B-T0054,False,reprojection,4.87051573201506,66.22992693782514,147.3547727751793,4.577589653253328,38.52009381336904,0.1050013301928292,10.150024214766871,35,35,0,7.695001694793563,"[1490.129410203575, 111.2917807795721, -92.01267397222891]","[-38.48255917866158, 1.590909448152587, -0.5993943437668268]"
Optical_A-T0030,Optical_B-T0056,False,reprojection,5.870564814361566,112.48500817253169,189.71941424049083,8.756010464277525,43.367593371353834,0.05500308837824619,13.326349426999943,34,34,0,7.710002599647931,"[1748.2014758541593, 304.70335969140797, -93.76291328798243]","[-43.23032532854741, 3.2188434410850277, -1.2353840345534244]"
Optical_A-T0030,Optical_B-T0057,False,time_delta|reprojection,6.023006800658783,103.31614852495248,178.79661768974697,7.055238559987677,36.52932243988042,0.3224999757132583,17.038463651287767,32,32,0,7.957500847396782,"[1451.556676123735, 90.5635823453294, -94.41609786436375]","[-36.43161572551702, 2.463010678829164, -1.0307045847309757]"
Optical_A-T0030,Optical_B-T0060,False,time_delta|reprojection,2.9541219004683055,32.80617134635558,55.91832267887433,2.134035554872182,43.73142025351015,1.1100012109660717,22.86715128457786,31,31,0,7.695001694793563,"[1379.7332228062435, 27.544718846946495, -87.88821136709457]","[-43.54677766484878, -3.998102194266135, 0.36118034491042283]"
Optical_A-T0030,Optical_B-T0061,False,time_delta|reprojection|speed|not_inbound,6.893666875941653,110.73865509643284,267.6908201904811,7.302336549121628,24.80867394237112,1.8044946891423268,43.14137130889612,28,28,0,7.00050614272117,"[1368.3521468843146, 4.044386417650358, -92.74951833734356]","[-22.76184009756117, 9.852764834837838, -0.5403362483890652]"
Optical_A-T0031,Optical_B-T0002,False,reprojection|speed,3.0090988714919096,38.73044285230584,178.0651232511276,2.4455377579476063,31.398194201625,0.15584958630285906,5.318085579409751,48,48,0,5.999150184664191,"[1151.9383466584513, -118.74096927365142, -101.92421394979962]","[-31.27414777361537, -2.785898058681278, -0.11424606628922185]"
Optical_A-T0031,Optical_B-T0004,False,reprojection|speed,5.794762127682795,78.25625160454818,315.02512627587936,5.275801513266014,32.28525821890815,0.14000000000000012,5.468514057957804,48,48,0,6.0,"[1213.4788643949953, -71.43338349218632, -100.8612403696837]","[-32.202397243481556, -2.309332827340824, -0.10243010862739621]"
Optical_A-T0031,Optical_B-T0007,False,speed|inlier_ratio,0.5908332532597494,4.740494816010635,12.720323058693182,0.2965255573665993,34.73828601808413,0.13750013809923134,8.70096440927381,48,26,22,5.997500138099231,"[1234.6841021086657, -56.604757939910435, -101.59776730287783]","[-34.570601807627604, -3.4091063539391087, 1.4373372909597115e-05]"
Optical_A-T0031,Optical_B-T0009,False,time_delta|reprojection|speed,5.463587656244386,59.3583508490942,198.57966991965327,3.9286923334244164,25.561096391348666,2.5100015894948045,43.26117813040942,29,29,0,4.695001152248411,"[1286.4226147747795, -44.00659596975882, -101.08481025990088]","[-25.287858549587654, 3.723662290705427, -0.16792215054269377]"
Optical_A-T0031,Optical_B-T0012,False,reprojection|speed,5.180253315583001,69.57365323896452,232.22561934346876,4.952657208322443,30.868679113343315,0.09449018206911797,6.224882243536562,40,40,0,4.999491163960469,"[1416.3251683863741, 59.5851284791048, -104.47303512988375]","[-30.809566489446727, 1.8992672185607802, 0.1968424939371981]"
Optical_A-T0031,Optical_B-T0013,False,reprojection,4.826409960486425,65.44692906558296,203.34351966681353,4.5237538197612235,37.09055411077195,0.10499958564754053,5.890303512940026,48,48,0,6.000001571632307,"[1368.4354168174398, 46.965501771981614, -104.76760412557842]","[-36.953144816104995, -3.188627389526184, -0.08335355323870541]"
Optical_A-T0031,Optical_B-T0014,False,reprojection,5.891483717923829,95.04409800419211,168.94373636304255,6.8381988565704495,37.09765261061062,0.08999720308782422,9.66616364018384,35,35,0,4.305001881876066,"[1457.8634026980963, 72.20291240940297, -95.42750642348493]","[-36.97992760267447, -2.7154292123059776, -1.160701473874868]"
Optical_A-T0031,Optical_B-T0015,False,reprojection|speed,3.4273213321674305,45.0025281508326,181.82908529710036,3.366110339745042,31.997835636329718,0.08500138019730263,6.185149902508525,48,48,0,6.0000014116570295,"[1469.2353104446825, 125.79398292348066, -99.63660986937208]","[-31.889463393471402, 2.627903114548415, -0.1331732201535789]"
Optical_A-T0031,Optical_B-T0016,False,reprojection|speed,4.076508656970724,54.294410964438924,213.65036580683653,4.095821264716717,32.694089167969466,0.07500188187606582,6.708992050144645,39,39,0,4.7700000000000005,"[1501.4183741493462, 117.16252114491505, -103.29495305096965]","[-32.63905532896632, 1.8946780538801704, 0.07568902138451866]"
Optical_A-T0031,Optical_B-T0017,False,reprojection,4.359882720370543,59.60098157111737,200.30497910755116,4.380120335068173,42.283278551788015,0.08749933841756308,6.3034670799871435,40,40,0,4.997499679691087,"[1449.2060061966445, 82.0868273073431, -104.23153046442681]","[-41.819807116131386, -6.240973286866463, 0.1721345121757556]"
Optical_A-T0031,Optical_B-T0018,False,inlier_ratio,0.6616276097230398,7.025796135696681,13.79471315877121,0.5098104744097979,40.433324771213535,0.06499918846570907,14.221342173052458,41,24,17,5.24,"[1544.4703234588421, 157.66397618969975, -100.70328022079796]","[-40.37121763001318, -2.2264972146930404, -0.2474859137550643]"
Optical_A-T0031,Optical_B-T0020,False,reprojection,4.147704172477386,57.639963262056646,199.51726715715503,4.304384718656149,50.45298149749495,0.08249971495727015,6.362660282110169,40,40,0,4.99750069684862,"[1472.6873137463394, 98.29042425284916, -101.4531211606522]","[-49.10692926316734, -11.571908722515403, -0.32213172246659527]"
Optical_A-T0031,Optical_B-T0021,False,reprojection|speed,3.164107894674752,41.59021632534643,186.2065315194295,3.271334916462724,33.84089513151293,0.06999999999999984,6.367282081430623,48,48,0,6.0,"[1526.4964469222382, 169.52930930470575, -100.42037752999597]","[-33.76628716418668, 2.2437036880269527, -0.09913731926959812]"
Optical_A-T0031,Optical_B-T0022,False,reprojection|speed,3.6759167763300944,48.9796565176684,207.89161835917128,3.9614991908807005,34.80193444613253,0.05499915249001619,6.59499785186212,48,48,0,6.000001533702828,"[1595.4006225392309, 222.46310291582378, -103.71488796915374]","[-34.68798331953633, 2.8097691307606887, -0.15379157421542766]"
Optical_A-T0031,Optical_B-T0023,False,reprojection,4.22596038912354,56.78606292534043,213.79888892905907,4.554803935525805,35.25105413031638,0.055001750712710074,6.648579573786003,48,48,0,6.0000016182346325,"[1611.1817658637906, 234.53896530386226, -104.60865645161411]","[-35.14317290554058, 2.751208869977063, -0.15831987725394958]"
Optical_A-T0031,Optical_B-T0024,False,reprojection,5.8392006710248054,108.37286215690955,260.8105557516715,7.628290058826002,43.84431233910697,0.07750195769943646,6.361054318173277,48,48,0,5.997501957699437,"[1520.9312780051357, 163.05949703888047, -95.98230394777649]","[-43.49272796978403, -5.523804089289236, -0.44037100118586947]"
Optical_A-T0031,Optical_B-T0025,False,reprojection,5.835068230051533,125.1924898075821,165.97666144290315,9.079665955972107,48.24015487372048,0.06999999999999984,6.403007474076242,48,48,0,6.0,"[1532.3139860805625, 171.07982492535453, -92.72152971721736]","[-47.52205816084293, -8.28955204423167, -0.22328749175485973]"
Optical_A-T0031,Optical_B-T0026,False,reprojection,3.037268878062011,40.29533528881564,195.49845948125534,3.4114299157500168,37.072186991881296,0.050000000000000266,6.72177470706047,48,48,0,6.0,"[1632.0728769869372, 250.2126267003091, -102.61281912556508]","[-37.03385861272889, 1.6777768742220935, -0.15946590150939066]"
Optical_A-T0031,Optical_B-T0027,False,reprojection,5.8378662716408245,99.2703751289076,140.01761451773152,7.7029563022515175,42.613632653557005,0.045000880506904206,6.8089086627977435,48,48,0,6.000001633656483,"[1655.6575942994098, 267.23916044479006, -94.26510356108822]","[-42.55725097571582, -2.184676417405207, -0.17107388306958887]"
Optical_A-T0031,Optical_B-T0028,False,reprojection,5.799562207877042,84.51218115098212,219.55281435178463,6.759931834471324,43.49420576378209,0.042500680560107806,6.862425079149331,48,48,0,5.997499319439893,"[1670.662587514956, 278.5272944279821, -107.52070834033505]","[-43.41748934626315, -2.578730746287306, -0.13304746330952177]"
Optical_A-T0031,Optical_B-T0029,False,reprojection,4.91299836382473,67.97623314510375,137.8985563441505,5.258925415118969,45.471129517349645,0.05250053106427721,6.699589340873853,48,48,0,5.9974994689357235,"[1622.778890749411, 241.17628043859258, -96.80858303251598]","[-45.21081979785879, -4.856237283536181, -0.14950663904399852]"
Optical_A-T0031,Optical_B-T0030,False,reprojection,5.841493277274677,81.7077627652133,227.1559079385426,6.685492477104613,38.71469359989032,0.03500229839056779,7.013635329611159,48,48,0,6.000001760460995,"[1714.8601202997256, 313.74022101290745, -107.25488377940117]","[-38.664723018673726, 1.956764338307444, -0.19433925737942026]"
Optical_A-T0031,Optical_B-T0031,False,reprojection,2.959496229960253,39.326331055968886,196.87081167208646,3.6412822304728127,37.666338137510266,0.025001759131810353,7.224376655417337,48,48,0,6.0000013750446985,"[1773.2329148628942, 358.96242295270065, -101.81172688214055]","[-37.454943513160885, 3.981602500510629, -0.16454981955392967]"
Optical_A-T0031,Optical_B-T0032,False,reprojection,4.01411451550296,54.27789221815654,211.129147302548,4.823685333300207,38.5149624082107,0.0199991003364115,10.862133935784106,35,35,0,4.305001881876066,"[1800.6903202488843, 325.4267983420366, -103.33673844931191]","[-38.432425661952436, 2.517455460911549, 0.11578016544267339]"
Optical_A-T0031,Optical_B-T0033,True,,0.06468781510502633,0.4713195232847599,3.031996765538293,0.04257334353205556,49.996025121117015,0.035000924465160566,6.7200874420221695,48,45,3,6.000002136772721,"[1715.587567804547, 310.62326243563507, -102.10972081379943]","[-49.63449564758332, -6.001613926377189, -1.0553910833988045e-05]"
Optical_A-T0031,Optical_B-T0034,False,reprojection,3.319266816431037,44.76533845910808,177.70779188246078,3.915840457656915,39.84663062529539,0.023935628260248976,7.142431120026545,48,48,0,6.002500372433683,"[1750.5702195129722, 341.05018335294955, -99.61565874136356]","[-39.808347316761854, 1.7395610055855997, -0.15291698608661775]"
Optical_A-T0031,Optical_B-T0035,False,reprojection,5.845413729107572,90.81101400147209,161.76875085566607,7.528328151753546,40.121247999744895,0.020000000000000018,7.279627621480547,48,48,0,6.0,"[1787.5490442555592, 369.4892122492923, -94.89269601561406]","[-40.058683534628386, 2.236092163648628, -0.1276963789446487]"
Optical_A-T0031,Optical_B-T0036,False,reprojection,5.414307004395416,75.00960965219578,119.53755061207517,6.034111096282791,55.077843207006765,0.02999999999999936,7.039893155015056,47,47,0,5.72,"[1744.4127714656718, 324.1107636707392, -96.1155416156404]","[-54.194423706333566, -9.822926165849154, -0.20826188870719142]"
Optical_A-T0031,Optical_B-T0037,False,reprojection|inlier_ratio,0.581659923301281,7.420976253887281,15.888374226626297,0.6290026354002608,50.43436435555402,0.019710674837587344,14.296607630286704,48,25,23,6.000001753893546,"[1869.3170579453054, 427.52917070756564, -101.12311070548638]","[-50.33325494011413, -3.1790998000601007, -0.28614601781573273]"
Optical_A-T0031,Optical_B-T0038,False,time_delta|reprojection,6.207789892829683,73.37042486184777,211.16384544319888,6.891705551662891,53.22406229029183,1.8100015170622386,36.851133218355514,30,30,0,4.5000015170622385,"[1928.4001345543315, 423.9476922984039, -104.98643390609945]","[-52.816802272988355, -6.543743217420683, 0.6046726729215992]"
Optical_A-T0031,Optical_B-T0039,False,reprojection,5.935147071292281,130.96677117496534,167.73444434675315,10.679866801845877,40.58864775360614,0.020000000000000462,7.095836202194866,47,47,0,6.29,"[1771.4129413941641, 366.6078059121396, -91.6808598005496]","[-40.54964593006957, 1.7789155723090175, -0.0008938151037563014]"
Optical_A-T0031,Optical_B-T0040,False,reprojection,5.822942264924977,82.15241220939355,208.91502315461432,5.945833971243875,40.770385390861065,0.08500006258566906,6.0490262935217425,47,47,0,6.224999937414331,"[1461.1004712914241, 123.7536680673415, -106.59957967402963]","[-40.56381209190293, -4.094214711167027, -0.19717857639831737]"
Optical_A-T0031,Optical_B-T0042,False,reprojection,2.7336276815937945,35.940612764346064,167.44392924118333,2.4391262213089773,38.716143537184564,0.13500255038631526,5.441945733830789,47,47,0,6.175000680828082,"[1243.4587344766735, -45.65238930043858, -102.5378434562191]","[-38.19228272588725, -6.345855491867979, -0.13938670704612371]"
Optical_A-T0031,Optical_B-T0043,False,reprojection,5.481512139551443,76.00276990193319,109.35011966999606,4.80655713689885,46.45487974450884,0.13500120962081308,5.418199423073526,47,47,0,6.1750030903208915,"[1231.270322547902, -56.55021165685109, -96.91572583711654]","[-44.94490361493729, -11.747709048783733, -0.05313403711132396]"
Optical_A-T0031,Optical_B-T0044,False,reprojection,5.844867760149454,87.06575194821387,207.1798228525712,5.5414959600830995,40.27766079601174,0.1449997201496971,5.151934567246596,44,44,0,5.762500727790918,"[1211.2748979114035, -80.0199308934128, -105.74099068223049]","[-39.43274634020157, -8.20657933160468, -0.023042178267217238]"
Optical_A-T0031,Optical_B-T0045,True,,0.6452030615300937,5.99395782835511,12.244441717556255,0.3648055331507286,36.93828468316685,0.1550026391803856,4.9995837903115525,47,42,5,6.155000139841975,"[1164.7743582301555, -107.18100241913581, -101.31009812484967]","[-36.42094239118024, -6.160503031301175, -0.005751029254684098]"
Optical_A-T0031,Optical_B-T0046,False,reprojection|speed,5.901915610984221,82.69386651853515,124.14360087822575,4.882277489295535,33.984679564290765,0.17293280047235182,5.084105300637541,47,47,0,6.137067199527649,"[1091.8544145655565, -162.73962584059532, -96.80280542605385]","[-33.52850665311087, -5.549506506777746, -0.025772680382821822]"
Optical_A-T0031,Optical_B-T0047,False,reprojection,3.825842743877646,51.21043413106576,164.18907113604217,3.933912983801313,35.99254328492477,0.07000098768992391,9.1756269555837,34,34,0,4.730001646093372,"[1538.437517734627, 143.1512551116974, -99.66273106350052]","[-35.9900027133156, -0.11925677329514883, -0.41067582682978704]"
Optical_A-T0031,Optical_B-T0048,False,reprojection,3.40567417494893,45.0483596319003,146.19786327030664,2.873153059624361,36.6560020546196,0.16000368153749722,5.212463892370873,45,45,0,6.3100000000000005,"[1179.495101752451, -91.7310614888923, -99.77384233451463]","[-36.18359470246199, -5.865523490583271, -0.07480118753647401]"
Optical_A-T0031,Optical_B-T0049,False,reprojection,5.951952396730708,139.410769110066,189.6376449979059,8.010111136189302,39.208476508617935,0.19000101161675254,4.996498413245566,45,45,0,6.3100000000000005,"[1067.2838618182525, -179.24217564383704, -93.58263956969185]","[-38.06135025393722, -9.41304953123435, 0.1809571675460559]"
Optical_A-T0031,Optical_B-T0050,False,reprojection,2.952555013316753,39.27120781797536,142.97004769110356,2.535399659949483,41.48937352330891,0.16499784890407643,5.240632973807618,43,43,0,6.684999303887338,"[1168.0240329347073, -93.23233494880566, -102.30435999623495]","[-40.47375829504955, -9.118857812350953, -0.29906024256061914]"
Optical_A-T0031,Optical_B-T0051,False,reprojection,5.768360527635343,92.28337974883735,177.56209925533565,7.72105128239116,51.24837729374431,0.026409301989128053,7.6426719494576645,41,41,0,6.7,"[1821.3738825450341, 417.1877765143642, -107.84098040712375]","[-50.999584986174696, -4.970826394670496, -0.8540441639394682]"
Optical_A-T0031,Optical_B-T0054,False,reprojection,4.293691871655691,57.470972417517494,177.79406487928253,4.205620922915223,35.360424951371385,0.11500133019282899,9.995349272669355,35,35,0,7.685002151095924,"[1434.4397207703778, 144.80356335222348, -100.29079007885389]","[-35.35812494848388, 0.3963165312464412, -0.07474005639770358]"
Optical_A-T0031,Optical_B-T0056,False,reprojection,3.782599245019997,50.841428208078845,180.5743732005506,4.42259954572672,39.186725321885675,0.06500303669418628,13.034798956217045,34,34,0,7.705002827799111,"[1671.931754666337, 335.39205859560934, -103.61579772320981]","[-39.12931518401865, 2.033348772738691, -0.6013546799062441]"
Optical_A-T0031,Optical_B-T0057,False,time_delta|reprojection|speed,3.9431663164182593,50.68745671632797,176.76558372327915,3.7700782343330452,33.62832620776027,0.33250004285326007,16.856401353268,32,32,0,7.952501075547962,"[1398.8596920704108, 124.08917679009738, -103.09284485616998]","[-33.60266409323518, 1.204590169164618, -0.523690650185079]"
Optical_A-T0031,Optical_B-T0060,False,time_delta|reprojection,6.380231738405961,108.26860111643397,181.4273428748049,7.0839800006330735,40.92532562416654,1.1200007546637103,22.762365034790545,31,31,0,7.685002151095924,"[1332.401495569175, 62.04346733371739, -96.72996637501458]","[-40.562780969226154, -5.372806328037029, 0.8222102213255997]"
Optical_A-T0031,Optical_B-T0061,False,time_delta|reprojection|speed|not_inbound,6.805454261136439,79.28916427787871,214.3044739925023,5.294736509880838,22.751480813330186,1.8050006542304153,43.62427479004884,28,28,0,7.000000177633082,"[1321.049796505776, 38.854254821031375, -102.35361808972227]","[-21.021414465625323, 8.68954189835976, -0.47103573153250056]"
Optical_A-T0032,Optical_B-T0002,False,reprojection,3.741469175974584,49.6037680340462,184.75017062399658,3.1281200341500024,35.17561047159058,0.1597934584950762,5.471064643462696,41,41,0,5.154999968909548,"[1154.335920135611, -92.20537712592538, -100.62057151152152]","[-35.12633250828212, 1.8268664333080977, -0.3562240889213158]"
Optical_A-T0032,Optical_B-T0004,False,reprojection,5.763089874105126,78.42715776484039,286.1247844770494,5.265459035909735,36.60664647616443,0.13999999999999968,5.572341401269116,41,41,0,5.173630104669874,"[1213.3044774670034, -45.00421401980722, -99.34342060001099]","[-36.52799498158856, 2.3838148842519047, -0.2637715935073174]"
Optical_A-T0032,Optical_B-T0007,False,reprojection,3.939371122751872,52.997544803967756,183.69712815325693,3.5520205267308373,38.7692324470936,0.1351262295206812,5.606359089158851,41,41,0,5.17499976744101,"[1234.6122361403166, -28.54210639686323, -100.18896585743575]","[-38.75165424451073, 1.1300805425379963, -0.29256762986675744]"
Optical_A-T0032,Optical_B-T0009,False,time_delta|reprojection|speed,5.091061611324302,63.12146302116547,185.60356949222952,4.231108531598467,29.815527019225886,0.8150001657999308,16.392183123018686,22,22,0,2.9999997285535374,"[1314.4628557606218, -33.11865377435937, -98.32803497407224]","[-28.319701967641475, 9.32409856940549, -0.14600604837771491]"
Optical_A-T0032,Optical_B-T0012,False,reprojection,5.882110249018177,93.63918002753269,231.0970999972628,6.597338209362151,37.103437658648424,0.09499822307119477,4.149821563455225,33,33,0,4.215001776928806,"[1411.199853728789, 77.68532704027031, -103.003788402793]","[-36.59434399368801, 6.121331909174998, -0.2199304857363672]"
Optical_A-T0032,Optical_B-T0013,False,reprojection,5.817186252904556,86.19912575051876,209.74217264429305,5.962546858158293,42.38293923485253,0.10500115727984749,5.903273021854901,41,41,0,5.204998592670595,"[1363.808718667751, 74.10681261797342, -103.56707003717715]","[-42.35394380547251, 1.4734658971224235, -0.5346779947741976]"
Optical_A-T0032,Optical_B-T0014,False,reprojection,5.791103125738649,80.40554769814794,139.08445167177476,5.734232241485786,43.15847920305879,0.08461961550882746,4.656841125331836,28,28,0,3.5000015183224766,"[1461.8514666153937, 90.82061461282315, -92.39745875868941]","[-43.111036653213226, 1.5659339835273585, -1.2808967817109487]"
Optical_A-T0032,Optical_B-T0015,True,,0.5444834135629706,5.408596573101294,14.69115461203499,0.3630716185536772,39.56943673377446,0.08500065946371116,5.101973269153824,41,36,5,5.23,"[1455.1524804124936, 147.24845713795483, -98.10935308459042]","[-38.886824591369795, 7.318141466107306, -0.0014526726249610433]"
Optical_A-T0032,Optical_B-T0016,False,reprojection,5.478748036629122,75.06700072888935,212.81398850831766,5.556503669246727,39.54158783013661,0.07749880692783795,4.2564555481391855,32,32,0,4.0,"[1495.3684788963928, 134.14749969144123, -101.41963345142807]","[-39.07494746375848, 6.053823914705248, -0.19200219442869582]"
Optical_A-T0032,Optical_B-T0017,False,reprojection,5.761130179653293,87.56814846717243,215.8325117557655,6.336052517899686,48.050105862046465,0.08742790536376521,4.235033054846259,33,33,0,4.222572094636235,"[1450.8309110810046, 106.68907950268813, -102.67525129259295]","[-48.017704403143675, -1.7469461943122724, -0.24681207500158853]"
Optical_A-T0032,Optical_B-T0018,False,reprojection,2.957852148335775,40.507354153160385,165.96464479367756,3.2594280081202656,46.5535085382717,0.06499707537268229,4.550096639143368,34,34,0,4.277501462313659,"[1544.882969924, 181.12266154019238, -98.42944346177762]","[-46.518278390558294, 1.771571912121228, -0.3747876220424682]"
Optical_A-T0032,Optical_B-T0020,False,reprojection,4.86777753387546,67.04621929405603,172.03338363776834,4.956698942101554,56.050759741092264,0.08245411040527273,4.296817642890439,33,33,0,4.227545889594728,"[1478.6477086626787, 127.09610208258827, -99.4971879229792]","[-55.62254338889881, -6.875305620044671, -0.7419616800755615]"
Optical_A-T0032,Optical_B-T0021,False,inlier_ratio,0.6594781327003201,7.274155417757225,13.58366560009769,0.5116895530254953,41.72762056029814,0.0699999999999994,8.584314731331514,41,29,12,5.24,"[1510.1499401589058, 190.83687332204573, -98.57840000515752]","[-41.14200665453754, 6.9646147076422835, -0.15410397885147886]"
Optical_A-T0032,Optical_B-T0022,False,reprojection,4.674364134098823,64.1213066905499,198.58360360414562,5.080465154865542,42.6533112720623,0.05987476140687864,6.55369339336915,41,41,0,5.255000663931109,"[1575.0378713527011, 243.40044128033756, -102.09020323326308]","[-42.08168913918051, 6.938095075655895, -0.5470268603761004]"
Optical_A-T0032,Optical_B-T0023,False,reprojection,5.2970277743888845,72.9896261780744,204.9578527110534,5.786883821780604,43.236354026429396,0.055003368947342146,6.602452153848304,41,41,0,5.256589614442802,"[1590.16794847394, 255.39914938958287, -103.0781786303557]","[-42.684273853416975, 6.859504902359106, -0.6182779308309874]"
Optical_A-T0032,Optical_B-T0024,False,reprojection,5.768864759560145,110.86188990188441,311.61028500727207,7.352563196464035,50.07838320768313,0.07500065946371137,6.31387745666456,41,41,0,5.24,"[1511.9028852374286, 191.45777918291478, -93.40033676348143]","[-50.06861191032191, -0.9175404699078342, -0.3697100961719681]"
Optical_A-T0032,Optical_B-T0025,False,reprojection,5.792065287939853,91.36340410791317,122.40037277340329,6.763078927333124,54.414230914747,0.06999968289026803,6.345437373456234,41,41,0,5.2450009765734436,"[1525.1320503087375, 201.98792293114371, -89.72929122738877]","[-54.30727692609095, -3.407036655139848, 0.14247858369315358]"
Optical_A-T0032,Optical_B-T0026,False,reprojection,3.8142465270259733,52.38253474076586,187.7219037952904,4.305361816358726,45.15146084588618,0.04999999999999982,6.66931768963967,41,41,0,5.265002952658687,"[1610.8160716175166, 271.8360801816889, -100.79824239412014]","[-44.77260148493541, 5.817220024550181, -0.4780418127368735]"
Optical_A-T0032,Optical_B-T0027,False,reprojection,5.000218464678223,69.75531399940877,120.4335101214586,5.544522968619564,50.53481239899356,0.04500251416338674,6.736659039493691,41,41,0,5.264998225272823,"[1636.9811618103467, 291.8359825674928, -91.34014772949881]","[-50.49014561953217, 2.1219454123495893, 0.09903124213154113]"
Optical_A-T0032,Optical_B-T0028,False,reprojection,5.797861802016326,104.3023008293847,221.2188078361723,8.4030215960063,51.514904489475846,0.04045505053846288,6.785263499807033,41,41,0,5.2700000000000005,"[1651.253818108123, 303.28585050257254, -106.28258361734527]","[-51.47977682794915, 1.7234510472636089, -0.8047849352804421]"
Optical_A-T0032,Optical_B-T0029,False,reprojection,3.3781923079029395,46.582468445217344,135.5662472068117,3.7437565424253028,52.80685108342665,0.04999999999999982,6.6269182779591596,41,41,0,5.26,"[1608.019222446287, 268.3178211061706, -94.2494369738599]","[-52.80574413569927, -0.33687548750924634, -0.05850237751981796]"
Optical_A-T0032,Optical_B-T0030,False,reprojection,5.79310679171257,97.52777200068104,219.475150780076,8.032936357550513,47.59011450031906,0.03500405885156255,6.941052432738616,41,41,0,5.276373827377215,"[1689.241203950827, 334.3054697606231, -105.92665166703735]","[-47.21191208944584, 5.9258773197154255, -0.859263058439435]"
Optical_A-T0032,Optical_B-T0031,False,reprojection,3.3130261993168957,45.670007169437106,182.80443352972426,4.0788209170973015,47.23290844262617,0.025003134176508013,7.146406227864045,41,41,0,5.288223017963987,"[1742.6702993186123, 377.20544902292124, -99.72014928273468]","[-46.60006519464949, 7.693984324696032, -0.42914917599330615]"
Optical_A-T0032,Optical_B-T0032,False,reprojection,5.364008679565198,74.6177932513565,214.4999483321237,6.40772827831492,47.732846885941534,0.02000216361849616,5.376189629725241,28,28,0,3.5000015183224766,"[1792.4733465664772, 338.2274598283671, -100.6606672435177]","[-47.31323335589282, 6.3137685494072, 0.13765156042159205]"
Optical_A-T0032,Optical_B-T0033,False,reprojection,3.374041941481904,45.81577220564146,171.6932414961622,3.9803908873376868,57.678952853261364,0.03500065946371134,6.9259826097336505,41,41,0,5.28,"[1695.8631248804447, 338.2366076022967, -99.73992601200608]","[-57.649634105919695, -1.787661221506653, -0.43076334506272773]"
Optical_A-T0032,Optical_B-T0034,True,,0.11094539253068847,1.173272788690947,4.120012693184601,0.08350536697144913,50.00506896574265,0.029874747629795806,6.730559298984883,41,39,2,5.2850014202264495,"[1723.9172489603527, 361.2301808876131, -97.81759317880281]","[-49.643756436606004, 6.000364083254283, 3.2610314287806474e-06]"
Optical_A-T0032,Optical_B-T0035,False,reprojection,4.155295998557421,57.91352389129772,136.866845267214,5.009900144669975,49.72667557172409,0.019999999999999574,7.192478835714316,41,41,0,5.29,"[1757.7685972335396, 388.9729027816413, -91.90188776909493]","[-49.36065107115342, 6.021349534524802, 0.10834680622653536]"
Optical_A-T0032,Optical_B-T0036,False,reprojection,3.599871528645227,48.279736996063164,127.11832908310923,4.1404818527387475,63.12200395294472,0.029936296697560483,6.591091435028379,40,40,0,5.0000025770703,"[1730.7697966809658, 352.826006155871, -93.28763306568277]","[-62.90285849706771, -5.255071543502481, -0.0447102462079314]"
Optical_A-T0032,Optical_B-T0037,False,reprojection,3.078088540562442,41.46220240147832,166.5653141639304,3.861152258186182,59.081235248873774,0.019998509488734273,7.469233537648493,41,41,0,5.305001116983211,"[1837.578375175604, 451.69472645129076, -98.46138019851075]","[-59.07642087768691, 0.6498169923328874, -0.3828742504252618]"
Optical_A-T0032,Optical_B-T0038,False,reprojection,5.939758301442849,103.44393902920334,242.86051262151585,9.604710570859108,62.77387147706587,0.0200006931827168,12.889433683742963,23,23,0,2.6949988066064456,"[1988.1754602345377, 447.0990794505266, -102.5004119087583]","[-62.71979867885199, -2.358308121820187, 1.1064251922372956]"
Optical_A-T0032,Optical_B-T0039,False,reprojection,5.753271544641176,90.88084794623502,131.72144841949157,7.640505458840935,50.097196563946056,0.024936586453693455,7.067889657556271,40,40,0,5.302500329731856,"[1753.2873399507107, 386.0134797314736, -88.26346601956773]","[-49.777084255591895, 5.632707408244983, 0.49355225808026937]"
Optical_A-T0032,Optical_B-T0040,False,reprojection,5.804984169336922,100.48092328215175,208.80841949741762,7.342688813366781,46.75623050825888,0.08493658645369351,6.078568894189843,40,40,0,5.272500329731856,"[1459.9137231618106, 152.18857084325174, -105.3679589929261]","[-46.744126895267556, 0.6070362991328864, -0.8736126556419945]"
Optical_A-T0032,Optical_B-T0042,False,reprojection,4.066310564361396,55.34477280690856,178.1395055686873,3.7063893409470534,42.6631052098422,0.13500160492501356,5.542175364304922,40,40,0,5.247500329731856,"[1250.0035678391332, -14.667777285638117, -101.10864234511592]","[-42.635461883822316, -1.4585104533501223, -0.48029507249955994]"
Optical_A-T0032,Optical_B-T0043,False,reprojection,3.51357541198581,48.55943464400738,126.14407047344775,3.1821119567638103,49.711952174318284,0.13500093454226247,5.515667507100348,40,40,0,5.247500329731856,"[1244.3172434348141, -19.937319626757535, -94.78965446012295]","[-49.284550101350135, -6.504454437843748, 0.058161458300417315]"
Optical_A-T0032,Optical_B-T0044,False,reprojection,5.847491011591499,106.93043166571259,211.70416618156642,6.847419583198467,43.86349250168529,0.14500065946371166,4.531495472768974,37,37,0,4.826903922591162,"[1222.9653685727176, -49.31254937904551, -104.80598319200061]","[-43.728894511565194, -3.346571070983501, -0.7682586209488951]"
Optical_A-T0032,Optical_B-T0045,False,reprojection,3.043265773967735,40.43258376043224,166.13937957672613,2.624287311891419,40.18574886279353,0.15500164932204852,5.398769725668097,40,40,0,5.237500329731856,"[1172.3345434951598, -76.22196561101768, -99.58982940578058]","[-40.15632739175582, -1.5016267123647395, -0.32999891870306247]"
Optical_A-T0032,Optical_B-T0046,False,reprojection,4.2082079747266015,56.49450260088382,132.53848132583937,3.3346557090213547,36.98877390977589,0.16999925235351832,5.305777152896879,40,40,0,5.230001407110193,"[1100.0081351557717, -133.19314947665646, -94.86245895779571]","[-36.98041300330396, -0.7756887742518899, 0.12944643326309857]"
Optical_A-T0032,Optical_B-T0047,False,inlier_ratio,0.705118026646676,7.978842033038566,14.730818097746889,0.5822241397663089,43.23558310463619,0.0699999999999994,9.795205964450952,27,14,13,3.7600000000000002,"[1543.4683583532872, 159.68513742544047, -96.57013963099216]","[-42.96566545972712, 4.800182157840595, -0.4748570861462639]"
Optical_A-T0032,Optical_B-T0048,False,inlier_ratio,0.675007473843213,6.656267042891644,11.946479448969889,0.4070803419568346,40.43173158763969,0.16000000000000014,4.734903089947534,38,22,16,5.5025003297318555,"[1181.7016128386633, -60.626005491638836, -98.47036751717602]","[-40.42404791802936, -0.7881586994835637, 0.008657957926636654]"
Optical_A-T0032,Optical_B-T0049,False,reprojection,5.868119971971256,104.31589441463925,183.99111260113133,6.051869153724695,41.49262052813129,0.18499770517802006,5.239622569072326,38,38,0,5.5025003297318555,"[1075.158563842241, -145.7345453039811, -91.12596738201752]","[-41.256375920085105, -4.375198560352516, 0.6376847101926175]"
Optical_A-T0032,Optical_B-T0050,False,reprojection,3.6460588324564704,49.4926010333659,143.28705034800777,3.1726467207001643,44.47223484928698,0.16750103634043212,5.48018486749109,36,36,0,5.76250019724442,"[1176.0056266875872, -57.386324026533714, -100.74053631880405]","[-44.2947611564091, -3.887229465100347, -0.8020309672714785]"
Optical_A-T0032,Optical_B-T0051,False,reprojection,5.879355982458128,99.25688963653317,192.94714168130133,8.245253136556379,60.55538964900492,0.030450777377257765,7.8982023238106045,34,34,0,5.997500448599238,"[1785.6276220094417, 443.2787773044182, -106.05621007273986]","[-60.51403863805896, -0.6028600228506775, -2.154739670393555]"
Optical_A-T0032,Optical_B-T0054,False,time_delta|reprojection,4.566136630320931,51.21794325713233,146.65305694575275,3.7254854496425702,41.4958606457153,1.6699444202368272,11.219903958352527,28,28,0,6.725,"[1416.6076005014645, 173.61124598735958, -97.65546838406257]","[-41.15851424019753, 5.25933290424544, -0.47177714060962056]"
Optical_A-T0032,Optical_B-T0056,False,time_delta|reprojection,4.551900556343701,49.541580540480446,131.23129361132268,4.225300848925093,47.5537002274401,1.9601427076001645,14.787044348163915,27,27,0,6.68,"[1642.617310326337, 358.8053311287483, -101.07039465659196]","[-47.085066894340144, 6.500819740834174, -1.4457605520734345]"
Optical_A-T0032,Optical_B-T0057,False,time_delta|reprojection,4.5713768742233025,48.57598668538147,130.537431880827,3.612477387573241,39.33626676037787,2.8788468252222543,21.942739455173164,25,25,0,6.32,"[1404.9182844562322, 148.35915255487308, -100.29138640259113]","[-38.817160529314314, 6.249775169616697, -1.2289187989016264]"
Optical_A-T0032,Optical_B-T0060,False,time_delta|reprojection,6.552643819717668,77.4063019721383,190.8177903073186,5.396365506245076,44.92464401154346,3.3025025760277784,29.19326871892126,24,24,0,6.005000000000001,"[1355.741113772418, 96.15469902511593, -93.5864483420473]","[-44.91200426464198, 0.32056648334391014, 1.0162428973649673]"
Optical_A-T0032,Optical_B-T0061,False,time_delta|reprojection|speed|not_inbound,6.2582930183649665,70.72320586054306,154.36381757877066,4.632437697782917,26.475865926656915,3.4900001723997853,56.05979468530394,21,21,0,5.315000659463712,"[1302.927702830207, 32.30583258998971, -99.40454682686953]","[-20.926393723956345, 16.17315485347946, -1.2192556588537413]"
Optical_A-T0033,Optical_B-T0002,False,reprojection|speed,5.986906551101286,125.34146416369926,150.33036814521557,7.5177441834588805,32.80683903363947,0.16085116120021103,5.264569055401918,48,48,0,5.999150184664191,"[1132.9545359354702, -99.67321043788203, -95.38664628379144]","[-32.79879277233293, -0.7263384227343774, 0.017679150172581648]"
Optical_A-T0033,Optical_B-T0004,False,reprojection|speed,5.986182634776481,128.184760201011,316.2059370815947,8.12168259647172,33.91335483702199,0.1449997222985302,5.410875337913444,48,48,0,6.0,"[1192.415158426087, -52.20091673956034, -93.99738284810896]","[-33.912594099515054, -0.22400879854028144, 0.03765370467702828]"
Optical_A-T0033,Optical_B-T0007,False,reprojection,5.95429546448297,124.60121304391768,194.4477630882514,7.815022101606224,36.062485762425666,0.1425015611151461,5.463994834662576,48,48,0,5.997500138099231,"[1212.3365738796876, -36.87888300431853, -94.6437243789483]","[-36.03057727548153, -1.5156832443574866, 0.05554154735121089]"
Optical_A-T0033,Optical_B-T0009,False,time_delta|reprojection|speed,6.9033202619377425,83.08209656879329,204.6830201078246,5.52109384363062,28.257582623261083,2.505000437246394,41.78898558601469,29,29,0,4.69,"[1265.7970927374665, -28.095477992388446, -89.8259837737551]","[-27.689195724424636, 5.5761896635463994, 0.8399551661187085]"
Optical_A-T0033,Optical_B-T0012,False,reprojection|speed,6.056265162169843,161.08868819595708,272.51681074679817,11.062099466451862,33.64579654194646,0.10199094430841571,6.154229891805407,40,40,0,4.999491163960469,"[1390.842918902083, 76.51778729161614, -95.2201450064399]","[-33.402099945483364, 3.8627857816917697, 1.1908946967539609]"
Optical_A-T0033,Optical_B-T0013,False,reprojection,6.0143840407479345,171.05706679900436,208.31771890260046,11.36397774464856,39.10988049144412,0.11000256553764176,5.820743265109951,48,48,0,6.000001571632307,"[1341.6661165708445, 66.21380169194433, -96.96937387027033]","[-39.09440252248474, -1.0975211322236502, 0.07675173811119662]"
Optical_A-T0033,Optical_B-T0014,False,reprojection|inlier_ratio,0.6670665573211546,6.937948078792068,18.30035863457045,0.48665517372977846,39.20157392812457,0.09500124787420017,6.30735046327408,35,28,7,4.3100000000000005,"[1434.1721072974485, 87.57772029263865, -85.52170929976185]","[-39.19344898553474, -0.795932737004378, 0.05870382156571138]"
Optical_A-T0033,Optical_B-T0015,False,reprojection,5.912293981670535,99.49004041240072,127.04623670320282,6.919131329677278,35.01021369868594,0.09000110249583271,6.105626048577658,48,48,0,6.0000014116570295,"[1438.1225769185755, 144.7168491808945, -91.36362151017606]","[-34.69857938537618, 4.660361975259558, 0.06839681248877716]"
Optical_A-T0033,Optical_B-T0016,False,reprojection,5.991346963819484,139.53096207553074,243.15987964690817,9.948127081568742,35.73634209463507,0.08000000000000007,6.627134510127425,39,39,0,4.7700000000000005,"[1473.7780612504935, 133.41736279585197, -93.51567010755761]","[-35.51179726447237, 3.8142958867867236, 1.2039718600702116]"
Optical_A-T0033,Optical_B-T0017,False,reprojection,5.938858012027318,154.74509373453915,264.10494588149294,10.823456109550769,44.32771101117154,0.09500010556828231,6.230327633750482,40,40,0,4.997499679691087,"[1422.9397407358117, 98.8885804468519, -94.86320662246493]","[-44.10469473528585, -4.302774107178564, 1.0990908878618086]"
Optical_A-T0033,Optical_B-T0018,False,reprojection,5.8472783442709595,102.92851546239164,175.23194064420667,7.4511135885226105,42.37572749826396,0.07500300577013608,6.310397211692808,41,41,0,5.24,"[1511.5019584351323, 176.15569835056039, -90.77308721519788]","[-42.3656933131408, -0.6017727205568235, 0.6986992892619249]"
Optical_A-T0033,Optical_B-T0020,False,reprojection,5.83994262104574,125.31285321747055,216.54442180393212,8.802153255031238,52.08964627562717,0.0900004771965679,6.287901982996606,40,40,0,4.99750069684862,"[1445.8863522049107, 115.00725444009606, -92.03486749666457]","[-51.18727282228346, -9.637096188943772, 0.5663278044787949]"
Optical_A-T0033,Optical_B-T0021,False,reprojection,5.915785577522921,111.19391095620979,149.46446257810086,7.94553186687322,37.00573967241087,0.07500144483565085,6.2820829387275,48,48,0,6.0,"[1492.9580014153198, 188.18158315235485, -91.81762032172692]","[-36.76121993049313, 4.24569525577205, 0.10746962023307982]"
Optical_A-T0033,Optical_B-T0022,False,reprojection,5.999856384666004,155.4124157298258,191.5154389743856,11.416142140438362,38.2791677417793,0.060001294363882796,6.5020762039609785,48,48,0,6.000001533702828,"[1558.677502798412, 240.6705666438678, -94.65233364202955]","[-37.98272778053129, 4.754118031514938, 0.07372310192649922]"
Optical_A-T0033,Optical_B-T0023,False,reprojection,6.022889570829402,166.9957756575271,206.32672066746457,12.349378953110872,38.77987345338537,0.06000147301124015,6.553842814026306,48,48,0,6.0000016182346325,"[1573.718993039984, 252.6310153409444, -95.43750550980378]","[-38.49605164634991, 4.682654980809591, 0.07304130915156579]"
Optical_A-T0033,Optical_B-T0024,False,reprojection,5.7779225865868264,96.81456215189321,301.3573703264773,6.277458963378949,46.16250446021988,0.08250167999796654,6.27829593871088,48,48,0,5.997501957699437,"[1488.3030722168562, 181.82273029617545, -87.52793470051247]","[-46.03118650414828, -3.4674682902917127, -0.2887052406150781]"
Optical_A-T0033,Optical_B-T0025,True,,0.11421714204296118,0.9116628525593847,3.5996091625025293,0.0694208739981791,49.99532484767864,0.07499972229852991,6.112514414722418,48,46,2,6.0,"[1499.9603703833661, 190.28110389871733, -84.06984452246395]","[-49.633742041638655, -6.0020127922078075, 0.00010563437435617828]"
Optical_A-T0033,Optical_B-T0026,False,reprojection,5.947074761217927,140.7467238101221,175.57738949172483,10.49691496140672,40.559739556705864,0.05499972229853034,6.6250283869767586,48,48,0,6.0,"[1593.7901874727384, 268.1703446665549, -93.37808457398185]","[-40.3992859099404, 3.6036647777685076, 0.061408828124146386]"
Optical_A-T0033,Optical_B-T0027,False,reprojection,2.640459939915759,36.10410283991333,61.94493518557873,2.689368375901842,45.77146232996378,0.05000342767829746,6.710860766834928,48,48,0,6.000001633656483,"[1616.8281299687906, 285.09941384073977, -85.11544836967823]","[-45.7708525320046, -0.23621535452205222, 0.004962163795658725]"
Optical_A-T0033,Optical_B-T0028,False,reprojection,6.028737605564443,202.83164808540215,253.13841675430064,15.374468028110465,46.662338155134215,0.04750212539575838,6.761930239198608,48,48,0,5.997499319439893,"[1630.770692164288, 296.2211519719107, -97.97019607670548]","[-46.657930915237216, -0.6369115492579098, 0.07502327283944243]"
Optical_A-T0033,Optical_B-T0029,False,reprojection,4.584152113635699,63.793319275667656,85.42690051439291,4.715535560768578,48.21047165147627,0.057501975899928226,6.605809025142667,48,48,0,5.9974994689357235,"[1585.5978590729194, 259.31583850797006, -87.78785459606426]","[-48.12604876357392, -2.8518219811050116, 0.010892749359570741]"
Optical_A-T0033,Optical_B-T0030,False,reprojection,6.066047183950128,199.00976871678284,251.73968545540325,15.369429658664988,42.55274401072329,0.04000202068909786,6.906498411010043,48,48,0,6.000001760460995,"[1672.4820322986234, 330.9496674332049, -97.44426079894625]","[-42.38302005727607, 3.796445895870299, 0.051305227909175466]"
Optical_A-T0033,Optical_B-T0031,False,reprojection,5.919674927850271,131.69919026082832,167.3786949416461,10.4514093456669,41.95160185249107,0.030001481430340426,7.109417570602161,48,48,0,6.0000013750446985,"[1727.981543222158, 375.5441180549208, -91.81260053574856]","[-41.55974505626915, 5.719890827170817, 0.08566080254042086]"
Optical_A-T0033,Optical_B-T0032,False,reprojection,5.911718989801581,127.17814897103378,240.89031119563063,10.43175338178268,42.65962873810891,0.02499835607544032,10.69251369851432,35,35,0,4.3100000000000005,"[1763.489612615338, 339.1922116730513, -90.95248521614116]","[-42.42151372309914, 4.182707575678194, 1.6625446912979838]"
Optical_A-T0033,Optical_B-T0033,False,reprojection,5.853681021853411,128.87378412742314,162.60508590104496,9.933598001842904,52.51721188639369,0.04000064676369064,6.919124802543249,48,48,0,6.000002136772721,"[1672.833794479635, 328.3522869224897, -92.1384892727073]","[-52.343448522212384, -4.268561405309384, 0.018018101344068338]"
Optical_A-T0033,Optical_B-T0034,False,reprojection,5.8330443302382875,104.17036019773714,132.50881692028213,8.182939105131265,43.8032214010681,0.030000945553474434,7.031239082603191,48,48,0,6.002500372433683,"[1706.6975677254634, 357.94264914358956, -89.80461013726242]","[-43.65968119756434, 3.5424734093280748, 0.07297247591234801]"
Optical_A-T0033,Optical_B-T0035,False,reprojection,3.6174384828928363,49.6945111573644,78.49173273689496,4.01843706471455,44.2802253273972,0.025001444835651032,7.163755899221156,48,48,0,6.0,"[1741.9738780518694, 385.99066632183184, -85.00309958714664]","[-44.10035043622446, 3.9861075637943735, 0.09161297466170071]"
Optical_A-T0033,Optical_B-T0036,False,reprojection,4.117986878987925,56.448195547196335,76.26930194989076,4.3900216213766585,57.74570725079826,0.03499956069589416,6.938645340420691,47,47,0,5.72,"[1703.412297286721, 340.84165095419706, -86.38185739014271]","[-57.2085546200538, -7.8578652136385685, 0.04402798547410214]"
Optical_A-T0033,Optical_B-T0037,False,reprojection,5.843929214083417,118.8468901753666,158.83339890189717,9.767313445123216,52.99974250860106,0.01999931009267275,7.4648046643979615,48,48,0,6.000001753893546,"[1818.0278565947544, 444.693949431052, -90.34529168702217]","[-52.97904906768969, -1.4804109930743863, 0.03806774128788004]"
Optical_A-T0033,Optical_B-T0038,False,time_delta|reprojection,6.85879155926654,138.41766379243256,287.67930326349955,12.359527985113374,56.362712032077695,1.8100000000000005,35.504872007624655,30,30,0,4.5,"[1887.2051775236703, 438.41732218814195, -89.20680104307853]","[-56.15316801103515, -4.415395819085404, 2.0202251597725396]"
Optical_A-T0033,Optical_B-T0039,False,inlier_ratio,0.6092131922332354,7.2017792647652765,14.880770748167151,0.5520226473635204,44.70582253709106,0.025003005770136255,8.911105616319604,47,28,19,6.29,"[1725.389596808365, 383.6226368418529, -81.82030837853127]","[-44.56263063662353, 3.574279868310839, 0.08392189659687954]"
Optical_A-T0033,Optical_B-T0040,False,reprojection,6.0329189951580675,196.4197261200922,224.0783964317747,13.611187420005521,43.011671698992224,0.0899999464868344,5.970480776428347,47,47,0,6.224999937414331,"[1429.6558943825298, 143.15393138330774, -98.00792437121589]","[-42.964974911205005, -2.0009529245751025, -0.10497911719633857]"
Optical_A-T0033,Optical_B-T0042,False,reprojection,5.934431625798554,135.71690063348086,161.0293685296842,8.517775260064175,40.02405614092333,0.14000211108221006,5.38306853589416,47,47,0,6.175000680828082,"[1220.9784275000477, -26.049469357677808, -95.30182032819066]","[-39.7983475700618, -4.2436746657442335, -0.08846465768185324]"
Optical_A-T0033,Optical_B-T0043,False,reprojection,3.5850678664374573,49.25104282393019,68.11429076885138,3.081141254767309,47.24915884402095,0.14000077031670788,5.361064526541418,47,47,0,6.1750030903208915,"[1209.605777045755, -37.00479541144779, -89.87018538408871]","[-46.252382134483234, -9.653872953060837, -0.053808544108973844]"
Optical_A-T0033,Optical_B-T0044,False,reprojection,6.024651421367672,190.02673467351013,239.09962898568256,11.812548104598644,41.357187081918966,0.14999944244822716,5.1023497637520006,44,44,0,5.76000094744297,"[1191.1182984526392, -61.470498239817346, -98.27259410623122]","[-40.89151884782658, -6.1829189551015205, 0.26855696106189064]"
Optical_A-T0033,Optical_B-T0045,False,reprojection,5.910771633367188,110.85424535302005,135.27835686746954,6.694621686952759,37.90134408318792,0.1600021998762804,5.19548257017059,47,47,0,6.155000139841975,"[1144.7107811830624, -87.5285419513069, -94.33881014584082]","[-37.65953958709242, -4.273849969530332, -0.0718876788374399]"
Optical_A-T0033,Optical_B-T0046,False,reprojection|speed,3.2207211376644134,42.13943796049135,81.94242567622662,2.5118054185048417,34.94624306896472,0.17793268437351717,5.036586606720639,47,47,0,6.137067199527649,"[1074.6412325381762, -143.66852756604192, -90.53859697466751]","[-34.76888748418082, -3.5162889745505232, 0.008921602593192496]"
Optical_A-T0033,Optical_B-T0047,False,reprojection,5.364198524631238,73.34132888496407,167.30648817269199,5.388761307735321,38.91375684819278,0.07500213993833427,9.046192927024846,34,34,0,4.7275010699691675,"[1509.854490967305, 159.16392255636936, -88.42216112462226]","[-38.86494309957341, 1.8016114923097746, 0.7422034343557922]"
Optical_A-T0033,Optical_B-T0048,False,reprojection,5.882119771315582,91.55402554888802,115.4073845335464,5.562900424886368,37.79512404101777,0.16854736369938816,5.162087601936048,45,45,0,6.314999883901166,"[1158.6356951988903, -72.03938185226114, -92.62035883682289]","[-37.60836103008516, -3.748555167016068, -0.17582965201728906]"
Optical_A-T0033,Optical_B-T0049,False,reprojection,2.41468020867477,31.291051289015698,54.830558958672874,1.7643182615849597,39.74790261339291,0.1985481421800035,4.962119056314617,45,45,0,6.314999883901166,"[1050.3877944796498, -160.06624744555435, -87.20669225403884]","[-39.056453030972534, -7.3815498436000695, 0.04427990120919742]"
Optical_A-T0033,Optical_B-T0050,False,reprojection,5.912144161948938,132.72495383670463,193.29641439268184,7.951701553187543,42.28560923547366,0.17500020935468985,5.199100858104215,43,43,0,6.68,"[1146.9554391868028, -72.79704970222363, -94.78887220110532]","[-41.70479143720853, -6.960641684865429, -0.5767035018332661]"
Optical_A-T0033,Optical_B-T0051,False,reprojection,6.082018644197968,214.00888883699318,315.0993875886284,16.881805517413568,54.727632056324396,0.034659862716715395,7.527627849436093,41,41,0,6.7,"[1769.2188913234359, 433.8711723185549, -95.43642244469218]","[-54.62645695421044, -3.011478828090901, -1.4124115512767537]"
Optical_A-T0033,Optical_B-T0054,False,reprojection,5.881905522502739,94.16389674327593,181.44983704935885,6.2342925527173225,38.00839838401209,0.12500133019282877,9.926706312147006,35,35,0,7.674999790645311,"[1397.822902584167, 166.81236431220066, -89.26118024794107]","[-37.91010287269733, 2.5984943686324584, -0.8427780938441963]"
Optical_A-T0033,Optical_B-T0056,False,reprojection,5.937695658102967,143.79100316812915,246.65468724052292,10.52991150336127,42.95773788244565,0.0750033625990465,12.880147668710467,34,34,0,7.700001647573805,"[1621.8425151581882, 355.1740619764365, -90.326047743492]","[-42.744209529528106, 4.016452368338491, -1.472381080282048]"
Optical_A-T0033,Optical_B-T0057,False,time_delta|reprojection,6.080381459523693,131.31002407623075,231.43424534147962,8.55440636321502,36.277811431565105,0.34250117263801805,16.677990799147945,32,32,0,7.947499895322656,"[1362.5409657374323, 146.78334564161014, -91.3224738358507]","[-36.09491297852286, 3.422859158569608, -1.2332455220490361]"
Optical_A-T0033,Optical_B-T0060,False,time_delta,1.1591187843571216,6.948654358267671,13.339834046022828,0.46796444280650057,42.074784521863464,1.1300031151143237,21.49626939045813,31,27,4,7.674999790645311,"[1300.693148611553, 83.6056478728563, -85.10560427382178]","[-41.97400895368264, -2.908677395634342, 0.09828898990397572]"
Optical_A-T0033,Optical_B-T0061,False,time_delta|reprojection|speed,6.905326917672216,133.7856087654084,324.56017367020814,8.41085467085103,26.883252384348314,1.803226740892459,41.460494298459054,28,28,0,7.001774090971038,"[1295.094057846673, 62.51156323991503, -89.31044689903389]","[-25.025201221973376, 9.800900741739007, -0.6252257279505711]"
Optical_A-T0034,Optical_B-T0002,False,reprojection,5.8920100696580375,85.39562770194216,104.29048453649452,5.100555393186742,35.04882347022993,0.16092291021004446,5.267626778469444,48,48,0,5.999150184664191,"[1133.0801319403204, -98.96107465159247, -98.07112946565042]","[-35.01733824452927, 1.4769827129916457, 0.15675133521564832]"
Optical_A-T0034,Optical_B-T0004,False,reprojection,5.899970860513736,94.10850599860149,288.5651318484742,6.082566092723237,36.42110528364817,0.14507154385600352,5.414180012453469,48,48,0,6.0,"[1192.517260503751, -51.4799848809492, -96.82388825572798]","[-36.365694880705725, 2.0002317379212817, 0.17949629692611258]"
Optical_A-T0034,Optical_B-T0007,False,reprojection,5.853950204756755,84.45434156618524,155.13554801528127,5.305434741160225,38.57220925417212,0.14257331012497954,5.467741827077876,48,48,0,5.997500138099231,"[1212.5327825374134, -36.1664493360693, -97.51848284448907]","[-38.56513650727824, 0.7092725604955334, 0.2061682748744197]"
Optical_A-T0034,Optical_B-T0009,False,time_delta|reprojection|speed,5.5960372265469855,62.00503337638873,147.66853495600242,4.124241085209681,31.0658326411656,2.505000437246394,40.717589724370164,29,29,0,4.69,"[1270.6071090023488, -28.935295213159016, -94.58211871751871]","[-29.971555864750734, 8.139886125014707, 0.7307876619299228]"
Optical_A-T0034,Optical_B-T0012,False,reprojection,5.9317703422236985,117.90008834581823,207.99188237815105,8.098473999604089,37.204054594297965,0.10199093245070756,6.15029795932615,40,40,0,4.999491163960469,"[1393.8010552634184, 74.87539929616617, -99.07778770694377]","[-36.701421325254174, 5.99499368672511, 1.098818300633813]"
Optical_A-T0034,Optical_B-T0013,False,reprojection,5.8967975957872785,128.19511586136244,179.90456271361822,8.48036280025858,42.22162782731965,0.1100729045178035,5.825363408600584,48,48,0,6.000001571632307,"[1341.8890539585834, 66.93109546993097, -100.14950128513446]","[-42.2060709774135, 1.119022197286391, 0.2474234431226615]"
Optical_A-T0034,Optical_B-T0014,False,reprojection,3.9474239281245764,53.802349460267195,166.88896118993853,3.98432728492423,42.82845527676974,0.0900539566392391,9.532628988208813,35,35,0,4.305052708765039,"[1439.3327806132818, 84.52002426658042, -89.82488788568128]","[-42.80854100894537, 1.3006873916924349, -0.11666357100854219]"
Optical_A-T0034,Optical_B-T0015,False,reprojection,4.284176208424987,58.111229723937875,111.08802113247408,4.105011139874071,38.898248608614935,0.09007292405330602,6.109256807087872,48,48,0,6.0000014116570295,"[1437.9039771407433, 145.37662656510093, -94.77241083868897]","[-38.29226205994439, 6.835869635140692, 0.2174798416371002]"
Optical_A-T0034,Optical_B-T0016,False,reprojection,5.8617449252796305,96.82203975877628,175.1517056979878,6.9245021310804,39.625361497408996,0.08000000000000007,6.623356107597349,39,39,0,4.7700000000000005,"[1477.9098315499964, 131.28717354587914, -97.65451872471913]","[-39.16686778226699, 5.9132291512136845, 1.0767836049994868]"
Optical_A-T0034,Optical_B-T0017,False,reprojection,5.81890585551433,113.42871714309258,200.25823859297708,7.922616247460952,47.620194403206455,0.09500009371057416,6.2278941319613415,40,40,0,4.997499679691087,"[1426.441745634235, 97.16391530414589, -98.79500594207819]","[-47.55621356359643, -2.235624667552756, 1.0447242883230596]"
Optical_A-T0034,Optical_B-T0018,False,reprojection,4.507759455148955,62.340996883298345,111.00842030498998,4.578245008786378,46.303100793590126,0.07500283695943999,6.307433627600857,41,41,0,5.24,"[1514.3648513178232, 175.01125920721753, -94.88028481001339]","[-46.27583365467605, 1.4518223586880197, 0.6454258322471051]"
Optical_A-T0034,Optical_B-T0020,False,reprojection,5.806114970462729,93.73588067967017,172.48412584524675,6.6162824014274255,55.26461051316118,0.09000046533885975,6.28655688229156,40,40,0,4.99750069684862,"[1449.7359726141167, 113.24605284787421, -96.00396395427073]","[-54.73581150276334, -7.608322055285214, 0.5306126726960938]"
Optical_A-T0034,Optical_B-T0021,False,reprojection,4.941682289550111,67.76158741894322,100.06372873519784,4.895622308135011,41.13119609437345,0.07507319384548428,6.2861963478222025,48,48,0,6.0,"[1492.7823285240993, 188.8242088526232, -95.357570004087]","[-40.63079666398207, 6.390831152362816, 0.2663302197162767]"
Optical_A-T0034,Optical_B-T0022,False,reprojection,5.8527445932416216,109.01297926686435,149.13401709530785,8.003559838503678,42.756490170321364,0.060071671273524085,6.5065254408155635,48,48,0,6.000001533702828,"[1558.505238453304, 241.2812839679391, -98.34420465974482]","[-42.203736839505694, 6.848452796514856, 0.24646046426351642]"
Optical_A-T0034,Optical_B-T0023,False,reprojection,5.873057240528307,120.12975347056855,163.54594568367827,8.870583559433706,43.33069181193551,0.060073294568713465,6.558437231557519,48,48,0,6.0000016182346325,"[1573.565366470373, 253.2367292146725, -99.16437576677448]","[-42.79873969645365, 6.764181014575717, 0.25017693377017336]"
Optical_A-T0034,Optical_B-T0024,False,reprojection,5.74166405094414,95.7231401935555,313.1687172023671,6.30206429224528,49.862730154475095,0.08250179698197124,6.284663344390397,48,48,0,5.997501957699437,"[1488.6645350243973, 182.53248960270173, -91.05297823415327]","[-49.84521684594398, -1.3166008749060225, -0.11304059013768952]"
Optical_A-T0034,Optical_B-T0025,False,reprojection,4.417771752116683,61.00986397098854,158.74082067449262,4.560237458575049,53.898583799291536,0.07507154385600323,6.326880542484262,48,48,0,6.0,"[1500.0100698327908, 190.56367486388865, -87.85386178055003]","[-53.74636953029162, -4.047153895770535, 0.07512141201019285]"
Optical_A-T0034,Optical_B-T0026,False,reprojection,5.798156063542064,94.5738763439394,131.95106094537647,7.0656263464344455,45.16174885835104,0.05507154385600366,6.630086345208625,48,48,0,6.0,"[1593.7043601749285, 268.7803706258195, -97.1549548007166]","[-44.803737420574635, 5.670223318231628, 0.23925010836772276]"
Optical_A-T0034,Optical_B-T0027,False,reprojection,2.8079718347652,38.86615654903045,140.9361050520742,3.2480984327828937,50.31038979796735,0.05007370463428362,6.717218866801752,48,48,0,6.000001633656483,"[1616.9568434128478, 285.7460763982882, -88.95548083588321]","[-50.27733679197087, 1.814903756857106, 0.17564476506872007]"
Optical_A-T0034,Optical_B-T0028,False,reprojection,5.900391964945897,155.9766562517999,214.83443807619037,11.782807045984827,51.27392767829805,0.0475738744055918,6.76897899527402,48,48,0,5.997499319439893,"[1631.1204937316431, 296.8838251004428, -101.83517993801503]","[-51.254033396543065, 1.3993404594281742, 0.28559836132986494]"
Optical_A-T0034,Optical_B-T0029,False,reprojection,2.6195344925986888,35.90858984107764,109.05653922257328,2.9079013034446257,52.45401239823368,0.05757372490976165,6.612919541343842,48,48,0,5.9974994689357235,"[1585.9725988171908, 260.00762033908114, -91.5531487028234]","[-52.448058735262975, -0.7659173763555529, 0.1947361010557871]"
Optical_A-T0034,Optical_B-T0030,False,reprojection,5.902928456560478,150.7823288318484,206.83692034726545,11.609465037122082,47.58876058742498,0.04007384224657118,6.912182813078891,48,48,0,6.000001760460995,"[1672.460005546124, 331.5270994526897, -101.40366396265657]","[-47.23576728738328, 5.780103471487969, 0.2506529040670066]"
Optical_A-T0034,Optical_B-T0031,False,reprojection,5.755539219175214,85.00516369724663,122.51694065310836,6.7828136610034315,47.36337031149725,0.030073302987813744,7.1145736131557635,48,48,0,6.0000013750446985,"[1727.7267279445362, 376.04301818141505, -95.90872953539831]","[-46.74398098312986, 7.630008795526729, 0.26843042487494584]"
Optical_A-T0034,Optical_B-T0032,False,reprojection,5.759183413900014,86.11137754359662,164.5078559462955,7.150971485361983,47.82107713135182,0.02005106484047925,10.645367495634945,35,35,0,4.305052708765039,"[1772.118162571054, 336.4879767060445, -96.32639072757412]","[-47.40359122055446, 6.1403872785194835, 1.431992132334777]"
Optical_A-T0034,Optical_B-T0033,False,reprojection,5.800881981367189,85.30561814871899,122.39522723615346,6.612635866557559,57.19593268294205,0.040072468321163957,6.927675719909646,48,48,0,6.000002136772721,"[1673.4247356498263, 329.0622732494691, -96.10822852964499]","[-57.15051320406559, -2.267314985634968, 0.22986678637597358]"
Optical_A-T0034,Optical_B-T0034,False,reprojection,4.28495753064282,59.71676447881748,100.32955035729113,4.798600474801321,49.01207977874746,0.03000084929041824,7.036983452571655,48,48,0,6.002500372433683,"[1706.5872024615544, 358.49813753062574, -93.85320820163473]","[-48.7033081851427, 5.486968501535447, 0.25477975680118137]"
Optical_A-T0034,Optical_B-T0035,True,,0.07140162318455304,0.6490690619387252,3.1928782542824568,0.04960029910843249,50.00874170764051,0.025073193845484454,7.0245985488172975,48,46,2,6.0,"[1742.498399673748, 386.278061091195, -88.57345359135608]","[-49.64745776832592, 6.000348683401654, -3.738985183954213e-05]"
Optical_A-T0034,Optical_B-T0036,False,reprojection,2.6618637638038756,35.13604857142953,109.26138720154327,3.145719383255409,62.386158581875755,0.03499953698047786,6.95343015906837,47,47,0,5.72,"[1705.5485781792495, 340.9909692547723, -90.50274460007876]","[-62.10694477905872, -5.891480200521414, 0.22506412589434976]"
Optical_A-T0034,Optical_B-T0037,False,reprojection,5.442690528965785,74.89029005672053,122.05618695479366,6.210742879112164,58.67414933393829,0.02000023340345669,7.47369365319564,48,48,0,6.000001753893546,"[1818.4397212800593, 445.30211546665447, -94.66003851333217]","[-58.672730491998095, 0.3201916816355208, 0.2529307447885061]"
Optical_A-T0034,Optical_B-T0038,False,time_delta|reprojection,6.81388290459632,104.75232946073473,208.07020201993294,9.46989986345449,60.67667829047519,1.80752635438252,34.7117003227667,30,30,0,4.49752635438252,"[1901.0326709035353, 440.13740380966976, -95.99396520729921]","[-60.628625686300694, -1.4962306518791593, 1.8948165063245543]"
Optical_A-T0034,Optical_B-T0039,False,reprojection,3.9993537042588256,55.75393238554694,162.8838894515251,4.762441810644338,50.02786608449585,0.02514355073152874,6.978675068840225,47,47,0,6.29,"[1723.266232952091, 384.72110189410745, -85.86517168353849]","[-49.72655379091083, 5.472661620301494, 0.3274260795666324]"
Optical_A-T0034,Optical_B-T0040,False,reprojection,5.904092443624897,151.6334580348922,192.0629976023846,10.482862318308957,46.51679571064693,0.09014361331719734,5.973349993344103,47,47,0,6.224999937414331,"[1429.1398508668997, 144.32766771564195, -101.46336521202375]","[-46.5161671387627, 0.2022315230197762, 0.13259078343449981]"
Optical_A-T0034,Optical_B-T0042,False,reprojection,5.835500343252438,96.01991884854299,114.51993294419742,6.014633090147275,42.4151062073055,0.14014286990344704,5.386147141917,47,47,0,6.175000680828082,"[1220.8391145771948, -24.979789713005804, -98.26414635161657]","[-42.3678714253372, -1.9977547029145857, 0.11696841489766953]"
Optical_A-T0034,Optical_B-T0043,False,reprojection,2.9806022337646025,40.9568441281796,115.15394058863508,2.6229687636390393,49.30597171181818,0.14014046041063732,5.365002349287567,47,47,0,6.1750030903208915,"[1209.754788861632, -35.95802108282675, -92.81631239027818]","[-48.74710255038556, -7.4009141711678375, 0.1590874596411495]"
Optical_A-T0034,Optical_B-T0044,False,reprojection,5.925987442978873,149.36990752512324,198.21616643301857,9.245187898710565,43.525377917129354,0.15007126400570048,5.105005976762386,44,44,0,5.760000959300679,"[1192.0111029971026, -61.454827773044016, -101.33650253841178]","[-43.33909358231806, -4.00140036949368, 0.41265648550032524]"
Optical_A-T0034,Optical_B-T0045,False,reprojection,5.412468376356209,74.02668854463218,94.64701764261412,4.459149317159299,39.96609632884401,0.16014341088955408,5.198348354693912,47,47,0,6.155000139841975,"[1144.636497232324, -86.51930455076979, -97.11963633052521]","[-39.91353464775703, -2.0455610589370234, 0.11953092862561221]"
Optical_A-T0034,Optical_B-T0046,False,reprojection|inlier_ratio,0.8653922630958896,8.65008129541572,16.521185459402012,0.4900392878236056,36.86314815789602,0.1780763512038801,4.310604250522159,47,21,26,6.137067199527649,"[1074.2858368583152, -142.12150349209443, -92.84785466764977]","[-36.839659282311686, -1.3157492163570979, 0.00027172548800113994]"
Optical_A-T0034,Optical_B-T0047,False,reprojection,3.197406668523641,43.279901892350296,106.43118935086977,3.3358326223159636,42.75930841905028,0.07500213993833427,9.004008951970109,34,34,0,4.7275010699691675,"[1514.4508459800008, 157.00452615655126, -93.26299600982247]","[-42.57021164515524, 3.9621048306327964, 0.6612580988007818]"
Optical_A-T0034,Optical_B-T0048,False,reprojection,4.234875018073867,57.236123014699295,87.69722945858244,3.5057014508437785,39.91943745821292,0.1700015047422374,5.165723541186346,45,45,0,6.315143550731529,"[1158.029355842365, -70.73651112927891, -95.59364082191658]","[-39.89212750397918, -1.4730986413600107, 0.09813551479148848]"
Optical_A-T0034,Optical_B-T0049,False,time_delta|reprojection,5.818589290973297,79.77787019222319,159.81652901593225,4.583257006124906,41.233708639974225,0.20000228322285274,4.96496268694662,45,45,0,6.315143550731529,"[1050.0302431062455, -158.8419190687206, -89.9200243567489]","[-40.91012580133413, -5.146868846325432, 0.3001269798349544]"
Optical_A-T0034,Optical_B-T0050,False,reprojection,5.830479999547321,97.48072506884048,140.63732704659546,5.857332833027919,44.16917056873164,0.17499927372315316,5.201955953528039,43,43,0,6.68,"[1145.5656188454784, -70.77365367100435, -97.84926430781951]","[-43.92586036014869, -4.6255336163335485, -0.19712715336899153]"
Optical_A-T0034,Optical_B-T0051,False,reprojection,6.03082001657031,168.87465220186238,228.61454341569268,13.384892690699294,60.01003220443426,0.03640930198912784,7.541557121345177,41,41,0,6.7,"[1765.4014465261127, 435.46617296099464, -100.43561967845058]","[-59.99704552979793, -1.0063198498257293, -0.7387917382039744]"
Optical_A-T0034,Optical_B-T0054,False,reprojection,4.945109627891546,67.5575236058343,140.70485237511002,4.649055228887372,41.53527073043305,0.12790796182894404,9.921011683784348,35,35,0,7.675000726276847,"[1390.9069555738051, 170.66892562563027, -93.58318951670783]","[-41.22727938265981, 5.045723926371693, -0.17555458786921302]"
Optical_A-T0034,Optical_B-T0056,False,reprojection,5.819109085977188,108.946415119529,169.1075661704302,8.14096575482325,47.64858607806725,0.07500022163510778,12.860831956611069,34,34,0,7.700002115389573,"[1612.366291813498, 358.4205343694765, -95.45827899846276]","[-47.22143872088887, 6.327769614998488, -0.6948467944976835]"
Optical_A-T0034,Optical_B-T0057,False,time_delta|reprojection,5.995091521460025,102.17594252948383,164.1344876555774,6.794426021621938,39.52368393066113,0.34249946167690926,16.583184872514952,32,32,0,7.947500363138424,"[1354.3946756317246, 150.91227288321423, -95.79187728570452]","[-39.056415647477934, 6.0312059284242565, -0.5852719634335456]"
Optical_A-T0034,Optical_B-T0060,False,time_delta|reprojection,4.052428984493288,48.23783364343441,95.69347686594853,3.2872933583594888,44.4395773074293,1.130002179482787,22.29997248254517,31,31,0,7.675000726276847,"[1293.172104413442, 86.90008303907642, -89.82251783331841]","[-44.434017710567176, 0.015696721283958937, 0.7027481575420739]"
Optical_A-T0034,Optical_B-T0061,False,time_delta|reprojection|speed,6.83322299629928,111.04295134179891,265.1317821190937,7.049996660246358,29.949269820233543,1.8024996703710343,39.561865369630134,28,28,0,7.002501161492463,"[1289.0843601620788, 63.72630413031648, -94.44723719236674]","[-27.128048042971795, 12.688361710245289, -0.1823437779227164]"
Optical_A-T0039,Optical_B-T0002,False,time_delta|speed|inlier_ratio,0.4267029267989132,1.7576146922123637,4.228259408329124,0.09969003103906218,33.421122722357424,0.20835063299326828,9.253445122784044,48,28,20,5.999150184664191,"[984.2515301883534, 46.386724618663834, -102.44443526532501]","[-33.17963311099271, 4.010409130226182, -0.0030415440484029424]"
Optical_A-T0039,Optical_B-T0004,False,reprojection|speed,5.083639602520698,68.43074141433424,267.4100707634831,4.0695396255496545,34.80449943423707,0.19250104669040935,4.9975022839600705,48,48,0,6.0,"[1028.829798588367, 93.82557447107007, -101.55685198435276]","[-34.51224775029749, 4.500880747945233, -0.0029296195393279448]"
Optical_A-T0039,Optical_B-T0007,False,inlier_ratio,0.7980402803842508,7.550751191001093,13.910486655240854,0.42874990067417545,36.41249625839304,0.1899994431937544,7.914868994874899,48,25,23,5.997500138099231,"[1044.0603121617348, 109.37486910377433, -101.8483550747931]","[-36.27965608678924, 3.1074789643524667, -0.003532405807877663]"
Optical_A-T0039,Optical_B-T0009,False,time_delta|reprojection|speed,5.787517300234422,65.23201282756744,144.26965238128327,3.9556513172105445,33.554920592112815,2.4600005657926407,37.643221181883874,29,29,0,4.645000128546247,"[1087.521390705531, 100.62547393584529, -102.30271763711897]","[-32.848742831431316, 6.847098336729019, -0.10017337295476247]"
Optical_A-T0039,Optical_B-T0012,False,reprojection,4.362751969642992,58.68495297320656,115.81485735848743,3.7823170851078824,36.704887726777564,0.14449063785158112,5.749629788420143,40,40,0,4.999491163960469,"[1184.1087791095956, 214.1569997842364, -104.87085284311256]","[-35.84691317145183, 7.8865951835801695, 0.22184572132329589]"
Optical_A-T0039,Optical_B-T0013,False,reprojection,4.106218104310547,55.517089374070665,121.79603937303598,3.263286095894937,39.63083096519092,0.15750063233794975,5.32365172370148,48,48,0,6.000001571632307,"[1138.2645654852404, 209.50179899129373, -104.87460163976392]","[-39.47667491159416, 3.4917592009686373, 0.050185638368643135]"
Optical_A-T0039,Optical_B-T0014,False,reprojection,5.874132413342775,103.9897666746374,190.90341469834527,6.63556098476706,40.68823807570909,0.13981634275561117,9.187205997408485,35,35,0,4.3548150948814115,"[1220.9628519268042, 221.33263289611187, -97.43735240563561]","[-40.56716136533623, 2.985021492696177, -0.9632150084460698]"
Optical_A-T0039,Optical_B-T0015,False,reprojection,4.243780813895025,57.240326798062895,124.66235617500801,3.7627653037387376,38.24251765694064,0.13750118090367813,5.54623009003378,48,48,0,6.0000014116570295,"[1206.1093265405718, 283.82741591144963, -100.66808241098583]","[-37.23062783224697, 8.738991586988938, -0.023108454539773643]"
Optical_A-T0039,Optical_B-T0016,False,reprojection,3.499641832163159,46.82248681220945,110.42629430837495,3.21062360854131,38.80735743894846,0.12499987145375346,6.138518067085519,39,39,0,4.7700000000000005,"[1246.5786714565277, 267.2463640005483, -103.9431741476972]","[-38.05730673333761, 7.592108408092429, 0.11084005925738133]"
Optical_A-T0039,Optical_B-T0017,False,reprojection,2.9090551495409938,39.176895347438354,65.17859571728557,2.4799897430833338,43.70444285199422,0.13749979420002623,5.795283452660493,40,40,0,4.997499679691087,"[1208.1041815521835, 235.5653296958527, -104.67792059396882]","[-43.703945001763174, -0.015058005598035606, 0.2080613913151933]"
Optical_A-T0039,Optical_B-T0018,False,reprojection,2.8607020275849475,38.536682998247194,77.94378140416674,2.5985711649855032,43.36759529639091,0.11499987145375279,5.779846430334821,41,41,0,5.24,"[1267.842692284346, 309.5013476594158, -101.7362895214759]","[-43.234672236391816, 3.389769154347505, -0.14458037056178918]"
Optical_A-T0039,Optical_B-T0020,False,reprojection,3.2129149929793095,44.27115303986801,184.3601874885033,2.812817462588426,49.09337229571669,0.1325001707397333,5.831587761360869,40,40,0,4.99750069684862,"[1225.0244596938624, 250.90393555741028, -102.35080867878267]","[-48.827882671907616, -5.094398586089255, -0.21019084261278287]"
Optical_A-T0039,Optical_B-T0021,False,reprojection,3.6887254438830306,49.69452033186366,116.74960689188751,3.396254406393889,40.03441791097592,0.12250104669040907,5.684019657473215,48,48,0,6.0,"[1244.5657377545278, 324.3875481035237, -101.34191412976703]","[-39.18856139676524, 8.186025735106526, 0.015993336245540113]"
Optical_A-T0039,Optical_B-T0022,False,reprojection,3.1847184083678943,42.8119317856298,112.73807961378678,3.1138678870743934,41.53617665708649,0.10750019918042542,5.854614148521103,48,48,0,6.000001533702828,"[1289.9562825981425, 372.6671560356989, -104.02752053701698]","[-40.67182325892543, 8.429517336881887, 0.0012452458344660577]"
Optical_A-T0039,Optical_B-T0023,False,reprojection,3.458961800360629,46.76074224080866,112.46073160156018,3.3594164251204757,42.00033052662611,0.10750177877832146,5.894616484446927,48,48,0,6.0000016182346325,"[1300.2849115374872, 383.58039857777044, -104.74926861533598]","[-41.16987377523026, 8.310789415525306, 0.006080151444608939]"
Optical_A-T0039,Optical_B-T0024,False,reprojection,5.844698241303554,130.15102568220803,352.5321421556348,7.569693227011782,45.55751003547534,0.12750133358625515,5.682641313564515,48,48,0,5.997501957699437,"[1242.2677588647607, 318.7339333793632, -97.7028624359272]","[-45.54479070583636, 1.0390256854922342, -0.2813997492624054]"
Optical_A-T0039,Optical_B-T0025,False,reprojection,5.831840096146326,129.2023177602748,187.24791767155529,8.137688892006874,48.30038799672055,0.12250104669040907,5.715087456128951,48,48,0,6.0,"[1250.2574801214578, 326.22927802043256, -95.08009850262316]","[-48.27733785939529, -1.4870071984043989, -0.12222698326780829]"
Optical_A-T0039,Optical_B-T0026,False,inlier_ratio,0.610509638041306,6.443404616170322,14.196868305900692,0.38765961810998983,43.18122758418598,0.10249930509452332,8.254151474195572,48,24,24,6.0,"[1313.7839892056347, 397.61096210587596, -103.10964392551108]","[-42.578893509158846, 7.187227653747755, 0.0013660815300085005]"
Optical_A-T0039,Optical_B-T0027,False,reprojection,5.809725869641658,110.57637869870301,164.78148501663108,7.248225118160383,46.62133071541189,0.09750192719731343,6.016123905037393,48,48,0,6.000001633656483,"[1330.0694998668228, 413.2175171213229, -96.47220337924264]","[-46.47182339742187, 3.7299170321581983, -0.07633300633854523]"
Optical_A-T0039,Optical_B-T0028,False,reprojection,4.926070450038968,68.44484846122029,116.95271813535956,4.547213088377389,47.3206962136169,0.09500042409647813,6.05617005282473,48,48,0,5.997499319439893,"[1339.8953035066465, 423.2924139982301, -107.09208898637597]","[-47.20340815746738, 3.3291941596615686, 0.05490635877382144]"
Optical_A-T0039,Optical_B-T0029,False,reprojection,5.739176201994587,80.03456197916876,131.04881647933954,5.166092219260467,47.79755224293365,0.10500022184710689,5.936189464474885,48,48,0,5.9974994689357235,"[1309.2787603513038, 389.9589183344799, -98.48585703494788]","[-47.775643631110256, 1.44651674145544, -0.03828009684294642]"
Optical_A-T0039,Optical_B-T0030,False,reprojection,4.595256606984508,63.42660753396273,108.8008913189697,4.477009957161995,45.32587103462353,0.08750256316313454,6.165347017488102,48,48,0,6.000001760460995,"[1367.2721279122443, 454.17574437962935, -106.85923266097635]","[-44.75825601452982, 7.150736873722764, 0.008108508546027515]"
Optical_A-T0039,Optical_B-T0031,False,reprojection|inlier_ratio,0.7240360606603807,8.313072078532262,15.555478615649843,0.6379108791032669,45.68916259938918,0.07750193333535638,16.017266091664528,48,13,35,6.0000013750446985,"[1402.5835667437502, 492.3403313986335, -102.73821266872588]","[-44.93826250995721, 8.247200003967691, -0.18929795073431]"
Optical_A-T0039,Optical_B-T0032,False,reprojection,3.1713080910160074,43.38147805687212,96.57760996726086,3.39327399905162,46.02850698965203,0.06981345095685132,9.838478121937841,35,35,0,4.3548150948814115,"[1453.151738820454, 454.48613550999033, -104.2372911229548]","[-45.52772941522386, 6.769928845741788, 0.1318082478398281]"
Optical_A-T0039,Optical_B-T0033,False,reprojection,2.2265810226224954,30.530363548904976,67.0070531300121,2.0176035100756087,51.345566522387905,0.08750081219676886,6.176581280268424,48,48,0,6.000002136772721,"[1368.4621426500191, 452.2079267342174, -102.51471495292343]","[-51.34556486887965, -0.013014455550802495, -0.0006515981578492647]"
Optical_A-T0039,Optical_B-T0034,False,reprojection,3.760687249041739,51.846092813735936,102.95325992674805,3.7734112924036176,46.43914852558777,0.07500141912409308,6.259568574147088,48,48,0,6.002500372433683,"[1389.8831741597728, 478.12296412874525, -100.80899754413286]","[-45.93925906898875, 6.7954858160053675, -0.01909184135588815]"
Optical_A-T0039,Optical_B-T0035,False,reprojection,5.783694549139244,100.03019242477974,130.85671486339797,6.9507353305292625,47.11200695108004,0.07249930509452307,6.359639453886008,48,48,0,6.0,"[1413.073941553731, 502.7674547791378, -97.10863741756403]","[-46.58252861066916, 7.043283784302005, -0.03715815646946563]"
Optical_A-T0039,Optical_B-T0036,False,reprojection,5.76365880585683,82.98698422876599,125.50166681972183,5.5165567273138425,54.8269675306473,0.08000000000000007,6.185777555976519,47,47,0,5.72,"[1393.708874247462, 462.2474981616061, -98.05502402517511]","[-54.728517890619855, -3.283194322657865, -0.07958104311236658]"
Optical_A-T0039,Optical_B-T0037,False,reprojection,3.021057787829495,41.64491375118189,96.9596161589248,2.9291213521665678,53.11122886360822,0.057499565321462054,6.5878006071718875,48,48,0,6.000001753893546,"[1463.7279001285694, 554.2129867623889, -101.80525110150951]","[-53.07296283642626, 2.0157217817360333, -0.010623771598321695]"
Optical_A-T0039,Optical_B-T0038,False,time_delta|reprojection,4.554163261444544,50.17627226224751,104.70339549850547,3.849922118468179,56.54403183735864,1.8099076117138293,31.061358809057428,30,30,0,4.499907611713829,"[1532.8832752303615, 539.2451959436489, -105.92738478214673]","[-56.493128291403934, -2.3318684759086636, 0.5624781651474133]"
Optical_A-T0039,Optical_B-T0039,False,reprojection,5.858082396307547,138.32333546618378,176.30079892240968,9.446959345035587,47.27286376126447,0.0750020933808182,6.195788015985679,47,47,0,6.29,"[1396.7747240916538, 501.74288074218873, -94.60596019743977]","[-46.794947044202246, 6.704717487343544, 0.05781640155128187]"
Optical_A-T0039,Optical_B-T0040,False,reprojection,4.802075325972287,65.90168855198736,105.68475001057587,4.088528906966185,43.05011116617151,0.13999888465435006,5.425043337969575,47,47,0,6.224999937414331,"[1198.2008492291388, 283.5274131331471, -106.37541830693877]","[-42.97549794267522, 2.533495454788209, -0.00698422585593006]"
Optical_A-T0039,Optical_B-T0042,False,reprojection|inlier_ratio,0.9687421438140148,10.198577485521067,13.407519567444895,0.5939751757307095,39.07817764069582,0.1900014125527365,5.6301958479773155,47,13,34,6.175000680828082,"[1048.7556663772934, 120.56365866711579, -103.04052623647408]","[-39.07485912726106, 0.5085145839112641, -0.02765538702047958]"
Optical_A-T0039,Optical_B-T0043,False,reprojection,5.568244224417978,76.69857639703908,86.94600375423347,4.388045275545763,44.011254624269995,0.18999900305992679,4.95567349862079,47,47,0,6.1750030903208915,"[1040.7288078808983, 109.59781214768546, -98.26505872463856]","[-43.74855998820533, -4.801235826269945, 0.046552134952592555]"
Optical_A-T0039,Optical_B-T0044,False,reprojection,4.76126648292749,64.59295674123024,87.41268307374683,3.6892247323729226,39.74686462737103,0.1975007668401063,4.823677098589753,44,44,0,5.737500727790918,"[1031.3386928959806, 83.14398456914383, -105.78477742262773]","[-39.7168075793931, -1.5426914424640614, 0.09244739785203188]"
Optical_A-T0039,Optical_B-T0045,False,time_delta|reprojection,2.2040721583918654,27.834049108417016,60.6346440040397,1.5529496051403227,36.9739904994333,0.21000195353884354,4.903856812068786,47,47,0,6.155000139841975,"[992.112048555705, 59.19954458699291, -101.74707294839054]","[-36.970824390538816, 0.4838453721427882, 0.003315415493887648]"
Optical_A-T0039,Optical_B-T0046,False,time_delta|reprojection|speed,5.916021357040518,83.49356965967263,111.65099546378347,4.556289768136621,34.3406062995021,0.22793489385316956,5.031557095339209,47,47,0,6.137067199527649,"[939.0767336817544, 2.268837807204399, -98.03735725546714]","[-34.31951675382332, 1.2022386667861031, 0.051312664400004]"
Optical_A-T0039,Optical_B-T0047,False,reprojection,4.315693080240569,58.77236706219533,95.45425328398476,3.8838272037441692,41.30147205344229,0.1200000000000001,8.460965631348492,34,34,0,4.705001134242291,"[1273.4272227267786, 290.59943756646237, -101.11393552746193]","[-40.96270352724471, 5.2718487965138365, -0.2759053950600625]"
Optical_A-T0039,Optical_B-T0048,False,time_delta|reprojection,3.1950272978064005,41.862992686236566,73.85245114516361,2.3647884486704656,37.01051915734474,0.21499918175731203,4.882922473162381,45,45,0,6.365002093380818,"[999.0478150862466, 75.41101805578924, -100.68478134629291]","[-36.99418334674008, 1.0978344855414548, 0.06071446546455042]"
Optical_A-T0039,Optical_B-T0049,False,time_delta|reprojection,5.979240188779174,137.9382287629804,173.5280576644776,7.437889221063454,37.515215528098516,0.24499996023792736,5.017125731014511,45,45,0,6.365002093380818,"[917.442911695373, -14.013794836481063, -95.29125046101048]","[-37.41696344787108, -2.7017628347746347, 0.250439703310044]"
Optical_A-T0039,Optical_B-T0050,False,time_delta|reprojection|inlier_ratio,0.827448338133622,8.304429070980937,14.707203036979793,0.46813726209619755,39.81566493567597,0.22000000000000064,9.165107995864185,43,27,16,6.635001389810954,"[991.0960335780334, 75.3854828819826, -102.91055363775303]","[-39.761983839527986, -2.06251308436471, -0.13362332115560813]"
Optical_A-T0039,Optical_B-T0051,False,reprojection,5.154965571652457,71.56070755283365,111.18146674912657,4.844730350324399,53.801858721660054,0.0829408426936542,6.712443849003956,41,41,0,6.7,"[1418.9510131095221, 546.8994972796306, -107.4219688285959]","[-53.79204540656288, 0.961919914049929, -0.3613349729819735]"
Optical_A-T0039,Optical_B-T0054,False,reprojection,4.722524892058534,64.0215198861333,111.621417382822,4.013031898382415,40.08639785954706,0.17863084250466343,9.467602644338498,35,35,0,7.63,"[1157.7732294644545, 311.36121145496156, -101.42615038456796]","[-39.47797190188152, 6.954756412375957, 0.2009754031427931]"
Optical_A-T0039,Optical_B-T0056,False,reprojection,3.3709675619760895,45.78704686423244,101.25559874822439,3.501134280523836,45.792313206030904,0.1250939346532043,11.91291684316119,34,34,0,7.67750175225115,"[1306.1800031689572, 482.02605644193966, -104.14684922175752]","[-45.212866503247085, 7.259950959330126, -0.16050977201245586]"
Optical_A-T0039,Optical_B-T0057,False,time_delta|reprojection,3.99206616149039,51.88998841835673,110.9298797249917,3.4646003795958666,39.05690517130922,0.39250125093077726,15.877780984221161,32,32,0,7.925000000000001,"[1129.9155626641686, 295.02169412470903, -103.67145749281111]","[-38.34257159959138, 7.4339357543685765, -0.16013709991647213]"
Optical_A-T0039,Optical_B-T0060,False,time_delta|reprojection,6.364120370213697,108.15499038371267,203.20657377521704,5.9857673779507135,41.96500231421822,1.1750029057596345,21.660752048732114,31,31,0,7.63,"[1091.7882921358766, 234.81975331723785, -98.73056484338893]","[-41.917998398484556, 1.768188087504484, 0.9035155694249852]"
Optical_A-T0039,Optical_B-T0061,False,time_delta|reprojection,6.723019882783505,91.32136163935934,234.97460671879668,5.257476346740852,35.54994089668874,1.8025001369580198,36.60957013943095,28,28,0,7.002500694905477,"[1104.9197769396087, 222.35598562913546, -103.37774737457701]","[-34.35222400428585, 9.148523392218351, -0.16590195738172903]"
Optical_A-T0040,Optical_B-T0002,False,time_delta|reprojection|speed,5.426281575061403,72.68860672174709,87.30625352304308,4.10070827890979,30.44133120559358,0.203349628699367,4.926845941171209,48,48,0,5.999150184664191,"[1005.2024063405125, 24.84998835370349, -98.52247940070926]","[-30.434002704814414, 0.6678741368279948, 0.00831079723656208]"
Optical_A-T0040,Optical_B-T0004,False,reprojection|speed,5.940252218550313,86.1997199047278,295.5626645095292,5.075139575547155,31.45399377351088,0.18750004239650808,5.047029296143356,48,48,0,6.0,"[1051.706211383997, 72.48822065592502, -97.44391824873296]","[-31.432077126119225, 1.173780353274088, 0.02217034103443192]"
Optical_A-T0040,Optical_B-T0007,False,reprojection|speed,5.388234648194994,72.59795811695994,162.57657850517668,4.232953790212443,33.11983708837442,0.18500018049573885,5.090677286696097,48,48,0,5.997500138099231,"[1067.232390728305, 87.73768329130826, -98.06166490396053]","[-33.119616401306644, -0.11305599722557602, 0.04285478097947659]"
Optical_A-T0040,Optical_B-T0009,False,time_delta|reprojection|speed,5.544659975655903,60.991463499744064,161.34126699129877,3.7336705870709275,28.052239962671305,2.465000437246394,39.87781598977117,29,29,0,4.65,"[1114.1890117580315, 92.02219726582251, -95.59538812803392]","[-27.367731744117997, 6.146313833960903, 0.3978094515592908]"
Optical_A-T0040,Optical_B-T0012,False,reprojection|speed,5.966327400185895,110.6188389481377,190.6292949804002,6.8993677293123925,31.994075588510356,0.1394911639604688,5.798603013560823,40,40,0,4.999491163960469,"[1209.2594653572194, 197.29559048969352, -99.48797326396912]","[-31.59650183950866, 4.977303020865833, 0.7130209728470979]"
Optical_A-T0040,Optical_B-T0013,False,reprojection,5.935750904266516,114.4230964778653,156.27723523322368,6.928545266934201,35.74925455329888,0.15249962804404849,5.382477481513509,48,48,0,6.000001571632307,"[1166.1863042134187, 188.88003450566066, -100.40009985790307]","[-35.74802887411036, 0.28953426341664823, 0.06166557095054229]"
Optical_A-T0040,Optical_B-T0014,False,reprojection,3.279912784549426,43.363965951999525,77.63104096350955,2.798465075276662,36.23937109977615,0.13000049042283468,9.254886780775712,35,35,0,4.344999242548635,"[1244.6335401635283, 207.06237541644504, -91.40729295995169]","[-36.23549391434011, 0.3918874929519518, -0.35696314092539994]"
Optical_A-T0040,Optical_B-T0015,False,reprojection|speed,3.642512869043872,48.08705564536935,84.13909598142114,3.1107063684623117,33.240954083716915,0.1325014225938106,5.613510675336211,48,48,0,6.0000014116570295,"[1238.0882935320428, 264.11157073244317, -95.79534797692298]","[-32.74377000887699, 5.727639620041785, 0.026426964856311463]"
Optical_A-T0040,Optical_B-T0016,False,reprojection|speed,5.907283417733307,90.65913038050726,159.33609141530707,5.837853408010286,33.775742486373446,0.1200000000000001,6.200393160566132,39,39,0,4.7700000000000005,"[1273.053762303363, 251.60944558305602, -98.24543047908111]","[-33.42207836432763, 4.828749042841196, 0.6698066854066309]"
Optical_A-T0040,Optical_B-T0017,False,reprojection,5.872824226647585,103.11228894954418,182.8892511014833,6.494298089240261,39.784250117938114,0.1325003203089139,5.848035490826218,40,40,0,4.997499679691087,"[1233.750618981316, 218.91772206962986, -99.22483264927159]","[-39.6741918687533, -2.8819725496829847, 0.6627904879240074]"
Optical_A-T0040,Optical_B-T0018,False,reprojection,3.881612310675456,52.37916233075677,92.13501717028099,3.4017101480360745,38.60937953956902,0.11000000000000032,5.847783845986159,41,41,0,5.24,"[1297.8781427725821, 292.8038974198781, -95.94478028277723]","[-38.603093795877044, 0.6263586942521329, 0.30497967693732353]"
Optical_A-T0040,Optical_B-T0020,False,reprojection,5.768143705205934,80.96101131298556,181.4028086557914,5.042326380429633,45.649995518220216,0.12750069684862098,5.886832028451858,40,40,0,4.99750069684862,"[1251.0899460301976, 234.40011776314873, -96.81190104141218]","[-44.95211623657218, -7.948653180432302, 0.21965719754393687]"
Optical_A-T0040,Optical_B-T0021,False,reprojection|speed,4.272967783097377,57.31594312803888,100.25829576268752,3.7581830891049246,34.84999511448558,0.1175000423965078,5.755597634837661,48,48,0,6.0,"[1278.5571375165582, 305.1954470545627, -96.32857727510032]","[-34.450731495554066, 5.2597917744289475, 0.06204345700682501]"
Optical_A-T0040,Optical_B-T0022,False,reprojection,5.892633578472581,96.9956716450858,123.63488564663457,6.395547912929894,36.01473732300126,0.10249919488652415,5.931893561771934,48,48,0,6.000001533702828,"[1326.4754565663166, 354.2162260627558, -98.9075815063313]","[-35.57108969806188, 5.635382193455101, 0.03673786745459284]"
Optical_A-T0040,Optical_B-T0023,False,reprojection,5.910490023041949,107.68368723082875,137.79485799186446,7.124641242612278,36.42026942437348,0.10250179310921803,5.9731947706917845,48,48,0,6.0000016182346325,"[1337.3705186499096, 365.3047579652474, -99.60907045620482]","[-35.9955718068955, 5.545574338214905, 0.037953891968774744]"
Optical_A-T0040,Optical_B-T0024,False,reprojection,5.801100225513891,86.94434252370989,299.59295476720655,4.771531992716123,41.27945099357184,0.12250207088823961,5.752004510348608,48,48,0,5.997501957699437,"[1275.4323539879165, 299.28670659509083, -92.62637440044429]","[-41.23067730803899, -1.9895082339451875, -0.2572548116591076]"
Optical_A-T0040,Optical_B-T0025,False,reprojection,4.003556742245721,54.91773180418004,98.41990211403903,3.428557119906514,44.31727171486845,0.1175000423965078,5.784862556364107,48,48,0,6.0,"[1283.6423154235124, 306.80786155103556, -89.89040567208855]","[-44.08237950845273, -4.555893381471378, -0.09068968458823065]"
Optical_A-T0040,Optical_B-T0026,False,reprojection,5.846952995407016,82.6029135781392,105.72128066767478,5.516681722031106,37.705126363580916,0.09750004239650778,6.029799822980055,48,48,0,6.0,"[1351.8765000412943, 379.68242124010084, -97.907122887057]","[-37.43306113923444, 4.5212566806744405, 0.026941926396722438]"
Optical_A-T0040,Optical_B-T0027,False,reprojection,2.4072640753244055,32.00007667834557,60.96418175568293,2.1607621005165125,41.36288954848898,0.09250092290341216,6.097474271465023,48,48,0,6.000001633656483,"[1368.5049098969516, 395.31290320690607, -90.96826548144622]","[-41.35158747290882, 0.9665954325763835, -0.023206477373279633]"
Optical_A-T0040,Optical_B-T0028,False,reprojection,5.918375028778224,141.1905806860903,187.73763068358338,9.461542110161178,42.03221946359474,0.09000072295661576,6.138296896055506,48,48,0,5.997499319439893,"[1378.666687160256, 405.53638942505415, -101.87070745041324]","[-42.02805657212167, 0.5886596069406949, 0.058426650506749445]"
Optical_A-T0040,Optical_B-T0029,False,reprojection|inlier_ratio,0.788083343961638,8.97633828531764,18.217433355002864,0.6147448845817056,43.00829365245197,0.10000057346078517,7.211592995237501,48,27,21,5.9974994689357235,"[1346.5690720141781, 371.20347174015967, -92.93028466802802]","[-42.979172623922864, -1.5819007753787844, 0.04041528715503162]"
Optical_A-T0040,Optical_B-T0030,False,reprojection,5.93731262173955,136.96404997869584,179.94437629523495,9.332773938491979,39.38727453485018,0.08250234078707575,6.252853926138294,48,48,0,6.000001760460995,"[1408.133823797005, 437.14285196707385, -101.51589178795854]","[-39.119930588445584, 4.581238997566459, 0.025986266237144395]"
Optical_A-T0040,Optical_B-T0031,False,reprojection,5.377425496502034,73.70846224123729,95.95665780434642,5.2013314656315845,39.24097956587954,0.07250180152831831,6.412294607151148,48,48,0,6.0000013750446985,"[1447.1079039978572, 477.3721227949494, -96.91880915740371]","[-38.74506822908734, 6.218748484918791, 0.036503348652854734]"
Optical_A-T0040,Optical_B-T0032,False,reprojection,5.827418057351817,82.35125500974314,156.5146938676594,5.966308470862219,39.65589468222462,0.06499969569020747,9.977739847096705,35,35,0,4.344999242548635,"[1486.4381925435362, 442.6731989924549, -97.12915370027909]","[-39.36066062350989, 4.746853066822837, 0.8920562149123685]"
Optical_A-T0040,Optical_B-T0033,False,reprojection,5.046553040490117,70.04294381501681,94.96555513586517,4.745612043491951,46.247698056075116,0.08250096686166852,6.2618566694967654,48,48,0,6.000002136772721,"[1408.650181812672, 434.87546581814996, -97.0431999845398]","[-46.166535781437176, -2.738687956869825, 0.01173465258088427]"
Optical_A-T0040,Optical_B-T0034,False,reprojection,3.551690847070251,48.11451623124305,72.49365783131393,3.415084859675579,40.36701246169722,0.07000041483019181,6.350650414624793,48,48,0,6.002500372433683,"[1432.2117182527122, 461.5755014694701, -95.1799529499505]","[-40.13738549832425, 4.299437077658482, 0.028657581622184014]"
Optical_A-T0040,Optical_B-T0035,False,reprojection|inlier_ratio,0.6888885514290156,7.44056567550745,18.133843116575054,0.5866762327978894,40.75047291284176,0.06750004239650753,10.319529765623768,48,28,20,6.0,"[1456.8276365954596, 486.8118425481822, -90.6777503593857]","[-40.48409027159843, 4.6518034317062416, 0.014224418613169032]"
Optical_A-T0040,Optical_B-T0036,True,,0.1262509244688738,1.1195425943711335,5.00853801557722,0.05937259181950338,50.003797466843395,0.07500008479301545,6.2669193092581885,47,47,0,5.72,"[1432.8703993432373, 445.85827293405305, -92.30755559168782]","[-49.64212156105367, -6.003293098178666, -4.9499743695058385e-06]"
Optical_A-T0040,Optical_B-T0037,False,reprojection,4.372864010707384,60.74773172151047,95.54464333536174,4.319198890636818,46.968463768425714,0.052498561027560786,6.688790974216952,48,48,0,6.000001753893546,"[1510.0950432163697, 539.1653022403132, -95.91207416375677]","[-46.9674168372963, -0.31319008900263157, 0.016011424849084327]"
Optical_A-T0040,Optical_B-T0038,False,time_delta|reprojection,6.656558277483541,99.23531415548507,211.95851805957926,7.645270270272323,49.547422592498314,1.8074996212743177,32.65628465898038,30,30,0,4.497499621274318,"[1572.9719463159977, 531.3922345916078, -97.027719244196]","[-49.4260943241016, -3.2353633964406754, 1.2412530433381144]"
Optical_A-T0040,Optical_B-T0039,False,reprojection,4.099768869588511,55.93990582636116,75.13320489897485,3.985677831824569,41.06560328916908,0.07000000000000028,6.293371325903252,47,47,0,6.29,"[1442.2191731247733, 485.00774773812265, -88.5528826923887]","[-40.84303852568328, 4.268879119385758, 0.08153868430179578]"
Optical_A-T0040,Optical_B-T0040,False,reprojection,5.944068982846889,136.28962180428573,166.03870009442392,8.530635976284177,38.859597591956316,0.13500006258566888,5.49120749755266,47,47,0,6.224999937414331,"[1230.556380281684, 262.9905841399627, -101.57065717942152]","[-38.85514269332077, -0.5856031397905781, -0.05727349409808591]"
Optical_A-T0040,Optical_B-T0042,False,reprojection,5.880576519924218,80.65432582597101,90.82242497275169,4.698439868728597,36.16317999881832,0.18499931917191859,5.01691959984625,47,47,0,6.175000680828082,"[1073.0454818670794, 98.70267806132182, -98.73251525930755]","[-36.054197071860315, -2.805086070216845, -0.04419580373449908]"
Optical_A-T0040,Optical_B-T0043,False,reprojection|inlier_ratio,0.7947555028933778,8.397851334881947,16.346526493991274,0.49019667842632586,41.82961044123071,0.18499690967910887,4.5980802913718986,47,28,19,6.1750030903208915,"[1064.0808174735273, 88.3007974870229, -93.96781518498612]","[-41.05047186518278, -8.035859097981756, 0.006153725592032977]"
Optical_A-T0040,Optical_B-T0044,False,reprojection,5.965123422954968,134.00636648642885,178.284450186766,7.735875891681435,37.17643333602067,0.19249976254620504,4.840919528353835,44,44,0,5.74000068539441,"[1052.7673027753692, 62.89348223743973, -101.43332298998827]","[-36.865177903780406, -4.797055135433979, 0.18470446073849073]"
Optical_A-T0040,Optical_B-T0045,False,time_delta|reprojection|speed,4.367395134147837,58.200840014700375,66.64124981446979,3.2976788658843916,34.39595009606674,0.20499986015802563,4.89020475253996,47,47,0,6.155000139841975,"[1013.7813305982587, 37.27477564468384, -97.68895428994982]","[-34.2743518869807, -2.8894935325261386, -0.03182552474517057]"
Optical_A-T0040,Optical_B-T0046,False,time_delta|reprojection|speed,2.012215880495444,24.311006429480795,68.21846089638447,1.3424439822737555,31.960928920630465,0.22293280047235164,4.969362033966775,47,47,0,6.137067199527649,"[958.4757633153761, -19.643878369121495, -94.11808060162245]","[-31.88672946345195, -2.1763168822269745, 0.03326292759267965]"
Optical_A-T0040,Optical_B-T0047,False,reprojection,2.801003883427622,36.64194202587792,117.11742206569923,2.4776352905495815,36.162254825582515,0.11500008479301549,8.572456762432664,34,34,0,4.707501069969167,"[1300.8334122033796, 275.85950322969495, -94.47776556189626]","[-36.05111962882748, 2.8197907996972162, 0.27244710363504104]"
Optical_A-T0040,Optical_B-T0048,False,time_delta|reprojection|speed,3.2499879426048652,42.30079835290027,81.38751039542949,2.3831009117236785,34.324951441687176,0.20989368937699115,4.891204912538673,45,45,0,6.36,"[1022.3079440737461, 52.92853573478984, -96.3524554245742]","[-34.2457327629201, -2.329844037842463, -0.06249611326650119]"
Optical_A-T0040,Optical_B-T0049,False,time_delta|reprojection,5.3431245892049,72.07539576903332,95.74911912815539,3.9135661511716204,35.81126008947327,0.23989446785760649,4.96547730394662,45,45,0,6.36,"[936.8508996526514, -36.519691514214976, -91.19693656909843]","[-35.28061074097203, -6.140492428300826, 0.13859176703653417]"
Optical_A-T0040,Optical_B-T0050,False,time_delta|reprojection,5.819312250767199,79.25238680228952,108.20384472878736,4.433298239510857,37.85437498838706,0.2150001104622543,5.0168653641611956,43,43,0,6.640000000000001,"[1014.5043746617504, 52.966867031149775, -98.36720021593223]","[-37.44557166532382, -5.538129596509414, -0.33464756205306245]"
Optical_A-T0040,Optical_B-T0051,False,reprojection,5.877714743955032,151.3592728642899,232.58832756589524,10.317643038683393,48.04237126908704,0.07640930198912699,6.797686932399268,41,41,0,6.7,"[1469.1652767498417, 530.2287797619849, -100.77150510888202]","[-48.008030789241104, -1.6013653578805247, -0.8567647790718009]"
Optical_A-T0040,Optical_B-T0054,False,reprojection,4.018051002785534,53.523344788798966,130.1842504480766,3.217802576077943,35.29505027764014,0.16500133019282792,9.52674885064573,35,35,0,7.634999889537746,"[1197.6614633120587, 286.97744228549, -95.00872190298571]","[-35.08280753942897, 3.8487881746405606, -0.35216308619413694]"
Optical_A-T0040,Optical_B-T0056,False,reprojection,5.852741587340058,92.00132186793985,160.91055038536157,5.9521403468071075,39.68333089034517,0.11500099128283203,12.045233292053087,34,34,0,7.680001697020023,"[1357.311558808501, 460.83569418259583, -96.79660496820979]","[-39.383200154211096, 4.802976794971812, -0.8134556367328893]"
Optical_A-T0040,Optical_B-T0057,False,time_delta|reprojection|speed,6.018129933892427,85.65448170398383,153.41757792624958,5.074247390553611,34.042162453388286,0.382500422993552,16.066231373006374,32,32,0,7.927499944768874,"[1169.2331839303229, 268.6368595904205, -96.98654879471475]","[-33.723427629782904, 4.593663309198433, -0.7053444572675909]"
Optical_A-T0040,Optical_B-T0060,False,time_delta|reprojection,3.888112686008608,44.95834107749569,82.87998073966206,2.554971260902341,38.119981774958774,1.1700030162218882,21.982278176909745,31,31,0,7.634999889537746,"[1126.1139421181958, 208.5440993388517, -91.7269477875418]","[-38.09162530909369, -1.4093329575784423, 0.418177533453108]"
Optical_A-T0040,Optical_B-T0061,False,time_delta|reprojection|speed,6.816066888899287,102.43423221987021,252.04718327108725,5.846291764852581,28.04996366054081,1.802553578053657,39.0911712158899,28,28,0,7.00244725380984,"[1127.4587248435819, 189.44058415105263, -95.74800279006816]","[-26.31664845286712, 9.69880492367514, -0.40946137590932785]"
Optical_A-T0041,Optical_B-T0002,False,reprojection,5.915777407381787,108.77446518864188,129.08633254678745,7.388932214818859,35.896658807869436,0.0866994016386684,5.999378408039643,47,47,0,6.153300598361332,"[1386.48657267663, -353.6032560867674, -96.47953834713128]","[-35.44586977237199, -5.670826215900007, 0.046472332596862564]"
Optical_A-T0041,Optical_B-T0004,False,reprojection,5.9408625434802955,116.43922886899533,336.7622686024789,8.83244483161717,36.902414811408164,0.07000000000000028,6.209658712312208,47,47,0,6.17,"[1476.7174141425135, -311.20441310408967, -94.78764876572536]","[-36.50695675690241, -5.387586705157133, 0.06509037799958772]"
Optical_A-T0041,Optical_B-T0007,False,reprojection,5.881677308558844,108.44686878962223,188.89177247324753,7.926767326935935,40.11044869486773,0.07000000000000028,6.284953313353596,47,47,0,6.17,"[1506.764480618029, -297.41387082168467, -95.63014849911977]","[-39.559487616265415, -6.624615186090523, 0.09750732474159118]"
Optical_A-T0041,Optical_B-T0009,False,time_delta|reprojection|speed|not_inbound,5.806929069039982,63.29425702329701,160.53408489498693,4.967309039778812,21.500386689142253,2.8150004372463937,51.84173776514823,28,28,0,5.0,"[1585.9218735133954, -273.19007173094343, -90.60108700344742]","[-21.358694719108506, 2.3077392022196364, 0.8643653470092771]"
Optical_A-T0041,Optical_B-T0012,False,reprojection|speed,6.049282288562753,140.77336363450752,226.3593657826605,11.644235713335203,32.58205608604924,0.03000000000000025,7.278841153516676,39,39,0,5.21,"[1775.3841746317548, -184.063450284459, -96.90599092353597]","[-32.51640568618548, -1.5079101453263775, 1.4141948378794944]"
Optical_A-T0041,Optical_B-T0013,False,reprojection,5.957864433212896,153.16843516657045,168.79227319700968,12.102309512668363,43.31192437286641,0.035001407329405154,6.809183400444856,47,47,0,6.205001985984767,"[1712.112162765997, -200.9243216751682, -98.82209953041199]","[-42.80871667927262, -6.581166493127498, 0.15753331203603826]"
Optical_A-T0041,Optical_B-T0014,False,reprojection,1.7327775986656426,22.8620917223271,45.700305478263715,1.954058786114279,42.329165229463435,0.02499801462211515,11.33375792632337,34,34,0,4.497500066078501,"[1829.1640327905793, -169.73844622269033, -84.55718996981523]","[-41.92680044018505, -5.813615801633432, -0.3217222142057785]"
Optical_A-T0041,Optical_B-T0015,False,reprojection|speed,5.341239586332299,72.37323341492805,84.28109739002645,6.131590599383392,33.66265218178895,0.015002791854332287,7.253970034512876,47,47,0,6.225000031459727,"[1877.0841547422976, -122.60348533399582, -91.48977734753109]","[-33.64916041142921, -0.9470407552298639, 0.10615708143792901]"
Optical_A-T0041,Optical_B-T0016,False,reprojection|speed,5.981402392625942,117.69777636485725,195.15464834907868,10.27576167457482,34.56385991678654,0.0150009829506903,7.969150092675982,38,38,0,4.997499508524655,"[1907.1255613619646, -126.59115725900321, -94.78807545806865]","[-34.504174515481694, -1.4712625176562995, 1.3991926088164892]"
Optical_A-T0041,Optical_B-T0017,False,reprojection,5.8790379963109425,135.8870864136639,217.9181863526195,11.529987833061872,50.977535530981186,0.025000640617827585,7.39630575368802,39,39,0,5.214999359382173,"[1822.4413287217872, -163.65514900731463, -96.50434262473676]","[-50.060183497489994, -9.537856948738266, 1.3101304650625423]"
Optical_A-T0041,Optical_B-T0018,False,reprojection,5.688378343965399,78.78827829975691,124.99254313014181,7.092122303462468,45.956001691746174,0.014997887630407769,7.560128693991894,40,40,0,5.24,"[1990.4707630166993, -85.56241606997449, -91.31808808648888]","[-45.553061783556046, -6.026739675409161, 0.7423358540121175]"
Optical_A-T0041,Optical_B-T0020,False,reprojection,5.94039077348627,107.98481459307555,192.8505669184018,9.395605270788561,63.7595947927393,0.020000000000000462,7.483993382526696,39,39,0,5.22,"[1856.7234409080074, -148.77785128844096, -92.86431071547597]","[-61.983519175561824, -14.933945563237586, 0.5536683676392096]"
Optical_A-T0041,Optical_B-T0021,False,reprojection,5.883075801672635,85.53537857802614,131.20511747067383,7.558797681127996,36.06072995329458,0.011924188908630118,7.526032776802152,47,47,0,6.24,"[1971.1527767383116, -78.44222727309554, -92.10971316201385]","[-36.036348085499995, -1.3150028537857992, 0.16920082639574274]"
Optical_A-T0041,Optical_B-T0022,False,reprojection,6.018310793752976,132.35855416615166,154.3136004095018,12.202372512898396,36.6464210666355,0.015000408355211547,7.875714937048895,47,47,0,6.24,"[2088.459039074493, -23.371328285931227, -96.04731656206319]","[-36.63994724771182, -0.6737016757585828, 0.1434180257882534]"
Optical_A-T0041,Optical_B-T0023,False,reprojection,6.051481138671341,144.82281876607524,169.39248708218815,13.491552928336796,37.202569916706715,0.014999867521922283,7.958391471555785,47,47,0,6.24,"[2115.6172408925536, -10.643526182485513, -97.15159373311343]","[-37.19532713403861, -0.7190312096383451, 0.14779011762953997]"
Optical_A-T0041,Optical_B-T0024,False,reprojection,5.449465551699921,75.69396142820614,242.7038478134152,6.413291263560865,53.216961757644796,0.02000007350123134,7.498681403978391,47,47,0,6.23,"[1957.012409403457, -86.66038085316242, -86.4078438628498]","[-52.39877926826929, -9.286446766563614, -0.4181582973012674]"
Optical_A-T0041,Optical_B-T0025,False,reprojection,3.415229478356089,46.13087092704788,135.43116932438036,3.953204354642783,60.41562060884228,0.020002824612198822,7.555587631954115,47,47,0,6.24,"[1974.0831629093107, -79.09413683186001, -81.97779936667824]","[-59.1842198466194, -12.13427992610389, -0.18597143205966343]"
Optical_A-T0041,Optical_B-T0026,False,reprojection,5.950105981168143,116.93616922642279,141.458309276266,11.040531061341536,40.2445218719349,0.019999999999999574,8.069032111359292,47,47,0,6.24,"[2151.2111400783638, 5.726365264077629, -94.33001436403485]","[-40.20201537036688, -1.8449216563493458, 0.12555852565584433]"
Optical_A-T0041,Optical_B-T0027,True,,0.05747146272982658,0.46753048112699785,2.24348939328673,0.04504822655473632,49.994085781605726,0.024997485836612654,8.195072882025455,47,47,0,6.24,"[2190.049419776875, 23.012070247691565, -82.86069907036135]","[-49.63285815837585, -5.999000263988461, 4.196464252038262e-05]"
Optical_A-T0041,Optical_B-T0028,False,reprojection,6.070340789918506,183.38945848441202,212.20489307450478,17.747225850341394,51.39522266834596,0.024998638879784707,8.275561353263981,47,47,0,6.24,"[2215.3401923714873, 35.083406320893005, -100.77989179830729]","[-50.98975790302995, -6.4403801168170745, 0.1870990918322617]"
Optical_A-T0041,Optical_B-T0029,False,reprojection,2.5484038659462827,34.56292915961869,40.00786953451907,3.2507423995661893,55.33805782112845,0.019999999999999574,8.016243152287318,47,47,0,6.24,"[2130.2981814132063, -5.450158206106003, -86.61275269436224]","[-54.63120935854263, -8.816528693527733, 0.020717959425322285]"
Optical_A-T0041,Optical_B-T0030,False,reprojection,6.145749879290014,179.00072767869992,216.24095010481034,17.84633787114091,41.87748828040191,0.03499594114843685,8.529673958490317,47,47,0,6.24,"[2298.137833599512, 74.72415661446273, -100.14907976068324]","[-41.85197340906642, -1.4552163398808062, 0.1367181265994889]"
Optical_A-T0041,Optical_B-T0031,False,reprojection,5.975474810603043,104.966775610915,124.87416721276462,10.899818776448635,38.58713516519091,0.04499686582349138,8.876735593511672,47,47,0,6.24,"[2406.957887359859, 125.8324295419662, -92.20860464574555]","[-38.57537292648539, 0.9378804506088443, 0.16728448719533584]"
Optical_A-T0041,Optical_B-T0032,False,reprojection,5.978740779268902,105.93370370288359,190.44780855268422,11.222579997080086,39.96135372356208,0.05499595282943037,13.624331879169981,34,34,0,4.500000948254691,"[2409.8663750631654, 94.92270797035454, -91.9106819527326]","[-39.909706588074336, -0.24990635505722025, 2.015603702905576]"
Optical_A-T0041,Optical_B-T0033,False,reprojection,5.959735415950719,104.64007377326074,127.51752266504948,10.412144576827266,61.8240273197022,0.0349969387621174,8.522890041876174,47,47,0,6.24,"[2291.292318203826, 69.618162161398, -92.6745883892167]","[-60.926397213977594, -10.496608540104308, 0.07540363198416156]"
Optical_A-T0041,Optical_B-T0034,False,reprojection,5.619548459170184,76.8510057914603,98.88847881170616,7.854514816672105,43.38600252658914,0.044997765813879376,8.737772021625025,47,47,0,6.24,"[2363.5893264087736, 105.01390661723858, -89.34837314772994]","[-43.3546106188307, -1.6442015885501888, 0.1398372732152895]"
Optical_A-T0041,Optical_B-T0035,False,inlier_ratio,0.6849626405500912,7.532314584744323,14.839650701872078,0.7979127080195219,42.452645196087246,0.04999999999999982,23.651217070075546,47,23,24,6.24,"[2438.8440732942904, 138.87646019098386, -82.2129838918258]","[-42.44948302094602, -0.11645989368298615, 0.5048885940963895]"
Optical_A-T0041,Optical_B-T0036,False,reprojection|speed,2.503194953792193,31.44683230407768,57.5734748456812,3.1900461259362127,71.38921400220734,0.040000000000000036,8.521905754420594,46,46,0,6.0,"[2332.8701936131583, 83.86010961328924, -84.62725240250715]","[-69.89996772721598, -14.505646484373543, 0.024650709973077944]"
Optical_A-T0041,Optical_B-T0037,False,reprojection,5.941013534012308,91.66834764308871,109.2206113767794,10.103033119328574,59.32277890716604,0.0649976732487918,9.455253541922488,47,47,0,6.24,"[2578.386785582285, 204.46231801932663, -90.13448536249541]","[-58.87533332652458, -7.2715606519686915, 0.10783618997713962]"
Optical_A-T0041,Optical_B-T0038,False,time_delta|reprojection,7.092949544319644,124.23248638010202,237.7317483856083,14.73294902699548,62.98048966288838,2.07,49.25997084613332,29,29,0,4.76,"[2651.7087959306677, 208.82513046057605, -90.24567107762195]","[-62.26620366725485, -9.079360246790571, 2.6508822218515204]"
Optical_A-T0041,Optical_B-T0039,False,reprojection,2.5945536156380364,34.800425701586796,60.32505914543683,3.5871061533122814,44.23510813730997,0.04999999999999982,8.729304322677633,46,46,0,6.265000000000001,"[2423.0327615207984, 133.28330484148375, -77.77181979305944]","[-44.20697810581942, -1.5651682113879861, 0.19526172479578108]"
Optical_A-T0041,Optical_B-T0040,False,reprojection,5.987284953871398,179.3296568188516,208.34789636652334,15.1299669782009,48.57422637380444,0.0169850633544385,7.093394712902018,46,46,0,6.232499968707166,"[1873.7718830783047, -125.0922119895002, -100.4716488303218]","[-47.957566550990464, -7.715319892577433, -0.0334256805249169]"
Optical_A-T0041,Optical_B-T0042,False,reprojection,5.8352446057003675,117.67749399671655,146.47362086710618,8.51546723991236,46.26237073821677,0.06500255038631586,6.197858478445859,46,46,0,6.207500340414041,"[1528.2896917021942, -287.37285446470855, -96.54448487621562]","[-45.33447927048584, -9.218972064302964, -0.049896610162809774]"
Optical_A-T0041,Optical_B-T0043,False,reprojection,2.4524040572525045,32.941222542175005,70.26524528694901,2.4168066094888303,57.28150943338548,0.06500120962081368,6.166075014685243,46,46,0,6.207501545160445,"[1509.4829617978423, -297.1295041145769, -89.59446025184675]","[-55.51388748727402, -14.12004960867338, -0.061790500192354436]"
Optical_A-T0041,Optical_B-T0044,False,reprojection,5.94023525521528,176.68943320933369,208.21403029104377,12.593296561765865,48.461074853818985,0.07499798471755881,5.80562744786338,43,43,0,5.8350014555818355,"[1473.012569207008, -317.6375355289983, -100.4360786018029]","[-47.260239252135676, -10.714050627143877, 0.39329502582493703]"
Optical_A-T0041,Optical_B-T0045,False,reprojection,5.8044348899068625,92.01366031047172,117.51677504552038,6.28225713603612,43.61868500397984,0.0850026391803862,5.918566096568776,46,46,0,6.197500069920988,"[1409.7459376701736, -342.863667092155, -95.2271373258809]","[-42.69687977372911, -8.91986880361712, -0.04560252620344407]"
Optical_A-T0041,Optical_B-T0046,False,reprojection,2.5894720583843673,34.18317758974494,101.58692797767854,2.526447747634706,39.731285286096195,0.10293280047235154,5.682370444781167,46,46,0,6.188533599763824,"[1304.3401471912978, -392.0567961990396, -90.42953636509547]","[-38.93042330692572, -7.937071058898027, 0.008639140124638622]"
Optical_A-T0041,Optical_B-T0047,False,reprojection,3.745609983035497,50.66073710979825,139.20448295086337,4.620493488034982,39.371290428760034,0.009997539192211358,10.536368298810318,33,33,0,4.765002139938335,"[1974.0485852396075, -99.70809928572208, -88.66760654989245]","[-39.22829434487939, -3.275052528864393, 0.7165638495306821]"
Optical_A-T0041,Optical_B-T0048,False,reprojection,5.341013495565004,73.66935277228669,118.80411938009108,5.1968676597952514,43.41602075740199,0.09000347692737254,5.752207485862394,44,44,0,6.4974991156540955,"[1427.7513725673643, -331.00936124051896, -93.18497681629796]","[-42.560010175247896, -8.57754931205588, -0.14845904891732623]"
Optical_A-T0041,Optical_B-T0049,False,reprojection,4.702002866434368,65.15580141508043,115.64001496199838,4.037670201255446,46.75522200834651,0.1195976111447874,5.409862284461965,44,44,0,6.4974991156540955,"[1264.2205631813615, -408.29037845992946, -86.38122495500502]","[-45.38776477105819, -11.224932851828953, 0.049765538174928015]"
Optical_A-T0041,Optical_B-T0050,False,reprojection,5.79833321433259,116.95213090396162,185.10939864956708,7.974743433022624,50.21540116199727,0.09500010142794846,5.687847197033645,42,42,0,6.800000420525084,"[1417.03259288886, -333.1086340918909, -96.01904798067027]","[-48.87075478030971, -11.527592098054129, -0.59199787502317]"
Optical_A-T0041,Optical_B-T0051,False,reprojection,6.300252634195255,195.59558435206964,267.79536705037316,20.766926129066967,63.91404015292046,0.05249891857461142,8.87971772936227,40,40,0,7.00000062464449,"[2509.092180254444, 187.24465886917068, -98.60922476019844]","[-63.19076480539101, -9.432632588782269, -1.7196553212571466]"
Optical_A-T0041,Optical_B-T0054,False,reprojection,5.167068623290836,70.66041529131735,152.63026660964667,5.803039121031795,39.53544183583368,0.03535787013795577,10.470092865044007,34,34,0,7.765001035379313,"[1856.4669458819712, -109.46741790273114, -89.48635744574547]","[-39.38457844388518, -3.3334087028630535, -0.8913632097633]"
Optical_A-T0041,Optical_B-T0056,False,reprojection,5.957120228254541,121.039238481141,197.96739510730842,11.71648484767783,42.38287468447954,0.029999779532454696,14.333861117479074,33,33,0,7.754999898572052,"[2277.214812591188, 92.6950387579669, -91.20938922498367]","[-42.32372800461291, -1.329463588486135, -1.800733428004019]"
Optical_A-T0041,Optical_B-T0057,False,reprojection,5.943140358905929,110.73804786606104,184.76721647800497,8.925967612159303,36.484426772682234,0.05000291021676517,16.45627183777239,31,31,0,8.22,"[1794.542217733156, -132.09729447802852, -92.83437002711504]","[-36.38205046964387, -2.309648152377946, -1.4578497754280542]"
Optical_A-T0041,Optical_B-T0060,False,time_delta|reprojection,2.8217237889571867,33.708354666327125,56.10422782838619,2.542634671697665,49.11962952866243,0.8050022198969131,21.639342795388952,30,30,0,8.000000685862721,"[1675.2260097675446, -193.9325523851829, -84.42858041071183]","[-48.32570794649238, -8.788234446202011, 0.3617897482762982]"
Optical_A-T0041,Optical_B-T0061,False,time_delta|reprojection|speed|not_inbound,6.92335711601903,106.6440927075745,257.96196205407807,8.302535304227987,12.631913668301912,1.559997813882708,44.47366605541003,27,27,0,7.245003017980789,"[1638.9267908544591, -218.80587236282793, -90.79828344484285]","[-8.983462516681094, 8.852960180541885, -0.6983839750153655]"
Optical_A-T0043,Optical_B-T0002,False,reprojection,5.881321160012553,84.14888526239261,119.5063994835302,4.956786691051749,36.36888251655582,0.17499973149883719,5.064324152024566,46,46,0,6.237996181786842,"[1111.0033570211729, -84.6545636987578, -98.25257288618943]","[-36.2414343824757, 3.0392432904282742, 0.13057421389501278]"
Optical_A-T0043,Optical_B-T0004,False,reprojection,5.887244288293994,92.48097393700516,280.3883577704605,5.914859387228,37.91434429367717,0.15999683153691358,5.19376992990873,46,46,0,6.246345882606176,"[1168.380109121491, -36.95330655284472, -96.9813844093806]","[-37.74397535060846, 3.5880349812558308, 0.1258289530906174]"
Optical_A-T0043,Optical_B-T0007,False,reprojection,5.8389081501151985,81.81229463035874,151.16286493008053,5.073214357079727,39.978167713670416,0.15499973149883672,5.241824341167928,46,46,0,6.246345882606176,"[1187.2492840812147, -21.895054788631086, -97.70078160993617]","[-39.91360839701213, 2.264517699541507, 0.17238927108507496]"
Optical_A-T0043,Optical_B-T0009,False,time_delta|reprojection|speed,6.390564952275983,73.78191202634332,163.25670489398834,4.771960472582161,34.56778408469732,3.130001138301813,44.279445200993244,27,27,0,5.315000701055419,"[1229.0742093059976, -18.642385724170293, -94.51366842774007]","[-33.63811283433243, 7.93989977799449, 0.605848979842932]"
Optical_A-T0043,Optical_B-T0012,False,reprojection,5.911347302217541,119.52794735556809,202.58874158614316,8.119579732149552,39.575666753924104,0.10749790793866776,6.045189311999622,38,38,0,5.262500350527709,"[1366.1356438084495, 88.43826629242963, -99.39574282103486]","[-38.84707172884197, 7.469523151558292, 1.1595865643391003]"
Optical_A-T0043,Optical_B-T0013,False,reprojection,5.881728947386315,127.3929547916727,187.01161168970307,8.312375392562418,43.94628445644196,0.12499973149883647,5.567409343423847,46,46,0,6.26384687559856,"[1311.5069398643864, 81.28286755683209, -100.43249040796506]","[-43.86506083942994, 2.655874820346675, 0.2805067169799434]"
Optical_A-T0043,Optical_B-T0014,False,reprojection,3.4014206187597598,46.43273746649933,77.67546818495723,3.2372591161199726,45.0450188021966,0.10000279283425328,10.001724433379508,33,33,0,4.684999587000908,"[1404.9606983432648, 95.7758756925387, -89.58092933259114]","[-44.977015568122916, 2.432469615914144, -0.45263787151366097]"
Optical_A-T0043,Optical_B-T0015,False,reprojection,4.506179376867761,61.56847375186916,123.35968624242697,4.268712929480205,41.428492358806714,0.09999787568244045,5.830587847916776,46,46,0,6.27384589833604,"[1405.243392370263, 160.86484562423095, -94.93275831474631]","[-40.566517820908174, 8.406185901236228, 0.11683151759325727]"
Optical_A-T0043,Optical_B-T0016,False,reprojection,5.8450872013171775,99.18421630795088,168.75884765149507,7.01404077958824,42.19016966614556,0.09249985598668431,6.689901567956921,37,37,0,5.22499901704931,"[1440.1148511135264, 145.67503793792008, -97.72435084543848]","[-41.5373307760695, 7.3136248705063736, 1.0823399239833533]"
Optical_A-T0043,Optical_B-T0017,False,reprojection,5.794770387256137,109.51834112157245,195.24330566902373,7.5649500657770945,49.32582667883318,0.10249855837933808,6.116033147437772,38,38,0,5.265000030218796,"[1394.6044808862832, 108.79731634630592, -99.09754760886617]","[-49.30485776156098, -0.935997024903287, 1.0918279314541095]"
Optical_A-T0043,Optical_B-T0018,False,reprojection,4.429411383642552,61.55111361555576,106.88456270359706,4.407620320766869,48.553358742796284,0.08250006777386787,6.111971483441614,39,39,0,5.315000701055419,"[1489.1728465963504, 187.05947040527775, -95.16423458470709]","[-48.46983329581498, 2.7942789395479792, 0.5439767371649181]"
Optical_A-T0043,Optical_B-T0020,False,reprojection,5.800913739950752,84.34793312726094,173.2851166345468,5.883823170626336,56.57723369820337,0.09749790793866797,6.169078697139457,38,38,0,5.26750035052771,"[1415.0591117918948, 123.55768032732549, -96.18418202162354]","[-56.212137303022985, -6.401714211839121, 0.4439007965169136]"
Optical_A-T0043,Optical_B-T0021,False,reprojection,5.068405332743554,69.84826061010361,120.96196736812358,4.971250581146926,43.75205452154729,0.0899994255842822,5.993195752159095,46,46,0,6.2813458826061765,"[1457.4618981682493, 204.0489280233297, -95.54538627367529]","[-43.02910496480163, 7.918591986033675, 0.18520729805631608]"
Optical_A-T0043,Optical_B-T0022,False,reprojection,5.830667044438894,109.91488373523838,146.09419267098005,7.972290836385195,45.59037182024473,0.07499973149883665,6.1968893850533595,46,46,0,6.288847073212582,"[1520.268995488173, 256.3476900861824, -98.62201615638489]","[-44.82344662931416, 8.323769708161848, 0.23556914627343195]"
Optical_A-T0043,Optical_B-T0023,False,reprojection,5.84716277946994,120.72835867143179,161.294777011685,8.805853077255215,46.19561580722904,0.0699981262059417,6.245145624612275,46,46,0,6.288845816367138,"[1534.658719084097, 268.1955208046215, -99.46550854248468]","[-45.45675928969331, 8.224992078082892, 0.259730636360739]"
Optical_A-T0043,Optical_B-T0024,False,reprojection,5.757449260888624,98.26462776551193,333.1898994260139,6.146285993273719,51.69988894034438,0.09269176521235245,5.987875011314109,46,46,0,6.276345882606177,"[1451.0744711827963, 195.90210579066058, -91.13619019501911]","[-51.698655233823445, 0.12251124189253915, -0.33549136175543914]"
Optical_A-T0043,Optical_B-T0025,False,reprojection,3.776951556839075,51.765061920471624,92.4655861046861,3.607830884247191,55.51200204915382,0.08999807481575317,6.025113470874426,46,46,0,6.2813458826061765,"[1460.9193443066035, 203.1896566455541, -87.85577992789533]","[-55.45002332909988, -2.6145137819069504, -0.20396566317814946]"
Optical_A-T0043,Optical_B-T0026,False,reprojection,5.772605996308935,94.9121161579203,130.05202144659643,6.994815411823565,47.97390104655572,0.06499973149883687,6.310362289861241,46,46,0,6.291345882606176,"[1553.446975529528, 283.36267107849017, -97.41139570005973]","[-47.44401218009244, 7.107844510844444, 0.1985857235999957]"
Optical_A-T0043,Optical_B-T0027,False,reprojection,2.782977388705177,38.20513922734492,80.81286244612895,2.858845396815994,52.80420667692529,0.06499973149883687,6.38766000807645,46,46,0,6.293846259180966,"[1574.237897016965, 299.2189171892163, -89.02347498712977]","[-52.70648376946855, 3.210263019278983, -0.07087161096285152]"
Optical_A-T0043,Optical_B-T0028,False,reprojection,5.92270145785798,154.72722572558212,220.63508376570545,11.50084361737866,53.757027570400616,0.05999862436713421,6.434649801849864,46,46,0,6.293845202046069,"[1587.5089990150639, 310.163643819416, -102.20729338499874]","[-53.68390665585565, 2.779152009407511, 0.36399653679013855]"
Optical_A-T0043,Optical_B-T0029,False,reprojection,2.299044002689818,31.14550276892762,76.44504706292317,2.2258667841350985,54.60332254534238,0.06999757208882507,6.289466153564883,46,46,0,6.2888453515419,"[1543.8520307802737, 273.0091125280351, -91.67196247231867]","[-54.59955987357708, 0.640846116957178, 0.014520907258971039]"
Optical_A-T0043,Optical_B-T0030,False,reprojection,5.883899427417398,150.3153585696873,206.0533583023056,11.413597002543696,50.62717735561031,0.0499985892437973,6.5710675700340735,46,46,0,6.29884561364139,"[1628.3903756077218, 345.64478791669376, -101.77506699621246]","[-50.12054145059997, 7.137437149581473, 0.31528182771163715]"
Optical_A-T0043,Optical_B-T0031,False,reprojection,5.741138565543644,86.08271394592371,127.98719724936731,6.777588999410054,50.743711982631666,0.03999894942367277,6.759959310624347,46,46,0,6.30384569056262,"[1681.5210860166142, 390.22201079980516, -96.16616019179895]","[-49.95224979594792, 8.92509129630588, 0.19947794891202486]"
Optical_A-T0043,Optical_B-T0032,False,reprojection,5.761100867668166,88.7629441435703,157.5488397588333,7.292244995120717,51.31224289782704,0.03226554212424304,11.124113771117857,33,33,0,4.684999587000908,"[1727.3073286829572, 348.0495641209732, -96.4866071362961]","[-50.803561396865064, 7.070539569371078, 1.3971008548136545]"
Optical_A-T0043,Optical_B-T0033,False,reprojection,5.813714363517911,81.60304914324763,121.19606154661956,6.1385221768985145,59.43325095012749,0.04999968446544578,6.578209766054977,46,46,0,6.298846488759957,"[1626.4847450501945, 341.0878155764637, -96.35689487392928]","[-59.42575859668426, -0.9294077404709213, 0.16350829149793067]"
Optical_A-T0043,Optical_B-T0034,False,reprojection,4.318418184943217,59.97675468893975,105.91528255266137,4.717918863371451,52.12497395096548,0.043829588365158934,6.685533030484274,46,46,0,6.306345882606177,"[1660.5937512869334, 372.302226643529, -94.05935883174182]","[-51.67829059136142, 6.808021426056342, 0.13429521955016455]"
Optical_A-T0043,Optical_B-T0035,False,reprojection,2.344515389511356,32.05411762893548,94.0895329095523,2.776676199703537,52.9581343491611,0.03499973149883662,6.808706022728672,46,46,0,6.306345882606177,"[1694.1694706799967, 400.12269178491727, -89.252214992665]","[-52.471363920722695, 7.163751939582681, 0.024903634326512547]"
Optical_A-T0043,Optical_B-T0036,False,reprojection|inlier_ratio,0.7859928469189394,8.369668990839617,16.747847823192778,0.6541606631819279,64.3347135443759,0.05000231957959578,5.517374037151013,45,33,12,6.274998979470024,"[1640.558987477792, 349.615493075158, -90.54091781183722]","[-64.1561741794024, -4.7895740260909605, 0.02573223038410255]"
Optical_A-T0043,Optical_B-T0037,False,reprojection,5.299842159664356,72.53053199528681,123.53906293047872,5.807502244831253,61.60156613547613,0.02499973149883683,7.082706462206849,46,46,0,6.313847500237423,"[1764.7291758381448, 456.7419935996356, -94.91143404890941]","[-61.58276016778461, 1.5143746547068133, 0.15254463524569428]"
Optical_A-T0043,Optical_B-T0038,False,time_delta|reprojection|speed,6.951442163604737,101.60917575317772,196.39589799180393,9.078867851600702,65.94509923713125,2.3100001440281637,37.154451542971714,28,28,0,5.000000144028164,"[1829.423047722398, 440.92835668707454, -96.13586922918266]","[-65.85774765403187, -2.812879167036158, 1.897603257955275]"
Optical_A-T0043,Optical_B-T0039,False,reprojection,4.116772089261154,56.95957009497263,99.6885319092719,4.608441175831344,53.22915798768022,0.04000093210791,6.614684310734567,45,45,0,6.322691765212353,"[1689.251910912865, 396.7856244345895, -85.95478250762599]","[-52.79798667599016, 6.761350185762311, -0.0025893780780066322]"
Optical_A-T0043,Optical_B-T0040,False,reprojection,5.883005498452031,150.24027360699338,197.11009923415386,10.243112515179122,48.370943617234055,0.10000000596414083,5.671846841483295,45,45,0,6.322691765212353,"[1402.3468638133975, 158.2600100135726, -101.83783539954125]","[-48.34051086152638, 1.7045224580438898, 0.19442031352012162]"
Optical_A-T0043,Optical_B-T0042,False,reprojection,5.822186487335533,92.5551476890724,115.63639714953334,5.72259744695948,43.585241457124134,0.15499973149883672,5.1155109647751384,45,45,0,6.322691765212353,"[1198.3717477457928, -10.986684769923698, -98.48712678198801]","[-43.58236980590347, -0.4917002072894725, 0.09244394754348118]"
Optical_A-T0043,Optical_B-T0043,True,,0.18772334249921827,1.3990990114828592,4.8562845863246435,0.08967897553961128,50.00039722887354,0.15999857832638664,5.097208273204443,45,45,0,6.322691765212353,"[1186.6568790137262, -22.648088656517302, -92.86901332479646]","[-49.63966859994774, -5.995250147615028, 5.406593907686386e-06]"
Optical_A-T0043,Optical_B-T0044,False,reprojection,5.909684649746276,145.173798604664,198.1595866879806,8.909564814868926,44.49938387569025,0.15768974992991147,4.827624997118212,42,42,0,6.000001735432138,"[1166.8317537918888, -48.706924341059604, -101.66594581915263]","[-44.4206201690999, -2.5987163442532832, 0.5003423535014438]"
Optical_A-T0043,Optical_B-T0045,False,reprojection,5.085338317062093,69.46538421323241,91.30351476529097,4.130514763704944,40.978353017695326,0.1735864457016989,4.936752393314169,45,45,0,6.322691765212353,"[1123.7018567219575, -72.66148604320279, -97.28531636513672]","[-40.974564999076954, -0.5533042778850259, 0.06552522683715162]"
Optical_A-T0043,Optical_B-T0046,False,reprojection|inlier_ratio,1.0111264221977592,10.645335772623977,13.693417137641271,0.62071282835662,37.75252845957803,0.18999676676704702,4.9848578664296985,45,14,31,6.322691765212353,"[1055.3427176114587, -129.043251771111, -93.12228665398915]","[-37.75187618012213, 0.22167643886254496, 0.010465583089137531]"
Optical_A-T0043,Optical_B-T0047,False,reprojection,3.47107085118691,47.56079932935974,111.64093846430053,3.485912678457418,45.471651152925716,0.07874857997798301,9.171895087041133,32,32,0,5.000001794488227,"[1481.9156828219118, 168.98323119785115, -93.30126015646862]","[-45.187981000854535, 5.048845949429477, 0.4760107338178229]"
Optical_A-T0043,Optical_B-T0048,False,reprojection,3.7069128333995156,49.94843968978367,75.85295075299645,2.985839467399096,41.003233641507094,0.16999897929640095,4.712174857921765,43,43,0,6.675000268501163,"[1128.5091584147635, -56.54827704259927, -95.71051424646437]","[-41.00318652874337, 0.061537541010979524, -0.00875671990820188]"
Optical_A-T0043,Optical_B-T0049,False,reprojection,5.225280384626076,71.4757072408506,90.35272586522326,4.054592504827896,41.80824253375976,0.19919020687788613,4.508215685431579,43,43,0,6.675000268501163,"[1022.8706514295469, -146.19886460244777, -89.80586098054152]","[-41.64040064459472, -3.7421030489374623, 0.05331688707342952]"
Optical_A-T0043,Optical_B-T0050,False,reprojection,5.808748549954026,90.0609870988623,126.27389258744765,5.3335777155793345,44.961506573329174,0.1800000000000006,4.661253662349816,41,41,0,6.845002609741976,"[1122.905958889455, -56.538210033130966, -98.02117141826443]","[-44.85080835895531, -3.139637529522229, -0.29109976812489496]"
Optical_A-T0043,Optical_B-T0051,False,reprojection,6.0456811116295555,167.32072195854263,230.42137207379537,12.94951280007583,62.71872137569885,0.04000162856464229,6.318528766284076,39,39,0,7.294998308583064,"[1692.0929682609963, 447.5220250150425, -101.10499455502703]","[-62.7126287508416, 0.2459096593344725, -0.8388889086791851]"
Optical_A-T0043,Optical_B-T0054,False,reprojection,4.879774278339241,67.01168494840395,134.08499521716135,4.461519261586417,44.01186630264419,0.13500133019282856,8.307467625870999,33,33,0,7.775002172186573,"[1360.8583109207984, 187.25962982573344, -93.78572918590517]","[-43.52237026546767, 6.528788579968079, -0.4717855396685957]"
Optical_A-T0043,Optical_B-T0056,False,reprojection,5.79885304079384,107.47763905787988,172.51885107290863,7.81001051836847,51.07062138604488,0.08250105880838898,10.178377596482274,32,32,0,8.000001781658154,"[1563.044365960138, 375.2711668804736, -95.868157713616]","[-50.51401972976831, 7.444928619659947, -1.056038515154674]"
Optical_A-T0043,Optical_B-T0057,False,reprojection,5.862975951920997,101.63186475314772,164.3952381169442,6.588945257699039,42.36137701429939,0.14999993839790804,12.993064989195949,30,30,0,8.277501353779533,"[1316.172121169784, 170.50857017406716, -96.21820758691666]","[-41.72498682217582, 7.257718126670312, -0.9150217651333838]"
Optical_A-T0043,Optical_B-T0060,False,time_delta|reprojection,3.67721899500836,48.06639575198993,82.25804377490498,3.0214108763357177,46.81035834706797,0.4700001982005695,16.189581080458897,29,29,0,8.335002707559065,"[1242.0848626815036, 105.41540491265539, -89.8269438388974]","[-46.79644413588849, 1.0287159620297075, 0.4941743488372014]"
Optical_A-T0043,Optical_B-T0061,False,time_delta|reprojection|speed,6.625895585870294,119.80568549195564,264.4043364287674,7.46448881221671,34.90396795554802,1.465001271321797,30.199324717292455,26,26,0,7.4974998987695445,"[1261.0751041378037, 90.9146575042837, -94.7274090866297]","[-32.82763159229902, 11.847899864388168, -0.5107366108329163]"
Optical_A-T0044,Optical_B-T0002,False,reprojection,5.917654223739086,124.85876484737726,151.2326583177703,7.304542507135784,40.02261255695143,0.1800000000000006,5.006404400801297,46,46,0,6.241650299180666,"[1086.0635005529887, -59.06254333371119, -95.73801768271416]","[-39.42247645768373, 6.902634533095743, 0.17748895664890774]"
Optical_A-T0044,Optical_B-T0004,False,reprojection,5.899154545873446,122.5521728139118,261.53007939728934,7.569659294748497,41.930921686487885,0.16500045042116085,5.1274412722161475,46,46,0,6.25,"[1140.7708254648294, -11.220585350889124, -94.37021639940241]","[-41.26065488336841, 7.465358904071145, 0.1702013729436673]"
Optical_A-T0044,Optical_B-T0007,False,reprojection,5.8740520148049615,122.43196142215662,160.65871592874853,7.468600604470819,43.892828615564255,0.16000000000000014,5.17347823241756,46,46,0,6.25,"[1158.8682900229633, 3.848005904507218, -95.03367008681369]","[-43.462163996347286, 6.129736313010618, 0.21688098780037823]"
Optical_A-T0044,Optical_B-T0009,False,time_delta|reprojection,6.7891546440636334,80.75846215323398,192.23221118565039,5.315287657701685,39.065719254571924,3.1400031158256163,42.48704730600238,27,27,0,5.325002678579223,"[1206.6510104314375, 6.698500725577333, -89.98905375981084]","[-36.986404665158574, 12.538724454819658, 0.9574340020467151]"
Optical_A-T0044,Optical_B-T0012,False,reprojection,5.929443793639282,156.35487632142022,279.77121254538287,10.460395147511983,45.1562748463137,0.11500267857922264,5.96304203756884,38,38,0,5.267501339289611,"[1334.5170884484478, 109.76281486608552, -95.83484836530006]","[-43.75122954919985, 11.072092303827048, 1.5257270216454306]"
Optical_A-T0044,Optical_B-T0013,False,reprojection,5.921702829856479,173.42517214132883,263.46014448997477,11.119593341436143,48.612489398698266,0.1299999999999999,5.485217943584584,46,46,0,6.2675009929923835,"[1276.8113213719153, 106.83435795010413, -97.41982934025864]","[-48.180862538691095, 6.454798148462267, 0.33792222316977366]"
Optical_A-T0044,Optical_B-T0014,True,,0.11202929818119657,0.6088298234565895,2.7695915323697453,0.03887608936428176,49.992981532999664,0.11000069320133754,9.854227584714373,33,32,1,4.68,"[1376.2776591599784, 115.0236991597682, -85.78403763615812]","[-49.63149839833427, 6.0010473494454715, 6.856890275641625e-05]"
Optical_A-T0044,Optical_B-T0015,False,reprojection,5.789620132075035,101.04984015556487,149.19333288932864,6.737909715080047,47.45002186732607,0.10500095976397805,5.735963156814941,46,46,0,6.2775000157298635,"[1364.8612778397567, 185.76225269945587, -91.86097337305789]","[-45.89116861403815, 12.061376992821806, 0.16853333400330894]"
Optical_A-T0044,Optical_B-T0016,False,reprojection,5.859142559187188,134.46020480737994,246.06856636575864,9.347064130688885,48.15070512258531,0.10000366152991269,6.589742707995691,37,37,0,5.22499901704931,"[1405.6017929170428, 166.43868019840122, -93.91876563439351]","[-46.89568415679577, 10.819276167666004, 1.4928075817037307]"
Optical_A-T0044,Optical_B-T0017,False,reprojection,5.913809279386398,151.57248984444462,272.3160144792581,10.317630987317987,53.95239495157032,0.11000331919704998,6.030860073693834,38,38,0,5.270001018980698,"[1362.1922470828422, 129.92485825222636, -95.50085459993664]","[-53.87176644378326, 2.5767741176274797, 1.4331560917862662]"
Optical_A-T0044,Optical_B-T0018,False,reprojection,5.810375810876342,101.4998669999082,187.73476316188126,7.114324601796057,54.2206255954992,0.09000090641238145,6.013801553122376,39,39,0,5.325002678579223,"[1451.5277271457169, 207.93085209731166, -91.49132645235983]","[-53.85338085398163, 6.237449062955648, 0.8853472484519638]"
Optical_A-T0044,Optical_B-T0020,False,reprojection,5.924774883839405,124.97580229179422,213.79176938306333,8.540409494407147,60.62607694438772,0.10500267857922285,6.081899254971483,38,38,0,5.272501339289612,"[1382.0596149280054, 144.55981383346554, -92.6050546082727]","[-60.55041937934853, -2.9274511707695297, 0.773271164982841]"
Optical_A-T0044,Optical_B-T0021,False,reprojection,5.789439430532387,111.9050425204895,164.17398559764337,7.655527223785975,50.01458542002876,0.09999914203052018,5.891896215879113,46,46,0,6.285,"[1414.0984571334716, 228.52358552357447, -92.3468571842272]","[-48.675662522216015, 11.49268366649693, 0.23844266087008892]"
Optical_A-T0044,Optical_B-T0022,False,reprojection,5.9010840824893185,155.81488253158767,222.74121419299044,10.946067780799869,52.289731448543975,0.08000000000000007,6.086656126111078,46,46,0,6.292501190606406,"[1473.0462933817444, 280.1457334382062, -95.19133795080991]","[-50.947268259557944, 11.768554263510225, 0.30496294250791744]"
Optical_A-T0044,Optical_B-T0023,False,reprojection,5.931766473603458,167.21331490894227,238.23989021605607,11.823324394982414,52.972014202754856,0.07500157842025423,6.132885284657949,46,46,0,6.292499933760961,"[1486.5654614745101, 291.82020079652614, -95.97706908599524]","[-51.67615915664888, 11.640358638649104, 0.3330379515662518]"
Optical_A-T0044,Optical_B-T0024,False,reprojection,5.850634884957606,121.79363630871025,397.72566520949704,7.406352362465663,56.88180497500103,0.09999999999999964,5.889808123433746,46,46,0,6.28,"[1409.0035738684492, 220.62311083793088, -88.07040276520794]","[-56.755828882633125, 3.771334297553665, -0.30440544577179685]"
Optical_A-T0044,Optical_B-T0025,False,reprojection|inlier_ratio,0.8248039409074728,8.901536092979047,14.182036726741307,0.6191660964504101,60.40555153263581,0.09500303826947842,5.2438854832141635,46,15,31,6.285,"[1417.9097749215941, 228.16287113306586, -84.61376244262674]","[-60.393955472531815, 1.1796790776261634, -0.09568499138341435]"
Optical_A-T0044,Optical_B-T0026,False,reprojection,5.893704652728958,141.17361681825025,203.75190334571386,10.050462940884337,54.72895860145629,0.07000000000000028,6.1957556134121825,46,46,0,6.295,"[1504.3356762349354, 306.8001388452717, -93.9480052207616]","[-53.711592496048695, 10.500283434592774, 0.2603630763740443]"
Optical_A-T0044,Optical_B-T0027,False,reprojection,3.570363350193408,48.50799924424178,128.99045941236045,3.2836989114430697,59.19603267998309,0.07000000000000028,6.271459769698117,46,46,0,6.2975003765747894,"[1524.3692499678093, 322.5391102307306, -85.78643716679802]","[-58.82525761059475, 6.614862856902732, -0.054235423472256156]"
Optical_A-T0044,Optical_B-T0028,False,reprojection,6.088925158737699,204.9532257718379,304.1263585649285,14.82319701361103,60.17223250372311,0.0650022380039097,6.316323183875946,46,46,0,6.2974993194398925,"[1536.7179682894212, 333.30245768918286, -98.52111647375521]","[-59.85445330440507, 6.160444489610654, 0.4369299753169118]"
Optical_A-T0044,Optical_B-T0029,False,reprojection,5.3739572540154885,73.72881486212725,151.00842380103464,5.111825326750346,60.43594729655502,0.07500183350516743,6.178550744442534,46,46,0,6.292499468935723,"[1496.1653644489845, 296.7922622079381, -88.41563647382867]","[-60.29349774435002, 4.146866246235703, 0.0368201013902173]"
Optical_A-T0044,Optical_B-T0030,False,reprojection,6.055266058870365,198.70735815535397,284.4900953779961,14.628784670033092,57.878625977485676,0.05500245728566,6.444695879527188,46,46,0,6.302499731035214,"[1574.4249277379145, 368.0170686309969, -98.00333714043593]","[-56.944605253417535, 10.348318347473793, 0.39948085494674435]"
Optical_A-T0044,Optical_B-T0031,False,reprojection,5.91627941715159,131.9754362647182,195.37313389510922,9.92607841121876,58.573191761139846,0.04500212230515821,6.624100060683633,46,46,0,6.307499807956444,"[1623.8527872132656, 411.64556801750024, -92.46914151905975]","[-57.340022540112784, 11.952933081295782, 0.2607660650527326]"
Optical_A-T0044,Optical_B-T0032,False,reprojection,5.909781139854311,119.4640813355757,229.18111173352165,9.624997251385846,58.693344335368906,0.0422675196480462,10.892348567398116,33,33,0,4.68,"[1684.1942876034448, 365.08896235841587, -91.76416767966514]","[-57.76204530475789, 10.233505184116098, 1.9313630233458583]"
Optical_A-T0044,Optical_B-T0033,False,reprojection|speed,5.988456872317897,134.14828464946757,208.75673858807053,9.822123353453383,65.616933578235,0.0549999529666092,6.455185930574004,46,46,0,6.302500606153781,"[1573.685544847487, 363.8289820875988, -92.77876299633436]","[-65.57147244255106, 2.4336267300232635, 0.20355555798929093]"
Optical_A-T0044,Optical_B-T0034,False,reprojection,5.863782864491021,104.62220423492238,155.83058085999616,7.785112973349221,59.560817919898966,0.04882985686632235,6.554044905737517,46,46,0,6.3100000000000005,"[1604.5858908443813, 394.1983854799958, -90.47960182755726]","[-58.72507148023209, 9.941048871196017, 0.18043910186521872]"
Optical_A-T0044,Optical_B-T0035,False,reprojection,3.639480855957317,49.33123570663791,82.03422614019293,3.6977103391784567,60.6724261426334,0.040000000000000036,6.671544112501058,46,46,0,6.3100000000000005,"[1635.9484231684105, 421.4279598316694, -85.77033773631489]","[-59.809615555843266, 10.195630519803672, 0.04795205088446819]"
Optical_A-T0044,Optical_B-T0036,False,reprojection|speed,4.961933210507681,66.54369549673626,119.07223586946263,4.9238601536971105,70.17747515223341,0.055002588080759196,6.382393764614084,45,45,0,6.274998979470024,"[1587.9029195363325, 372.84397898119187, -87.08020456719714]","[-70.16650349474997, -1.2392784823021827, 0.06320527572902157]"
Optical_A-T0044,Optical_B-T0037,False,reprojection|speed,6.0040124406752176,123.70549324033703,207.0076150731263,9.574811870649802,69.12549184247888,0.03000000000000025,6.935108986421198,46,46,0,6.317501617631247,"[1702.266986170367, 476.9929877615726, -91.08897098068968]","[-68.98099275602169, 4.463101151182116, 0.1923251741571983]"
Optical_A-T0044,Optical_B-T0038,False,time_delta|reprojection|speed,7.08505728024348,133.81835314509735,257.6324779701354,11.842530897316479,71.03953961325924,2.312501339289611,35.5530263985137,28,28,0,5.002501339289611,"[1786.689956816147, 465.36712766547294, -89.98515163455794]","[-70.96240986207764, 2.3133601114175804, 2.3666305214878824]"
Optical_A-T0044,Optical_B-T0039,False,reprojection|inlier_ratio,0.6497609503231817,6.986360304768645,15.99314560526406,0.5402070283127771,60.91272914771626,0.045005213952872936,6.920169252518238,45,35,10,6.33,"[1630.397368901444, 417.72429715213286, -82.36503571313108]","[-60.15073806370529, 9.604639120823606, 0.013783080291966954]"
Optical_A-T0044,Optical_B-T0040,False,reprojection,5.993806692825356,198.70092463407153,272.65163258855847,13.260554653866334,53.415680661790816,0.10500027446530424,5.580186944717968,45,45,0,6.33,"[1362.143723751089, 183.46403811283176, -98.50242995338147]","[-53.1362647166182, 5.451817910951966, 0.22359336688027937]"
Optical_A-T0044,Optical_B-T0042,False,reprojection,5.8718431340738,138.89499769132715,184.3174544099915,8.479245723148606,47.132053227568775,0.16000000000000014,5.0454925866706555,45,45,0,6.33,"[1169.0256977163954, 15.014456958615707, -95.70919667671538]","[-47.00915752269853, 3.399849461398748, 0.10283040561459063]"
Optical_A-T0044,Optical_B-T0043,False,reprojection,4.025114747764295,55.36059910983963,88.56784530320695,3.362026304712082,52.69429671640043,0.16500285984648855,5.028863165883096,45,45,0,6.33,"[1158.3414633512614, 3.3218713873504697, -90.26157945603602]","[-52.65219688220088, -2.1058354179339567, -0.022958801787259772]"
Optical_A-T0044,Optical_B-T0044,False,reprojection,5.959616842463675,189.60627613286587,262.2935372695209,11.493368636544554,47.61599591392442,0.16499798471755867,4.76584607742738,42,42,0,6.000001735432138,"[1140.9152909352001, -24.2514264199583, -98.74277432018063]","[-47.59757402248952, 1.1742946756994743, 0.612410044922358]"
Optical_A-T0044,Optical_B-T0045,False,reprojection,5.859041152342587,114.37112649912474,151.32819164302276,6.7463885274803745,44.12424678837033,0.17858671420286232,4.874034332765815,45,45,0,6.33,"[1097.8538463635066, -46.75049714310192, -94.70453522558837]","[-43.998415696234815, 3.3291826335635157, 0.07151122084261216]"
Optical_A-T0044,Optical_B-T0046,False,reprojection,2.8380780404898878,37.446945142850545,45.72598100099532,2.133285215371898,40.6339772518276,0.1950002666324977,4.73512635837837,45,45,0,6.33,"[1032.3320746103184, -103.29329785214105, -90.8390174157165]","[-40.43311221449724, 4.035215062800866, 0.024152616046847653]"
Optical_A-T0044,Optical_B-T0047,False,reprojection,4.983702542578104,69.3387352445809,150.72672486064747,5.015448698025551,51.176041816141726,0.08500044325775802,9.020518521463071,32,32,0,5.000001794488227,"[1447.4753859174748, 188.94671658070808, -89.04606637310597]","[-50.42638242548678, 8.682653572034752, 0.882461553880189]"
Optical_A-T0044,Optical_B-T0048,False,reprojection,5.814245195633348,90.63775675814473,105.32186449656754,5.367826910425328,44.26354201909624,0.17500298542483517,4.650988481270621,43,43,0,6.67,"[1101.0263728983164, -29.367877733347022, -93.0045373302244]","[-44.07984266490076, 4.027755814014963, -0.07619590909146484]"
Optical_A-T0044,Optical_B-T0049,False,time_delta|reprojection,2.5960111432842443,34.440942836280286,60.74367707164925,1.9232801588957449,43.97483471982951,0.20419047537904955,4.4883037710496065,43,43,0,6.67,"[1000.5697608512784, -119.45275270471892, -87.48733121539524]","[-43.97456945544913, 0.14783277029655828, -0.03840984547711632]"
Optical_A-T0044,Optical_B-T0050,False,reprojection,5.864367021841831,135.23885972180696,181.18571548460926,7.921120299615493,47.65638582853124,0.1900000000000004,4.610857400996448,41,41,0,6.845002609741976,"[1094.6523585242812, -28.81531433259142, -95.10413200514844]","[-47.64558146193258, 0.9164653534012448, -0.43562443480022733]"
Optical_A-T0044,Optical_B-T0051,False,reprojection|speed,6.221911307760205,218.7853827736143,307.87395787323624,16.361508842155306,69.6177054362202,0.05000029418461516,6.181690869006403,39,39,0,7.294998308583064,"[1623.0337115966377, 470.55250051095794, -96.40629714818478]","[-69.515203195721, 3.598556487273072, -1.145349758741669]"
Optical_A-T0044,Optical_B-T0054,False,reprojection,5.772522097830923,96.22475402057113,181.3802634349189,6.0172784026823365,49.442518900658406,0.1500021620769605,8.207828954883807,33,33,0,7.775002172186573,"[1310.7545040626917, 216.79904462911296, -89.6118019442601]","[-48.275227041948526, 10.638604864392278, -0.9408590912641847]"
Optical_A-T0044,Optical_B-T0056,False,reprojection,5.940523647630617,147.02669749572922,255.30927773130108,10.021530818893789,57.898101030503,0.09679503056787819,9.998521803276718,32,32,0,8.000001781658154,"[1494.8633460917117, 401.7511756180911, -90.90799153998229]","[-56.7844006816717, 11.189596057176175, -1.5858380241760228]"
Optical_A-T0044,Optical_B-T0057,False,reprojection,5.8689251125516275,134.45204801576816,238.84319309037295,8.266195732910317,47.53809293044971,0.16500250186155263,12.750097770399162,30,30,0,8.282500686589518,"[1264.4424610196625, 201.8966283445873, -91.80625675380904]","[-46.08022211363001, 11.603720012679332, -1.355393407812449]"
Optical_A-T0044,Optical_B-T0060,False,time_delta,0.36028351286418675,1.6122077852637027,5.244883815349909,0.08957015729820675,50.01127464493087,0.4600015325805966,15.615567753887104,29,28,1,8.345001373179038,"[1194.3437810753346, 136.97883319452365, -85.7840268996927]","[-49.652125902574696, 5.982807447379855, -0.00011468776595757735]"
Optical_A-T0044,Optical_B-T0061,False,time_delta|reprojection,6.592313493920192,139.8880113594195,333.8177675959313,8.295111007229698,40.08783935446818,1.4525001313668557,27.994926084968753,26,26,0,7.497499756992664,"[1217.6098472301446, 119.05632321833313, -89.72187249228587]","[-36.49977154880153, 16.560736904623937, -0.7372476997405915]"
Optical_A-T0045,Optical_B-T0002,False,time_delta|reprojection,6.090042605738853,87.7806391246652,173.6985092441187,5.452602243571908,35.30469695037699,0.5299217863315597,14.589794727023644,31,31,0,4.314999158719841,"[1158.2788119675906, -69.94459416095845, -98.84652551319422]","[-35.19728312517592, 2.6581908936209686, -0.7119750959376856]"
Optical_A-T0045,Optical_B-T0004,False,time_delta|reprojection,6.099246777185176,107.10868324099354,284.65635817537026,6.985524071457287,37.99051379945534,0.510000877201346,14.684540278289358,31,31,0,4.314999158719841,"[1214.5564863527818, -21.288550013369925, -97.19748707329433]","[-37.739717671070316, 4.313896801601377, -0.6189856538264147]"
Optical_A-T0045,Optical_B-T0007,False,time_delta|reprojection,6.0522784721275,90.16176845510914,171.2571064384817,5.9052431343341025,39.20697338525413,0.5052545573571647,14.624824450356513,31,31,0,4.314999158719841,"[1238.027522962998, -4.956321976736653, -98.22723224894668]","[-39.133691931666476, 2.304077282757973, -0.6573779008504216]"
Optical_A-T0045,Optical_B-T0009,False,time_delta|reprojection|speed,6.049348255582603,91.71909349687112,169.57917643649998,6.077863062540424,29.371963547701977,0.30750118127680626,3.6183675804579067,12,12,0,1.9974997813768032,"[1315.069386540871, -19.717339740895042, -93.90957522038033]","[-27.28952354325841, 10.341430373561105, 3.3239983842153764]"
Optical_A-T0045,Optical_B-T0012,False,reprojection,5.986009693055419,141.0438843476655,235.48210884613397,9.936922492968325,37.116271067174665,0.10000096085923715,5.310554628382243,23,23,0,3.3150029548217876,"[1408.9180649200462, 94.78489880005485, -101.65603566535242]","[-36.509272109295836, 6.5505754104014215, -1.3343874152676545]"
Optical_A-T0045,Optical_B-T0013,False,time_delta|reprojection,6.121084050850589,124.36866353842477,224.01950353429476,8.629601873238057,41.75274792222589,0.5300009828406345,15.060472465566775,31,31,0,4.314999158719841,"[1366.9194995292928, 95.7011519440272, -102.14810241643757]","[-41.70481625568765, 1.7462914781804955, -0.9750519009280515]"
Optical_A-T0045,Optical_B-T0014,True,,0.3474083265582972,3.1955200141858895,5.803629237290937,0.2204335401828083,43.122058140776716,0.09424392148313787,2.6070850756091826,18,18,0,2.7325004825641575,"[1458.209412558201, 112.05162494498153, -86.0326827528334]","[-43.0645124743854, 2.226671195283294, 0.03998784974344782]"
Optical_A-T0045,Optical_B-T0015,False,time_delta|reprojection,5.0303523118420514,65.24318113104833,122.06983572049796,4.772584004051629,38.5798855675218,0.5450027425993411,15.859367647295091,31,31,0,4.314999158719841,"[1450.765929498162, 163.68844073466283, -94.72507747453567]","[-37.89685862230762, 7.200286269472258, -0.6257432393203393]"
Optical_A-T0045,Optical_B-T0016,False,reprojection,5.933221813559827,126.27607292392322,202.7136479129295,9.25379658105791,39.539002098580134,0.08499915871984065,4.784853224447968,22,22,0,3.2750027439719616,"[1484.6004644265697, 152.07290858069172, -99.50831561578993]","[-38.986601492046574, 6.4819057433767, -1.167257035042542]"
Optical_A-T0045,Optical_B-T0017,False,reprojection,5.872389352567464,136.90653503452495,226.6826509486616,9.917790928550998,47.92137350940218,0.09000364344686806,5.313773596516513,23,23,0,3.3150029548217876,"[1456.0953826108064, 131.1958942041267, -101.10559078369866]","[-47.89297432190484, -0.9794206382253776, -1.3273224334785276]"
Optical_A-T0045,Optical_B-T0018,False,reprojection,5.774731224401094,85.07243181137746,141.62228967910823,6.448076307383608,46.3897227214779,0.07000144621579207,6.528826729983635,24,24,0,3.500001570274787,"[1538.214769327638, 202.01179391970842, -95.30811759254651]","[-46.32217456002437, 2.329175524823995, -0.9151281772488197]"
Optical_A-T0045,Optical_B-T0020,False,reprojection,5.850990861337195,107.54744249223236,177.79724171916254,7.831436709344127,56.44792190035668,0.08499981427221348,5.314846345202737,23,23,0,3.3150029548217876,"[1488.5260891119592, 156.75887557390436, -96.41766769321815]","[-56.158633714475975, -5.445013512883577, -1.7110154986454538]"
Optical_A-T0045,Optical_B-T0021,False,time_delta|reprojection,5.705201385307292,74.93861951169173,140.49837942118538,5.6689646585685205,40.94838476099395,0.5550027425993411,16.098537906240352,31,31,0,4.314999158719841,"[1505.1854699928795, 207.63978528925227, -95.68398978777127]","[-40.3634372279615, 6.865178417577397, -0.6576282944360553]"
Optical_A-T0045,Optical_B-T0022,False,time_delta|reprojection,6.119634887631174,104.34779047771347,191.91392627756017,8.135679862818085,42.46532729414988,0.5700020236283028,16.494540815798537,31,31,0,4.314999158719841,"[1568.7405485473002, 258.5694357500788, -99.91540293905005]","[-41.83102928799978, 7.238172205405391, -1.0382071232043297]"
Optical_A-T0045,Optical_B-T0023,False,time_delta|reprojection,6.134640121658475,112.38194465465602,206.31042593360593,8.831547210093753,43.055016236819135,0.5699996608286715,16.577650706978005,31,31,0,4.314999158719841,"[1583.5553252007753, 270.5176655781987, -101.08310797257572]","[-42.43949788125404, 7.16653375232795, -1.1243828158315843]"
Optical_A-T0045,Optical_B-T0024,False,time_delta|reprojection,6.035233072587323,110.57132664857276,297.4562696580424,6.963525879001573,47.10905432924725,0.5650027425993411,15.60692907713046,31,31,0,4.314999158719841,"[1518.992633213788, 212.32520999365107, -88.98799087704413]","[-47.063033967966305, -1.9193697978649027, -0.8061346693095739]"
Optical_A-T0045,Optical_B-T0025,False,time_delta|inlier_ratio,0.7679896162851308,5.848154516876948,14.065517941673814,0.40379012746648585,54.28511348134535,0.5700002150385111,8.23822112579755,31,22,9,4.314999158719841,"[1530.0755249760482, 227.99400007154082, -84.67379456998766]","[-54.22191703006621, -2.6181648881997432, -0.049718058657889586]"
Optical_A-T0045,Optical_B-T0026,False,time_delta|reprojection,6.078354586514181,93.59429564769432,171.91899390786335,7.446862264593414,45.031263171212736,0.5800033429616382,16.625484279580576,31,31,0,4.314999158719841,"[1604.963044326114, 287.8238197437152, -98.27058122664248]","[-44.59104634359786, 6.206341655339543, -0.9667326596974288]"
Optical_A-T0045,Optical_B-T0027,False,time_delta|reprojection,2.4838661496503223,30.6354109787395,66.2082340347922,2.2085730082019075,49.62958436967999,0.5850027425993412,16.50114805752101,31,31,0,4.314999158719841,"[1635.434657978538, 310.7531365295928, -86.72286043169642]","[-49.57373838775581, 2.33421462540241, -0.3025707389813732]"
Optical_A-T0045,Optical_B-T0028,False,time_delta|reprojection,6.158351230149615,140.3395214270948,250.8639833162414,11.402139121592871,50.60489105723064,0.5900012399408616,16.55777881117588,31,31,0,4.314999158719841,"[1649.644420193725, 322.49618645807635, -104.87025262294564]","[-50.54824131357388, 1.9707423552670775, -1.3588500977076796]"
Optical_A-T0045,Optical_B-T0029,False,time_delta|reprojection,3.6486235339398387,46.779192372637155,77.02005798765775,3.6113487826986774,51.82979897445105,0.5816736517183734,16.080603324356165,31,31,0,4.314999158719841,"[1609.650044033663, 289.9932735567769, -90.31093358408992]","[-51.8275683849224, -0.03677104417749888, -0.4794423098867746]"
Optical_A-T0045,Optical_B-T0030,False,time_delta|reprojection,6.166458290134907,133.35849441752814,242.8738268659946,11.030333450535705,47.48793454702938,0.5899994121769288,17.148813610619147,31,31,0,4.314999158719841,"[1681.2376323601954, 349.2948538450488, -104.29967402220075]","[-47.046083116705326, 6.303865894777118, -1.4252247891708016]"
Optical_A-T0045,Optical_B-T0031,False,time_delta|reprojection,6.064495445284371,86.4226576997204,156.4121587507294,7.313116237261766,47.04868698502359,0.6000020386141474,17.66138251798177,31,31,0,4.314999158719841,"[1731.8670056438198, 389.5169912830513, -96.75724611233377]","[-46.36601044026903, 7.929931719115416, -0.9424467081800914]"
Optical_A-T0045,Optical_B-T0032,False,reprojection,5.889435897562163,138.68389627197286,165.0847075251883,11.490751812742108,47.634755812940604,0.0299975147952809,3.0547207356119515,18,18,0,2.702501393826301,"[1775.5397612669758, 353.06213201918894, -97.62089051495077]","[-47.16079285955806, 6.7028879936800365, 0.02950865154469917]"
Optical_A-T0045,Optical_B-T0033,False,time_delta|reprojection,6.103071065602398,88.48798854172085,156.76809861260023,7.362302772600306,56.69799111366002,0.6000010488107137,16.509113396716497,31,31,0,4.314999158719841,"[1697.1397537503901, 360.5088771575085, -96.81452031399795]","[-56.673881702654484, -1.3638690137761387, -0.9344465696105124]"
Optical_A-T0045,Optical_B-T0034,False,time_delta|reprojection,5.1367519377092785,67.49719625909816,122.72088379093687,5.679298352497805,48.955689628142686,0.6000028449608878,17.365906155469364,31,31,0,4.314999158719841,"[1714.9823703892107, 376.17540070748726, -93.82930977235895]","[-48.57800481296691, 6.023663561536409, -0.7432850434522337]"
Optical_A-T0045,Optical_B-T0035,False,time_delta|reprojection,2.3419258634567663,28.324101903230833,51.55910957139208,2.4216084316466553,49.60902740077314,0.6050027425993411,17.650645374418904,31,31,0,4.314999158719841,"[1748.3254402053628, 402.84107413063145, -87.33470161957688]","[-49.19860654760193, 6.359667620950859, -0.32762963228161013]"
Optical_A-T0045,Optical_B-T0036,False,time_delta|reprojection,3.24387123354627,40.055557792785834,67.63519331686649,3.3526300689140784,62.347292051223455,0.5025029355968336,15.130998671298265,30,30,0,4.299999277549144,"[1718.088724148952, 377.2554503984609, -88.9429153410698]","[-62.18049111286679, -4.53339594183069, -0.4686921354562934]"
Optical_A-T0045,Optical_B-T0037,False,time_delta|reprojection,6.122178294744055,81.4299045400494,140.4826999843389,7.172149613598254,58.136694395785405,0.6200004964538011,17.853736964338903,31,31,0,4.314999158719841,"[1832.7404661276587, 469.42629347293257, -95.03937033871857]","[-58.121324168933285, 0.9760284835610378, -0.9133895762461657]"
Optical_A-T0045,Optical_B-T0038,False,reprojection,6.0679108856980815,160.221620469473,284.49515714198054,14.20702727598397,62.95762330487714,0.010002374956354476,3.7137421886128203,13,13,0,2.3049991827078777,"[1947.9433712734422, 465.9488478204, -96.59739720949314]","[-62.35976631719845, -1.5599604399416194, 8.514012008978376]"
Optical_A-T0045,Optical_B-T0039,False,time_delta,0.35094233429138344,1.2140005823726574,4.312400992023409,0.08094941665770261,50.00680822860321,0.4983984444318939,18.311359123455414,30,30,0,4.51249957935992,"[1735.1989956241891, 401.4708225362128, -82.74906950969965]","[-49.644721254316465, 6.006872796057451, -7.417517040408939e-05]"
Optical_A-T0045,Optical_B-T0040,False,time_delta|reprojection,6.1066258233717425,136.2047065257958,243.3067925117196,10.003430533973678,46.034525655129556,0.5034943236169696,16.206161691811634,30,30,0,4.542499579359921,"[1454.1897197266114, 174.3867743730895, -104.082861375453]","[-46.00258757255972, 0.9349424264966615, -1.4371400700319974]"
Optical_A-T0045,Optical_B-T0042,False,time_delta|reprojection,6.034853753741991,95.32482402469755,177.66875695045928,6.290290746776772,42.119014137429204,0.505001507902223,15.372818544544833,30,30,0,4.564999263123739,"[1249.493787241893, 9.863764309038844, -99.22206451919082]","[-42.0966872580221, -1.0036748449484563, -0.9342968558539277]"
Optical_A-T0045,Optical_B-T0043,False,time_delta|reprojection,2.554839796333436,32.24047913183052,58.65121861091145,2.1418210275738847,49.343074970926395,0.5056721472791414,14.850876995765454,30,30,0,4.565072685420967,"[1247.051121875722, 9.354766737424299, -91.41428580670761]","[-49.04169382196427, -5.435248061228249, -0.33074638635763554]"
Optical_A-T0045,Optical_B-T0044,False,reprojection,5.921671554633028,141.41742165994066,260.12686333462483,9.15726505071615,43.5924872550473,0.1400030896218203,10.719004866344319,27,27,0,4.175000194025735,"[1222.9582409472966, -23.152053313415003, -103.97359297086186]","[-43.491575063302264, -2.5385828014504526, -1.5308301521676757]"
Optical_A-T0045,Optical_B-T0045,False,time_delta|reprojection,5.915020132968428,78.49068204207227,148.69196802790177,4.956625468153705,39.72152288508972,0.505001377145726,15.279934928640474,30,30,0,4.574999379331494,"[1172.833188462303, -51.72913162455338, -97.48498898919357]","[-39.7013505690467, -1.0257253318371866, -0.7416406461278082]"
Optical_A-T0045,Optical_B-T0046,False,time_delta|reprojection,2.509156258868675,29.967935920225102,51.60086540562812,1.806116193648348,37.26251602903793,0.5050018238793414,15.279676220827417,30,30,0,4.585000139155246,"[1099.6191512725698, -107.94647141602874, -91.78137930723753]","[-37.25873590416174, 0.48992705561126115, -0.20413504946038333]"
Optical_A-T0045,Optical_B-T0047,False,reprojection,5.6703468957775405,78.26708172635912,173.34236785289866,5.785610561492975,42.7428994754144,0.0749998142722137,2.9353766084637782,17,17,0,3.24,"[1523.1337635671537, 180.49294515247777, -92.07376176255549]","[-42.47691300535047, 4.722477091561586, -0.6045884723881163]"
Optical_A-T0045,Optical_B-T0048,False,time_delta|reprojection,4.852644805116451,62.27732579871807,109.03693992048854,3.9335775583010273,40.36922029761102,0.6829577021035376,16.702232711273627,28,28,0,4.997956860823379,"[1172.916148806494, -35.179166184744574, -95.28264953314977]","[-40.36084082356083, 0.2980215755004494, -0.7665889333738719]"
Optical_A-T0045,Optical_B-T0049,False,time_delta|reprojection,1.8223253896791343,19.516460498301935,37.53534044867569,1.1738611521288662,41.16592776421342,0.6836559537728508,16.39591767459327,28,28,0,4.998655112492692,"[1072.7304908129981, -119.10871774052131, -86.85656903073185]","[-41.01640951370765, -3.4990160052673787, 0.21129668041080168]"
Optical_A-T0045,Optical_B-T0050,False,time_delta|reprojection,6.486304359451537,82.57447668277533,140.29595629765203,5.18613454956099,44.26210457324411,1.5151217191184396,18.299563517640628,26,26,0,5.502500197244419,"[1158.951486805356, -30.835761176558442, -98.56153436077584]","[-44.145313950274186, -2.8163589427918367, -1.5470228795595407]"
Optical_A-T0045,Optical_B-T0051,False,time_delta|reprojection,6.939108969799924,136.2529788988222,252.5079960289436,10.663328274815733,60.18661947699153,2.1899984440064575,24.402489964575338,24,24,0,5.997500448599238,"[1721.8155061618868, 463.12508832699103, -104.51259351603802]","[-60.08524014499432, 0.09012574821110775, -3.4906959386414584]"
Optical_A-T0045,Optical_B-T0054,False,time_delta|reprojection,4.238440498614531,44.40060465659767,107.48397433639215,2.7448289303145876,41.489617488802324,4.462619347919441,29.923944195237635,18,18,0,7.500000575604827,"[1343.6043205292954, 201.98517910307433, -94.56275732063179]","[-41.03240283894835, 5.880170851076912, -1.7759131148624867]"
Optical_A-T0045,Optical_B-T0056,False,time_delta|reprojection,5.307111988747624,60.17977042634022,119.77368177321755,4.156561969540167,47.41430122848976,4.960002635487063,34.348993106302615,17,17,0,7.725003504502299,"[1539.1452593082718, 386.96069246881825, -100.04488747671387]","[-46.79981098305666, 6.98052000273799, -3.027539170268464]"
Optical_A-T0045,Optical_B-T0057,False,time_delta|reprojection,4.358423157308315,45.711336770146914,88.52361758614296,2.940967310736266,39.18838317318084,5.530000000000001,35.800190831103336,15,15,0,8.22,"[1292.3718317684766, 184.33970253203768, -100.71633892198642]","[-38.5028888408522, 6.830152852579516, -2.5702020635393565]"
Optical_A-T0045,Optical_B-T0060,False,time_delta,1.3044059709510984,3.3054810005547526,7.16427443588805,0.19886126484407582,44.6329002674009,5.993726931028273,25.19911864539133,14,14,0,6.560001032239738,"[1293.5900091943568, 121.22424652069091, -85.77089195802799]","[-44.617212313835005, 1.1795190810539253, 0.09426748832411055]"
Optical_A-T0045,Optical_B-T0061,False,time_delta|reprojection|speed|not_inbound,4.712579092508943,48.78237447339904,79.06425580789175,3.062003632796496,25.616759890014038,5.490002889236768,70.4477278411618,11,11,0,3.6850001857277865,"[1294.1196021715436, 17.578881514213823, -90.55348707853862]","[-18.30566979169789, 17.706991477287396, -2.7537780526438147]"
Optical_A-T0046,Optical_B-T0002,False,reprojection|speed,4.969506547142896,66.41548336125044,98.32927001513596,4.05907879905144,30.976845375496854,0.1649999667853228,5.188643063807773,45,45,0,6.305000842283366,"[1160.5663497453236, -137.8029337324603, -106.48670816038327]","[-30.73952014955715, -3.824428242369436, -0.14352355687403684]"
Optical_A-T0046,Optical_B-T0004,False,reprojection|speed,5.984503582620181,112.55708714248482,323.4489875607684,7.358971678847617,31.784623132772325,0.14499703399782504,5.328092141193149,45,45,0,6.305000842283366,"[1223.9270242773089, -90.57658796484134, -105.57629405961258]","[-31.607412447650127, -3.3472370909493065, -0.17248163227053614]"
Optical_A-T0046,Optical_B-T0007,False,reprojection|speed,5.897570226943761,81.41606992882114,154.69685234205303,5.214792714926327,34.050731612910056,0.14500007619405064,5.378954643631661,45,45,0,6.305000842283366,"[1244.3504351800832, -75.6697931238425, -106.48715801049818]","[-33.72968446311261, -4.663429961550179, -0.11458790079287295]"
Optical_A-T0046,Optical_B-T0009,False,time_delta|reprojection|speed|not_inbound,5.016085242188062,52.58145438520479,102.25677857148945,3.5486355020869036,22.655419924363223,3.3150018329546924,49.70853809186562,26,26,0,5.500001395708299,"[1297.9464168161571, -50.9915976298404, -109.63954995737166]","[-22.145098226456295, 4.713910865922664, -0.8010748017336382]"
Optical_A-T0046,Optical_B-T0012,False,speed|inlier_ratio,0.8046916239857991,7.23357233961327,13.360084392196127,0.5009959375953791,30.20699631625465,0.09999964311732157,24.645689171582287,37,17,20,5.305003230753396,"[1435.9540608978077, 41.58716573725339, -111.00277769704289]","[-30.168744121637598, 1.457584921488987, -0.4300590308630925]"
Optical_A-T0046,Optical_B-T0013,False,reprojection,2.9530775568260745,38.924071563333456,175.0556534218154,2.5624534749260466,36.43033499977207,0.11000000000000032,5.730474809303872,45,45,0,6.305000842283366,"[1382.9566832337675, 27.492833210192067, -110.43392424884071]","[-36.17958270106802, -4.266899147664027, -0.02598914891234189]"
Optical_A-T0046,Optical_B-T0014,False,time_delta|reprojection,6.114800688262026,148.21102880791588,263.55705738955913,10.692348544257474,36.113902382313704,0.28499941033041365,10.317252214220225,32,32,0,4.742501189917581,"[1467.6705070106045, 54.66512110034307, -101.83237990701357]","[-35.85745006147927, -3.5742488782309607, -2.3836873377749264]"
Optical_A-T0046,Optical_B-T0015,False,reprojection|speed,5.977484031774137,109.28973573572873,141.81779780411176,7.7876045537800005,30.83837877098473,0.08499807814335192,6.01521983528001,45,45,0,6.305000842283366,"[1489.8265901617378, 108.17128554594169, -105.26593277433261]","[-30.792318639229208, 1.6584556849324201, -0.2970568700004701]"
Optical_A-T0046,Optical_B-T0016,False,reprojection|speed,3.1532901088636494,41.12612138301547,72.78775237848951,3.0015712553254223,31.4658657098156,0.0800033005444507,6.891767787126019,36,36,0,5.265001123901353,"[1514.4304859480828, 100.91821273058062, -110.52403655467512]","[-31.443977860940535, 1.0203139445224991, -0.5795865797648805]"
Optical_A-T0046,Optical_B-T0017,False,reprojection,1.9892303602539234,26.063013060393214,43.77750846214932,1.8632214731339045,41.59928560449777,0.09500084228336636,6.302607252814419,37,37,0,5.305003230753396,"[1462.8683084641523, 63.132744640650714, -111.10673924628802]","[-40.95925127473263, -7.263780304155517, -0.2789148810149159]"
Optical_A-T0046,Optical_B-T0018,False,reprojection,5.85010441458787,85.79474827600716,150.88642707953258,6.378048632062756,38.62732966885192,0.06999986615368137,6.351927595676987,38,38,0,5.500001395708299,"[1563.032053198638, 141.37102772989965, -107.55788371265002]","[-38.45716297823429, -3.4962707218802223, -0.9451476345083973]"
Optical_A-T0046,Optical_B-T0020,False,reprojection,5.740222828451293,83.42104143251758,217.11338520543046,6.167289319909735,50.01601564542399,0.08999906942690039,6.361457277938141,37,37,0,5.305003230753396,"[1484.3464228576304, 77.95305775299528, -108.03960840222625]","[-48.375624327824156, -12.668428822476287, -0.9548314544342437]"
Optical_A-T0046,Optical_B-T0021,False,reprojection|speed,5.942049024634769,100.67129281215446,130.99492079546553,7.3638001811732945,32.62633005336712,0.07499962804519367,6.192705922615411,45,45,0,6.305000842283366,"[1548.9177124663142, 152.02542161614537, -106.34597732171017]","[-32.60025220568498, 1.2833052770507436, -0.23258642022206488]"
Optical_A-T0046,Optical_B-T0022,False,reprojection|speed,4.276219594468818,57.316761029311834,77.01395411266174,4.33588233644725,33.447464428490825,0.05999999999999961,6.4155786227031735,45,45,0,6.305000842283366,"[1620.7227214604845, 205.5017689298502, -110.21734303659532]","[-33.39371061097458, 1.8853488799162506, -0.19603042274401328]"
Optical_A-T0046,Optical_B-T0023,False,reprojection|speed,3.485809896314651,46.2708444633347,62.73876916173573,3.5273136664768203,33.87639393482919,0.05499832866685317,6.468094530925265,45,45,0,6.305000842283366,"[1637.0980119302499, 217.6627118458158, -111.25675269719]","[-33.826367834462744, 1.832256681724715, -0.17245465384009329]"
Optical_A-T0046,Optical_B-T0024,False,reprojection,5.997517685424347,173.71597951459736,292.2141738976627,12.60643368499391,43.05673764982576,0.08000000000000007,6.185347585516712,45,45,0,6.305000842283366,"[1539.0149984609664, 143.33531037576427, -101.4394018468867]","[-42.53305693136981, -6.652102508629085, -0.7558156742673057]"
Optical_A-T0046,Optical_B-T0025,False,reprojection,6.02570820508238,207.21421179591974,272.8245747286977,15.163190737310952,47.661554798873176,0.07499827727666464,6.2274662863828585,45,45,0,6.305000842283366,"[1549.5070331001164, 150.5712550204853, -97.92332910913909]","[-46.71282795829404, -9.44385944633241, -0.5907865458282433]"
Optical_A-T0046,Optical_B-T0026,False,reprojection,5.390376097975697,73.32246702393738,101.25549354069038,5.636276747744478,35.73266121013331,0.055000859334040086,6.5395762295080155,45,45,0,6.305000842283366,"[1658.205905428392, 233.15824324293368, -109.15457504614]","[-35.72410446412721, 0.7450413907611733, -0.2373830666766541]"
Optical_A-T0046,Optical_B-T0027,False,reprojection,6.044446912187279,181.85540027696604,242.96463485198424,14.126823378577512,41.462179528781036,0.04999999999999982,6.624002526460254,45,45,0,6.305000842283366,"[1680.5261492018785, 249.21442268800115, -100.10838926608427]","[-41.33560007066842, -3.195998713415605, -0.5158394115146563]"
Optical_A-T0046,Optical_B-T0028,False,reprojection|inlier_ratio,0.7502329190494126,8.908737307893732,17.307427188791834,0.7067471801571346,42.47359599822415,0.04499882682804568,7.6047790650237115,45,38,7,6.305000842283366,"[1695.8416725368274, 260.2679042346446, -114.87567675131318]","[-42.314552168610746, -3.6707177640848556, -0.10422517313023061]"
Optical_A-T0046,Optical_B-T0029,False,reprojection,5.933088778189636,148.71427505465786,198.04011286040873,11.361419716406969,44.54275825440649,0.05499777454973653,6.51614226151001,45,45,0,6.305000842283366,"[1644.9670053047932, 222.1316350392806, -102.74937127669622]","[-44.144432881846654, -5.930937447872253, -0.38773630222186517]"
Optical_A-T0046,Optical_B-T0030,False,reprojection,1.562591709755618,19.77438327608829,35.03837122679102,1.5809416603601931,37.22521534508159,0.034998791704708765,6.826363098902516,45,45,0,6.305000842283366,"[1744.5848156650725, 297.43399291365824, -114.56526323632909]","[-37.209583348313004, 1.0705976177980858, -0.13185322677285827]"
Optical_A-T0046,Optical_B-T0031,False,reprojection,5.87882047865564,87.29570285234082,119.3647871088353,7.1744681056104165,35.950315651356476,0.024999151884584236,7.033982519380194,45,45,0,6.305000842283366,"[1806.3359949600929, 343.8081231146329, -108.85197708852576]","[-35.80853731338513, 3.1760043011063317, -0.2946991473102232]"
Optical_A-T0046,Optical_B-T0032,False,time_delta|reprojection,3.127552849692945,40.27482761680505,73.58276768101382,3.4200496402673477,36.58884185339365,0.2172662367771223,11.613976902736002,32,32,0,4.707500126292411,"[1826.202320038261, 311.76966548801374, -112.56305098556906]","[-36.526207077746136, 1.975109232823172, -0.8237039545102569]"
Optical_A-T0046,Optical_B-T0033,False,reprojection,5.7486108929389,85.38766864246475,119.14554169957988,6.801554524230183,48.58696083758374,0.040000000000000036,6.834539329770925,45,45,0,6.305000842283366,"[1739.7046104632245, 292.19789260244414, -108.53373840630262]","[-48.03611862576582, -7.291886411917744, -0.2290488156246786]"
Optical_A-T0046,Optical_B-T0034,False,reprojection,5.920851959465668,114.32610881643201,159.02005939056536,9.279594284927196,38.30630282379321,0.02999999999999936,6.953008054205722,45,45,0,6.305000842283366,"[1781.5789700576481, 324.98378027790335, -106.34799244318675]","[-38.29498654020588, 0.8662716626301972, -0.34119689348183213]"
Optical_A-T0046,Optical_B-T0035,False,reprojection,6.066372356007769,172.84484562979813,239.8000375290137,14.268999765615304,38.482950359333124,0.025001238669507764,7.087609536671229,45,45,0,6.305000842283366,"[1820.1568682001507, 353.93492022484463, -101.32549233042016]","[-38.4547715990671, 1.3934941890532855, -0.4755876023977743]"
Optical_A-T0046,Optical_B-T0036,False,reprojection,5.949844424449133,158.342040661082,233.94516158134192,12.684535597338927,54.26546776242857,0.03257562103057188,6.749466888936308,44,44,0,6.289999910876695,"[1754.0243425011704, 301.83662910613964, -102.62278441231891]","[-53.14580530838117, -10.952289633560042, -0.5583201424192978]"
Optical_A-T0046,Optical_B-T0037,False,reprojection,5.801117933673302,100.440237947282,139.56020772071093,8.584621979820424,47.64029529380675,0.018244666918236785,7.392502849679111,45,45,0,6.305003235262493,"[1900.9255371058564, 412.73885770770977, -108.09522424303856]","[-47.45876720601217, -4.143509077186167, -0.30738167467371813]"
Optical_A-T0046,Optical_B-T0038,False,time_delta,1.0556503695933244,0.49189557330702466,2.368195644230293,0.04268193372196751,50.01007207336284,2.615003230753396,43.26230100359191,27,27,0,5.305003230753396,"[1939.1708988537084, 409.83194918219, -117.2220150706722]","[-49.64859598087679, -6.0020184859697565, 6.84682381658086e-05]"
Optical_A-T0046,Optical_B-T0039,False,reprojection,6.166233859335303,216.7229463997818,290.9838795590559,17.814811401030287,38.98605576884616,0.022502120594783293,6.790803684783658,44,44,0,6.500001474807747,"[1807.6556691686174, 350.52915818515226, -97.96110346036006]","[-38.973413347348384, 0.9184367355840664, -0.3769223143293168]"
Optical_A-T0046,Optical_B-T0040,False,reprojection,0.7330149709521214,8.201280654172626,9.892007991160847,0.5845505915650437,40.037612592430534,0.08500045243451781,5.771711770433632,44,44,0,6.500001474807747,"[1479.9136171239074, 104.15270933660554, -112.95191198912839]","[-39.69979336129919, -5.190051063425855, -0.014111368777917271]"
Optical_A-T0046,Optical_B-T0042,False,reprojection,4.281307391582651,57.842959289235154,67.60816499901927,3.6929728988818558,38.38666958720782,0.13749894633393644,5.182724158817289,44,44,0,6.500001474807747,"[1252.334478895484, -66.26557559496294, -107.63557043129579]","[-37.65395436388537, -7.463940433066362, -0.07560404447404939]"
Optical_A-T0046,Optical_B-T0043,False,reprojection,5.903160267686781,151.43490798483418,186.0433314777507,9.571025855515058,46.41271411970165,0.14249976665082942,5.15869666062968,44,44,0,6.500001474807747,"[1237.0331351767322, -78.72270548419046, -101.46443863121449]","[-44.57606098171452, -12.926380403737234, -0.1533263496554138]"
Optical_A-T0046,Optical_B-T0044,False,reprojection|inlier_ratio,0.7759997091390195,8.24499635979377,15.94149858964868,0.5166433831831044,40.005280811936984,0.1449978926678721,4.20427237096007,41,30,11,6.165002015282441,"[1215.1276578891955, -100.59728396819003, -111.26238978293411]","[-38.951893175018576, -9.119765109909011, 0.04894143399303008]"
Optical_A-T0046,Optical_B-T0045,False,reprojection,5.729987409786689,78.04275727589079,88.2420556747279,4.771228837836931,36.57183215442958,0.15679230343536732,4.996341800342883,44,44,0,6.500001474807747,"[1170.415294021455, -127.43160522042538, -105.74524547316085]","[-35.80653020308772, -7.441908123977328, -0.09646461224967018]"
Optical_A-T0046,Optical_B-T0046,False,reprojection|speed,6.028135847746426,153.8023910677065,188.23021121045272,9.036823871210302,33.77788621748716,0.17249756426416418,4.840574763154771,44,44,0,6.500001474807747,"[1095.983491760526, -182.79838032209085, -100.80799171796446]","[-33.125332497652906, -6.605663324607264, -0.1521718876392817]"
Optical_A-T0046,Optical_B-T0047,False,reprojection|speed,5.915198270924441,96.64611521309556,179.72209995919357,7.217747060762308,34.62787322565281,0.06500213993833448,9.89650187125182,31,31,0,5.235001449038121,"[1550.8705605795087, 126.45572021855979, -107.62329241942312]","[-34.592456974185716, -0.854228830127596, -1.31218052369778]"
Optical_A-T0046,Optical_B-T0048,False,reprojection,5.917102200404272,106.54849528093402,146.64281825129098,6.586257606207829,36.39079605659661,0.15000087809270735,4.718016973991684,42,42,0,6.770002546378482,"[1182.302643326721, -113.13059776342291, -104.62644735047746]","[-35.716778108712916, -6.971428580632564, 0.03134822025214121]"
Optical_A-T0046,Optical_B-T0049,False,reprojection,6.0796814431224036,216.33746534073913,272.70946018647925,12.468416069938428,39.21123844507981,0.17918836804692173,4.485108113037882,42,42,0,6.784596291355589,"[1064.7648509895794, -201.76985155256932, -97.39683592183124]","[-37.771785265557355, -10.526465706500112, 0.08353430077574653]"
Optical_A-T0046,Optical_B-T0050,False,reprojection,4.522528723589997,61.584657282374316,134.46937234529662,3.855526352090897,41.40653621603452,0.1574996386669647,4.556831977347038,40,40,0,7.000001666204024,"[1174.7507796775897, -114.94347254869346, -107.5980500721834]","[-40.107097725915594, -10.291727865479253, 0.0478639379094329]"
Optical_A-T0046,Optical_B-T0051,True,,0.08053214217099586,0.8519590042690672,3.110525625780198,0.06545827666336977,50.00127419609311,0.020002028416042705,6.289215740471158,38,38,0,7.302499154291532,"[1840.0337178098403, 397.87139986206694, -117.22217501793871]","[-49.64053232617972, -5.995412546805369, -1.2233508721593012e-06]"
Optical_A-T0046,Optical_B-T0054,False,reprojection|speed,5.944248482015548,107.97293584780518,195.42661353578976,7.445017744223646,34.26593358092622,0.10531042927383982,7.450161185668445,32,32,0,8.000001965396887,"[1456.0813953642792, 124.8291737516267, -108.0094426266309]","[-34.24876048085213, -0.568264412846446, 0.9239508941286222]"
Optical_A-T0046,Optical_B-T0056,False,reprojection,3.6798557699671064,49.4860460270734,82.76718986160566,3.8085334335958163,37.437216834531384,0.05166220306996294,9.078488602095112,31,31,0,8.27500005881401,"[1694.8271392187085, 317.8718807545527, -113.04849892421889]","[-37.41039519327872, 1.3088548028482023, 0.5426185616891848]"
Optical_A-T0046,Optical_B-T0057,False,reprojection|speed,3.187372510546812,41.48557398247071,70.3560847746323,2.8091459099702027,32.260745718056725,0.12000107970551355,12.18280078033261,29,29,0,8.315003107410465,"[1418.1677700297355, 103.648197363624, -111.39863697495242]","[-32.255091783216315, 0.4181414694396466, 0.43580506300566063]"
Optical_A-T0046,Optical_B-T0060,False,time_delta|reprojection,6.099689713089517,169.55521692766965,293.29979589862114,10.930428180244869,40.24303810362195,0.3192429297052257,14.68461988761802,28,28,0,8.500001574065925,"[1327.2152734389072, 36.452432197117304, -103.79051632562452]","[-39.68013004244704, -6.3840649278207735, 2.0574524590931427]"
Optical_A-T0046,Optical_B-T0061,False,time_delta|reprojection|speed|not_inbound,4.53311448116362,48.960861573872954,137.41449500432253,3.220821040803531,18.792466756884817,1.4800003670115807,29.404111702095914,25,25,0,7.69,"[1325.063397306954, 18.58526222265296, -111.69062292613177]","[-15.054905516412497, 11.24751635154563, -0.0016193292432885031]"
Optical_A-T0047,Optical_B-T0002,False,reprojection,5.763853516984773,95.81810881703078,114.31033900316031,6.179322659350521,49.096765300076406,0.12000106524379195,5.692153545661216,45,45,0,6.26,"[1316.6536233088163, -284.4107654684603, -97.55558695238695]","[-48.29420346296209, 8.837953053605986, 0.22991439942616543]"
Optical_A-T0047,Optical_B-T0004,False,reprojection,5.788493052955335,95.41485409548811,251.44441135050735,6.966051943621547,51.98941488666882,0.1000004335084741,5.879905172001044,45,45,0,6.26,"[1398.5222603138604, -239.87227542539443, -95.95849935865586]","[-51.09702497216463, 9.589074373629416, 0.20724842380229602]"
Optical_A-T0047,Optical_B-T0007,False,reprojection,5.799995148701567,91.52452768528768,135.27145189582495,6.325645077678665,55.054375755573645,0.10000082516996134,5.950179925863228,45,45,0,6.26,"[1425.782448316925, -225.62819427160343, -96.83386577947894]","[-54.41760593646714, 8.344396861370114, 0.28194857550230146]"
Optical_A-T0047,Optical_B-T0009,False,time_delta|reprojection,5.898292468270868,68.28221952825534,155.31219213883367,5.056944807502261,46.8634832795794,3.315003139647374,46.27102732107214,26,26,0,5.50000270240098,"[1481.6264708253302, -222.2654374954957, -92.44033228004191]","[-44.44585369752174, 14.83251499250548, 0.8652474738543929]"
Optical_A-T0047,Optical_B-T0012,False,reprojection,5.906775289300357,127.21749947153191,215.78901953082286,10.040501002276084,56.75773440007074,0.05500130625199695,6.895741431142251,37,37,0,5.255002798697298,"[1687.6528219707686, -125.47511640074637, -99.00183215175187]","[-55.02277319040793, 13.823299874830624, 1.6885571463254765]"
Optical_A-T0047,Optical_B-T0013,False,reprojection,5.993690425870986,145.06776573356345,229.68809360030366,10.824068472165896,62.637418213121,0.06500054777164088,6.419678147330162,45,45,0,6.26,"[1609.9858591223137, -125.6044889817441, -100.18056364967026]","[-61.982281806120454, 9.022281862148915, 0.4912560554644334]"
Optical_A-T0047,Optical_B-T0014,False,time_delta|reprojection|speed,2.5793280469549105,31.912271334445123,53.0097169873057,2.6190525920168977,65.1218104689709,0.28500071702309526,11.105756318824902,32,32,0,4.7675011899175805,"[1738.8487640184703, -121.12408961280889, -86.0447205208243]","[-64.56004112369335, 8.515512580462314, -0.5808049204168826]"
Optical_A-T0047,Optical_B-T0015,False,reprojection,4.866240877688949,66.53767101210455,100.43763357748885,5.241991624355334,60.41169378261126,0.0400009428512913,6.790582187957362,45,45,0,6.26,"[1753.3330342914855, -45.659952798036414, -93.09819617767]","[-58.46290652101925, 15.219276693762524, 0.1868788839175365]"
Optical_A-T0047,Optical_B-T0016,False,reprojection,5.90605354819279,104.26981716789487,180.4188603794352,8.685229129049466,61.69699044634576,0.03500178099246165,7.6220246493220545,36,36,0,5.240000907873304,"[1800.469109528892, -67.99300497523173, -96.74510910407793]","[-60.096745796241535, 13.86980867438374, 1.5900258407946162]"
Optical_A-T0047,Optical_B-T0017,False,reprojection|speed,6.046106406004629,121.48867506377951,209.9633228570695,9.834660558151485,71.54883393474398,0.04999999999999982,7.0187535458800525,37,37,0,5.255002798697298,"[1731.8366482932224, -105.27993437311177, -98.63858313923453]","[-71.35699150247363, 4.987853765149154, 1.5927071152491574]"
Optical_A-T0047,Optical_B-T0018,False,reprojection|speed,5.040464975777168,67.23711093285287,124.43199857127836,5.735035658213778,72.26806087780339,0.02499902387031483,7.154720863295376,38,38,0,5.50000270240098,"[1866.363918845476, -23.48761606743276, -93.18525627207808]","[-71.6875974584288, 9.10409787632284, 0.8224326929936682]"
Optical_A-T0047,Optical_B-T0020,False,reprojection|speed,6.097184320163171,97.0978691337181,148.1458225662044,8.005130015273844,82.3882479638962,0.04499822714353385,7.110597888427463,37,37,0,5.255002798697298,"[1764.1142589377428, -90.44649996026901, -94.75746907080597]","[-82.38098783337028, -0.860937410637078, 0.6745612896612152]"
Optical_A-T0047,Optical_B-T0021,False,reprojection,5.627858349028812,76.55813771468225,112.92455536261674,6.285374363045564,64.78367854901816,0.03499998308731378,7.031854202164016,45,45,0,6.26,"[1835.9851826623135, -1.1153033448705685, -93.82438462718737]","[-63.05469353605281, 14.864170100099408, 0.29508753326056764]"
Optical_A-T0047,Optical_B-T0022,False,reprojection|speed,6.023319148864637,122.09395515765941,170.5186668742546,10.440427771424677,68.67897578012911,0.024999354549925634,7.334161207044689,45,45,0,6.26,"[1937.198983989236, 53.93484042620457, -97.75249297448738]","[-66.91550226708112, 15.457340042157991, 0.433485147290746]"
Optical_A-T0047,Optical_B-T0023,False,reprojection|speed,6.069431366326054,134.00220997333503,186.03718987599913,11.572962600212415,69.88711357956213,0.02500258707923564,7.406358308814252,45,45,0,6.26,"[1960.6297085120746, 66.60131155163806, -98.84911757335958]","[-68.17168180300908, 15.381621112344376, 0.4859800285805]"
Optical_A-T0047,Optical_B-T0024,False,reprojection|speed,6.0635813348146295,116.02880498368268,399.4176799781335,8.965204185881195,76.65285193307272,0.03500054777164063,7.042279889257153,45,45,0,6.26,"[1827.0190199318906, -9.19906895730358, -88.04673062316671]","[-76.37534724051324, 6.497589719191083, -0.49736425852782384]"
Optical_A-T0047,Optical_B-T0025,False,reprojection|speed,4.1285866371868,53.02260720738403,112.08646727090854,4.430295878369166,82.47256149524497,0.03000302135679167,7.10740683791811,45,45,0,6.26,"[1843.9541982704914, -1.4467797809419523, -83.83286541786046]","[-82.39142829235806, 3.6345021589635493, -0.4078450547377787]"
Optical_A-T0047,Optical_B-T0026,False,reprojection|speed,6.02950056938177,105.90902097046416,150.47184374961853,9.240782573620743,73.08633794303935,0.020938894971477495,7.5082931483894795,45,45,0,6.26,"[1991.8688022027063, 82.93366606542588, -96.13748239471794]","[-71.6936539083699, 14.195112523433192, 0.3627170220735962]"
Optical_A-T0047,Optical_B-T0027,False,reprojection|speed,3.071109809710523,38.304776680409105,124.27907810625415,3.322224453154941,81.19563813919831,0.029996908121391996,7.634621496558371,45,45,0,6.265000753149579,"[2027.0245951108177, 100.39250134398054, -85.02734862483106]","[-80.5899304156959, 9.897351606115407, -0.19287200380697622]"
Optical_A-T0047,Optical_B-T0028,False,reprojection|speed,6.323663431065904,174.25823774178423,261.856332052523,15.58900912493117,82.99098432011372,0.029994671001130513,7.7068745422304445,45,45,0,6.264998638879785,"[2049.0398890546803, 112.36545462599197, -102.47290585539638]","[-82.45298407264777, 9.40848757825897, 0.6994693894677848]"
Optical_A-T0047,Optical_B-T0029,False,reprojection|speed,3.6510061737388826,46.18393084266512,137.53780111696116,3.916224671994067,83.24387740578942,0.03000000000000025,7.496061259304189,45,45,0,6.26,"[1977.6070823830148, 72.23862416067962, -88.60747813058609]","[-82.94265103113894, 7.075252311304249, -0.023879032397359987]"
Optical_A-T0047,Optical_B-T0030,False,reprojection|speed,6.272704023580331,166.31511107991201,231.65903419868567,15.272175030131864,78.83217762235374,0.03000000000000025,7.895137831559771,45,45,0,6.2749994620704275,"[2116.123493332374, 151.19039330341025, -101.8770370948374]","[-77.51813027192118, 14.319693388841472, 0.6309430064255775]"
Optical_A-T0047,Optical_B-T0031,False,reprojection|speed,6.097040685594831,94.92200070425541,138.8693409077797,9.004429014945632,80.05025535238853,0.029999471928154442,8.174139642374659,45,45,0,6.284999615912888,"[2205.9965755887574, 201.08332121686175, -94.32736193047]","[-78.34884527879139, 16.41263715352852, 0.35660500449714516]"
Optical_A-T0047,Optical_B-T0032,False,time_delta|reprojection|speed,6.223112339673553,90.81159730585236,162.44225873549922,9.238623575829914,80.38529260840038,0.25629795177485826,13.065873049230348,32,32,0,4.732500126292411,"[2266.9587859176368, 144.6203876005935, -94.85107890645412]","[-79.09019056598018, 14.216549907037717, 2.103980208033185]"
Optical_A-T0047,Optical_B-T0033,False,reprojection|speed,6.232366779207652,100.86828153577638,174.04022188641426,9.191259970185614,92.91365287419784,0.032498772141221544,7.933141910677504,45,45,0,6.275001212307561,"[2115.1736395543617, 146.746430400274, -94.66650430469163]","[-92.76685145785349, 5.21266417847383, 0.2937570185259364]"
Optical_A-T0047,Optical_B-T0034,False,reprojection|speed,5.057199716436739,65.84483647038779,99.35484159431225,6.136969227661917,81.992588400392,0.030000000000001137,8.064544842063365,45,45,0,6.29,"[2170.463238926635, 181.06695039652928, -91.53088498807499]","[-80.79256092457152, 13.97501395402304, 0.21362778460574217]"
Optical_A-T0047,Optical_B-T0035,False,reprojection|speed|inlier_ratio,0.9058026980782795,7.344916449006399,17.75971140758761,0.7095378663994641,84.08726123064253,0.03000511341175205,6.723637793976056,45,33,12,6.29,"[2228.0308950972217, 211.59668873529208, -84.95616013100464]","[-82.88872978258644, 14.146550595206207, -0.03290223330321984]"
Optical_A-T0047,Optical_B-T0036,False,reprojection|speed,3.693252319133601,44.106144318425685,112.22643715593034,4.039166001838565,101.11040482560055,0.034998288378014664,7.83678585080184,44,44,0,6.2674994897350125,"[2138.4189162483885, 157.04579672134764, -86.9172821451025]","[-101.1059569309608, 0.9467167466195008, -0.0562536505385024]"
Optical_A-T0047,Optical_B-T0037,False,reprojection|speed,6.301190391932981,88.12875739908182,168.38849011473005,8.737300114335438,100.48296295163803,0.04500323526249339,8.693833297453157,45,45,0,6.305003235262493,"[2352.6472473694757, 278.0944092368325, -92.50298279723572]","[-100.18795236250304, 7.6896978884042255, 0.2618994733757809]"
Optical_A-T0047,Optical_B-T0038,False,time_delta|reprojection|speed,7.450537232999557,112.99705839576849,192.8561421529692,12.895642352934729,104.31995613421455,2.565002798697298,43.39823683590397,27,27,0,5.255002798697298,"[2444.325902174161, 262.2478630227438, -93.61380070634081]","[-104.16623898832606, 4.866722686021603, 2.8918701853215807]"
Optical_A-T0047,Optical_B-T0039,False,reprojection|speed,3.404419642075378,42.34388072519477,57.37230693460873,4.093579949805069,84.42732399202036,0.030002284049351235,7.864750366761487,44,44,0,6.502502606976437,"[2203.4311509157615, 211.4658429428755, -80.57083973997183]","[-83.26438863768081, 13.963629317932941, -0.1779817917413189]"
Optical_A-T0047,Optical_B-T0040,False,reprojection|speed,6.143303047601757,170.26198441442673,237.35591070852578,13.493660300658364,70.7090768319827,0.0425004026621294,6.489055886291258,44,44,0,6.497500008456344,"[1736.812233065612, -46.31843690910466, -101.85711025103953]","[-70.22657037355162, 8.235025114652771, 0.43211267150136967]"
Optical_A-T0047,Optical_B-T0042,False,reprojection,5.886837605261185,110.36829131979597,158.6622748876062,7.648334342256811,60.04241502625585,0.09500026542947726,5.715620185000183,44,44,0,6.497500008456344,"[1432.6388410457355, -213.91826624729066, -97.74509935554131]","[-59.76968320431281, 5.7129699159433756, 0.1963328316087083]"
Optical_A-T0047,Optical_B-T0043,False,reprojection|speed|inlier_ratio,1.0834641041437474,11.335853414076384,13.751108442942567,0.7877310540406116,68.10927244979419,0.10000108574637023,5.8897987140549395,44,9,35,6.497500008456344,"[1415.325507368574, -225.82342570254292, -90.91522745130445]","[-68.10808447912272, 0.40085684308164105, -0.03370484134789703]"
Optical_A-T0047,Optical_B-T0044,False,reprojection,6.004889968838076,164.34854247181977,220.69378113143273,11.231330583785757,60.631498039006175,0.10499998308731318,5.380298254535767,41,41,0,6.165002015282441,"[1386.3708016310159, -252.31145849139415, -101.6370909922969]","[-60.52888154447433, 3.4332750339895597, 0.8035396505392565]"
Optical_A-T0047,Optical_B-T0045,False,reprojection,5.788702928360728,85.51812206754164,129.1813697711316,5.650754788692683,55.280662565012854,0.11429362253090813,5.472021848469522,44,44,0,6.497500008456344,"[1326.568891455433, -272.0576445397644, -96.33887483620103]","[-55.007269166503676, 5.489554467714015, 0.12955391398296]"
Optical_A-T0047,Optical_B-T0046,True,,0.17593935865286384,1.4409754858459864,4.221392268372518,0.09337389235334546,49.99466041298997,0.129998883359705,5.265737123505707,44,44,0,6.497500008456344,"[1231.7063256116303, -323.7706151360304, -91.46899040643274]","[-49.632860853661015, 6.003764926292774, 3.3584920076323854e-05]"
Optical_A-T0047,Optical_B-T0047,False,reprojection|speed,3.117167401256491,40.997358512232104,115.54013708352234,3.614377987210658,66.98813445614626,0.015002139938334658,10.539498624093042,31,31,0,5.235001449038121,"[1850.8453661172612, -42.97534227724667, -90.6495500488757]","[-65.95790204955028, 11.68110283103049, 0.7191326633872266]"
Optical_A-T0047,Optical_B-T0048,False,reprojection,4.159018450836797,57.117639897227065,71.25892875021454,3.7666119675636667,55.52727469867516,0.10999972952895298,5.161536109303014,42,42,0,6.790001501168761,"[1337.3303631454746, -255.2563603397332, -94.3863714545634]","[-55.17684006017234, 6.228526990933688, -0.0028212588836505903]"
Optical_A-T0047,Optical_B-T0049,False,reprojection,5.302670400464386,73.35840430195638,102.25668161968962,4.503874736893993,54.597589183877,0.1391904584663628,4.868770707038845,42,42,0,6.804595246145868,"[1189.8815722443771, -338.25461956708347, -87.47268479693918]","[-54.5446406711049, 2.402913981485284, -0.07016515541347795]"
Optical_A-T0047,Optical_B-T0050,False,reprojection,5.881307674753745,107.64393124599502,158.22363094254058,7.018288971680582,60.45427433063253,0.11500129641464474,4.980226870552865,40,40,0,7.000001666204024,"[1326.8669541822494, -254.61524879663133, -97.1726642976542]","[-60.363197656795194, 3.301197660391665, -0.32518840243025926]"
Optical_A-T0047,Optical_B-T0051,False,reprojection|speed,6.579854679763576,187.9003522849179,240.7411568167526,18.107255658545732,101.08514173618488,0.02999776081142258,7.293516657567963,38,38,0,7.279999428177352,"[2232.3636888010765, 272.59971246665384, -100.49151572602239]","[-100.85326837132753, 6.764465619392126, -1.032542265300989]"
Optical_A-T0047,Optical_B-T0054,False,reprojection,4.989660001738235,67.63304612967745,138.95143855921245,5.041733814270485,63.874873460294026,0.0769792224350212,8.16239496874319,32,32,0,8.000001965396887,"[1674.8846246101589, -6.001287272323994, -91.41885102878267]","[-62.35974351488974, 13.808233292572593, -0.7710652784496483]"
Optical_A-T0047,Optical_B-T0056,False,reprojection|speed,6.1140717585788105,116.75708789697231,187.81245396684588,10.037063730684922,78.785658641226,0.024999789392325056,10.192230668968639,31,31,0,8.27500005881401,"[1992.0036545324679, 198.61107996107978, -93.80810500961785]","[-77.25297879328035, 15.381287877695257, -1.6041378744449895]"
Optical_A-T0047,Optical_B-T0057,False,reprojection,5.910027808052541,109.07575759951762,176.76469463797986,8.004083623510098,60.594115956888196,0.10000318502109629,13.091933221638602,29,29,0,8.275002587079236,"[1621.681309960716, -23.417581708755726, -94.2325167953855]","[-58.76909933969442, 14.698842232628522, -1.335622857784933]"
Optical_A-T0047,Optical_B-T0060,False,time_delta|reprojection,2.891276016646465,36.18603710381655,60.81504045800274,2.5031323135053527,64.89937035505454,0.32924424252863194,15.20875707615526,28,28,0,8.499532096022929,"[1498.910044282431, -88.66750916970622, -86.65086349570436]","[-64.31458174156049, 8.679978032264955, 0.4699247280840768]"
Optical_A-T0047,Optical_B-T0061,False,time_delta|reprojection,6.556868713239401,122.24995595683077,270.47160333152067,8.687249737565462,47.158234989551424,1.499998261695998,26.715002108515375,25,25,0,7.73,"[1521.965449961335, -105.9180238438577, -92.5756098768792]","[-42.858944842881364, 19.659000077807676, -0.7305410497451035]"
Optical_A-T0048,Optical_B-T0002,False,time_delta|reprojection,1.5194222695508997,16.532250464709318,34.4466665701577,1.1190501156201793,46.414619695359626,0.5999999650537848,11.813562541705245,31,31,0,4.844920945051401,"[1410.3117988805, -321.53374755560947, -102.67971019481577]","[-46.047705203498424, 5.823645025371974, -0.10452547550697866]"
Optical_A-T0048,Optical_B-T0004,False,time_delta|reprojection,5.397418625581547,71.3527412828916,255.72452703347534,5.940880715345322,50.77280213083608,0.5850001940867351,11.941250409661182,31,31,0,4.825000035921187,"[1498.664587999932, -276.93854856805973, -100.78820968684707]","[-50.1364790121651, 8.01315947890879, 0.01355158054074717]"
Optical_A-T0048,Optical_B-T0007,False,time_delta|reprojection,2.2489183252299365,26.922926411066346,121.99057741670643,2.223599552903606,52.78180509438505,0.5800004702851975,11.892384539526038,31,31,0,4.820253716077006,"[1533.3617129368013, -262.48648866818985, -102.20139926455651]","[-52.46323604335544, 5.790304247120787, 0.01376977115569164]"
Optical_A-T0048,Optical_B-T0009,False,time_delta|reprojection,3.3865841952707583,36.9358725792082,86.0108739087413,3.105562478554922,37.49884672881134,1.237501685919006,6.684923377860195,12,12,0,2.500002221546593,"[1643.050878686675, -280.7511124827698, -101.17828907417336]","[-34.9748502291893, 13.524915485280985, -0.004307280821032072]"
Optical_A-T0048,Optical_B-T0012,False,reprojection,4.393777292096062,61.196770929134104,99.0846527059275,4.971753521737195,51.195396692037,0.033981141842907014,4.700800041369219,23,23,0,3.7850011465870237,"[1803.5976408133865, -168.814121959007, -108.21851182655816]","[-50.1428335118403, 10.327427523343317, -0.09555422015592863]"
Optical_A-T0048,Optical_B-T0013,False,time_delta|reprojection,4.946784082062395,64.37550276312109,137.73164947788595,5.074959939630298,58.00531938760288,0.5500013513665829,12.395040438118485,31,31,0,4.79,"[1740.3305651306775, -166.27621238780068, -107.92812859955197]","[-57.77909624462431, 5.114022404218389, -0.19972296165370929]"
Optical_A-T0048,Optical_B-T0014,False,reprojection,5.901463060434655,105.3036098452494,161.1381548235296,8.799776020870743,61.5064710152189,0.02986871187175133,3.9596527171923213,18,18,0,3.227879398423566,"[1873.069280775844, -155.9299036506236, -89.2511722446494]","[-61.18402152621027, 5.931612243105505, -2.092238710960476]"
Optical_A-T0048,Optical_B-T0015,False,time_delta|reprojection,1.667950653375319,18.926728469230714,31.45151536634509,1.6141852047549754,53.92538593291364,0.5300029859410671,13.322109956669676,31,31,0,4.7700000000000005,"[1886.2513198707115, -95.76042610116676, -98.35212704718732]","[-52.74163516147104, 11.236324519883482, 0.11036209415891016]"
Optical_A-T0048,Optical_B-T0016,False,reprojection,2.9317061616370994,40.07001821510249,60.57254260141289,3.4481272740573776,55.77834949507133,0.014998813921970111,4.500441670270783,22,22,0,3.765,"[1929.119500033962, -111.73429518985405, -105.80846022743592]","[-54.778224876987835, 10.515192540831894, 0.0328260522809144]"
Optical_A-T0048,Optical_B-T0017,False,reprojection|speed,4.260455273490712,56.797290996653565,90.04720332832346,4.775676667272391,69.125846576976,0.024998813921969898,4.887284012848862,23,23,0,3.775000822709947,"[1875.8173092701177, -136.20979523172076, -107.7799043824922]","[-69.0729895126308, 2.702224422071211, -0.05261125718498916]"
Optical_A-T0048,Optical_B-T0018,False,reprojection|speed|inlier_ratio,0.8366715911496091,8.758243747666437,16.201480385074866,0.7884340707518779,68.23004170535413,0.012498620833593987,4.173496423871282,24,17,7,4.002433731998776,"[2018.7773505317077, -61.71960165809486, -100.27083087236294]","[-67.92963046590103, 6.395516499948684, 0.03556092489081711]"
Optical_A-T0048,Optical_B-T0020,False,reprojection|speed,3.9743973000639037,50.63612963662564,152.56161532436343,4.8053247284171645,83.02392823567422,0.020000207619211174,5.025054336121663,23,23,0,3.77,"[1927.3429168162982, -112.85023200229917, -101.79771937840356]","[-82.99872599812285, -1.7678611382973344, -1.0289846289465436]"
Optical_A-T0048,Optical_B-T0021,False,time_delta|reprojection|inlier_ratio,1.009553377668288,9.022341700457499,14.799297052266907,0.7923345630048104,58.54772707450668,0.5150001940867348,10.65135693031846,31,25,6,4.75500118607803,"[1980.3816134404099, -50.85042566582784, -99.78882425860863]","[-57.463120323548935, 11.216457153780091, 0.1312904782347815]"
Optical_A-T0048,Optical_B-T0022,False,time_delta|reprojection,2.584438556632381,30.80163630708359,57.016444069672566,2.9048448801431057,61.529819777069285,0.5000038743546158,14.13989984980002,31,31,0,4.75500118607803,"[2093.964145224273, 3.311272732235322, -105.95937200915597]","[-60.401830623683644, 11.725648397538995, -0.2162146242767118]"
Optical_A-T0048,Optical_B-T0023,False,time_delta|reprojection,3.2180916481665007,39.430763949505376,74.71414591624006,3.7754992280170523,62.70351673812563,0.505003171083136,14.25580512464721,31,31,0,4.75500118607803,"[2120.679460416588, 16.143710039858306, -107.66032694670368]","[-61.60128836550454, 11.701620105014182, -0.2904650689573672]"
Optical_A-T0048,Optical_B-T0024,False,time_delta|reprojection|speed,6.295219269946721,135.89260116969044,326.6516833690178,11.40932126421609,67.90082723175948,0.5200041094856083,13.012010252061527,31,31,0,4.76,"[1995.694968445474, -49.5063801424381, -90.90218300837753]","[-67.89835688531957, 0.5159490224782814, -0.2631874564442041]"
Optical_A-T0048,Optical_B-T0025,False,time_delta|reprojection|speed,6.337404767069984,99.3155332240106,181.27473030484194,9.063502643310727,79.4206542824298,0.5150001940867348,12.689480194556245,31,31,0,4.755003596138856,"[2018.442804536047, -33.91021404682592, -85.17214454851657]","[-79.41626370894373, 0.7254033338360273, 0.4137332038885789]"
Optical_A-T0048,Optical_B-T0026,False,time_delta|reprojection|speed,1.7236943173982444,18.043363172881158,32.52054260426074,1.7403997196148873,66.40467736549178,0.505003171083136,14.329131828481213,31,31,0,4.75500118607803,"[2158.8103482368633, 34.45201696122624, -103.86544456216409]","[-65.53166050577912, 10.731495039676815, -0.132896891449921]"
Optical_A-T0048,Optical_B-T0027,False,time_delta|reprojection|speed,6.151178041138274,78.57259152384322,140.03820659933555,7.751488475620589,74.57887065683846,0.5131620349877724,14.185336532817994,31,31,0,4.75500118607803,"[2210.793408814633, 57.86949572865668, -87.83505426441734]","[-74.31979018828397, 6.193082553194877, 0.47166016177378456]"
Optical_A-T0048,Optical_B-T0028,False,time_delta|reprojection|speed,5.923196983145984,75.09184654939686,132.04293105525946,7.471801407750948,76.45474282772862,0.515003171083136,14.26783722010566,31,31,0,4.75500118607803,"[2237.601919116248, 70.63121177144961, -113.3873104074577]","[-76.23602067249885, 5.763061485037412, -0.4289232986510917]"
Optical_A-T0048,Optical_B-T0029,False,time_delta|reprojection|speed,4.604304106531741,56.68963445380422,92.96212367717821,5.3878465023377,77.60567325874304,0.5100015401292444,13.674366285023178,31,31,0,4.75500118607803,"[2161.7964433348384, 33.8371165268233, -92.82264017709626]","[-77.53008355408348, 3.409903177293698, 0.31500216046935364]"
Optical_A-T0048,Optical_B-T0030,False,time_delta|reprojection|speed,4.937252568308118,61.85767287293471,120.15775232374546,6.415798508958527,71.7345041635889,0.5200008951420918,15.04697174475359,31,31,0,4.75500118607803,"[2300.945847862065, 102.74994660251933, -112.80340660491788]","[-70.87336205683786, 11.068639074066624, -0.5393212441335797]"
Optical_A-T0048,Optical_B-T0031,False,time_delta|reprojection|speed|inlier_ratio,1.1648426544869943,9.167920143016719,13.62295909161875,0.952928565635656,71.98502319876985,0.5300033443258068,11.053743750165928,31,26,5,4.75500118607803,"[2398.2995085929765, 149.48130454508117, -102.26935128825309]","[-70.78541312068411, 13.086817355471283, -0.06376335978321043]"
Optical_A-T0048,Optical_B-T0032,False,reprojection|speed,2.9470241707427975,37.36413460069821,55.492304156018484,3.904716824194202,72.76635796786046,0.049995807480436305,4.7310147712487165,18,18,0,3.2600000339091375,"[2442.5659229530243, 102.08744948460868, -106.0580294414219]","[-71.84107795691341, 11.52685331872361, 0.9664483763398635]"
Optical_A-T0048,Optical_B-T0033,False,time_delta|reprojection|speed,3.1623230939901523,35.036763597705026,77.51591301852643,3.3080333089509857,87.48741861048691,0.5300038466244401,14.265238499267717,31,31,0,4.75500118607803,"[2324.508570423297, 111.59882391623887, -102.29183746479124]","[-87.46778381168329, 1.8530021198530306, -0.03991670109645956]"
Optical_A-T0048,Optical_B-T0034,False,time_delta|reprojection|speed,1.6669971138789956,15.866195878481072,29.190098632825936,1.664968186118091,74.89203545851002,0.525003171083136,15.346626439735543,31,31,0,4.75500118607803,"[2364.669853219363, 133.21871776881858, -98.05407992387218]","[-74.10146796840456, 10.852178917739764, 0.14011703537215642]"
Optical_A-T0048,Optical_B-T0035,False,time_delta|reprojection|speed,4.899651182320029,60.446514905930556,117.33795443646768,6.59525369904987,76.61335515466509,0.5299994183263981,15.73957018400813,31,31,0,4.75500118607803,"[2429.139329744794, 164.25877385791355, -88.80612319677472]","[-75.7672140362719, 11.340992676303358, 0.5633385772728614]"
Optical_A-T0048,Optical_B-T0036,False,time_delta|reprojection|speed,5.004495721823523,59.33880061611997,101.33801361623125,6.1723247432200505,97.58361401349963,0.5000016825849354,13.053183980436597,30,30,0,4.735001736696098,"[2362.4560676876918, 129.0663030058396, -91.15993919250963]","[-97.5654598657105, -1.8375709337247486, 0.4075514588947732]"
Optical_A-T0048,Optical_B-T0037,False,time_delta|reprojection|speed,3.151762352039458,33.79764039491086,92.52184301374965,3.3956963722920537,93.62464808076851,0.5500025716777897,16.01302441879569,31,31,0,4.75500118607803,"[2592.4057720982773, 240.5509240619374, -100.30468354725679]","[-93.50759594434106, 4.680022432161593, 0.040236700456404734]"
Optical_A-T0048,Optical_B-T0038,False,time_delta|reprojection|speed,5.303870023376869,59.31557594421149,107.05498806244547,7.064671283303449,104.3185490649907,0.9200036507059788,7.306978287067044,13,13,0,2.69,"[2781.8354283346052, 227.2747239939548, -111.55708581460513]","[-104.13796743122396, 1.4649129461872405, 5.95797351272247]"
Optical_A-T0048,Optical_B-T0039,False,time_delta|reprojection|speed,6.339697637996132,92.80054034100915,177.31587478941327,10.082863703028787,77.32043081144455,0.4974996527446538,16.61909588324956,30,30,0,5.000000495995648,"[2403.2873021336077, 163.78499604877044, -82.4661179693884]","[-76.53107886329556, 10.966784246207055, 1.0828814268252995]"
Optical_A-T0048,Optical_B-T0040,False,time_delta|reprojection|speed,5.636014456484227,73.03046483016315,130.88376994215923,6.347037439791588,65.93560367846585,0.5025010136594509,13.557718369335745,30,30,0,5.0,"[1889.7362807179022, -87.08462728520222, -111.33500399653688]","[-65.78127332772277, 4.477857818378737, -0.5260239400758555]"
Optical_A-T0048,Optical_B-T0042,False,time_delta|reprojection,2.8759484241333455,35.74143843933619,69.43535914412124,2.686243005556056,57.07780437211728,0.5075029577780933,12.263586316081122,30,30,0,4.997499683763818,"[1554.4434209210679, -249.38666870765624, -103.76929759442754]","[-57.033845037916436, 2.2335896114483944, -0.16537708503505832]"
Optical_A-T0048,Optical_B-T0043,False,time_delta|reprojection|speed,4.401186635130002,55.84293165582293,107.29097178475365,4.167713737017659,66.86596553456938,0.5097959189911305,11.794636129702155,30,30,0,4.997573106061045,"[1548.2868163260025, -252.3459007673609, -93.70765270610406]","[-66.82687148626317, -2.2509246595556647, 0.39991549818920646]"
Optical_A-T0048,Optical_B-T0044,False,reprojection,5.706514567834479,78.51214658465227,149.00785222739282,5.657323247485227,58.97876262810685,0.07499980591326505,8.785795254644565,27,27,0,4.75500118607803,"[1499.8546224673182, -281.7893320449569, -110.0675126067433]","[-58.96816691084075, 0.9687931960574758, -0.5578279851994756]"
Optical_A-T0048,Optical_B-T0045,False,time_delta|reprojection,2.111842706409211,25.613938844326658,63.148109426367455,1.8787624858451202,52.728075643826685,0.5075030021751284,11.998923952544175,30,30,0,4.997499799971575,"[1436.4950706453074, -306.2649644893298, -101.20450124251953]","[-52.68456598106431, 2.14139683058724, -0.02980103926546257]"
Optical_A-T0048,Optical_B-T0046,False,time_delta|reprojection,4.296942550659822,56.81376112140907,118.47505377647627,3.703293814103253,48.60245315804583,0.5050016825849356,11.849716338706454,30,30,0,5.000001637173662,"[1328.355294632836, -356.26069136318984, -93.75271297956795]","[-48.45239846473686, 3.7912013867905614, 0.43626601884791616]"
Optical_A-T0048,Optical_B-T0047,False,reprojection,2.7913143058897467,37.27153226425775,59.66660107326603,3.377918430704043,61.66178972965819,0.009998356875144054,2.9877669943905687,17,17,0,3.7600000000000002,"[1990.9283776756477, -83.5505851239304, -97.67079473148792]","[-61.0312683704641, 8.775859635322114, 0.587266053925157]"
Optical_A-T0048,Optical_B-T0048,False,time_delta|reprojection,1.3194580422408018,16.09431106124348,28.66911867327655,1.1489400903526583,53.980535308262596,0.2500015545804799,12.47343004577696,28,28,0,5.204999867385801,"[1452.3774902796176, -290.125334454734, -98.86121333861723]","[-53.83871865147111, 3.9068769021608034, 0.16394817987404864]"
Optical_A-T0048,Optical_B-T0049,False,time_delta|reprojection,5.885839538895579,107.77775959175595,215.58028639905655,7.0638544912465635,53.545474845794196,0.2500014884982006,11.952889815367698,28,28,0,5.192499902956632,"[1300.2262145737639, -366.32325447203857, -88.19735025481268]","[-53.53482662710411, -0.006774561884640207, 1.0677867637288947]"
Optical_A-T0048,Optical_B-T0050,False,time_delta|reprojection,2.242707052601727,25.96374982672566,45.01815578729578,1.9135835048390553,59.36877522314583,0.5851211812798303,13.288388596045658,26,26,0,5.540000100201052,"[1443.731789612096, -285.28104971997885, -103.08842643231938]","[-59.358638947985895, 0.9828879648112263, -0.4872217028165621]"
Optical_A-T0048,Optical_B-T0051,False,time_delta|reprojection|speed,6.318265260884265,72.29760740924506,122.63311914134421,7.747244652892405,97.15414921443467,1.2549985115017994,20.311084891702574,24,24,0,5.997500448599238,"[2449.560951731189, 236.75967613449515, -114.42284587188408]","[-97.04245739303094, 4.218675089012152, -1.973056815136967]"
Optical_A-T0048,Optical_B-T0054,False,time_delta|reprojection,4.449311087478526,47.02245564169835,100.70266725741627,3.7081626288021345,58.812122312662325,3.532618733922427,23.55552616889181,18,18,0,7.500000575604827,"[1765.9034830397165, -48.86378586767099, -98.71553376832618]","[-57.90277169273593, 10.299576806306767, 0.23125490143921107]"
Optical_A-T0048,Optical_B-T0056,False,time_delta|speed|inlier_ratio,1.8277441895102478,7.9567786169915395,12.348000583786924,0.7753362306811235,71.292999190027,4.030001988293639,47.82924445875681,17,9,8,7.725003504502299,"[2123.800544119392, 153.78716419367916, -106.31315188328634]","[-70.2486840395551, 12.101955568663428, -1.1648157081883581]"
Optical_A-T0048,Optical_B-T0057,False,time_delta|inlier_ratio,1.6387836674974692,7.772392519155445,12.492827031358146,0.6326934701328516,54.44385100991961,4.535000194086734,47.97217487769859,15,9,6,8.22,"[1687.0056664665951, -64.90493575210607, -105.60547730136169]","[-53.31046198435007, 11.010074464560475, -0.9517437104199071]"
Optical_A-T0048,Optical_B-T0060,False,time_delta|reprojection,3.773020633677515,37.03895751215434,62.89565939010751,2.837386832329223,62.45162343902698,4.993726607431561,22.71732695294227,14,14,0,7.02500135583645,"[1640.5141976192504, -133.30896897833284, -91.00777913008008]","[-62.14143234680893, 5.5916070631573405, 2.716907526626974]"
Optical_A-T0048,Optical_B-T0061,False,time_delta|reprojection|speed|not_inbound,3.9360935459209085,38.17542174473567,78.9916336038512,2.8546690018225,29.568326780119538,4.560133367865945,53.2255180720262,11,11,0,4.75500118607803,"[1618.962826403267, -223.92489676153752, -102.26365430479338]","[-20.95614433610298, 20.810494780301894, -1.43152720525352]"
Optical_A-T0049,Optical_B-T0002,False,reprojection|inlier_ratio,0.8145887377475194,8.760136797982142,14.554288448621106,0.5900558865831932,38.983826986919006,0.10029958188695609,7.670535793988334,43,23,20,6.76,"[1376.0605563576482, -366.39181803749005, -104.3062064759811]","[-38.90667198778719, -2.4496193424237163, -0.09490236031557853]"
Optical_A-T0049,Optical_B-T0004,False,reprojection,5.845400949754556,80.13411135536433,310.6550786635505,6.569950617626025,40.652037571663655,0.08999713754631777,6.108562947327701,43,43,0,6.76,"[1467.3204072114497, -324.14673988707847, -102.67676227574722]","[-40.59779838634881, -2.096069813705128, -0.11582851721901222]"
Optical_A-T0049,Optical_B-T0007,False,reprojection,2.879444987413065,38.89160031936537,147.5027006101687,3.1076667774614433,43.931599829876006,0.08369259787206573,6.179778650393736,43,43,0,6.76,"[1496.083600906515, -311.1162079146491, -103.75240599545108]","[-43.80346859685899, -3.3527935728565126, -0.019435898780336525]"
Optical_A-T0049,Optical_B-T0009,False,time_delta|reprojection|speed,3.8075854321017735,35.96747673320565,83.30661571556321,2.787960156009317,27.08353970537325,3.8159902909254155,57.735100401073254,24,24,0,6.000989853679021,"[1578.3413154882958, -285.0595808514525, -104.5793480825285]","[-26.515308067505174, 5.507681526593046, -0.3492925127313573]"
Optical_A-T0049,Optical_B-T0012,False,reprojection,2.5902607641978244,34.36800030733114,61.9085652048462,2.7924267402066163,38.48068492136213,0.034999053815031544,7.579159618729861,35,35,0,5.765002502992003,"[1779.1413030612882, -199.24442307032237, -108.61005947955505]","[-38.42759148400336, 1.959500949408067, 0.4936403396894593]"
Optical_A-T0049,Optical_B-T0013,False,reprojection,2.878324425123773,39.71624702720485,140.30395239021277,3.121897025335527,48.364333921041215,0.05499818474811313,6.692405483419327,43,43,0,6.76,"[1704.7251402915815, -214.84948708413418, -108.43042084071703]","[-48.26045479889997, -3.1611606748377596, 0.210621502155255]"
Optical_A-T0049,Optical_B-T0014,False,time_delta|reprojection,6.29758120511378,105.05477111063489,189.66546642336522,8.797286532469764,48.4181403797816,1.0084857628475468,12.248714757230703,30,30,0,5.000002182606523,"[1833.617673801646, -189.74978492669456, -95.34391206616716]","[-48.280175714279835, -2.6773571556495597, -2.484493810737495]"
Optical_A-T0049,Optical_B-T0015,False,reprojection,3.911480109889469,53.19747169918329,72.06856981266485,4.4681294005907,40.305305421063295,0.024998184748111996,7.130513905573073,43,43,0,6.76,"[1878.2571547031835, -133.85742754888113, -101.41323453999358]","[-40.21251109367607, 2.718626811919819, -0.2840156398576016]"
Optical_A-T0049,Optical_B-T0016,False,inlier_ratio,0.6164709913934685,7.018330546633771,12.871350768949174,0.5990389839210772,42.71207538270801,0.01697720436604122,29.89662940737286,34,23,11,5.500002054005899,"[1921.9406210832637, -146.1480800870753, -107.84964032187966]","[-42.62266343816132, 2.7535951349845504, 0.2183088819702827]"
Optical_A-T0049,Optical_B-T0017,False,reprojection|inlier_ratio,0.7216649124379703,8.273552106154678,14.913621943429623,0.6741421584547188,56.86467184727338,0.031714633425447225,36.70101965778597,35,15,20,5.765002502992003,"[1817.4933864469554, -183.33755759851434, -108.78726389711008]","[-56.507495495782145, -6.33481534614279, 0.6033006070938932]"
Optical_A-T0049,Optical_B-T0018,False,inlier_ratio,0.6597556892900601,7.776836215204408,12.930853961675918,0.6943530661741281,54.357046774327024,0.014998606315870244,50.15005031858962,36,13,23,5.765002331413601,"[1995.2587192984545, -105.94946107961084, -102.97181219244496]","[-54.29536082433168, -2.481638864645916, -0.7374249300662647]"
Optical_A-T0049,Optical_B-T0020,False,reprojection|speed,3.9709205581706355,52.37428218067022,193.67529714916364,4.937501425676353,69.59407896415512,0.03000000000000025,7.759362954022904,35,35,0,5.765002502992003,"[1845.8419411176678, -170.93152294575808, -104.39981686146393]","[-68.56089782404193, -11.933268588895345, -0.5798424058519133]"
Optical_A-T0049,Optical_B-T0021,False,reprojection,3.266618273979772,44.56944225094542,58.681181572948766,3.9195854435586432,43.348172158384635,0.014998184748112209,7.398348933974962,43,43,0,6.76,"[1973.6507983209947, -89.96378803001436, -102.62833592909128]","[-43.28254799229331, 2.378286827197641, -0.16976611958159993]"
Optical_A-T0049,Optical_B-T0022,False,inlier_ratio,0.6238079134226472,7.555784546014584,13.464935106210898,0.6939755421691169,45.100064332830954,0.015000408952706934,11.118157140208458,43,31,12,6.75,"[2094.54881067401, -34.984937136724554, -107.86535944583335]","[-44.98881175144302, 3.1658521228033933, 0.0005960319210720211]"
Optical_A-T0049,Optical_B-T0023,False,reprojection,1.6562289388697384,22.280753454982204,42.46932077500008,2.0714360068145665,45.6387333807216,0.015001671333147115,7.827886897801339,43,43,0,6.745001578420254,"[2121.6722410699435, -21.99466848171467, -108.99916696924389]","[-45.539261750240776, 3.011159054970804, 0.050447847493455544]"
Optical_A-T0049,Optical_B-T0024,False,reprojection,5.9613689570069965,130.2513490809211,281.7134652232331,11.371990002746688,59.68698290977005,0.024998184748111996,7.365917260531,43,43,0,6.76,"[1950.0067926373742, -101.96145199233763, -96.28335057834337]","[-59.38511013897791, -5.897329695355452, -1.0798727318181607]"
Optical_A-T0049,Optical_B-T0025,False,reprojection|speed,6.094657927773616,154.19665450293806,210.19864954399208,13.460011439076908,66.99721792363519,0.02000396541133931,7.4246128512415615,43,43,0,6.76,"[1964.7651894482262, -95.80213798601, -91.4793633275011]","[-66.42007376037341, -8.720172866371627, -0.9795898908294876]"
Optical_A-T0049,Optical_B-T0026,False,reprojection|inlier_ratio,0.8605893778680505,11.15317668446486,16.39636893946381,1.0608321517522552,48.78698478414413,0.019999999999999574,9.030483188497058,43,19,24,6.74,"[2157.215113355232, -6.051816875136864, -105.77587096835819]","[-48.75037098489015, 1.8871016928095552, -0.10030137031572424]"
Optical_A-T0049,Optical_B-T0027,False,reprojection,5.968988812188223,126.53530208570966,172.78598799587283,12.057652712911947,58.59297488157055,0.019999999999999574,8.060436460102265,43,43,0,6.74,"[2191.415324148478, 9.270265724933195, -93.69698861560516]","[-58.537308787528815, -2.4283221588075987, -0.7895801915592402]"
Optical_A-T0049,Optical_B-T0028,False,reprojection,4.161166808921467,56.322278147130376,76.96050476691916,5.437828422950615,60.19896867420785,0.025001173171954605,8.14338229011504,43,43,0,6.73500223800391,"[2217.9426881397762, 21.154517661273886, -113.51669515634843]","[-60.129233476305025, -2.8749714930813486, 0.35447130240159086]"
Optical_A-T0049,Optical_B-T0029,False,reprojection,5.910166781528133,91.9637290103638,125.77926476101696,8.538181052247888,63.28113549599475,0.02000306903408422,7.882733400957746,43,43,0,6.745001833505167,"[2127.781860490433, -20.52546934822812, -97.4537882502495]","[-63.05570091229379, -5.30949468793801, -0.5384777437891324]"
Optical_A-T0049,Optical_B-T0030,False,reprojection,3.770916462112329,51.916125691915454,73.32623375868384,5.171083684910837,51.74975858350182,0.03500120829529152,8.397879158442045,43,43,0,6.72500245728566,"[2307.6489687975027, 63.06169833422199, -113.35085423981252]","[-51.70093882851766, 2.238180532632235, 0.2024490156596956]"
Optical_A-T0049,Optical_B-T0031,False,reprojection,2.0697201903793947,28.267261725353208,50.406482262813604,2.9318971190545557,49.58823654064155,0.04500084811541605,8.743352000071702,43,43,0,6.715002122305158,"[2420.7951950138945, 115.27783913373754, -105.25758589111818]","[-49.36936108631704, 4.649950592009716, -0.193257939891047]"
Optical_A-T0049,Optical_B-T0032,False,time_delta|reprojection|inlier_ratio,1.1189121274360319,8.005868212188654,15.17530040985314,0.8248135030612678,50.83851549587826,1.0047849201672465,14.868486074650932,30,19,11,5.0000010015849945,"[2438.654869210571, 76.6248256158029, -109.01685054897148]","[-50.726508364415764, 3.367148357183268, 0.1957521908687227]"
Optical_A-T0049,Optical_B-T0033,False,reprojection|speed,1.9591487083622483,23.984810063992974,34.247197432222826,2.359584492957171,71.0357425350343,0.03500004703339066,8.391558462224207,43,43,0,6.724999952966609,"[2291.4331291085214, 53.967737675038386, -105.0156665074832]","[-70.6855303343716, -7.043558116424144, -0.14424948134237908]"
Optical_A-T0049,Optical_B-T0034,False,reprojection,4.03243124990245,55.17944613185107,80.20461767218804,5.616948813642116,53.806678729529445,0.041170143133677506,8.604396309050108,43,43,0,6.718829856866322,"[2373.791991120526, 93.30352999822145, -101.8393733106121]","[-53.76758515833049, 2.022009466894602, -0.3419647061667186]"
Optical_A-T0049,Optical_B-T0035,False,reprojection,5.942098325165221,115.74071028351274,163.1829050479491,12.086936999748833,54.266655184369974,0.04999999999999982,8.828624918194304,43,43,0,6.71,"[2444.523931484171, 125.88205311526997, -94.63284729807552]","[-54.198643298021, 2.6277642215103754, -0.6868658889058992]"
Optical_A-T0049,Optical_B-T0036,False,reprojection|speed,6.136846525115183,100.05506088673962,149.73826243967602,9.96240345887729,80.73783435547104,0.0380217751039833,8.449192782334546,42,42,0,6.500000783775391,"[2330.0435327822333, 65.36641746719204, -96.50107752055436]","[-79.95274263278932, -11.20681218849742, -0.7511341279537399]"
Optical_A-T0049,Optical_B-T0037,False,reprojection|speed,3.104372110173474,39.549193194797354,60.676004422390996,4.325540653059028,71.34780593096951,0.05999999999999961,9.325324009897463,43,43,0,6.7,"[2588.847404554147, 190.7722255208486, -103.8933971665823]","[-71.24170065494998, -3.8802190662838996, -0.2709224085138965]"
Optical_A-T0049,Optical_B-T0038,False,time_delta|reprojection|speed,4.153133098629073,39.61317762645627,64.61033979362166,4.678225814397947,76.7472027257047,3.0750025029920027,56.58050374086168,25,25,0,5.765002502992003,"[2631.168107643719, 183.1173859870493, -112.38551935911138]","[-76.44335196414625, -6.688648079961865, 1.345010620216625]"
Optical_A-T0049,Optical_B-T0039,False,reprojection,6.090563118745941,161.84178090235548,221.89999801773106,16.831311500993337,55.1559744787897,0.044998865431178814,8.41720097873303,42,42,0,6.737502606976436,"[2433.681646585906, 121.72461129455618, -89.59961366090143]","[-55.111136154569266, 2.0835461900776266, -0.7765486019835866]"
Optical_A-T0049,Optical_B-T0040,False,reprojection,4.065033150246894,56.037055266393004,70.51012102322215,4.699717983200779,54.60773687077971,0.02999867322784766,6.813785679536834,42,42,0,6.767500137232652,"[1867.758368519634, -139.71343001836675, -111.451124585054]","[-54.44458902271478, -4.21046848503002, 0.2522051398527844]"
Optical_A-T0049,Optical_B-T0042,True,,0.11285355617949601,0.8894427682381338,4.095056931810547,0.06613802474338061,49.995528221084854,0.08000059158897166,5.943153166054178,42,42,0,6.795,"[1514.527946076906, -302.43632004369374, -105.06534918989055]","[-49.63418414823243, -6.0000505034820435, -1.7582864395959685e-05]"
Optical_A-T0049,Optical_B-T0043,False,reprojection,5.872063660084157,99.65968556609526,123.38163424474692,7.0122742880686895,60.70528315883139,0.08999999999999986,5.907557919795062,42,42,0,6.797501429923244,"[1489.2772223336844, -314.90061612486005, -97.27329862238373]","[-59.69372957743123, -11.030877829459769, -0.3313409753469547]"
Optical_A-T0049,Optical_B-T0044,False,reprojection,4.543136842227004,63.115369361417756,89.62637197122069,4.437839080794372,51.88552815843683,0.08500062299614708,5.716821732877743,39,39,0,6.236977204366041,"[1467.7316222260285, -333.2137976594904, -109.61368045396543]","[-51.3128990093428, -7.673037436817424, 0.4678931823894796]"
Optical_A-T0049,Optical_B-T0045,False,reprojection,1.7499668227339542,23.425846983888093,30.316994662797054,1.5729461018166688,46.71736961340068,0.10000092969590924,5.675122832610933,42,42,0,6.804293357101431,"[1394.715417419973, -357.52841446675666, -102.92181188679317]","[-46.35267453713671, -5.8254316629150935, -0.08082567709282151]"
Optical_A-T0049,Optical_B-T0046,False,reprojection,5.8517944244021605,107.30310809690445,137.32868807064065,6.875310828296067,42.367244354227964,0.12000259016621584,5.451296961058567,42,42,0,6.812500133316249,"[1289.2614610012574, -405.90128707672375, -97.03527794527507]","[-42.078296194700094, -4.930867450739754, -0.2948384391227279]"
Optical_A-T0049,Optical_B-T0047,False,time_delta|reprojection,4.033973346816892,52.444284497014706,89.20383250355475,4.749387320565054,46.566478617122954,0.4769772043660412,11.216778954921105,29,29,0,5.235001605019795,"[1984.966554748702, -117.99474617656978, -101.94133077070136]","[-46.55572456275332, 0.09555595354622426, -0.9961477278789855]"
Optical_A-T0049,Optical_B-T0048,False,reprojection,4.0210048696467044,55.51074586184587,100.163959941808,3.89818061702903,46.629398662941036,0.0900005850864738,5.2378056236857065,40,40,0,7.000001901833762,"[1416.8401578385017, -344.136338560077, -101.22471580903331]","[-46.3181900551221, -5.377562817142518, -0.08892599598122652]"
Optical_A-T0049,Optical_B-T0049,False,reprojection,5.906623311695724,176.2649148226953,218.62690311406303,10.937755628418769,49.01646759106188,0.12000128709522873,4.924634650110785,40,40,0,6.999595257570562,"[1249.5523957397597, -422.0879709296471, -92.67890363508153]","[-48.30384844829993, -8.322663199267026, -0.29257043743107847]"
Optical_A-T0049,Optical_B-T0050,True,,0.5035385906778514,5.82327093861898,13.635519930568645,0.3920039344929982,53.543102865180586,0.08500260974197626,4.556677953989654,38,34,4,7.197500361333036,"[1407.8750929495707, -345.56579432171065, -105.00101398889304]","[-52.87163552349463, -8.453039842151213, -0.011786816958203938]"
Optical_A-T0049,Optical_B-T0051,False,reprojection|speed,5.300852536293518,69.65859270668622,82.28402668371275,7.465701039548562,75.09077822197678,0.05249838681247754,7.173027101464881,36,36,0,7.500000802849499,"[2504.9650257632925, 174.739482386139, -115.64830140700742]","[-74.86107096500173, -5.863174888527965, -0.261166961178406]"
Optical_A-T0049,Optical_B-T0054,False,reprojection,4.550759280366143,62.8576180734348,110.45892841164687,5.296531226898899,45.709557893908624,0.03395732528488793,6.942587860371995,30,30,0,8.235002186279864,"[1847.4507358070568, -116.5885452518256, -103.01599193365571]","[-45.7048736268798, 0.5267249536447878, 0.3882916825523655]"
Optical_A-T0049,Optical_B-T0056,False,inlier_ratio,0.44105389096270886,5.310652872477954,10.088652138863905,0.5250150452240522,50.20938693637475,0.030000006666416112,32.89577112383613,29,15,14,8.27500005881401,"[2275.5623055561114, 84.01164035699472, -109.47150735429656]","[-50.17257219269943, 1.8778196123218294, -0.4114967782899632]"
Optical_A-T0049,Optical_B-T0057,False,inlier_ratio,0.6125194434491391,6.576843879747771,11.999629529871857,0.547762606857011,41.55622605407813,0.04500040895270807,15.186950878328,27,15,12,8.755001815251887,"[1783.7756140879685, -138.7942428815498, -107.8593163204316]","[-41.53932167533038, 1.1025826605857958, -0.434729901945487]"
Optical_A-T0049,Optical_B-T0060,False,reprojection,5.892632135089854,134.84374545131354,218.64862273650817,10.117924456195396,53.61522966302852,0.0784848948179242,12.473047871858084,26,26,0,8.780002360505762,"[1642.3254502913414, -204.36537795318054, -97.35775374387812]","[-53.340925842463804, -5.013329176001207, 2.0506127525999185]"
Optical_A-T0049,Optical_B-T0061,False,time_delta|reprojection|speed|not_inbound,4.301000758745744,48.537934709136195,106.67095781001224,3.6846135422216166,19.092807487520883,1.055000831863497,22.51956584833069,23,23,0,8.245002613952531,"[1637.5889426746314, -214.73006979696834, -106.61051794256893]","[-14.50084571903997, 12.415001035023238, -0.35849754323508554]"
Optical_A-T0050,Optical_B-T0002,False,reprojection,3.888065258511068,52.39290895708543,73.65086927388222,3.2059521944279927,39.7021057903705,0.15529696793442582,5.492145891987414,42,42,0,6.78,"[1203.8828733305306, -194.7225187803751, -100.21571161638956]","[-39.58643195542197, 3.019754414946391, 0.22954847402862633]"
Optical_A-T0050,Optical_B-T0004,False,reprojection,5.406249995576139,73.88286686855443,276.76194992578525,5.35760914618244,41.58156860749062,0.1450003588050457,5.639108515923813,42,42,0,6.77250022521058,"[1273.870931877347, -148.0998797134609, -98.80688505115599]","[-41.42221149520857, 3.6329028082400043, 0.17105522950822996]"
Optical_A-T0050,Optical_B-T0007,False,reprojection,3.827138495020417,52.14352042477005,134.5297267325114,3.470632078293157,44.0634507323216,0.13868998391953546,5.693266409493333,42,42,0,6.77,"[1295.647747521421, -133.89784460956753, -99.70804907520794]","[-44.0039842193335, 2.2721539046097234, 0.27272678296675645]"
Optical_A-T0050,Optical_B-T0009,False,time_delta|reprojection|speed,3.9403669750682053,38.97123294821896,105.6371843801136,2.7930570911386545,34.44101537777867,4.105000437246394,54.58233036867567,23,23,0,6.29,"[1353.920536059322, -108.83966636096002, -97.21284917531236]","[-32.422908823742944, 11.606182300216162, 0.4848258179881778]"
Optical_A-T0050,Optical_B-T0012,False,reprojection,5.79965985876034,81.17205427289393,147.6959550053926,5.905839888208816,43.294804960152035,0.08999860672592597,6.8339637092212016,34,34,0,5.752500266145944,"[1516.7133861101156, -21.821527824063104, -102.66020414264366]","[-42.5509899909744, 7.866289129007562, 1.4053051855232452]"
Optical_A-T0050,Optical_B-T0013,False,reprojection,5.7770806803389,96.86307063664987,160.1366735909005,6.707116311079705,48.89250778499573,0.10999999999999943,6.072695548245523,42,42,0,6.755,"[1449.852617426539, -31.160230445359165, -103.31563961620286]","[-48.814871949861974, 2.69517218285592, 0.5671339605473156]"
Optical_A-T0050,Optical_B-T0014,False,time_delta|reprojection,4.636042998703815,54.586775892300636,99.24229162760983,4.0674257540013485,49.95765381225038,1.494998014622115,11.496169117098528,29,29,0,5.215001985377885,"[1555.9042491785522, -15.95134387086657, -90.55149773125588]","[-49.86480500038803, 2.7642977239911444, -1.275560579144953]"
Optical_A-T0050,Optical_B-T0015,False,reprojection,1.4076479973292972,18.51923366658412,33.74876034872431,1.3551126280816468,45.62662970792597,0.0799999999999983,6.383929452593773,42,42,0,6.742500479881989,"[1573.2881897763232, 52.020039562555915, -96.77195384678465]","[-44.760599160782974, 8.847087914973187, 0.08447897160262573]"
Optical_A-T0050,Optical_B-T0016,False,reprojection,4.3854118358510705,60.554589281863805,111.22163777618685,4.615440296978015,46.46975090398001,0.07500281999958336,7.6091654674586,33,33,0,5.715000532291888,"[1609.1706503120818, 36.3157165992168, -100.8594040707208]","[-45.790161356784715, 7.828450202389732, 1.1892179893841806]"
Optical_A-T0050,Optical_B-T0017,False,reprojection,5.642200681669182,77.95223212110568,141.11456493349596,5.752433812607505,55.49117091444591,0.08999875352822784,6.919103777632738,34,34,0,5.750000591366279,"[1544.964194180684, -4.751508758803259, -102.35663270782528]","[-55.46628346895541, -0.9898729670548541, 1.3347655624961468]"
Optical_A-T0050,Optical_B-T0018,False,inlier_ratio,0.6325994265151292,7.090759004454679,12.770129852296941,0.5455962304146911,54.65216548306501,0.06499889907954692,37.814668199420765,35,14,21,5.7650021598352,"[1663.9490966843953, 75.84130006358819, -97.73398635551439]","[-54.61086890386485, 2.0624767003083377, 0.5083103519455031]"
Optical_A-T0050,Optical_B-T0020,False,reprojection,5.110964997007183,69.09540178070885,177.15888727415427,5.356786884329059,64.44018344593864,0.08999853466083874,6.984145864998036,34,34,0,5.747500266145944,"[1566.0126120129628, 7.9428226134238855, -98.77074785227023]","[-64.0810154412244, -6.785651068160776, 0.3400619781063482]"
Optical_A-T0050,Optical_B-T0021,False,reprojection,2.1070527814675826,28.84754489975736,60.70623152212173,2.2141981710209744,48.53683006670464,0.06499748500343117,6.579829067060704,42,42,0,6.74,"[1639.8283781759458, 96.23036072541086, -97.62803354633067]","[-47.80308609231291, 8.404908108073215, 0.21529670208448975]"
Optical_A-T0050,Optical_B-T0022,False,reprojection,5.174261468652154,72.12799940651712,108.18726171495936,5.654830681389006,50.81512586711699,0.0544689601450159,6.830744191607678,42,42,0,6.73,"[1721.939614255319, 150.76563371354564, -101.60638081446857]","[-50.02223238524609, 8.930746212801026, 0.44165163864669177]"
Optical_A-T0050,Optical_B-T0023,False,reprojection,5.7497207587646235,83.67144732743931,125.25999347749253,6.613751569432346,51.58301217274837,0.049999999999998934,6.890443823283206,42,42,0,6.7275007892101275,"[1740.6550300687109, 163.14410453968122, -102.69788536377082]","[-50.81634884455374, 8.845178287630858, 0.5183203474227653]"
Optical_A-T0050,Optical_B-T0024,False,reprojection,5.85667883575786,103.90337815277954,322.79450142766507,7.4625871732350735,58.50752050908183,0.0749989976657961,6.578415961002661,42,42,0,6.737500070792295,"[1624.781693472155, 84.6364283469834, -92.18084924600157]","[-58.50352829922516, 0.0029617595975111044, -0.683464622619181]"
Optical_A-T0050,Optical_B-T0025,False,reprojection,5.869322219899107,82.77773480221884,137.19166989138716,6.247728298395284,63.412167831650535,0.07500135145880904,6.628898238150298,42,42,0,6.737501519134739,"[1635.567229114347, 90.92023007241937, -88.10459217177758]","[-63.34458366935734, -2.8513332303327843, -0.6607932163710081]"
Optical_A-T0050,Optical_B-T0026,False,reprojection,4.106257215995569,56.70795261812868,85.43441340507825,4.523134909806726,53.88496502194304,0.04499874043385077,6.972563232900954,42,42,0,6.725,"[1764.4376152560621, 178.60241837459418, -100.16827009872081]","[-53.336352615686785, 7.6619719043425505, 0.3422449535227978]"
Optical_A-T0050,Optical_B-T0027,False,reprojection,4.2278707364700026,57.52218885474178,104.73656547701323,4.632515506671401,60.11257502749064,0.045001386244752695,7.070783319636834,42,42,0,6.725,"[1788.4026629241528, 193.74975106750577, -89.67218334379226]","[-60.01312744333151, 3.4302867785636977, -0.4234896963947036]"
Optical_A-T0050,Optical_B-T0028,False,reprojection,5.940809731303426,121.78684815533369,191.9143908200169,9.888268845842852,61.34978602986709,0.040000000000000924,7.130244960589855,42,42,0,6.722501119001954,"[1805.6990778225584, 205.18351663063697, -106.28099304101292]","[-61.272588475354965, 2.9644288578870146, 0.8235951595288526]"
Optical_A-T0050,Optical_B-T0029,False,reprojection,2.3360033521459744,30.611007270285562,73.41310505797179,2.401665849147798,62.39207066171916,0.05000000000000071,6.951421419784782,42,42,0,6.727500916752584,"[1746.2042857241443, 165.07340454452805, -92.95539145125308]","[-62.38867525198927, 0.6271065767033832, -0.17441072281723033]"
Optical_A-T0050,Optical_B-T0030,False,reprojection,5.8857647523402665,115.02285986580443,174.74543102254705,9.572261234644293,57.28076666880309,0.02999999999999936,7.296925110334747,42,42,0,6.7175012286428295,"[1863.8396733409402, 244.70440584131745, -105.86264269026785]","[-56.74359958951382, 7.792165559867442, 0.7295832223987895]"
Optical_A-T0050,Optical_B-T0031,False,reprojection,3.328063386682257,45.37107079934684,71.42559381055023,3.8932467293330393,57.354353420719725,0.015000396908837033,7.5316611847122,42,42,0,6.7125010611525795,"[1936.6193690012844, 293.3244661110341, -98.88054507092767]","[-56.50075780265779, 9.853753176527732, 0.2996203769753907]"
Optical_A-T0050,Optical_B-T0032,False,time_delta|reprojection,4.4498136615776565,51.01130720732032,92.58115133452317,4.622440020380959,57.63719126113971,1.4272648410688236,13.449328004792664,29,29,0,5.282735158931176,"[1970.8792802986875, 249.67318220080477, -100.2465203053427]","[-57.025278250495006, 8.247085233692019, 1.4659611437689557]"
Optical_A-T0050,Optical_B-T0033,False,reprojection|speed,3.7658896275125975,49.84804568399179,81.77438935371813,4.119959681128571,68.69348607668822,0.03499961352426695,7.315471151654738,42,42,0,6.717499976483305,"[1854.6286902208167, 236.5886908466964, -99.0025442251853]","[-68.68442507794151, -1.0805260372618761, 0.27792906216561164]"
Optical_A-T0050,Optical_B-T0034,False,reprojection,1.3630533331156132,17.508133852258553,26.9857473155586,1.4811086806681786,59.22628601348879,0.023553752369384284,7.442018112114111,42,42,0,6.714414928433161,"[1906.9524058817651, 273.0987204418699, -96.16159154011679]","[-58.75230103301078, 7.477183963976017, 0.10861973539824732]"
Optical_A-T0050,Optical_B-T0035,False,reprojection,3.044925148918988,40.9424404668726,62.68488471076911,3.538004261434511,60.2984878004933,0.019998936713388815,7.596812531622987,42,42,0,6.71,"[1952.3380968053357, 303.27396952487334, -90.09904346613493]","[-59.775957432306754, 7.916218330595484, -0.27573795464895356]"
Optical_A-T0050,Optical_B-T0036,False,reprojection|speed,2.7594690478895694,34.816570807560474,56.13754651204736,2.9159092579176136,75.01075493637636,0.03500030523126796,7.237457262726266,41,41,0,6.71,"[1869.0206312487526, 244.95696541634436, -91.82942585716131]","[-74.83632175623434, -5.10596302547097, -0.25969925876133326]"
Optical_A-T0050,Optical_B-T0037,False,reprojection|speed,3.0509078222992154,39.38835119274225,85.80523087266624,3.4785691642166388,71.7345564918948,0.02000025976728903,7.951931779180301,42,42,0,6.705,"[2043.9366038007568, 362.7857786057941, -97.45501801762767]","[-71.71513905826757, 1.6560599954822806, 0.207099574015417]"
Optical_A-T0050,Optical_B-T0038,False,time_delta|reprojection|speed,6.665444772861261,75.22519684182986,125.85231079065196,7.457011582517029,74.88984564447131,3.312500266145944,48.785963353386514,24,24,0,6.002500266145944,"[2079.1123010259344, 351.3369700769348, -100.46259571439009]","[-74.84512213605716, -1.0145104208553448, 2.380638926296861]"
Optical_A-T0050,Optical_B-T0039,False,reprojection,5.845383768932488,84.4287494780227,126.02843603812966,7.267723370775141,60.660682267682894,0.019998696522903092,7.2388862064323956,41,41,0,6.715005213952873,"[1946.2132739355993, 299.4056783041342, -85.87499737505048]","[-60.197714226195615, 7.464160595131375, -0.4897772270655081]"
Optical_A-T0050,Optical_B-T0040,False,reprojection,5.8591005839871775,119.6548799212371,174.63769526567256,8.752821450429618,54.4216270085121,0.08500048847973396,6.080707204249062,41,41,0,6.775000274465304,"[1565.2300551780204, 46.48006916967684, -105.43311528595922]","[-54.39039615453413, 1.7315770637531571, 0.6324027820438466]"
Optical_A-T0050,Optical_B-T0042,False,reprojection,4.621152101743608,64.0532590649681,89.80592283666425,4.154736334517503,48.38295895508516,0.1349979776364414,5.4240556656639525,41,41,0,6.83,"[1307.8837314531086, -124.35248630720474, -100.7739672797033]","[-48.378829466426886, -0.5720724408118087, 0.26890487222215553]"
Optical_A-T0050,Optical_B-T0043,False,reprojection,2.8852757093273693,38.855494467166615,79.44936562857171,2.4217638007558997,55.9649591925073,0.1450002864061446,5.402879040894178,41,41,0,6.8350028598464885,"[1288.8825238001782, -138.21834551038745, -93.92128075175692]","[-55.62277658557439, -6.1774162741447185, -0.1513621690400026]"
Optical_A-T0050,Optical_B-T0044,False,reprojection,5.811306861515583,118.05823922196966,177.66328372864155,7.5476531452816715,49.403324348549624,0.14000344299572998,5.160634858451583,38,38,0,6.5,"[1267.0333355586988, -162.1566876735233, -104.69574048798857]","[-49.320685607250354, -2.6987738573331512, 0.9354397819952016]"
Optical_A-T0050,Optical_B-T0045,False,reprojection,3.071474556467829,41.5925118365703,60.5246463450887,2.580262211823609,45.189240008712545,0.15499831574337897,5.223715130524701,41,41,0,6.848586714202862,"[1216.9822628487661, -184.69897463560244, -99.15146891581442]","[-45.18465376184648, -0.6255987350435532, 0.15199740060828715]"
Optical_A-T0050,Optical_B-T0046,False,reprojection,3.1761638573371136,42.43356706876434,64.9821545848349,2.520363695452769,41.305880002393735,0.17499997621368557,5.061995946432183,41,41,0,6.865000266632498,"[1135.4727953878992, -238.7453122820693, -94.07506088585991]","[-41.30542815547432, 0.14057204089314723, -0.13254118763513423]"
Optical_A-T0050,Optical_B-T0047,False,time_delta,0.4286420010094187,0.6169398645808134,2.9127415561644368,0.050200894308667865,50.01525423080568,0.7400000000000002,10.535330195928138,28,27,1,5.5000018649431315,"[1659.1602594001533, 60.07708693416666, -95.32241711218111]","[-49.65550780068111, 5.988004745075642, -3.968374922580509e-05]"
Optical_A-T0050,Optical_B-T0048,False,reprojection,1.7784628574729597,23.355786798284782,55.370689797316096,1.4830795471273883,45.261169107939246,0.144998899079547,4.675086140358617,39,39,0,7.155000818242688,"[1226.7023579139127, -168.80964111351014, -97.39282142100596]","[-45.26114409913313, 0.024270554224216312, 0.040924261477359086]"
Optical_A-T0050,Optical_B-T0049,False,reprojection,5.822591136391291,107.87452837203817,138.27500397262025,6.231248536191713,45.99666992043219,0.17499889907954636,4.463488268118606,39,39,0,7.125000039762073,"[1099.4214589022665, -256.6911506306486, -90.06529829285223]","[-45.839949510312124, -3.7814540551339064, -0.3054142926224208]"
Optical_A-T0050,Optical_B-T0050,False,reprojection,4.795894728229752,66.7694887089198,96.25710408324147,4.1409148408324175,49.91461162164588,0.144998899079547,4.294652961062248,37,37,0,7.295002819999583,"[1219.6753423809441, -170.04573051337763, -100.34717235158759]","[-49.81045475376348, -3.222038507343086, -0.07428607020096316]"
Optical_A-T0050,Optical_B-T0051,False,reprojection|speed,6.11796829427389,139.68780808039753,158.53216307930862,12.240844772580973,73.13017563766255,0.019997576268680817,5.693673075872225,35,35,0,7.7050011009204535,"[1954.6257147719089, 352.10955585548686, -105.94442099217834]","[-73.12945756366803, 0.27814941310583663, -0.16630737518168948]"
Optical_A-T0050,Optical_B-T0054,False,reprojection,2.6854246933527315,36.93115479419506,110.52054771625922,2.5466007625617233,48.63276539822039,0.09395732528488843,5.606625877391417,29,29,0,8.3,"[1522.3369178542357, 78.68171475370067, -96.31863875303549]","[-48.11085875576856, 7.095735033108042, -0.37640988397491665]"
Optical_A-T0050,Optical_B-T0056,False,reprojection,5.411861193223495,74.61209215836182,121.3042822483212,5.945507568055765,57.21755969590215,0.04249985758214425,6.9044384678626125,28,28,0,8.5,"[1788.3641894704733, 276.9929959304627, -99.56856377184286]","[-56.55749765700644, 8.6046397955798, -1.0289656554822308]"
Optical_A-T0050,Optical_B-T0057,False,reprojection,5.004182803437473,69.17905957723694,115.17058970517554,4.7957955079123895,45.97962103177808,0.1050005775667131,8.386120605771893,26,26,0,8.74250134128711,"[1471.5371026243283, 60.83193596496826, -99.44624688172732]","[-45.224301244867334, 8.244137403278536, -0.9603778502670393]"
Optical_A-T0050,Optical_B-T0060,False,reprojection,5.432599341628144,75.41092750319315,121.94703909000029,4.965821698505928,51.46924051430872,0.14348748321732252,10.350998511553277,25,25,0,8.805002905759634,"[1373.4844350908159, -8.662833426244859, -91.6364805818717]","[-51.43181964861206, 1.6660320071816752, 1.0368144016392435]"
Optical_A-T0050,Optical_B-T0061,False,time_delta|reprojection|speed,6.418201600356343,81.46327884633935,187.55375943856504,5.459801624463304,31.580694002239113,1.1099991954814357,16.488893476287217,22,22,0,8.5,"[1373.2748974061449, -16.699083731626516, -98.43738474121238]","[-25.500636533994225, 18.6202234158812, -0.5874095392908352]"
Optical_A-T0051,Optical_B-T0002,False,time_delta|reprojection|speed,5.95941374565998,112.1233681745483,183.9573909856458,6.367673444919986,34.68463640246477,0.21000096931390289,6.581937202216999,38,38,0,7.240000688202139,"[1056.4429165867296, -63.53112788071255, -97.28695974428621]","[-34.61511478040657, 2.0561168548163096, 0.7682542481516478]"
Optical_A-T0051,Optical_B-T0004,False,reprojection,5.965349574827915,119.53802772633668,279.43653851047316,7.313995067108007,36.184211619010526,0.19499754862111196,6.635064904938145,38,38,0,7.250002429939302,"[1110.5702611166614, -15.377567193953752, -95.76973761926854]","[-36.077121450835975, 2.691195861100894, 0.704232311215759]"
Optical_A-T0051,Optical_B-T0007,False,reprojection,5.922718109429726,111.02217129369348,176.22524693883483,6.580614048938517,38.002963323950055,0.19007101589041042,6.660472821434727,38,38,0,7.250000808239054,"[1126.3203431856025, -1.400673043981382, -96.58877049911386]","[-37.97386491963042, 1.2338460686970478, 0.8297158223849316]"
Optical_A-T0051,Optical_B-T0009,False,time_delta|reprojection|speed,5.374585245434934,58.90596514669056,116.61561615600421,3.794397334114784,31.158437674095424,5.150002331122822,63.71003818768531,19,19,0,7.335001893876429,"[1164.3328795394254, 36.40413461982068, -89.90829004327792]","[-29.03992108605614, 11.194186127140625, 1.4904424031318364]"
Optical_A-T0051,Optical_B-T0012,False,time_delta|reprojection,6.363619256684049,120.30471404078655,244.42638875286903,7.835969008293477,37.63302689757377,0.9875005217272848,7.755602889716887,30,30,0,6.266063767794748,"[1300.2729490837205, 114.6251346805748, -97.91270824402366]","[-36.92766816940327, 6.769686240759299, 2.6006509272921754]"
Optical_A-T0051,Optical_B-T0013,False,reprojection,5.96489613709627,154.65045160180472,264.47196086450015,9.636287075725681,41.46487775598901,0.1599990979576198,6.863415204140094,38,38,0,7.267500946938215,"[1241.8623615448053, 102.12716856450791, -99.63053040557207]","[-41.41652520000188, 1.5609468180923045, 1.2533845011842495]"
Optical_A-T0051,Optical_B-T0014,False,time_delta,1.3994927822944339,4.338152742007047,8.476561727898543,0.2884370860469934,42.306488595498855,3.1000021783898815,12.374406325736285,25,24,1,5.675000360294285,"[1331.6798835236518, 118.58723064410965, -86.17581470219646]","[-42.26874797253992, 1.7856654684957647, -0.05762768084107121]"
Optical_A-T0051,Optical_B-T0015,False,reprojection,5.855996246230779,87.42842486713432,146.72819327099032,5.711984895170444,39.346821557422714,0.13499754862111324,7.05490631813757,38,38,0,7.280001907866539,"[1336.0645162870994, 186.51230031405402, -93.22396097123355]","[-38.59567091507708, 7.620094511599774, 0.6933346385584022]"
Optical_A-T0051,Optical_B-T0016,False,time_delta|reprojection,6.536221598511727,100.65145312387236,204.48532048714324,6.806883098194146,39.950677828461174,1.4400000000000004,8.351235064089803,29,29,0,6.22,"[1368.9134853235328, 171.5820558965501, -95.81785271155347]","[-39.32106640072328, 6.626823226121843, 2.4485934724126532]"
Optical_A-T0051,Optical_B-T0017,False,time_delta|reprojection,6.2705774717434055,116.9762979785798,236.8035150901098,7.6698726064480605,46.25301506732429,0.983715289472419,7.803760979309685,30,30,0,6.268564420920747,"[1315.1846745669686, 127.84437989503222, -97.64167983207665]","[-46.14052717385708, -2.0301391144245002, 2.504334265382324]"
Optical_A-T0051,Optical_B-T0018,False,time_delta|reprojection,5.964306681214727,79.47289410830149,162.98690915804428,5.401130002911729,45.52422684108626,0.5650025280297548,7.946671238613259,31,31,0,6.3271288418414935,"[1406.9418074475136, 208.69514481489358, -93.05344446915453]","[-45.45774478329424, 1.8722501009026473, 1.59478784019521]"
Optical_A-T0051,Optical_B-T0020,False,time_delta|reprojection,6.24841769703175,108.67592948111627,203.61373179674607,7.287122336827159,52.80064473517196,0.9812285014268673,7.8463252892532775,30,30,0,6.27106530734898,"[1326.7167544410552, 137.83560890798174, -94.41288436024139]","[-52.21820165896116, -7.675144250445868, 1.5032167803598697]"
Optical_A-T0051,Optical_B-T0021,False,reprojection,5.849638265676131,97.63619184712596,167.61323730478648,6.5238824903333015,41.42891736472,0.11500052713472186,7.192106068025592,38,38,0,7.2850011329156175,"[1383.6859708967045, 228.94592435167584, -93.8807889324644]","[-40.80647330904474, 7.102568143192485, 0.8604974505046943]"
Optical_A-T0051,Optical_B-T0022,False,reprojection,5.916571050191343,139.1507842917205,237.76453198509958,9.553633228842227,43.087915050982645,0.10000009606745053,7.367030437361037,38,38,0,7.2925009469382145,"[1442.01088945341, 281.19868024918605, -97.37195394982813]","[-42.41179857567931, 7.50818698567565, 1.1978702788006061]"
Optical_A-T0051,Optical_B-T0023,False,reprojection,5.935103592558635,149.83988917557969,256.6333233666835,10.349881304949767,43.62650498295164,0.10000108943022035,7.408540885497272,38,38,0,7.295001782604788,"[1454.9988268314305, 292.8667026490606, -98.32490530424761]","[-42.974035168861036, 7.4034364160120845, 1.3012945735169517]"
Optical_A-T0051,Optical_B-T0024,False,reprojection,5.801425235895001,112.47204692994312,330.02523372646476,6.912743414355485,48.07949817473929,0.1282475513619019,7.196662935684139,38,38,0,7.282500946938215,"[1366.908567361489, 214.0149282533967, -89.08393404679708]","[-48.06516085116772, -1.1677398090882036, -0.1218229223247218]"
Optical_A-T0051,Optical_B-T0025,False,inlier_ratio,0.5481202984884705,6.234206729948818,12.474665247334128,0.4309795231882967,51.6856694178648,0.1300017380557641,8.43139378316984,38,28,10,7.285001808299882,"[1372.424792223345, 218.63376192378345, -85.03585660149305]","[-51.5394203865044, -3.8840529046751158, -0.10345254788499547]"
Optical_A-T0051,Optical_B-T0026,False,reprojection,5.869415813513093,125.92244600208907,216.3718538108621,8.757477076599008,45.17255370124488,0.09499754862111232,7.472417233251631,38,38,0,7.295000517271195,"[1470.9162027550165, 306.8252849642214, -95.98059117335028]","[-44.7245003684306, 6.253654591183476, 1.0818867502069214]"
Optical_A-T0051,Optical_B-T0027,False,reprojection,2.57679021551223,35.46764707987954,81.89398732265235,2.4277651030331797,49.29161256482899,0.09499754862111232,7.549360446360406,38,38,0,7.297500946938214,"[1484.7946455991678, 318.9449176283556, -86.44819957195782]","[-49.24147921000184, 2.218706570862196, 0.13090303501525247]"
Optical_A-T0051,Optical_B-T0028,False,reprojection,5.944991606608226,183.906868112768,321.2847796006043,12.91987286329143,50.139106233763805,0.09000112380506309,7.591082607926758,38,38,0,7.300001533524192,"[1496.137060896854, 329.39742067349005, -101.44395734439937]","[-50.080308537150316, 1.7612353700319545, 1.670545035558698]"
Optical_A-T0051,Optical_B-T0029,False,reprojection,4.235765625368474,58.80162290666762,110.95772229548078,4.031583456341176,50.87957555758421,0.1049975486211121,7.463823426953899,38,38,0,7.2950020596633465,"[1453.2967228447926, 290.636519504603, -89.50114152594747]","[-50.87585921441074, -0.4511287977853726, 0.41790061400730416]"
Optical_A-T0051,Optical_B-T0030,False,reprojection,5.963189584280432,179.88469921045112,312.84959965338714,12.914323242023205,47.532788345954415,0.08000214326961341,7.707897088340242,38,38,0,7.30500155108586,"[1539.5666593631763, 368.4557887209678, -100.90529611482312]","[-47.088050139608555, 6.285172244042997, 1.605649978582556]"
Optical_A-T0051,Optical_B-T0031,False,reprojection,5.825662612477578,117.22336221329428,205.61781745309838,8.628696379961697,47.690362276032225,0.06499754862111295,7.87998811163438,38,38,0,7.310001370995923,"[1590.6920702416842, 414.0977875562657, -94.45098126964082]","[-46.97875578588038, 8.13731326947601, 1.0729825647314581]"
Optical_A-T0051,Optical_B-T0032,False,time_delta|reprojection,6.727717456353598,81.2049373337027,158.7154615603672,6.3972529723303895,47.84534309210028,3.0400035494661823,13.812231488583414,25,25,0,5.675000360294285,"[1634.4873406723957, 373.2141636001713, -94.38817093252285]","[-47.28473970585628, 6.69584271570335, 2.9147790442448036]"
Optical_A-T0051,Optical_B-T0033,False,reprojection,5.854398216364137,116.98839683109189,204.21812335962824,8.323507792277354,55.108771950335274,0.0850005271347225,7.733925103930996,38,38,0,7.302500946938215,"[1527.0758747351113, 356.4362364092255, -94.80112179549936]","[-55.062981733936454, -2.0067307746509186, 1.0088706757106953]"
Optical_A-T0051,Optical_B-T0034,False,reprojection,5.758675174478416,91.93385887071291,160.29989470158253,6.69519134144532,48.834339505907224,0.06999966589349071,7.816992725286069,38,38,0,7.307500946938214,"[1568.959775465566, 394.40567735577775, -92.0857784495423]","[-48.46115927494685, 5.969580772895824, 0.8202817213107518]"
Optical_A-T0051,Optical_B-T0035,False,reprojection,2.8629333702926787,39.694292572183514,69.08041560948685,2.944711749744371,49.57395974267182,0.06021175725565442,7.9332251666908515,38,38,0,7.310000327603461,"[1600.1073871244837, 422.18697741276407, -86.58338497705799]","[-49.16466365072495, 6.347833284889077, 0.34401346832005064]"
Optical_A-T0051,Optical_B-T0036,False,reprojection,3.629133840131345,49.0651502736112,87.45017015475183,3.5246979764070447,59.45049703888151,0.08919812790265702,7.669778379392594,37,37,0,7.274850620752199,"[1535.590933052361, 362.2122226410251, -88.1280006913986]","[-59.17442718403494, -5.704426794877634, 0.45637764328191444]"
Optical_A-T0051,Optical_B-T0037,False,reprojection,5.852618358123841,108.1678926727617,198.4635707949988,8.167245514062635,56.9344177527907,0.05366191337603787,8.204812841379088,38,38,0,7.317500946938214,"[1656.7914442256854, 472.642949578696, -93.04329251047936]","[-56.92274906433238, 0.6102215084539466, 0.9778514810318171]"
Optical_A-T0051,Optical_B-T0038,False,time_delta|reprojection,6.843274549104392,88.34202879593705,164.83953538320236,7.585422480758144,59.41145171322881,4.81000146529776,53.43042195588539,20,20,0,7.0025009469382145,"[1659.3995252218697, 458.7540739481798, -90.22703995358685]","[-59.256684866192415, -2.168061679073503, 3.6966744376282294]"
Optical_A-T0051,Optical_B-T0039,True,,0.13190353063237148,1.2204338106854993,4.314489314461585,0.08611682657111319,50.01619967868911,0.06499754862111295,8.170456312240091,37,36,1,7.335001893876429,"[1595.1768705414365, 418.3892643194221, -82.74828137635596]","[-49.65386423741535, 6.0094922057088525, -0.00014265550889458467]"
Optical_A-T0051,Optical_B-T0040,False,reprojection,5.975381328203553,179.94146178155668,296.8653933742174,11.682596958375386,45.423740283548646,0.1378707023759418,6.552962580212666,37,37,0,7.335001893876429,"[1324.085484224591, 177.82039222433724, -101.34130583060963]","[-45.39671145662625, 0.5697600340549513, 1.4595012074995157]"
Optical_A-T0051,Optical_B-T0042,False,reprojection,5.91263739369327,123.90449593909113,193.46071973680924,7.335059159176706,41.227209207866686,0.19000127710749126,6.145621305574952,37,37,0,7.335001893876429,"[1132.5226611160526, 7.061477653325431, -97.58366116844525]","[-41.17967906177945, -1.7729670690841868, 0.8794311854793634]"
Optical_A-T0051,Optical_B-T0043,False,reprojection,3.004747169798224,40.66854097202447,69.77364672066052,2.393269675921624,47.28585152661768,0.1999968263620815,6.134217665124673,37,37,0,7.335001893876429,"[1114.4889875818333, -9.737287412624022, -91.09128474149779]","[-46.67548425784021, -7.5687811575590995, 0.25392062228250534]"
Optical_A-T0051,Optical_B-T0044,False,reprojection,5.978035889767013,164.74942670526568,273.738270853245,9.653256715934274,42.13356883015659,0.19999819673835617,6.053161451878779,34,34,0,6.997499688501927,"[1101.4865660826288, -31.963760466583167, -101.10237341606374]","[-41.90551112275737, -3.9604966536508854, 1.8655364275247959]"
Optical_A-T0051,Optical_B-T0045,False,time_delta|reprojection,5.898741740302714,100.96090829648871,163.20164288325665,5.76353835020116,38.89379221138496,0.2100015559590105,6.050882428697138,37,37,0,7.335001893876429,"[1063.0846108465046, -54.739533680747726, -96.2210820469606]","[-38.84431087598544, -1.8389226915575705, 0.6818713123919294]"
Optical_A-T0051,Optical_B-T0046,False,time_delta|reprojection,2.762723766103921,35.45891668828853,66.69763733092321,2.004705494884114,35.99422451100979,0.22999867730962542,5.99789462377495,37,37,0,7.335001893876429,"[1000.3539107028688, -110.69388921199479, -91.4305031744388]","[-35.98040721322504, -0.9736938500974333, 0.2154418848865315]"
Optical_A-T0051,Optical_B-T0047,False,time_delta|reprojection,4.4629467109661505,47.621767091663806,97.40701666737435,3.377382315825887,42.54193569327862,2.326389897702795,11.0623875675644,24,24,0,6.043564420920747,"[1403.4805994536823, 193.99524794180974, -90.67484151475377]","[-42.26578025212856, 4.584938466384045, 1.5486934717060805]"
Optical_A-T0051,Optical_B-T0048,False,reprojection,5.865194156626973,84.3829319812232,130.96419875679928,4.876143589941389,38.97947673227121,0.1999978997783316,4.971109264359259,35,35,0,7.665001036719091,"[1069.039650126194, -38.53112532045293, -94.30442915878571]","[-38.95922592942052, -1.1395949399428318, 0.5288144049637813]"
Optical_A-T0051,Optical_B-T0049,False,time_delta|reprojection,2.499235673627285,32.30667794304162,48.73023937285796,1.7353771224683052,39.866364069849574,0.23222835785228568,4.911080481772452,35,35,0,7.665001036719091,"[965.7161706367252, -131.85322213070512, -87.40038306735049]","[-39.516354234384714, -5.266763963928213, -0.21431173716259627]"
Optical_A-T0051,Optical_B-T0050,False,time_delta|reprojection,5.908687451314195,130.32604117356996,179.2962063694598,7.507271226289441,42.6819467129103,0.20500052713472172,4.198377123864702,33,33,0,7.8500000000000005,"[1058.978452823462, -41.67790921354813, -97.15134479579687]","[-42.426799972177236, -4.627906843871152, 0.5456166869031325]"
Optical_A-T0051,Optical_B-T0051,False,reprojection,6.098493672559417,216.31887288443957,316.86464142016877,16.239157170558457,57.98071999331247,0.04640930198912763,4.619218662793366,31,31,0,8.295001078994423,"[1588.2541574917918, 461.4625318827356, -100.14373801764677]","[-57.96331259537337, -0.7382577464812243, 1.2137789805794057]"
Optical_A-T0051,Optical_B-T0054,False,reprojection,5.848605905387562,102.10072131008087,175.1212998016441,6.469704293178782,41.45195640022062,0.12499754862111168,3.3330766619870524,25,25,0,8.775237037266601,"[1291.0628682095592, 209.56272404280443, -90.90977075598398]","[-41.023101923457, 5.857338607700115, -1.0302341569737137]"
Optical_A-T0051,Optical_B-T0056,False,reprojection,5.905602754813653,160.99234899002946,246.83728013895444,11.211885314011248,47.55242101315467,0.07499936646390903,3.81643423883518,24,24,0,9.000001801396188,"[1478.0315108382683, 396.3369483887003, -93.05713155164852]","[-46.999397199673595, 7.035084635527312, -1.6724207755810232]"
Optical_A-T0051,Optical_B-T0057,False,reprojection,5.958277987420411,146.00563377662905,241.32910427640013,9.125103409955816,39.59502564604337,0.14499873668125574,4.345721186324108,22,22,0,9.280000563883226,"[1249.5090358328603, 192.83221449728916, -93.51037557707487]","[-38.90712270751879, 7.072425926093189, -1.9956577995319948]"
Optical_A-T0051,Optical_B-T0060,False,reprojection,0.8384510057290215,9.567386364146126,14.295652741131128,0.5845845038628977,43.52896042218669,0.17000231419532952,4.949667609220304,21,19,2,9.345000527134722,"[1173.0311818834166, 121.6266583071008, -86.08943498558672]","[-43.52592163158431, 0.5102505558034807, 0.06469874634666672]"
Optical_A-T0051,Optical_B-T0061,False,time_delta|reprojection|speed|not_inbound,6.203601770224668,145.57601497155335,297.1422511739009,8.726824390874981,29.85686610872349,0.45749964124331033,8.49709193413502,18,18,0,8.997500415931748,"[1184.8767362000747, 121.16484875985978, -91.38760707684851]","[-22.720270821096936, 19.345505412626082, -0.9864927674886691]"
Optical_A-T0052,Optical_B-T0002,False,reprojection,2.0978062055998343,27.06805358017917,58.73534472400579,1.762653688315717,39.89887366082764,0.14249985294440126,8.688358168079333,36,36,0,7.497500282750259,"[1294.6803443172835, -314.5818436929683, -104.34317732989301]","[-39.89797128874103, -0.17270478802123534, -0.20537648764263877]"
Optical_A-T0052,Optical_B-T0004,False,reprojection,5.858380772628568,86.58882101889515,296.12484997097107,6.756130861340165,41.8666613908419,0.12499989263880273,8.893672852516044,36,36,0,7.497500282750259,"[1378.5289085761028, -270.6109813529721, -102.85025364063301]","[-41.861805890209226, 0.5254491571416793, -0.36117420881801987]"
Optical_A-T0052,Optical_B-T0007,False,reprojection,3.3195292224807815,45.00761153858304,141.3284832998796,3.307230204240351,44.7114342280444,0.12249912773567662,8.959919733280408,36,36,0,7.497500282750259,"[1402.4011380135794, -257.7396914019346, -104.01612931107971]","[-44.701303473075264, -0.9283783505708527, -0.20960003568955993]"
Optical_A-T0052,Optical_B-T0009,False,time_delta|reprojection|speed,3.7656372172962773,35.84618660202417,80.85400770747025,2.7852478195110435,30.574621654687792,6.065003153369527,74.48239439077098,17,17,0,7.74,"[1468.455770837884, -216.14973228036513, -106.1470016876124]","[-29.17272296006719, 9.127597536165297, -0.6683469460254009]"
Optical_A-T0052,Optical_B-T0012,False,time_delta|inlier_ratio,1.516859714873625,7.734333953710432,14.168336024019577,0.6128191281005693,41.63419954185761,1.7050020752067594,20.118426901931972,28,20,8,6.500001617502291,"[1670.0561063154787, -142.37289510122565, -109.72850329769435]","[-41.349842520843865, 4.842255730667773, 0.3868519502911751]"
Optical_A-T0052,Optical_B-T0013,False,inlier_ratio,0.5507721314097436,6.545706005720616,11.897110225075824,0.5075644331219862,49.76342299019465,0.08875917253822774,21.12645138694827,36,20,16,7.497500282750259,"[1586.536415833944, -159.31230531251632, -108.82015330948498]","[-49.75056807583818, -1.0814496666714888, 0.3312256796816611]"
Optical_A-T0052,Optical_B-T0014,False,time_delta|reprojection,6.293313319663471,74.23335432199289,141.21829607901765,5.806106013082179,50.05555784988782,3.519996711186847,15.941019418243739,23,23,0,6.255003153369527,"[1689.7354711457301, -137.49045641489636, -96.0961391654608]","[-49.94942079560298, -0.33383515198457303, -3.2408005089097602]"
Optical_A-T0052,Optical_B-T0015,False,reprojection,4.314946968608215,59.26517048468693,98.79081163599324,4.6250057245204514,43.82497380125889,0.054999381707122375,9.938248612848785,36,36,0,7.497500282750259,"[1751.9174982901263, -72.04327654639715, -101.43456595144198]","[-43.44735419797217, 5.697649057053624, -0.7018098742782374]"
Optical_A-T0052,Optical_B-T0016,False,time_delta,1.2420623320947792,2.4504215515888093,4.692423775780658,0.20090622764444924,44.86059261140064,2.045001585640308,13.990042327446341,27,26,1,6.255003153369527,"[1793.4267762850268, -85.8133859753013, -108.36824241422055]","[-44.59257383143185, 4.8956964675653865, -0.08535005460568312]"
Optical_A-T0052,Optical_B-T0017,False,time_delta|inlier_ratio,1.4954250175340122,7.6339142214497695,13.768334964705343,0.6042108448913621,57.09950836241373,1.7075026394934079,16.50649586141267,28,21,7,6.500001617502291,"[1689.6959233546536, -130.64736413204005, -109.31335154657883]","[-56.934460962499855, -4.3245136185828414, 0.3458209097605428]"
Optical_A-T0052,Optical_B-T0018,False,time_delta|reprojection,3.372911587812275,35.981277239694144,69.53830762934588,2.996484154053327,54.87018740070594,1.4950031533695274,11.170283140188836,29,29,0,6.745000081635055,"[1839.378662953422, -47.555854191836566, -103.90611667882996]","[-54.86043842917687, -0.17225510787860543, -1.0198475008020682]"
Optical_A-T0052,Optical_B-T0020,False,time_delta|reprojection|speed,5.087793234465332,56.52797663701066,182.8319771298181,5.045103027286124,68.20426906908128,1.7100020520784818,11.164586678095127,28,28,0,6.500001617502291,"[1707.1899200370958, -121.72906450161133, -104.93155429379888]","[-67.43676689853288, -10.158855711313237, -0.9499685033182418]"
Optical_A-T0052,Optical_B-T0021,False,reprojection,3.796135869703851,52.39635907186854,82.45348592065332,4.284217197084613,46.97664955445952,0.04499925431712626,10.23582562891452,36,36,0,7.497500282750259,"[1835.3133426452546, -27.93916461042457, -102.73019260205898]","[-46.67030864174876, 5.328956210864671, -0.5386282104570697]"
Optical_A-T0052,Optical_B-T0022,False,reprojection|inlier_ratio,0.6312598259793545,8.060764141779005,17.937755720074048,0.6661406145033566,49.120835705570194,0.027498808589744073,75.10574453987313,36,28,8,7.497500282750259,"[1941.0944291881885, 27.99209904038912, -108.02801729168975]","[-48.74883315115949, 6.033101085575058, -0.09725279053190886]"
Optical_A-T0052,Optical_B-T0023,True,,0.06142927472074639,0.4909035272424661,2.8399860656364773,0.045000832673744655,49.99702613777399,0.022499813873305463,12.384766519688636,36,35,1,7.497500835666574,"[1965.2277238703148, 40.569321179577926, -109.90985087761096]","[-49.63573720873265, 5.999684522260878, -1.5233435432068787e-05]"
Optical_A-T0052,Optical_B-T0024,False,reprojection,5.960537863172132,134.70094488193752,309.02289219352065,10.860327960700129,59.46096303154379,0.05499829795820865,10.222087744230686,36,36,0,7.497500282750259,"[1800.6791784028658, -44.46247002663794, -95.93737807826119]","[-59.30527963715111, -3.8945737185337705, -1.8226978215911203]"
Optical_A-T0052,Optical_B-T0025,False,reprojection|speed,6.061642180296951,148.63461852603106,240.4428007496181,11.814673667391617,66.57843218778139,0.0574996369995846,10.313982538354038,36,36,0,7.497500282750259,"[1810.8646199048228, -41.03871473601484, -90.57205672818591]","[-66.23726289239458, -6.442018678988276, -1.9526987597625398]"
Optical_A-T0052,Optical_B-T0026,False,reprojection,1.9458462013291673,26.544445458823237,56.97381523303085,2.3155197356256934,52.726489344261246,0.022499773392642197,10.834685417169087,36,36,0,7.497500282750259,"[1993.4600194979037, 55.777269420969255, -106.4959710869778]","[-52.51307168653733, 4.72707257927803, -0.3387704906327613]"
Optical_A-T0052,Optical_B-T0027,False,reprojection,5.958710802045337,125.82283392192079,206.1472843719064,10.920366135195698,60.68384254673496,0.02250001589059636,10.98780051500633,36,36,0,7.5,"[2016.484579645154, 68.48574614892387, -93.03386091173945]","[-60.65996941197838, 0.15658768195866912, -1.6947971774303914]"
Optical_A-T0052,Optical_B-T0028,False,reprojection,3.258613735219937,43.59445204090021,149.18373984178862,3.9343366332526646,62.123444335678215,0.018351944291995714,11.075706345676956,36,36,0,7.5025005865859775,"[2038.3501054205108, 79.98392530145136, -114.46453198172829]","[-62.12066957092093, -0.3070234489155865, 0.5004845555897246]"
Optical_A-T0052,Optical_B-T0029,False,reprojection,5.912633047161162,95.65549290483698,156.62717457836467,8.074519671925378,64.12253545400112,0.032499179211318285,10.809386073941331,36,36,0,7.497501112725132,"[1957.2718391386793, 36.867363522746835, -97.07462968996265]","[-64.0470494027468, -2.8590705942326196, -1.2250433416567357]"
Optical_A-T0052,Optical_B-T0030,False,reprojection,2.7380760681736898,37.099918255260334,140.1025602624865,3.4732186909018363,56.133274294758394,0.017497449353283123,11.331640341578618,36,36,0,7.502500604147646,"[2123.4338101348203, 124.83270872939164, -114.31295388067709]","[-55.904911334477006, 5.048177557239555, 0.31823746704327505]"
Optical_A-T0052,Optical_B-T0031,False,reprojection,2.75945774974197,37.4224245577457,59.70220295694521,3.5544991048500734,55.292811282140725,0.02749921740391592,11.702249093573759,36,36,0,7.500000926207182,"[2223.7653248262523, 177.95855336685443, -105.54329059367193]","[-54.78630140332042, 7.447928139980007, -0.533408332005969]"
Optical_A-T0052,Optical_B-T0032,False,time_delta,1.334549499777738,3.5715763215085445,6.7723218878889275,0.3506774476399322,55.9879072589384,3.5400003657169252,20.62649752224936,23,22,1,6.255003153369527,"[2229.7614058376553, 136.63687308061108, -110.13324568774163]","[-55.67110786676456, 5.944187306868059, -0.20036312889585037]"
Optical_A-T0052,Optical_B-T0033,False,reprojection|speed,2.917330339058037,37.51040209304358,61.028484316334996,3.3611428498281763,71.44560307903842,0.019999029469016882,11.377035974096465,36,36,0,7.5,"[2094.839781316633, 109.63290225987555, -105.23875479564558]","[-71.29483518380879, -4.615119136520221, -0.47047932661367325]"
Optical_A-T0052,Optical_B-T0034,False,reprojection,4.523832823072694,61.73952070114656,102.0064983557969,5.726545509737902,58.290379312962266,0.022499717249741646,11.568062484370111,36,36,0,7.5,"[2179.7140549949854, 154.5337393317585, -101.84799923440971]","[-58.08711622889514, 4.7881070566609765, -0.853978614368887]"
Optical_A-T0052,Optical_B-T0035,False,reprojection,5.950435781607933,116.23829644063944,192.14746826491168,11.040531683961875,59.206586585415195,0.02749917701382909,11.812726211110725,36,36,0,7.500001264736474,"[2240.6931035192697, 187.02174653638056, -94.07982481076588]","[-58.94231118200281, 5.354701142173241, -1.5971923172310856]"
Optical_A-T0052,Optical_B-T0036,False,reprojection|speed,6.092552585301717,101.67792352676281,175.15285777406373,9.085897476777406,79.6583528691252,0.019995826100497105,11.790644375395928,35,35,0,7.274850620752199,"[2123.779692945672, 117.41881206389868, -96.00066863879415]","[-79.14363996832444, -8.905942435530136, -1.5561567148999986]"
Optical_A-T0052,Optical_B-T0037,False,reprojection|speed,3.9166545904076244,50.85892442686687,91.39340247616242,5.014048056786022,73.58731930365357,0.04028594671575103,12.395790766602353,36,36,0,7.50221377053399,"[2352.0030251589383, 246.05262018167144, -104.00245083818764]","[-73.57020724217112, -1.4117728925171775, -0.7246143400533549]"
Optical_A-T0052,Optical_B-T0038,False,time_delta|reprojection|speed,3.8521615192746412,35.39249591008553,127.84168073299887,3.7853604533113145,78.21093988868819,5.569999543595754,72.53991420679887,18,18,0,7.497500282750259,"[2321.8809537234197, 229.62790111462817, -113.37285361980021]","[-78.07491865863156, -4.436387052835812, 1.2556530721079349]"
Optical_A-T0052,Optical_B-T0039,False,reprojection,6.074501379754225,158.85081865382756,260.9689608526109,15.029234219172018,59.83397070435985,0.0250004776081596,10.537863931419977,35,35,0,7.715003495097898,"[2219.056587157794, 183.5525407314976, -88.80508927564946]","[-59.60118477030859, 4.813488525325198, -2.152475886575687]"
Optical_A-T0052,Optical_B-T0040,False,reprojection,3.20388465878818,43.66779642277752,150.73692598291154,3.4384822150951417,55.425102948393935,0.06499998929102091,8.81968615463728,35,35,0,7.74,"[1719.0063414312756, -82.72777157307269, -112.34503491257516]","[-55.39553991125364, -1.7605691842273359, 0.4202272341482551]"
Optical_A-T0052,Optical_B-T0042,False,reprojection,1.474025950147726,19.807532107517577,70.1388582996683,1.3106407589845448,49.831475852098684,0.11999999999999922,7.948629982879403,35,35,0,7.74,"[1404.1580512896483, -250.91354250639588, -105.48723682135682]","[-49.673622464813924, -3.960769708349858, -0.13971449046492546]"
Optical_A-T0052,Optical_B-T0043,False,reprojection,5.866175837976288,101.79875072881697,173.23791902300252,6.574101882094936,59.27230040160963,0.129999999999999,7.913747690497365,35,35,0,7.74,"[1372.0934934416723, -268.4343180001489, -96.91729446572573]","[-58.50622942769171, -9.450250575547642, -0.9588936918737205]"
Optical_A-T0052,Optical_B-T0044,False,reprojection,3.601219398763959,49.644413989811355,165.96859788552422,3.2491295308656687,51.3075846615775,0.13232591195257815,8.24631415250443,32,32,0,7.204999971252185,"[1360.3945510391418, -285.77591211450346, -110.50857282155869]","[-50.96249214954513, -5.908595663702556, 0.6173613167095667]"
Optical_A-T0052,Optical_B-T0045,False,reprojection,2.6004247846723265,35.18468839522736,64.56832734255057,2.1802876288138062,46.50103190177916,0.1399999999999988,7.697183005352463,35,35,0,7.74,"[1297.342029532004, -307.9199599154501, -103.15383294972825]","[-46.33576276002553, -3.9036934111632604, -0.32285465546284475]"
Optical_A-T0052,Optical_B-T0046,False,reprojection,5.858779764395204,108.4362796880307,185.26794754042146,6.485760983741056,42.42327317045195,0.15499787838122714,7.503401603432219,35,35,0,7.74,"[1204.2167090598352, -357.9139898810578, -96.65678530271873]","[-42.31484970709242, -2.9001396274376248, -0.8813574203095735]"
Optical_A-T0052,Optical_B-T0047,False,time_delta|reprojection,4.398141739185173,47.339078947498656,115.4913221062627,4.091357712635911,49.36834529870804,2.9950009249671297,14.515187567065697,22,22,0,6.500001617502291,"[1827.524231251725, -60.81512626254366, -102.54254990082859]","[-49.26207189713532, 2.754066716889632, -1.7020300975188951]"
Optical_A-T0052,Optical_B-T0048,False,reprojection,4.5452239876637535,62.75529379950273,107.26931352889503,4.066987113632287,46.6391977213961,0.129999999999999,6.522171588222132,33,33,0,7.8500000000000005,"[1321.2729308734604, -293.0767506699642, -101.16896657560397]","[-46.52429638165004, -3.2236986311557416, -0.558907347732187]"
Optical_A-T0052,Optical_B-T0049,False,reprojection,5.911211514966174,173.56757782068982,296.01219508092686,10.007554512084473,48.14379343768873,0.16499833116328766,6.221453677852426,33,33,0,7.88,"[1163.1359877174446, -376.9871128350496, -91.50918871792734]","[-47.63185149933956, -6.845432625709009, -1.4736422505421083]"
Optical_A-T0052,Optical_B-T0050,False,reprojection,1.8830856746878997,25.211086281345345,67.57007083313349,1.7560100501468245,52.31549593624785,0.1299990866307894,5.237150966061273,31,31,0,8.146896287680153,"[1301.3951677416132, -297.4166666072151, -105.2104500793144]","[-51.90072165213132, -6.565295622279166, -0.35085671667372575]"
Optical_A-T0052,Optical_B-T0051,False,reprojection|speed,4.380994933226963,57.01745700036524,159.35316279131706,5.715564997011547,76.20970955146508,0.03499670288406698,6.289113127086275,29,29,0,8.295001078994423,"[2268.0046782536933, 230.81030012305035, -117.225020711024]","[-76.13974063406837, -3.2148090308643305, 0.5698499719564721]"
Optical_A-T0052,Optical_B-T0054,False,reprojection,5.719959980918473,79.76439089110042,112.02787461957342,6.34054110031839,48.06677094673323,0.040238340701868935,3.3054687902611035,23,23,0,9.225002881469635,"[1697.3315501898026, -50.942144061142685, -103.1988856235157]","[-47.92600145289531, 3.6062614651712295, -0.7125533156296621]"
Optical_A-T0052,Optical_B-T0056,False,reprojection,0.664327411440144,8.210313513335826,9.738170447958636,0.7489919283565204,56.32103000507431,0.010001735956695512,3.5741793362702574,22,21,1,9.270001689923607,"[2060.6217125756434, 153.81659867399023, -110.16727435912574]","[-56.029833812978254, 5.719672713004172, 0.0385717336371425]"
Optical_A-T0052,Optical_B-T0057,True,,0.38908326196827364,4.235617613010984,5.931070508091707,0.32481214819070164,44.990073476062335,0.058186560633582296,3.279527566331038,20,19,1,9.50000178285314,"[1648.4238139115694, -70.10334739351663, -108.47842476763587]","[-44.73200806698158, 4.811517691780118, 0.058848777981151595]"
Optical_A-T0052,Optical_B-T0060,False,reprojection,5.950174950402405,170.21265484645608,247.91451803695236,12.209460356481607,53.50878892971312,0.08254988498324778,4.00188526853182,19,19,0,9.73500198006597,"[1505.9900019996583, -144.29924768768788, -96.95559242464124]","[-53.39411830295342, -2.302136536364486, 2.6379519978080594]"
Optical_A-T0052,Optical_B-T0061,False,time_delta|reprojection|speed|not_inbound,3.2362361812197484,39.749988033919465,85.16155584363268,2.9363448462252597,24.743028792422887,0.3050002652479247,6.6243779683462405,16,16,0,9.227500792820154,"[1536.7826733915124, -139.3118028082563, -108.0643881769859]","[-17.237662491629433, 17.730299560820562, -0.8467249440674375]"
Optical_A-T0053,Optical_B-T0002,False,reprojection,4.345419131480253,58.231931097913645,100.26944414793762,3.8327649510411175,35.22721410914129,0.1349999999999998,8.730615953949346,36,36,0,7.500001534584747,"[1308.0795303675307, -329.94426727757724, -106.17390671276601]","[-34.811587477652296, -5.374139820588027, -0.4781342550113278]"
Optical_A-T0053,Optical_B-T0004,False,reprojection,5.957715323152599,112.66632846891419,326.9194259823784,8.41801855119575,36.42189811617966,0.11499989263880295,8.94343009477649,36,36,0,7.500001534584747,"[1393.7425005313992, -286.4376830971082, -104.79075841742083]","[-36.090773414623385, -4.857334455497039, -0.6457853413689115]"
Optical_A-T0053,Optical_B-T0007,False,reprojection,5.557103168422291,75.9269933690032,158.45471659700058,5.404500593387064,39.31986304637728,0.11250099805861069,9.01237044935165,36,36,0,7.500001534584747,"[1418.137089392532, -273.7622285639776, -105.99554630478855]","[-38.813822774927345, -6.267735548618305, -0.5042644891155219]"
Optical_A-T0053,Optical_B-T0009,False,time_delta|reprojection|speed|not_inbound,3.9811083497551945,37.66480513676575,74.669374185819,2.842468795468414,21.709488333561254,6.06,75.49275696648482,17,17,0,7.7449993559319985,"[1491.6927400002296, -231.68584632573956, -110.91834720488528]","[-21.38666162189245, 3.5126489763640905, -1.2545459515510093]"
Optical_A-T0053,Optical_B-T0012,False,time_delta|speed|inlier_ratio,1.564000293346714,7.166475994112007,14.012115014438203,0.5709665032378558,32.332277468124225,1.7030089822163417,16.68805494748403,28,22,6,6.5,"[1685.5163131001555, -151.97440111465536, -112.77242810937551]","[-32.321438882652316, -0.7559109167538622, -0.35965749912442313]"
Optical_A-T0053,Optical_B-T0013,False,reprojection,2.5862602550442597,34.59143891185947,169.65146499318408,2.61177348103425,42.1889308893747,0.07875917253822795,9.559338574433808,36,36,0,7.500001534584747,"[1609.696179942605, -174.97996961003864, -111.42051979811535]","[-41.71329690027555, -6.315611071907227, -0.14074120327803344]"
Optical_A-T0053,Optical_B-T0014,False,time_delta|reprojection,6.8281842921224305,96.94441762321595,187.7399135951069,7.607441939212125,41.5088658908166,3.524998014622115,15.994675308350377,23,23,0,6.25,"[1704.0619288479213, -145.6120372412857, -99.69225228231474]","[-40.94145907668973, -5.583958595468573, -3.9499724831485383]"
Optical_A-T0053,Optical_B-T0015,False,reprojection|speed,5.9256890363491825,94.80756614874593,151.82233382295868,7.559927670523242,33.737120735321376,0.04749990495490408,10.022980576476126,36,36,0,7.500001534584747,"[1777.369570880207, -88.88684198510653, -103.93301995307986]","[-33.719110157555534, -0.2744352188946948, -1.067525645086243]"
Optical_A-T0053,Optical_B-T0016,False,time_delta|reprojection|speed|inlier_ratio,1.7918209903342073,8.233926423121057,14.85294384454131,0.6988417117236975,34.453448240863295,2.035000239156356,52.77158784940094,27,12,15,6.25,"[1810.4261945564938, -94.26050842317134, -111.3378646948416]","[-34.43971479733459, -0.529249645751591, -0.8161097821807397]"
Optical_A-T0053,Optical_B-T0017,False,time_delta|inlier_ratio,1.4556985225191288,7.8018019841264925,14.74004416803122,0.6290387341004792,48.769433392308706,1.7075000727756593,29.248759002465516,28,19,9,6.5,"[1706.2331012224388, -139.98243910478234, -112.1240388731554]","[-47.85019055225426, -9.416968632319296, -0.37094379319068777]"
Optical_A-T0053,Optical_B-T0018,False,time_delta|reprojection,5.22914261546041,62.00204154234603,119.35042577267798,5.221390559433024,44.82825281298511,1.4900000000000002,11.257596066065805,29,29,0,6.75,"[1859.8584903606552, -59.43007538538211, -107.2571867057026]","[-44.433294052593254, -5.672852524809713, -1.7531041419290578]"
Optical_A-T0053,Optical_B-T0020,False,time_delta|reprojection,5.886184825482311,68.81223236868708,198.39216266661813,5.929276620332707,60.93272950917717,1.7099994853607332,11.248150025291398,28,28,0,6.5,"[1723.2106035975726, -132.2263943515834, -107.92217709103726]","[-59.020931575921296, -15.056456101749319, -1.6218171922453781]"
Optical_A-T0053,Optical_B-T0021,False,reprojection,5.88845015756382,87.92721188337359,134.61333617119752,7.302636488130238,36.08057287359052,0.035000973849351524,10.330096498382973,36,36,0,7.500001534584747,"[1863.2741615831046, -44.91781036594787, -105.36091425321185]","[-36.06290278876392, -0.639029151206941, -0.9308184992505352]"
Optical_A-T0053,Optical_B-T0022,False,reprojection,3.37323213505618,45.12427541967221,72.16271466843823,3.9118991498270477,36.804684215473365,0.017501410143740515,10.719857279345819,36,36,0,7.500001534584747,"[1972.4681564570853, 11.065997348110532, -111.04500667280695]","[-36.79986044884004, 0.030552723404456472, -0.5950778753284007]"
Optical_A-T0053,Optical_B-T0023,False,reprojection,2.6275775152428027,34.753399187501614,57.529123546395375,3.0462897903373665,37.35332295417188,0.015001850984087461,10.81420294041055,36,36,0,7.500001534584747,"[1997.2106759733078, 23.73780134764033, -112.58094154995399]","[-37.35022131743229, -0.014577781071910323, -0.4811348519793088]"
Optical_A-T0053,Optical_B-T0024,False,reprojection,5.919691675304189,154.11916013147336,287.7180437479474,12.602665579707901,50.6442834051089,0.0450004402237667,10.315547899046907,36,36,0,7.500001534584747,"[1826.9473881136332, -61.85688593083162, -98.4485117119743]","[-49.69783700598017, -9.50142780342906, -2.1659428063183452]"
Optical_A-T0053,Optical_B-T0025,False,reprojection,6.074609299412209,187.35561200632688,298.99543432291887,15.195255168778134,58.22824800798283,0.04750209471732614,10.409967001141863,36,36,0,7.500001534584747,"[1837.06146770912, -58.694681308109324, -92.99573355998491]","[-56.949359714601385, -11.923617589729616, -2.2642079741013053]"
Optical_A-T0053,Optical_B-T0026,False,reprojection,4.45507564703287,60.7412819707894,99.5857670945849,5.37792255245437,40.14678852432974,0.012501776818416133,10.948296342038772,36,36,0,7.500001534584747,"[2026.576483419862, 38.73090454560489, -109.41072406771832]","[-40.12183423769697, -1.1762173562895057, -0.7871206710438369]"
Optical_A-T0053,Optical_B-T0027,False,reprojection,5.96632128683172,162.42226437456895,255.54593354087342,14.434244973996849,48.72793443327793,0.015002263095984958,11.111483142621015,36,36,0,7.5,"[2049.9674219833464, 51.20103522480709, -95.79691167261518]","[-48.36323494986515, -5.582745612584716, -2.059623932454793]"
Optical_A-T0053,Optical_B-T0028,True,,0.0677797942775189,0.6587756002275658,2.839287380994374,0.060108115034663887,49.99301744288001,0.014998200437937648,11.203254496622433,36,36,0,7.5025005865859775,"[2072.9075255370885, 62.626789048175915, -117.52874090445262]","[-49.6320522939496, -5.996763971700126, -4.9766529893635614e-05]"
Optical_A-T0053,Optical_B-T0029,False,reprojection,5.900553552046101,131.776166219435,207.75672918664182,11.390071998783098,53.462225942116696,0.022501330040688217,10.921377309681702,36,36,0,7.500001534584747,"[1988.4265133170204, 19.34508806132846, -99.78932481898816]","[-52.75781564717026, -8.500821555836655, -1.5995385900175427]"
Optical_A-T0053,Optical_B-T0030,False,reprojection|inlier_ratio,0.6330764530882047,7.2178872602751305,16.431010213237254,0.691340031669453,41.56601000841982,0.01749862795071966,8.96384295892672,36,28,8,7.502500604147646,"[2162.908804829744, 108.80846546821495, -117.65415537717028]","[-41.5595499868683, -0.6821920407136162, -0.26759470966248305]"
Optical_A-T0053,Optical_B-T0031,False,reprojection,5.347218162949251,72.71270128895011,115.28318825658359,7.0728245564087855,39.238635526029775,0.029999146750077976,11.851124543637875,36,36,0,7.500000926207182,"[2265.6933354249363, 161.5093200568837, -108.80759716548836]","[-39.18986758301451, 1.660732052893195, -1.0328435597355137]"
Optical_A-T0053,Optical_B-T0032,False,time_delta|reprojection|inlier_ratio,1.785714458273489,8.958609495770675,14.770855531389346,0.8915958187702803,40.27689853466869,3.534997212347398,56.68260739794711,23,12,11,6.25,"[2255.4356983562884, 128.73757716325713, -114.5667187777523]","[-40.25534575358916, 0.6986036174379251, -1.1169811174280906]"
Optical_A-T0053,Optical_B-T0033,False,reprojection,5.23092227987311,71.52211246494761,118.35008656370938,6.5370140606508444,59.4400431003832,0.020001843549139586,11.513884400025091,36,36,0,7.5,"[2130.864811963375, 92.08775420421762, -108.25214974108391]","[-58.56243514489345, -10.134669761272278, -0.9210768184650548]"
Optical_A-T0053,Optical_B-T0034,False,reprojection,5.876137118336016,99.24436357574238,160.540018890141,9.463959271659911,43.36383914685807,0.02499782134725148,11.711854772938807,36,36,0,7.5,"[2219.5809280954522, 137.77993622334645, -104.98157752406067]","[-43.33290845510205, -0.9770399846574662, -1.31414734512774]"
Optical_A-T0053,Optical_B-T0035,False,reprojection,6.048176265726683,154.67451127115453,247.76129316363884,15.108782014503525,43.356083397382754,0.02999982282086222,11.964601226516926,36,36,0,7.500001264736474,"[2282.8080043330447, 170.49188145445228, -97.19572860093398]","[-43.30763461575597, -0.3631794271633453, -2.0166438090721086]"
Optical_A-T0053,Optical_B-T0036,False,reprojection|speed,6.087449830069125,139.24028624249388,235.8299606176686,12.781333887654654,68.06273173021025,0.01984690751470275,11.932278751081387,35,35,0,7.274850620752199,"[2157.2524606742404, 101.11876927320583, -98.971712175037]","[-66.52626197956577, -14.238313129939527, -2.0155289178131612]"
Optical_A-T0053,Optical_B-T0037,False,reprojection,5.869089829215889,85.13081185170398,136.54918197432372,8.632535745104486,57.49808135759915,0.042784050813260865,12.56821005117339,36,36,0,7.50221377053399,"[2398.100110429757, 229.43403515336936, -107.40472604286043]","[-57.08509770925031, -6.768094604866008, -1.230396176041933]"
Optical_A-T0053,Optical_B-T0038,False,time_delta,1.3758409625277193,3.392221447624889,6.364088572974492,0.36038079641182147,60.84265304291831,5.564998982109674,74.30579662308166,18,18,0,7.500001534584747,"[2376.258050152167, 218.05701061809359, -120.50719158068313]","[-60.21923356105932, -8.684098887193386, 0.24241521604431737]"
Optical_A-T0053,Optical_B-T0039,False,reprojection,6.163469271115418,198.20235328252247,315.6310090385586,19.273647752012543,44.259433269712446,0.02999586083410044,10.678229898025576,35,35,0,7.715003495097898,"[2263.9981336223905, 165.75894985855427, -91.89805649450102]","[-44.17665526015694, -0.9420548179638502, -2.5363548847366855]"
Optical_A-T0053,Optical_B-T0040,True,,0.41441019424373965,4.859462877058401,11.502573236431786,0.4019492105029007,47.11011264364865,0.05499998929102112,8.895741488223562,35,35,0,7.7449993559319985,"[1745.4882566661834, -101.3447025661632, -114.99835198391733]","[-46.5168581385917, -7.45282149587824, 0.008600114796207203]"
Optical_A-T0053,Optical_B-T0042,False,reprojection,3.4338693666670066,46.852708149188885,79.81145037837334,3.164430972385997,44.84733148765617,0.10999999999999943,7.996231689141297,35,35,0,7.7449993559319985,"[1421.4046115189744, -268.3863412356575, -107.56288091757531]","[-43.884833555120665, -9.230942090853574, -0.4407193192723508]"
Optical_A-T0053,Optical_B-T0043,False,reprojection,5.8982321752342886,138.50679313303863,228.97364528950726,9.135157859456845,55.291595163770445,0.11999999999999922,7.9601091894483424,35,35,0,7.7449993559319985,"[1388.1492736516984, -285.91234833799746, -98.84075771329053]","[-53.369217488642796, -14.401989226889299, -1.2123641007516748]"
Optical_A-T0053,Optical_B-T0044,False,reprojection,1.4077577432925041,18.382383088154228,35.52200598040976,1.2871020276558438,46.85431196768317,0.12482690198556323,8.295472097979797,32,32,0,7.205001545120675,"[1373.8413956429895, -299.6648440885488, -112.66256710531273]","[-45.568049796339565, -10.901551843406764, 0.18856067673503185]"
Optical_A-T0053,Optical_B-T0045,False,reprojection,4.878465430322966,66.88948075072439,115.91780580546207,4.244375227251407,42.36238977579465,0.129999999999999,7.735734789980049,35,35,0,7.7449993559319985,"[1311.963787786676, -324.72909902574656, -105.04486768717075]","[-41.392652187004984, -8.992843537081683, -0.5909124804492906]"
Optical_A-T0053,Optical_B-T0046,False,reprojection,5.957973232603221,144.35629743998473,241.85400926895468,8.76343284860767,38.83931003482662,0.1450011286885129,7.533948582579502,35,35,0,7.7449993559319985,"[1216.726523146761, -374.01991785345297, -98.3546133749121]","[-38.02229669703911, -7.846790798504003, -1.1067212965446944]"
Optical_A-T0053,Optical_B-T0047,False,time_delta|reprojection,5.935471232965405,67.4587162754691,123.38132470187848,5.749250931412178,38.934637421845,2.995,14.597108100117753,22,22,0,6.5,"[1845.9725625510318, -70.69097010616366, -106.41976388151615]","[-38.748181176155036, -2.807846139785255, -2.5691334659161593]"
Optical_A-T0053,Optical_B-T0048,False,reprojection,5.8426822665083495,98.89860258212255,159.3925713086152,6.5012085115981595,42.2877727452457,0.12061612244190023,6.565294187140027,33,33,0,7.8500000000000005,"[1337.3757149175299, -310.5093558346945, -103.11604001785918]","[-41.41680379259411, -8.498776177852676, -0.8215173997370944]"
Optical_A-T0053,Optical_B-T0049,False,reprojection,5.999703654960228,209.5290175356141,355.8429365778927,12.208138502863179,45.399299889565846,0.15500080354359902,6.254142319704141,33,33,0,7.88,"[1175.4768922503338, -393.4420298777134, -93.12539416415642]","[-43.85298714677258, -11.62898523423371, -1.6669286696517842]"
Optical_A-T0053,Optical_B-T0050,False,reprojection,3.7390779111085237,51.627899298334064,93.77907720761435,3.4671060576102644,48.58827205710932,0.12499788826956859,5.277573914465344,31,31,0,8.146896287680153,"[1318.7488140148212, -316.3438212997853, -107.28860056921755]","[-47.129653678901676, -11.800840035763429, -0.5967411941397249]"
Optical_A-T0053,Optical_B-T0051,False,reprojection|inlier_ratio,0.7287277805063865,7.956898493181357,15.848828501703153,0.8221338966050139,61.2540928490398,0.039994595345567596,9.853352997717115,29,22,7,8.295001078994423,"[2326.453236985458, 210.1411964834292, -120.82320260536959]","[-60.601726805530234, -8.908864041964762, 0.3560062196848679]"
Optical_A-T0053,Optical_B-T0054,False,reprojection,5.921382556446772,117.77976602141858,153.7250651164735,9.52908958641748,38.87047002069067,0.03523703726660088,3.3704200854269897,23,23,0,9.225002881469635,"[1740.5730650715384, -78.18557769097919, -106.82010151202051]","[-38.77142205040897, -2.7629046617530832, -0.23796984795636217]"
Optical_A-T0053,Optical_B-T0056,False,reprojection,3.5253058616084925,47.95687007651919,61.19546434592135,4.486251952812825,42.121050242402696,0.014999755890725552,3.904170533937668,22,22,0,9.26500101668163,"[2125.8796259991354, 126.81077111502748, -114.62132999792809]","[-42.115130795167296, -0.61995100563027, 0.3380715598527685]"
Optical_A-T0053,Optical_B-T0057,False,reprojection,3.0280122165897,40.18287772510321,58.3028210528644,3.14452536762151,36.0103420806475,0.0481865606335834,3.7076625132217287,20,20,0,9.497500119578177,"[1692.5782631924885, -98.89135457581821, -112.27969194805864]","[-35.96602376050542, -1.6907622921759753, 0.5754950002971833]"
Optical_A-T0053,Optical_B-T0060,False,reprojection,6.015293476290587,204.39438894736145,314.746539714413,14.930928759811216,47.77073767660833,0.07500181996291211,4.034283578723061,19,19,0,9.74,"[1544.425971375036, -174.0026011768981, -100.43642567980699]","[-46.816371638792596, -8.690162841275082, 3.8408064957641903]"
Optical_A-T0053,Optical_B-T0061,False,time_delta|reprojection|speed|not_inbound,3.3556586202205563,39.89595838218187,108.67498891660797,3.078091464612916,14.236667789570022,0.3050004964060751,6.7114039006555,16,16,0,9.222500119578179,"[1572.9748441866761, -166.25822983762757, -112.81257565008879]","[-8.33807195665924, 11.537090045564952, -0.23413474043685728]"
Optical_A-T0054,Optical_B-T0002,False,reprojection|speed,5.145248302649119,69.21222478894113,110.38899675053366,4.232880736347984,33.66227364710114,0.16999899722673817,8.38635290865128,36,36,0,7.502500649296286,"[1199.963217941751, -219.64415468595905, -99.81753045282954]","[-33.47876992507515, -3.469046916611262, 0.535112031777737]"
Optical_A-T0054,Optical_B-T0004,False,reprojection|speed,5.94423166825765,96.74109728422933,315.93697773794014,6.875436145547093,34.86728658537103,0.14999888986554133,8.538083248561676,36,36,0,7.502500649296286,"[1271.7177115127474, -173.35856750674532, -98.16693361058594]","[-34.74766898492881, -2.8514234524074595, 0.44334888662536914]"
Optical_A-T0054,Optical_B-T0007,False,reprojection,5.316717628199604,72.1611824285885,152.39639522801573,4.772328824783037,37.295575144125905,0.14749999528534907,8.585745741763372,36,36,0,7.502500649296286,"[1291.9455167992994, -160.01744944275566, -99.17579334668251]","[-37.041890183135294, -4.3027443680643955, 0.5871012644995434]"
Optical_A-T0054,Optical_B-T0009,False,time_delta|reprojection|speed|not_inbound,4.116052233153699,39.95918405169086,93.82147796831525,2.89329981248081,24.114131077278994,6.094598162799367,71.78797119273709,17,17,0,7.72,"[1350.2224258966116, -116.77042247322576, -94.73205282005948]","[-23.358906556514377, 5.916953955403869, 0.9178551006846434]"
Optical_A-T0054,Optical_B-T0012,False,time_delta|reprojection|speed,6.572083461425946,78.04834350586063,155.13734455180847,5.6616358773310695,32.87930000420905,1.7050019974029578,10.38058032807569,28,28,0,6.499798850562551,"[1515.4193483269858, -36.71206552752102, -101.92912501152696]","[-32.78347732270986, 1.4056920357466254, 2.077501696458582]"
Optical_A-T0054,Optical_B-T0013,False,reprojection,5.882893601305378,104.66705523632291,165.50998656327621,7.171845209712676,40.106404268134135,0.11375816976496633,8.991998484476879,36,36,0,7.502500649296286,"[1448.917285655931, -57.23778099060518, -103.21671986859722]","[-39.88064006189813, -4.114754197475044, 1.0616070208394048]"
Optical_A-T0054,Optical_B-T0014,False,time_delta|reprojection,3.237423293422939,29.892046449595227,56.17909359329153,2.195269461377271,39.821101878047195,3.5095971976710523,14.991420851095398,23,23,0,6.284598162799368,"[1531.517089739957, -30.84438951166038, -88.7023273786383]","[-39.66130677567413, -3.3976909558778488, -1.0754514382457776]"
Optical_A-T0054,Optical_B-T0015,False,reprojection|speed,2.6124988414656674,33.84508739624474,53.946152732926286,2.4808811438373275,34.216102339466154,0.08250235077985923,9.345439559308133,36,36,0,7.502500649296286,"[1583.5550179748338, 30.323430452760707, -95.68491592960545]","[-34.14601529433882, 2.159197737834493, 0.3593938682436333]"
Optical_A-T0054,Optical_B-T0016,False,time_delta|reprojection|speed,5.42519358856414,59.99821167192311,119.79434832909477,4.544814890651038,34.919922760683534,2.075003477157888,11.316323666494736,27,27,0,6.284598162799368,"[1615.1429060186877, 21.57001978744408, -100.11474856330689]","[-34.84168385675397, 1.4516146765809665, 1.8305426705894696]"
Optical_A-T0054,Optical_B-T0017,False,time_delta|reprojection,6.202425637149234,74.66184260833849,147.86983070354367,5.440107409303526,46.016180051479296,1.7072991206457364,10.438499123949123,28,28,0,6.499798850562551,"[1532.694353387297, -25.05770484248849, -101.62811022999317]","[-45.382465511709654, -7.345813907705818, 1.989891615641548]"
Optical_A-T0054,Optical_B-T0018,False,time_delta|inlier_ratio,1.382731693597254,7.300264754772432,11.926482595119904,0.5750296152178695,43.346695576210784,1.4800003149217673,63.93393489373398,29,9,20,6.714999538325735,"[1655.6452981110008, 57.04478722423355, -95.81055180840332]","[-43.204986073391325, -3.384905504182136, 0.8986715209187204]"
Optical_A-T0054,Optical_B-T0020,False,time_delta|reprojection,6.61158606851954,81.10416597128435,213.87522763813053,6.326499981413314,55.4128893921796,1.7097985332308103,10.496214158195354,28,28,0,6.499798850562551,"[1546.5566099995308, -16.140746398650254, -97.83776052254221]","[-53.8500688202775, -13.04088214430567, 0.8329416183847135]"
Optical_A-T0054,Optical_B-T0021,False,reprojection,3.376024823312267,44.946304150595715,74.74512929241314,3.417190822734882,36.38163008183756,0.0699999710760899,9.579884754433866,36,36,0,7.502500649296286,"[1651.3598126006136, 74.39410941242947, -96.60560678200977]","[-36.334227348494395, 1.7747859283249596, 0.5450369787541195]"
Optical_A-T0054,Optical_B-T0022,False,reprojection,5.864021700101196,84.93784610673899,136.7812543642318,6.666089034657366,37.464429900323914,0.052500146137730574,9.877803891525577,36,36,0,7.502500649296286,"[1736.3660015107953, 129.82511283086052, -101.15455500106015]","[-37.37541243023619, 2.4056787948219807, 0.9352876360643647]"
Optical_A-T0054,Optical_B-T0023,False,reprojection,5.884656255968015,95.66793542272215,154.57012875427603,7.570696503658784,37.99385007623475,0.05000225864800978,9.949896970602753,36,36,0,7.502500649296286,"[1755.4640902590586, 142.27383250887846, -102.39816493259758]","[-37.90649346804526, 2.3481554343447044, 1.056675271122915]"
Optical_A-T0054,Optical_B-T0024,False,reprojection,5.765424877371179,85.10663309494795,246.19175336850668,6.226679677651276,47.36356171237526,0.07999943745050508,9.568213011865788,36,36,0,7.502500649296286,"[1622.923585521315, 57.24502040615794, -90.70950563645978]","[-46.83676360491674, -7.016776564606872, -0.624019023355777]"
Optical_A-T0054,Optical_B-T0025,False,reprojection,4.625115188736889,63.95117033727814,125.94464072711031,4.722040651389591,53.32588310100729,0.08250075133935564,9.641489801558704,36,36,0,7.502500649296286,"[1631.0159323690234, 60.59518684555293, -85.88602970063634]","[-52.4573273041815, -9.558180000284956, -0.720982445294045]"
Optical_A-T0054,Optical_B-T0026,False,reprojection,5.246644161263544,71.85489075235016,118.72278236472964,5.735844786547496,40.17340255578185,0.047500774045154515,10.05303878917469,36,36,0,7.502500649296286,"[1778.231479497779, 156.96218417520691, -99.49702778159379]","[-40.14782557966202, 1.1945422227159384, 0.7921130046176671]"
Optical_A-T0054,Optical_B-T0027,False,reprojection,2.166646825924343,29.45957973737292,48.85428462069517,2.3688775061684035,46.61126520631929,0.04750088374793382,10.179543878765788,36,36,0,7.502500649296286,"[1796.6917815150302, 169.07893351067503, -87.5046876322788]","[-46.5072222770972, -3.091805979443535, -0.35924363318232033]"
Optical_A-T0054,Optical_B-T0028,False,reprojection,5.869194273468684,128.56828473051115,209.38752616040082,10.390381581205073,47.68280277549788,0.04335094151873431,10.252520403580336,36,36,0,7.502500649296286,"[1813.6569786509249, 180.29816062103285, -106.47076693835551]","[-47.527083803721375, -3.541504481182187, 1.5112020549352052]"
Optical_A-T0054,Optical_B-T0029,True,,0.07797685145304659,0.5124058312372415,2.6170035845913184,0.04523013315433701,49.987646379846815,0.0575003272674266,10.033853090108245,36,36,0,7.502500649296286,"[1749.0965862573503, 137.95431357779293, -91.2861304748204]","[-49.62626817167339, -5.99985816056676, 5.337924594212007e-05]"
Optical_A-T0054,Optical_B-T0030,False,reprojection,5.92087703443968,125.5634100003142,207.50588879723313,10.475867455797806,42.11413413309598,0.030003021880735226,10.453634045448707,36,36,0,7.502500649296286,"[1881.0454189891743, 224.03617036909998, -105.99732375159637]","[-42.06285549495052, 1.5260514936741743, 1.409839788758215]"
Optical_A-T0054,Optical_B-T0031,False,reprojection,4.441492514799101,60.675331328487495,99.94235836044658,5.2441030687396175,40.76502719691369,0.015000407663922743,10.745755709741479,36,36,0,7.500001151445759,"[1959.7606178211506, 275.1156843237429, -97.92406633012341]","[-40.57885305105717, 3.8185395409783496, 0.7502554230433147]"
Optical_A-T0054,Optical_B-T0032,False,time_delta|reprojection,4.406007669871213,46.2599872793105,90.11098111405383,4.124950637829038,41.37538551471939,3.5695953751467657,17.82832056863685,23,23,0,6.284598162799368,"[1961.3693987778877, 240.48368003196276, -98.23144623180868]","[-41.238544540160646, 2.528888524668389, 2.2157828256935352]"
Optical_A-T0054,Optical_B-T0033,False,reprojection,4.4030170379311215,60.675250751249635,102.77193915055443,4.977386832173486,54.95142679987255,0.039999227713842345,10.48684760672064,36,36,0,7.502500649296286,"[1858.0655759079225, 208.79414996169123, -98.15638269863521]","[-54.429099076778385, -7.525706977794954, 0.7044256641844231]"
Optical_A-T0054,Optical_B-T0034,False,reprojection,2.73286273585227,37.085404905631755,66.24201762267224,3.149295707769227,43.44855835884093,0.02082665943455453,10.635612315698754,36,36,0,7.502500649296286,"[1925.2779441040666, 252.5938790645456, -94.82518830430688]","[-43.42609962434871, 1.3216550500280846, 0.4520208031518124]"
Optical_A-T0054,Optical_B-T0035,False,reprojection,1.5799575235675598,20.983688457876305,40.86791018886773,1.8129139145689408,43.74927752615307,0.014998997226738808,10.833882072971125,36,36,0,7.500002533367512,"[1973.086559332513, 283.66067788834044, -87.82318015661642]","[-43.70803009576577, 1.8944868212599317, -0.13531035462427243]"
Optical_A-T0054,Optical_B-T0036,False,reprojection|inlier_ratio,0.689626603965851,7.509901551141752,18.087519695717752,0.6372257481137056,61.053296913061324,0.03999961233882665,9.537185991998424,35,27,8,7.2850012985925705,"[1881.3787623806325, 217.89235828389698, -90.11932639745415]","[-59.99906548896698, -11.295670340595848, -0.1582275628941784]"
Optical_A-T0054,Optical_B-T0037,False,reprojection,3.5979408309347036,49.456040785457084,83.8642912945053,4.421249660772146,54.45416052909153,0.015000286833204424,11.290237357621312,36,36,0,7.50221377053399,"[2058.237772348748, 339.2152108284599, -96.27760256607576]","[-54.285833666994606, -4.2316946800065125, 0.6297794397003447]"
Optical_A-T0054,Optical_B-T0038,False,time_delta|reprojection,5.111022951984906,56.04726036950578,105.4907795232331,5.368600112629941,57.39006641523494,5.599797048310675,66.86682833846166,18,18,0,7.502500649296286,"[2039.1463266645483, 326.78237152344275, -96.30169055346896]","[-56.93357926701084, -6.407350760622592, 3.3366347151613382]"
Optical_A-T0054,Optical_B-T0039,False,reprojection,4.356715315687607,59.99610380026572,102.86566421803178,5.178214768438784,44.31744954693386,0.015000748268631625,9.657586709494947,35,35,0,7.715003495097898,"[1956.852965184724, 279.6429531619117, -82.96978557490822]","[-44.29234812609528, 1.377964644763324, -0.5704780973834596]"
Optical_A-T0054,Optical_B-T0040,False,reprojection,5.888644236184618,127.34732693820321,198.39411935886932,9.207568395411773,44.4083056244266,0.08999723547586669,8.320124524677563,35,35,0,7.72,"[1557.4137398155199, 18.542187564748822, -105.49517849468575]","[-44.09016747995021, -5.137226844858212, 1.3280212223035817]"
Optical_A-T0054,Optical_B-T0042,False,reprojection,5.4580408450113245,74.91751739002918,122.502059254968,4.753879215843908,41.86912888209362,0.14500074826863063,7.636335709547071,35,35,0,7.72,"[1294.5168555496714, -153.6891229847818, -100.36183221731763]","[-41.21166576922616, -7.360279150050502, 0.66996171852632]"
Optical_A-T0054,Optical_B-T0043,False,reprojection,2.192498862905044,29.639771568094755,76.29363033343932,2.0042290973420793,50.61238580631618,0.15499724618484478,7.607064205350761,35,35,0,7.72,"[1267.167165749887, -172.16218266288132, -92.61381643841773]","[-48.945570955677184, -12.881659400113193, -0.08678669045983883]"
Optical_A-T0054,Optical_B-T0044,False,reprojection,5.881629087757668,119.75253868972912,205.26205409049598,7.5306835512086705,43.54286418598219,0.15982730964948555,7.904701243645313,32,32,0,7.220000337798211,"[1255.5632205002387, -188.4115774425758, -104.80132416179262]","[-42.51241835512961, -9.273267310081678, 1.637626487664389]"
Optical_A-T0054,Optical_B-T0045,False,reprojection,3.937350655197764,53.007173730542526,88.54558020260237,3.203843683789055,39.6408168943922,0.1650007482686302,7.447244999702023,35,35,0,7.72,"[1203.232898357672, -213.41510683441683, -98.56428659525423]","[-38.962860276299764, -7.286160625005266, 0.4491619873667495]"
Optical_A-T0054,Optical_B-T0046,False,reprojection,3.0409302850177533,39.675487672893546,99.14195163083332,2.5910658005560996,36.52906371004034,0.18000119574772633,7.309468810293811,35,35,0,7.72,"[1122.8072569833228, -266.3388025115458, -92.81193572192642]","[-35.99100180883295, -6.245801406709944, -0.10123792130244463]"
Optical_A-T0054,Optical_B-T0047,False,time_delta|reprojection|inlier_ratio,1.7489830372842952,8.562949169290482,15.482701514844884,0.6570512350866761,38.36870794515431,2.9972990813996843,16.3377864936024,22,18,4,6.499798850562551,"[1646.0862474591968, 45.69759225311097, -93.72466993073434]","[-38.36489242128877, -0.24072620493841868, 0.4845923830836519]"
Optical_A-T0054,Optical_B-T0048,False,reprojection,3.422409706385866,45.69019406891394,108.59907031133869,2.979349825778605,39.594217490247566,0.15561618950111367,6.26608038728709,33,33,0,7.8500000000000005,"[1223.1494966899588, -198.19135726806684, -96.56899001462541]","[-39.02124499070088, -6.705173932842882, 0.29178857251847434]"
Optical_A-T0054,Optical_B-T0049,False,reprojection,5.828349361557795,85.6124047310355,135.73873402419574,4.83526169284252,42.14695372974974,0.19000087060281245,6.037387086405384,33,33,0,7.88,"[1086.2837481262407, -287.39347762829533, -88.08402910647563]","[-40.849959830068094, -10.355636108247808, -0.6381938365750319]"
Optical_A-T0054,Optical_B-T0050,False,reprojection,5.794935293142893,83.86330626373021,118.25127030304405,5.17556907622079,44.90851590339962,0.1599986365381998,5.015623513334867,31,31,0,8.146896287680153,"[1206.1629941887916, -203.77961572364575, -100.12900584106113]","[-43.73223088322118, -10.20044287736033, 0.4666344696239152]"
Optical_A-T0054,Optical_B-T0051,False,reprojection,6.0052218295338635,157.02856798768738,235.16893554358663,13.908588805659985,57.099967877951784,0.01499953832573464,5.7171211289804305,29,29,0,8.295001078994423,"[1994.9150688633697, 322.5433596105718, -106.98824754996988]","[-56.73213712956675, -6.229065809763881, 1.7520523715887935]"
Optical_A-T0054,Optical_B-T0054,False,reprojection,4.079663472701974,55.26313790440835,127.26364597490118,3.9810752743926434,38.02152449423681,0.07000059568825279,3.0791755614626943,23,23,0,9.225002881469635,"[1541.5804732679471, 45.30429898352022, -94.78332471557536]","[-38.01528772683814, -0.17440903299322486, -0.6661872115024491]"
Optical_A-T0054,Optical_B-T0056,False,reprojection,5.860270455130102,106.67276780680452,137.31597814962345,8.858482224986012,42.22824828289891,0.02000168295098348,3.4979240762554573,22,22,0,9.285002635682396,"[1834.7469184315255, 246.12834648101182, -98.60476994421253]","[-42.17822167636177, 1.8790259810361363, -0.8317635628180639]"
Optical_A-T0054,Optical_B-T0057,False,reprojection,5.906480664416263,99.92924454577083,147.5913972159812,7.149085954332502,35.62948438657734,0.08318555786032178,3.4420094453082477,20,20,0,9.500001705049337,"[1501.5008559702596, 25.13091971130389, -98.34700838180615]","[-35.588888796354254, 0.9462164194999758, -1.4127371947950869]"
Optical_A-T0054,Optical_B-T0060,False,reprojection,4.905723838884081,67.62457756033939,100.5372784965129,4.567950024148606,44.28244486161686,0.10999906614775767,3.8516224931692413,19,19,0,9.704999932940787,"[1384.2929833688788, -50.54237881423775, -88.58415951896154]","[-43.812394262783286, -6.326716916548797, 1.1754509527951742]"
Optical_A-T0054,Optical_B-T0061,False,time_delta|reprojection|speed|not_inbound,6.186351029123167,104.64073823302074,207.30738778010544,7.245263470677158,19.47923727377795,0.30750258791429186,6.349452852004566,16,16,0,9.242501738578945,"[1407.9746061425774, -43.827960042128886, -96.71562230897362]","[-13.212411514398418, 14.299723799825529, -0.6251127826525728]"
Optical_A-T0055,Optical_B-T0002,False,reprojection,2.298840334602001,30.17291093755561,50.47562710535128,1.9799171475527784,41.72768956168116,0.14000000000000057,9.695430707159995,35,35,0,7.755002880027154,"[1321.3184683221923, -352.21711398071847, -102.02842859161608]","[-41.72446994983187, 0.4593144347110183, 0.24023699065343457]"
Optical_A-T0055,Optical_B-T0004,False,reprojection,5.667441122583353,77.70680923859739,292.09077962427807,6.500660103657338,43.98882538423181,0.11499949636089646,9.938828543035726,35,35,0,7.755002880027154,"[1409.8701040723026, -309.38946923506484, -100.31502622089783]","[-43.971116034685565, 1.2436190305315336, 0.10547537890185825]"
Optical_A-T0055,Optical_B-T0007,False,reprojection,2.8036671031168896,38.02279318944547,138.17289966979664,2.9736233733451916,46.961434603526406,0.11500199611722195,10.008694873883721,35,35,0,7.755002880027154,"[1434.3339217971777, -297.0430320013463, -101.4763047820006]","[-46.960009465718784, -0.24506839282213377, 0.2716477199042354]"
Optical_A-T0055,Optical_B-T0009,False,time_delta|reprojection|speed,3.5303870955943673,32.62646500151582,85.2032090256657,2.783667403174823,31.99634464968956,6.31433151619401,79.7414431763178,16,16,0,8.002501440013578,"[1509.2789256886692, -253.5524476170402, -99.84048811291565]","[-30.471750668458128, 9.755789102321586, 0.25111975641670914]"
Optical_A-T0055,Optical_B-T0012,False,time_delta|reprojection,4.450330693592447,47.679678555929314,92.17534131724375,3.8286374757813557,43.92345408881416,1.966017589290094,12.518525760447929,27,27,0,6.754999917211031,"[1720.2086636299528, -183.02250415196687, -105.80554940197052]","[-43.56248248260275, 5.423947780861397, 1.4699420109590573]"
Optical_A-T0055,Optical_B-T0013,False,reprojection,4.913571256529668,68.19184530972589,129.57262108304784,5.081008416844832,52.01249743115345,0.08000000000000007,10.620211690405382,35,35,0,7.755002880027154,"[1632.2215724216146, -199.11577678357295, -106.42519360507261]","[-52.00624342200859, -0.12280784731146355, 0.7971526761991722]"
Optical_A-T0055,Optical_B-T0014,False,time_delta|reprojection,4.612465969999354,50.13259236912246,96.02414941232146,4.034244336040951,52.9417822066798,4.009999473032725,17.076835618790174,22,22,0,5.985000951294458,"[1766.7327264931696, -179.84939237668286, -90.24642869274814]","[-52.89408861300733, 0.28241047397153807, -2.2288870189036274]"
Optical_A-T0055,Optical_B-T0015,False,reprojection,0.7062655091783399,8.856159170478072,14.976196963236152,0.7071964382353495,46.424435575048435,0.04499980990980745,16.072316643963283,35,33,2,7.755002880027154,"[1809.2186504460983, -112.58194512106756, -98.00810141603044]","[-45.98026050550584, 6.405576208621412, -0.1116053008868622]"
Optical_A-T0055,Optical_B-T0016,False,time_delta|reprojection|inlier_ratio,1.6704778049559417,8.286763197612565,13.141239523186242,0.7088882253207339,47.57824050709884,2.5250009191564136,64.10661699968782,26,9,17,6.4874999586055155,"[1853.656546026015, -127.62374024913305, -104.2365259978387]","[-47.23798717558194, 5.575445987824722, 1.0844073901198255]"
Optical_A-T0055,Optical_B-T0017,False,time_delta|reprojection,4.301579823379129,44.912880987808784,86.46152090666236,3.6152179398071285,60.41228571815958,1.974999917211031,12.565857166602731,27,27,0,6.754999917211031,"[1737.8183400581072, -173.52112253502432, -105.44330787954905]","[-60.28474451372894, -3.6673217831316833, 1.3944875567550843]"
Optical_A-T0055,Optical_B-T0018,False,time_delta,1.4278644754098566,6.242129643509677,13.632191557382301,0.5606717287247366,58.536379973473004,1.757501110146904,13.707876220426302,28,26,2,6.759999588884716,"[1912.9679641110874, -90.66357717280353, -99.53669062819088]","[-58.53515096678597, 0.37050461945938196, 0.08128973702748908]"
Optical_A-T0055,Optical_B-T0020,False,time_delta|reprojection|speed,5.597042487966583,61.08632895841105,187.95325000939354,5.667933912451402,72.35539171693571,1.9799985235137898,12.626822110777443,27,27,0,6.754999917211031,"[1752.7364761631952, -166.15861762231762, -101.1989696537206]","[-71.71347733377957, -9.616488838676759, 0.05496930324734703]"
Optical_A-T0055,Optical_B-T0021,True,,0.08387959430398285,0.7270267820079483,2.6250066595481902,0.06443595833537037,49.982762314061084,0.0350014898705826,10.689034662568075,35,34,1,7.755002880027154,"[1898.5728485517238, -68.78976854045743, -99.17438488360828]","[-49.62167893282458, 5.997125013826391, 1.1662017002880831e-05]"
Optical_A-T0055,Optical_B-T0022,False,reprojection,3.048248566853751,42.062456803393005,68.12966657017525,3.6704602316647525,52.28682089869677,0.019999999999999574,11.962216400664946,35,35,0,7.75,"[2012.9903806483671, -12.782013474234146, -104.79611187739654]","[-51.84552013940089, 6.7562337387150535, 0.554063927014496]"
Optical_A-T0055,Optical_B-T0023,False,reprojection,3.8244250939672675,52.83360158454327,85.33231677408564,4.65741137055112,53.20227703311334,0.013686522976781745,12.081725591490807,35,35,0,7.744999780447488,"[2039.0801155450602, -0.1375366417280277, -106.31353951546737]","[-52.773816582688866, 6.701817514119975, 0.7015745236876856]"
Optical_A-T0055,Optical_B-T0024,False,reprojection,5.938077008982958,108.76460478358953,290.9090328148205,9.139073528943275,62.81659694617877,0.04500098940808961,11.456899827927504,35,35,0,7.755002880027154,"[1856.5343046880857, -86.87396305523916, -92.42587896045262]","[-62.70604597147439, -3.4930203415363508, -1.2943953861278168]"
Optical_A-T0055,Optical_B-T0025,False,reprojection|speed,5.990885969343711,99.70442322589828,162.88977404592734,8.142511493851783,70.83240648266579,0.05000000000000071,11.559120100431624,35,35,0,7.755002880027154,"[1866.597408380785, -84.56569780751707, -86.72063679083078]","[-70.57673086725994, -5.834511338278361, -1.4537350719623858]"
Optical_A-T0055,Optical_B-T0026,False,reprojection,2.095194051996095,28.15099134022749,45.00604516944423,2.5088296582356064,56.34532279735501,0.015003553636832478,12.231514241528926,35,35,0,7.74500253114169,"[2069.487142226724, 14.667867644595908, -102.93637921089751]","[-56.07704010746683, 5.479785303102194, 0.3645914913924891]"
Optical_A-T0055,Optical_B-T0027,False,reprojection,5.561140491120033,75.45992421491162,124.88302454243053,6.778920238108859,64.8725918854556,0.015003773042391089,12.417183698294977,35,35,0,7.74,"[2092.8506448199073, 26.47863286774316, -88.75220924427745]","[-64.858458290794, 0.795858293929161, -1.0955252868826897]"
Optical_A-T0055,Optical_B-T0028,False,reprojection|speed,5.926737701694204,87.63450306489652,143.55047135881617,7.933917888156105,66.49977955812213,0.0200002745765957,12.525024221507909,35,35,0,7.74,"[2116.1800820346775, 37.95625791504524, -111.2662992218676]","[-66.48683773052558, 0.30673582134814836, 1.275540281410291]"
Optical_A-T0055,Optical_B-T0029,False,reprojection|speed,3.519686790892438,46.361214820765944,79.98699446143767,4.057240925048032,68.45711546709123,0.02500266008137686,12.164233837095093,35,35,0,7.75,"[2026.3556135656763, -5.889476989164889, -93.15515833732891]","[-68.41653574878748, -2.2743791375882387, -0.6176518016232918]"
Optical_A-T0055,Optical_B-T0030,False,reprojection,5.861311514010754,82.34925003207353,131.86814773674752,7.747990806999313,60.2500762343083,0.025002880027154006,12.869657687977867,35,35,0,7.73,"[2211.95760090078, 84.11623664607967, -110.96371638589022]","[-59.95794327737465, 5.818242505295643, 1.1246236422271694]"
Optical_A-T0055,Optical_B-T0031,False,reprojection,1.307993868755705,16.449173153695313,26.79960379256284,1.6185835914802296,59.44895814261819,0.039997794905873185,13.346832962659883,35,35,0,7.715001004298948,"[2323.621356898256, 138.23708770844348, -101.47806008900278]","[-58.867041759153196, 8.293962154688558, 0.24537837206594587]"
Optical_A-T0055,Optical_B-T0032,False,time_delta|inlier_ratio,1.7242940138344234,7.953863296943944,12.501101945126724,0.8343392207433318,59.96079291709199,4.006131974993935,72.8766073322907,22,9,13,6.018867538071104,"[2353.7989590427915, 92.37316565461293, -104.2103225723715]","[-59.58018826748035, 6.625143827577517, 1.2670132287777074]"
Optical_A-T0055,Optical_B-T0033,False,reprojection|speed,1.7894706552718607,20.906818897048964,38.61252256650585,1.9668969438082062,76.67433444341381,0.024999101404641344,12.887367463139341,35,35,0,7.73,"[2176.3116973028477, 66.89075544941149, -101.47966940179238]","[-76.56468713287171, -4.091888091116168, 0.24227760054076922]"
Optical_A-T0055,Optical_B-T0034,False,reprojection,0.7495432712300282,8.168073127392573,16.360385540815567,0.8122444980296364,62.49758807661827,0.03499910140464113,13.188931527840616,35,30,5,7.72,"[2274.5912662730707, 114.3481616421596, -97.96626655027127]","[-62.2420960050046, 5.641603458599079, -0.20569568389228848]"
Optical_A-T0055,Optical_B-T0035,False,reprojection,4.757495362522101,63.9497008144495,103.6728706597512,6.3118237218426465,63.748059432660035,0.039997862735133616,13.475209761342995,35,35,0,7.715003768142454,"[2341.518155192828, 147.00843362152915, -89.2811131257207]","[-63.44319943644751, 6.160721790380876, -0.9061091096711611]"
Optical_A-T0055,Optical_B-T0036,False,reprojection|speed,4.093464806290246,51.847259473537,87.16671960218471,4.794760982936505,85.61087497322453,0.029849722156839675,13.401153288103323,34,34,0,7.5024253103761,"[2206.0030631273044, 73.70860179624768, -91.65925275946188]","[-85.18610805400903, -8.476417033568268, -0.8362192085891316]"
Optical_A-T0055,Optical_B-T0037,False,reprojection|speed|inlier_ratio,0.9520212349797798,8.268175667986142,15.93256486162888,0.8937329643764427,79.97301921293341,0.05057533895917388,11.340450193341058,35,22,13,7.704427541067981,"[2461.281920590831, 205.25967456223904, -99.44470835763812]","[-79.96869884941191, -0.8232844429945487, 0.11493080616747199]"
Optical_A-T0055,Optical_B-T0038,False,time_delta|reprojection|speed,4.166742250997585,38.829121585495145,74.51026033530698,4.1558575213645295,84.88178987810275,6.058662157895235,79.38188470540543,17,17,0,7.755002880027154,"[2421.7563236103147, 187.83772006310576, -104.2466645874945]","[-84.73790258240997, -4.0474804262304644, 2.8326703026766404]"
Optical_A-T0055,Optical_B-T0039,False,reprojection,5.989068191350843,105.65420280071078,170.7551717423379,10.377359690395208,64.40616751133466,0.03999470325815846,12.447149669915435,34,34,0,7.735003187562526,"[2330.436154526235, 142.44730218776832, -83.25779803371172]","[-64.14366992291002, 5.612260648261525, -1.498850471142462]"
Optical_A-T0055,Optical_B-T0040,False,reprojection,5.8342134563461086,87.2845310257424,142.81219546989755,6.886669366707238,58.74254754300563,0.05499998929102112,10.352194464135101,34,34,0,7.768541102580368,"[1783.7060689561895, -124.38611519643815, -109.68143580464348]","[-58.72114088372696, -1.1440593175998828, 1.0980134031876094]"
Optical_A-T0055,Optical_B-T0042,False,reprojection,2.661022137474441,36.29581336779476,62.72918284451973,2.4515749727744844,52.2555694618605,0.11500149905382528,9.257676671529472,34,34,0,7.795002019887001,"[1445.3182157553858, -290.0553733049197, -102.97856001772045]","[-52.147526637077505, -3.338388884337462, 0.36764803216226316]"
Optical_A-T0055,Optical_B-T0043,False,reprojection,4.0973973139818565,55.21789243262011,92.82750091364302,3.605701445930755,62.094956609417416,0.11999999999999922,9.198732323198103,34,34,0,7.797501440013577,"[1410.6761293377062, -307.37997638953334, -94.00878196764774]","[-61.470705127473565, -8.76639254719214, -0.5351720892957357]"
Optical_A-T0055,Optical_B-T0044,False,reprojection,5.781096260272277,84.79331944295407,151.7258599150672,5.6480816024280776,53.74615686709575,0.12368613097699921,9.725999506550641,31,31,0,7.245000898595359,"[1399.0826445834025, -324.4101814057317, -108.24151224175525]","[-53.470168710809105, -5.275503807328619, 1.3264597992158649]"
Optical_A-T0055,Optical_B-T0045,False,reprojection,1.2065006626391208,15.70563804590259,29.24808487805645,1.0223980262422776,48.58259480354168,0.14000000000000057,8.940552103981021,34,34,0,7.805002013315538,"[1331.7104236407285, -345.6870469729572, -100.72204807578544]","[-48.47145582240441, -3.281668375111053, 0.13092355635599923]"
Optical_A-T0055,Optical_B-T0046,False,reprojection,4.712392982618834,64.70734236629029,104.57786828080954,3.9808406555349594,44.240338548426976,0.15000000000000036,8.695786340001021,34,34,0,7.814491453410219,"[1233.3829089599083, -394.38010623960974, -94.06513842145884]","[-44.181759121459436, -2.2202015043424126, -0.5004209157157203]"
Optical_A-T0055,Optical_B-T0047,False,time_delta|reprojection,2.9318729032980384,26.434792471290955,95.50258367098468,2.504661943930034,52.42770483365113,3.4950019793606177,16.03692652319411,21,21,0,6.754999917211031,"[1888.228769965633, -102.92120095665557, -97.54323708759657]","[-52.314200476198224, 3.42460653567025, -0.4009148742964549]"
Optical_A-T0055,Optical_B-T0048,False,reprojection,1.839994827917596,24.753183558000792,69.77098320437615,1.8235671185475153,48.82617979522533,0.12184314406034513,7.374518231847991,32,32,0,8.0,"[1353.1183666603904, -331.51276184038346, -98.54249128520762]","[-48.76068819649589, -2.526672932249596, -0.08392790485763209]"
Optical_A-T0055,Optical_B-T0049,False,reprojection,5.812353573128546,127.6044074347505,221.09430299235416,7.396367737282528,50.043924980567226,0.15880310315467216,7.075207319112916,32,32,0,8.0,"[1187.3923173975575, -413.10392282821056, -88.74416598412111]","[-49.65059419908485, -6.154456260618076, -1.1556778420395923]"
Optical_A-T0055,Optical_B-T0050,False,reprojection,3.226300020925152,43.929934451342426,65.40969242085359,2.922858857269518,54.688535837650356,0.12368425008728323,5.974509562429208,30,30,0,8.198448143840077,"[1336.603052838476, -335.33474419057745, -102.71653474797856]","[-54.37363094438252, -5.8578042646364565, 0.1741814779535043]"
Optical_A-T0055,Optical_B-T0051,False,reprojection|speed,6.188712910325284,109.5243839690573,165.6806513948966,11.072148172190573,82.42984860454649,0.04362696745026451,6.837850969070829,28,28,0,8.500705190491775,"[2368.9973051977618, 190.35568075145838, -113.26721715331178]","[-82.3681343984116, -2.6495670436476644, 1.774872157332683]"
Optical_A-T0055,Optical_B-T0054,False,reprojection,2.8571015641907236,39.677804312150236,104.63299831388946,3.274345264530961,50.96736537040943,0.02999909789098254,3.220450080137701,22,22,0,9.240002430415126,"[1762.950318706926, -91.89884166931276, -98.2986730055798]","[-50.77597697029945, 4.350303974828604, -0.7398316288321531]"
Optical_A-T0055,Optical_B-T0056,False,reprojection,4.1883609974931115,56.83197634819651,63.929219673580675,5.376597010590637,60.27565032961509,0.02000167699252131,3.703306995650676,21,21,0,9.275001794206904,"[2158.777000959159, 113.41674481860545, -104.13804853679602]","[-59.923430203106825, 6.499805195380716, -0.2984422448542433]"
Optical_A-T0055,Optical_B-T0057,False,reprojection,4.009722459215379,55.63099300293687,76.01202342158301,4.3817125853605985,47.51199752138909,0.045059483084880725,3.1509659485936603,19,19,0,9.745001921101796,"[1699.4972722641521, -109.42030613907411, -103.22246488662255]","[-47.18621155071878, 5.498807515036432, -0.7838774622831188]"
Optical_A-T0055,Optical_B-T0060,False,reprojection,5.870679360013075,119.29167270149568,180.24646318033965,8.753342660619815,56.37799990433316,0.07500181996291211,3.4982729630886253,18,18,0,9.7775009605509,"[1556.1035877270956, -184.09371179370953, -91.58154268523519]","[-56.31507684999264, -1.5782313096781593, 2.1448026775355924]"
Optical_A-T0055,Optical_B-T0061,False,reprojection|speed|not_inbound,5.175732714103185,68.81877743087311,143.0814116271386,5.279427990050113,25.601763127489416,0.06500197936061802,5.835061125748989,15,15,0,9.255001979360618,"[1590.5357341465483, -179.07263672634272, -102.04423495325223]","[-17.77700834485136, 18.418295771894428, -0.4411693577047122]"
Optical_A-T0056,Optical_B-T0002,False,reprojection,2.7663067725679205,36.350493677332494,77.99286164324452,2.6807408028020636,38.368011153260944,0.11420329928360218,11.730745279208884,34,34,0,7.8150010102416205,"[1392.5127586030937, -429.37997436417913, -102.38314705355297]","[-38.018226413776574, -5.164665945769173, 0.21205158850975359]"
Optical_A-T0056,Optical_B-T0004,False,reprojection,5.891858426379514,89.30195524806378,323.1212720354826,7.704946298345995,40.032042577437906,0.09500233559259996,12.087698878356218,34,34,0,7.807501026848959,"[1492.0016006678445, -389.5732397368012, -100.54480108306919]","[-39.77414442800102, -4.5360891641446415, 0.07591467082101891]"
Optical_A-T0056,Optical_B-T0007,False,reprojection,3.5859153784552795,48.5785870980706,155.66941193095394,4.016923482177712,43.29411338931101,0.09000252629318872,12.177959896286435,34,34,0,7.8050010649459844,"[1519.3179870320241, -377.93253167682536, -101.80858752915744]","[-42.87638733749793, -5.9946839206299956, 0.24377806116666434]"
Optical_A-T0056,Optical_B-T0009,False,time_delta|reprojection|speed|not_inbound,3.6705364212045297,33.18493991585647,84.30090545483539,2.927221448031424,22.29890326788206,6.5863179656769955,87.00321438531206,15,15,0,8.224999505864371,"[1608.3158731042136, -335.07543779197226, -100.31804127637787]","[-22.09666693428224, 2.9900518312429085, 0.19490354599147441]"
Optical_A-T0056,Optical_B-T0012,False,time_delta|reprojection,4.339403654126499,44.54228796550039,86.05946070581449,3.783742821862212,35.149590704576106,2.435509472645929,16.15839837049357,26,26,0,6.500000222098726,"[1843.2543598305433, -260.88861896310567, -107.04619891803746]","[-35.098188276227845, -1.2484828788810205, 1.4325491010175428]"
Optical_A-T0056,Optical_B-T0013,False,reprojection,4.62002071143263,63.91913056032855,139.05378040963305,5.026179714771833,46.66475246737493,0.055002335592600815,13.041155324913351,34,34,0,7.7900018355703615,"[1744.1206726006305, -284.6133943578335, -107.27783612757588]","[-46.21093519672391, -6.44610890258258, 0.7721859242463234]"
Optical_A-T0056,Optical_B-T0014,False,time_delta|reprojection,4.566041142474439,49.18078452612838,91.51955252559993,4.192714692525922,45.78071944223474,4.4500000157308595,22.44072046668256,21,21,0,5.215001985377885,"[1912.8561842355584, -248.29560579972238, -87.9173797377716]","[-45.353022625297875, -5.773033383793887, -2.376909116359022]"
Optical_A-T0056,Optical_B-T0015,False,reprojection,1.3049749650764921,16.045772838197642,32.66037204783094,1.4157247853003798,36.64672649166608,0.023117166706988712,13.842088970767763,34,34,0,7.775214253744128,"[1949.6488996824621, -200.758118561374, -98.15028080028208]","[-36.64143954137983, -0.6035502523747596, -0.15230884165284625]"
Optical_A-T0056,Optical_B-T0016,False,time_delta|inlier_ratio,1.7465970964864663,7.925624315709806,12.70035638191807,0.7152940770436339,37.47586366045198,2.9950009808591744,69.31370696617708,25,9,16,6.22,"[1994.6491265655154, -205.22123277041499, -105.02748415988839]","[-37.44900326126869, -0.9516228126685178, 1.0521054399065122]"
Optical_A-T0056,Optical_B-T0017,False,time_delta|reprojection,4.008610351513347,41.272155485194915,79.37777971051867,3.51508202240351,55.05545927313421,2.440000563205247,16.27079151191502,26,26,0,6.5008573167127235,"[1868.6246404560727, -249.70686521722038, -106.64434489561764]","[-54.19788913636853, -9.582830057657304, 1.3644695026660427]"
Optical_A-T0056,Optical_B-T0018,False,time_delta,1.0427610528355313,0.38579955408136973,1.8764077163674777,0.03272221320926195,50.00720969184273,2.005000381980981,16.394025799965206,27,27,0,6.764999260558401,"[2055.7298063887743, -171.4331813070294, -99.87262922987084]","[-49.646429446416704, -5.996087423136515, 1.706085411232964e-06]"
Optical_A-T0056,Optical_B-T0020,False,time_delta|reprojection|speed,5.888526779822177,65.31521734533494,203.42956475052253,6.387840777667737,69.1290276988391,2.4424999757903207,16.383510392335435,26,26,0,6.502500886428233,"[1889.2719811730776, -241.5295786890068, -101.64873470146537]","[-67.46819404118384, -15.062036836693721, -0.01759937810490409]"
Optical_A-T0056,Optical_B-T0021,False,reprojection|inlier_ratio,0.628077888405314,6.859578684241922,16.352850637287975,0.6593682605727018,39.098122556904435,0.010003009132198315,12.83984588590322,34,28,6,7.77000136407648,"[2055.354826544031, -157.31128828466552, -99.47750348964284]","[-39.08648957705447, -0.9505848368759757, -0.07686667309778068]"
Optical_A-T0056,Optical_B-T0022,False,reprojection,2.9601801873251437,39.62138783048647,63.94871475429893,3.7287057270982946,40.28355857624675,0.02499901914082514,14.954581663319944,34,34,0,7.762501026848959,"[2188.847706582875, -102.85760620938018, -105.65278154540229]","[-40.27904856073117, -0.32526914833755427, 0.5074826000003]"
Optical_A-T0056,Optical_B-T0023,False,reprojection,3.709051170110578,50.12207024713533,81.41193254127641,4.764600501728921,40.951994798919976,0.03000069047397247,15.10894936119271,34,34,0,7.760000917072703,"[2219.5374482958264, -90.30560366846102, -107.35488353788847]","[-40.9450746614179, -0.3727290086883528, 0.654073442179795]"
Optical_A-T0056,Optical_B-T0024,False,reprojection,5.845996397299775,96.13246057505108,233.87433294876,8.667366978607852,56.15724857946663,0.020001519584056382,14.196176438796863,34,34,0,7.775002751676283,"[2002.5264261149075, -175.36376725704753, -91.92498606153526]","[-55.18650142624055, -10.303586485917492, -1.3866267972226922]"
Optical_A-T0056,Optical_B-T0025,False,reprojection|speed,5.970120435370666,105.94688326806862,171.94621891906195,9.208567298242327,66.44090783918138,0.02999879060187638,14.334924781553198,34,34,0,7.772501026848959,"[2015.707070273204, -174.46417904313932, -85.55055421566284]","[-65.33484591257547, -11.974363617981822, -1.5384277750244635]"
Optical_A-T0056,Optical_B-T0026,False,reprojection,2.152807284170579,28.846396161334667,55.96206707162448,2.8130852576097625,44.45876629995232,0.02999952255622773,15.311980443636386,34,34,0,7.760002292419804,"[2255.51136956414, -75.74051790461444, -103.5944801572511]","[-44.43183734891039, -1.5142734488099165, 0.3173430887495391]"
Optical_A-T0056,Optical_B-T0027,False,reprojection,5.57137300066574,76.62407621413915,127.77219804183329,7.386044353110698,54.9493301767668,0.03499901914082493,15.541377907905936,34,34,0,7.757501026848959,"[2282.2876869856823, -64.14260199057132, -87.7323524821173]","[-54.60430745479953, -6.038564523880979, -1.1550899306913305]"
Optical_A-T0056,Optical_B-T0028,False,reprojection,5.837406679182507,81.90226153520845,136.12833692012532,7.971482457431715,56.58166363531613,0.035002053697917646,15.687848281981939,34,34,0,7.757501026848959,"[2310.0733828910743, -52.739552166663316, -112.93049842361019]","[-56.192423471397, -6.507784748190559, 1.2429568868090768]"
Optical_A-T0056,Optical_B-T0029,False,reprojection,3.5314073587506445,47.47357129831286,78.42517990725955,4.425264993369704,60.7567541774101,0.02500205369791786,15.199352437754742,34,34,0,7.762501026848959,"[2203.614018181122, -96.56474202505989, -92.65858278966901]","[-60.09494069429002, -8.917919785820658, -0.6723003924390524]"
Optical_A-T0056,Optical_B-T0030,False,reprojection,5.795012630647576,79.68853939647438,127.05102041017962,8.148886633849765,46.56481823036739,0.04500205369791743,16.161746345233894,34,34,0,7.752501026848959,"[2425.2694387386887, -6.1224581710599235, -112.6547371606551]","[-46.53857766572753, -1.1381132118809538, 1.07134681366237]"
Optical_A-T0056,Optical_B-T0031,False,reprojection,1.145447035100202,14.302315557623082,25.72583017648888,1.5466721035381203,42.95523424653443,0.06000104939897,16.794211331414363,34,34,0,7.745001528998433,"[2559.981456769239, 49.01959294420212, -102.01784017196765]","[-42.933556405198104, 1.3508962023830478, 0.19225770909044995]"
Optical_A-T0056,Optical_B-T0032,False,time_delta|reprojection|inlier_ratio,1.7273233861248638,8.623080141870425,13.874555796619669,0.9417935605724345,44.29513707301194,4.487264841068823,69.10303587926603,21,10,11,5.282735158931176,"[2589.6412233207307, 15.44827591755415, -106.29926678760994]","[-44.276273660294606, 0.24847258100124137, 1.2684716993724026]"
Optical_A-T0056,Optical_B-T0033,False,reprojection|speed,1.3368482148549057,15.530448677624028,40.22822769521103,1.5524390932262633,68.49554877619406,0.0449990191408256,16.1486362135451,34,34,0,7.752501026848959,"[2381.085587987109, -24.180571506499284, -101.9842574031732]","[-67.65121174241108, -10.719826593341711, 0.19766067925814404]"
Optical_A-T0056,Optical_B-T0034,False,reprojection,1.5451978434881086,20.653588647649173,48.705403300351406,2.2176776174226966,48.4003607820609,0.05499901914082539,16.557375387229545,34,34,0,7.747501026848958,"[2499.6033429261847, 24.076162141885202, -97.71052877070022]","[-48.38177631589715, -1.329866065256578, -0.17349524671208982]"
Optical_A-T0056,Optical_B-T0035,False,reprojection,5.0058335824516575,68.66737421714913,111.19017543763061,7.4170436514956215,48.293009978625385,0.05999828555546394,16.97071729638751,34,34,0,7.745002910920186,"[2581.3222177710823, 57.69823619669339, -88.25133910134414]","[-48.278554679467476, -0.696739692772276, -0.9542141571969611]"
Optical_A-T0056,Optical_B-T0036,False,reprojection|speed,4.376591534749377,56.34644241283142,98.49409577005011,5.6413448229873655,79.3536387334298,0.049849639893023934,16.06073261052244,33,33,0,7.73,"[2395.2886832784457, -18.973908304048603, -91.16167671984856]","[-77.93555754553714, -14.906701581425123, -0.9160230697416953]"
Optical_A-T0056,Optical_B-T0037,False,speed,0.39613217088236113,2.5115663897742664,11.422870299210242,0.273654049925603,66.39253227013464,0.07131752843060113,17.925110999618607,34,34,0,7.739714797382949,"[2726.1925399233537, 117.35583359660407, -99.97126061749825]","[-65.96581868340557, -7.515245774366193, 0.013697437732244662]"
Optical_A-T0056,Optical_B-T0038,False,time_delta|reprojection|speed,3.606654218801179,32.85792142761902,63.479015849588855,3.7980841122954145,70.92013368881446,6.310657221555879,91.6770925532435,16,16,0,8.000000779781145,"[2676.520027211164, 102.08513745506134, -105.0650265604186]","[-70.20177752182789, -9.644794545999659, 2.890282577975878]"
Optical_A-T0056,Optical_B-T0039,False,reprojection,5.904020081908885,109.80099872151796,174.20491963880556,11.786655001753969,49.44998982790431,0.05999855860001979,15.62010924044309,33,33,0,7.775002053697918,"[2567.7672529681804, 52.890768007792865, -81.45147828437935]","[-49.408383236769644, -1.2899370509074757, -1.5649991415450977]"
Optical_A-T0056,Optical_B-T0040,False,reprojection,5.764279980401089,82.46373775893602,139.17961831541282,6.868249172986166,52.68767295542458,0.035002335592599465,12.834194860938688,33,33,0,7.782079325133581,"[1919.64554235946, -212.61035264539433, -110.97401323622199]","[-52.11269198879837, -7.687037663724368, 1.0805864587769443]"
Optical_A-T0056,Optical_B-T0042,False,reprojection,2.3911336429641747,32.84217835364588,55.87300082821277,2.307701979690337,49.41508390818319,0.09000202922979206,11.277470459778824,33,33,0,7.835001159746847,"[1531.8755975898043, -371.32685709711416, -103.45319061697631]","[-48.580251772746976, -9.038382022697249, 0.3424992862510744]"
Optical_A-T0056,Optical_B-T0043,False,reprojection,4.57251592603501,62.03836111721977,100.49874191601005,4.294176576700768,61.29536074872291,0.10500233559259975,11.165601692683044,33,33,0,7.84,"[1492.388575473887, -388.12255163927045, -93.68344449243122]","[-59.72624127777276, -13.767908083698785, -0.5848582257072166]"
Optical_A-T0056,Optical_B-T0044,False,time_delta|reprojection,5.95207824505638,81.55641069197566,146.0016416625476,5.64439939380147,51.583230925384456,0.5075001099212466,11.300871124151586,30,30,0,7.500001517278546,"[1464.3874467284697, -402.28349824237284, -108.85390876993803]","[-50.470758018920804, -10.573343560286105, 1.3178405264815154]"
Optical_A-T0056,Optical_B-T0045,False,reprojection,1.0380334026480116,13.134853532288172,24.76670685750976,0.9294324492976719,46.33016811005094,0.11499891252442218,10.827243226318632,33,33,0,7.855001146603922,"[1404.2388243923767, -423.5312162342964, -100.97431600794285]","[-45.50749265794488, -8.691491750958903, 0.10276300738580146]"
Optical_A-T0056,Optical_B-T0046,False,reprojection,5.353679669458541,73.52120748320993,122.850228373868,4.809888195283028,42.295574654339404,0.1300025955368742,10.479887783740006,33,33,0,7.873980026793284,"[1295.039928700153, -469.02187083708276, -93.77731304104444]","[-41.652698266250326, -7.326466749414067, -0.5396734672327654]"
Optical_A-T0056,Optical_B-T0047,False,time_delta|reprojection,3.0798047988670634,27.774382382928174,97.51972890818378,2.7452429209775575,42.76396027732976,3.7275004904295876,17.695629420287528,20,20,0,6.492500490429587,"[2038.938106850942, -182.2205295195959, -97.56335436387046]","[-42.64613485268136, -3.1300727355500726, -0.5158734322681381]"
Optical_A-T0056,Optical_B-T0048,False,reprojection,2.7479355563107193,37.30569540187553,101.99033588574018,2.9353384993491245,46.411618769117126,0.09500053017596599,8.669243557066629,31,31,0,8.15,"[1425.4632120713577, -412.3133052291517, -98.62949550102097]","[-45.698882267436545, -8.101575942025363, -0.12240724012134652]"
Optical_A-T0056,Optical_B-T0049,False,reprojection,5.822376354732875,131.85348403649837,233.31835245033795,7.8197636095215,49.31903582961921,0.1389220435043086,8.337246446504972,31,31,0,8.120000000000001,"[1241.896247177467, -487.79689291400723, -88.1014802810796]","[-48.07423100907587, -10.940279339058577, -1.243340674408636]"
Optical_A-T0056,Optical_B-T0050,False,reprojection,3.207324794177704,43.84342396536182,86.3594040377582,3.1218506563473145,53.37140047858078,0.11000185918997296,7.20303290993477,29,29,0,8.224999505864371,"[1413.9544704257046, -415.8711891713557, -103.18336042736338]","[-52.1626406860896, -11.293354158675243, 0.1595542092679169]"
Optical_A-T0056,Optical_B-T0051,False,reprojection|speed,6.1042850552038885,104.48143744951189,156.9897360555803,11.54774950644591,71.412845267291,0.06490822644147443,7.972606499724366,27,27,0,8.706409301989128,"[2624.6947694395103, 94.51076183298177, -115.38622493121284]","[-70.70278888182493, -9.84969555628902, 1.9732234922991736]"
Optical_A-T0056,Optical_B-T0054,False,reprojection,3.131471559660298,42.67935083450285,108.79711640673338,3.815502087733743,42.88825760234886,0.009999999999999787,3.4252813852142086,21,21,0,9.23,"[1922.2687530856067, -190.76879791091187, -98.33855760977423]","[-42.764402547359055, -3.108543831452508, -0.9723529095978785]"
Optical_A-T0056,Optical_B-T0056,False,reprojection,3.9290249128824866,53.8175225665266,57.29640869412794,5.568948464813462,46.76453770014792,0.04500077504881439,3.7302827961280727,20,20,0,9.50000101915809,"[2392.726275923361, 12.44257075691064, -105.4021801795097]","[-46.75246723441262, -1.0610829727947566, -0.05382126508586904]"
Optical_A-T0056,Optical_B-T0057,False,reprojection,3.9600087662184658,53.87128389228238,70.7019471943364,4.542211259891072,39.40155988272244,0.016373121267166724,2.9761575759035215,18,18,0,9.774999999999999,"[1854.1962036370699, -211.46833163905237, -104.04621442492994]","[-39.34242983832379, -2.0547794198346594, -0.6587997754677088]"
Optical_A-T0056,Optical_B-T0060,False,reprojection,5.860660909150719,129.25189672782128,192.09370985840548,10.078721583630976,52.951630502016016,0.04500233559260103,3.1808493888018154,17,17,0,9.81,"[1684.2976248376988, -283.41804233298444, -91.09052181878506]","[-52.173000357735546, -8.752610912477508, 2.290198399383531]"
Optical_A-T0056,Optical_B-T0061,False,reprojection|speed|not_inbound,5.233458425966166,67.81081741653763,137.32330658771428,5.596018446385869,12.52425029301235,0.040000000000000924,5.083165494511531,14,14,0,9.5,"[1718.393616363843, -272.4501949138834, -102.93956034474962]","[-6.450236647572742, 10.732187321811999, -0.2672973659939317]"
Optical_A-T0057,Optical_B-T0002,False,time_delta|reprojection,3.0691082100380593,28.22392499755765,53.0429950301696,1.5795383518176713,35.470172244529614,1.8349993938482836,30.362624863125443,30,30,0,7.499999724656586,"[1072.2532179086877, -88.11272265597862, -101.81698221748867]","[-35.407812426819305, 2.0897621974753235, 0.2298524783038309]"
Optical_A-T0057,Optical_B-T0004,False,time_delta|reprojection,6.65900927906477,79.22567211264806,273.3071831656732,5.354627852488172,38.32595762321696,1.832497635503782,30.8531519514667,30,30,0,7.502501483001088,"[1132.6232204816324, -43.065105226271015, -100.16003174736657]","[-38.1483206573225, 3.6832632184002634, 0.1350215786582854]"
Optical_A-T0057,Optical_B-T0007,False,time_delta|reprojection,3.6815884937437393,37.34657909885829,130.38626221410985,2.3732156828017716,39.323529000959645,1.8349992191070044,30.481143360510046,30,30,0,7.499999899397865,"[1146.20060601655, -27.2670401561762, -101.27062196987984]","[-39.29241280662902, 1.5422837556275724, 0.25998026828567733]"
Optical_A-T0057,Optical_B-T0009,False,time_delta|reprojection|speed,3.96552665839881,38.96383810802514,84.3615367239201,2.688669340611898,31.8728105167357,8.160002431784338,96.93153130441715,11,11,0,9.33499911850487,"[1138.3670636753197, 35.66527619365256, -98.88616949256125]","[-29.60008479754778, 11.815985177946057, 0.305817737022654]"
Optical_A-T0057,Optical_B-T0012,False,time_delta|reprojection,4.093208459431111,41.80508108134222,82.83702746183567,2.734498219554205,38.3329260551157,3.9899997054292453,42.88208805438209,22,22,0,5.5,"[1365.5939224714768, 84.71852330203384, -106.47606370408492]","[-37.70209652456444, 6.83176931055614, 1.1366906732868052]"
Optical_A-T0057,Optical_B-T0013,False,time_delta|reprojection,5.450954860115882,62.741866882491756,127.93686575982451,3.8315979663245208,41.240728294793655,1.832498309783467,31.112583908686585,30,30,0,7.502500808721402,"[1262.5586677279252, 80.16407591315574, -105.76473737222405]","[-41.22833139575278, 0.793324964279833, 0.6268940165845869]"
Optical_A-T0057,Optical_B-T0014,False,time_delta|reprojection,3.369156915537876,32.143341500822615,64.96587779294552,2.1827777343593295,42.79501749092317,6.1142400851662195,55.14706691986907,17,17,0,4.2149987521258,"[1428.8555664177588, 93.45723087305414, -88.24810069595497]","[-42.74582744169827, 1.4673671821977905, -1.4333847793194339]"
Optical_A-T0057,Optical_B-T0015,False,time_delta,1.4655093109962085,6.028588136216461,14.859416658595418,0.40128889633780634,40.2075361619646,1.834784930681376,31.26428360337501,30,27,3,7.500214187823493,"[1366.786691886664, 163.8143802601074, -98.0942128258871]","[-39.48348620946677, 7.596063190932966, -0.010245091088714131]"
Optical_A-T0057,Optical_B-T0016,False,time_delta|reprojection,3.127511878441377,28.45667260314073,57.04216061890202,1.9255565328672755,40.73961042700387,4.430000000000001,45.667119694840004,21,21,0,5.22499901704931,"[1449.1368567009624, 140.70740122687639, -104.428827794611]","[-40.17670355257209, 6.690375362821541, 0.8872580782012953]"
Optical_A-T0057,Optical_B-T0017,False,time_delta|reprojection,3.852412902988038,39.570377197987966,78.52904432034794,2.580371969560391,46.583968950016065,3.987499952337008,42.68154022485396,22,22,0,5.5000000049114215,"[1384.6365880194703, 107.53138896816132, -106.00496401096406]","[-46.50322950958433, -2.525670889355581, 1.0662058308073508]"
Optical_A-T0057,Optical_B-T0018,False,time_delta|inlier_ratio,1.532937959541194,6.569193347914936,14.087614311190816,0.45993955640936485,46.3192120842359,3.5699969586696696,38.58538734876579,23,18,5,5.7650021598352,"[1472.6993806696858, 184.43811660289353, -99.33159287984219]","[-46.29588037988003, 1.4548088762375073, 0.2107109154391795]"
Optical_A-T0057,Optical_B-T0020,False,time_delta|reprojection,5.927948476084394,68.73441061718759,193.32496754033812,4.893749552015254,53.526419652161195,3.984999741461789,42.70562140817759,22,22,0,5.5,"[1401.8371438663314, 121.92300089883996, -100.99142013211019]","[-52.89085018854964, -8.223325693316454, 0.11172131984587563]"
Optical_A-T0057,Optical_B-T0021,False,time_delta|inlier_ratio,1.529093844309984,7.1939609095275925,14.689988896234455,0.4846487318359177,42.41330420948235,1.834998595299946,28.946660991196726,30,25,5,7.500000523204924,"[1417.0717302858607, 206.5614397402583, -98.9570551676853]","[-41.8240836786973, 7.044247260021763, 0.11392516445166219]"
Optical_A-T0057,Optical_B-T0022,False,time_delta|reprojection,3.802934078035334,39.614681884884284,68.5941251096793,2.732701136638942,43.918568307573835,1.8349991185048697,33.91431533322668,30,30,0,7.5,"[1478.9923024661518, 259.8989307637099, -104.00845783282931]","[-43.26694860153163, 7.52365501500995, 0.45433040242137923]"
Optical_A-T0057,Optical_B-T0023,False,time_delta|reprojection,4.3692600914253905,47.6810384113506,82.8950601808534,3.3113392252689877,44.48034143240144,1.834998392614552,34.05801655867045,30,30,0,7.500000725890318,"[1492.827014674243, 271.69362430179535, -105.31349250930039]","[-43.85328881443259, 7.421759237664816, 0.5543680357909586]"
Optical_A-T0057,Optical_B-T0024,False,time_delta|reprojection,6.699217922664505,107.06703870072066,272.79457291556224,6.739832104366937,43.79747105687692,1.8324973936775462,31.616796292863402,30,30,0,7.502501724827324,"[1379.8013757483816, 199.16301821251992, -93.03601352127667]","[-43.60817626893869, -3.983578109089507, -0.8225198623295336]"
Optical_A-T0057,Optical_B-T0025,False,time_delta|reprojection,6.023313967547618,71.57546867889057,120.56733658519269,4.660161178174514,52.77197021046096,1.8324982571432016,31.488095084838505,30,30,0,7.502500861361668,"[1401.222602312502, 194.6857556048977, -87.95355404280782]","[-52.59058986086894, -4.2742049688257, -0.917534666436898]"
Optical_A-T0057,Optical_B-T0026,False,time_delta|reprojection,2.9913986365504353,28.455391655194465,49.41174284999569,1.9886291999068695,46.12367686279388,1.8349982826010445,34.16149960479576,30,30,0,7.500000835903825,"[1509.369892440285, 285.6069653436147, -102.3526085230836]","[-45.69682551823752, 6.252181758702761, 0.32237890025348015]"
Optical_A-T0057,Optical_B-T0027,False,time_delta|reprojection,4.756102070691721,53.79184933815207,96.89473761863921,3.7479381504057687,49.11414036484005,1.8349991185048697,33.829087721497444,30,30,0,7.5,"[1518.8337046245608, 298.8815664767357, -90.08737387025468]","[-49.08423442014947, 1.58556700056522, -0.6501480229477012]"
Optical_A-T0057,Optical_B-T0028,False,time_delta|reprojection,6.29197346128118,75.59170143054322,128.58701154101678,5.303506304363488,49.94400678210983,1.8324985319188922,33.913143922070205,30,30,0,7.5025005865859775,"[1530.8613097583632, 309.44190800746713, -109.49823827285762]","[-49.92275097973226, 1.1306912821044648, 0.9188499832115693]"
Optical_A-T0057,Optical_B-T0029,False,time_delta|reprojection,3.218920540948315,32.163090160119204,62.57432562508601,2.194462442571084,50.66387767524221,1.8324980057797378,33.0305010473733,30,30,0,7.502501112725132,"[1484.1757789182384, 269.9162256014319, -93.84920966689734]","[-50.647939645023044, -1.226445870834084, -0.33247756604481804]"
Optical_A-T0057,Optical_B-T0030,False,time_delta|reprojection,5.922475342213169,70.11767964073113,120.73439060084256,5.073909251448096,48.58877473570415,1.8324985143572237,35.033728808497294,30,30,0,7.502500604147646,"[1582.633856881542, 348.23225014202603, -109.11973888022666]","[-48.16992677207713, 6.312177171266114, 0.826803754391181]"
Optical_A-T0057,Optical_B-T0031,False,time_delta|reprojection,2.4175981692122677,20.69716365928847,36.787348038021385,1.5334896322393294,48.82649519343687,1.8349981922976877,35.83824683742142,30,30,0,7.500000926207182,"[1637.9592897935772, 394.94115313014106, -101.02408571478011]","[-48.123311493455304, 8.253093688627644, 0.24488435090955507]"
Optical_A-T0057,Optical_B-T0032,False,time_delta|reprojection|inlier_ratio,1.6456376808551882,8.249918747249323,14.641364797940563,0.6509433005495948,48.985445765252386,6.049998814195077,104.76135529595038,17,9,8,4.28500164392456,"[1758.0919345670486, 342.25680548286834, -104.84867753152551]","[-48.499589399503776, 6.80465850157475, 1.0297317985622323]"
Optical_A-T0057,Optical_B-T0033,False,time_delta|reprojection,2.7072383163266376,24.26546637757744,43.27229238165789,1.7164292553588552,55.08709551271325,1.8349991185048693,33.87886608705791,30,30,0,7.5,"[1562.466959957194, 336.1953219257626, -101.05885528954694]","[-55.01893145403922, -2.729514470252184, 0.2345728867742779]"
Optical_A-T0057,Optical_B-T0034,False,time_delta,1.025305503940555,1.247832961635558,4.106831226989733,0.08621048362742255,49.993568031758016,1.8349991185048697,35.42774831849497,30,30,0,7.5,"[1613.949913451279, 374.5226711063378, -97.81759704701727]","[-49.63265937493436, 5.996329537104543, 1.4312501802948852e-05]"
Optical_A-T0057,Optical_B-T0035,False,time_delta|reprojection,3.921580118126873,41.93647147502523,71.55560084320985,3.127838793990302,50.767597503548835,1.8349978537683964,35.89310904530412,30,30,0,7.500001264736474,"[1647.182714082695, 402.9215390333613, -90.825345230528]","[-50.36168639875524, 6.386630714686248, -0.5103405431627981]"
Optical_A-T0057,Optical_B-T0036,False,time_delta|reprojection,3.476246492377983,33.26997470429404,55.634538288479064,2.3540444674315593,59.9049120305047,2.060148497752671,34.77139946828459,29,29,0,7.274850620752199,"[1582.8942179569076, 342.34637097449036, -92.67582764593719]","[-59.558779411651145, -6.415656797563486, -0.4354632391649682]"
Optical_A-T0057,Optical_B-T0037,False,time_delta|reprojection,2.633829552076866,22.94419106877586,58.128348186735046,1.685018878710678,56.99859495485882,1.8327853479708796,36.22247290653549,30,30,0,7.50221377053399,"[1701.9251085327603, 454.8217862478559, -99.48932141855155]","[-56.99837644938859, 0.09168619690711921, 0.12846245808846002]"
Optical_A-T0057,Optical_B-T0038,False,time_delta|reprojection,2.5581748933681863,20.129851111601216,31.642511973532972,1.6850056150565076,60.2039207891372,7.81000155943117,54.03314522534779,12,12,0,6.012499559252435,"[1776.3788313945254, 442.94973568480754, -107.13757850342681]","[-60.11839609720636, -2.489911542062373, 2.022589824164717]"
Optical_A-T0057,Optical_B-T0039,False,time_delta|reprojection,6.094666434056486,74.0507058550747,123.92258114622761,5.492823009469084,51.01338180127913,1.6199956234069717,31.704938973332787,29,29,0,7.715003495097898,"[1631.6056835816037, 400.28421165893315, -85.9225229474568]","[-50.656079657253656, 5.957244876347033, -0.915396113322493]"
Optical_A-T0057,Optical_B-T0040,False,time_delta|reprojection,6.106932318714644,74.49679822592411,130.5863120192218,4.784752585511831,45.27715933858449,1.5529197933712888,27.77952307338418,29,29,0,7.782079325133581,"[1338.7202459221373, 155.93970505309278, -108.35720166943644]","[-45.26899629568808, -0.1808773208421428, 0.8404853046614766]"
Optical_A-T0057,Optical_B-T0042,False,time_delta|reprojection,3.2808137490306364,34.41085561878895,63.86627162236017,1.992660709683461,41.23736753719573,1.4999979587580228,25.88117535654645,29,29,0,7.835001159746847,"[1137.2196189990893, -16.61721172594338, -102.58393264575575]","[-41.15506912962984, -2.5832418103294366, 0.3280671920800889]"
Optical_A-T0057,Optical_B-T0043,False,time_delta|reprojection,3.4395634907885437,37.70065612649099,67.94461941560044,2.138768590366742,48.14689185940469,1.4949991185048699,24.887123206949607,29,29,0,7.84,"[1116.7260200432613, -37.62927368623403, -94.25404473787732]","[-47.4772703255887, -7.995446740413058, -0.32377395417594773]"
Optical_A-T0057,Optical_B-T0044,False,time_delta|reprojection,6.115323843589188,71.24739060950266,125.29422073786442,4.079925983912607,42.377574783106375,2.3374994300029432,29.887982479568002,26,26,0,6.997499688501927,"[1125.4421073268295, -54.453547453236354, -107.85849660893705]","[-42.11232142290857, -4.622975484593667, 1.0194736584411714]"
Optical_A-T0057,Optical_B-T0045,False,time_delta|reprojection,2.1467540467407575,18.152527075283484,33.893144729212636,1.0196577377610172,38.94067825269749,1.4799979719009482,25.51937188020927,29,29,0,7.855001146603922,"[1065.1831220482009, -78.46215485071212, -100.51543377141147]","[-38.851836842161376, -2.624397671183516, 0.1540572415229178]"
Optical_A-T0057,Optical_B-T0046,False,time_delta|reprojection,4.111787929084213,45.9550299168933,82.08355818225773,2.512409558214921,37.1089453904326,1.4610190917115862,25.52580739774456,29,29,0,7.873980026793284,"[1003.6981040514487, -136.85390462921134, -94.15978749162483]","[-37.10098200866371, -0.6976255060156973, -0.3229251248769117]"
Optical_A-T0057,Optical_B-T0047,False,time_delta|reprojection,2.985182484459362,26.738279051140555,93.36482682041114,1.9569272684777006,43.23178703734648,5.3374995422572935,43.94082038204198,16,16,0,5.000001794488227,"[1489.166027344321, 165.97390756078875, -97.0617327898589]","[-42.99832290182948, 4.485484242299876, -0.10985984054679439]"
Optical_A-T0057,Optical_B-T0048,False,time_delta|reprojection,2.27596178558793,22.21475513615102,61.41991767911415,1.3412306166366383,40.051038976624845,1.1849991185048694,20.782728272234554,27,27,0,8.15,"[1075.8903876012323, -64.47273449312024, -98.45241904400253]","[-40.037309692423605, -1.0485970120410286, -8.015132875547476e-05]"
Optical_A-T0057,Optical_B-T0049,False,time_delta|reprojection,6.363201229155282,91.15581238928442,174.17347829820793,4.7307069596863816,40.259612295137046,1.2149991185048687,20.423338011427038,27,27,0,8.120000000000001,"[966.7673199128128, -157.23306029295787, -88.99779541309236]","[-39.813514712201595, -5.914541412544025, -0.8594348697594879]"
Optical_A-T0057,Optical_B-T0050,False,time_delta|reprojection,3.366372486252274,43.191149228972264,74.88529898868796,2.494671649138973,43.23008245302488,0.4799998009410338,14.300134020443778,25,25,0,8.854999317563836,"[1039.797917116788, -70.50590475270157, -102.30404894863025]","[-42.918907695810766, -5.172267940367142, 0.23459634876685131]"
Optical_A-T0057,Optical_B-T0051,False,reprojection,5.841876816338485,92.60058190762288,158.00068767356353,6.849682862864328,58.782887896118666,0.07000000000000028,12.150555103102885,23,23,0,9.290000000000001,"[1586.0398642285725, 441.33442746755446, -109.75726061788045]","[-58.74728508898454, -1.180079520257891, 1.6708729476226516]"
Optical_A-T0057,Optical_B-T0054,False,reprojection,3.0574817138675687,41.16747694716225,106.73044768363211,2.5253010215214577,42.39464608842467,0.13499789511058147,4.290347945070183,17,17,0,9.78,"[1288.1634961899965, 191.46192626158916, -98.15903209493929]","[-41.97826107621069, 5.871113678899405, -0.8134114270873336]"
Optical_A-T0057,Optical_B-T0056,False,reprojection,4.12400423440387,57.35553340268825,92.0333729103626,4.083640381358186,48.74199617417351,0.07750099726897286,3.6118122849733396,16,16,0,9.997500122054637,"[1482.1468767179028, 382.23504679572727, -103.34726249687226]","[-48.207630116372385, 7.0954232468223495, 1.208949359826338]"
Optical_A-T0057,Optical_B-T0057,False,reprojection,4.479483647392327,61.02230793073828,84.41800218740595,3.8963421727638288,40.44365293044436,0.13499887567560798,2.1864737867085555,14,14,0,10.279314436635389,"[1247.3549480391653, 175.75409917875584, -102.72720352259053]","[-39.800400609089614, 7.128101498305369, 0.8985225339837849]"
Optical_A-T0057,Optical_B-T0060,False,reprojection,5.839077666806935,108.17644757509781,133.33295495235646,6.613495627793402,44.278071042710856,0.16000000000000014,1.889211897905498,13,13,0,10.345001994537945,"[1161.2510032762452, 97.22870723223521, -91.06963594212843]","[-44.26983665641749, -0.17406024597421776, -0.8359669301087482]"
Optical_A-T0057,Optical_B-T0061,False,reprojection|speed|not_inbound,5.6003544516462345,75.53375161768882,134.1956452311334,4.627631373845975,31.32105180729647,0.15000093939348602,3.4930982991747466,10,10,0,10.000001551550534,"[1196.4473801512595, 116.16841628671794, -102.13944312793487]","[-22.913787297271888, 21.223855676414885, 2.34831604292152]"
Optical_A-T0059,Optical_B-T0002,False,time_delta|reprojection,3.549698799804965,34.08464214060465,79.5012093273464,1.9061013486788252,37.33517689956409,3.327500391132362,63.660565753872675,28,28,0,6.997499741263924,"[1144.5710027289433, -143.62417880561893, -103.8549306572992]","[-37.264875927118084, 2.2739385897228175, -0.27140292630825946]"
Optical_A-T0059,Optical_B-T0004,False,time_delta|reprojection,6.778652540710469,92.01059669090965,262.1316108079579,6.298125687171546,43.30753832992681,3.324998424184619,66.48631633102352,28,28,0,7.000001708211668,"[1223.3698903042082, -109.17549457554671, -102.05451295557705]","[-42.8909831219719, 5.980448620407103, -0.37506976347295984]"
Optical_A-T0059,Optical_B-T0007,False,time_delta|reprojection,4.703267460525798,51.04833127253679,131.11164675706684,3.210249329567551,42.51667962228888,3.327500271095447,63.726512216759126,28,28,0,6.99749986130084,"[1232.0789974384031, -86.0828277765495, -103.37658098622398]","[-42.447590151821124, 2.4087091445586566, -0.2612597640136828]"
Optical_A-T0059,Optical_B-T0009,False,time_delta|reprojection|speed,3.9437604984713253,38.52336766622341,78.93697341610579,2.771083654520881,31.518262051695167,9.135000132396287,153.5771429462146,9,9,0,2.1849995627536063,"[1411.9085151746317, -96.87614276178141, -102.39450277974541]","[-29.436667991719176, 11.228484530968444, -0.896970145782816]"
Optical_A-T0059,Optical_B-T0012,False,time_delta,1.503616348507224,5.195115670312016,9.91224873153689,0.35514272687250426,38.878763471135244,5.325508968435818,92.64882722679648,20,20,0,4.999491163960469,"[1459.7915494349284, 31.241548509842943, -109.82842807678847]","[-38.362426199265244, 6.3143650216677525, -0.10629921705636636]"
Optical_A-T0059,Optical_B-T0013,False,time_delta|reprojection,3.6634891868279045,36.12314443190985,155.28305721669594,2.2546260809833,41.03200048489692,3.325000132396287,65.51464080720581,28,28,0,7.0,"[1348.3197111181005, 32.57784060807449, -108.78238417261268]","[-41.02535944631707, -0.7381580297710109, -0.008295549930334961]"
Optical_A-T0059,Optical_B-T0014,False,time_delta|reprojection,5.221145564854237,58.33941329778155,112.55746602426663,4.158966778677044,44.00952786759373,6.545000132396287,112.45378452648708,15,15,0,3.7800000000000002,"[1525.0148733707638, 44.13827611943782, -88.53079170629073]","[-43.916603990736995, 0.8509903734024142, -2.7287822254019076]"
Optical_A-T0059,Optical_B-T0015,False,time_delta|reprojection,5.501932824422113,61.88356533246491,134.10681101368993,4.193047706430376,40.17940143226521,3.3249986915859737,75.02798373497627,28,28,0,7.000001440810314,"[1467.5797613999978, 111.00702257908262, -100.08394187271675]","[-39.58561368972977, 6.853530638957665, -0.62658283048881]"
Optical_A-T0059,Optical_B-T0016,False,time_delta|reprojection,2.185675506400703,15.177034868719947,28.222203402896024,1.0736063806445564,41.47977862149411,5.5550001323962865,97.16644592361783,19,19,0,4.7700000000000005,"[1551.6055774139056, 88.12907741383005, -107.49962206588869]","[-41.00576140570334, 6.236665038565761, -0.4511931110089322]"
Optical_A-T0059,Optical_B-T0017,False,time_delta,1.5534164739931442,7.196285084165591,14.433774875453796,0.4909190848812099,48.053727463552136,5.3275004527052,90.8920970806015,20,20,0,4.997499679691087,"[1484.4690882167722, 60.30265967772223, -109.2213675184556]","[-47.93944001539634, -3.3092265474999465, -0.14083255618573706]"
Optical_A-T0059,Optical_B-T0018,False,time_delta|reprojection,4.081090417202118,42.715630490761626,76.66766656298695,3.010807049820096,47.04364575988528,5.085000132396287,91.252624783326,21,21,0,5.24,"[1583.8891085863424, 137.04673359322305, -101.82974409822113]","[-47.02588882082816, 0.7938929822120855, -1.0198631895878472]"
Optical_A-T0059,Optical_B-T0020,False,time_delta|reprojection,5.595906607889855,63.295220993754356,179.06135053343473,4.822261165218861,57.521894204348705,5.327499435547667,90.7550928700624,20,20,0,4.99750069684862,"[1517.0297668311155, 71.92508467851916, -103.29972461900444]","[-56.906986314224355, -8.318105782623896, -1.082745435476663]"
Optical_A-T0059,Optical_B-T0021,False,time_delta|reprojection,5.182742181251598,57.708809965891625,121.74747316809727,4.063739627331086,43.017539485146344,3.3224999464188834,76.20371958702812,28,28,0,7.002500185977404,"[1527.0890124654366, 153.65587009408807, -101.44907246806969]","[-42.502743393430194, 6.615813070732301, -0.5064827751052291]"
Optical_A-T0059,Optical_B-T0022,False,time_delta|reprojection,3.053092160858071,27.83590518953686,58.19344979995552,2.008214861938397,44.45649136276356,3.325000132396287,78.59080690157144,28,28,0,7.0,"[1597.1190170577781, 208.09028075200638, -107.206753943544]","[-43.9054903868744, 6.972167842491956, -0.27643037400365084]"
Optical_A-T0059,Optical_B-T0023,False,time_delta|reprojection,2.5325979824623204,20.581893304606215,42.43029856814391,1.495514993440488,45.099343447388705,3.3249985075195863,79.00674966527752,28,28,0,7.000001624876701,"[1613.306915613211, 220.14993983070337, -108.76511409995175]","[-44.568114137397465, 6.898962917848792, -0.19568413216667177]"
Optical_A-T0059,Optical_B-T0024,False,time_delta|reprojection,6.908839727139437,124.5872369667406,239.71988458124315,8.31473742279317,36.32419431986976,3.3275000616039914,64.73867587225575,28,28,0,6.997500070792295,"[1446.290785487681, 173.67411744384162, -94.27482861782543]","[-35.041515793968266, -9.469646924246092, -1.365668692929523]"
Optical_A-T0059,Optical_B-T0025,False,time_delta|reprojection,6.835922433594936,123.96761115412828,266.11274809546296,8.382092685874932,56.190859381529165,3.32499775189988,63.6919779780524,28,28,0,7.000002380496407,"[1519.6521037375041, 145.0320359492933, -88.10319427298568]","[-55.986607119740476, -4.559367531017074, -1.4576244275245065]"
Optical_A-T0059,Optical_B-T0026,False,time_delta|reprojection,3.683761638281635,37.119678129234764,78.93290510609954,2.7175787224383643,47.34470889547426,3.3275005620633067,78.75525359142974,28,28,0,6.99749957033298,"[1634.65487228324, 234.3564188028069, -105.31312709003485]","[-46.978611011543165, 5.862484036891686, -0.40354521494451556]"
Optical_A-T0059,Optical_B-T0027,False,time_delta|reprojection,6.776637772183663,108.63542868560614,230.33912782670114,7.938014212604405,48.49163077552359,3.325000132396287,74.66073909564743,28,28,0,7.0,"[1637.303153472408, 254.81517496241065, -90.94772387245138]","[-48.4754995514855, 0.1010442777878211, -1.2465907738958535]"
Optical_A-T0059,Optical_B-T0028,False,time_delta|reprojection,2.356584520297468,18.70819647714698,41.480294907470906,1.3746725209222568,49.426265575583706,3.324998426808355,74.7273204516191,28,28,0,7.000001705587932,"[1651.9901002108306, 265.71298491178504, -113.68638372798524]","[-49.42511363194875, -0.31866129242817465, 0.11102341101299262]"
Optical_A-T0059,Optical_B-T0029,False,time_delta|reprojection,6.719455602717941,87.6892182336379,187.6265622358032,6.25344001779077,50.87565346984341,3.3249981029185713,70.41568344797327,28,28,0,7.000002029477716,"[1600.8427967998346, 225.8959463859727, -95.27566942371789]","[-50.797735013541015, -2.6504355813345626, -0.9473250270391156]"
Optical_A-T0059,Optical_B-T0030,False,time_delta,1.0768724945504085,0.7420287288801853,3.2251185637121664,0.058385341951313174,50.020320552973125,3.324998299605811,81.70719324322647,28,28,0,7.000001832790476,"[1719.999667948063, 298.78267959650634, -113.43211125367463]","[-49.65842870579628, 6.006074148488125, 0.00012804914619823915]"
Optical_A-T0059,Optical_B-T0031,False,time_delta|reprojection,4.346077344272922,46.675403413903915,96.71418989223363,3.676414562437148,49.72778703727402,3.324998647186,85.17329435619797,28,28,0,7.000001485210287,"[1781.7669800422705, 346.76041119484063, -104.00647932388117]","[-49.08591764240438, 7.946034975741725, -0.5348093042022746]"
Optical_A-T0059,Optical_B-T0032,False,time_delta|inlier_ratio,1.5231030063949396,6.743867493673635,13.070490152220556,0.5669565311342888,50.290886693047746,6.609998642167778,124.99642746218808,15,11,4,3.7150014902285093,"[1906.0913590370621, 293.76292719490067, -108.82075400990662]","[-49.85777063703185, 6.5549154788780015, -0.6395893548654505]"
Optical_A-T0059,Optical_B-T0033,False,time_delta|reprojection,4.363602697652301,46.19613752834398,97.34523265891691,3.431707041332815,56.14336895965861,3.327500155912982,72.22163887895832,28,28,0,6.997499976483304,"[1694.0768262894005, 293.7942066572864, -103.83508735988515]","[-56.0023494876053, -3.9464006364578665, -0.49056296745376726]"
Optical_A-T0059,Optical_B-T0034,False,time_delta|reprojection,5.566420683869519,63.671143851295014,133.59223962178143,4.932501724746634,51.70796797734717,3.3255852039631257,82.79135798574983,28,28,0,6.999414928433161,"[1756.9657778471922, 326.02373057123873, -100.1609208834275]","[-51.383134239660734, 5.74020683190173, -0.733139538118776]"
Optical_A-T0059,Optical_B-T0035,False,time_delta|reprojection,6.788480154586475,101.78729214443693,212.736637230725,8.032981058417784,52.340244543430664,3.3275007517310407,84.53998997067481,28,28,0,6.997499380665246,"[1794.8983384823314, 355.5761054186199, -91.95836962013207]","[-51.96823452452513, 6.113752408919311, -1.1940815518675616]"
Optical_A-T0059,Optical_B-T0036,False,time_delta|reprojection,6.857015017823481,92.15986916456822,188.72071623054916,6.825710594953982,62.89269818121022,3.599997544315528,73.33941695560584,27,27,0,6.725002588080759,"[1726.7710924689766, 300.6215993762909, -93.95345126373394]","[-62.45355609974716, -7.328200680479966, -1.1585723089866713]"
Optical_A-T0059,Optical_B-T0037,False,time_delta|reprojection,5.176530130963547,57.35279484314206,116.19185092153675,4.606227188093399,57.14302804348418,3.325000132396287,81.78452837569954,28,28,0,7.0,"[1852.164031799397, 416.016498482899, -102.26039195113857]","[-57.129177161480186, -1.0739624227962281, -0.6552675370048089]"
Optical_A-T0059,Optical_B-T0038,False,time_delta,1.3300929052916215,2.4251053652518997,4.2021446108577045,0.2155973354330774,62.908729567013836,8.642500558505517,167.8555308284787,10,10,0,2.502500778832116,"[2128.896838347623, 412.6715249888349, -117.33187686434191]","[-62.8333494430145, -3.0554164086212836, 0.37800010269644524]"
Optical_A-T0059,Optical_B-T0039,False,time_delta|reprojection,6.8609538353548505,131.86878493286588,269.519470078768,10.34771041182088,52.71232030260216,3.040001266965108,74.46386906142557,27,27,0,7.284998865431179,"[1774.7440331891096, 353.3069052751595, -86.29040105664852]","[-52.382031823286994, 5.671402960553905, -1.5958202302556872]"
Optical_A-T0059,Optical_B-T0040,False,time_delta|reprojection,2.106584526497474,14.660879893943127,31.187253029699487,0.987732034141476,45.3313477235343,3.1050001323962872,61.15669395128849,27,27,0,7.22,"[1439.5319555527312, 108.92822600446458, -112.14116663623247]","[-45.30136012092034, -1.6461675763881658, 0.0893864481583953]"
Optical_A-T0059,Optical_B-T0042,False,time_delta|reprojection,3.136005991349174,28.869814966109853,65.36120647832838,1.6799330929090839,42.10116852709748,3.155000132396287,55.666304771968576,27,27,0,7.17,"[1220.6859981517805, -64.18201185816417, -104.96328172920288]","[-41.93696485344314, -3.706263323842876, -0.2509629504025416]"
Optical_A-T0059,Optical_B-T0043,False,time_delta|reprojection,6.690212997321314,92.39354470144023,210.65697421125603,5.205792149621001,51.27600794703034,3.1599989131835846,50.388597323563125,27,27,0,7.165001219212702,"[1209.8498306378176, -86.85578361132673, -95.07842483883215]","[-50.66240374672689, -7.868672951493522, -0.7961303724804378]"
Optical_A-T0059,Optical_B-T0044,False,time_delta|reprojection,2.082133576028437,14.168213070785914,27.651794606945465,0.8153494885934438,43.886806987798025,3.8224991247550664,62.82333835729608,24,24,0,6.502501007641221,"[1200.8627019796606, -102.39483621165448, -111.15806792188712]","[-43.56325415593625, -5.3159008257270415, 0.18950815437595353]"
Optical_A-T0059,Optical_B-T0045,False,time_delta|reprojection,4.136871620412425,42.79818856061097,98.62918751654504,2.362996936568019,39.81620930176249,3.1750001323962866,55.14007383128585,27,27,0,7.15,"[1142.053602496053, -125.73573071919607, -102.40039983441974]","[-39.64657303668262, -3.6532363620463855, -0.36555942303710465]"
Optical_A-T0059,Optical_B-T0046,False,time_delta|reprojection,6.776814077928511,97.65831740346123,226.75636087636235,5.173765412479219,40.02957952320098,3.189997101624245,56.461558649402896,27,27,0,7.135003030772042,"[1083.515470471867, -193.70189937012424, -94.79817696265879]","[-40.02102889281893, 0.3498713490405976, -0.7497154150368704]"
Optical_A-T0059,Optical_B-T0047,False,time_delta|reprojection,4.6829181389751975,50.67126570633392,132.0635859449576,3.796337473347714,43.92557061770402,5.99750055454244,93.48378572849053,14,14,0,4.500000646216744,"[1596.4319434246754, 116.19852317043635, -98.8355320028402]","[-43.727769469819634, 3.8090952303929555, -1.6818813308346212]"
Optical_A-T0059,Optical_B-T0048,False,time_delta|reprojection,5.666719592486156,64.96576304071574,139.4772711404765,3.68842094011913,43.09045465038173,2.4750001323962865,44.26129730130574,25,25,0,7.8500000000000005,"[1145.991070259711, -120.74204897663677, -100.2790254981844]","[-43.08561087155787, -0.27439035869782913, -0.5849168593507492]"
Optical_A-T0059,Optical_B-T0049,False,time_delta|reprojection,6.820145017548766,143.64056255841015,324.66459954596417,7.342493379375003,42.02821295535771,2.445000132396287,40.94375385698567,25,25,0,7.88,"[1019.3985340883435, -206.87299782080277, -89.22370475879505]","[-41.546407368031566, -6.2177075337412475, -1.2676087942765921]"
Optical_A-T0059,Optical_B-T0050,False,time_delta|reprojection,3.280484478949077,31.400121287892837,62.3528570151582,1.892440986284655,45.43956464097012,2.1781038447161336,35.30893173039641,23,23,0,8.146896287680153,"[1123.4234596657577, -119.89877286861545, -104.88707994160313]","[-45.11837425189199, -5.371390175339599, -0.4842594463475839]"
Optical_A-T0059,Optical_B-T0051,False,time_delta|reprojection,1.9572803535886,14.356154056876607,26.45591868103448,1.1062044322772602,60.89051751169712,1.6185908304071592,32.556904916553265,21,21,0,8.706409301989128,"[1743.7660729239842, 399.39695340394985, -116.39953971503414]","[-60.85603412264294, -2.0261866571109977, 0.3046331179583093]"
Optical_A-T0059,Optical_B-T0054,False,reprojection,5.796614096226421,80.2210058813651,132.78236389940437,5.3118369661171725,43.69324690457971,0.12499987081625541,8.61631703731949,15,15,0,10.216042674715112,"[1351.9602462160553, 141.84226722466877, -102.9513705532985]","[-43.27579842907522, 5.376036789036249, -2.720904965915431]"
Optical_A-T0059,Optical_B-T0056,False,reprojection,2.40968175095152,33.281157096604204,53.37265291251632,2.474722696113056,50.13665127608721,0.07000392261442556,7.574668808369519,14,14,0,10.297500066198143,"[1578.8485464046396, 337.7093809536854, -109.53469806014654]","[-49.6723294927985, 6.742332504535227, -0.9404447549566537]"
Optical_A-T0059,Optical_B-T0057,False,reprojection,2.3650115646427543,31.189475842619377,47.41526565381886,2.049747258388858,41.26885634495277,0.12750275872898875,4.512210415633672,12,12,0,10.497866157988856,"[1317.7812571049674, 124.72996543387265, -108.39769306296242]","[-40.73854711540075, 6.53640662314028, -0.8744549179861274]"
Optical_A-T0059,Optical_B-T0060,False,reprojection,5.974018195984388,189.52921185160452,278.8075039472337,11.85374243468391,46.10511766861225,0.14500314478017096,3.6011580234686122,11,11,0,10.670732183581425,"[1214.7179513758997, 43.58719476689999, -94.41805764949561]","[-45.8091775306125, -1.073449329250309, -5.103806005613899]"
Optical_A-T0059,Optical_B-T0061,False,time_delta|reprojection|speed|not_inbound,3.4452671344044807,40.06036307536566,76.51592809759197,2.548728582369719,30.59687414185215,0.8274991084179826,3.5478088842440036,8,8,0,10.260000593770373,"[1262.8034306478962, 68.37538319020396, -109.4547871532313]","[-22.181001037229017, 20.97503820450828, -2.054184158785225]"
