track_id,camera_id,sample_index,sweep_index,measurement_timestamp,ray_x_ned,ray_y_ned,ray_z_ned,azimuth_deg,elevation_deg,detection_uids
Optical_A-T0001,Optical_A,0,0,0.1850030871539015,0.9673914253809498,0.25322180305261116,-0.00570513437166759,14.668488220841482,0.326881894323654,"[""Optical_A-F00018-D000"", ""Optical_A-F00019-D001""]"
Optical_A-T0001,Optical_A,1,1,0.8200000000000001,0.9661214385144855,0.2580232449306208,-0.00577677402830932,14.953056085563736,0.33098661193920764,"[""Optical_A-F00082-D000""]"
Optical_A-T0001,Optical_A,2,2,1.18,0.965376289678741,0.26079641237110057,-0.00581812860553257,15.117585654805419,0.3333560944978289,"[""Optical_A-F00118-D000""]"
Optical_A-T0001,Optical_A,3,3,1.8140675404890683,0.9640402306874492,0.26569101273364876,-0.0058923143719504,15.408291047249904,0.3376066986781598,"[""Optical_A-F00181-D000"", ""Optical_A-F00182-D000""]"
Optical_A-T0001,Optical_A,4,4,2.19,0.9631831267228816,0.26878060792015485,-0.0059371038735566975,15.592000598789777,0.3401729929766449,"[""Optical_A-F00219-D000""]"
Optical_A-T0001,Optical_A,5,5,2.81,0.9617576698619744,0.2738357828142909,-0.006012363274952582,15.892941293541687,0.3444851160128941,"[""Optical_A-F00281-D000""]"
Optical_A-T0001,Optical_A,6,6,3.1924521239296233,0.9608149918996131,0.27712421695108314,-0.006059679875674169,16.0889471198449,0.34719620692319136,"[""Optical_A-F00319-D000"", ""Optical_A-F00320-D002""]"
Optical_A-T0001,Optical_A,7,7,3.80499884172597,0.9593345119758969,0.2822049490850059,-0.006136843154007068,16.392164518828718,0.35161741931669854,"[""Optical_A-F00380-D000"", ""Optical_A-F00381-D000""]"
Optical_A-T0001,Optical_A,8,8,4.195002657125579,0.9583365496873736,0.28557447290458804,-0.006186918341700188,16.593517418285654,0.35448657069973727,"[""Optical_A-F00419-D000"", ""Optical_A-F00420-D000""]"
Optical_A-T0001,Optical_A,9,9,4.805001027658742,0.9567180661730283,0.2909489127380243,-0.006266740357049614,16.91511672748665,0.3590601239596752,"[""Optical_A-F00480-D000"", ""Optical_A-F00481-D000""]"
Optical_A-T0001,Optical_A,10,10,5.195000446714413,0.9556449704131474,0.2944533305268978,-0.00631875507297195,17.125112015862356,0.3620404066631385,"[""Optical_A-F00519-D000"", ""Optical_A-F00520-D000""]"
Optical_A-T0001,Optical_A,11,11,5.8,0.9539183045376606,0.2999981591096695,-0.006400999828519158,17.457861702943514,0.366752779348493,"[""Optical_A-F00580-D000""]"
Optical_A-T0001,Optical_A,12,12,6.2,0.9527336506160746,0.30373821849172555,-0.006456439517277661,17.68264893468603,0.3699293051733823,"[""Optical_A-F00620-D000""]"
Optical_A-T0001,Optical_A,13,13,6.7949983161264935,0.950904920523111,0.30941404916556886,-0.006540512510701792,18.024320700941118,0.3747464345842553,"[""Optical_A-F00679-D001"", ""Optical_A-F00680-D000""]"
Optical_A-T0001,Optical_A,14,14,7.20500332297072,0.9495965791360282,0.31340514083874005,-0.006599590063206381,18.26497223225976,0.3781314020650435,"[""Optical_A-F00720-D000"", ""Optical_A-F00721-D001""]"
Optical_A-T0001,Optical_A,15,15,7.795000677996663,0.9476414598595516,0.3192662793511354,-0.006686286304103476,18.618989876306305,0.3830988403739796,"[""Optical_A-F00779-D001"", ""Optical_A-F00780-D000""]"
Optical_A-T0001,Optical_A,16,16,8.205000804006575,0.9462303253148314,0.3234233133046645,-0.006747730405187546,18.87052508519237,0.3866194074643489,"[""Optical_A-F00820-D000"", ""Optical_A-F00821-D000""]"
Optical_A-T0001,Optical_A,17,17,8.790000000000001,0.9441386583337439,0.32947753681166964,-0.0068371467932830405,19.237534523910522,0.3917427073120064,"[""Optical_A-F00879-D000""]"
Optical_A-T0001,Optical_A,18,18,9.21,0.9425778516804021,0.3339151795368333,-0.006902636919493145,19.507067630536916,0.39549510369329055,"[""Optical_A-F00921-D000""]"
Optical_A-T0001,Optical_A,19,19,9.784998548825527,0.9403568286569456,0.34011779928032754,-0.006994098294911381,19.884558069786582,0.4007355810012015,"[""Optical_A-F00978-D001"", ""Optical_A-F00979-D000""]"
Optical_A-T0001,Optical_A,20,20,10.215002904249637,0.9386295656640933,0.3448545199618269,-0.0070638886693948095,20.17344058258663,0.4047343736954455,"[""Optical_A-F01021-D000"", ""Optical_A-F01022-D001""]"
Optical_A-T0001,Optical_A,21,21,10.785001394518707,0.936248069969246,0.3512667226671899,-0.007158283698852569,20.565363874031505,0.4101429472432732,"[""Optical_A-F01078-D001"", ""Optical_A-F01079-D000""]"
Optical_A-T0001,Optical_A,22,22,11.218702266391958,0.9343962373152285,0.3561620075754899,-0.007231600855958213,20.865249014911434,0.41434381964736167,"[""Optical_A-F01121-D000"", ""Optical_A-F01122-D001""]"
Optical_A-T0001,Optical_A,23,23,11.78,0.9318236118802959,0.3628374996440742,-0.007328382795412956,21.27515828044746,0.4198891632621603,"[""Optical_A-F01178-D000""]"
Optical_A-T0002,Optical_A,0,0,0.19500035309672203,0.9562506683951254,0.2925417892369966,-0.0019901617755495923,17.010225386328152,0.11402794555991982,"[""Optical_A-F00019-D000"", ""Optical_A-F00020-D000""]"
Optical_A-T0002,Optical_A,1,1,0.8,0.9542514843304496,0.2989983651304585,-0.002020470847821095,17.397489195392968,0.11576453097376373,"[""Optical_A-F00080-D000""]"
Optical_A-T0002,Optical_A,2,2,1.2,0.9528712218877496,0.3033682068855045,-0.0020409677167439744,17.66005622267324,0.11693891747778039,"[""Optical_A-F00120-D000""]"
Optical_A-T0002,Optical_A,3,3,1.7949993382955662,0.950726904225298,0.3100226761872652,-0.0020721563326710343,18.060637180092737,0.11872589731830044,"[""Optical_A-F00179-D000"", ""Optical_A-F00180-D000""]"
Optical_A-T0002,Optical_A,4,4,2.2050022169574826,0.9491828298541131,0.31471823917072744,-0.0020941450319175454,18.34384664905748,0.11998575971573337,"[""Optical_A-F00220-D000"", ""Optical_A-F00221-D000""]"
Optical_A-T0002,Optical_A,5,5,2.7950023744838406,0.9468601530822843,0.3216385057769577,-0.0021265245258475394,18.762087752536605,0.12184097219188346,"[""Optical_A-F00279-D000"", ""Optical_A-F00280-D000""]"
Optical_A-T0002,Optical_A,6,6,3.2080047128898093,0.9452053442495255,0.32646934903917446,-0.002149730232796961,19.05466456934752,0.12317056429991013,"[""Optical_A-F00320-D000"", ""Optical_A-F00321-D000""]"
Optical_A-T0002,Optical_A,7,7,3.79,0.942654206503861,0.3337638097386503,-0.002183178718821396,19.497431725922404,0.12508702587778736,"[""Optical_A-F00379-D000""]"
Optical_A-T0002,Optical_A,8,8,4.215003696322266,0.9407389191466773,0.339124475508745,-0.0022081923964822475,19.823591728458183,0.12652020749260579,"[""Optical_A-F00421-D000"", ""Optical_A-F00422-D000""]"
Optical_A-T0002,Optical_A,9,9,4.785001190446958,0.9380505923839595,0.34649106362899845,-0.0022425327975820765,20.27289564908932,0.12848777241444065,"[""Optical_A-F00478-D000"", ""Optical_A-F00479-D000""]"
Optical_A-T0002,Optical_A,10,10,5.215000437842564,0.9359269783098564,0.35218680077917713,-0.0022690589921227945,20.621183587885522,0.13000761527516394,"[""Optical_A-F00521-D000"", ""Optical_A-F00522-D000""]"
Optical_A-T0002,Optical_A,11,11,5.78,0.9330042471299889,0.3598579761219985,-0.0023047470103844145,21.091532803111704,0.13205239344787467,"[""Optical_A-F00578-D000""]"
Optical_A-T0002,Optical_A,12,12,6.222328842111725,0.9305445421963018,0.36617128553319056,-0.0023333751617968896,21.4797447813782,0.1336926701098732,"[""Optical_A-F00622-D000"", ""Optical_A-F00623-D000""]"
Optical_A-T0002,Optical_A,13,13,6.775000745438577,0.9274641002310055,0.3739047016998828,-0.0023699851082136223,21.9566977557993,0.13579027132816357,"[""Optical_A-F00677-D000"", ""Optical_A-F00678-D000""]"
Optical_A-T0002,Optical_A,14,14,7.225000778865147,0.924781180877738,0.3804917935459849,-0.0024005288034173945,22.36421672683824,0.13754030113250298,"[""Optical_A-F00722-D000"", ""Optical_A-F00723-D000""]"
Optical_A-T0002,Optical_A,15,15,7.7700000000000005,0.9213724900520073,0.38867311290083445,-0.002438418204325958,22.87203363150863,0.1397112102470723,"[""Optical_A-F00777-D000""]"
Optical_A-T0002,Optical_A,16,16,8.234056631258769,0.9182683765302269,0.39595085605858565,-0.0024714876116808224,23.325365175104654,0.14160595342921312,"[""Optical_A-F00823-D000"", ""Optical_A-F00824-D000""]"
Optical_A-T0002,Optical_A,17,17,8.765001138005765,0.9146640914477971,0.4042069996808944,-0.0025102240826575706,23.84152297741622,0.14382539661467666,"[""Optical_A-F00876-D000"", ""Optical_A-F00877-D000""]"
Optical_A-T0002,Optical_A,18,18,9.235000112038879,0.9112599885510306,0.411823693335905,-0.0025453630684490777,24.319531839158753,0.1458387186293165,"[""Optical_A-F00923-D000"", ""Optical_A-F00924-D000""]"
Optical_A-T0002,Optical_A,19,19,9.76,0.9072648667766857,0.4205517522308171,-0.0025855769708649817,24.869515587659954,0.14814281309802252,"[""Optical_A-F00976-D000""]"
Optical_A-T0002,Optical_A,20,20,10.245003141716724,0.9033830087975703,0.42882660353007157,-0.002623646453296218,25.393210088393214,0.15032404116845205,"[""Optical_A-F01024-D000"", ""Optical_A-F01025-D000""]"
Optical_A-T0002,Optical_A,21,21,10.755002540600254,0.899090998776091,0.4377536699262054,-0.002664654940153017,25.960743085511467,0.1526736626034711,"[""Optical_A-F01075-D000"", ""Optical_A-F01076-D000""]"
Optical_A-T0002,Optical_A,22,22,11.25,0.8947071200825326,0.44664510508343774,-0.0027054350159440954,26.528744919185456,0.1550101972572848,"[""Optical_A-F01125-D000""]"
Optical_A-T0002,Optical_A,23,23,11.74,0.890143343335749,0.45567234229190107,-0.002746777251189104,27.10831290707189,0.157378941654491,"[""Optical_A-F01174-D000""]"
Optical_A-T0003,Optical_A,0,0,0.19911569223627731,0.9549553851674888,0.29670360101636484,-0.005213970035860504,17.259962875382573,0.2987398311373675,"[""Optical_A-F00019-D002"", ""Optical_A-F00020-D002""]"
Optical_A-T0003,Optical_A,1,1,0.8,0.9542370332763471,0.29900467268827846,-0.005281101639917535,17.398081633939988,0.30258624168146214,"[""Optical_A-F00080-D002""]"
Optical_A-T0003,Optical_A,2,2,1.2,0.95375626934834,0.3005338657574655,-0.00532674493575095,17.48992728995622,0.30520144668122307,"[""Optical_A-F00120-D002""]"
Optical_A-T0003,Optical_A,3,3,1.8,0.9530145651996235,0.30287640111458813,-0.00539668094738704,17.63071379829155,0.30920854258310726,"[""Optical_A-F00180-D002""]"
Optical_A-T0003,Optical_A,4,4,2.2,0.9525058851661383,0.30447150631706904,-0.005444314914335144,17.726642726504615,0.3119378079466133,"[""Optical_A-F00220-D002""]"
Optical_A-T0003,Optical_A,5,5,2.8000000000000003,0.9517206218195257,0.30691597710779234,-0.005517336261697353,17.873752108717465,0.31612168580692135,"[""Optical_A-F00280-D002""]"
Optical_A-T0003,Optical_A,6,6,3.21,0.951167907486999,0.30862372759428547,-0.00556835097780757,17.976597707916874,0.3190446586351724,"[""Optical_A-F00321-D002""]"
Optical_A-T0003,Optical_A,7,7,3.794998751159639,0.9503561655360373,0.3111130307812737,-0.005642756926394367,18.126618307014663,0.3233078724412263,"[""Optical_A-F00379-D002"", ""Optical_A-F00380-D001""]"
Optical_A-T0003,Optical_A,8,8,4.205003143383665,0.9497701253921168,0.3128965701080122,-0.0056960799928242175,18.234184473478756,0.32636310820026976,"[""Optical_A-F00420-D001"", ""Optical_A-F00421-D002""]"
Optical_A-T0003,Optical_A,9,9,4.7949998704610595,0.9489010230801196,0.31552100213451123,-0.005774565744383241,18.392586719362463,0.3308600844798847,"[""Optical_A-F00479-D002"", ""Optical_A-F00480-D001""]"
Optical_A-T0003,Optical_A,10,10,5.205002088480461,0.9482783964476589,0.31738634131671734,-0.0058303667333041926,18.50526124853311,0.33405729946147866,"[""Optical_A-F00520-D001"", ""Optical_A-F00521-D002""]"
Optical_A-T0003,Optical_A,11,11,5.795001203150646,0.9473543431364777,0.3201324575464374,-0.005912543084951068,18.671273967182795,0.33876573874797933,"[""Optical_A-F00579-D001"", ""Optical_A-F00580-D001""]"
Optical_A-T0003,Optical_A,12,12,6.205001007144235,0.9466918706655278,0.3220851583445575,-0.005970995726418667,18.789420888905866,0.3421148875266814,"[""Optical_A-F00620-D001"", ""Optical_A-F00621-D001""]"
Optical_A-T0003,Optical_A,13,13,6.795002296392772,0.9457078886034741,0.32496138340175856,-0.006057122317916649,18.96359659435128,0.3470496669684822,"[""Optical_A-F00679-D002"", ""Optical_A-F00680-D001""]"
Optical_A-T0003,Optical_A,14,14,7.21,0.9449931046631939,0.3270330073638754,-0.0061191693519129595,19.089160941852384,0.35060476603475366,"[""Optical_A-F00721-D002""]"
Optical_A-T0003,Optical_A,15,15,7.79,0.943961427233593,0.3299974010225488,-0.006207995931164102,19.269003715933547,0.3556942508111497,"[""Optical_A-F00779-D002""]"
Optical_A-T0003,Optical_A,16,16,8.21,0.9431894315622041,0.33219622859886094,-0.0062739058057567935,19.402529115893465,0.3594706819999396,"[""Optical_A-F00821-D001""]"
Optical_A-T0003,Optical_A,17,17,8.790000000000001,0.942087241565893,0.33530745297787085,-0.0063672016035288236,19.591648456753784,0.364816244237588,"[""Optical_A-F00879-D001""]"
Optical_A-T0003,Optical_A,18,18,9.21464727802187,0.9412347199365795,0.33769181782024893,-0.006437248104950682,19.73673529652974,0.3688296953930186,"[""Optical_A-F00921-D001"", ""Optical_A-F00922-D001""]"
Optical_A-T0003,Optical_A,19,19,9.784998971356554,0.9400924572180717,0.34085698260418396,-0.006533704283117465,19.929538096096334,0.3743563435425854,"[""Optical_A-F00978-D002"", ""Optical_A-F00979-D001""]"
Optical_A-T0003,Optical_A,20,20,10.215003318385715,0.9391871505893369,0.3433421418776587,-0.006608311338295486,20.08108410745762,0.37863110521631027,"[""Optical_A-F01021-D001"", ""Optical_A-F01022-D002""]"
Optical_A-T0003,Optical_A,21,21,10.785000395578155,0.9379442028759115,0.34672128702402655,-0.006709799987593532,20.287381771720643,0.3844461054208389,"[""Optical_A-F01078-D002"", ""Optical_A-F01079-D001""]"
Optical_A-T0003,Optical_A,22,22,11.215001764730616,0.9369726166784225,0.3493368480256903,-0.006788387604264741,20.447251355859205,0.38894894673323005,"[""Optical_A-F01121-D001"", ""Optical_A-F01122-D002""]"
Optical_A-T0003,Optical_A,23,23,11.785001998245189,0.9356373397055634,0.3528954839461163,-0.006895357795824941,20.665032209920557,0.3950780307028923,"[""Optical_A-F01178-D001"", ""Optical_A-F01179-D000""]"
Optical_A-T0004,Optical_A,0,0,0.19500281615838277,0.9598752586390787,0.28042500131875325,0.0011430170334719423,16.285582679280964,-0.06549006618984139,"[""Optical_A-F00019-D003"", ""Optical_A-F00020-D003""]"
Optical_A-T0004,Optical_A,1,1,0.8050004055486694,0.9585075430490527,0.2850648238082631,0.0011559174850685023,16.562734838869027,-0.06622920810844722,"[""Optical_A-F00080-D003"", ""Optical_A-F00081-D000""]"
Optical_A-T0004,Optical_A,2,2,1.1950009624455167,0.9576047437602437,0.2880829726237626,0.0011643075772685705,16.743232826450047,-0.06670992530472757,"[""Optical_A-F00119-D000"", ""Optical_A-F00120-D003""]"
Optical_A-T0004,Optical_A,3,3,1.805002314779382,0.9561465107093645,0.2928864339634012,0.0011776495698606123,17.030854055433217,-0.06747436569464904,"[""Optical_A-F00180-D003"", ""Optical_A-F00181-D001""]"
Optical_A-T0004,Optical_A,4,4,2.195904589032729,0.9552052619568647,0.29594171741540964,0.0011863486566553753,17.214027947199504,-0.06797278700178633,"[""Optical_A-F00219-D001"", ""Optical_A-F00220-D003""]"
Optical_A-T0004,Optical_A,5,5,2.8000000000000003,0.9536406292685495,0.3009453607847558,0.0012000126741301001,17.51440554261587,-0.06875567809158058,"[""Optical_A-F00280-D003""]"
Optical_A-T0004,Optical_A,6,6,3.2,0.9525864370624791,0.30426570249512436,0.0012092186567792317,17.714005652992157,-0.06928314242634993,"[""Optical_A-F00320-D003""]"
Optical_A-T0004,Optical_A,7,7,3.79,0.9509797885116841,0.30925062009787685,0.0012230336673293434,18.01408912623836,-0.07007468481013741,"[""Optical_A-F00379-D003""]"
Optical_A-T0004,Optical_A,8,8,4.205002329112373,0.9498116595259543,0.31281990241144086,0.001232916805526698,18.229267691549033,-0.07064094734413305,"[""Optical_A-F00420-D002"", ""Optical_A-F00421-D003""]"
Optical_A-T0004,Optical_A,9,9,4.79500125278725,0.9480942198299505,0.31798709844383377,0.0012472162238970634,18.54125167003493,-0.07146024429619713,"[""Optical_A-F00479-D003"", ""Optical_A-F00480-D002""]"
Optical_A-T0004,Optical_A,10,10,5.205000124837953,0.9468601013913391,0.3216432301701115,0.0012573300758227893,18.762345009390533,-0.0720397257805321,"[""Optical_A-F00520-D002"", ""Optical_A-F00521-D003""]"
Optical_A-T0004,Optical_A,11,11,5.79,0.9450389435289983,0.32695531376773423,0.0012720112566963933,19.084095280941064,-0.07288089615554616,"[""Optical_A-F00579-D002""]"
Optical_A-T0004,Optical_A,12,12,6.21,0.9436861816949782,0.3308394551055073,0.0012827405987655307,19.319751435731927,-0.07349564267460068,"[""Optical_A-F00621-D002""]"
Optical_A-T0004,Optical_A,13,13,6.79,0.941753075706244,0.33630263166096586,0.0012978196092856106,19.65178701202855,-0.0743596070558169,"[""Optical_A-F00679-D003""]"
Optical_A-T0004,Optical_A,14,14,7.215002844709765,0.940286723106516,0.3403809111763081,0.001309066994643945,19.900100700728856,-0.07500403531484066,"[""Optical_A-F00721-D003"", ""Optical_A-F00722-D002""]"
Optical_A-T0004,Optical_A,15,15,7.79,0.9382332315774127,0.346000937450309,0.0013245555151128541,20.242927217749735,-0.0758914629380165,"[""Optical_A-F00779-D003""]"
Optical_A-T0004,Optical_A,16,16,8.215000400116883,0.9366615216733304,0.35023336270649436,0.001336212521413448,20.501608406403985,-0.07655936079186541,"[""Optical_A-F00821-D002"", ""Optical_A-F00822-D001""]"
Optical_A-T0004,Optical_A,17,17,8.781438244120046,0.9345249975876292,0.3558949295810164,0.0013520289808767196,20.848322455693577,-0.07746557798457389,"[""Optical_A-F00878-D001"", ""Optical_A-F00879-D002""]"
Optical_A-T0004,Optical_A,18,18,9.22,0.9327531281994045,0.3605131620339481,0.0013644905677928651,21.13173501493842,-0.07817957497952507,"[""Optical_A-F00922-D002""]"
Optical_A-T0004,Optical_A,19,19,9.777327504622527,0.9304145392338118,0.36650631516949556,0.0013806242110552605,21.50033486084675,-0.07910396551737647,"[""Optical_A-F00977-D001"", ""Optical_A-F00978-D003""]"
Optical_A-T0004,Optical_A,20,20,10.225002525846099,0.9285560675607322,0.3711895562612803,0.0013938144434801584,21.78902126293172,-0.07985971089329524,"[""Optical_A-F01022-D003"", ""Optical_A-F01023-D001""]"
Optical_A-T0004,Optical_A,21,21,10.775001434402155,0.926127988143202,0.37720678756097403,0.0014103176079709547,22.160794819982407,-0.0808052734966276,"[""Optical_A-F01077-D001"", ""Optical_A-F01078-D003""]"
Optical_A-T0004,Optical_A,22,22,11.224999741416436,0.9240683359873728,0.3822246491930669,0.001424069789317102,22.47157482649189,-0.08159321623813404,"[""Optical_A-F01122-D003"", ""Optical_A-F01123-D001""]"
Optical_A-T0004,Optical_A,23,23,11.77,0.9214818331000315,0.3884187877845633,0.0014410283050827373,22.856172556462198,-0.0825648686153341,"[""Optical_A-F01177-D001""]"
Optical_A-T0005,Optical_A,0,0,0.20500318843378978,0.9506216482157464,0.3103511077896684,-0.0008196568205160807,18.080397427226355,0.04696288172325376,"[""Optical_A-F00020-D001"", ""Optical_A-F00021-D000""]"
Optical_A-T0005,Optical_A,1,1,0.7950002789014379,0.9496722211434516,0.3132442812080896,-0.0008322733267102598,18.25486168986682,0.04768575452696425,"[""Optical_A-F00079-D000"", ""Optical_A-F00080-D001""]"
Optical_A-T0005,Optical_A,2,2,1.205001890955637,0.948989680562824,0.3153060076384431,-0.0008412683136764877,18.379294915145188,0.048201129497335064,"[""Optical_A-F00120-D001"", ""Optical_A-F00121-D000""]"
Optical_A-T0005,Optical_A,3,3,1.7950016237722217,0.9479730057590123,0.3183495721627627,-0.0008545501796248434,18.56315035729727,0.04896212463379878,"[""Optical_A-F00179-D001"", ""Optical_A-F00180-D001""]"
Optical_A-T0005,Optical_A,4,4,2.2050006321803526,0.9472414393771134,0.32051974820536416,-0.0008640238100587855,18.69436719453197,0.04950492387472688,"[""Optical_A-F00220-D001"", ""Optical_A-F00221-D001""]"
Optical_A-T0005,Optical_A,5,5,2.7950030539359916,0.9461506605456194,0.32372543400970955,-0.0008780229571892227,18.88838122531573,0.05030701622635663,"[""Optical_A-F00279-D001"", ""Optical_A-F00280-D001""]"
Optical_A-T0005,Optical_A,6,6,3.2064637400098945,0.9454090000443701,0.3258850011794258,-0.0008880548348357108,19.01920892065596,0.05088180070019079,"[""Optical_A-F00320-D001"", ""Optical_A-F00321-D001""]"
Optical_A-T0005,Optical_A,7,7,3.79,0.9442024156153781,0.3293645146961551,-0.0009026655255967511,19.23021681133153,0.051718931952128136,"[""Optical_A-F00379-D001""]"
Optical_A-T0005,Optical_A,8,8,4.21,0.9433362730042687,0.33183707085761566,-0.0009134763564340064,19.380324608791405,0.0523383471875185,"[""Optical_A-F00421-D001""]"
Optical_A-T0005,Optical_A,9,9,4.79,0.9420943442859994,0.33534666204422253,-0.0009288272879625654,19.59362845459994,0.05321789114886358,"[""Optical_A-F00479-D001""]"
Optical_A-T0005,Optical_A,10,10,5.215003795622048,0.9411487532219396,0.3379913311822637,-0.000940401206983079,19.754551374289758,0.0538810281507953,"[""Optical_A-F00521-D001"", ""Optical_A-F00522-D001""]"
Optical_A-T0005,Optical_A,11,11,5.785000183216053,0.9398308971115594,0.34163865442048813,-0.0009563682553173989,19.97675075954472,0.05479587304306415,"[""Optical_A-F00578-D001"", ""Optical_A-F00579-D000""]"
Optical_A-T0005,Optical_A,12,12,6.215002223002001,0.9387969920064194,0.3444695476935969,-0.0009687680154313025,20.149428222253174,0.055506327293701335,"[""Optical_A-F00621-D000"", ""Optical_A-F00622-D001""]"
Optical_A-T0005,Optical_A,13,13,6.7850019611841486,0.9373706473028159,0.34833216616042795,-0.0009856942142098687,20.3853471742604,0.05647612750999457,"[""Optical_A-F00678-D001"", ""Optical_A-F00679-D000""]"
Optical_A-T0005,Optical_A,14,14,7.215000532901755,0.9362502499372523,0.35133242349108224,-0.000998847493649068,20.56884448412478,0.05722975527963391,"[""Optical_A-F00721-D000"", ""Optical_A-F00722-D001""]"
Optical_A-T0005,Optical_A,15,15,7.7836236234617795,0.934764546291019,0.35526639182248304,-0.0010167786284697618,20.809783055254293,0.05825713414850141,"[""Optical_A-F00778-D000"", ""Optical_A-F00779-D000""]"
Optical_A-T0005,Optical_A,16,16,8.22,0.9334708836079889,0.35865170649934974,-0.0010309613110423056,21.017427471909194,0.0590697424280214,"[""Optical_A-F00822-D000""]"
Optical_A-T0005,Optical_A,17,17,8.78,0.9318168052038449,0.3629274577550749,-0.001049736699521176,21.280102744322345,0.0601454935287519,"[""Optical_A-F00878-D000""]"
Optical_A-T0005,Optical_A,18,18,9.223272584471841,0.9303817965016289,0.36659047770701875,-0.0010650788427955006,21.505509048124033,0.061024534078497034,"[""Optical_A-F00922-D000"", ""Optical_A-F00923-D001""]"
Optical_A-T0005,Optical_A,19,19,9.77500040912425,0.9286718321378526,0.37090086471392986,-0.0010847802464937295,21.771200133780695,0.06215334201306126,"[""Optical_A-F00977-D000"", ""Optical_A-F00978-D000""]"
Optical_A-T0005,Optical_A,20,20,10.225002253320035,0.9271557100594887,0.3746746271989753,-0.0011013797683611878,22.004218286484342,0.06310442512620125,"[""Optical_A-F01022-D000"", ""Optical_A-F01023-D000""]"
Optical_A-T0005,Optical_A,21,21,10.775002606264085,0.9252165445191337,0.3794378553722274,-0.001122345133516838,22.29888127616264,0.0643056528080946,"[""Optical_A-F01077-D000"", ""Optical_A-F01078-D000""]"
Optical_A-T0005,Optical_A,22,22,11.224999964262391,0.9235551085944923,0.38346402909773275,-0.0011400776941837764,22.54843382138555,0.0653216543443411,"[""Optical_A-F01122-D000"", ""Optical_A-F01123-D000""]"
Optical_A-T0005,Optical_A,23,23,11.77,0.9214464542789508,0.388503643452724,-0.001162291146117021,22.861440038974177,0.06659439223189158,"[""Optical_A-F01177-D000""]"
Optical_A-T0006,Optical_A,0,0,0.21,0.9439501080309324,0.3300676557405761,-0.003679155108410646,19.27301756463338,0.21080053546016403,"[""Optical_A-F00021-D001""]"
Optical_A-T0006,Optical_A,1,1,0.79,0.9421426509359678,0.3351915697938878,-0.0037197884961991307,19.584328650612076,0.21312867301952926,"[""Optical_A-F00079-D001""]"
Optical_A-T0006,Optical_A,2,2,1.2150035845759617,0.9407744535603212,0.33901233684050064,-0.0037500664290076374,19.816856901079106,0.21486348288196985,"[""Optical_A-F00121-D001"", ""Optical_A-F00122-D003""]"
Optical_A-T0006,Optical_A,3,3,1.7849999453815228,0.938879248872375,0.34422577135149485,-0.003791355208016243,20.13469212281334,0.21722917247863407,"[""Optical_A-F00178-D001"", ""Optical_A-F00179-D002""]"
Optical_A-T0006,Optical_A,4,4,2.2150011934307416,0.9374020496007669,0.34822806012315916,-0.0038230285302141317,20.379129137182243,0.2190439333160706,"[""Optical_A-F00221-D002"", ""Optical_A-F00222-D001""]"
Optical_A-T0006,Optical_A,5,5,2.785002315856792,0.935378364011246,0.3536274484201817,-0.0038657293589850765,20.70950914617092,0.22149052866603072,"[""Optical_A-F00278-D000"", ""Optical_A-F00279-D002""]"
Optical_A-T0006,Optical_A,6,6,3.22,0.9337817419458228,0.35782182326203366,-0.00389887240864175,20.96665372629469,0.2233894998425853,"[""Optical_A-F00322-D000""]"
Optical_A-T0006,Optical_A,7,7,3.7800000000000002,0.9316571611251813,0.36331720666349904,-0.003942266657697191,21.304230989390483,0.22587582627736466,"[""Optical_A-F00378-D000""]"
Optical_A-T0006,Optical_A,8,8,4.225003799091798,0.9299110863920103,0.36776290206966755,-0.00397734415499907,21.577894884365488,0.22788563458576502,"[""Optical_A-F00422-D001"", ""Optical_A-F00423-D002""]"
Optical_A-T0006,Optical_A,9,9,4.774999936885504,0.9276795734956821,0.37335564407615096,-0.004021436975997419,21.922904466607,0.23041198734074558,"[""Optical_A-F00477-D002"", ""Optical_A-F00478-D001""]"
Optical_A-T0006,Optical_A,10,10,5.225001180163748,0.9257909241851225,0.3780141481966974,-0.004058134988160437,22.21092119462856,0.2325146457119507,"[""Optical_A-F00522-D002"", ""Optical_A-F00523-D001""]"
Optical_A-T0006,Optical_A,11,11,5.775002641309587,0.9234025411314603,0.3838110292475152,-0.004103761679835475,22.570147852777048,0.23512888434733975,"[""Optical_A-F00577-D001"", ""Optical_A-F00578-D002""]"
Optical_A-T0006,Optical_A,12,12,6.23,0.9213574502166866,0.38869434186526153,-0.004142165150860813,22.873489268425267,0.23732925985786094,"[""Optical_A-F00623-D002""]"
Optical_A-T0006,Optical_A,13,13,6.7700000000000005,0.9188456701629762,0.39459484368361303,-0.004188527313516201,23.240923735129925,0.23998563915168702,"[""Optical_A-F00677-D001""]"
Optical_A-T0006,Optical_A,14,14,7.235003069561043,0.9166060828288773,0.3997691874461287,-0.004229147640262491,23.563973539255276,0.24231303305103505,"[""Optical_A-F00723-D001"", ""Optical_A-F00724-D002""]"
Optical_A-T0006,Optical_A,15,15,7.765000779129367,0.9139633558125233,0.4057741957889508,-0.004276244116197596,23.93988391414133,0.245011486753753,"[""Optical_A-F00776-D000"", ""Optical_A-F00777-D001""]"
Optical_A-T0006,Optical_A,16,16,8.235000138491149,0.9115362024620386,0.41119715480198415,-0.004318736370564949,24.2803014425828,0.24744613607335164,"[""Optical_A-F00823-D001"", ""Optical_A-F00824-D002""]"
Optical_A-T0006,Optical_A,17,17,8.76,0.9087281605757964,0.4173656182488026,-0.004367021905639845,24.66863025183544,0.2502127195347768,"[""Optical_A-F00876-D002""]"
Optical_A-T0006,Optical_A,18,18,9.24,0.9060677034105075,0.4231097394608817,-0.004411939454881403,25.031335013672972,0.25278633032630016,"[""Optical_A-F00924-D002""]"
Optical_A-T0006,Optical_A,19,19,9.754999655572984,0.9031102042904676,0.4293856759030964,-0.004460968019494285,25.42885096718631,0.2555954877997099,"[""Optical_A-F00975-D002"", ""Optical_A-F00976-D001""]"
Optical_A-T0006,Optical_A,20,20,10.245001137752954,0.9001930042046562,0.4354678280311653,-0.0045084288632827865,25.815347922245188,0.25831482118763727,"[""Optical_A-F01024-D001"", ""Optical_A-F01025-D002""]"
Optical_A-T0006,Optical_A,21,21,10.753315373351686,0.8971200094595434,0.44176340770763767,-0.0045585346158809326,26.21674086354845,0.2611856988430839,"[""Optical_A-F01075-D002"", ""Optical_A-F01076-D001""]"
Optical_A-T0006,Optical_A,22,22,11.25,0.8938768681972057,0.44828886665591006,-0.004608311438614606,26.634257415202867,0.26403773066115543,"[""Optical_A-F01125-D002""]"
Optical_A-T0006,Optical_A,23,23,11.74499903349399,0.8905921670033962,0.45477894386120044,-0.004658786610913556,27.05102950425455,0.2669297760503388,"[""Optical_A-F01174-D003"", ""Optical_A-F01175-D001""]"
Optical_A-T0007,Optical_A,0,0,0.22500306595910807,0.9264786844213364,0.37620524648133746,0.010337302976395978,22.100067130658076,-0.5922943811613407,"[""Optical_A-F00022-D000"", ""Optical_A-F00023-D000""]"
Optical_A-T0007,Optical_A,1,1,0.7750011110045836,0.9248414230653961,0.38020791361037215,0.010501647985959794,22.34786078438465,-0.6017111677867903,"[""Optical_A-F00077-D000"", ""Optical_A-F00078-D000""]"
Optical_A-T0007,Optical_A,2,2,1.2250012756804305,0.9234492060869648,0.3835731433988,0.010639898520092865,22.556534927126688,-0.6096327825122748,"[""Optical_A-F00122-D000"", ""Optical_A-F00123-D000""]"
Optical_A-T0007,Optical_A,3,3,1.77,0.9216959469292507,0.3877624017244892,0.010812086896035706,22.81674992889234,-0.6194990173034896,"[""Optical_A-F00177-D000""]"
Optical_A-T0007,Optical_A,4,4,2.23,0.9201560080484298,0.39139847152085133,0.010961630513728483,23.043008643008093,-0.6280677432719594,"[""Optical_A-F00223-D000""]"
Optical_A-T0007,Optical_A,5,5,2.7662601751896245,0.9182250680226072,0.3959022613809045,0.011141090088698197,23.323790875910934,-0.6383506474826451,"[""Optical_A-F00276-D000"", ""Optical_A-F00277-D000""]"
Optical_A-T0007,Optical_A,6,6,3.2350045783850367,0.9165850133887733,0.39968007943843026,0.011302536493739296,23.55977608691106,-0.6476014276086275,"[""Optical_A-F00323-D000"", ""Optical_A-F00324-D000""]"
Optical_A-T0007,Optical_A,7,7,3.7650000483885715,0.9145789256916121,0.40424417737497104,0.011490593509897803,23.845443981439125,-0.6583770007557888,"[""Optical_A-F00376-D000"", ""Optical_A-F00377-D000""]"
Optical_A-T0007,Optical_A,8,8,4.23500234129626,0.912723326598449,0.4084117003157262,0.011662423773747798,24.106842857970516,-0.6682228094469816,"[""Optical_A-F00423-D000"", ""Optical_A-F00424-D000""]"
Optical_A-T0007,Optical_A,9,9,4.7700000000000005,0.9106909491920357,0.41291795325314934,0.011864187327375715,24.390096756990182,-0.6797838094554692,"[""Optical_A-F00477-D000""]"
Optical_A-T0007,Optical_A,10,10,5.24,0.9084943594415985,0.4177234429356644,0.012046745816803355,24.692853798573093,-0.6902443880370911,"[""Optical_A-F00524-D000""]"
Optical_A-T0007,Optical_A,11,11,5.76,0.906155083292747,0.42276799260538833,0.012255180583140318,25.011473633357774,-0.7021877021968965,"[""Optical_A-F00576-D000""]"
Optical_A-T0007,Optical_A,12,12,6.25,0.9038486622080739,0.42767089679087156,0.012457923694058069,25.3219437914063,-0.713804913714973,"[""Optical_A-F00625-D000""]"
Optical_A-T0007,Optical_A,13,13,6.755000136903079,0.9013610483070565,0.43288294061397464,0.012673607229293055,25.652868346190896,-0.7261636457692756,"[""Optical_A-F00675-D000"", ""Optical_A-F00676-D000""]"
Optical_A-T0007,Optical_A,14,14,7.245002194245508,0.8988334306645304,0.4381008094968004,0.0128897105506337,25.985087963059936,-0.738546465581893,"[""Optical_A-F00724-D000"", ""Optical_A-F00725-D000""]"
Optical_A-T0007,Optical_A,15,15,7.75,0.8961034463120903,0.4436513096451112,0.013119792596400311,26.339523619097672,-0.7517303106717247,"[""Optical_A-F00775-D000""]"
Optical_A-T0007,Optical_A,16,16,8.25,0.8932671247934573,0.4493278086930172,0.013355302256456987,26.703135404863723,-0.7652252026834658,"[""Optical_A-F00825-D000""]"
Optical_A-T0007,Optical_A,17,17,8.744998753095876,0.8903198648963414,0.4551325926995755,0.01359636839464177,27.076173154920014,-0.7790385293125826,"[""Optical_A-F00874-D000"", ""Optical_A-F00875-D000""]"
Optical_A-T0007,Optical_A,18,18,9.255003529159282,0.8871281182324539,0.46131527844301,0.013853364804031898,27.47487173460423,-0.7937647260278228,"[""Optical_A-F00925-D000"", ""Optical_A-F00926-D000""]"
Optical_A-T0007,Optical_A,19,19,9.745002108114504,0.8839031565133033,0.46745710851000194,0.014108919493965519,27.872374162623142,-0.8084083625185308,"[""Optical_A-F00974-D000"", ""Optical_A-F00975-D000""]"
Optical_A-T0007,Optical_A,20,20,10.26,0.8803345944091145,0.47413501633004124,0.014387083660401801,28.30623976423361,-0.8243476132788217,"[""Optical_A-F01026-D000""]"
Optical_A-T0007,Optical_A,21,21,10.736221845307924,0.8767589971250088,0.4807067036237525,0.014653533755877484,28.73494094029909,-0.8396156888861659,"[""Optical_A-F01073-D000"", ""Optical_A-F01074-D000""]"
Optical_A-T0007,Optical_A,22,22,11.265003992978501,0.8727900385313817,0.487866524656444,0.014960038771102507,29.20403461502282,-0.8571790581371049,"[""Optical_A-F01126-D000"", ""Optical_A-F01127-D000""]"
Optical_A-T0007,Optical_A,23,23,11.73500221474723,0.8689724006993759,0.49462574878145915,0.015242554416639697,29.648863567493805,-0.8733678583530688,"[""Optical_A-F01173-D000"", ""Optical_A-F01174-D001""]"
Optical_A-T0008,Optical_A,0,0,0.2250005721924659,0.9239817323298696,0.3824024887986598,0.0051083149163119995,22.482887349810433,-0.29268615807290493,"[""Optical_A-F00022-D001"", ""Optical_A-F00023-D001""]"
Optical_A-T0008,Optical_A,1,1,0.7750021119503616,0.9253261043276687,0.3791721040154534,-0.00034086107806705534,22.282411667796545,0.01952990155170597,"[""Optical_A-F00077-D002"", ""Optical_A-F00078-D001""]"
Optical_A-T0008,Optical_A,2,2,1.2250018728926044,0.9280542081895364,0.3724449863266291,0.0003447054536672127,21.866486530065036,-0.0197501680613989,"[""Optical_A-F00122-D005"", ""Optical_A-F00123-D005""]"
Optical_A-T0009,Optical_A,0,0,0.2250022226767319,0.9280253636960013,0.37251686019235053,-0.000336465952792264,21.870923849815206,0.019278079408587837,"[""Optical_A-F00022-D002"", ""Optical_A-F00023-D002""]"
Optical_A-T0009,Optical_A,1,1,0.7749991293413281,0.9297145064116872,0.3682808977966692,0.00034188558355410727,21.60963612947692,-0.01958860139562236,"[""Optical_A-F00077-D005"", ""Optical_A-F00078-D004""]"
Optical_A-T0010,Optical_A,0,0,0.22500271417517542,0.9283468752515908,0.37170627196623696,-0.0025547194698076875,21.820960903678433,0.1463748026815998,"[""Optical_A-F00022-D003"", ""Optical_A-F00023-D003""]"
Optical_A-T0010,Optical_A,1,1,0.7750007854883063,0.9269945258185297,0.37506591963086244,-0.0025894080278503835,22.02846484887145,0.1483623172291645,"[""Optical_A-F00077-D003"", ""Optical_A-F00078-D002""]"
Optical_A-T0010,Optical_A,2,2,1.2250011349812302,0.9258510665643325,0.3778795392123191,-0.0026184702353487434,22.20247830826799,0.15002746470748754,"[""Optical_A-F00122-D002"", ""Optical_A-F00123-D003""]"
Optical_A-T0010,Optical_A,3,3,1.7750014021660747,0.9259613990695512,0.37761801623591096,0.00034820570725021627,22.18621634986839,-0.01995071783096679,"[""Optical_A-F00177-D005"", ""Optical_A-F00178-D003""]"
Optical_A-T0010,Optical_A,4,4,2.2249994707594603,0.924195254076081,0.381920160585803,0.0003511144574190456,22.452674102573553,-0.02011737694948679,"[""Optical_A-F00222-D003"", ""Optical_A-F00223-D005""]"
Optical_A-T0010,Optical_A,5,5,2.77,0.9219887718207989,0.3872164495851185,0.00035469292403567907,22.78141078087852,-0.020322407996515843,"[""Optical_A-F00277-D003""]"
Optical_A-T0010,Optical_A,6,6,3.23,0.9200669861054952,0.3917609131661482,0.00035776245799501514,23.064114578927935,-0.020498279348616824,"[""Optical_A-F00323-D003""]"
Optical_A-T0010,Optical_A,7,7,3.7649990636694626,0.9177606609119356,0.3971337793266117,0.0003613865647475762,23.39912064744326,-0.020705925383467227,"[""Optical_A-F00376-D005"", ""Optical_A-F00377-D002""]"
Optical_A-T0010,Optical_A,8,8,4.2350017611336686,0.9156691224296009,0.40193273725849626,0.000364621581338626,23.69906061461005,-0.02089127819300141,"[""Optical_A-F00423-D003"", ""Optical_A-F00424-D005""]"
Optical_A-T0010,Optical_A,9,9,4.765001749763732,0.9132343094124111,0.40743460879865306,0.0003683274700407838,24.043784227399385,-0.02110360998923885,"[""Optical_A-F00476-D003"", ""Optical_A-F00477-D003""]"
Optical_A-T0010,Optical_A,10,10,5.234999085455675,0.9110050072749101,0.4123951243473289,0.0003716646235451205,24.35538362231933,-0.021294814813712412,"[""Optical_A-F00523-D002"", ""Optical_A-F00524-D004""]"
Optical_A-T0010,Optical_A,11,11,5.76,0.9084338142280214,0.4180285447219171,0.00037545280000617765,24.710185564660957,-0.021511861352125922,"[""Optical_A-F00576-D003""]"
Optical_A-T0011,Optical_A,0,0,0.22,0.9395148870636642,0.3425080648094994,5.026134117837932e-05,20.02975282482861,-0.002879762723400704,"[""Optical_A-F00022-D004""]"
Optical_A-T0011,Optical_A,1,1,0.7850006027557286,0.9386344334035196,0.34491360925189135,5.0814244046466146e-05,20.1765222724562,-0.002911441724263213,"[""Optical_A-F00078-D003"", ""Optical_A-F00079-D002""]"
Optical_A-T0011,Optical_A,2,2,1.2150009636905867,0.9379469735904327,0.34677870768955027,5.124171744044204e-05,20.290412598452324,-0.0029359341456240526,"[""Optical_A-F00121-D002"", ""Optical_A-F00122-D004""]"
Optical_A-T0011,Optical_A,3,3,1.78,0.9370199917880433,0.34927572532997353,5.18146333048784e-05,20.44302167457399,-0.002968759806715924,"[""Optical_A-F00178-D002""]"
Optical_A-T0011,Optical_A,4,4,2.214999872442143,0.9362875895913688,0.3512343190031269,5.2264655519288854e-05,20.56283020142591,-0.0029945441803236887,"[""Optical_A-F00221-D003"", ""Optical_A-F00222-D002""]"
Optical_A-T0011,Optical_A,5,5,2.7850029794375546,0.9353018900774156,0.35385077592519926,5.286537996319088e-05,20.72302755615357,-0.0030289631556571694,"[""Optical_A-F00278-D001"", ""Optical_A-F00279-D003""]"
Optical_A-T0011,Optical_A,6,6,3.2176465115018384,0.9345723788398687,0.3557730538775901,5.3331065953270306e-05,20.840830530671337,-0.0030556449975047057,"[""Optical_A-F00321-D003"", ""Optical_A-F00322-D001""]"
Optical_A-T0011,Optical_A,7,7,3.7800000000000002,0.9335073482689865,0.35855826279324465,5.394901088078984e-05,21.011680410413202,-0.003091050633874029,"[""Optical_A-F00378-D001""]"
Optical_A-T0011,Optical_A,8,8,4.22,0.932682353880647,0.36069879927145687,5.4440656338769155e-05,21.143117908668152,-0.003119219843674387,"[""Optical_A-F00422-D002""]"
Optical_A-T0011,Optical_A,9,9,4.78,0.9316030444271378,0.36347732333733357,5.5078269919007864e-05,21.313904618948673,-0.0031557524108370657,"[""Optical_A-F00478-D002""]"
Optical_A-T0011,Optical_A,10,10,5.22,0.9307310895268485,0.3657043011748527,5.5591170850714954e-05,21.450933059342223,-0.0031851394695772005,"[""Optical_A-F00522-D003""]"
Optical_A-T0011,Optical_A,11,11,5.774999278679109,0.9295999392755474,0.36857014221818274,5.625092921072784e-05,21.627461284568582,-0.003222940839163518,"[""Optical_A-F00577-D002"", ""Optical_A-F00578-D003""]"
Optical_A-T0011,Optical_A,12,12,6.225002296005778,0.9286562906411909,0.3709413573957247,5.679754509573593e-05,21.77368498259031,-0.0032542596224393217,"[""Optical_A-F00622-D002"", ""Optical_A-F00623-D003""]"
Optical_A-T0012,Optical_A,0,0,0.22,0.9317001842014759,0.3632280994116032,0.00033846236178895447,21.29857880625565,-0.01939246522479341,"[""Optical_A-F00022-D005""]"
Optical_A-T0013,Optical_A,0,0,0.2250010345967013,0.9261197059468746,0.3772171246289992,-0.003087255011268095,22.161522340122755,0.17688696341620613,"[""Optical_A-F00022-D006"", ""Optical_A-F00023-D005""]"
Optical_A-T0013,Optical_A,1,1,0.775002117653235,0.9241053219619373,0.382125162913249,-0.003116695388905028,22.465497480627256,0.17857378091764414,"[""Optical_A-F00077-D006"", ""Optical_A-F00078-D005""]"
Optical_A-T0013,Optical_A,2,2,1.23,0.9223894093184012,0.38624850694124147,-0.0031414109748220576,22.721389377806076,0.17998988661146278,"[""Optical_A-F00123-D006""]"
Optical_A-T0013,Optical_A,3,3,1.77,0.920292906334536,0.3912172161695627,-0.003171170583675253,23.030381837465175,0.18169499509208667,"[""Optical_A-F00177-D006""]"
Optical_A-T0013,Optical_A,4,4,2.2335656636489825,0.9183973587662838,0.3956463950625073,-0.0031971057467719472,23.306420312023256,0.1831809780115656,"[""Optical_A-F00223-D006"", ""Optical_A-F00224-D004""]"
Optical_A-T0013,Optical_A,5,5,2.764999450280227,0.9162510584113212,0.4005915410832277,-0.0032272546690036846,23.615294226308343,0.18490839292422204,"[""Optical_A-F00276-D004"", ""Optical_A-F00277-D004""]"
Optical_A-T0013,Optical_A,6,6,3.235001333036961,0.9142574338280652,0.40512066609588115,-0.003254318999486498,23.898823359557372,0.18645907297946643,"[""Optical_A-F00323-D004"", ""Optical_A-F00324-D004""]"
Optical_A-T0013,Optical_A,7,7,3.7650020025469937,0.9119412642173392,0.4103076132472471,-0.0032852897936988127,24.224299165849438,0.1882335782622653,"[""Optical_A-F00376-D006"", ""Optical_A-F00377-D003""]"
Optical_A-T0013,Optical_A,8,8,4.24,0.9098020542243908,0.41502920755808925,-0.003313457828802452,24.521299314593563,0.18984749657540795,"[""Optical_A-F00424-D006""]"
Optical_A-T0013,Optical_A,9,9,4.76,0.9073889917472564,0.4202785151674058,-0.003344748806452655,24.852321006880388,0.1916403474667229,"[""Optical_A-F00476-D004""]"
Optical_A-T0013,Optical_A,10,10,5.245003510998172,0.9050689464882625,0.42525147353765846,-0.0033743675965769286,25.16673516858091,0.19333738871215603,"[""Optical_A-F00524-D005"", ""Optical_A-F00525-D004""]"
Optical_A-T0013,Optical_A,11,11,5.754999878798605,0.9025544502903968,0.4305622645312041,-0.0034059686964421068,25.503406691507234,0.1951480087674529,"[""Optical_A-F00575-D002"", ""Optical_A-F00576-D004""]"
Optical_A-T0013,Optical_A,12,12,6.245000730615404,0.900063696102379,0.43574480089817674,-0.0034367788309228346,25.832860003211348,0.19691330977165802,"[""Optical_A-F00624-D002"", ""Optical_A-F00625-D003""]"
Optical_A-T0013,Optical_A,13,13,6.7550026409967785,0.8973905494240533,0.44122348717153326,-0.0034693187497768074,26.182140050091277,0.19877772090300014,"[""Optical_A-F00675-D004"", ""Optical_A-F00676-D004""]"
Optical_A-T0013,Optical_A,14,14,7.25,0.8947145381416117,0.44662471456800373,-0.0035013676030595923,26.527509794630785,0.20061399608763403,"[""Optical_A-F00725-D004""]"
Optical_A-T0013,Optical_A,15,15,7.748210455462823,0.891889441938007,0.45223968584990504,-0.003534105528947318,26.887652351649734,0.20248975267687977,"[""Optical_A-F00774-D002"", ""Optical_A-F00775-D004""]"
Optical_A-T0013,Optical_A,16,16,8.255002421705399,0.8890222731701406,0.4578500497578094,-0.003567876702948028,27.248649737419306,0.20442471061591558,"[""Optical_A-F00825-D004"", ""Optical_A-F00826-D003""]"
Optical_A-T0013,Optical_A,17,17,8.745001203578134,0.8861149004031152,0.46345163283943913,-0.0036010140286905847,27.610254624830603,0.2063233517225468,"[""Optical_A-F00874-D004"", ""Optical_A-F00875-D004""]"
Optical_A-T0013,Optical_A,18,18,9.255132694564876,0.8830009409679155,0.46935713229261783,-0.0036360164776745676,27.992776011613877,0.20832885745179403,"[""Optical_A-F00925-D004"", ""Optical_A-F00926-D003""]"
Optical_A-T0013,Optical_A,19,19,9.74,0.8799288477998128,0.4750913129714518,-0.0036697614031413546,28.3655038769316,0.21026231216078006,"[""Optical_A-F00974-D003""]"
Optical_A-T0013,Optical_A,20,20,10.265003495285956,0.8765049704185446,0.4813785373384521,-0.003706834428292159,28.775691412081482,0.21238645448380342,"[""Optical_A-F01026-D003"", ""Optical_A-F01027-D002""]"
Optical_A-T0013,Optical_A,21,21,10.735000187295459,0.8733413541252331,0.48709433158191484,-0.0037404966878718097,29.15000222457608,0.21431517325823232,"[""Optical_A-F01073-D001"", ""Optical_A-F01074-D004""]"
Optical_A-T0013,Optical_A,22,22,11.265000196600184,0.869658352370356,0.4936396148221722,-0.003778998636576655,29.58031716772558,0.21652118801402462,"[""Optical_A-F01126-D003"", ""Optical_A-F01127-D002""]"
Optical_A-T0013,Optical_A,23,23,11.73,0.8663228355993595,0.49946992261389317,-0.00381325624064576,29.965176722650586,0.21848401828632627,"[""Optical_A-F01173-D003""]"
Optical_A-T0014,Optical_A,0,0,0.23500322390897094,0.9164630593020776,0.4000655054710927,-0.0065614226228634205,23.58281200923446,0.3759445214686142,"[""Optical_A-F00023-D004"", ""Optical_A-F00024-D002""]"
Optical_A-T0014,Optical_A,1,1,0.7649997384774991,0.9151371819705475,0.4030879970377857,-0.006633612821906539,23.771921846892617,0.38008080521838017,"[""Optical_A-F00076-D001"", ""Optical_A-F00077-D004""]"
Optical_A-T0014,Optical_A,2,2,1.2350017452563367,0.913928139692531,0.4058207487068185,-0.006698910149186778,23.943140563212403,0.38382214961749145,"[""Optical_A-F00123-D004"", ""Optical_A-F00124-D002""]"
Optical_A-T0014,Optical_A,3,3,1.7650013550671781,0.912525805502398,0.4089630384749008,-0.006774027869477966,24.140300285441295,0.38812617561732243,"[""Optical_A-F00176-D001"", ""Optical_A-F00177-D004""]"
Optical_A-T0014,Optical_A,4,4,2.2350001812507774,0.9112463218753184,0.4118049635079091,-0.006841995246525867,24.31887638765638,0.3920205097178241,"[""Optical_A-F00223-D004"", ""Optical_A-F00224-D003""]"
Optical_A-T0014,Optical_A,5,5,2.7600000000000002,0.9097755803981814,0.41504278613857865,-0.00691946424791361,24.52263670800767,0.39645926161790446,"[""Optical_A-F00276-D003""]"
Optical_A-T0014,Optical_A,6,6,3.24,0.9083910962007012,0.4180630712437176,-0.006991766984022932,24.713005870415675,0.4006020034604757,"[""Optical_A-F00324-D003""]"
Optical_A-T0014,Optical_A,7,7,3.7600000000000002,0.9068465297684217,0.421401663665752,-0.007071725864836233,24.923777792555143,0.4051834231334848,"[""Optical_A-F00376-D004""]"
Optical_A-T0014,Optical_A,8,8,4.244455768276955,0.9053351225544838,0.4246377570956371,-0.007147805120767656,25.12842329157803,0.4095425535836259,"[""Optical_A-F00424-D004"", ""Optical_A-F00425-D003""]"
Optical_A-T0014,Optical_A,9,9,4.754998871921369,0.9037543791719868,0.42799036707022253,-0.00722964885406361,25.34080035047377,0.4142319752534404,"[""Optical_A-F00475-D003"", ""Optical_A-F00476-D002""]"
Optical_A-T0014,Optical_A,10,10,5.245002666757902,0.902161905854002,0.43133567103488196,-0.0073098918434477194,25.55308698000137,0.4188296813768769,"[""Optical_A-F00524-D003"", ""Optical_A-F00525-D003""]"
Optical_A-T0014,Optical_A,11,11,5.755000707239272,0.9004528679984612,0.43489072576143983,-0.007395211966808879,25.779097482965607,0.42371829649559023,"[""Optical_A-F00575-D001"", ""Optical_A-F00576-D002""]"
Optical_A-T0014,Optical_A,12,12,6.245000893166356,0.8987592157016011,0.4383787599816426,-0.007478969741903554,26.00126692654425,0.4285173962330314,"[""Optical_A-F00624-D001"", ""Optical_A-F00625-D002""]"
Optical_A-T0014,Optical_A,13,13,6.752817719790438,0.8970107057529609,0.44194402771644176,-0.007567703108868327,26.22879202303646,0.43360158754991934,"[""Optical_A-F00675-D002"", ""Optical_A-F00676-D002""]"
Optical_A-T0014,Optical_A,14,14,7.25,0.895117982992157,0.44576358668892224,-0.007656455203310987,26.473039504344346,0.4386868553179737,"[""Optical_A-F00725-D002""]"
Optical_A-T0014,Optical_A,15,15,7.75,0.8932175914816959,0.4495579016860753,-0.007747728651120447,26.716188435279186,0.44391659378302767,"[""Optical_A-F00775-D002""]"
Optical_A-T0014,Optical_A,16,16,8.255004291030213,0.8912348542178667,0.4534742965529592,-0.007842001852642905,26.96770709990081,0.44931821445697584,"[""Optical_A-F00825-D002"", ""Optical_A-F00826-D002""]"
Optical_A-T0014,Optical_A,17,17,8.744999366931157,0.8892472747591855,0.4573579687043787,-0.007935540055107198,27.21768088210174,0.45467772545440815,"[""Optical_A-F00874-D002"", ""Optical_A-F00875-D002""]"
Optical_A-T0014,Optical_A,18,18,9.255002189169158,0.8871089272803169,0.46149018174787243,-0.008035128491878533,27.484270291116612,0.4603839045038312,"[""Optical_A-F00925-D002"", ""Optical_A-F00926-D001""]"
Optical_A-T0014,Optical_A,19,19,9.745001455722562,0.8849845554514356,0.46554934277995413,-0.008133022167539463,27.74677721824456,0.4659929822484525,"[""Optical_A-F00974-D001"", ""Optical_A-F00975-D003""]"
Optical_A-T0014,Optical_A,20,20,10.25642164214412,0.8827583504194983,0.4697550814476505,-0.008237610014893915,28.01943401672544,0.4719856252480569,"[""Optical_A-F01025-D003"", ""Optical_A-F01026-D001""]"
Optical_A-T0014,Optical_A,21,21,10.74,0.8804470693718266,0.47407111612184855,-0.00833875851353114,28.299960316642185,0.4777812063907653,"[""Optical_A-F01074-D002""]"
Optical_A-T0014,Optical_A,22,22,11.26,0.8779487704364106,0.47868000954439455,-0.00845014507409497,28.60034212306863,0.48416341107965033,"[""Optical_A-F01126-D001""]"
Optical_A-T0014,Optical_A,23,23,11.73,0.8756115024481372,0.4829403063160896,-0.008553205003820808,28.87877074300954,0.49006852350259655,"[""Optical_A-F01173-D001""]"
Optical_A-T0015,Optical_A,0,0,0.23,0.9191210405339921,0.3939558078258765,-0.003915907043446502,23.201054664358427,0.22436551997327306,"[""Optical_A-F00023-D006""]"
Optical_A-T0015,Optical_A,1,1,0.7649988569823643,0.917000500663716,0.3988664732829897,-0.003951996113911572,23.507529974159336,0.22643328739800447,"[""Optical_A-F00076-D002"", ""Optical_A-F00077-D007""]"
Optical_A-T0015,Optical_A,2,2,1.2350018299482826,0.9150829351587494,0.4032460145819835,-0.003984156748278645,23.781460388325307,0.22827597052094145,"[""Optical_A-F00123-D007"", ""Optical_A-F00124-D003""]"
Optical_A-T0015,Optical_A,3,3,1.7650013740740957,0.9128571022165399,0.4082594064533503,-0.004020942076152794,24.095747391330438,0.23038363143910898,"[""Optical_A-F00176-D002"", ""Optical_A-F00177-D007""]"
Optical_A-T0015,Optical_A,4,4,2.2349993813156237,0.9108250536019145,0.4127726814549682,-0.004054032010852141,24.37934310789566,0.23227956049495027,"[""Optical_A-F00223-D007"", ""Optical_A-F00224-D005""]"
Optical_A-T0015,Optical_A,5,5,2.7600000000000002,0.9084882422559052,0.4178903840927074,-0.004091523631271889,24.701690691358756,0.2344276899283771,"[""Optical_A-F00276-D005""]"
Optical_A-T0015,Optical_A,6,6,3.24,0.9062878493942037,0.4226408732299973,-0.004126295652836767,25.00165694964357,0.2364199968275504,"[""Optical_A-F00324-D005""]"
Optical_A-T0015,Optical_A,7,7,3.75,0.9038807545928014,0.42776423941899483,-0.004163766448416998,25.325991665209973,0.23856693371306448,"[""Optical_A-F00375-D002""]"
Optical_A-T0015,Optical_A,8,8,4.245001664683041,0.9014738041706932,0.43281327945096554,-0.004200657676969052,25.646473570119593,0.24068066389586962,"[""Optical_A-F00424-D007"", ""Optical_A-F00425-D004""]"
Optical_A-T0015,Optical_A,9,9,4.7550017572054255,0.8989187255580432,0.43809491425337616,-0.004239215308335174,25.98264312166386,0.24288987311204274,"[""Optical_A-F00475-D004"", ""Optical_A-F00476-D005""]"
Optical_A-T0015,Optical_A,10,10,5.25,0.8963632545292025,0.4432996973610487,-0.004277177739925972,26.31486430469482,0.24506497994224652,"[""Optical_A-F00525-D005""]"
Optical_A-T0015,Optical_A,11,11,5.75,0.8937036945445737,0.4486369110082575,-0.004316067463379234,26.656531056363256,0.24729321753049363,"[""Optical_A-F00575-D003""]"
Optical_A-T0015,Optical_A,12,12,6.26,0.890907350277808,0.45416419475108655,-0.004356308881646354,27.011447083613042,0.24959890263543197,"[""Optical_A-F00626-D003""]"
Optical_A-T0015,Optical_A,13,13,6.745001648050532,0.8867049441329411,0.4623355769533296,-0.00039539022460118956,27.537923338452178,0.022654191720645794,"[""Optical_A-F00674-D001"", ""Optical_A-F00675-D001""]"
Optical_A-T0015,Optical_A,14,14,7.257940747345959,0.8824671032336101,0.47037394819342615,-0.00040071362456202723,28.05857550933216,0.022959200095225844,"[""Optical_A-F00725-D001"", ""Optical_A-F00726-D001""]"
Optical_A-T0015,Optical_A,15,15,7.74,0.878156505126223,0.47837327247686834,-0.00040581309703867667,28.579214242558773,0.023251378369638507,"[""Optical_A-F00774-D000""]"
Optical_A-T0015,Optical_A,16,16,8.265002027705899,0.8733393709154156,0.4871120752893065,-0.0004114807544131048,29.15094545292355,0.023576111244033814,"[""Optical_A-F00826-D000"", ""Optical_A-F00827-D001""]"
Optical_A-T0015,Optical_A,17,17,8.735003175053489,0.8688348726503284,0.49510179808445925,-0.00041665360086813683,29.676466075582614,0.023872493539384306,"[""Optical_A-F00873-D001"", ""Optical_A-F00874-D001""]"
Optical_A-T0015,Optical_A,18,18,9.27,0.8634758217861779,0.5043900539775297,-0.00042265734299246484,30.290874144364984,0.02421648265468381,"[""Optical_A-F00927-D000""]"
Optical_A-T0015,Optical_A,19,19,9.725000432722451,0.8587143499214469,0.5124543708209913,-0.00042786148305691297,30.82745600948781,0.02451465794333381,"[""Optical_A-F00972-D001"", ""Optical_A-F00973-D000""]"
Optical_A-T0015,Optical_A,20,20,10.274999811326287,0.8526956245267142,0.5224078706547571,-0.00043427060612878855,31.493909042094067,0.024881873679850463,"[""Optical_A-F01027-D000"", ""Optical_A-F01028-D000""]"
Optical_A-T0015,Optical_A,21,21,10.72,0.8476053359892275,0.5306269887536875,-0.0004395552103952295,32.04783119006855,0.025184659229614517,"[""Optical_A-F01072-D000""]"
Optical_A-T0015,Optical_A,22,22,11.285001900775308,0.8408426344993712,0.5412794700936968,-0.0004463891169142976,32.77078413612825,0.025576213269161034,"[""Optical_A-F01128-D000"", ""Optical_A-F01129-D000""]"
Optical_A-T0015,Optical_A,23,23,11.715003482509836,0.8354606799548607,0.5495500416083666,-0.000451683079554835,33.33615326372242,0.02587953501594402,"[""Optical_A-F01171-D000"", ""Optical_A-F01172-D000""]"
Optical_A-T0016,Optical_A,0,0,0.23,0.9201101126484164,0.3916084998055565,0.006337466541141005,23.0551117526053,-0.3631125162842569,"[""Optical_A-F00023-D007""]"
Optical_A-T0016,Optical_A,1,1,0.77,0.9208459770992704,0.3898920812915148,0.005181834256418272,22.948110253289666,-0.29689856172983675,"[""Optical_A-F00077-D001""]"
Optical_A-T0016,Optical_A,2,2,1.2263833308479273,0.9230745898746252,0.38462082993183194,-0.000344543670853666,22.62020435860124,0.019740898588434475,"[""Optical_A-F00122-D001"", ""Optical_A-F00123-D002""]"
Optical_A-T0016,Optical_A,3,3,1.7750023836524913,0.9244061352467544,0.38140037869194315,-0.0026548543842610252,22.42053565247086,0.15211213012774902,"[""Optical_A-F00177-D003"", ""Optical_A-F00178-D000""]"
Optical_A-T0017,Optical_A,0,0,0.23757911454161776,0.9103794780642531,0.41372238198853734,-0.0065571763121712095,24.43944430719606,0.3757012205534537,"[""Optical_A-F00023-D008"", ""Optical_A-F00024-D003""]"
Optical_A-T0017,Optical_A,1,1,0.76,0.9091020797008621,0.4165208281191065,-0.0066187934354458395,24.61570185789525,0.37923169827831055,"[""Optical_A-F00076-D003""]"
Optical_A-T0017,Optical_A,2,2,1.24,0.9079390699851828,0.41904900772481635,-0.006676400174368215,24.775151295702937,0.3825323942211103,"[""Optical_A-F00124-D005""]"
Optical_A-T0017,Optical_A,3,3,1.76,0.9066479568715563,0.4218341572223053,-0.006739888810657937,24.951045252641197,0.3861701069761709,"[""Optical_A-F00176-D004""]"
Optical_A-T0017,Optical_A,4,4,2.2443526923877952,0.905387834663067,0.4245310681853037,-0.006800072761956305,25.121606322250635,0.3896184724052596,"[""Optical_A-F00224-D007"", ""Optical_A-F00225-D003""]"
Optical_A-T0017,Optical_A,5,5,2.7549985542895072,0.9040828595253123,0.42730207140107473,-0.006864611342631743,25.29710231317767,0.39331634700542933,"[""Optical_A-F00275-D001"", ""Optical_A-F00276-D007""]"
Optical_A-T0017,Optical_A,6,6,3.2450028305823393,0.9027718657668649,0.43006390929882354,-0.006927647394816268,25.472271027511177,0.396928132636511,"[""Optical_A-F00324-D007"", ""Optical_A-F00325-D002""]"
Optical_A-T0017,Optical_A,7,7,3.7550000564741346,0.9013723384359531,0.43298843573364326,-0.006994428027678657,25.658037075195285,0.40075447375925344,"[""Optical_A-F00375-D003"", ""Optical_A-F00376-D008""]"
Optical_A-T0017,Optical_A,8,8,4.245001202319864,0.8999928700166798,0.43584744348450855,-0.0070597398789166025,25.839921751802667,0.40449665958357733,"[""Optical_A-F00424-D009"", ""Optical_A-F00425-D005""]"
Optical_A-T0017,Optical_A,9,9,4.7550016256419525,0.8985195586747363,0.43887558689129685,-0.007128948714691148,26.03287229760903,0.40846213357111977,"[""Optical_A-F00475-D005"", ""Optical_A-F00476-D007""]"
Optical_A-T0017,Optical_A,10,10,5.25,0.897051723424923,0.44186695240650775,-0.007197351690763581,26.22379184025354,0.412381435959374,"[""Optical_A-F00525-D006""]"
Optical_A-T0018,Optical_A,0,0,0.24,0.9061778347385682,0.4228363294294019,-0.007153344895268814,25.01447080102775,0.40985996739689945,"[""Optical_A-F00024-D000""]"
Optical_A-T0018,Optical_A,1,1,0.7549987873664427,0.9043147369431292,0.4268047646438111,-0.007249098207354553,25.265663225744877,0.4153463703135735,"[""Optical_A-F00075-D000"", ""Optical_A-F00076-D000""]"
Optical_A-T0018,Optical_A,2,2,1.2450029453777232,0.9024783631135097,0.4306726043322706,-0.007342478438500503,25.510989918644217,0.42069680584993363,"[""Optical_A-F00124-D001"", ""Optical_A-F00125-D000""]"
Optical_A-T0018,Optical_A,3,3,1.75,0.9005177182066482,0.43475564278202933,-0.007441119880523391,25.770511890490653,0.4263486985733514,"[""Optical_A-F00175-D000""]"
Optical_A-T0018,Optical_A,4,4,2.2450009533015165,0.8985253430733285,0.43885687000819806,-0.007540258720018926,26.031763214092997,0.43202909503156584,"[""Optical_A-F00224-D002"", ""Optical_A-F00225-D000""]"
Optical_A-T0018,Optical_A,5,5,2.75,0.896417362296353,0.44314498984184586,-0.007643987946047169,26.30554421033149,0.4379725131905881,"[""Optical_A-F00275-D000""]"
Optical_A-T0018,Optical_A,6,6,3.25,0.8942512944643048,0.44749812264443634,-0.007749359884553047,26.58413996197524,0.4440100593799927,"[""Optical_A-F00325-D001""]"
Optical_A-T0018,Optical_A,7,7,3.748411249378103,0.8919522413716424,0.4520613499634109,-0.007857161151568311,26.876911498679956,0.4501868050657084,"[""Optical_A-F00374-D000"", ""Optical_A-F00375-D001""]"
Optical_A-T0018,Optical_A,8,8,4.255003723600872,0.8896435720597213,0.4565860273786102,-0.007969585650378757,27.16796238708593,0.4566284560608261,"[""Optical_A-F00425-D002"", ""Optical_A-F00426-D000""]"
Optical_A-T0018,Optical_A,9,9,4.7450005322456015,0.8872653213188686,0.46118861993419363,-0.008081239268759815,27.464806080809062,0.46302594319032725,"[""Optical_A-F00474-D000"", ""Optical_A-F00475-D002""]"
Optical_A-T0018,Optical_A,10,10,5.255001220987577,0.8846918320252413,0.46610418671599,-0.008200577641114827,27.78272157635674,0.46986375485394305,"[""Optical_A-F00525-D002"", ""Optical_A-F00526-D001""]"
Optical_A-T0018,Optical_A,11,11,5.74,0.8821468213876902,0.47090106261597275,-0.008317135488998902,28.09386024211674,0.47654225538045264,"[""Optical_A-F00574-D001""]"
Optical_A-T0018,Optical_A,12,12,6.26,0.879306215216327,0.4761819531642345,-0.00844555283171097,28.437441401640452,0.48390028558325116,"[""Optical_A-F00626-D002""]"
Optical_A-T0018,Optical_A,13,13,6.7351102138059,0.8765932618441014,0.4811557697959292,-0.008566124071333836,28.762068262481453,0.4908087586645616,"[""Optical_A-F00673-D001"", ""Optical_A-F00674-D002""]"
Optical_A-T0018,Optical_A,14,14,7.265003179980778,0.8734641608320051,0.4868106343040363,-0.008704370772377132,29.13237822470545,0.49873000651158134,"[""Optical_A-F00726-D002"", ""Optical_A-F00727-D001""]"
Optical_A-T0018,Optical_A,15,15,7.735001577009829,0.870560640987549,0.49198190349379073,-0.008830458537028569,29.472192234943577,0.5059545809521742,"[""Optical_A-F00773-D001"", ""Optical_A-F00774-D001""]"
Optical_A-T0018,Optical_A,16,16,8.268028682798093,0.8672109326855448,0.4978600216054472,-0.008977589748434298,29.859846437668,0.5143849125998841,"[""Optical_A-F00826-D001"", ""Optical_A-F00827-D002""]"
Optical_A-T0018,Optical_A,17,17,8.73,0.864019456574819,0.5033760130719338,-0.009108683986119158,30.22499248673836,0.5218963662864193,"[""Optical_A-F00873-D002""]"
Optical_A-T0018,Optical_A,18,18,9.275004277607191,0.8601915939520658,0.5098867790105424,-0.00926791694280125,30.657747061875806,0.5310201278176333,"[""Optical_A-F00927-D001"", ""Optical_A-F00928-D001""]"
Optical_A-T0018,Optical_A,19,19,9.72500071513019,0.8568899112391974,0.5154136779082686,-0.009403225061216285,31.026633445267773,0.538773049794711,"[""Optical_A-F00972-D002"", ""Optical_A-F00973-D001""]"
Optical_A-T0018,Optical_A,20,20,10.275000896201778,0.8526706878386324,0.5223610305257618,-0.009573499300555663,31.492366955588334,0.5485294842714351,"[""Optical_A-F01027-D001"", ""Optical_A-F01028-D001""]"
Optical_A-T0018,Optical_A,21,21,10.72,0.849100579328802,0.5281418541316628,-0.009715353717805299,31.881675088407043,0.5566575217152846,"[""Optical_A-F01072-D001""]"
Optical_A-T0018,Optical_A,22,22,11.285004580851492,0.8443528021862409,0.5356961048597949,-0.009900943302865119,32.39291360219447,0.567291533183132,"[""Optical_A-F01128-D001"", ""Optical_A-F01129-D001""]"
Optical_A-T0018,Optical_A,23,23,11.715000724622584,0.8405691284999117,0.5416111235590569,-0.010046444644504052,32.795245604185,0.5756285606513206,"[""Optical_A-F01171-D001"", ""Optical_A-F01172-D001""]"
Optical_A-T0019,Optical_A,0,0,0.24500040154578973,0.8994656898048623,0.436989685776925,-0.001219585358843714,25.91198910970899,0.06987711114010144,"[""Optical_A-F00024-D001"", ""Optical_A-F00025-D001""]"
Optical_A-T0019,Optical_A,1,1,0.75,0.8961441135971216,0.4437614284052143,-0.001233825349510895,26.344144105937715,0.07069300311952328,"[""Optical_A-F00075-D002""]"
Optical_A-T0019,Optical_A,2,2,1.25,0.8927262604146577,0.45059767643226845,-0.001248182639536251,26.78205924513164,0.07151561587667798,"[""Optical_A-F00125-D002""]"
Optical_A-T0019,Optical_A,3,3,1.7450001428766457,0.8892104673844914,0.45749661244322465,-0.0012626546750503446,27.22570958139863,0.07234480308603752,"[""Optical_A-F00174-D001"", ""Optical_A-F00175-D002""]"
Optical_A-T0019,Optical_A,4,4,2.255000527700176,0.8854441992330445,0.4647439479740481,-0.0012778364714198694,27.693676614740472,0.07321465664521169,"[""Optical_A-F00225-D002"", ""Optical_A-F00226-D001""]"
Optical_A-T0019,Optical_A,5,5,2.74,0.8817212244075646,0.4717690237656864,-0.0012925340987099696,28.149214703844653,0.07405676935325788,"[""Optical_A-F00274-D001""]"
Optical_A-T0019,Optical_A,6,6,3.2600000000000002,0.8775692213823082,0.4794481716609251,-0.001308576877928462,28.649394239355544,0.07497595367152253,"[""Optical_A-F00326-D001""]"
Optical_A-T0019,Optical_A,7,7,3.7350005546006164,0.8736253650025926,0.48659733866004795,-0.00132349274480002,29.11720674509844,0.07583057063112596,"[""Optical_A-F00373-D001"", ""Optical_A-F00374-D002""]"
Optical_A-T0019,Optical_A,8,8,4.264999838702101,0.8690461859278081,0.49472914808513163,-0.0013404325009162457,29.651920945601752,0.07680114802354113,"[""Optical_A-F00426-D002"", ""Optical_A-F00427-D001""]"
Optical_A-T0019,Optical_A,9,9,4.73,0.8648669568634382,0.5019993121463588,-0.0013555553689904342,30.13239236928479,0.0776676253255665,"[""Optical_A-F00473-D001""]"
Optical_A-T0019,Optical_A,10,10,5.275002922936501,0.8597670358547956,0.5106845966928939,-0.0013735931257154656,30.709473254570206,0.07870111362001904,"[""Optical_A-F00527-D001"", ""Optical_A-F00528-D000""]"
Optical_A-T0019,Optical_A,11,11,5.7250017658985755,0.855384831225852,0.517991179372768,-0.0013887406992339419,31.1976334488747,0.07956900648030633,"[""Optical_A-F00572-D000"", ""Optical_A-F00573-D001""]"
Optical_A-T0019,Optical_A,12,12,6.28,0.8497571162188077,0.5271725160606114,-0.0014077449414825252,31.81464666011647,0.08065787041842096,"[""Optical_A-F00628-D001""]"
Optical_A-T0019,Optical_A,13,13,6.716513986452952,0.8450553405217964,0.5346769554402074,-0.0014229465137926358,32.32204268123983,0.08152885722614399,"[""Optical_A-F00671-D000"", ""Optical_A-F00672-D001""]"
Optical_A-T0019,Optical_A,14,14,7.285000988883436,0.8389001530494815,0.5442834287316582,-0.001443059827713188,32.975747957811215,0.08268126640906841,"[""Optical_A-F00728-D001"", ""Optical_A-F00729-D000""]"
Optical_A-T0019,Optical_A,15,15,7.71,0.8340353993565515,0.5517090046850652,-0.0014583448058140373,33.48437731197444,0.08355703206574668,"[""Optical_A-F00771-D000""]"
Optical_A-T0019,Optical_A,16,16,8.295003399892025,0.8270570949196011,0.5621159775059359,-0.0014797214927365608,34.20230099503965,0.08478182732799366,"[""Optical_A-F00829-D001"", ""Optical_A-F00830-D000""]"
Optical_A-T0019,Optical_A,17,17,8.70500147536261,0.821963676368305,0.5695379529907125,-0.0014949362023462852,34.718056454892384,0.08565356693936509,"[""Optical_A-F00870-D000"", ""Optical_A-F00871-D001""]"
Optical_A-T0019,Optical_A,18,18,9.3,0.8142605337769576,0.5804976147849961,-0.0015173536813706848,35.48559684887537,0.08693799533165925,"[""Optical_A-F00930-D000""]"
Optical_A-T0019,Optical_A,19,19,9.694999343295958,0.808934663887187,0.5878965565020946,-0.0015324538176894296,36.00793201663755,0.08780317041871374,"[""Optical_A-F00969-D000"", ""Optical_A-F00970-D000""]"
Optical_A-T0019,Optical_A,20,20,10.304999899403963,0.8003627587084878,0.5995139973382603,-0.0015561066927268202,36.83515015477742,0.08915838194769438,"[""Optical_A-F01030-D001"", ""Optical_A-F01031-D000""]"
Optical_A-T0019,Optical_A,21,21,10.69,0.7947265001598417,0.6069656671890546,-0.0015712407310543915,37.370476867606385,0.09002549953094632,"[""Optical_A-F01069-D000""]"
Optical_A-T0019,Optical_A,22,22,11.315001487093546,0.7851880018589656,0.6192554029494328,-0.0015961374190334972,38.26183797947723,0.09145197646489392,"[""Optical_A-F01131-D000"", ""Optical_A-F01132-D000""]"
Optical_A-T0019,Optical_A,23,23,11.683895161946044,0.7794348415110803,0.6264812307202109,-0.0016110226214724472,38.79104838316061,0.09230483683840413,"[""Optical_A-F01168-D000"", ""Optical_A-F01169-D001""]"
Optical_A-T0020,Optical_A,0,0,0.24,0.9080438238357482,0.41887409506907924,-0.0009520891832456821,24.76353677414138,0.054550700161500876,"[""Optical_A-F00024-D004""]"
Optical_A-T0020,Optical_A,1,1,0.76,0.9059520526893651,0.42337921194741257,-0.0009597492973762379,25.0481281920917,0.05498959257229726,"[""Optical_A-F00076-D004""]"
Optical_A-T0020,Optical_A,2,2,1.245002352276935,0.9039499451603277,0.42763718452756594,-0.0009669818907993035,25.317715803129044,0.05540398984266947,"[""Optical_A-F00124-D006"", ""Optical_A-F00125-D004""]"
Optical_A-T0020,Optical_A,3,3,1.7550004824087377,0.901789785297924,0.4321738459521964,-0.0009746831339196657,25.605610216261876,0.055845238778413554,"[""Optical_A-F00175-D004"", ""Optical_A-F00176-D005""]"
Optical_A-T0020,Optical_A,4,4,2.2450001802622266,0.8996597494916879,0.4365906211508323,-0.0009821749762060031,25.88656424624233,0.05627448992766548,"[""Optical_A-F00224-D008"", ""Optical_A-F00225-D004""]"
Optical_A-T0020,Optical_A,5,5,2.7550028933240216,0.8973842654692821,0.4412487958614408,-0.0009900701923643788,26.183600208592118,0.05672685271183244,"[""Optical_A-F00275-D002"", ""Optical_A-F00276-D008""]"
Optical_A-T0020,Optical_A,6,6,3.25,0.8951169500682022,0.44583029286765075,-0.0009978287150270632,26.476487113652215,0.05717138353524593,"[""Optical_A-F00325-D003""]"
Optical_A-T0020,Optical_A,7,7,3.75,0.8927660572714113,0.4505194284651534,-0.0010057631384776248,26.777029449232263,0.05762599273995577,"[""Optical_A-F00375-D004""]"
Optical_A-T0020,Optical_A,8,8,4.255002595165092,0.8903280401054733,0.4553185182418977,-0.0010138776796734961,27.085445184354192,0.0580909219402184,"[""Optical_A-F00425-D006"", ""Optical_A-F00426-D004""]"
Optical_A-T0020,Optical_A,9,9,4.745000390431957,0.8878992693562759,0.46003678472973314,-0.0010218474057535553,27.38949667793155,0.05854755384502779,"[""Optical_A-F00474-D003"", ""Optical_A-F00475-D006""]"
Optical_A-T0020,Optical_A,10,10,5.255000051416643,0.8853033452285962,0.46501282296571894,-0.001030244878639293,27.711067904150553,0.059028693853222645,"[""Optical_A-F00525-D007"", ""Optical_A-F00526-D002""]"
Optical_A-T0020,Optical_A,11,11,5.743438063565392,0.882801247064497,0.4697455480661627,-0.0010383898060619247,28.01779721531721,0.059495364068605935,"[""Optical_A-F00574-D002"", ""Optical_A-F00575-D004""]"
Optical_A-T0020,Optical_A,12,12,6.26,0.8799765449050071,0.47501598287986874,-0.0010471034898095425,28.360407632270142,0.05999462164278435,"[""Optical_A-F00626-D004""]"
Optical_A-T0020,Optical_A,13,13,6.738852697226576,0.87730337458941,0.47993507405286934,-0.0010552856960351425,28.681179137446744,0.06046342778563603,"[""Optical_A-F00673-D004"", ""Optical_A-F00674-D004""]"
Optical_A-T0020,Optical_A,14,14,7.265001926339165,0.8743546334819237,0.48528635052190217,-0.0010643804886102302,29.031253030832087,0.0609845213083955,"[""Optical_A-F00726-D005"", ""Optical_A-F00727-D003""]"
Optical_A-T0020,Optical_A,15,15,7.735001175916299,0.8716188956286661,0.4901829763507346,-0.0010726038409596451,29.352627323348514,0.061455684960425375,"[""Optical_A-F00773-D003"", ""Optical_A-F00774-D005""]"
Optical_A-T0020,Optical_A,16,16,8.264999206929676,0.8684491605701989,0.495777051508986,-0.001081989821165122,29.72102219974718,0.06199346232485833,"[""Optical_A-F00826-D006"", ""Optical_A-F00827-D003""]"
Optical_A-T0020,Optical_A,17,17,8.73,0.8655921517278429,0.5007484778422312,-0.0010903237370138864,30.049550964364595,0.06247096081147239,"[""Optical_A-F00873-D004""]"
Optical_A-T0020,Optical_A,18,18,9.27,0.8621818303456624,0.5065977508454621,-0.0011001182312218797,30.437492545839337,0.06303214432863043,"[""Optical_A-F00927-D003""]"
Optical_A-T0020,Optical_A,19,19,9.72499959811562,0.8592292739854398,0.5115895093003362,-0.0011084675436931965,30.769785231035616,0.063510524986758,"[""Optical_A-F00972-D004"", ""Optical_A-F00973-D003""]"
Optical_A-T0020,Optical_A,20,20,10.27500064605563,0.8555602094567981,0.5177021117894791,-0.0011186791109562434,31.178261233214833,0.06409560505591017,"[""Optical_A-F01027-D004"", ""Optical_A-F01028-D003""]"
Optical_A-T0020,Optical_A,21,21,10.725002689140243,0.8524745687284052,0.5227674810548915,-0.001127130357603313,31.5180947264635,0.0645798261256937,"[""Optical_A-F01072-D002"", ""Optical_A-F01073-D003""]"
Optical_A-T0020,Optical_A,22,22,11.28,0.8485621463284283,0.5290944996039015,-0.0011376763108218461,31.944317329043223,0.06518406512348007,"[""Optical_A-F01128-D002""]"
Optical_A-T0020,Optical_A,23,23,11.71789524848037,0.8453276480419692,0.5342469971128488,-0.0011460941218920015,32.292882795937544,0.06566637048497943,"[""Optical_A-F01171-D003"", ""Optical_A-F01172-D003""]"
Optical_A-T0021,Optical_A,0,0,0.25,0.892476913551729,0.4510855405318476,-0.0026065111299776456,26.813450830701612,0.1493422561046521,"[""Optical_A-F00025-D000""]"
Optical_A-T0021,Optical_A,1,1,0.744999416516333,0.8903483952231424,0.45527218684385,-0.0026402670307588113,27.08255069285088,0.1512763334085032,"[""Optical_A-F00074-D000"", ""Optical_A-F00075-D001""]"
Optical_A-T0021,Optical_A,2,2,1.255002146566226,0.8880754903246482,0.45968985523962097,-0.002675906278667164,27.367202421755863,0.15331831911254115,"[""Optical_A-F00125-D001"", ""Optical_A-F00126-D000""]"
Optical_A-T0021,Optical_A,3,3,1.7450019586474568,0.8858117263838426,0.46403689064376635,-0.0027110002843130226,27.648019355916883,0.15532906481604253,"[""Optical_A-F00174-D000"", ""Optical_A-F00175-D001""]"
Optical_A-T0021,Optical_A,4,4,2.254999741794866,0.8833681943943347,0.46867161123713547,-0.0027484455389466763,27.948217261007994,0.1574745278628217,"[""Optical_A-F00225-D001"", ""Optical_A-F00226-D000""]"
Optical_A-T0021,Optical_A,5,5,2.74,0.8809577566329171,0.4731867232503627,-0.002784953838535796,28.241472623406555,0.159566307352505,"[""Optical_A-F00274-D000""]"
Optical_A-T0021,Optical_A,6,6,3.2600000000000002,0.878274421737789,0.4781485740998799,-0.0028251030785094765,28.56467661118297,0.1618666984037779,"[""Optical_A-F00326-D000""]"
Optical_A-T0021,Optical_A,7,7,3.734999531749401,0.8757296168162485,0.4827933751163956,-0.0028627215348454383,28.86813066507885,0.16402208589998202,"[""Optical_A-F00373-D000"", ""Optical_A-F00374-D001""]"
Optical_A-T0021,Optical_A,8,8,4.265002000945046,0.8727785419517247,0.4881077473967981,-0.0029057941849130286,29.21642028416433,0.1664899772266351,"[""Optical_A-F00426-D001"", ""Optical_A-F00427-D000""]"
Optical_A-T0021,Optical_A,9,9,4.735002262295099,0.8700582047597322,0.49294020665088695,-0.002944995289090241,29.534157483538362,0.16873604465925526,"[""Optical_A-F00473-D000"", ""Optical_A-F00474-D001""]"
Optical_A-T0021,Optical_A,10,10,5.2700000000000005,0.8668372669057813,0.49858219760496486,-0.0029908083721411215,29.90639058593736,0.17136095252548145,"[""Optical_A-F00527-D000""]"
Optical_A-T0021,Optical_A,11,11,5.73,0.8639560483424499,0.5035580980164724,-0.0030312463659853263,30.235835818418032,0.17367788940791803,"[""Optical_A-F00573-D000""]"
Optical_A-T0021,Optical_A,12,12,6.2750036871772,0.8604015390686451,0.5096074002000858,-0.0030804593190574482,30.637843418036297,0.17649759708219,"[""Optical_A-F00627-D000"", ""Optical_A-F00628-D000""]"
Optical_A-T0021,Optical_A,13,13,6.725000948481348,0.8573451566272703,0.5147324881190538,-0.0031221919431180774,30.979743460540377,0.17888871180820587,"[""Optical_A-F00672-D000"", ""Optical_A-F00673-D002""]"
Optical_A-T0021,Optical_A,14,14,7.28,0.8534159422901123,0.521220824875736,-0.0031750843984483684,31.414354082180896,0.18191924128932324,"[""Optical_A-F00728-D000""]"
Optical_A-T0021,Optical_A,15,15,7.72,0.850168477945003,0.5265009045587408,-0.003218168346249195,31.769522212196865,0.18438778227559016,"[""Optical_A-F00772-D000""]"
Optical_A-T0021,Optical_A,16,16,8.28081805961257,0.8458027251104582,0.5334857327263631,-0.003274625648537396,32.241469468024235,0.18762256446570885,"[""Optical_A-F00828-D001"", ""Optical_A-F00829-D000""]"
Optical_A-T0021,Optical_A,17,17,8.7150003592421,0.8423607588811528,0.5389038249449507,-0.0033195416656743248,32.60925055544047,0.1901960766684641,"[""Optical_A-F00871-D000"", ""Optical_A-F00872-D001""]"
Optical_A-T0021,Optical_A,18,18,9.285000879507486,0.8375756734732087,0.5463108689150501,-0.0033801939565132545,33.11450291686161,0.19367121645026136,"[""Optical_A-F00928-D002"", ""Optical_A-F00929-D001""]"
Optical_A-T0021,Optical_A,19,19,9.71,0.8338482757280029,0.5519830711199082,-0.003426698479715967,33.50338926665447,0.19633574479054008,"[""Optical_A-F00971-D001""]"
Optical_A-T0021,Optical_A,20,20,10.291902478935636,0.8284062698056576,0.5601168239549528,-0.0034922298453090787,34.06411351145053,0.20009043793337486,"[""Optical_A-F01029-D001"", ""Optical_A-F01030-D000""]"
Optical_A-T0021,Optical_A,21,21,10.71,0.8244977991809782,0.5658540827901282,-0.003540640544623315,34.461867857262526,0.2028641838368043,"[""Optical_A-F01071-D001""]"
Optical_A-T0021,Optical_A,22,22,11.295000389899325,0.8186194613956373,0.5743249451360968,-0.003610376536600563,35.052633370735236,0.2068597873985701,"[""Optical_A-F01129-D002"", ""Optical_A-F01130-D001""]"
Optical_A-T0021,Optical_A,23,23,11.700000000000001,0.8143591663793063,0.5803496809564452,-0.0036600475070425196,35.47541458302248,0.2097057431738884,"[""Optical_A-F01170-D001""]"
Optical_A-T0022,Optical_A,0,0,0.2650020849512402,0.8736503975371263,0.4865532597221491,0.0009530671394331827,29.114302461549954,-0.05460673294901559,"[""Optical_A-F00026-D000"", ""Optical_A-F00027-D000""]"
Optical_A-T0022,Optical_A,1,1,0.7350015020167362,0.8705488437805782,0.49206856626631595,0.003638225516778702,29.476847684158603,-0.20845542690641455,"[""Optical_A-F00073-D002"", ""Optical_A-F00074-D005""]"
Optical_A-T0022,Optical_A,2,2,1.2649995441796755,0.868428221388618,0.4958012839959568,0.003675742613691441,29.722822781462003,-0.2106050125930489,"[""Optical_A-F00126-D004"", ""Optical_A-F00127-D003""]"
Optical_A-T0022,Optical_A,3,3,1.73,0.866518009066844,0.4991320280852071,0.0037092455272042637,29.942819075587362,-0.21252460122518735,"[""Optical_A-F00173-D003""]"
Optical_A-T0022,Optical_A,4,4,2.27,0.8642388033780132,0.5030678252767069,0.0037488541055331233,30.20340845300756,-0.21479402137521317,"[""Optical_A-F00227-D002""]"
Optical_A-T0022,Optical_A,5,5,2.73,0.8622440060176619,0.5064789842209294,0.0037832035564750646,30.429820783001233,-0.21676211389962605,"[""Optical_A-F00273-D002""]"
Optical_A-T0022,Optical_A,6,6,3.2750030097141223,0.8598150450118168,0.5105912851339499,0.0038246459429405293,30.703471830803274,-0.21913660491653605,"[""Optical_A-F00327-D003"", ""Optical_A-F00328-D003""]"
Optical_A-T0022,Optical_A,7,7,3.7250001663302763,0.8577536887915614,0.5140464120390752,0.0038594862640981883,30.933992854768956,-0.22113282300946424,"[""Optical_A-F00372-D003"", ""Optical_A-F00373-D005""]"
Optical_A-T0022,Optical_A,8,8,4.275000807182925,0.8551632589299322,0.518344063657484,0.0039028511865211706,31.22150447181404,-0.2236174687571727,"[""Optical_A-F00427-D003"", ""Optical_A-F00428-D003""]"
Optical_A-T0022,Optical_A,9,9,4.725002386422034,0.8529836508843641,0.5219227679347395,0.003938989124308852,31.461587538183185,-0.22568803598893863,"[""Optical_A-F00472-D002"", ""Optical_A-F00473-D003""]"
Optical_A-T0023,Optical_A,0,0,0.26,0.8882089102942994,0.45941592409749515,-0.004684053742003887,27.34974968173936,0.2683774918184904,"[""Optical_A-F00026-D001""]"
Optical_A-T0023,Optical_A,1,1,0.7450010786156775,0.8863542128306016,0.46298357843137844,-0.004734501063493911,27.580136007160295,0.2712679424792793,"[""Optical_A-F00074-D002"", ""Optical_A-F00075-D003""]"
Optical_A-T0023,Optical_A,2,2,1.2550002388300983,0.8843445328762284,0.4668102569849714,-0.004788647570084359,27.82778858787801,0.27437034395260584,"[""Optical_A-F00125-D003"", ""Optical_A-F00126-D001""]"
Optical_A-T0023,Optical_A,3,3,1.75,0.8827039957517054,0.4699044657923686,-0.004842407702994214,28.02845299386075,0.27745060838957886,"[""Optical_A-F00175-D003""]"
Optical_A-T0023,Optical_A,4,4,2.2600000000000002,0.880195799392876,0.4745854577857448,-0.004898774278454255,28.332733343906906,0.28068021357710704,"[""Optical_A-F00226-D002""]"
Optical_A-T0023,Optical_A,5,5,2.74,0.8781210053294967,0.47841296743957973,-0.004953037933388922,28.582184523598507,0.2837893297070815,"[""Optical_A-F00274-D002""]"
Optical_A-T0023,Optical_A,6,6,3.265003520984912,0.8757789008631106,0.48268641984973,-0.005013670875926604,28.86140071061623,0.2872633845517782,"[""Optical_A-F00326-D002"", ""Optical_A-F00327-D000""]"
Optical_A-T0023,Optical_A,7,7,3.735000082433232,0.8736146094285585,0.4865920449883912,-0.0050691169845099825,29.117241635720024,0.2904402529357852,"[""Optical_A-F00373-D002"", ""Optical_A-F00374-D003""]"
Optical_A-T0023,Optical_A,8,8,4.26,0.871118239582578,0.4910465061509842,-0.005132393541220513,29.409814002944078,0.29406577974227255,"[""Optical_A-F00426-D003""]"
Optical_A-T0023,Optical_A,9,9,4.735002459862343,0.868785453498805,0.4951614790316622,-0.0051909028167016836,29.680838971631815,0.2974181589485567,"[""Optical_A-F00473-D002"", ""Optical_A-F00474-D002""]"
Optical_A-T0023,Optical_A,10,10,5.2700000000000005,0.8660694356509956,0.49989607240015177,-0.005258272536517915,29.993581645200603,0.30127821224471324,"[""Optical_A-F00527-D002""]"
Optical_A-T0023,Optical_A,11,11,5.73,0.8636556312979081,0.5040542380841527,-0.005317480307090981,30.269063448277635,0.3046706150423238,"[""Optical_A-F00573-D002""]"
Optical_A-T0023,Optical_A,12,12,6.2750037386473885,0.8606978850080652,0.5090875240411429,-0.005389212215354649,30.60356141114139,0.30878060953631564,"[""Optical_A-F00627-D001"", ""Optical_A-F00628-D002""]"
Optical_A-T0023,Optical_A,13,13,6.7250000645111285,0.858171926562044,0.5133334632408733,-0.005449768611660918,30.886635222377336,0.3122502864218162,"[""Optical_A-F00672-D002"", ""Optical_A-F00673-D003""]"
Optical_A-T0023,Optical_A,14,14,7.2700000000000005,0.8550064235985656,0.5185879795645767,-0.005524767535429256,31.238113900706715,0.31654747291764057,"[""Optical_A-F00727-D002""]"
Optical_A-T0023,Optical_A,15,15,7.7250027461449875,0.8522709608358533,0.5230707164744156,-0.005588817663236296,31.539004592476445,0.32021733157816734,"[""Optical_A-F00772-D001"", ""Optical_A-F00773-D002""]"
Optical_A-T0023,Optical_A,16,16,8.28,0.8488142227547908,0.5286608368432671,-0.0056687597723838225,31.915590918006504,0.32479774960078245,"[""Optical_A-F00828-D002""]"
Optical_A-T0023,Optical_A,17,17,8.72,0.8459755475281419,0.5331908652759615,-0.005733600154539369,32.2218969180286,0.3285128902189014,"[""Optical_A-F00872-D002""]"
Optical_A-T0023,Optical_A,18,18,9.285002851429567,0.8421969321054791,0.5391386361314698,-0.005818812801395192,32.62564224935417,0.33339529669671053,"[""Optical_A-F00928-D003"", ""Optical_A-F00929-D002""]"
Optical_A-T0023,Optical_A,19,19,9.715001200460824,0.8392161357167655,0.5437661650266187,-0.005885178405439749,32.941030846898656,0.3371978308250668,"[""Optical_A-F00971-D002"", ""Optical_A-F00972-D003""]"
Optical_A-T0023,Optical_A,20,20,10.28499987257579,0.8351177487658998,0.5500387643797174,-0.005975230188788321,33.3703460819094,0.3423575086771366,"[""Optical_A-F01028-D002"", ""Optical_A-F01029-D002""]"
Optical_A-T0023,Optical_A,21,21,10.71,0.831947737334025,0.5548210818759101,-0.006043959864272557,33.69909013349599,0.34629550012184235,"[""Optical_A-F01071-D002""]"
Optical_A-T0023,Optical_A,22,22,11.295003969855369,0.8274163989365171,0.5615553336806463,-0.0061408456864310785,34.164161010245344,0.3518467518532449,"[""Optical_A-F01129-D003"", ""Optical_A-F01130-D002""]"
Optical_A-T0023,Optical_A,23,23,11.705000337785656,0.8241196041417671,0.566381770028825,-0.0062103661914923195,34.49905836471883,0.3558300593423053,"[""Optical_A-F01170-D002"", ""Optical_A-F01171-D002""]"
Optical_A-T0024,Optical_A,0,0,0.26,0.8813895956456362,0.47238518856618195,0.002148094717365263,28.189306853496,-0.12307685595198069,"[""Optical_A-F00026-D002""]"
Optical_A-T0024,Optical_A,1,1,0.74,0.8783520100235653,0.4780094643292956,0.0021676021735484983,28.55555075187541,-0.12419455346251021,"[""Optical_A-F00074-D003""]"
Optical_A-T0024,Optical_A,2,2,1.2650025696336082,0.874923929597095,0.48425543324793197,0.0021892437587927257,28.963777928960347,-0.1254345279011706,"[""Optical_A-F00126-D002"", ""Optical_A-F00127-D001""]"
Optical_A-T0024,Optical_A,3,3,1.735001167151923,0.8717576159823369,0.4899324236987737,0.0022088878281907717,29.336218634349898,-0.12656005289161984,"[""Optical_A-F00173-D001"", ""Optical_A-F00174-D002""]"
Optical_A-T0024,Optical_A,4,4,2.2649993418372016,0.8680729253901308,0.4964316843933878,0.0022313527206774186,29.76428317985734,-0.1278471995904814,"[""Optical_A-F00226-D003"", ""Optical_A-F00227-D000""]"
Optical_A-T0025,Optical_A,0,0,0.2647699871085702,0.8768795081398613,0.48070696504837374,-0.001772557016484434,28.731634542213275,0.10156008917383531,"[""Optical_A-F00026-D003"", ""Optical_A-F00027-D001""]"
Optical_A-T0025,Optical_A,1,1,0.734999870391903,0.8740839153475867,0.4857716705123551,-0.0017869130557570977,29.06309337429649,0.10238263093737386,"[""Optical_A-F00073-D001"", ""Optical_A-F00074-D004""]"
Optical_A-T0025,Optical_A,2,2,1.265000437012792,0.8708252400246619,0.49158941144075735,-0.0018033012282884257,29.44515520145127,0.10332160557024336,"[""Optical_A-F00126-D003"", ""Optical_A-F00127-D002""]"
Optical_A-T0025,Optical_A,3,3,1.7348318475188855,0.8678646968568557,0.4967973055202609,-0.001818014677201744,29.788390883171353,0.10416462547697947,"[""Optical_A-F00173-D002"", ""Optical_A-F00174-D003""]"
Optical_A-T0025,Optical_A,4,4,2.27,0.8643689792030634,0.5028547510206216,-0.0018349843167914783,30.189105335925188,0.1051369158271715,"[""Optical_A-F00227-D001""]"
Optical_A-T0025,Optical_A,5,5,2.7253829158773226,0.8612938012111361,0.5081038938580344,-0.0018496057891750747,30.53767121638116,0.1059746659067106,"[""Optical_A-F00272-D002"", ""Optical_A-F00273-D001""]"
Optical_A-T0025,Optical_A,6,6,3.275001597917438,0.8575293301144679,0.5144316869696849,-0.0018674675247891254,30.959535650078426,0.10699806973968888,"[""Optical_A-F00327-D002"", ""Optical_A-F00328-D002""]"
Optical_A-T0025,Optical_A,7,7,3.725001828492511,0.8543358393100332,0.519717933805024,-0.0018822730561385468,31.313394701824787,0.10784636569040734,"[""Optical_A-F00372-D002"", ""Optical_A-F00373-D004""]"
Optical_A-T0025,Optical_A,8,8,4.28,0.850281067522845,0.5263254633107809,-0.0019007585072286267,31.757579789845366,0.10890550591499408,"[""Optical_A-F00428-D002""]"
Optical_A-T0025,Optical_A,9,9,4.72,0.8469721578055008,0.5316337972878059,-0.001915589632934872,32.115976515366306,0.10975526837044616,"[""Optical_A-F00472-D001""]"
Optical_A-T0025,Optical_A,10,10,5.285002369802541,0.8425969419199922,0.5385412238349587,-0.0019348636701654895,32.58445729099599,0.11085959140454292,"[""Optical_A-F00528-D002"", ""Optical_A-F00529-D002""]"
Optical_A-T0025,Optical_A,11,11,5.715001122536448,0.8391692107917191,0.5438669270251962,-0.0019497044322566326,32.947337931780346,0.11170990604102458,"[""Optical_A-F00571-D003"", ""Optical_A-F00572-D002""]"
Optical_A-T0025,Optical_A,12,12,6.286793487847094,0.8345508187350615,0.5509274465212467,-0.0019696746475839906,33.430736336501596,0.11285411729237556,"[""Optical_A-F00628-D003"", ""Optical_A-F00629-D001""]"
Optical_A-T0025,Optical_A,13,13,6.71,0.8308987932385914,0.5564200362160763,-0.001984613804509823,33.808654709899244,0.11371006960672027,"[""Optical_A-F00671-D002""]"
Optical_A-T0025,Optical_A,14,14,7.295002475210328,0.8258058307357387,0.5639509800140332,-0.002005508431334889,34.32955584709083,0.11490724592086334,"[""Optical_A-F00729-D002"", ""Optical_A-F00730-D002""]"
Optical_A-T0025,Optical_A,15,15,7.705000983029789,0.8221306626616283,0.5692952589305255,-0.002020314524544595,34.7011775956204,0.11575557429150007,"[""Optical_A-F00770-D002"", ""Optical_A-F00771-D002""]"
Optical_A-T0025,Optical_A,16,16,8.29721003693004,0.8167458958825685,0.5769939098699179,-0.0020419431935381057,35.23947122440003,0.1169948082975608,"[""Optical_A-F00829-D002"", ""Optical_A-F00830-D002""]"
Optical_A-T0025,Optical_A,17,17,8.700000000000001,0.8128331648159864,0.5824929319408496,-0.002056797068313812,35.626160743121474,0.11784587441883826,"[""Optical_A-F00870-D002""]"
Optical_A-T0025,Optical_A,18,18,9.305002239152355,0.8069067379134006,0.5906752005886782,-0.002079355544247765,36.20502780664462,0.11913838264612138,"[""Optical_A-F00930-D002"", ""Optical_A-F00931-D002""]"
Optical_A-T0025,Optical_A,19,19,9.695001423406572,0.802972682598652,0.5960121525441696,-0.002094043932234453,36.58491308304601,0.1199799671178811,"[""Optical_A-F00969-D003"", ""Optical_A-F00970-D002""]"
Optical_A-T0025,Optical_A,20,20,10.31,0.796581196802019,0.6045278433199481,-0.002117440057073913,37.1949709651454,0.12132046930017065,"[""Optical_A-F01031-D003""]"
Optical_A-T0025,Optical_A,21,21,10.69,0.7925142580486632,0.6098496578740991,-0.0021320366839039278,37.57873325130258,0.12215679630047209,"[""Optical_A-F01069-D002""]"
Optical_A-T0025,Optical_A,22,22,11.31500122276934,0.7856228897050035,0.6187018875722504,-0.0021562667029675275,38.2215061697749,0.1235450773216077,"[""Optical_A-F01131-D002"", ""Optical_A-F01132-D003""]"
Optical_A-T0025,Optical_A,23,23,11.685002232631593,0.781421399263191,0.623999907579004,-0.0021707406457239543,38.60892871620923,0.12437437509534145,"[""Optical_A-F01168-D003"", ""Optical_A-F01169-D002""]"
Optical_A-T0026,Optical_A,0,0,0.26500151854471543,0.8723804186469151,0.48881428503695357,0.0036055381353138627,29.26288640189502,-0.20658256562089808,"[""Optical_A-F00026-D004"", ""Optical_A-F00027-D002""]"
Optical_A-T0026,Optical_A,1,1,0.7350024985128826,0.8697015511724661,0.4935770287928388,0.0009636058528397438,29.575976801616648,-0.05521055702599103,"[""Optical_A-F00073-D000"", ""Optical_A-F00074-D001""]"
Optical_A-T0026,Optical_A,2,2,1.27,0.8650283678422338,0.5017220053176394,0.000975811584106646,30.11400832134083,-0.05590989424226544,"[""Optical_A-F00127-D000""]"
Optical_A-T0026,Optical_A,3,3,1.7249991976507122,0.8608979806457232,0.5087766641709491,0.0009863646370442793,30.58239473568182,-0.056514539927568816,"[""Optical_A-F00172-D000"", ""Optical_A-F00173-D000""]"
Optical_A-T0026,Optical_A,4,4,2.2800000000000002,0.8556568465084463,0.5175426186369464,0.0009994586703566013,31.167576406188605,-0.05726477314299156,"[""Optical_A-F00228-D000""]"
Optical_A-T0026,Optical_A,5,5,2.7223327782761637,0.8514021627572643,0.5245124755565324,0.001010068220935883,31.635447150309886,-0.0578726559205618,"[""Optical_A-F00272-D000"", ""Optical_A-F00273-D000""]"
Optical_A-T0026,Optical_A,6,6,3.2821841229564295,0.8455043554799574,0.5339675428966842,0.0010237173923353935,32.27393873770621,-0.05865469623995322,"[""Optical_A-F00328-D000"", ""Optical_A-F00329-D000""]"
Optical_A-T0026,Optical_A,7,7,3.715000773021483,0.8409955129118925,0.5410411049119193,0.0010344359586668675,32.7545592469436,-0.05926882517836162,"[""Optical_A-F00371-D000"", ""Optical_A-F00372-D000""]"
Optical_A-T0026,Optical_A,8,8,4.286025413315477,0.8347640125264058,0.5506068864363776,0.0010488086825677122,33.40867866686965,-0.060092322044731646,"[""Optical_A-F00428-D000"", ""Optical_A-F00429-D000""]"
Optical_A-T0026,Optical_A,9,9,4.71,0.8298061810747833,0.5580506957359854,0.001059640819736202,33.921118908433506,-0.06071295813248035,"[""Optical_A-F00471-D000""]"
Optical_A-T0026,Optical_A,10,10,5.295001599210091,0.8228012990324195,0.5683281332646604,0.0010748257856793796,34.633746357479446,-0.06158299308856203,"[""Optical_A-F00529-D000"", ""Optical_A-F00530-D000""]"
Optical_A-T0026,Optical_A,11,11,5.705003214008348,0.8176931862628233,0.5756532589673906,0.0010856240483162354,35.14541693477369,-0.062201688324704164,"[""Optical_A-F00570-D000"", ""Optical_A-F00571-D000""]"
Optical_A-T0026,Optical_A,12,12,6.303928884420463,0.8098284808950423,0.5866656781612855,0.0011016345978631485,35.920775086670645,-0.06311902579001664,"[""Optical_A-F00630-D000"", ""Optical_A-F00631-D000""]"
Optical_A-T0026,Optical_A,13,13,6.695001058263024,0.8046444037292046,0.5937559654390185,0.0011122287767906956,36.42402456861453,-0.06372602790185364,"[""Optical_A-F00669-D000"", ""Optical_A-F00670-D000""]"
Optical_A-T0026,Optical_A,14,14,7.3100000000000005,0.7960005507137311,0.6052948441394933,0.001129124255034212,37.25008939482662,-0.06469406810596247,"[""Optical_A-F00731-D000""]"
Optical_A-T0026,Optical_A,15,15,7.685183933249196,0.7904886248197966,0.6124756610833069,0.0011395661776063054,37.76875427361884,-0.06529234658426279,"[""Optical_A-F00768-D000"", ""Optical_A-F00769-D000""]"
Optical_A-T0026,Optical_A,16,16,8.314999691887591,0.7809234925685635,0.624625615374916,0.001157312414193486,38.6547445814189,-0.06630913171348793,"[""Optical_A-F00831-D000"", ""Optical_A-F00832-D000""]"
Optical_A-T0026,Optical_A,17,17,8.68,0.7751393633640088,0.6317892083530859,0.0011677209514078268,39.18228262808112,-0.06690549736975503,"[""Optical_A-F00868-D000""]"
Optical_A-T0026,Optical_A,18,18,9.325001085434721,0.7644949937388991,0.6446285730509075,0.001186319734079176,40.13786685985241,-0.06797112985907132,"[""Optical_A-F00932-D000"", ""Optical_A-F00933-D000""]"
Optical_A-T0026,Optical_A,19,19,9.671516429871788,0.7586484522822787,0.6514991131381394,0.0011964238049993379,40.65475937989342,-0.06855005088955068,"[""Optical_A-F00967-D000"", ""Optical_A-F00968-D000""]"
Optical_A-T0026,Optical_A,20,20,10.335001877369786,0.7466829497955122,0.6651789939308898,0.0012159431574132289,41.6960965167926,-0.0696684282152648,"[""Optical_A-F01033-D000"", ""Optical_A-F01034-D000""]"
Optical_A-T0026,Optical_A,21,21,10.665002707197331,0.7405448968295586,0.6720057688326886,0.0012257386693912693,42.222099444151105,-0.07022967012803097,"[""Optical_A-F01066-D000"", ""Optical_A-F01067-D000""]"
Optical_A-T0026,Optical_A,22,22,11.345002571299299,0.7273780328766839,0.6862358519895513,0.0012460869233419274,43.33291954338463,-0.07139554009030631,"[""Optical_A-F01134-D000"", ""Optical_A-F01135-D000""]"
Optical_A-T0026,Optical_A,23,23,11.655001961357787,0.7211366865507837,0.6927916737449548,0.0012554283018829334,43.85154570534168,-0.07193076207419134,"[""Optical_A-F01165-D000"", ""Optical_A-F01166-D000""]"
Optical_A-T0027,Optical_A,0,0,0.2689656599765182,0.8672174983083131,0.4979196893460403,-0.003129471107640995,29.862624019425123,0.17930577925130237,"[""Optical_A-F00026-D005"", ""Optical_A-F00027-D003""]"
Optical_A-T0027,Optical_A,1,1,0.73,0.8643972967397977,0.5027995360248246,-0.003152770551647626,30.185554937070485,0.18064074564374658,"[""Optical_A-F00073-D003""]"
Optical_A-T0027,Optical_A,2,2,1.2750032812202923,0.8610108309402627,0.5085766732044543,-0.003180640792061153,30.569240272684898,0.18223760080017995,"[""Optical_A-F00127-D004"", ""Optical_A-F00128-D001""]"
Optical_A-T0027,Optical_A,3,3,1.7249998403838003,0.8581393880783623,0.5134067837032411,-0.0032039157272789596,30.89119747022221,0.1835711631515753,"[""Optical_A-F00172-D002"", ""Optical_A-F00173-D004""]"
Optical_A-T0027,Optical_A,4,4,2.275000257196111,0.8545346711929892,0.5193842945859638,-0.0032326871996666974,31.291142214834927,0.18521965562694978,"[""Optical_A-F00227-D003"", ""Optical_A-F00228-D002""]"
Optical_A-T0027,Optical_A,5,5,2.72347265614208,0.8515766553484028,0.5242199879641604,-0.003256422037028133,31.615935067117974,0.18657956879323478,"[""Optical_A-F00272-D003"", ""Optical_A-F00273-D003""]"
Optical_A-T0027,Optical_A,6,6,3.2800000000000002,0.8476667765515925,0.5305188374577384,-0.0032861882359630367,32.04071091065245,0.18828505549001845,"[""Optical_A-F00328-D004""]"
Optical_A-T0027,Optical_A,7,7,3.714998601941197,0.8445767345275595,0.5354243039631749,-0.00330971604733665,32.37289018356924,0.18963310711399126,"[""Optical_A-F00371-D002"", ""Optical_A-F00372-D004""]"
Optical_A-T0027,Optical_A,8,8,4.285001363612775,0.8404162854727293,0.541931089334137,-0.0033408869085436495,32.8153996558135,0.19141907577933026,"[""Optical_A-F00428-D004"", ""Optical_A-F00429-D002""]"
Optical_A-T0027,Optical_A,9,9,4.715001731543263,0.8371916606583925,0.5468992616643628,-0.0033646567459557153,33.154760184993435,0.19278099479752697,"[""Optical_A-F00471-D002"", ""Optical_A-F00472-D003""]"
Optical_A-T0027,Optical_A,10,10,5.29,0.8327603407109231,0.5536232263849091,-0.003396784684215199,33.61615804825235,0.19462180058389705,"[""Optical_A-F00529-D003""]"
Optical_A-T0027,Optical_A,11,11,5.71,0.8294349285085492,0.5585928745948969,-0.0034205002305989184,33.95876712756391,0.1959806091944779,"[""Optical_A-F00571-D004""]"
Optical_A-T0027,Optical_A,12,12,6.295002145637076,0.8246743163824639,0.5655973325898179,-0.0034538770097831883,34.444015823306806,0.19789296907216258,"[""Optical_A-F00629-D003"", ""Optical_A-F00630-D002""]"
Optical_A-T0027,Optical_A,13,13,6.705001181615147,0.8212462792429036,0.5705632793736796,-0.003477507733899761,34.789754973866316,0.1992469179620922,"[""Optical_A-F00670-D002"", ""Optical_A-F00671-D004""]"
Optical_A-T0027,Optical_A,14,14,7.3,0.8161327196564808,0.577853829889185,-0.0035121487037156566,35.299983818541136,0.2012317114518788,"[""Optical_A-F00730-D003""]"
Optical_A-T0027,Optical_A,15,15,7.7,0.8126004135007197,0.5828104898208649,-0.0035356658810900875,35.64871814173065,0.20257915482777505,"[""Optical_A-F00770-D003""]"
Optical_A-T0027,Optical_A,16,16,8.305002325823795,0.8071083159234504,0.5903925898645017,-0.0035715823241372654,36.18513983422037,0.20463702842331716,"[""Optical_A-F00830-D003"", ""Optical_A-F00831-D002""]"
Optical_A-T0027,Optical_A,17,17,8.695000943931737,0.8034704442351901,0.5953337900251781,-0.003594954069756037,36.53670521991246,0.20597613940415013,"[""Optical_A-F00869-D001"", ""Optical_A-F00870-D003""]"
Optical_A-T0027,Optical_A,18,18,9.31,0.7975730397859792,0.6032114502286043,-0.0036321508306948734,37.10053457180292,0.20810737073222585,"[""Optical_A-F00931-D003""]"
Optical_A-T0027,Optical_A,19,19,9.69,0.7938285973319839,0.6081305752425491,-0.003655340353711725,37.45474702233513,0.20943604135037341,"[""Optical_A-F00969-D004""]"
Optical_A-T0027,Optical_A,20,20,10.315001981535204,0.7874975739467608,0.6163066823843056,-0.0036938159695023595,38.04723353851816,0.21164054663272341,"[""Optical_A-F01031-D004"", ""Optical_A-F01032-D001""]"
Optical_A-T0027,Optical_A,21,21,10.685001332016917,0.783646022461174,0.621196504319109,-0.0037167865825878366,38.40387601595112,0.2129566748501408,"[""Optical_A-F01068-D002"", ""Optical_A-F01069-D003""]"
Optical_A-T0027,Optical_A,22,22,11.32,0.7768509911044118,0.6296732693089844,-0.0037565326869990054,39.02634872658258,0.2152339747837352,"[""Optical_A-F01132-D004""]"
Optical_A-T0027,Optical_A,23,23,11.68,0.772892268480021,0.6345260110154044,-0.0037792418136524883,39.38517436730647,0.21653512113363924,"[""Optical_A-F01168-D004""]"
Optical_A-T0028,Optical_A,0,0,0.26500161379990383,0.8738269369119456,0.4862370658185879,-1.2297033296852872e-05,29.0935534303953,0.000704568108459271,"[""Optical_A-F00026-D006"", ""Optical_A-F00027-D005""]"
Optical_A-T0028,Optical_A,1,1,0.7350009726218556,0.8722766107396125,0.48901279554121413,-1.2392793496831058e-05,29.27571612568007,0.0007100547637637679,"[""Optical_A-F00073-D004"", ""Optical_A-F00074-D006""]"
Optical_A-T0028,Optical_A,2,2,1.2650000865611715,0.8704883602137314,0.4921890029004079,-1.250245629984611e-05,29.484560207496685,0.0007163379795465917,"[""Optical_A-F00126-D005"", ""Optical_A-F00127-D005""]"
Optical_A-T0028,Optical_A,3,3,1.74,0.8688483115694816,0.4950783890698879,-1.2602617531836961e-05,29.674919536237756,0.0007220767954109503,"[""Optical_A-F00174-D004""]"
Optical_A-T0028,Optical_A,4,4,2.27,0.866976268672693,0.4983494249988558,-1.27155204957375e-05,29.890858789197935,0.0007285456587374873,"[""Optical_A-F00227-D004""]"
Optical_A-T0028,Optical_A,5,5,2.73,0.8653134633282588,0.501231094425161,-1.2814431500041696e-05,30.081482032836703,0.0007342128418319799,"[""Optical_A-F00273-D004""]"
Optical_A-T0028,Optical_A,6,6,3.27,0.8633154033084957,0.5046647543101972,-1.2935134176380751e-05,30.309100539960767,0.0007411285957627145,"[""Optical_A-F00327-D004""]"
Optical_A-T0028,Optical_A,7,7,3.726550396041052,0.8615330462455035,0.507701497000959,-1.303565134639198e-05,30.510848536961245,0.0007468878053734425,"[""Optical_A-F00372-D005"", ""Optical_A-F00373-D006""]"
Optical_A-T0028,Optical_A,8,8,4.275002300673652,0.8594589223054717,0.5112048128649874,-1.3160179010284709e-05,30.744115094586103,0.0007540227149477315,"[""Optical_A-F00427-D004"", ""Optical_A-F00428-D005""]"
Optical_A-T0028,Optical_A,9,9,4.725000410564045,0.8576714014425721,0.5141981786933603,-1.3265202940427366e-05,30.943875185528288,0.0007600401428933078,"[""Optical_A-F00472-D004"", ""Optical_A-F00473-D004""]"
Optical_A-T0028,Optical_A,10,10,5.275000316641707,0.8554334977708283,0.517912667070605,-1.33932472727892e-05,31.1923412002937,0.000767376542728863,"[""Optical_A-F00527-D003"", ""Optical_A-F00528-D003""]"
Optical_A-T0028,Optical_A,11,11,5.725002301056966,0.853557664250264,0.5209983815880412,-1.3500946034081847e-05,31.399244817441122,0.0007735472272102764,"[""Optical_A-F00572-D003"", ""Optical_A-F00573-D003""]"
Optical_A-T0028,Optical_A,12,12,6.278431121930986,0.8512388534126261,0.5247784430165295,-1.3634691207697031e-05,31.653329347795058,0.0007812102611893764,"[""Optical_A-F00627-D002"", ""Optical_A-F00628-D005""]"
Optical_A-T0028,Optical_A,13,13,6.72,0.8492608000689732,0.5279735725179043,-1.3743680258887655e-05,31.868639265281296,0.0007874548738363195,"[""Optical_A-F00672-D004""]"
Optical_A-T0028,Optical_A,14,14,7.28,0.8467478986712438,0.5319943570218308,-1.3883876601516504e-05,32.14030479511232,0.0007954875325728889,"[""Optical_A-F00728-D003""]"
Optical_A-T0028,Optical_A,15,15,7.72,0.8447236361346363,0.5352027450972802,-1.3993367494969963e-05,32.357662133461055,0.0008017608986634981,"[""Optical_A-F00772-D003""]"
Optical_A-T0028,Optical_A,16,16,8.285001858546623,0.8420577600383276,0.5393873641079399,-1.4139413385211881e-05,32.641943803769585,0.0008101287117904188,"[""Optical_A-F00828-D003"", ""Optical_A-F00829-D004""]"
Optical_A-T0028,Optical_A,17,17,8.71500094551823,0.8399771976217278,0.5426216981216483,-1.4252289594724113e-05,32.86228816621305,0.0008165960422035557,"[""Optical_A-F00871-D003"", ""Optical_A-F00872-D003""]"
Optical_A-T0028,Optical_A,18,18,9.284999686558653,0.8371480012014345,0.5469764381369366,-1.4403927606816111e-05,33.159830249849556,0.0008252842603110727,"[""Optical_A-F00928-D004"", ""Optical_A-F00929-D004""]"
Optical_A-T0028,Optical_A,19,19,9.714924453927368,0.8349646162005147,0.5503036338988196,-1.45217472256259e-05,33.387846020130766,0.0008320348272134199,"[""Optical_A-F00971-D004"", ""Optical_A-F00972-D005""]"
Optical_A-T0028,Optical_A,20,20,10.290000000000001,0.8319526070291803,0.5548466990457023,-1.467782286444095e-05,33.70015644673259,0.0008409773026032835,"[""Optical_A-F01029-D004""]"
Optical_A-T0028,Optical_A,21,21,10.71,0.8296996359169497,0.5582100983861914,-1.4797279816239622e-05,33.932104286263794,0.0008478216817755885,"[""Optical_A-F01071-D004""]"
Optical_A-T0028,Optical_A,22,22,11.295002605826006,0.8264773386188449,0.5629699890097388,-1.4962817863010301e-05,34.26144214937245,0.0008573063132054376,"[""Optical_A-F01129-D004"", ""Optical_A-F01130-D004""]"
Optical_A-T0028,Optical_A,23,23,11.705000283339722,0.8241589198799163,0.5663586095001146,-1.5081986157950984e-05,34.496688865633985,0.0008641341535580795,"[""Optical_A-F01170-D004"", ""Optical_A-F01171-D004""]"
Optical_A-T0029,Optical_A,0,0,0.27499972222735536,0.852635151402987,0.522476989167949,-0.005576233675212541,31.499096035071307,0.31949631093971337,"[""Optical_A-F00027-D004"", ""Optical_A-F00028-D001""]"
Optical_A-T0029,Optical_A,1,1,0.72,0.8496017552882303,0.527394832054592,-0.005616808103080977,31.83016356926065,0.32182109082044613,"[""Optical_A-F00072-D001""]"
Optical_A-T0029,Optical_A,2,2,1.2803274519579126,0.8456651768155716,0.5336836864228751,-0.005668471361681573,32.255267150664146,0.3247812246192748,"[""Optical_A-F00128-D002"", ""Optical_A-F00129-D003""]"
Optical_A-T0029,Optical_A,3,3,1.714999297091598,0.8425504525318201,0.5385871725679005,-0.005708982723717989,32.58811011880063,0.3271023922451174,"[""Optical_A-F00171-D001"", ""Optical_A-F00172-D003""]"
Optical_A-T0029,Optical_A,4,4,2.2850006658203803,0.8383373308750045,0.5451213727613065,-0.005762692096754599,33.03357682520886,0.33017976326368814,"[""Optical_A-F00228-D003"", ""Optical_A-F00229-D001""]"
Optical_A-T0029,Optical_A,5,5,2.7150025580268333,0.8350719729969326,0.5501100958985411,-0.005803645880658363,33.37520199119391,0.33252628147665864,"[""Optical_A-F00271-D000"", ""Optical_A-F00272-D004""]"
Optical_A-T0029,Optical_A,6,6,3.29,0.8305848729033307,0.5568612404492511,-0.005858992189736825,33.83966765553733,0.33569744531591844,"[""Optical_A-F00329-D002""]"
Optical_A-T0029,Optical_A,7,7,3.704998445949523,0.8272581219008653,0.5617910620365217,-0.005899352924693033,34.18042940882287,0.33800998505354407,"[""Optical_A-F00370-D002"", ""Optical_A-F00371-D003""]"
Optical_A-T0029,Optical_A,8,8,4.295001303639057,0.8223976589770216,0.5688818864906218,-0.00595732590900208,34.67299634297203,0.341331650751525,"[""Optical_A-F00429-D003"", ""Optical_A-F00430-D001""]"
Optical_A-T0029,Optical_A,9,9,4.7050019650983606,0.8189269242067025,0.5738664622904626,-0.005998021972192654,35.02101067863999,0.3436634050754813,"[""Optical_A-F00470-D001"", ""Optical_A-F00471-D003""]"
Optical_A-T0029,Optical_A,10,10,5.3,0.8137499195680225,0.5811835966755942,-0.006057669375046409,35.53458445883539,0.3470810116082247,"[""Optical_A-F00530-D002""]"
Optical_A-T0029,Optical_A,11,11,5.698044309128934,0.8101230944858742,0.5862281010207964,-0.006097979516401305,35.890568049280844,0.3493906552390465,"[""Optical_A-F00569-D002"", ""Optical_A-F00570-D002""]"
Optical_A-T0029,Optical_A,12,12,6.305001471064456,0.8046143769328064,0.5937657442095856,-0.006159986710118106,36.425496928395404,0.3529434724694494,"[""Optical_A-F00630-D003"", ""Optical_A-F00631-D002""]"
Optical_A-T0029,Optical_A,13,13,6.695001772390748,0.800931972083443,0.5987232528139623,-0.006200212447568101,36.779335246974924,0.3552482814682232,"[""Optical_A-F00669-D002"", ""Optical_A-F00670-D003""]"
Optical_A-T0029,Optical_A,14,14,7.3100000000000005,0.7949627878517657,0.6066258528991545,-0.0062642258358261045,37.3467858320957,0.35891604967813423,"[""Optical_A-F00731-D002""]"
Optical_A-T0029,Optical_A,15,15,7.68697378255256,0.7911176228175505,0.6116315627685676,-0.006303831595737872,37.708449441743745,0.3611853373720478,"[""Optical_A-F00768-D002"", ""Optical_A-F00769-D002""]"
Optical_A-T0029,Optical_A,16,16,8.315001045900933,0.7847657313912859,0.6197597646249943,-0.006370320703998357,38.2995114574595,0.3649949591548449,"[""Optical_A-F00831-D003"", ""Optical_A-F00832-D002""]"
Optical_A-T0029,Optical_A,17,17,8.685002292475849,0.780868080955166,0.6246630725445274,-0.006409831871974763,38.65840372203901,0.36725882854451875,"[""Optical_A-F00868-D002"", ""Optical_A-F00869-D002""]"
Optical_A-T0030,Optical_A,0,0,0.28,0.8493733137265903,0.5277668627041402,0.005206972300743911,31.855177165412073,-0.29833888500635325,"[""Optical_A-F00028-D000""]"
Optical_A-T0030,Optical_A,1,1,0.72,0.8471128539604366,0.5313870540195035,0.005254662261025886,32.09971666344581,-0.30107135583835287,"[""Optical_A-F00072-D000""]"
Optical_A-T0030,Optical_A,2,2,1.2850033882489518,0.8441253996863896,0.5361194256558264,0.005317051698072701,32.4203743817797,-0.30464605720734694,"[""Optical_A-F00128-D000"", ""Optical_A-F00129-D001""]"
Optical_A-T0030,Optical_A,3,3,1.7149998238276165,0.8417856857682255,0.539785208694289,0.005365418024835295,32.66954710539913,-0.3074172831318073,"[""Optical_A-F00171-D000"", ""Optical_A-F00172-D001""]"
Optical_A-T0030,Optical_A,4,4,2.2850009050711186,0.8385924600512411,0.5447322213485014,0.00543074303709028,33.00691531545295,-0.311160185164444,"[""Optical_A-F00228-D001"", ""Optical_A-F00229-D000""]"
Optical_A-T0030,Optical_A,5,5,2.72,0.8360826782838413,0.548576072890462,0.0054815441070199715,33.269945153744295,-0.3140709153922954,"[""Optical_A-F00272-D001""]"
Optical_A-T0030,Optical_A,6,6,3.29,0.8326943313728664,0.5537051154176998,0.00554938372855936,33.622159234484776,-0.3179578985131406,"[""Optical_A-F00329-D001""]"
Optical_A-T0030,Optical_A,7,7,3.71,0.8301229099079213,0.5575523212197289,0.005600316821184357,33.88729637196688,-0.32087619510757476,"[""Optical_A-F00371-D001""]"
Optical_A-T0030,Optical_A,8,8,4.2950031767667785,0.826430875317268,0.5630096176977928,0.005672627444100085,34.26481747840153,-0.3250193544297425,"[""Optical_A-F00429-D001"", ""Optical_A-F00430-D000""]"
Optical_A-T0030,Optical_A,9,9,4.705000087696355,0.8237640973803678,0.5669038230106589,0.005724274889230779,34.53524690708189,-0.32797858310563205,"[""Optical_A-F00470-D000"", ""Optical_A-F00471-D001""]"
Optical_A-T0030,Optical_A,10,10,5.3,0.8197726577550914,0.5726597083739521,0.005800689805013709,34.936577714226566,-0.33235690796728207,"[""Optical_A-F00530-D001""]"
Optical_A-T0030,Optical_A,11,11,5.70377266390689,0.8170557691301613,0.5765289289550047,0.005853563796155099,35.20746712012086,-0.3353864159405731,"[""Optical_A-F00570-D001"", ""Optical_A-F00571-D002""]"
Optical_A-T0030,Optical_A,12,12,6.3,0.8127238512248133,0.582618863226991,0.005933115741030973,35.63567406528255,-0.33994448579010317,"[""Optical_A-F00630-D001""]"
Optical_A-T0030,Optical_A,13,13,6.696010314491217,0.8097360665195356,0.5867637159211443,0.00598700725579195,35.92843052408329,-0.34303229698146376,"[""Optical_A-F00669-D001"", ""Optical_A-F00670-D001""]"
Optical_A-T0030,Optical_A,14,14,7.305001970951123,0.8051782549083429,0.593001783418432,0.006071464840917268,36.37109224113953,-0.34787144811490356,"[""Optical_A-F00730-D001"", ""Optical_A-F00731-D001""]"
Optical_A-T0030,Optical_A,15,15,7.695001694793563,0.8021174940438512,0.5971348174614836,0.006126624197143005,36.665769006238925,-0.3510319052101295,"[""Optical_A-F00769-D001"", ""Optical_A-F00770-D001""]"
Optical_A-T0030,Optical_A,16,16,8.31,0.7971315129871931,0.6037737331005123,0.006215321441394155,37.14149041219278,-0.3561139797277486,"[""Optical_A-F00831-D001""]"
Optical_A-T0030,Optical_A,17,17,8.69,0.7939498602010738,0.607950895658504,0.006271200420814939,37.44234912362636,-0.35931567181135116,"[""Optical_A-F00869-D000""]"
Optical_A-T0030,Optical_A,18,18,9.31500279267129,0.7885413963333888,0.6149487409446323,0.006364925702708722,37.94910090738623,-0.3646858420835903,"[""Optical_A-F00931-D001"", ""Optical_A-F00932-D001""]"
Optical_A-T0030,Optical_A,19,19,9.685000962151562,0.7852328451804478,0.6191672982465142,0.006421497639276654,38.25628313375315,-0.36792724153203554,"[""Optical_A-F00968-D001"", ""Optical_A-F00969-D002""]"
Optical_A-T0030,Optical_A,20,20,10.315346197272156,0.7794428063189923,0.6264394655767579,0.006519788760356164,38.78889727858962,-0.37355902583622,"[""Optical_A-F01031-D002"", ""Optical_A-F01032-D000""]"
Optical_A-T0030,Optical_A,21,21,10.68,0.7759194784704483,0.6307976665547299,0.0065777503187244915,39.11000515565546,-0.3768800497193051,"[""Optical_A-F01068-D001""]"
Optical_A-T0030,Optical_A,22,22,11.325003088378246,0.7695399785426561,0.6385636756592259,0.00668233141554949,39.685861110432846,-0.3828722368890148,"[""Optical_A-F01132-D002"", ""Optical_A-F01133-D000""]"
Optical_A-T0030,Optical_A,23,23,11.675000855641475,0.7659589452684313,0.6428541545556787,0.006740187962937414,40.006069668095535,-0.38618724752855255,"[""Optical_A-F01167-D000"", ""Optical_A-F01168-D002""]"
Optical_A-T0031,Optical_A,0,0,0.2950031196881104,0.8261101176578607,0.563494769355352,0.0039646453150590285,34.29813771958712,-0.22715803891580594,"[""Optical_A-F00029-D000"", ""Optical_A-F00030-D000""]"
Optical_A-T0031,Optical_A,1,1,0.71,0.8255312033693024,0.5643557207608496,0.0009234219694139456,34.35758006385126,-0.05290818907628668,"[""Optical_A-F00071-D003""]"
Optical_A-T0031,Optical_A,2,2,1.2950018809784818,0.8242782841798852,0.5661841699153964,-0.0008921696462870161,34.48457831261611,0.051117562123239736,"[""Optical_A-F00129-D004"", ""Optical_A-F00130-D003""]"
Optical_A-T0031,Optical_A,3,3,1.7,0.8220086177781367,0.5694743401775648,-0.0008989870991781263,34.713594065987316,0.05150817355757742,"[""Optical_A-F00170-D003""]"
Optical_A-T0031,Optical_A,4,4,2.294999470143901,0.8185865621781163,0.5743824628591807,-0.0009091651306959202,35.05641377068291,0.05209133204562406,"[""Optical_A-F00229-D002"", ""Optical_A-F00230-D003""]"
Optical_A-T0031,Optical_A,5,5,2.7,0.8161951102796379,0.5777756506805111,-0.0009162075758813093,35.29426238067576,0.05249483460025803,"[""Optical_A-F00270-D003""]"
Optical_A-T0031,Optical_A,6,6,3.3000000000000003,0.812557123554872,0.582880829999052,-0.000926811657801971,35.65343867470622,0.053102403997893705,"[""Optical_A-F00330-D002""]"
Optical_A-T0031,Optical_A,7,7,3.6971294883468695,0.810007010488607,0.5864194494548493,-0.0009339488108293261,35.90334911813749,0.05351133292108703,"[""Optical_A-F00369-D003"", ""Optical_A-F00370-D003""]"
Optical_A-T0031,Optical_A,8,8,4.305001881876066,0.8061961112405949,0.5916476460746327,-0.0009450475588885557,36.27403632173376,0.054147244623409134,"[""Optical_A-F00430-D002"", ""Optical_A-F00431-D003""]"
Optical_A-T0031,Optical_A,9,9,4.695001152248411,0.8036335632974728,0.5951236754558052,-0.0009522887063563873,36.521468382633586,0.054562131998842016,"[""Optical_A-F00469-D002"", ""Optical_A-F00470-D002""]"
Optical_A-T0031,Optical_A,10,10,5.304999188465709,0.7995149359628685,0.6006454347285833,-0.000963800809951733,36.91615749434754,0.055221727250881106,"[""Optical_A-F00530-D003"", ""Optical_A-F00531-D002""]"
Optical_A-T0031,Optical_A,11,11,5.69,0.796843522661932,0.6041849527981394,-0.0009711869197472719,37.17023496688459,0.05564492036725049,"[""Optical_A-F00569-D003""]"
Optical_A-T0031,Optical_A,12,12,6.3100000000000005,0.7924210510402417,0.6099736969954043,-0.0009832812605948054,37.587622431521524,0.056337875384692475,"[""Optical_A-F00631-D003""]"
Optical_A-T0031,Optical_A,13,13,6.684999303887338,0.7896713940975272,0.6135292232846628,-0.000990716804329862,37.845150447938394,0.05676390086660719,"[""Optical_A-F00668-D002"", ""Optical_A-F00669-D003""]"
Optical_A-T0031,Optical_A,14,14,7.315001051378825,0.7849202542990402,0.6195959873517572,-0.0010034185224266523,38.28666009785101,0.057491656067869906,"[""Optical_A-F00731-D003"", ""Optical_A-F00732-D002""]"
Optical_A-T0031,Optical_A,15,15,7.685002151095924,0.7820504430149066,0.6232143150269053,-0.001011002341117166,38.551265949801625,0.05792617709183476,"[""Optical_A-F00768-D003"", ""Optical_A-F00769-D003""]"
Optical_A-T0031,Optical_A,16,16,8.32,0.7769828950265599,0.629520874774898,-0.0010242357116855133,39.01480673547157,0.05868439376672439,"[""Optical_A-F00832-D003""]"
Optical_A-T0031,Optical_A,17,17,8.68,0.7740274601818526,0.6331511874320889,-0.001031861311643266,39.28302093095642,0.05912130869144401,"[""Optical_A-F00868-D003""]"
Optical_A-T0031,Optical_A,18,18,9.325002287096938,0.7685774722982114,0.6397558717756127,-0.001045755381559831,39.77364395952646,0.05991738068745911,"[""Optical_A-F00932-D002"", ""Optical_A-F00933-D002""]"
Optical_A-T0031,Optical_A,19,19,9.68,0.765489664013892,0.6434473283547734,-0.00105352788438417,40.04938778965675,0.06036271254087008,"[""Optical_A-F00968-D003""]"
Optical_A-T0031,Optical_A,20,20,10.324999136351192,0.7597146803709257,0.6502556912855717,-0.001067885586307481,40.56091063731541,0.061185348727363344,"[""Optical_A-F01032-D003"", ""Optical_A-F01033-D003""]"
Optical_A-T0031,Optical_A,21,21,10.67,0.7565353792387302,0.6539518811423327,-0.0010756907154106448,40.84025238678034,0.06163254994038725,"[""Optical_A-F01067-D002""]"
Optical_A-T0031,Optical_A,22,22,11.335003036694186,0.7502215445086464,0.6611856349800893,-0.001090986268080384,41.39038890649319,0.06250892106795641,"[""Optical_A-F01133-D002"", ""Optical_A-F01134-D003""]"
Optical_A-T0031,Optical_A,23,23,11.66500026505911,0.7469948553837658,0.6648289094857258,-0.0010987002355128538,41.66923191357501,0.06295089911003497,"[""Optical_A-F01166-D003"", ""Optical_A-F01167-D002""]"
Optical_A-T0032,Optical_A,0,0,0.2950029556828816,0.8257391010635826,0.5640041671979191,0.00736453379979609,34.33422871476286,-0.4219605191353436,"[""Optical_A-F00029-D001"", ""Optical_A-F00030-D001""]"
Optical_A-T0032,Optical_A,1,1,0.7050007556342743,0.8231119980037814,0.5678649467807517,0.004005116717028359,34.60179283177897,-0.22947689785075875,"[""Optical_A-F00070-D000"", ""Optical_A-F00071-D000""]"
Optical_A-T0032,Optical_A,2,2,1.2950001737235004,0.8208545212366531,0.5711365740492934,0.0009320668329222427,34.82953792066601,-0.0534035034829413,"[""Optical_A-F00129-D005"", ""Optical_A-F00130-D004""]"
Optical_A-T0032,Optical_A,3,3,1.7050028533481378,0.8174906443743031,0.5759411134614053,0.0009381819245081951,35.16558338335482,-0.05375387257534438,"[""Optical_A-F00170-D004"", ""Optical_A-F00171-D002""]"
Optical_A-T0032,Optical_A,4,4,2.3000000000000003,0.81247853469878,0.582990337462143,0.0009471428087150013,35.661161522729756,-0.05426729364921772,"[""Optical_A-F00230-D004""]"
Optical_A-T0032,Optical_A,5,5,2.6949988066064456,0.8090635949201815,0.587720333909231,0.0009531445086429614,35.99542142407683,-0.05461116588021364,"[""Optical_A-F00269-D003"", ""Optical_A-F00270-D004""]"
Optical_A-T0032,Optical_A,6,6,3.3050006505006286,0.8036493116601217,0.5951023924159077,0.0009625014678845749,36.51995141883468,-0.055147280399758435,"[""Optical_A-F00330-D003"", ""Optical_A-F00331-D003""]"
Optical_A-T0032,Optical_A,7,7,3.695002386144324,0.8000957545749063,0.5998715241202522,0.0009685354185095335,36.860716941148965,-0.055493000465504046,"[""Optical_A-F00369-D004"", ""Optical_A-F00370-D004""]"
Optical_A-T0032,Optical_A,8,8,4.3100000000000005,0.7943417690179431,0.6074703262244877,0.0009781360638489135,37.40683594610131,-0.05604307718462115,"[""Optical_A-F00431-D004""]"
Optical_A-T0032,Optical_A,9,9,4.685127486556325,0.7907280489552075,0.6121667944810691,0.0009840377347434467,37.74636322942308,-0.05638121818168931,"[""Optical_A-F00468-D002"", ""Optical_A-F00469-D003""]"
Optical_A-T0032,Optical_A,10,10,5.315000659463712,0.784529852913287,0.6200902529348928,0.000994033700135885,38.32274789437774,-0.05695394509095565,"[""Optical_A-F00531-D003"", ""Optical_A-F00532-D003""]"
Optical_A-T0032,Optical_A,11,11,5.69,0.7807339243330511,0.6248628164061895,0.0010000342186641804,38.67214218092883,-0.05729774964840165,"[""Optical_A-F00569-D004""]"
Optical_A-T0032,Optical_A,12,12,6.32,0.7741860166428896,0.6329573375435948,0.0010101902491223395,39.26867202734028,-0.057879647624194445,"[""Optical_A-F00632-D002""]"
Optical_A-T0032,Optical_A,13,13,6.68,0.770346016082939,0.6376252686145816,0.00101603608539492,39.614993301416824,-0.05821458954223023,"[""Optical_A-F00668-D003""]"
Optical_A-T0032,Optical_A,14,14,7.325000185604959,0.763282364342431,0.6460642215838418,0.0010265832128214893,40.245539672318564,-0.05881889574493007,"[""Optical_A-F00732-D003"", ""Optical_A-F00733-D003""]"
Optical_A-T0032,Optical_A,15,15,7.6745525197386755,0.7593938833122003,0.6506303591593748,0.0010323411060801102,40.58917128559616,-0.05914879890235079,"[""Optical_A-F00767-D002"", ""Optical_A-F00768-D004""]"
Optical_A-T0032,Optical_A,16,16,8.331153174777747,0.7517205705741645,0.6594809288101047,0.0010432216514010796,41.26032483233536,-0.05977220856374937,"[""Optical_A-F00833-D002"", ""Optical_A-F00834-D002""]"
Optical_A-T0033,Optical_A,0,0,0.2950023634065819,0.824327705441171,0.5660650146284109,0.007364323175349473,34.477347463540326,-0.42194845091622696,"[""Optical_A-F00029-D002"", ""Optical_A-F00030-D002""]"
Optical_A-T0033,Optical_A,1,1,0.7050008663308851,0.8217389365500143,0.569815768163333,0.007423645336512162,34.7384744970363,-0.42534745329764745,"[""Optical_A-F00070-D001"", ""Optical_A-F00071-D001""]"
Optical_A-T0033,Optical_A,2,2,1.2949998248795376,0.8180922294301008,0.5750378990639348,0.0075178977263040195,35.10342443918394,-0.4307478681509756,"[""Optical_A-F00129-D002"", ""Optical_A-F00130-D002""]"
Optical_A-T0033,Optical_A,3,3,1.7,0.8154632599862097,0.5787591812900426,0.007581667701982378,35.36448604763788,-0.43440172275252986,"[""Optical_A-F00170-D002""]"
Optical_A-T0033,Optical_A,4,4,2.3000000000000003,0.8114537623309533,0.5843661884895313,0.0076778479509780825,35.75944292055039,-0.4399126055000324,"[""Optical_A-F00230-D002""]"
Optical_A-T0033,Optical_A,5,5,2.6949987985668824,0.8087362738268684,0.5881204775420168,0.007742305366160073,36.0249935311487,-0.4436058531236272,"[""Optical_A-F00269-D002"", ""Optical_A-F00270-D002""]"
Optical_A-T0033,Optical_A,6,6,3.3050017775173623,0.8044141335826485,0.5940171535570637,0.007843658103258372,36.44390040138882,-0.44941311354572355,"[""Optical_A-F00330-D001"", ""Optical_A-F00331-D002""]"
Optical_A-T0033,Optical_A,7,7,3.695001811531527,0.8015678769661037,0.5978514668038558,0.007909630619149292,36.71751155211277,-0.45319317753310734,"[""Optical_A-F00369-D002"", ""Optical_A-F00370-D001""]"
Optical_A-T0033,Optical_A,8,8,4.3100000000000005,0.7969424105751748,0.6040021067405669,0.008015564832661682,37.15846337799244,-0.45926295330017664,"[""Optical_A-F00431-D002""]"
Optical_A-T0033,Optical_A,9,9,4.69,0.7939979357145943,0.6078667255850221,0.008082203134447585,37.43684532565069,-0.46308117042984537,"[""Optical_A-F00469-D001""]"
Optical_A-T0033,Optical_A,10,10,5.315003005770136,0.7890050440070604,0.6143320778671728,0.008193816865077787,37.904901481096935,-0.46947637790585667,"[""Optical_A-F00531-D001"", ""Optical_A-F00532-D002""]"
Optical_A-T0033,Optical_A,11,11,5.685000439304106,0.7859583031893111,0.6182243121383071,0.008261085212961901,38.18811783228937,-0.47333070078875855,"[""Optical_A-F00568-D002"", ""Optical_A-F00569-D001""]"
Optical_A-T0033,Optical_A,12,12,6.314999883901166,0.7806083148402293,0.6249643771256297,0.008377716053384797,38.6811826652482,-0.48001338697630913,"[""Optical_A-F00631-D001"", ""Optical_A-F00632-D001""]"
Optical_A-T0033,Optical_A,13,13,6.68,0.7774118945423422,0.6289351339024779,0.008446512129775161,38.9732557729795,-0.48395525127416095,"[""Optical_A-F00668-D001""]"
Optical_A-T0033,Optical_A,14,14,7.323548181942076,0.7714999688356355,0.6361716371927517,0.008570071067813798,39.50867188521992,-0.4910349132060309,"[""Optical_A-F00732-D001"", ""Optical_A-F00733-D002""]"
Optical_A-T0033,Optical_A,15,15,7.674999790645311,0.7683189704908645,0.6400088531700165,0.008638717952234894,39.79426055554227,-0.49496823556649977,"[""Optical_A-F00767-D001"", ""Optical_A-F00768-D001""]"
Optical_A-T0033,Optical_A,16,16,8.325000343519722,0.7620627492417892,0.6474438103094259,0.008768050527809993,40.351023391366496,-0.5023787269792672,"[""Optical_A-F00832-D001"", ""Optical_A-F00833-D001""]"
Optical_A-T0033,Optical_A,17,17,8.671749439272412,0.7587055185862644,0.6513737945087074,0.008838319640962744,40.647181629657354,-0.5064050066073176,"[""Optical_A-F00867-D001"", ""Optical_A-F00868-D001""]"
Optical_A-T0033,Optical_A,18,18,9.330882815270368,0.7518027520681791,0.6593269938393388,0.008974250803963274,41.25058912500539,-0.5141935974666535,"[""Optical_A-F00933-D001"", ""Optical_A-F00934-D001""]"
Optical_A-T0033,Optical_A,19,19,9.664999647949568,0.7483150542743292,0.6632818246211003,0.00904437248855826,41.55272343126586,-0.51821143710982,"[""Optical_A-F00966-D001"", ""Optical_A-F00967-D001""]"
Optical_A-T0033,Optical_A,20,20,10.335000082940411,0.7409805691601168,0.6714636140504676,0.009187553179927498,42.18231931917201,-0.5264154273261211,"[""Optical_A-F01033-D001"", ""Optical_A-F01034-D002""]"
Optical_A-T0033,Optical_A,21,21,10.66,0.7373057511107011,0.6754957545602349,0.009258236883122932,42.49490993874841,-0.5304654774563436,"[""Optical_A-F01066-D001""]"
Optical_A-T0033,Optical_A,22,22,11.345003362599046,0.729296681002062,0.6841328855962331,0.009409884438624673,43.16983118844887,-0.5391546208961003,"[""Optical_A-F01134-D001"", ""Optical_A-F01135-D002""]"
Optical_A-T0033,Optical_A,23,23,11.655000365940207,0.7255515032391304,0.6881025731905154,0.009479710756641958,43.48253970512974,-0.5431555526721844,"[""Optical_A-F01165-D002"", ""Optical_A-F01166-D001""]"
Optical_A-T0034,Optical_A,0,0,0.29,0.8297095225820283,0.5581947163860368,-0.000875634292733158,33.93105684589088,0.05017015578174006,"[""Optical_A-F00029-D003""]"
Optical_A-T0034,Optical_A,1,1,0.704998915504343,0.8275005637957141,0.5614641914589537,-0.0008823985032974647,34.15713206968877,0.05055771664854171,"[""Optical_A-F00070-D002"", ""Optical_A-F00071-D002""]"
Optical_A-T0034,Optical_A,2,2,1.2950020710914707,0.824128756496044,0.5663824524868959,0.004765525282014193,34.498793575646324,-0.27304551931676735,"[""Optical_A-F00129-D006"", ""Optical_A-F00130-D005""]"
Optical_A-T0034,Optical_A,3,3,1.7050010662122592,0.8208929044476424,0.5710620244567293,0.004796212140420697,34.82477564341375,-0.2748037668840329,"[""Optical_A-F00170-D005"", ""Optical_A-F00171-D003""]"
Optical_A-T0034,Optical_A,4,4,2.3000000000000003,0.8160737618954783,0.5779274852725985,0.00484116848009205,35.30538011961033,-0.27737960531514466,"[""Optical_A-F00230-D005""]"
Optical_A-T0034,Optical_A,5,5,2.7,0.8127501766260827,0.5825919817581191,0.004871671727329064,35.63354346545359,-0.27912733325338,"[""Optical_A-F00270-D005""]"
Optical_A-T0034,Optical_A,6,6,3.3050025143779336,0.8075909710871028,0.5897225063010237,0.004918229420158639,36.137824899451196,-0.28179492451527866,"[""Optical_A-F00330-D004"", ""Optical_A-F00331-D004""]"
Optical_A-T0034,Optical_A,7,7,3.695000517772533,0.8041790796821014,0.5943664863125564,0.004948509888238022,36.468002006119285,-0.28352988865099926,"[""Optical_A-F00369-D005"", ""Optical_A-F00370-D005""]"
Optical_A-T0034,Optical_A,8,8,4.305052708765039,0.7987072425230369,0.6016990758124825,0.004996289388239823,36.99222089246966,-0.286267486192036,"[""Optical_A-F00430-D003"", ""Optical_A-F00431-D005""]"
Optical_A-T0034,Optical_A,9,9,4.69,0.7951564635464055,0.6063834849641376,0.005026693060215712,37.32901427514164,-0.28800951015366355,"[""Optical_A-F00469-D004""]"
Optical_A-T0034,Optical_A,10,10,5.31500283695944,0.7892474733719443,0.6140542770928296,0.005076471215772573,37.88380887308567,-0.290861624770362,"[""Optical_A-F00531-D004"", ""Optical_A-F00532-D004""]"
Optical_A-T0034,Optical_A,11,11,5.685000463019522,0.7856584496219127,0.6186394163733706,0.005106177328291326,38.217433535148736,-0.29256368170363767,"[""Optical_A-F00568-D003"", ""Optical_A-F00569-D005""]"
Optical_A-T0034,Optical_A,12,12,6.315143550731529,0.7793994079162949,0.6265061584519722,0.005157166031975902,38.79343352810094,-0.2954851576953304,"[""Optical_A-F00631-D004"", ""Optical_A-F00632-D003""]"
Optical_A-T0034,Optical_A,13,13,6.68,0.7756597354368353,0.6311299951846415,0.0051869066208227056,39.13416795273048,-0.29718919070810856,"[""Optical_A-F00668-D004""]"
Optical_A-T0034,Optical_A,14,14,7.3250023229849255,0.7688987249536464,0.6393491178217919,0.005239876444452563,39.74395600136289,-0.30022417928894896,"[""Optical_A-F00732-D004"", ""Optical_A-F00733-D004""]"
Optical_A-T0034,Optical_A,15,15,7.675000726276847,0.7651346682586637,0.6438487236749373,0.005268818734665553,40.080080726071415,-0.30188247325904166,"[""Optical_A-F00767-D003"", ""Optical_A-F00768-D005""]"
Optical_A-T0034,Optical_A,16,16,8.33,0.7579059358875481,0.6523421298183996,0.005323345791366581,40.719120819302724,-0.3050066872927143,"[""Optical_A-F00833-D003""]"
Optical_A-T0034,Optical_A,17,17,8.67,0.7540564023969767,0.6567878652718214,0.005351825465436793,41.05606948395269,-0.30663847566374514,"[""Optical_A-F00867-D002""]"
Optical_A-T0034,Optical_A,18,18,9.335001438230801,0.7463304464861342,0.665553618856463,0.005407871565921755,41.72555868059477,-0.3098497271517128,"[""Optical_A-F00933-D004"", ""Optical_A-F00934-D003""]"
Optical_A-T0034,Optical_A,19,19,9.665001539108962,0.7423975577006477,0.6699375478107487,0.005435839717513386,42.0630087745816,-0.31145220775259613,"[""Optical_A-F00966-D003"", ""Optical_A-F00967-D003""]"
Optical_A-T0034,Optical_A,20,20,10.34,0.734143851806185,0.6789717431380173,0.005493348277744117,42.764143122239574,-0.31474725473850884,"[""Optical_A-F01034-D004""]"
Optical_A-T0034,Optical_A,21,21,10.657093368363885,0.7300672841260751,0.6833529721752257,0.005520513387508087,43.10703222636846,-0.3163037244791949,"[""Optical_A-F01065-D002"", ""Optical_A-F01066-D003""]"
Optical_A-T0034,Optical_A,22,22,11.345000221635107,0.7213163609836996,0.6925832620746012,0.005579647958217221,43.83580227186489,-0.3196919379892822,"[""Optical_A-F01134-D004"", ""Optical_A-F01135-D004""]"
Optical_A-T0034,Optical_A,23,23,11.655002852230888,0.7172261397733329,0.6968179335755109,0.005606413595022036,44.1731354580122,-0.3212255200011626,"[""Optical_A-F01165-D004"", ""Optical_A-F01166-D004""]"
Optical_A-T0035,Optical_A,0,0,0.29,0.8288016353539525,0.5595417838138484,0.0009172791452644314,34.02413123543466,-0.05255623102916573,"[""Optical_A-F00029-D004""]"
Optical_A-T0035,Optical_A,1,1,0.71,0.8286296196606555,0.5597773259546832,0.0047221571407380526,34.04083129678671,-0.27056067989651567,"[""Optical_A-F00071-D004""]"
Optical_A-T0036,Optical_A,0,0,0.29,0.8317786221689254,0.5550876644125854,0.004691323879798777,33.71717386410703,-0.2687940446073966,"[""Optical_A-F00029-D005""]"
Optical_A-T0037,Optical_A,0,0,0.29,0.8353338159509023,0.5497037289204488,-0.006574674125606175,33.34750482551396,0.37670379302536855,"[""Optical_A-F00029-D006""]"
Optical_A-T0037,Optical_A,1,1,0.71,0.8333506595751365,0.5527050073846902,-0.006622159585422078,33.553619644851544,0.37942456869202695,"[""Optical_A-F00071-D005""]"
Optical_A-T0038,Optical_A,0,0,0.3,0.8162086552620815,0.5777118544092801,0.007241847157705624,35.290830491738205,-0.4149309048661873,"[""Optical_A-F00030-D003""]"
Optical_A-T0039,Optical_A,0,0,0.332592448786939,0.7514126055151622,0.659830963851215,-0.0014816936566077082,41.287037637716594,0.0848948241181911,"[""Optical_A-F00033-D000"", ""Optical_A-F00034-D000""]"
Optical_A-T0039,Optical_A,1,1,0.6649997731561326,0.748288381039486,0.6633718957418768,-0.0014922269041208372,41.557599131528264,0.08549833541246034,"[""Optical_A-F00066-D000"", ""Optical_A-F00067-D000""]"
Optical_A-T0039,Optical_A,2,2,1.34,0.7415401791010262,0.6709067525692141,-0.0015139801350648391,42.13714643782338,0.08674470514432453,"[""Optical_A-F00134-D000""]"
Optical_A-T0039,Optical_A,3,3,1.6634720320422274,0.7383106328893785,0.6744591055202793,-0.0015245797028063555,42.4122215460906,0.08735201634148103,"[""Optical_A-F00166-D000"", ""Optical_A-F00167-D000""]"
Optical_A-T0039,Optical_A,4,4,2.34,0.7310271396422604,0.6823466330394057,-0.0015470896037302472,43.02735449786879,0.08864174018279838,"[""Optical_A-F00234-D000""]"
Optical_A-T0039,Optical_A,5,5,2.6549996625425285,0.7275812261458122,0.6860197758117408,-0.0015577404678907263,43.31592514731403,0.08925199048271364,"[""Optical_A-F00265-D000"", ""Optical_A-F00266-D000""]"
Optical_A-T0039,Optical_A,6,6,3.344999939532852,0.719800142731549,0.6941795542601781,-0.0015814457885743743,43.96194339125235,0.09061020698299009,"[""Optical_A-F00334-D000"", ""Optical_A-F00335-D000""]"
Optical_A-T0039,Optical_A,7,7,3.6516812986453973,0.7163259639531794,0.6977639847480602,-0.0015921542190108736,44.24795307951749,0.09122375562465193,"[""Optical_A-F00365-D000"", ""Optical_A-F00366-D000""]"
Optical_A-T0039,Optical_A,8,8,4.3548150948814115,0.7077789978873703,0.7064320740252146,-0.001617076987511314,44.945430331564346,0.09265172691191087,"[""Optical_A-F00435-D000"", ""Optical_A-F00436-D000""]"
Optical_A-T0039,Optical_A,9,9,4.645000128546247,0.7042158688880213,0.7099840569885923,-0.001627522137626433,45.233694681242326,0.09325019071742624,"[""Optical_A-F00464-D000"", ""Optical_A-F00465-D000""]"
Optical_A-T0039,Optical_A,10,10,5.354999076328472,0.6951614210846089,0.7188517682147153,-0.0016534721661170496,45.95984247950874,0.09473701982892613,"[""Optical_A-F00535-D000"", ""Optical_A-F00536-D000""]"
Optical_A-T0039,Optical_A,11,11,5.64,0.6914134652882289,0.7224573696554997,-0.0016640458467435469,46.25782278444751,0.09534284793620944,"[""Optical_A-F00564-D000""]"
Optical_A-T0039,Optical_A,12,12,6.365002093380818,0.6815715280212141,0.7317495415298935,-0.0016913490526944336,47.03335349064783,0.09690720860600041,"[""Optical_A-F00636-D000"", ""Optical_A-F00637-D000""]"
Optical_A-T0039,Optical_A,13,13,6.635001389810954,0.677790716277039,0.7352529151677929,-0.0017016656313569322,47.328681414448546,0.09749830587300902,"[""Optical_A-F00663-D000"", ""Optical_A-F00664-D000""]"
Optical_A-T0039,Optical_A,14,14,7.37,0.6671671983824787,0.7449059913619702,-0.0017301547661027464,48.15112068264227,0.09913061545902424,"[""Optical_A-F00737-D000""]"
Optical_A-T0039,Optical_A,15,15,7.63,0.663289976142169,0.7483604603698704,-0.0017403747633085705,48.44865270740178,0.09971617904716475,"[""Optical_A-F00763-D000""]"
Optical_A-T0039,Optical_A,16,16,8.374999926145353,0.6518216005465939,0.7583702710037787,-0.0017700617310760051,49.32083889682566,0.10141711962696545,"[""Optical_A-F00837-D000"", ""Optical_A-F00838-D000""]"
Optical_A-T0039,Optical_A,17,17,8.623468459295474,0.6480097316194076,0.761629975092283,-0.001780103219446807,49.60821106081456,0.10199245543706313,"[""Optical_A-F00862-D000"", ""Optical_A-F00863-D000""]"
Optical_A-T0039,Optical_A,18,18,9.385002334301046,0.6353838419618356,0.7721943361267299,-0.0018112502908450795,50.55146354363015,0.10377705404963021,"[""Optical_A-F00938-D000"", ""Optical_A-F00939-D000""]"
Optical_A-T0039,Optical_A,19,19,9.615001030342931,0.6314908162199474,0.7753812183673054,-0.0018207781571684912,50.839724553472045,0.1043229614779055,"[""Optical_A-F00961-D000"", ""Optical_A-F00962-D000""]"
Optical_A-T0039,Optical_A,20,20,10.39,0.6179463975361414,0.7862180455517225,-0.0018532730330149357,51.83359852440948,0.10618478386130449,"[""Optical_A-F01039-D000""]"
Optical_A-T0039,Optical_A,21,21,10.606370487688165,0.6139044186900194,0.7893781704358075,-0.001862458667059629,52.12756625057248,0.10671108283252377,"[""Optical_A-F01060-D000"", ""Optical_A-F01061-D000""]"
Optical_A-T0039,Optical_A,22,22,11.395093934653204,0.5993733374044362,0.8004673675642987,-0.0018962788164747946,53.17489345012283,0.10864883807871176,"[""Optical_A-F01139-D000"", ""Optical_A-F01140-D000""]"
Optical_A-T0039,Optical_A,23,23,11.6,0.5954186102072431,0.8034133736705966,-0.0019051577639606367,53.45744331164868,0.1091575652151182,"[""Optical_A-F01160-D000""]"
Optical_A-T0040,Optical_A,0,0,0.33,0.7546956654128931,0.6560661525812681,0.003414094931746082,41.00083109037288,-0.19561361046079206,"[""Optical_A-F00033-D001""]"
Optical_A-T0040,Optical_A,1,1,0.67,0.7518955306677726,0.6592733182314547,0.0034355246929589855,41.24477190784543,-0.19684145253518687,"[""Optical_A-F00067-D001""]"
Optical_A-T0040,Optical_A,2,2,1.335001579119405,0.7462758031780301,0.6656277704497789,0.0034780450029255144,41.7308133647177,-0.19927770139589324,"[""Optical_A-F00133-D000"", ""Optical_A-F00134-D001""]"
Optical_A-T0040,Optical_A,3,3,1.6650013561313655,0.7434146227802652,0.6688216896579714,0.0034994398883623438,41.97650288604647,-0.2005035454947083,"[""Optical_A-F00166-D001"", ""Optical_A-F00167-D001""]"
Optical_A-T0040,Optical_A,4,4,2.34,0.7374078903479444,0.675438409147897,0.0035438256661801553,42.48853399612155,-0.2030466790041724,"[""Optical_A-F00234-D001""]"
Optical_A-T0040,Optical_A,5,5,2.66,0.7344855366659023,0.6786149762984288,0.0035651608777602186,42.73584340986968,-0.20426910430509507,"[""Optical_A-F00266-D001""]"
Optical_A-T0040,Optical_A,6,6,3.35,0.7280139211165093,0.6855528319734076,0.0036118186285959974,43.279451694294565,-0.20694241372230457,"[""Optical_A-F00335-D001""]"
Optical_A-T0040,Optical_A,7,7,3.6550003387759773,0.7250789441525715,0.6886561755001568,0.0036327251601892506,43.524186496501194,-0.20814027760540085,"[""Optical_A-F00365-D001"", ""Optical_A-F00366-D001""]"
Optical_A-T0040,Optical_A,8,8,4.344999242548635,0.7182605735399312,0.6957644724665089,0.0036806726952772918,44.088543076200615,-0.21088748737141055,"[""Optical_A-F00434-D000"", ""Optical_A-F00435-D001""]"
Optical_A-T0040,Optical_A,9,9,4.65,0.7151656144018277,0.698945232490539,0.003702155588676608,44.34282473512371,-0.21211837488134103,"[""Optical_A-F00465-D001""]"
Optical_A-T0040,Optical_A,10,10,5.3500000000000005,0.7078710690837485,0.7063317004385784,0.0037521340297774187,44.93763320681473,-0.21498194851324956,"[""Optical_A-F00535-D001""]"
Optical_A-T0040,Optical_A,11,11,5.644999915206984,0.7047148160235162,0.709480647333529,0.003773477989656786,45.193085746141776,-0.2162048759900249,"[""Optical_A-F00564-D001"", ""Optical_A-F00565-D000""]"
Optical_A-T0040,Optical_A,12,12,6.36,0.6968536249912698,0.7172031705278542,0.0038259013736225644,45.824480742091815,-0.2192085363223658,"[""Optical_A-F00636-D001""]"
Optical_A-T0040,Optical_A,13,13,6.640000000000001,0.6936915455947709,0.720261926280504,0.003846702618591249,46.07654993404496,-0.22040036863796797,"[""Optical_A-F00664-D001""]"
Optical_A-T0040,Optical_A,14,14,7.364894507619679,0.6852656518667584,0.7282827518191448,0.003901252921920126,46.74308699484285,-0.22352589424382782,"[""Optical_A-F00736-D000"", ""Optical_A-F00737-D001""]"
Optical_A-T0040,Optical_A,15,15,7.634999889537746,0.6820592673148163,0.731286383755668,0.003921836755149649,46.99481724651002,-0.22470527003646873,"[""Optical_A-F00763-D001"", ""Optical_A-F00764-D000""]"
Optical_A-T0040,Optical_A,16,16,8.364999154653159,0.6731167509896884,0.7395255328050004,0.0039781737727628995,47.691512024575104,-0.2279331685582977,"[""Optical_A-F00836-D000"", ""Optical_A-F00837-D001""]"
Optical_A-T0040,Optical_A,17,17,8.63,0.6697810982507935,0.7425478364509304,0.003998875842447422,47.94941467430489,-0.22911931921330345,"[""Optical_A-F00863-D001""]"
Optical_A-T0040,Optical_A,18,18,9.375002392128428,0.6601422430520761,0.751129651417144,0.004057794984148797,48.688863475096774,-0.23249516475666834,"[""Optical_A-F00937-D000"", ""Optical_A-F00938-D001""]"
Optical_A-T0040,Optical_A,19,19,9.625000580331797,0.6568185040612297,0.7540376809290003,0.004077801121169053,48.94190223344321,-0.2336414414560572,"[""Optical_A-F00962-D001"", ""Optical_A-F00963-D000""]"
Optical_A-T0040,Optical_A,20,20,10.38,0.6465000720560192,0.7629026976583584,0.004138929470478686,49.72134500997057,-0.23714386743890875,"[""Optical_A-F01038-D000""]"
Optical_A-T0040,Optical_A,21,21,10.620000000000001,0.6431291902448537,0.7657464011417713,0.004158580698327625,49.97403083040686,-0.23826980954691554,"[""Optical_A-F01062-D000""]"
Optical_A-T0040,Optical_A,22,22,11.385000991282832,0.6320828767417186,0.7748892903763664,0.004221917801748756,50.79562234018755,-0.24189879011943943,"[""Optical_A-F01138-D000"", ""Optical_A-F01139-D001""]"
Optical_A-T0040,Optical_A,23,23,11.615001766336704,0.6286696755952188,0.777660884636724,0.004241166470484275,51.047541751873425,-0.24300166747332405,"[""Optical_A-F01161-D000"", ""Optical_A-F01162-D000""]"
Optical_A-T0041,Optical_A,0,1,0.77,0.9190072567005035,0.39418868262239004,0.006398798655971723,23.21588700699513,-0.3666266588686523,"[""Optical_A-F00077-D008""]"
Optical_A-T0041,Optical_A,1,2,1.2350040471705697,0.9180343193896914,0.3964484244560985,0.006452531982346256,23.356854339485945,-0.3697054152497938,"[""Optical_A-F00123-D008"", ""Optical_A-F00124-D004""]"
Optical_A-T0041,Optical_A,2,3,1.7649986038407106,0.9168983738823929,0.39906757435075935,0.006514834888517334,23.52043019151838,-0.37327518385939795,"[""Optical_A-F00176-D003"", ""Optical_A-F00177-D008""]"
Optical_A-T0041,Optical_A,3,4,2.235002828579895,0.9158660747765125,0.4014301362747001,0.006571055009624001,23.66815587246622,-0.37649642847463466,"[""Optical_A-F00223-D008"", ""Optical_A-F00224-D006""]"
Optical_A-T0041,Optical_A,4,5,2.764999961382821,0.9146729202059422,0.4041403447044559,0.0066355726277388715,23.837825269179667,-0.3801930962926693,"[""Optical_A-F00276-D006"", ""Optical_A-F00277-D005""]"
Optical_A-T0041,Optical_A,5,6,3.2350014724779808,0.9135881672043427,0.4065856044154788,0.006693805069593763,23.991098773664902,-0.38352964354449703,"[""Optical_A-F00323-D005"", ""Optical_A-F00324-D006""]"
Optical_A-T0041,Optical_A,6,7,3.7650012965119215,0.9123338023211747,0.40939141019157477,0.006760651118180482,24.16719744344168,-0.38735972667368707,"[""Optical_A-F00376-D007"", ""Optical_A-F00377-D004""]"
Optical_A-T0041,Optical_A,7,8,4.235000132157003,0.9111929035465083,0.4119234959221286,0.0068209994704364445,24.326325768764992,-0.3908175122883912,"[""Optical_A-F00423-D004"", ""Optical_A-F00424-D008""]"
Optical_A-T0041,Optical_A,8,9,4.76,0.9098855717987814,0.41480209640541416,0.006889633522771526,24.507474101989832,-0.3947500462253614,"[""Optical_A-F00476-D006""]"
Optical_A-T0041,Optical_A,9,10,5.24,0.9086589262632567,0.41748126185108253,0.006953540489086047,24.676307263886315,-0.3984117333910677,"[""Optical_A-F00524-D006""]"
Optical_A-T0041,Optical_A,10,11,5.76,0.9072949482519514,0.4204361301108958,0.00702405679525083,24.86278023973853,-0.40245211879609555,"[""Optical_A-F00576-D005""]"
Optical_A-T0041,Optical_A,11,12,6.24,0.9060023465318805,0.4232132735336891,0.007090358497649651,25.038294516991098,-0.40625102112056144,"[""Optical_A-F00624-D003""]"
Optical_A-T0041,Optical_A,12,13,6.754998231308191,0.9045783661648374,0.4262471975101373,0.007162826349102568,25.230325111206714,-0.41040322860326234,"[""Optical_A-F00675-D006"", ""Optical_A-F00676-D005""]"
Optical_A-T0041,Optical_A,13,14,7.245003017980789,0.9031864812914394,0.42918744446299867,0.007233085628471083,25.416716595596505,-0.41442889307087405,"[""Optical_A-F00724-D004"", ""Optical_A-F00725-D006""]"
Optical_A-T0041,Optical_A,14,15,7.754999898572052,0.9016980514368755,0.432304548803072,0.0073076069348269575,25.614635204095382,-0.41869876225958075,"[""Optical_A-F00775-D005"", ""Optical_A-F00776-D002""]"
Optical_A-T0041,Optical_A,15,16,8.24500147315339,0.9002283689469476,0.43535549929177636,0.00738058124585215,25.808671697063346,-0.4228799950555441,"[""Optical_A-F00824-D003"", ""Optical_A-F00825-D005""]"
Optical_A-T0041,Optical_A,16,17,8.755001588117926,0.8986559135795588,0.4385908425343553,0.0074580046589534646,26.014783560468466,-0.42731615196067807,"[""Optical_A-F00875-D005"", ""Optical_A-F00876-D003""]"
Optical_A-T0041,Optical_A,17,18,9.245947788827404,0.8971411840037575,0.4416796742851582,0.00753400873989398,26.21190072563147,-0.431670987376462,"[""Optical_A-F00924-D003"", ""Optical_A-F00925-D005""]"
Optical_A-T0041,Optical_A,18,19,9.75,0.8954560179201103,0.44508488416779785,0.007613531112248116,26.429595164751827,-0.4362274143751587,"[""Optical_A-F00975-D005""]"
Optical_A-T0041,Optical_A,19,20,10.25,0.893778666770173,0.44844230084664827,0.007694000123223491,26.644638331452068,-0.4408380841356743,"[""Optical_A-F01025-D005""]"
Optical_A-T0041,Optical_A,20,21,10.749643460054873,0.8920419721774121,0.45188566398729624,0.007776024472273944,26.86560822255948,-0.44553787375217624,"[""Optical_A-F01074-D005"", ""Optical_A-F01075-D003""]"
Optical_A-T0041,Optical_A,21,22,11.255003700282964,0.8902576481346076,0.4553894268366112,0.007860652852007682,27.09089892139465,-0.4503868709425801,"[""Optical_A-F01125-D003"", ""Optical_A-F01126-D004""]"
Optical_A-T0041,Optical_A,22,23,11.744999591644788,0.8884645798957227,0.4588764292476513,0.007944366031489156,27.31556311046396,-0.45518343259204025,"[""Optical_A-F01174-D005"", ""Optical_A-F01175-D002""]"
Optical_A-T0042,Optical_A,0,2,1.2350044588358626,0.9180485513139088,0.3964332695826656,0.005245969732184366,23.35573388648162,-0.30057330375778263,"[""Optical_A-F00123-D001"", ""Optical_A-F00124-D000""]"
Optical_A-T0042,Optical_A,1,3,1.77,0.9201312151547771,0.39161004207160643,-0.00034906513420723085,23.05471956275691,0.01999995937139607,"[""Optical_A-F00177-D002""]"
Optical_A-T0042,Optical_A,2,4,2.2255873109551283,0.9232125219802932,0.3842804026830727,-0.002685399881197116,22.599160039429343,0.15386226442425627,"[""Optical_A-F00222-D000"", ""Optical_A-F00223-D003""]"
Optical_A-T0043,Optical_A,0,2,1.2950001067115435,0.8186465698117465,0.5742832686045206,0.0040646200768753435,35.04978651569838,-0.23288621698959072,"[""Optical_A-F00129-D000"", ""Optical_A-F00130-D000""]"
Optical_A-T0043,Optical_A,1,3,1.7,0.8154736468726325,0.5787796378256316,0.004106348095349386,35.365097419042336,-0.23527707628898567,"[""Optical_A-F00170-D000""]"
Optical_A-T0043,Optical_A,2,4,2.300834385502327,0.8105526461607097,0.5856509387520127,0.0041696211767663265,35.84934903937034,-0.23890238784965592,"[""Optical_A-F00230-D000"", ""Optical_A-F00231-D000""]"
Optical_A-T0043,Optical_A,3,5,2.6949999554794424,0.8072845069665101,0.5901474253810731,0.004212021833906873,36.167842193251325,-0.24133178788642423,"[""Optical_A-F00269-D000"", ""Optical_A-F00270-D000""]"
Optical_A-T0043,Optical_A,4,6,3.3050006779593106,0.8019700348003119,0.597348937046328,0.004279099438984924,36.68065498667029,-0.24517508619543155,"[""Optical_A-F00330-D000"", ""Optical_A-F00331-D000""]"
Optical_A-T0043,Optical_A,5,7,3.693637076019906,0.7985595894479027,0.6019002372396393,0.0043227898009138965,37.00651717814655,-0.2476783826928122,"[""Optical_A-F00369-D000"", ""Optical_A-F00370-D000""]"
Optical_A-T0043,Optical_A,6,8,4.3100000000000005,0.792686514550677,0.6096136367862087,0.004393574147773473,37.56199691727233,-0.2517340655407989,"[""Optical_A-F00431-D000""]"
Optical_A-T0043,Optical_A,7,9,4.684999587000908,0.7890440067266191,0.6143206517824542,0.004437594211225899,37.90301342945417,-0.2542562539788824,"[""Optical_A-F00468-D000"", ""Optical_A-F00469-D000""]"
Optical_A-T0043,Optical_A,8,10,5.315000701055419,0.7826922349879885,0.6223925581370704,0.004513187908902507,38.491527042431436,-0.2585874971902946,"[""Optical_A-F00531-D000"", ""Optical_A-F00532-D000""]"
Optical_A-T0043,Optical_A,9,11,5.682502092061332,0.7789637457127133,0.6270523941338264,0.004558275579189883,38.83346594185605,-0.261170856979747,"[""Optical_A-F00568-D000"", ""Optical_A-F00569-D000""]"
Optical_A-T0043,Optical_A,10,12,6.322691765212353,0.7717650045086991,0.6358909197461842,0.004638534255506074,39.48660155217279,-0.2657693890221963,"[""Optical_A-F00632-D000"", ""Optical_A-F00633-D000""]"
Optical_A-T0043,Optical_A,11,13,6.675000268501163,0.767912182816137,0.6405380105583046,0.0046836430868340585,39.8324734957744,-0.26835396275232726,"[""Optical_A-F00667-D000"", ""Optical_A-F00668-D000""]"
Optical_A-T0043,Optical_A,12,14,7.324999797539089,0.7602882210902554,0.6495683797067819,0.00476874789864316,40.509624060859295,-0.2732301637466848,"[""Optical_A-F00732-D000"", ""Optical_A-F00733-D000""]"
Optical_A-T0043,Optical_A,13,15,7.67,0.7560838143790504,0.6544570897548049,0.004814904328982793,40.879071318813544,-0.2758747627650535,"[""Optical_A-F00767-D000""]"
Optical_A-T0043,Optical_A,14,16,8.335002707559065,0.7476532539928185,0.6640711893417169,0.004905841439296517,41.611721370466725,-0.281085136932224,"[""Optical_A-F00833-D000"", ""Optical_A-F00834-D000""]"
Optical_A-T0043,Optical_A,15,17,8.665001801634757,0.7433034017635881,0.6689361189331827,0.004951940355943963,41.98563917690552,-0.28372644238056843,"[""Optical_A-F00866-D000"", ""Optical_A-F00867-D000""]"
Optical_A-T0043,Optical_A,16,18,9.34,0.7340444724080568,0.6790826366062969,0.005048285552317225,42.77267398856821,-0.2892466845178264,"[""Optical_A-F00934-D000""]"
Optical_A-T0043,Optical_A,17,19,9.655526267499955,0.7294686530663879,0.6839952721983374,0.005094291298317641,43.157339263373004,-0.2918826534933322,"[""Optical_A-F00965-D000"", ""Optical_A-F00966-D000""]"
Optical_A-T0043,Optical_A,18,20,10.345000169831206,0.7192984600422533,0.6946817381934377,0.00519692229949828,44.002608524387355,-0.29776305455976265,"[""Optical_A-F01034-D001"", ""Optical_A-F01035-D000""]"
Optical_A-T0043,Optical_A,19,21,10.65,0.7145813161631411,0.6995327373558007,0.005243277415263936,44.39029846581535,-0.30041904323956486,"[""Optical_A-F01065-D000""]"
Optical_A-T0043,Optical_A,20,22,11.355002117616777,0.7032213624226822,0.7109508171219879,0.005352669050525336,45.31315898349867,-0.3066868102212929,"[""Optical_A-F01135-D001"", ""Optical_A-F01136-D000""]"
Optical_A-T0043,Optical_A,21,23,11.645002563463645,0.6983549202261218,0.715731276899335,0.005398579814596083,45.7040177586723,-0.30931734124494537,"[""Optical_A-F01164-D000"", ""Optical_A-F01165-D001""]"
Optical_A-T0044,Optical_A,0,2,1.3,0.8157435534459567,0.57836497829945,0.007510451919835978,35.33677161886712,-0.43032124282087936,"[""Optical_A-F00130-D001""]"
Optical_A-T0044,Optical_A,1,3,1.7,0.8115825943455885,0.584188664298892,0.00756948214612545,35.74687506284624,-0.4337035217959708,"[""Optical_A-F00170-D001""]"
Optical_A-T0044,Optical_A,2,4,2.305001936100208,0.8050821248377056,0.5931139013103921,0.007659787149225674,36.37953117768047,-0.43887776735472517,"[""Optical_A-F00230-D001"", ""Optical_A-F00231-D001""]"
Optical_A-T0044,Optical_A,3,5,2.695002085876623,0.8007559383694268,0.5989410237196043,0.00771863147267561,36.795368260604114,-0.44224939841072486,"[""Optical_A-F00269-D001"", ""Optical_A-F00270-D001""]"
Optical_A-T0044,Optical_A,4,6,3.31,0.7937091605809744,0.608247264154225,0.007812429759392213,37.46421631206802,-0.4476238064172725,"[""Optical_A-F00331-D001""]"
Optical_A-T0044,Optical_A,5,7,3.6849990296775577,0.789273639280058,0.6139911906499563,0.007870205960581746,37.880035316218226,-0.4509342406768769,"[""Optical_A-F00368-D000"", ""Optical_A-F00369-D001""]"
Optical_A-T0044,Optical_A,6,8,4.315000047950825,0.7815766568588081,0.623758315771846,0.007968246913789011,38.592560716918726,-0.4565517496687483,"[""Optical_A-F00431-D001"", ""Optical_A-F00432-D000""]"
Optical_A-T0044,Optical_A,7,9,4.68,0.7769724495801617,0.6294834410328907,0.008025587753817445,39.01351697954567,-0.4598372428530151,"[""Optical_A-F00468-D001""]"
Optical_A-T0044,Optical_A,8,10,5.325002678579223,0.7695508224267614,0.6385375322610947,0.007832725975455961,39.68431158423759,-0.4487867295195917,"[""Optical_A-F00532-D005"", ""Optical_A-F00533-D001""]"
Optical_A-T0044,Optical_A,9,11,5.675001253422819,0.7638589310985898,0.645331355371517,0.0081838349983818,40.19214488501665,-0.468904439896004,"[""Optical_A-F00567-D000"", ""Optical_A-F00568-D001""]"
Optical_A-T0044,Optical_A,10,12,6.33,0.7547581571897426,0.6559507673040913,0.008289452859975576,40.99349238018109,-0.4749561028921974,"[""Optical_A-F00633-D001""]"
Optical_A-T0044,Optical_A,11,13,6.67,0.7498812709194245,0.6615197998252633,0.008344696723824457,41.417644425105884,-0.4781214526165581,"[""Optical_A-F00667-D001""]"
Optical_A-T0044,Optical_A,12,14,7.334999513985327,0.7400314695382393,0.6725191164540486,0.008453525710607746,42.263650892590434,-0.48435711420247196,"[""Optical_A-F00733-D001"", ""Optical_A-F00734-D000""]"
Optical_A-T0044,Optical_A,13,15,7.66,0.7350639228838446,0.6779444366849543,0.00850705839484951,42.68513429798239,-0.48742442137112024,"[""Optical_A-F00766-D000""]"
Optical_A-T0044,Optical_A,14,16,8.345001373179038,0.724251015259755,0.689482525359989,0.008620563695393954,43.59118695851297,-0.4939280345363321,"[""Optical_A-F00834-D001"", ""Optical_A-F00835-D000""]"
Optical_A-T0044,Optical_A,15,17,8.6550023208083,0.7192018548120775,0.6947470654865191,0.008672198841006963,44.00914629038942,-0.4968866210487259,"[""Optical_A-F00865-D000"", ""Optical_A-F00866-D001""]"
Optical_A-T0044,Optical_A,16,18,9.355002978551493,0.7074316547444802,0.7067271054750424,0.008789326046678552,44.97145462207397,-0.5035977713913679,"[""Optical_A-F00935-D000"", ""Optical_A-F00936-D000""]"
Optical_A-T0044,Optical_A,17,19,9.645000606482546,0.7024024311894467,0.7117251673241939,0.008838034651592178,45.377721003636175,-0.5063886772813962,"[""Optical_A-F00964-D000"", ""Optical_A-F00965-D001""]"
Optical_A-T0044,Optical_A,18,20,10.36,0.6896086531941816,0.7241268198369416,0.008958472668076811,46.398672120215856,-0.5132895405299162,"[""Optical_A-F01036-D000""]"
Optical_A-T0044,Optical_A,19,21,10.634999168115868,0.6845347364321751,0.7289246233175627,0.009004895284345933,46.798790671571446,-0.5159494678075223,"[""Optical_A-F01063-D000"", ""Optical_A-F01064-D000""]"
Optical_A-T0044,Optical_A,20,22,11.368589229251624,0.6706729859979139,0.7416969792687615,0.009128898960793077,47.87881373280298,-0.5230546471761132,"[""Optical_A-F01136-D001"", ""Optical_A-F01137-D000""]"
Optical_A-T0044,Optical_A,21,23,11.63,0.6654469041793749,0.7463888214763598,0.009173052557181073,48.281231030704404,-0.5255845678301224,"[""Optical_A-F01163-D000""]"
Optical_A-T0045,Optical_A,0,2,1.3050027425993411,0.8078106966194853,0.5893961032605306,0.0073560783331875785,36.1152966204184,-0.4214760434616648,"[""Optical_A-F00130-D006"", ""Optical_A-F00131-D000""]"
Optical_A-T0045,Optical_A,1,3,1.6950003693877438,0.8044339955087968,0.593995936571679,0.007400959808493691,36.44224643000714,-0.4240476325781208,"[""Optical_A-F00169-D000"", ""Optical_A-F00170-D006""]"
Optical_A-T0045,Optical_A,2,4,2.3049991827078777,0.7990155550888752,0.6012639315898294,0.00747176653528188,36.961677326729394,-0.4281046713627209,"[""Optical_A-F00230-D007"", ""Optical_A-F00231-D002""]"
Optical_A-T0045,Optical_A,3,5,2.69,0.7955073323899557,0.6058973356515391,0.007516832057640145,37.29467402787247,-0.4306868081088766,"[""Optical_A-F00269-D004""]"
Optical_A-T0045,Optical_A,4,6,3.3150029548217876,0.7896633592688674,0.6134934080955265,0.007590602844524718,37.843812401700376,-0.4349136834412951,"[""Optical_A-F00331-D005"", ""Optical_A-F00332-D000""]"
Optical_A-T0045,Optical_A,5,7,3.6850001857277865,0.7861146250546125,0.6180335822903699,0.00763462091912431,38.17399079656177,-0.43743580642026464,"[""Optical_A-F00368-D001"", ""Optical_A-F00369-D006""]"
Optical_A-T0045,Optical_A,6,8,4.314999158719841,0.7799154111585683,0.6258374429315171,0.007710153195711652,38.745046547741474,-0.44176361446798024,"[""Optical_A-F00431-D006"", ""Optical_A-F00432-D001""]"
Optical_A-T0046,Optical_A,0,3,1.71,0.828466469266785,0.5599981367230737,-0.006737667794783731,34.05654796010382,0.3860428492508557,"[""Optical_A-F00171-D004""]"
Optical_A-T0046,Optical_A,1,4,2.2950026345247134,0.8254985929348478,0.5643631273497234,-0.0068068752468605324,34.358984889555266,0.3900082351011018,"[""Optical_A-F00229-D003"", ""Optical_A-F00230-D006""]"
Optical_A-T0046,Optical_A,2,5,2.705000035144537,0.8233680849358056,0.5674662901055634,-0.006856114276516785,34.57465887808311,0.39282948952179136,"[""Optical_A-F00270-D006"", ""Optical_A-F00271-D001""]"
Optical_A-T0046,Optical_A,3,6,3.295000631342548,0.8202265496286724,0.5719968612476986,-0.006928059398129621,34.89054958407919,0.3969517392540199,"[""Optical_A-F00329-D003"", ""Optical_A-F00330-D005""]"
Optical_A-T0046,Optical_A,4,7,3.7050024533686026,0.8179893174336748,0.5751910748577138,-0.0069788228533693795,35.11399550664721,0.3998603413098759,"[""Optical_A-F00370-D006"", ""Optical_A-F00371-D004""]"
Optical_A-T0046,Optical_A,5,8,4.3,0.814660826952864,0.5798948036581036,-0.007053631604030464,35.444158625654566,0.40414667249826597,"[""Optical_A-F00430-D004""]"
Optical_A-T0046,Optical_A,6,9,4.7,0.812367354700522,0.5831027390778458,-0.007104695404462671,35.67010795940379,0.40707248606308993,"[""Optical_A-F00470-D003""]"
Optical_A-T0046,Optical_A,7,10,5.305003230753396,0.8088097455193676,0.5880265284500018,-0.007183132459809841,36.01816405222473,0.4115667129771054,"[""Optical_A-F00530-D004"", ""Optical_A-F00531-D005""]"
Optical_A-T0046,Optical_A,8,11,5.694999560663201,0.8064585330307491,0.5912463927180767,-0.007234473011507774,36.24660522869231,0.41450838634331627,"[""Optical_A-F00569-D006"", ""Optical_A-F00570-D003""]"
Optical_A-T0046,Optical_A,9,12,6.305000842283366,0.8026864257658454,0.5963564183107272,-0.007316025618681335,36.610527821137154,0.41918113020800135,"[""Optical_A-F00630-D004"", ""Optical_A-F00631-D005""]"
Optical_A-T0046,Optical_A,10,13,6.695002107332128,0.8002125041048166,0.5996712820195665,-0.007368975187116614,36.84752436246824,0.42221499878927377,"[""Optical_A-F00669-D004"", ""Optical_A-F00670-D004""]"
Optical_A-T0046,Optical_A,11,14,7.3100000000000005,0.7962089135383272,0.6049758731940728,-0.007453781267646542,37.228315119293356,0.42707416273733384,"[""Optical_A-F00731-D004""]"
Optical_A-T0046,Optical_A,12,15,7.69,0.7936709812312527,0.608300927649501,-0.007506994883244792,37.46798749484194,0.430123163630559,"[""Optical_A-F00769-D004""]"
Optical_A-T0046,Optical_A,13,16,8.315003107410465,0.789385927450284,0.6138502748868357,-0.0075958913111853574,37.86971200196657,0.4352166989967164,"[""Optical_A-F00831-D004"", ""Optical_A-F00832-D004""]"
Optical_A-T0046,Optical_A,14,17,8.685000040721384,0.7867823777575261,0.6171830990375148,-0.007649334131989831,38.112034906131996,0.4382788360372928,"[""Optical_A-F00868-D004"", ""Optical_A-F00869-D003""]"
Optical_A-T0046,Optical_A,15,18,9.31500022050746,0.7822306959705123,0.622940770461418,-0.007741755512996269,38.53257195148008,0.4435743479137792,"[""Optical_A-F00931-D004"", ""Optical_A-F00932-D003""]"
Optical_A-T0046,Optical_A,16,19,9.684917047847529,0.7794946504287049,0.626360358524339,-0.007796872596916509,38.783503369004464,0.44673241951745507,"[""Optical_A-F00968-D004"", ""Optical_A-F00969-D005""]"
Optical_A-T0046,Optical_A,17,20,10.32,0.7746466749513893,0.6323450243946676,-0.007892978529296296,39.224803763020255,0.4522390532807007,"[""Optical_A-F01032-D004""]"
Optical_A-T0046,Optical_A,18,21,10.678337796930037,0.771773933825469,0.6358473270264352,-0.00794806774619923,39.48434850610296,0.455395531918221,"[""Optical_A-F01067-D003"", ""Optical_A-F01068-D004""]"
Optical_A-T0046,Optical_A,19,22,11.325001732296268,0.7666420957548332,0.6420242292528495,-0.008048979371436879,39.944481616427204,0.4611775271091144,"[""Optical_A-F01132-D005"", ""Optical_A-F01133-D003""]"
Optical_A-T0046,Optical_A,20,23,11.67500142215604,0.7637502726979328,0.6454609505948496,-0.008104456244955278,40.20183499707706,0.4643562215028731,"[""Optical_A-F01167-D003"", ""Optical_A-F01168-D005""]"
Optical_A-T0047,Optical_A,0,3,1.7650006614766016,0.9147157277363137,0.40406290064891276,0.005320690839806954,23.832775252481625,-0.30485456761921115,"[""Optical_A-F00176-D000"", ""Optical_A-F00177-D001""]"
Optical_A-T0047,Optical_A,1,4,2.2350006454500746,0.9116247392504081,0.41098819885602506,0.005388430913153926,24.267302038816567,-0.3087358435676969,"[""Optical_A-F00223-D001"", ""Optical_A-F00224-D000""]"
Optical_A-T0047,Optical_A,2,5,2.7600000000000002,0.9080132496252256,0.41890579339055967,0.005465781633360773,24.765919754309117,-0.3131677786473932,"[""Optical_A-F00276-D001""]"
Optical_A-T0047,Optical_A,3,6,3.245004015232512,0.9045201924832295,0.4263948200236532,0.0055388488964921104,25.23939726719299,-0.317354287821075,"[""Optical_A-F00324-D001"", ""Optical_A-F00325-D000""]"
Optical_A-T0047,Optical_A,4,7,3.755001085577635,0.9006757457978383,0.4344555741138645,0.00561738844129239,25.751092329596894,-0.3218543422752259,"[""Optical_A-F00375-D000"", ""Optical_A-F00376-D001""]"
Optical_A-T0047,Optical_A,5,8,4.247501227858779,0.8968694856009629,0.44225862713780295,0.005694955667089826,26.248537633507183,-0.32629868803602236,"[""Optical_A-F00424-D001"", ""Optical_A-F00425-D000""]"
Optical_A-T0047,Optical_A,6,9,4.75,0.8926327261020527,0.45074766393135196,0.005775790166449312,26.7921460065496,-0.33093023986655806,"[""Optical_A-F00475-D000""]"
Optical_A-T0047,Optical_A,7,10,5.255002798697298,0.8882558963604509,0.45931158948357104,0.005858869086040788,27.343203049040362,-0.3356903918726301,"[""Optical_A-F00525-D000"", ""Optical_A-F00526-D000""]"
Optical_A-T0047,Optical_A,8,11,5.745002606104663,0.8838053584364275,0.4678170475082425,0.005941250687251037,27.893224685513612,-0.34041059209030966,"[""Optical_A-F00574-D000"", ""Optical_A-F00575-D000""]"
Optical_A-T0047,Optical_A,9,12,6.26,0.8788998365027251,0.47696825850021946,0.006029741184421477,28.48814594015477,-0.34548081493096966,"[""Optical_A-F00626-D000""]"
Optical_A-T0047,Optical_A,10,13,6.735000016912687,0.874156867071371,0.48560519096223026,0.006113122156578457,29.052725207449058,-0.3502582807836061,"[""Optical_A-F00673-D000"", ""Optical_A-F00674-D000""]"
Optical_A-T0047,Optical_A,11,14,7.265000547771641,0.8686030994010714,0.4954695896669286,0.00620817413881405,29.70135020134678,-0.3557044615541332,"[""Optical_A-F00726-D000"", ""Optical_A-F00727-D000""]"
Optical_A-T0047,Optical_A,12,15,7.73,0.8634913637692639,0.5043243584126692,0.006293346291623686,30.287174725592173,-0.36058456178222126,"[""Optical_A-F00773-D000""]"
Optical_A-T0047,Optical_A,13,16,8.275002587079236,0.857199179381364,0.5149453048499693,0.006395301469714952,30.99450303387687,-0.36642628075596456,"[""Optical_A-F00827-D000"", ""Optical_A-F00828-D000""]"
Optical_A-T0047,Optical_A,14,17,8.72406160496662,0.8518451813271194,0.5237535514862004,0.006481076712972498,31.585110666624107,-0.3713409420409325,"[""Optical_A-F00872-D000"", ""Optical_A-F00873-D000""]"
Optical_A-T0047,Optical_A,15,18,9.284975593827198,0.8446114316863054,0.5353392348254965,0.006590380964826806,32.36770906512582,-0.3776037481197999,"[""Optical_A-F00928-D000"", ""Optical_A-F00929-D000""]"
Optical_A-T0047,Optical_A,16,19,9.715001553846443,0.8388668533690293,0.5442957239755204,0.006675865539956299,32.97737742741049,-0.38250176124305013,"[""Optical_A-F00971-D000"", ""Optical_A-F00972-D000""]"
Optical_A-T0047,Optical_A,17,20,10.290000000000001,0.8307886468857363,0.5565465721411305,0.006792440189273108,33.81819046670653,-0.38918114810375953,"[""Optical_A-F01029-D000""]"
Optical_A-T0047,Optical_A,18,21,10.705000210607675,0.82466548163051,0.5655789370763293,0.006878178736309831,34.443432913423216,-0.3940937197546418,"[""Optical_A-F01070-D000"", ""Optical_A-F01071-D000""]"
Optical_A-T0047,Optical_A,19,22,11.3,0.8154340436185311,0.578807630060664,0.00700341998519537,35.36771870065507,-0.401269687593537,"[""Optical_A-F01130-D000""]"
Optical_A-T0047,Optical_A,20,23,11.694999316840457,0.808996218067434,0.5877711107827241,0.007088052047728407,36.00004419251068,-0.40611886795357444,"[""Optical_A-F01169-D000"", ""Optical_A-F01170-D000""]"
Optical_A-T0048,Optical_A,0,4,2.235003171083136,0.9175569215036206,0.3976042896936838,-0.00035301271907166505,23.428497786110935,0.02022613933733391,"[""Optical_A-F00223-D002"", ""Optical_A-F00224-D001""]"
Optical_A-T0048,Optical_A,1,5,2.76500127201005,0.9145017017537328,0.4045818948122769,-0.0003576026210794556,23.864930795163808,0.020489121367359052,"[""Optical_A-F00276-D002"", ""Optical_A-F00277-D001""]"
Optical_A-T0048,Optical_A,2,6,3.2349997635084824,0.9116792766458346,0.410902379729391,-0.0003617557892521057,24.261535188079833,0.020727080390652415,"[""Optical_A-F00323-D001"", ""Optical_A-F00324-D002""]"
Optical_A-T0048,Optical_A,3,7,3.7600000000000002,0.9083945997264031,0.41811376068399647,-0.0003664895548496683,24.71556024427801,0.02099830519857744,"[""Optical_A-F00376-D002""]"
Optical_A-T0048,Optical_A,4,8,4.244867463997552,0.9052207134196568,0.4249415517342503,-0.00037095241619532535,25.146965735054515,0.02125400833561796,"[""Optical_A-F00424-D002"", ""Optical_A-F00425-D001""]"
Optical_A-T0048,Optical_A,5,9,4.75500118607803,0.9017622842117362,0.4322321616818234,-0.00037574072192534834,25.609304293733675,0.02152835806408733,"[""Optical_A-F00475-D001"", ""Optical_A-F00476-D000""]"
Optical_A-T0048,Optical_A,6,10,5.244999805913265,0.898287176600692,0.4394086977125207,-0.00038043310046563495,26.0661618421044,0.021797211569540023,"[""Optical_A-F00524-D001"", ""Optical_A-F00525-D001""]"
Optical_A-T0049,Optical_A,0,5,2.77,0.921651177571662,0.3880099109880775,-0.002723206894988221,22.83081623880988,0.15602845467157572,"[""Optical_A-F00277-D002""]"
Optical_A-T0049,Optical_A,1,6,3.23,0.9203122825322749,0.39117477845731946,-0.002755960649429635,23.027709800699554,0.15790511360683596,"[""Optical_A-F00323-D002""]"
Optical_A-T0049,Optical_A,2,7,3.7689484345699147,0.9186546201113294,0.3950517373324835,-0.002795313702542255,23.269297087296476,0.16015988614687166,"[""Optical_A-F00376-D003"", ""Optical_A-F00377-D001""]"
Optical_A-T0049,Optical_A,3,8,4.235003522974342,0.9172317706749834,0.39834390765711825,-0.002830211457086799,23.47478855439916,0.1621593881065378,"[""Optical_A-F00423-D001"", ""Optical_A-F00424-D003""]"
Optical_A-T0049,Optical_A,4,9,4.765000398150194,0.9155157152428173,0.4022719638686339,-0.0028709281957748135,23.720390702903828,0.16449229486738506,"[""Optical_A-F00476-D001"", ""Optical_A-F00477-D001""]"
Optical_A-T0049,Optical_A,5,10,5.235001605019795,0.9139374574481833,0.4058446346970557,-0.0029079822495528687,23.94417470741922,0.16661534462547808,"[""Optical_A-F00523-D000"", ""Optical_A-F00524-D002""]"
Optical_A-T0049,Optical_A,6,11,5.765002502992003,0.9120907108520354,0.40997783783774344,-0.002950874331063853,24.203554745646223,0.1690728904155758,"[""Optical_A-F00576-D001"", ""Optical_A-F00577-D000""]"
Optical_A-T0049,Optical_A,7,12,6.236977204366041,0.9104522267542685,0.41360343572225855,-0.002990109853716724,24.431515282046437,0.17132093018889416,"[""Optical_A-F00623-D001"", ""Optical_A-F00624-D000""]"
Optical_A-T0049,Optical_A,8,13,6.76,0.9084184204476865,0.41805114971948587,-0.0030347338509573323,24.71173084958756,0.17387770849700232,"[""Optical_A-F00676-D001""]"
Optical_A-T0049,Optical_A,9,14,7.24,0.9065442250388115,0.4220996342092393,-0.003076824533032973,24.96734358769826,0.17628933819660936,"[""Optical_A-F00724-D001""]"
Optical_A-T0049,Optical_A,10,15,7.75,0.9044745823019652,0.42651609376852545,-0.0031227753880036934,25.2467967367779,0.1789221409006958,"[""Optical_A-F00775-D001""]"
Optical_A-T0049,Optical_A,11,16,8.245002613952531,0.9023842425048594,0.4309206872156301,-0.0031686288107522134,25.526140816993077,0.18154936149943157,"[""Optical_A-F00824-D001"", ""Optical_A-F00825-D001""]"
Optical_A-T0049,Optical_A,12,17,8.755001815251887,0.9001420104154809,0.4355846767187522,-0.0032172182077619274,25.822647088287102,0.18433334306849655,"[""Optical_A-F00875-D001"", ""Optical_A-F00876-D001""]"
Optical_A-T0049,Optical_A,13,18,9.245000202006988,0.8978982835496545,0.4401908797327994,-0.00326524097859808,26.11621038724873,0.18708485961135823,"[""Optical_A-F00924-D001"", ""Optical_A-F00925-D001""]"
Optical_A-T0049,Optical_A,14,19,9.75,0.895488979437588,0.4450713322206825,-0.003316163616888591,26.428059249960825,0.19000252766474135,"[""Optical_A-F00975-D001""]"
Optical_A-T0049,Optical_A,15,20,10.25,0.893000981438151,0.45004211278148365,-0.0033680667566838075,26.74654967281295,0.19297637512740742,"[""Optical_A-F01025-D001""]"
Optical_A-T0049,Optical_A,16,21,10.744999591047293,0.8904316979345279,0.4551040411755961,-0.0034209675641550304,27.07179997711529,0.1960073855915294,"[""Optical_A-F01074-D001"", ""Optical_A-F01075-D001""]"
Optical_A-T0049,Optical_A,17,22,11.25,0.8876947719268699,0.4604192713865483,-0.0034765542686230498,27.41434521716493,0.19919228809559275,"[""Optical_A-F01125-D001""]"
Optical_A-T0049,Optical_A,18,23,11.745002588399398,0.8848923768992142,0.4657821393677203,-0.003532697508806863,27.761040706826147,0.20240907856175555,"[""Optical_A-F01174-D002"", ""Optical_A-F01175-D000""]"
Optical_A-T0050,Optical_A,0,6,3.2750032074342115,0.8607001924276187,0.5091070641279167,0.0022750846387477926,30.604457729156817,-0.13035286028674617,"[""Optical_A-F00327-D001"", ""Optical_A-F00328-D001""]"
Optical_A-T0050,Optical_A,1,7,3.725000482037813,0.8572596903228636,0.514879166898344,0.0022949600465239114,30.989469298775166,-0.13149164024141322,"[""Optical_A-F00372-D001"", ""Optical_A-F00373-D003""]"
Optical_A-T0050,Optical_A,2,8,4.274999603091163,0.8529182124310146,0.5220394069835604,0.002319581801787881,31.46924491383259,-0.13290236665728378,"[""Optical_A-F00427-D002"", ""Optical_A-F00428-D001""]"
Optical_A-T0050,Optical_A,3,9,4.72,0.8492921603643047,0.5279179404111675,0.0023397725879752305,31.864983579727244,-0.13405921663023518,"[""Optical_A-F00472-D000""]"
Optical_A-T0050,Optical_A,4,10,5.285003197594376,0.8445360812686658,0.5354934272828621,0.002365749821870156,32.37748228868188,-0.1355476066153666,"[""Optical_A-F00528-D001"", ""Optical_A-F00529-D001""]"
Optical_A-T0050,Optical_A,5,11,5.715000532291888,0.8407987936887632,0.5413424947228913,0.0023857784299712937,32.77518010622795,-0.13669516456766204,"[""Optical_A-F00571-D001"", ""Optical_A-F00572-D001""]"
Optical_A-T0050,Optical_A,6,12,6.29,0.8356362499418525,0.5492779220551043,0.0024129081923396304,33.31759913351059,-0.1382495899249102,"[""Optical_A-F00629-D000""]"
Optical_A-T0050,Optical_A,7,13,6.71,0.831742125568886,0.5551568401554655,0.0024329781648692594,33.7216314071721,-0.13939951802124043,"[""Optical_A-F00671-D001""]"
Optical_A-T0050,Optical_A,8,14,7.295002819999583,0.8261380935449524,0.5634623257027733,0.0024612816850917967,34.29569882393853,-0.14102119513107841,"[""Optical_A-F00729-D001"", ""Optical_A-F00730-D000""]"
Optical_A-T0050,Optical_A,9,15,7.7050011009204535,0.8220817149049076,0.5693641162263533,0.002481365106111554,34.706017705448154,-0.14217189390763105,"[""Optical_A-F00770-D000"", ""Optical_A-F00771-D001""]"
Optical_A-T0050,Optical_A,10,16,8.3,0.8159988723135361,0.578048039495428,0.0025108601175219607,35.313496868519266,-0.14386183884287396,"[""Optical_A-F00830-D001""]"
Optical_A-T0050,Optical_A,11,17,8.700000000000001,0.8117749952907292,0.5839648546393549,0.0025309221192929272,35.73002736232871,-0.14501131052534366,"[""Optical_A-F00870-D001""]"
Optical_A-T0050,Optical_A,12,18,9.305001590757314,0.8051727613634846,0.5930347902832123,0.002561615124785119,36.372801645794034,-0.14676989590157635,"[""Optical_A-F00930-D001"", ""Optical_A-F00931-D000""]"
Optical_A-T0050,Optical_A,13,19,9.695002354065412,0.8007764978449421,0.5989577077939748,0.00258162223744806,36.79542819158617,-0.14791622280788852,"[""Optical_A-F00969-D001"", ""Optical_A-F00970-D001""]"
Optical_A-T0050,Optical_A,14,20,10.31,0.793611812970856,0.6084188194388728,0.0026135159688722336,37.47541093619856,-0.14974360517651344,"[""Optical_A-F01031-D001""]"
Optical_A-T0050,Optical_A,15,21,10.684999422433288,0.7890996579934321,0.6142595511522931,0.002633167832073297,37.8982922626302,-0.15086957787195615,"[""Optical_A-F01068-D000"", ""Optical_A-F01069-D001""]"
Optical_A-T0050,Optical_A,16,22,11.314999715164287,0.7812655474991455,0.6241931063255559,0.0026665158004192386,38.62315082305746,-0.15278028242177522,"[""Optical_A-F01131-D001"", ""Optical_A-F01132-D001""]"
Optical_A-T0050,Optical_A,17,23,11.68,0.7765768696152859,0.6300167861703806,0.002686023467575468,39.05152867977983,-0.15389799342075533,"[""Optical_A-F01168-D001""]"
Optical_A-T0051,Optical_A,0,10,5.325002528029755,0.7685676766460895,0.639716862640146,0.008127857570149631,39.772285160716784,-0.4656970628342326,"[""Optical_A-F00532-D001"", ""Optical_A-F00533-D000""]"
Optical_A-T0051,Optical_A,1,11,5.675000360294285,0.7658324363447566,0.6429919550165947,0.007875609575881501,40.01677746576309,-0.45124385462316474,"[""Optical_A-F00567-D001"", ""Optical_A-F00568-D004""]"
Optical_A-T0051,Optical_A,2,12,6.3271288418414935,0.7588150617091964,0.6512575551397773,0.007956066655606667,40.638039729775436,-0.4558538501591673,"[""Optical_A-F00632-D004"", ""Optical_A-F00633-D002""]"
Optical_A-T0051,Optical_A,3,13,6.67,0.7548919046994098,0.6558004533949195,0.007998596521587019,40.98196471109522,-0.4582907095227237,"[""Optical_A-F00667-D002""]"
Optical_A-T0051,Optical_A,4,14,7.335001893876429,0.747264813518835,0.6644772273941565,0.008081630481234659,41.6438959829931,-0.46304835874601613,"[""Optical_A-F00733-D005"", ""Optical_A-F00734-D001""]"
Optical_A-T0051,Optical_A,5,15,7.665001036719091,0.7433831250568393,0.6688165257541964,0.008123069543836653,41.977489984205334,-0.46542272007766394,"[""Optical_A-F00766-D001"", ""Optical_A-F00767-D004""]"
Optical_A-T0051,Optical_A,6,16,8.34,0.7352386344316157,0.677758640427921,0.008208274144375803,42.67052188775235,-0.47030474685021645,"[""Optical_A-F00834-D003""]"
Optical_A-T0051,Optical_A,7,17,8.66,0.7312792005134245,0.6820283623756861,0.008248867291112662,43.0041685206396,-0.4726306415793269,"[""Optical_A-F00866-D002""]"
Optical_A-T0051,Optical_A,8,18,9.345000527134722,0.7225853304713341,0.6912314726701405,0.008336148865129072,43.72957422455593,-0.47763167935417705,"[""Optical_A-F00934-D004"", ""Optical_A-F00935-D001""]"
Optical_A-T0051,Optical_A,9,19,9.655002451378888,0.718551778507239,0.6954230277036996,0.008375807035943275,44.06288172089038,-0.47990400449613413,"[""Optical_A-F00965-D002"", ""Optical_A-F00966-D004""]"
Optical_A-T0051,Optical_A,10,20,10.35,0.7092776978757587,0.7048783515092032,0.008465038082147236,44.82175717709284,-0.48501674810581696,"[""Optical_A-F01035-D002""]"
Optical_A-T0051,Optical_A,11,21,10.644999505767583,0.7052438521583101,0.7089138223025357,0.008503031301628477,45.14869157233791,-0.48719367758018123,"[""Optical_A-F01064-D001"", ""Optical_A-F01065-D003""]"
Optical_A-T0051,Optical_A,12,22,11.354998736681257,0.695288742018041,0.7186791330466726,0.008594704547169263,45.94772199904797,-0.49244635959053634,"[""Optical_A-F01135-D005"", ""Optical_A-F01136-D002""]"
Optical_A-T0051,Optical_A,13,23,11.64,0.6911939247352062,0.7226177787806606,0.008631581503203584,46.27326560913785,-0.494559331910894,"[""Optical_A-F01164-D001""]"
Optical_A-T0052,Optical_A,0,12,6.255003153369527,0.890652808848552,0.45468387003901767,-0.0003904055921065628,27.04459794628582,0.022368593294235878,"[""Optical_A-F00625-D001"", ""Optical_A-F00626-D001""]"
Optical_A-T0052,Optical_A,1,13,6.745000081635055,0.888166430144606,0.45950089805511807,-0.004395116690907194,27.355192359282324,0.25182244760542305,"[""Optical_A-F00674-D003"", ""Optical_A-F00675-D005""]"
Optical_A-T0052,Optical_A,2,14,7.255000565500517,0.8851958418799163,0.46519741934582226,-0.0044365022814705155,27.72329576565042,0.254193690396514,"[""Optical_A-F00725-D005"", ""Optical_A-F00726-D003""]"
Optical_A-T0052,Optical_A,3,15,7.74,0.8822839434418074,0.4706962979279791,-0.004476411695638812,28.079810493048196,0.25648035409804226,"[""Optical_A-F00774-D003""]"
Optical_A-T0052,Optical_A,4,16,8.26,0.8790640821267747,0.47668219062982037,-0.004519806518743791,28.469251263247497,0.258966719468294,"[""Optical_A-F00826-D004""]"
Optical_A-T0052,Optical_A,5,17,8.734998696564732,0.876031691423524,0.4822319794736017,-0.0045599994091581365,28.831605769122074,0.2612696261880267,"[""Optical_A-F00873-D003"", ""Optical_A-F00874-D005""]"
Optical_A-T0052,Optical_A,6,18,9.265001585640308,0.8725412170892698,0.4885187960397836,-0.004605474591834744,29.243612952454328,0.26387518958869266,"[""Optical_A-F00926-D004"", ""Optical_A-F00927-D002""]"
Optical_A-T0052,Optical_A,7,19,9.73500198006597,0.8693484813091745,0.4941777305650592,-0.004646359757883812,29.615895134315885,0.2662177621127763,"[""Optical_A-F00973-D002"", ""Optical_A-F00974-D004""]"
Optical_A-T0052,Optical_A,8,20,10.27,0.8655989595997837,0.5007158992648342,-0.004693544841651714,30.04773989293808,0.2689212977490268,"[""Optical_A-F01027-D003""]"
Optical_A-T0052,Optical_A,9,21,10.73,0.8622731792313937,0.5064213140444206,-0.0047346657440032495,30.42612505806972,0.2712773780831886,"[""Optical_A-F01073-D002""]"
Optical_A-T0052,Optical_A,10,22,11.27,0.8582446715495187,0.5132184729720448,-0.0047835924890582875,30.878841424530755,0.2740807058273337,"[""Optical_A-F01127-D003""]"
Optical_A-T0052,Optical_A,11,23,11.725001409994334,0.8547426703393326,0.5190295591703072,-0.004825371349810363,31.267583786066314,0.27647448584949375,"[""Optical_A-F01172-D002"", ""Optical_A-F01173-D004""]"
Optical_A-T0053,Optical_A,0,12,6.25,0.8939668915843877,0.4480729076215638,-0.007339360088258401,26.620884234521192,0.42051813272768623,"[""Optical_A-F00625-D004""]"
Optical_A-T0053,Optical_A,1,13,6.75,0.8923616387821386,0.4512601940370062,-0.0074123483282794896,26.82536144419767,0.42470016459546905,"[""Optical_A-F00675-D007""]"
Optical_A-T0053,Optical_A,2,14,7.255003713237496,0.8906958472948812,0.4545380573780257,-0.007487456621875865,27.036035576506904,0.42900367225222985,"[""Optical_A-F00725-D007"", ""Optical_A-F00726-D004""]"
Optical_A-T0053,Optical_A,3,15,7.7449993559319985,0.8890350009664916,0.45777678813855466,-0.007561699416085073,27.24458396507943,0.4332575914492667,"[""Optical_A-F00774-D004"", ""Optical_A-F00775-D006""]"
Optical_A-T0053,Optical_A,4,16,8.255002030397366,0.8872581182842347,0.4612099903102345,-0.007640443491853452,27.46608289028497,0.43776942499399724,"[""Optical_A-F00825-D006"", ""Optical_A-F00826-D005""]"
Optical_A-T0053,Optical_A,5,17,8.74,0.8855211596207058,0.464534958396047,-0.0077167539797162125,27.68102443231383,0.44214182278428643,"[""Optical_A-F00874-D006""]"
Optical_A-T0053,Optical_A,6,18,9.255000239156356,0.8836240298036573,0.4681321866287175,-0.007799345854692946,27.914044123536772,0.44687413105853363,"[""Optical_A-F00925-D006"", ""Optical_A-F00926-D005""]"
Optical_A-T0053,Optical_A,7,19,9.74,0.8817863968541784,0.47158316061961386,-0.007878638393846503,28.138063110149098,0.45141739849367524,"[""Optical_A-F00974-D005""]"
Optical_A-T0053,Optical_A,8,20,10.26,0.8797586141702671,0.47535390436856995,-0.007965324523679736,28.383377310582098,0.45638430373544214,"[""Optical_A-F01026-D004""]"
Optical_A-T0053,Optical_A,9,21,10.74,0.8778320925975356,0.47890089200451913,-0.008046915129887687,28.61465414134084,0.4610592509500471,"[""Optical_A-F01074-D006""]"
Optical_A-T0053,Optical_A,10,22,11.265003640064888,0.8756625317996268,0.48285495169119014,-0.008137937672760531,28.8730761986367,0.4662746292724984,"[""Optical_A-F01126-D005"", ""Optical_A-F01127-D004""]"
Optical_A-T0053,Optical_A,11,23,11.734999675711727,0.8736624756024193,0.4864630440694435,-0.00822103879950264,29.109449711644267,0.47103613239350617,"[""Optical_A-F01173-D005"", ""Optical_A-F01174-D006""]"
Optical_A-T0054,Optical_A,0,12,6.284598162799368,0.8449538806623059,0.5348236932652936,0.004068989528230836,32.33225573922577,-0.23313657018134026,"[""Optical_A-F00628-D004"", ""Optical_A-F00629-D002""]"
Optical_A-T0054,Optical_A,1,13,6.714999538325735,0.8426459849828507,0.5384523034185075,0.004106206958370423,32.57865111854272,-0.2352689896675813,"[""Optical_A-F00671-D003"", ""Optical_A-F00672-D003""]"
Optical_A-T0054,Optical_A,2,14,7.2850012985925705,0.8394583928952221,0.5434080700534688,0.004156440608926955,32.916264083316115,-0.23814719039674226,"[""Optical_A-F00728-D002"", ""Optical_A-F00729-D003""]"
Optical_A-T0054,Optical_A,3,15,7.72,0.8369527308564131,0.5472591013497389,0.00419550972693545,33.17950804133213,-0.24038570548662846,"[""Optical_A-F00772-D002""]"
Optical_A-T0054,Optical_A,4,16,8.290000000000001,0.8335694061905816,0.5523984089095662,0.004247693169347163,33.53205247928491,-0.2433756231407764,"[""Optical_A-F00829-D003""]"
Optical_A-T0054,Optical_A,5,17,8.71,0.8310014676298907,0.5562537042778669,0.0042868723003153955,33.797462708398406,-0.2456204424292281,"[""Optical_A-F00871-D002""]"
Optical_A-T0054,Optical_A,6,18,9.295003477157888,0.8273138374158054,0.5617232032626958,0.004342503498028366,34.175419491862826,-0.2488079049377367,"[""Optical_A-F00929-D003"", ""Optical_A-F00930-D003""]"
Optical_A-T0054,Optical_A,7,19,9.704999932940787,0.8246498911071677,0.5656265137248842,0.004382244672556326,34.4461862099433,-0.2510849281775609,"[""Optical_A-F00970-D003"", ""Optical_A-F00971-D003""]"
Optical_A-T0054,Optical_A,8,20,10.295000748268631,0.8206963247148881,0.5713473760869054,0.004440544795788937,34.844629190071885,-0.2544253116871188,"[""Optical_A-F01029-D003"", ""Optical_A-F01030-D002""]"
Optical_A-T0054,Optical_A,9,21,10.705002753815155,0.8178623713088701,0.5753964325618692,0.004481851415016493,35.127804189327584,-0.25679203018665436,"[""Optical_A-F01070-D001"", ""Optical_A-F01071-D003""]"
Optical_A-T0054,Optical_A,10,22,11.3,0.8136177985444268,0.5813823520554389,0.004542973718426774,35.54825125471368,-0.26029411586140994,"[""Optical_A-F01130-D003""]"
Optical_A-T0054,Optical_A,11,23,11.700000000000001,0.8106734078289032,0.5854806613697312,0.004584866534050245,35.83738871858526,-0.2626944223872929,"[""Optical_A-F01170-D003""]"
Optical_A-T0055,Optical_A,0,13,6.754999917211031,0.9033145374512844,0.4289786706697403,0.0003828049038690786,25.40276346015453,-0.0219331059042875,"[""Optical_A-F00675-D003"", ""Optical_A-F00676-D003""]"
Optical_A-T0055,Optical_A,1,14,7.245000898595359,0.9006688392230077,0.4345060329417312,0.00038650992147296477,25.753868219036587,-0.022145387791716726,"[""Optical_A-F00724-D003"", ""Optical_A-F00725-D003""]"
Optical_A-T0055,Optical_A,2,15,7.755002880027154,0.897823314323006,0.4403557014788142,0.0003904268872383465,26.126580631838056,-0.02236981341550425,"[""Optical_A-F00775-D003"", ""Optical_A-F00776-D001""]"
Optical_A-T0055,Optical_A,3,16,8.25,0.8949685410273854,0.44612907897547865,0.00039428898583576753,26.495601785197216,-0.022591095382232605,"[""Optical_A-F00825-D003""]"
Optical_A-T0055,Optical_A,4,17,8.748662157895234,0.8919551779174385,0.452123657850219,0.0003982441570002909,26.880019785513827,-0.022817710015004117,"[""Optical_A-F00874-D003"", ""Optical_A-F00875-D003""]"
Optical_A-T0055,Optical_A,5,18,9.255001979360618,0.8888759424866522,0.45814778948138896,0.00040232049743311364,27.267654569908576,-0.02305126713637451,"[""Optical_A-F00925-D003"", ""Optical_A-F00926-D002""]"
Optical_A-T0055,Optical_A,6,19,9.745001921101796,0.8857538090778659,0.46415517298075004,0.0004063240842408295,27.655562468059934,-0.023280655782120862,"[""Optical_A-F00974-D002"", ""Optical_A-F00975-D004""]"
Optical_A-T0055,Optical_A,7,20,10.258686361817714,0.8824125423680506,0.4704762868467227,0.00041059283183504316,28.065220360089576,-0.02352523702347888,"[""Optical_A-F01025-D004"", ""Optical_A-F01026-D002""]"
Optical_A-T0055,Optical_A,8,21,10.74,0.8790884936005876,0.4766584190854293,0.00041464928437875525,28.467387227522437,-0.02375765465381411,"[""Optical_A-F01074-D003""]"
Optical_A-T0055,Optical_A,9,22,11.26500267603435,0.8753866430646176,0.48342326119056683,0.00041914667695913606,28.909223106974956,-0.02401533628987664,"[""Optical_A-F01126-D002"", ""Optical_A-F01127-D001""]"
Optical_A-T0055,Optical_A,10,23,11.735001281202088,0.8719583508739798,0.489579876236283,0.0004232323183679485,29.312974681719925,-0.024249426319969496,"[""Optical_A-F01173-D002"", ""Optical_A-F01174-D004""]"
Optical_A-T0056,Optical_A,0,14,7.225000980859175,0.9264695428709709,0.3763697420924425,5.8049310174346236e-05,22.108996626598206,-0.003325980478503807,"[""Optical_A-F00722-D003"", ""Optical_A-F00723-D002""]"
Optical_A-T0056,Optical_A,1,15,7.775002053697918,0.9252111453790258,0.37945267559183915,5.875904695045002e-05,22.29978428976067,-0.003366645400409131,"[""Optical_A-F00777-D002"", ""Optical_A-F00778-D001""]"
Optical_A-T0056,Optical_A,2,16,8.224999505864371,0.9241505526901826,0.38202847071854734,5.9353838493661486e-05,22.4593875681672,-0.0034007244455846494,"[""Optical_A-F00822-D002"", ""Optical_A-F00823-D002""]"
Optical_A-T0056,Optical_A,3,17,8.771317528430602,0.9228568203965533,0.3851432012077886,6.009143614599721e-05,22.652630698381223,-0.0034429856781176137,"[""Optical_A-F00877-D001"", ""Optical_A-F00878-D002""]"
Optical_A-T0056,Optical_A,4,18,9.23,0.9216753213130235,0.38796210948392007,6.072332011326834e-05,22.827755239191013,-0.003479189962650288,"[""Optical_A-F00923-D002""]"
Optical_A-T0056,Optical_A,5,19,9.77,0.9202811808943647,0.3912576444126558,6.148441588153213e-05,23.03277641313526,-0.00352279753805848,"[""Optical_A-F00977-D002""]"
Optical_A-T0056,Optical_A,6,20,10.23,0.9190561413114241,0.39412663606424625,6.214850817352666e-05,23.21151576531669,-0.0035608472236696356,"[""Optical_A-F01023-D002""]"
Optical_A-T0056,Optical_A,7,21,10.764999469824033,0.9175860679027099,0.39753717314225456,6.293574986350754e-05,23.424305339653955,-0.0036059528500505035,"[""Optical_A-F01076-D002"", ""Optical_A-F01077-D002""]"
Optical_A-T0056,Optical_A,8,22,11.2350023355926,0.9162527179559525,0.40060073987417005,6.364430315182259e-05,23.615739050276805,-0.0036465499631123817,"[""Optical_A-F01123-D002"", ""Optical_A-F01124-D000""]"
Optical_A-T0056,Optical_A,9,23,11.765001087475579,0.914699996974603,0.4041335316195144,6.446239337539566e-05,23.83684121777197,-0.00369342308028019,"[""Optical_A-F01176-D000"", ""Optical_A-F01177-D002""]"
Optical_A-T0057,Optical_A,0,18,9.33499911850487,0.7396779223940306,0.6729602124077202,0.0010600183992255836,42.29597789372117,-0.060734591855802544,"[""Optical_A-F00933-D003"", ""Optical_A-F00934-D002""]"
Optical_A-T0057,Optical_A,1,19,9.66,0.7356240084155622,0.6773892403605012,0.0010654982140642108,42.6399943511866,-0.061048562295877254,"[""Optical_A-F00966-D002""]"
Optical_A-T0057,Optical_A,2,20,10.345001994537945,0.7268513696098129,0.6867939475219799,0.0010770995846607087,43.376886191024376,-0.06171327224906519,"[""Optical_A-F01034-D003"", ""Optical_A-F01035-D001""]"
Optical_A-T0057,Optical_A,3,21,10.655001124324393,0.7227783724610967,0.6910790495813127,0.0010823734464961282,43.71561788965051,-0.06201544245010995,"[""Optical_A-F01065-D001"", ""Optical_A-F01066-D002""]"
Optical_A-T0057,Optical_A,4,22,11.35,0.713406692451331,0.7007493801582698,0.0010942456089105695,44.48719153158665,-0.06269566765299074,"[""Optical_A-F01135-D003""]"
Optical_A-T0057,Optical_A,5,23,11.65,0.7092572838192752,0.7049488610484352,0.0010993888384898335,44.825447175213405,-0.06299035317820431,"[""Optical_A-F01165-D003""]"
Optical_A-T0058,Optical_A,0,19,9.674998901291762,0.7700432559945802,0.6379583972466089,-0.006516692397488342,39.64075815881638,0.37338161354311383,"[""Optical_A-F00967-D002"", ""Optical_A-F00968-D002""]"
Optical_A-T0059,Optical_A,0,20,10.325000132396287,0.762610663468851,0.646824224912706,-0.006587718093253792,40.30364227683251,0.37745117350518764,"[""Optical_A-F01032-D002"", ""Optical_A-F01033-D002""]"
Optical_A-T0059,Optical_A,1,21,10.670732183581425,0.7585869480885378,0.6515381349846335,-0.006625771688164409,40.658751484557264,0.3796315314748249,"[""Optical_A-F01067-D001"", ""Optical_A-F01068-D003""]"
Optical_A-T0059,Optical_A,2,22,11.33500314478017,0.7505267007870926,0.6608061668675831,-0.006699345894475317,41.36251672558903,0.38384711654371056,"[""Optical_A-F01133-D001"", ""Optical_A-F01134-D002""]"
Optical_A-T0059,Optical_A,3,23,11.665000129183746,0.7464322106650088,0.6654273660064564,-0.006736130302906209,41.71627894688234,0.3859547554561113,"[""Optical_A-F01166-D002"", ""Optical_A-F01167-D001""]"
Optical_B-T0001,Optical_B,0,0,0.16499893751522346,0.7504076389512312,-0.6609623515497631,0.004140680794995324,-41.37374117772378,-0.23724421180212382,"[""Optical_B-F00016-D000"", ""Optical_B-F00017-D002""]"
Optical_B-T0001,Optical_B,1,1,0.8350022007779885,0.7479977779798159,-0.6636466713889422,0.008509976006765018,-41.58042601114133,-0.4875915942714752,"[""Optical_B-F00083-D001"", ""Optical_B-F00084-D000""]"
Optical_B-T0001,Optical_B,2,2,1.1650009829063537,0.7439802149249738,-0.6681468752534264,0.008555284289385835,-41.92608346544976,-0.490187662148946,"[""Optical_B-F00116-D000"", ""Optical_B-F00117-D001""]"
Optical_B-T0002,Optical_B,0,0,0.17499930412446107,0.7695913280938717,-0.6385347486658538,-0.0016007713596208689,-39.68270687832074,0.091717482042256,"[""Optical_B-F00017-D000"", ""Optical_B-F00018-D000""]"
Optical_B-T0002,Optical_B,1,1,0.8250007585636506,0.76459861380159,-0.6445047208301389,-0.0016200618358461149,-40.12861466964516,0.09282274634799735,"[""Optical_B-F00082-D000"", ""Optical_B-F00083-D000""]"
Optical_B-T0002,Optical_B,2,2,1.17,0.7618806659022661,-0.6477153638411695,-0.0016304503736789921,-40.369635494852304,0.09341796650726074,"[""Optical_B-F00117-D000""]"
Optical_B-T0002,Optical_B,3,3,1.83,0.756543448561897,-0.6539413474537576,-0.0016506145632018778,-40.83949344213772,0.09457329101893408,"[""Optical_B-F00183-D000""]"
Optical_B-T0002,Optical_B,4,4,2.17,0.753721885719208,-0.6571914177471431,-0.0016611524257365117,-41.086093393382455,0.09517706689502266,"[""Optical_B-F00217-D000""]"
Optical_B-T0002,Optical_B,5,5,2.8350022690534473,0.7480564968269268,-0.663632916758156,-0.0016820672068236031,-41.57760368669841,0.09637539725501096,"[""Optical_B-F00283-D000"", ""Optical_B-F00284-D000""]"
Optical_B-T0002,Optical_B,6,6,3.1650006935498007,0.7451708776178251,-0.6668714255956595,-0.0016925939540347059,-41.82613017044552,0.09697853630080555,"[""Optical_B-F00316-D000"", ""Optical_B-F00317-D000""]"
Optical_B-T0002,Optical_B,7,7,3.8349991278889037,0.7391555054218535,-0.6735326273151914,-0.001714277241252251,-42.340380413009015,0.0982208989468439,"[""Optical_B-F00383-D000"", ""Optical_B-F00384-D000""]"
Optical_B-T0002,Optical_B,8,8,4.16,0.7361599863492981,-0.6768053627620632,-0.001724944843608634,-42.59458276045736,0.09883210844308425,"[""Optical_B-F00416-D000""]"
Optical_B-T0002,Optical_B,9,9,4.844920945051401,0.7296647228702215,-0.6838028499266136,-0.0017477502579430662,-43.14161267091354,0.10013876440424453,"[""Optical_B-F00484-D000"", ""Optical_B-F00485-D000""]"
Optical_B-T0002,Optical_B,10,10,5.154999968909548,0.7266587339980213,-0.6869963558602759,-0.0017582204339090886,-43.39289591225394,0.10073866221959066,"[""Optical_B-F00515-D000"", ""Optical_B-F00516-D000""]"
Optical_B-T0002,Optical_B,11,11,5.84499977096705,0.7197662972661512,-0.6942141617260102,-0.0017818470269130202,-43.9647168178861,0.1020923684036163,"[""Optical_B-F00584-D000"", ""Optical_B-F00585-D000""]"
Optical_B-T0002,Optical_B,12,12,6.153300598361332,0.7167032263457414,-0.6973759904683432,-0.001792557921572581,-44.21694620399868,0.10270605844251349,"[""Optical_B-F00615-D000"", ""Optical_B-F00616-D000""]"
Optical_B-T0002,Optical_B,13,13,6.8500000000000005,0.7092555043551135,-0.7049491667975863,-0.0018170782488866953,-44.82553147388443,0.10411097199808908,"[""Optical_B-F00685-D000""]"
Optical_B-T0002,Optical_B,14,14,7.144999482527849,0.7060603496730269,-0.7081493080430173,-0.0018276043879058498,-45.08463272081138,0.10471407633989127,"[""Optical_B-F00714-D000"", ""Optical_B-F00715-D000""]"
Optical_B-T0002,Optical_B,15,15,7.854999966785323,0.6981546264524676,-0.7159446088194859,-0.0018532850101608074,-45.72076776045389,0.10618547010239206,"[""Optical_B-F00785-D000"", ""Optical_B-F00786-D000""]"
Optical_B-T0002,Optical_B,16,16,8.144703032065575,0.6948737614977177,-0.7191293217733087,-0.0018639066162213329,-45.98274534324487,0.10679404435243739,"[""Optical_B-F00814-D000"", ""Optical_B-F00815-D000""]"
Optical_B-T0002,Optical_B,17,17,8.861161027291246,0.6863438562132568,-0.7272747327927983,-0.0018905235995229082,-46.65851768805236,0.10831908784611348,"[""Optical_B-F00886-D000"", ""Optical_B-F00887-D000""]"
Optical_B-T0002,Optical_B,18,18,9.13499955782082,0.6830992478429508,-0.7303230822503376,-0.0019008231799454956,-46.91359668286743,0.10890921139541428,"[""Optical_B-F00913-D000"", ""Optical_B-F00914-D000""]"
Optical_B-T0002,Optical_B,19,19,9.864999457768231,0.6740238109751499,-0.7387071020092507,-0.001928647098345607,-47.62151344183386,0.11050340741164036,"[""Optical_B-F00986-D000"", ""Optical_B-F00987-D000""]"
Optical_B-T0002,Optical_B,20,20,10.13,0.6706368027362921,-0.7417833373534217,-0.0019388760825354723,-47.883670050973095,0.11108948613023058,"[""Optical_B-F01013-D000""]"
Optical_B-T0002,Optical_B,21,21,10.88,0.6607780003297199,-0.7505788169925445,-0.001968187574679385,-48.64066776258504,0.11276891412596012,"[""Optical_B-F01088-D000""]"
Optical_B-T0002,Optical_B,22,22,11.125000294111196,0.6574661124199107,-0.7534815186916036,-0.0019778800883414756,-48.89299297329185,0.11332425533260751,"[""Optical_B-F01112-D000"", ""Optical_B-F01113-D000""]"
Optical_B-T0002,Optical_B,23,23,11.87920438675918,0.6470369453196754,-0.7624560046524024,-0.0020080739227767643,-49.68133098009205,0.11505423804884421,"[""Optical_B-F01187-D000"", ""Optical_B-F01188-D000""]"
Optical_B-T0003,Optical_B,0,0,0.17,0.7558843759483657,-0.6546509964079852,0.008419210128168143,-40.89495065019493,-0.4823909061860308,"[""Optical_B-F00017-D001""]"
Optical_B-T0004,Optical_B,0,0,0.18499896633426294,0.7903142512315525,-0.6127013305569959,-0.0006810535935459041,-37.78509439887088,0.039021499548981924,"[""Optical_B-F00018-D001"", ""Optical_B-F00019-D000""]"
Optical_B-T0004,Optical_B,1,1,0.8150031328469802,0.7902303082539346,-0.612809341670982,0.000877882491613516,-37.79293216251689,-0.05029896813860002,"[""Optical_B-F00081-D005"", ""Optical_B-F00082-D002""]"
Optical_B-T0004,Optical_B,2,2,1.1850003721952826,0.7871001272987618,-0.6168246150900386,0.0008853390869781612,-38.084637628859966,-0.050726199748562247,"[""Optical_B-F00118-D001"", ""Optical_B-F00119-D005""]"
Optical_B-T0004,Optical_B,3,3,1.8150017503333893,0.7872225456136938,-0.6166689340767494,-0.0002990353517644698,-38.07329035653835,0.017133463836665915,"[""Optical_B-F00181-D000"", ""Optical_B-F00182-D001""]"
Optical_B-T0004,Optical_B,4,4,2.1850013883559103,0.7843804771814402,-0.6202799176439654,-0.0003013041846221379,-38.33658048177974,0.017263458389687313,"[""Optical_B-F00218-D001"", ""Optical_B-F00219-D000""]"
Optical_B-T0004,Optical_B,5,5,2.8149996088386224,0.7812860276843826,-0.6241682564670294,-0.0024759975902165785,-38.62130600541616,0.14186435695564553,"[""Optical_B-F00281-D003"", ""Optical_B-F00282-D003""]"
Optical_B-T0004,Optical_B,6,6,3.18,0.7769945558716098,-0.6295023805702871,-0.0024925894610456703,-39.01356281517259,0.14281500406195533,"[""Optical_B-F00318-D003""]"
Optical_B-T0004,Optical_B,7,7,3.8250032034350907,0.7710351467047082,-0.6367925136081998,-0.00031170274271571886,-39.553061295232354,0.017859251909459518,"[""Optical_B-F00382-D000"", ""Optical_B-F00383-D002""]"
Optical_B-T0004,Optical_B,8,8,4.175000060651878,0.7680198602770629,-0.6404259485892241,-0.0003139961676060784,-39.82359110488102,0.017990655482737948,"[""Optical_B-F00417-D001"", ""Optical_B-F00418-D000""]"
Optical_B-T0004,Optical_B,9,9,4.825000035921187,0.7622540084502586,-0.6472779351018487,-0.00031832656162221864,-40.336685320660905,0.01823876879589214,"[""Optical_B-F00482-D000"", ""Optical_B-F00483-D001""]"
Optical_B-T0004,Optical_B,10,10,5.173630104669874,0.759161002082788,-0.6509028115426605,-0.0003206906871205987,-40.60970715228022,0.018374223216102596,"[""Optical_B-F00517-D000"", ""Optical_B-F00518-D000""]"
Optical_B-T0004,Optical_B,11,11,5.83,0.7528940096354262,-0.658141705481482,-0.00032520918967223156,-41.158304860535516,0.01863311435553121,"[""Optical_B-F00583-D000""]"
Optical_B-T0004,Optical_B,12,12,6.17,0.7495988744911776,-0.6618923024535726,-0.00032758856568011497,-41.444353416830275,0.018769442565919597,"[""Optical_B-F00617-D000""]"
Optical_B-T0004,Optical_B,13,13,6.835000450421161,0.7429572463382922,-0.6693387928959155,-0.0003323222247510798,-42.01605586508432,0.01904066126710382,"[""Optical_B-F00683-D000"", ""Optical_B-F00684-D001""]"
Optical_B-T0004,Optical_B,14,14,7.1650029660021755,0.739561457534439,-0.6730889528875247,-0.00033470929427755137,-42.30592460235567,0.019177430283981563,"[""Optical_B-F00716-D000"", ""Optical_B-F00717-D000""]"
Optical_B-T0004,Optical_B,15,15,7.84,0.7324010719483197,-0.6808733762102545,-0.0003396719028260567,-42.91193256839007,0.019461766825350932,"[""Optical_B-F00784-D000""]"
Optical_B-T0004,Optical_B,16,16,8.15499920412214,0.7289569525314741,-0.6845594527685466,-0.000342025224730284,-43.200973596930105,0.019596602246131318,"[""Optical_B-F00815-D002"", ""Optical_B-F00816-D000""]"
Optical_B-T0004,Optical_B,17,17,8.845000358805047,0.7211783407097339,-0.6927493632615002,-0.00034726350376463894,-43.84814409234086,0.019896733544536818,"[""Optical_B-F00884-D000"", ""Optical_B-F00885-D000""]"
Optical_B-T0004,Optical_B,18,18,9.15500306446067,0.717574841586774,-0.696481316664875,-0.0003496547988503886,-44.145380248750214,0.020033744668838883,"[""Optical_B-F00915-D000"", ""Optical_B-F00916-D000""]"
Optical_B-T0004,Optical_B,19,19,9.85,0.7092403362624841,-0.7049666795825944,-0.0003551007887705736,-44.826855797820215,0.020345776925909203,"[""Optical_B-F00985-D000""]"
Optical_B-T0004,Optical_B,20,20,10.14499971108329,0.7055933901158461,-0.7086168499657156,-0.00035744858936555203,-45.122493261671735,0.020480295999677166,"[""Optical_B-F01014-D000"", ""Optical_B-F01015-D000""]"
Optical_B-T0004,Optical_B,21,21,10.854999496360897,0.6965350325375472,-0.7175226940967384,-0.00036318600826266864,-45.850330307247035,0.020809025909120264,"[""Optical_B-F01085-D000"", ""Optical_B-F01086-D000""]"
Optical_B-T0004,Optical_B,22,22,11.14,0.6927847897991928,-0.721144299994409,-0.0003655249131116213,-46.14904093496877,0.020943035294543166,"[""Optical_B-F01114-D000""]"
Optical_B-T0004,Optical_B,23,23,11.865002565054535,0.6829346382360906,-0.7304793917951927,-0.0003715640799562882,-46.92660245558393,0.021289054090017457,"[""Optical_B-F01186-D000"", ""Optical_B-F01187-D001""]"
Optical_B-T0005,Optical_B,0,0,0.19500302549943965,0.7989941703481274,-0.6013386998879452,-0.0002894249185843846,-36.965837053962915,0.01658282655231771,"[""Optical_B-F00019-D001"", ""Optical_B-F00020-D000""]"
Optical_B-T0005,Optical_B,1,1,0.805000692636711,0.8033078945868131,-0.5955591747940959,-0.002386590261661082,-36.552625648034905,0.13674167922958644,"[""Optical_B-F00080-D002"", ""Optical_B-F00081-D003""]"
Optical_B-T0005,Optical_B,2,2,1.1950017326340614,0.8023719609870679,-0.5968232418201164,-0.0011199308434930067,-36.64274302709084,0.06416732409227228,"[""Optical_B-F00119-D004"", ""Optical_B-F00120-D003""]"
Optical_B-T0006,Optical_B,0,0,0.19607042638654576,0.8097541764456841,-0.5867345335407573,-0.006384424757309312,-35.92646770901046,0.36580307831722386,"[""Optical_B-F00019-D002"", ""Optical_B-F00020-D002""]"
Optical_B-T0007,Optical_B,0,0,0.19500149065200453,0.8094828059775321,-0.5871388392337046,-0.0023601461902304642,-35.95434909242731,0.1352265412761267,"[""Optical_B-F00019-D003"", ""Optical_B-F00020-D003""]"
Optical_B-T0007,Optical_B,1,1,0.8050015695560707,0.8052287178346991,-0.5929633030369453,-0.0011105070024434141,-36.36760239348383,0.06362737743755699,"[""Optical_B-F00080-D003"", ""Optical_B-F00081-D004""]"
Optical_B-T0007,Optical_B,2,2,1.195002900596247,0.7992398801899152,-0.6010073512799987,-0.002403668323677318,-36.94220244960059,0.13772018291205912,"[""Optical_B-F00119-D003"", ""Optical_B-F00120-D002""]"
Optical_B-T0007,Optical_B,3,3,1.809824273550473,0.7977387781651636,-0.6030021172823088,-0.001135061498091731,-37.0852402920576,0.06503424729309489,"[""Optical_B-F00180-D001"", ""Optical_B-F00181-D003""]"
Optical_B-T0007,Optical_B,4,4,2.19,0.7947713203695345,-0.6069079322583492,-0.0011445872452201331,-37.36628923676407,0.06558003275480549,"[""Optical_B-F00219-D004""]"
Optical_B-T0007,Optical_B,5,5,2.82,0.7897150132660528,-0.6134727790789712,-0.0011606684806338631,-37.84106330551419,0.06650142028543382,"[""Optical_B-F00282-D004""]"
Optical_B-T0007,Optical_B,6,6,3.185000509430399,0.7866947009364754,-0.6173411360453092,-0.0011701558684959425,-38.122259838127334,0.06704500793768321,"[""Optical_B-F00318-D004"", ""Optical_B-F00319-D001""]"
Optical_B-T0007,Optical_B,7,7,3.8149997881535,0.781317735312415,-0.624132348081199,-0.0011868297805404365,-38.618564643271846,0.06800035338922991,"[""Optical_B-F00381-D001"", ""Optical_B-F00382-D004""]"
Optical_B-T0007,Optical_B,8,8,4.18,0.7781042019500726,-0.6281340771616852,-0.0011966686587570237,-38.9126250241743,0.06856407998650689,"[""Optical_B-F00418-D004""]"
Optical_B-T0007,Optical_B,9,9,4.820253716077006,0.7722709502487403,-0.6352921414688709,-0.001214244540388244,-39.441690168730105,0.06957110455687716,"[""Optical_B-F00482-D003"", ""Optical_B-F00483-D004""]"
Optical_B-T0007,Optical_B,10,10,5.17499976744101,0.7689593478780126,-0.6392965061224429,-0.0012241612063609109,-39.73941740622006,0.07013928808624424,"[""Optical_B-F00517-D003"", ""Optical_B-F00518-D002""]"
Optical_B-T0007,Optical_B,11,11,5.8250002761984625,0.7626642724039154,-0.6467933699257566,-0.0012426659606605515,-40.30030724947875,0.07119953321503592,"[""Optical_B-F00582-D001"", ""Optical_B-F00583-D004""]"
Optical_B-T0007,Optical_B,12,12,6.17,0.7592150615024479,-0.6508386291629815,-0.0012526679869442306,-40.60489933403767,0.07177260755371685,"[""Optical_B-F00617-D004""]"
Optical_B-T0007,Optical_B,13,13,6.83,0.752396952711828,-0.6587087423017008,-0.001272149860244952,-41.20150892860705,0.07288883756032945,"[""Optical_B-F00683-D002""]"
Optical_B-T0007,Optical_B,14,14,7.16499972260168,0.7488226476507915,-0.662769189295856,-0.0012822189252815217,-41.51145211769223,0.07346575296110244,"[""Optical_B-F00716-D003"", ""Optical_B-F00717-D002""]"
Optical_B-T0007,Optical_B,15,15,7.835000076194051,0.7414334399910786,-0.6710251537597361,-0.00130272204187344,-42.14628004674614,0.07464049598989733,"[""Optical_B-F00783-D001"", ""Optical_B-F00784-D003""]"
Optical_B-T0007,Optical_B,16,16,8.161310016080465,0.737792229968167,-0.6750265933392051,-0.0013128912623827612,-42.4562605428472,0.07522314990429552,"[""Optical_B-F00816-D002"", ""Optical_B-F00817-D001""]"
Optical_B-T0007,Optical_B,17,17,8.844725629169968,0.7296235698016236,-0.6838476916198087,-0.0013345621732340986,-43.145099699756216,0.07646480272215078,"[""Optical_B-F00884-D002"", ""Optical_B-F00885-D003""]"
Optical_B-T0007,Optical_B,18,18,9.155000319249782,0.725879054322803,-0.6878210454872856,-0.0013445743603866316,-43.45792135306014,0.0770384593043857,"[""Optical_B-F00915-D003"", ""Optical_B-F00916-D002""]"
Optical_B-T0007,Optical_B,19,19,9.845073467269298,0.717194285446652,-0.6968719305444332,-0.0013672388017613114,-44.17662624452699,0.07833703733391145,"[""Optical_B-F00984-D001"", ""Optical_B-F00985-D002""]"
Optical_B-T0007,Optical_B,20,20,10.15,0.7132094466228021,-0.7009496329608772,-0.0013774251369788474,-44.503296345045285,0.07892067190016257,"[""Optical_B-F01015-D002""]"
Optical_B-T0007,Optical_B,21,21,10.855001996117222,0.7037017396593277,-0.7104941222137632,-0.0014013922114067938,-45.27518950602319,0.0802938854376578,"[""Optical_B-F01085-D002"", ""Optical_B-F01086-D002""]"
Optical_B-T0007,Optical_B,22,22,11.145001744528646,0.6996558316867797,-0.714478638651016,-0.0014114170438172546,-45.60054626756105,0.08086826659316135,"[""Optical_B-F01114-D002"", ""Optical_B-F01115-D001""]"
Optical_B-T0007,Optical_B,23,23,11.86,0.6893302619579195,-0.7244458063007754,-0.0014365522077442806,-46.42282708986255,0.08230840686369746,"[""Optical_B-F01186-D002""]"
Optical_B-T0008,Optical_B,0,0,0.19515079881642322,0.8095503776419043,-0.5870493886906805,-0.0010960372934149597,-35.94792720929295,0.06279832367487079,"[""Optical_B-F00019-D004"", ""Optical_B-F00020-D004""]"
Optical_B-T0009,Optical_B,0,0,0.19,0.7953547358077467,-0.6061436258069333,0.0008655182342971969,-37.3111976578046,-0.04959054810840606,"[""Optical_B-F00019-D005""]"
Optical_B-T0009,Optical_B,1,1,0.81,0.7946500024425134,-0.6070677785566064,-0.00029301273138042583,-37.377786792708605,0.016788393091930903,"[""Optical_B-F00081-D001""]"
Optical_B-T0009,Optical_B,2,2,1.19,0.791890729116102,-0.6106627432210623,-0.00029526546586398136,-37.637440981564104,0.01691746527578577,"[""Optical_B-F00119-D001""]"
Optical_B-T0009,Optical_B,3,3,1.81,0.792628395302564,-0.6097001868444738,-0.002430868547726699,-37.56795789350901,0.13927864550514754,"[""Optical_B-F00181-D002""]"
Optical_B-T0009,Optical_B,4,4,2.1849995627536063,0.788475835486456,-0.6150608637028643,-0.0024476100632930702,-37.95647676441041,0.14023786654339768,"[""Optical_B-F00218-D003"", ""Optical_B-F00219-D003""]"
Optical_B-T0010,Optical_B,0,0,0.20499977423654825,0.8247190925033471,-0.565538038692212,-0.002268314930043438,-34.439763098918974,0.12996498354860944,"[""Optical_B-F00020-D001"", ""Optical_B-F00021-D000""]"
Optical_B-T0011,Optical_B,0,0,0.21,0.8339556540238268,-0.5518170342855211,0.003990964046889635,-33.492060557980665,-0.22866600310213295,"[""Optical_B-F00021-D001""]"
Optical_B-T0012,Optical_B,0,0,0.22500141857491687,0.8545294598773275,-0.5193784375562058,-0.005043887730438508,-31.291010526173142,0.28899470467702487,"[""Optical_B-F00022-D000"", ""Optical_B-F00023-D000""]"
Optical_B-T0012,Optical_B,1,1,0.7749994408519796,0.8523079868913306,-0.5230154632832196,-0.005091232452634122,-31.535196724421553,0.2917073922726628,"[""Optical_B-F00077-D000"", ""Optical_B-F00078-D000""]"
Optical_B-T0012,Optical_B,2,2,1.22,0.8504684294521964,-0.5260010763688612,-0.005130123187034268,-31.736126013054502,0.29393569631685346,"[""Optical_B-F00122-D000""]"
Optical_B-T0012,Optical_B,3,3,1.78,0.8480977091790597,-0.5298145384060876,-0.005179824203144389,-31.99340497049165,0.2967833926150098,"[""Optical_B-F00178-D000""]"
Optical_B-T0012,Optical_B,4,4,2.22,0.8461903012893869,-0.5328552627392378,-0.0052194803261247065,-32.19906865970377,0.29905555180947413,"[""Optical_B-F00222-D000""]"
Optical_B-T0012,Optical_B,5,5,2.7850029912819703,0.8436812620382196,-0.5368185378041875,-0.005271200562603723,-32.46783089758217,0.30201894384253725,"[""Optical_B-F00278-D000"", ""Optical_B-F00279-D000""]"
Optical_B-T0012,Optical_B,6,6,3.214999598299493,0.841725507945894,-0.5398795798159582,-0.005311174161255403,-32.6759600241972,0.3043092943986924,"[""Optical_B-F00321-D000"", ""Optical_B-F00322-D000""]"
Optical_B-T0012,Optical_B,7,7,3.7850011465870237,0.8390692101676915,-0.543998232892052,-0.005364993838883015,-32.95676753107566,0.3073929787172038,"[""Optical_B-F00378-D000"", ""Optical_B-F00379-D000""]"
Optical_B-T0012,Optical_B,8,8,4.215001776928806,0.8370158162522543,-0.5471519861809445,-0.005406233607603515,-33.172393206246156,0.30975587768114754,"[""Optical_B-F00421-D000"", ""Optical_B-F00422-D000""]"
Optical_B-T0012,Optical_B,9,9,4.788982327920937,0.8342407110217825,-0.5513733769657639,-0.0054621650689447646,-33.46184838301195,0.3129605616767637,"[""Optical_B-F00478-D000"", ""Optical_B-F00479-D000""]"
Optical_B-T0012,Optical_B,10,10,5.21,0.83209385544939,-0.5546075402114858,-0.005503822665666833,-33.68426579233119,0.3153474020320939,"[""Optical_B-F00521-D000""]"
Optical_B-T0012,Optical_B,11,11,5.79,0.8291102267251061,-0.5590575055759355,-0.005562139791121593,-33.99124062100919,0.31868877834110043,"[""Optical_B-F00579-D000""]"
Optical_B-T0012,Optical_B,12,12,6.204998693748003,0.8269212116169695,-0.5622898710113214,-0.005604528168801703,-34.214917854232105,0.3211174913389401,"[""Optical_B-F00620-D000"", ""Optical_B-F00621-D000""]"
Optical_B-T0012,Optical_B,13,13,6.795001750449449,0.8237289433726881,-0.5669554894057289,-0.005665764098972952,-34.538827428607284,0.32462610740112796,"[""Optical_B-F00679-D000"", ""Optical_B-F00680-D000""]"
Optical_B-T0012,Optical_B,14,14,7.205000946184969,0.8214533458628764,-0.5702471463056803,-0.005709001744064906,-34.768109994000085,0.32710348204848055,"[""Optical_B-F00720-D000"", ""Optical_B-F00721-D000""]"
Optical_B-T0012,Optical_B,15,15,7.7949997076463795,0.8180933908459687,-0.5750564192090585,-0.005772224926383852,-35.104254310067,0.3307259632526221,"[""Optical_B-F00779-D000"", ""Optical_B-F00780-D000""]"
Optical_B-T0013,Optical_B,0,0,0.22499831992949992,0.8609648839298485,-0.5086426495609685,-0.0047035823858377354,-30.57383397485724,0.26949641301586547,"[""Optical_B-F00022-D001"", ""Optical_B-F00023-D001""]"
Optical_B-T0013,Optical_B,1,1,0.7750017597587067,0.8576155096487149,-0.5142695161003757,-0.004743671559080652,-30.94902748124827,0.27179337907285206,"[""Optical_B-F00077-D001"", ""Optical_B-F00078-D001""]"
Optical_B-T0013,Optical_B,2,2,1.225001171775643,0.8548044768393568,-0.5189282111227599,-0.004776827014455067,-31.26078228212266,0.27369306825730244,"[""Optical_B-F00122-D001"", ""Optical_B-F00123-D000""]"
Optical_B-T0013,Optical_B,3,3,1.7775859344399614,0.851321934922385,-0.5246215303036192,-0.004817993554931741,-31.643178160547187,0.2760517644269607,"[""Optical_B-F00177-D000"", ""Optical_B-F00178-D001""]"
Optical_B-T0013,Optical_B,4,4,2.22,0.848354818345547,-0.5294058625337963,-0.004851278670738657,-31.9657408823188,0.2779588833717386,"[""Optical_B-F00222-D001""]"
Optical_B-T0013,Optical_B,5,5,2.785003299982005,0.8445431309220427,-0.5354651680987466,-0.004894258409060342,-32.37589855586802,0.28042147021818586,"[""Optical_B-F00278-D001"", ""Optical_B-F00279-D001""]"
Optical_B-T0013,Optical_B,6,6,3.2149998002995197,0.8415672041829134,-0.5401299496349002,-0.004927306683650814,-32.69293191702349,0.28231501970484957,"[""Optical_B-F00321-D001"", ""Optical_B-F00322-D001""]"
Optical_B-T0013,Optical_B,7,7,3.785000160892785,0.8375192816105493,-0.5463851539015181,-0.004971571840330033,-33.11983305535654,0.2848512574274946,"[""Optical_B-F00378-D001"", ""Optical_B-F00379-D001""]"
Optical_B-T0013,Optical_B,8,8,4.2119741448295285,0.8344664728499822,-0.5510359832691883,-0.005005080605605714,-33.43858871608478,0.2867711921419744,"[""Optical_B-F00421-D001"", ""Optical_B-F00422-D001""]"
Optical_B-T0013,Optical_B,9,9,4.79,0.830085182205087,-0.5576137363588218,-0.005050871954623163,-33.891422775640606,0.28939487634340744,"[""Optical_B-F00479-D001""]"
Optical_B-T0013,Optical_B,10,10,5.204998592670595,0.8269005983073752,-0.5623251306775764,-0.005084085694759435,-34.21725258779078,0.2912979079096033,"[""Optical_B-F00520-D000"", ""Optical_B-F00521-D001""]"
Optical_B-T0013,Optical_B,11,11,5.795001157279848,0.8222535547627623,-0.5690981959427723,-0.005131769157211539,-34.687886295708786,0.29403000470263374,"[""Optical_B-F00579-D001"", ""Optical_B-F00580-D000""]"
Optical_B-T0013,Optical_B,12,12,6.205001985984767,0.8189393129344128,-0.573856883013905,-0.00516522488158171,-35.02015383908877,0.29594690191547307,"[""Optical_B-F00620-D001"", ""Optical_B-F00621-D001""]"
Optical_B-T0013,Optical_B,13,13,6.8,0.8140019515454223,-0.580838733701725,-0.005214241269905352,-35.51011212939168,0.29875537191465174,"[""Optical_B-F00680-D001""]"
Optical_B-T0013,Optical_B,14,14,7.2,0.8105957372052275,-0.5855826283121911,-0.005247498804219112,-35.8447305796185,0.30066091433783504,"[""Optical_B-F00720-D001""]"
Optical_B-T0013,Optical_B,15,15,7.805001617442805,0.80530660502274,-0.5928348845299677,-0.005298263025624787,-36.35903136275718,0.30356953040976487,"[""Optical_B-F00780-D001"", ""Optical_B-F00781-D000""]"
Optical_B-T0013,Optical_B,16,16,8.19,0.8018526843402654,-0.597497995497889,-0.005330852869435082,-36.691520788408646,0.3054368172856706,"[""Optical_B-F00819-D000""]"
Optical_B-T0013,Optical_B,17,17,8.81,0.7961430323574462,-0.6050845286161168,-0.005383795882300587,-37.23555583234335,0.30847027200971505,"[""Optical_B-F00881-D000""]"
Optical_B-T0013,Optical_B,18,18,9.19,0.7925510582340994,-0.6097815029985887,-0.005416520358240073,-37.57435255428261,0.3103452737072338,"[""Optical_B-F00919-D001""]"
Optical_B-T0013,Optical_B,19,19,9.815001549336507,0.7864857624293573,-0.6175841772090919,-0.005470791248215424,-38.14060540512774,0.3134548127270521,"[""Optical_B-F00981-D001"", ""Optical_B-F00982-D000""]"
Optical_B-T0013,Optical_B,20,20,10.182481654923544,0.7789888756113307,-0.6270334844864955,-0.0023110617729575336,-38.831719102918036,0.13241420365552048,"[""Optical_B-F01018-D003"", ""Optical_B-F01019-D004""]"
Optical_B-T0013,Optical_B,21,21,10.82,0.7763080097737052,-0.6303292547304286,-0.005559189884467783,-39.07513740199006,0.3185197585267289,"[""Optical_B-F01082-D000""]"
Optical_B-T0013,Optical_B,22,22,11.18,0.7725303848442501,-0.6349531818768392,-0.005591182063970726,-39.417248224558996,0.32035280387797027,"[""Optical_B-F01118-D000""]"
Optical_B-T0013,Optical_B,23,23,11.825001262989417,0.7655826466575476,-0.6433127551252056,-0.005648914058629904,-40.04005737024778,0.3236606557548368,"[""Optical_B-F01182-D000"", ""Optical_B-F01183-D000""]"
Optical_B-T0014,Optical_B,0,0,0.23500240325365185,0.8684177368014532,-0.49577300264474705,0.0077307345869432435,-29.721713376967585,-0.44294287646770797,"[""Optical_B-F00023-D002"", ""Optical_B-F00024-D003""]"
Optical_B-T0014,Optical_B,1,1,0.77,0.8655668149326392,-0.5007321551979177,0.007835664503727252,-30.049468376148774,-0.44895509995443117,"[""Optical_B-F00077-D003""]"
Optical_B-T0014,Optical_B,2,2,1.23,0.8630292621801642,-0.505091714307403,0.007927973181736898,-30.3384945714347,-0.4542441619076242,"[""Optical_B-F00123-D004""]"
Optical_B-T0014,Optical_B,3,3,1.7750036932930626,0.8599150176565806,-0.5103739042496072,0.008039917269197954,-30.689837615397877,-0.46065829009630344,"[""Optical_B-F00177-D004"", ""Optical_B-F00178-D002""]"
Optical_B-T0014,Optical_B,4,4,2.225000349639873,0.8572512305158702,-0.5148341066572484,0.008134519128955686,-30.98750555616638,-0.46607875465701804,"[""Optical_B-F00222-D002"", ""Optical_B-F00223-D003""]"
Optical_B-T0014,Optical_B,5,5,2.7750009651283154,0.8538764768906858,-0.5204102726648269,0.008252897531823213,-31.360965017200396,-0.47286156522289857,"[""Optical_B-F00277-D003"", ""Optical_B-F00278-D002""]"
Optical_B-T0014,Optical_B,6,6,3.2207590333386498,0.8510778246612224,-0.5249731372003652,0.00835114291148693,-31.66766729577702,-0.47849080483345735,"[""Optical_B-F00322-D003"", ""Optical_B-F00323-D003""]"
Optical_B-T0014,Optical_B,7,7,3.7800000000000002,0.8473498056093242,-0.5309674579657909,0.008477353076676162,-32.07213549441401,-0.4857223706356535,"[""Optical_B-F00378-D003""]"
Optical_B-T0014,Optical_B,8,8,4.2149987521258,0.8443709148661543,-0.5356903748320786,0.008577904193957115,-32.39208038950304,-0.49148373477191004,"[""Optical_B-F00421-D002"", ""Optical_B-F00422-D003""]"
Optical_B-T0014,Optical_B,9,9,4.785002379835161,0.840317458861018,-0.542024587695441,0.008712902326342116,-32.82297074947929,-0.4992188470837361,"[""Optical_B-F00478-D002"", ""Optical_B-F00479-D002""]"
Optical_B-T0014,Optical_B,10,10,5.215001985377885,0.8371415870720496,-0.5469151848616299,0.008817242327350724,-33.15709314243447,-0.5051973184355373,"[""Optical_B-F00521-D003"", ""Optical_B-F00522-D002""]"
Optical_B-T0015,Optical_B,0,0,0.24,0.8804668491590008,-0.47410655577026967,0.0010494320719140638,-28.301210881810277,-0.06012803964292737,"[""Optical_B-F00024-D000""]"
Optical_B-T0015,Optical_B,1,1,0.76,0.8788006264153034,-0.47718794824353256,0.0010588027191922025,-28.501920409890044,-0.060664938481563714,"[""Optical_B-F00076-D000""]"
Optical_B-T0015,Optical_B,2,2,1.237632057908757,0.8771848399886475,-0.4801516602400661,0.0010675499047095452,-28.69532552190161,-0.06116611557757831,"[""Optical_B-F00123-D001"", ""Optical_B-F00124-D000""]"
Optical_B-T0015,Optical_B,3,3,1.765002567118012,0.875462986984413,-0.4832839721365384,0.0010773561430996248,-28.900122342135212,-0.06172797197334248,"[""Optical_B-F00176-D000"", ""Optical_B-F00177-D001""]"
Optical_B-T0015,Optical_B,4,4,2.235000188736514,0.8738465355378144,-0.48620062979575623,0.0010862388177796777,-29.09118319675978,-0.06223691204110166,"[""Optical_B-F00223-D000"", ""Optical_B-F00224-D000""]"
Optical_B-T0015,Optical_B,5,5,2.77,0.871961921909471,-0.48957247103351864,0.001096515424530964,-29.312504550301306,-0.06282571858633364,"[""Optical_B-F00277-D000""]"
Optical_B-T0015,Optical_B,6,6,3.2350017782640155,0.8702833525123096,-0.49255016394884793,0.0011055921029190419,-29.508354531134223,-0.06334577426520678,"[""Optical_B-F00323-D000"", ""Optical_B-F00324-D000""]"
Optical_B-T0015,Optical_B,7,7,3.7649990787624503,0.8683235677529275,-0.49599691126808204,0.0011161081262658153,-29.735529684120348,-0.06394829839199459,"[""Optical_B-F00376-D000"", ""Optical_B-F00377-D000""]"
Optical_B-T0015,Optical_B,8,8,4.23,0.8665618820240276,-0.49906836997505644,0.001125483636318535,-29.938403869924805,-0.0644854758861967,"[""Optical_B-F00423-D000""]"
Optical_B-T0015,Optical_B,9,9,4.7700000000000005,0.8644642479228865,-0.5026930199479517,0.0011365556416905395,-30.178350798424102,-0.065119855470513,"[""Optical_B-F00477-D000""]"
Optical_B-T0015,Optical_B,10,10,5.23,0.8626323480773704,-0.505830128021711,0.0011461396345970774,-30.386495694642807,-0.06566897817260722,"[""Optical_B-F00523-D000""]"
Optical_B-T0015,Optical_B,11,11,5.775002791854332,0.8604064939668234,-0.5096070298688541,0.0011576907893329786,-30.637680485928485,-0.0663308110265766,"[""Optical_B-F00577-D000"", ""Optical_B-F00578-D000""]"
Optical_B-T0015,Optical_B,12,12,6.225000031459727,0.8585217071044253,-0.5127758922179992,0.0011673861992249385,-30.848931383779576,-0.06688631746941989,"[""Optical_B-F00622-D000"", ""Optical_B-F00623-D000""]"
Optical_B-T0015,Optical_B,13,13,6.775000959763978,0.8561584613161085,-0.5167120068722957,0.0011794366614551993,-31.111980764563352,-0.06757675857173222,"[""Optical_B-F00677-D000"", ""Optical_B-F00678-D000""]"
Optical_B-T0015,Optical_B,14,14,7.225001921856649,0.8541745251342611,-0.5199850630396531,0.0011894651352070613,-31.331274235285836,-0.06815134819572695,"[""Optical_B-F00722-D000"", ""Optical_B-F00723-D000""]"
Optical_B-T0015,Optical_B,15,15,7.775426453790339,0.8517111357401583,-0.5240102065749842,0.0012019407023433884,-31.60166018194363,-0.06886614605065064,"[""Optical_B-F00777-D000"", ""Optical_B-F00778-D000""]"
Optical_B-T0015,Optical_B,16,16,8.22,0.849619695207783,-0.5273944483176327,0.001212187598305604,-31.82960278074312,-0.0694532503701046,"[""Optical_B-F00822-D000""]"
Optical_B-T0015,Optical_B,17,17,8.78,0.8469493757636419,-0.5316721296900898,0.0012253180737134123,-32.11853066359469,-0.07020557175271139,"[""Optical_B-F00878-D000""]"
Optical_B-T0015,Optical_B,18,18,9.214998842657383,0.8448195597310314,-0.5350498897767002,0.0012356964867251516,-32.34732258217698,-0.07080021146651688,"[""Optical_B-F00921-D000"", ""Optical_B-F00922-D000""]"
Optical_B-T0015,Optical_B,19,19,9.790000000000001,0.841927091307118,-0.5395898546998205,0.0012496512163855263,-32.655751515235835,-0.07159975919765521,"[""Optical_B-F00979-D000""]"
Optical_B-T0015,Optical_B,20,20,10.215001046495562,0.8397308153772352,-0.5430014454179882,0.001260150728806637,-32.88822434966285,-0.0722013374200086,"[""Optical_B-F01021-D000"", ""Optical_B-F01022-D000""]"
Optical_B-T0015,Optical_B,21,21,10.784999809909808,0.8367042931016286,-0.5476534503007682,0.001274472034974567,-33.20620877703535,-0.07302188847948751,"[""Optical_B-F01078-D000"", ""Optical_B-F01079-D000""]"
Optical_B-T0015,Optical_B,22,22,11.211885168885612,0.834436529053679,-0.5511025555658511,0.0012853908498704865,-33.4427170730027,-0.07364749100275027,"[""Optical_B-F01121-D000"", ""Optical_B-F01122-D000""]"
Optical_B-T0015,Optical_B,23,23,11.790000000000001,0.8311313226459592,-0.5560746653013519,0.001300433300126911,-33.78479941262028,-0.07450936063634728,"[""Optical_B-F01179-D000""]"
Optical_B-T0016,Optical_B,0,0,0.24,0.8795331898336954,-0.47582517863348484,-0.003430358491027456,-28.41327330749095,0.1965454492241799,"[""Optical_B-F00024-D001""]"
Optical_B-T0016,Optical_B,1,1,0.76,0.877731593697,-0.4791401214615136,-0.0034631534719678715,-28.629444600868453,0.19842447438292365,"[""Optical_B-F00076-D001""]"
Optical_B-T0016,Optical_B,2,2,1.2349988498628548,0.8760445657744624,-0.4822174959306946,-0.0034936220980822667,-28.83052306348959,0.20017020862791784,"[""Optical_B-F00123-D002"", ""Optical_B-F00124-D001""]"
Optical_B-T0016,Optical_B,3,3,1.7650023047580956,0.8741134454539299,-0.48570900368450454,-0.003528203007999458,-29.05913300430385,0.20215156102960843,"[""Optical_B-F00176-D001"", ""Optical_B-F00177-D002""]"
Optical_B-T0016,Optical_B,4,4,2.2350006815668566,0.8723567367986657,-0.48885688543956546,-0.0035593988693868425,-29.26567902158631,0.2039389634490575,"[""Optical_B-F00223-D001"", ""Optical_B-F00224-D001""]"
Optical_B-T0016,Optical_B,5,5,2.765000435660351,0.8703241843413563,-0.49246612958384195,-0.0035951861236101935,-29.503011923564113,0.2059894351965343,"[""Optical_B-F00276-D000"", ""Optical_B-F00277-D001""]"
Optical_B-T0016,Optical_B,6,6,3.2350025331221355,0.8684743753562226,-0.4957207891117427,-0.0036274773672782187,-29.71750639414568,0.20783959923871825,"[""Optical_B-F00323-D001"", ""Optical_B-F00324-D001""]"
Optical_B-T0016,Optical_B,7,7,3.77,0.8663129724074797,-0.49948814046770973,-0.003664883439726209,-29.96636327241371,0.20998282356500986,"[""Optical_B-F00377-D001""]"
Optical_B-T0016,Optical_B,8,8,4.23,0.8644049593414963,-0.5027826508080403,-0.0036976089931645716,-30.184497915530994,0.21185787236431564,"[""Optical_B-F00423-D001""]"
Optical_B-T0016,Optical_B,9,9,4.7700000000000005,0.8621047326850417,-0.5067163574280563,-0.0037367093672297296,-30.445589528937774,0.2140981742532588,"[""Optical_B-F00477-D001""]"
Optical_B-T0016,Optical_B,10,10,5.22499901704931,0.8601143596742716,-0.5100873195436426,-0.0037702417561215917,-30.66988772964454,0.2160194521479291,"[""Optical_B-F00522-D000"", ""Optical_B-F00523-D001""]"
Optical_B-T0016,Optical_B,11,11,5.775001948048017,0.8576419284836403,-0.514233210646163,-0.003811505660677236,-30.946465022039636,0.2183837167135231,"[""Optical_B-F00577-D001"", ""Optical_B-F00578-D001""]"
Optical_B-T0016,Optical_B,12,12,6.22,0.8555866837509428,-0.5176452827779531,-0.003845491619726651,-31.17469016266752,0.2203309830008372,"[""Optical_B-F00622-D001""]"
Optical_B-T0016,Optical_B,13,13,6.774999797249622,0.8529515602947637,-0.5219755877496407,-0.003888648112797281,-31.465128657695477,0.2228036864013178,"[""Optical_B-F00677-D001"", ""Optical_B-F00678-D001""]"
Optical_B-T0016,Optical_B,14,14,7.22,0.8507796164451905,-0.5255079898563678,-0.003923880540258201,-31.702719628642917,0.22482237119844828,"[""Optical_B-F00722-D001""]"
Optical_B-T0017,Optical_B,0,0,0.24,0.8801941346691741,-0.4745911521618007,-0.004639351648504453,-28.33306579416546,0.2658162226951351,"[""Optical_B-F00024-D002""]"
Optical_B-T0017,Optical_B,1,1,0.7649688629703462,0.8767957563341834,-0.4808401435200785,-0.004685942163294031,-28.740632473145688,0.2684856915758143,"[""Optical_B-F00076-D003"", ""Optical_B-F00077-D002""]"
Optical_B-T0017,Optical_B,2,2,1.234999893959604,0.8736608809902073,-0.48651239317054046,-0.0047282469149033945,-29.111964546686913,0.27090960214968657,"[""Optical_B-F00123-D003"", ""Optical_B-F00124-D003""]"
Optical_B-T0017,Optical_B,3,3,1.7650005162721703,0.8700091859146681,-0.49301237331229203,-0.0047766290496296885,-29.53913957643273,0.27368172557891174,"[""Optical_B-F00176-D003"", ""Optical_B-F00177-D003""]"
Optical_B-T0017,Optical_B,4,4,2.23,0.8667026913970421,-0.49880177974399365,-0.004819673157791816,-29.921140987800772,0.2761479996994547,"[""Optical_B-F00223-D002""]"
Optical_B-T0017,Optical_B,5,5,2.77,0.8627374259541096,-0.5056287308160631,-0.004870362554732412,-30.373496076267614,0.27905232229904714,"[""Optical_B-F00277-D002""]"
Optical_B-T0017,Optical_B,6,6,3.2249993113749196,0.8592883566472449,-0.5114678641273926,-0.004913664156238323,-30.762064689290632,0.28153335099959936,"[""Optical_B-F00322-D002"", ""Optical_B-F00323-D002""]"
Optical_B-T0017,Optical_B,7,7,3.775000822709947,0.8549820999730665,-0.5186337246040352,-0.004966732224615551,-31.24107767787459,0.2845739644490436,"[""Optical_B-F00377-D003"", ""Optical_B-F00378-D002""]"
Optical_B-T0017,Optical_B,8,8,4.222572094636235,0.8514393189277437,-0.5244291952721621,-0.005010521934126178,-31.630267894302694,0.2870829612104498,"[""Optical_B-F00422-D002"", ""Optical_B-F00423-D003""]"
Optical_B-T0017,Optical_B,9,9,4.78,0.8467076788385692,-0.5320342514187284,-0.005065758888434608,-32.143466257554174,0.2902478457330456,"[""Optical_B-F00478-D001""]"
Optical_B-T0017,Optical_B,10,10,5.214999359382173,0.8429556174772663,-0.5379588464783231,-0.0051094480360053774,-32.545273783765616,0.29275108189630183,"[""Optical_B-F00521-D002"", ""Optical_B-F00522-D001""]"
Optical_B-T0017,Optical_B,11,11,5.78500065044067,0.8378757175944723,-0.5458365866188167,-0.005167453325094417,-33.08234993452656,0.2960745840276314,"[""Optical_B-F00578-D002"", ""Optical_B-F00579-D002""]"
Optical_B-T0017,Optical_B,12,12,6.21,0.833963289072109,-0.5517953200592698,-0.0052112609528024096,-33.49078158254891,0.29858461000298925,"[""Optical_B-F00621-D002""]"
Optical_B-T0017,Optical_B,13,13,6.791714633425447,0.8283594487981946,-0.5601721427377667,-0.005272009799914791,-34.068241850054314,0.30206531036934914,"[""Optical_B-F00679-D001"", ""Optical_B-F00680-D002""]"
Optical_B-T0017,Optical_B,14,14,7.2049999293206355,0.8243669415299681,-0.5660308200885752,-0.005315677038829965,-34.47445976986085,0.3045672939213895,"[""Optical_B-F00720-D002"", ""Optical_B-F00721-D001""]"
Optical_B-T0017,Optical_B,15,15,7.794999854448681,0.8183739031202606,-0.574660963610847,-0.005378809679013542,-35.07647473182657,0.3081845794689406,"[""Optical_B-F00779-D002"", ""Optical_B-F00780-D002""]"
Optical_B-T0018,Optical_B,0,0,0.25499995592293,0.902923262678275,-0.42980179080323977,4.833991029446053e-05,-25.454981980391963,-0.0027696728429922593,"[""Optical_B-F00025-D000"", ""Optical_B-F00026-D000""]"
Optical_B-T0018,Optical_B,1,1,0.7450005897692376,0.9007564887461027,-0.4343244704226403,4.872253363667227e-05,-25.74231670425395,-0.0027915955456699997,"[""Optical_B-F00074-D000"", ""Optical_B-F00075-D000""]"
Optical_B-T0018,Optical_B,2,2,1.2550024266108963,0.8984399932704011,-0.43909631754194295,4.912623319934151e-05,-26.046236884823315,-0.002814725826829906,"[""Optical_B-F00125-D000"", ""Optical_B-F00126-D000""]"
Optical_B-T0018,Optical_B,3,3,1.75,0.8961299837283848,-0.4437916738858536,4.952329795642192e-05,-26.346056331128704,-0.0028374759616316757,"[""Optical_B-F00175-D000""]"
Optical_B-T0018,Optical_B,4,4,2.25,0.8937330669209594,-0.4485991558166904,4.9926032839314895e-05,-26.65384274277148,-0.0028605509707126655,"[""Optical_B-F00225-D000""]"
Optical_B-T0018,Optical_B,5,5,2.755002963627066,0.8912453982746029,-0.4535213749317493,5.034242955887767e-05,-26.969837218131048,-0.002884408745376688,"[""Optical_B-F00275-D000"", ""Optical_B-F00276-D001""]"
Optical_B-T0018,Optical_B,6,6,3.2450001762588063,0.8887652130094241,-0.45836273143521444,5.075000159719525e-05,-27.28150795711148,-0.002907760903049661,"[""Optical_B-F00324-D002"", ""Optical_B-F00325-D000""]"
Optical_B-T0018,Optical_B,7,7,3.7550002995963894,0.8861122627183153,-0.46347066276177024,5.118000452605037e-05,-27.611290833575822,-0.0029323982560833213,"[""Optical_B-F00375-D000"", ""Optical_B-F00376-D001""]"
Optical_B-T0018,Optical_B,8,8,4.245002924627318,0.8834924097097282,-0.4684454710240039,5.159841906642357e-05,-27.933435967388764,-0.002956371643365267,"[""Optical_B-F00424-D000"", ""Optical_B-F00425-D000""]"
Optical_B-T0018,Optical_B,9,9,4.76,0.8806618115428468,-0.47374547067131934,5.2043074242995543e-05,-28.27769917814581,-0.002981848508355693,"[""Optical_B-F00476-D000""]"
Optical_B-T0018,Optical_B,10,10,5.24,0.8779498672443014,-0.4787525747747295,5.246218464504428e-05,-28.603962402206424,-0.003005861765575899,"[""Optical_B-F00524-D000""]"
Optical_B-T0018,Optical_B,11,11,5.7650021598352,0.874900052214541,-0.4843035162309736,5.292738905753517e-05,-28.966850806657536,-0.0030325160150594965,"[""Optical_B-F00576-D000"", ""Optical_B-F00577-D002""]"
Optical_B-T0018,Optical_B,12,12,6.235000976129685,0.8720929007046778,-0.48934034137223,5.3349887690704716e-05,-29.297233391494213,-0.0030567234036243352,"[""Optical_B-F00623-D001"", ""Optical_B-F00624-D000""]"
Optical_B-T0018,Optical_B,13,13,6.764999260558401,0.8688377223142071,-0.4950969696797117,5.3831473942905876e-05,-29.67614487769846,-0.0030843162633866074,"[""Optical_B-F00676-D000"", ""Optical_B-F00677-D002""]"
Optical_B-T0018,Optical_B,14,14,7.23,0.8659013083275791,-0.5002148751211231,5.4259987165513535e-05,-30.014217090820644,-0.0031088682625434335,"[""Optical_B-F00723-D001""]"
Optical_B-T0018,Optical_B,15,15,7.7700000000000005,0.8623932184630393,-0.5062390085228593,5.4760871902412714e-05,-30.413635149231,-0.003137566844032915,"[""Optical_B-F00777-D001""]"
Optical_B-T0018,Optical_B,16,16,8.22499961801902,0.8593534251942289,-0.5113821345734626,5.519090509005847e-05,-30.75593701053912,-0.003162205930772808,"[""Optical_B-F00822-D002"", ""Optical_B-F00823-D000""]"
Optical_B-T0019,Optical_B,0,0,0.2550028236115267,0.897823785236216,-0.4403547934615957,0.00032640390385083696,-26.126522040688176,-0.018701566439322838,"[""Optical_B-F00025-D001"", ""Optical_B-F00026-D001""]"
Optical_B-T0020,Optical_B,0,0,0.25,0.8922689132616242,-0.45149912507588585,0.002174047522418042,-26.839975525872894,-0.12456384562036722,"[""Optical_B-F00025-D002""]"
Optical_B-T0020,Optical_B,1,1,0.7550030427260348,0.8904338077862649,-0.45510746148702363,0.002198283441778501,-27.071919459952067,-0.1259524648307063,"[""Optical_B-F00075-D003"", ""Optical_B-F00076-D004""]"
Optical_B-T0020,Optical_B,2,2,1.2450002310765795,0.8885991759330264,-0.45867915365096695,0.002222281975646706,-27.301981524253335,-0.12732748289461532,"[""Optical_B-F00124-D004"", ""Optical_B-F00125-D003""]"
Optical_B-T0020,Optical_B,3,3,1.7550005755407962,0.8850658331766141,-0.46546225173439487,-0.0018338903273552227,-27.740192958234537,0.10507423474417613,"[""Optical_B-F00175-D005"", ""Optical_B-F00176-D005""]"
Optical_B-T0020,Optical_B,4,4,2.24,0.88088385486412,-0.47332883286373606,-0.001857476670465602,-28.25064927588758,0.10642563496038619,"[""Optical_B-F00224-D005""]"
Optical_B-T0020,Optical_B,5,5,2.7650035737078866,0.8761524290498228,-0.4820304693592154,-0.0018835284520812479,-28.818155261150913,0.10791829470704759,"[""Optical_B-F00276-D005"", ""Optical_B-F00277-D004""]"
Optical_B-T0020,Optical_B,6,6,3.235001582062435,0.8717270436168008,-0.4899880851558117,-0.0019073102666751008,-29.33985702880348,0.10928089476012069,"[""Optical_B-F00323-D004"", ""Optical_B-F00324-D006""]"
Optical_B-T0020,Optical_B,7,7,3.77,0.8664607914311292,-0.4992413774841121,-0.001934921266487739,-29.9498844162561,0.11086289143690063,"[""Optical_B-F00377-D004""]"
Optical_B-T0020,Optical_B,8,8,4.227545889594728,0.8616561478058313,-0.5074887636672438,-0.001959004825807221,-30.49676660271775,0.11224278035694416,"[""Optical_B-F00422-D004"", ""Optical_B-F00423-D005""]"
Optical_B-T0020,Optical_B,9,9,4.7750013936972415,0.8558628564932466,-0.517199011318739,-0.0019883576487379315,-31.14462200353651,0.1139245765033814,"[""Optical_B-F00477-D004"", ""Optical_B-F00478-D003""]"
Optical_B-T0020,Optical_B,10,10,5.22,0.8508566343129068,-0.5253940777863578,-0.002012678000840254,-31.694847824036103,0.11531803282350969,"[""Optical_B-F00522-D003""]"
Optical_B-T0020,Optical_B,11,11,5.78,0.844264254642375,-0.5359232136794037,-0.002043862200680268,-32.40661914050722,0.11710475953710052,"[""Optical_B-F00578-D003""]"
Optical_B-T0020,Optical_B,12,12,6.215001772856466,0.8389076675356545,-0.5442698287859613,-0.0020685316502288384,-32.97485992730891,0.11851821786719613,"[""Optical_B-F00621-D004"", ""Optical_B-F00622-D003""]"
Optical_B-T0020,Optical_B,13,13,6.79,0.8314944925663361,-0.5555290195178971,-0.0021017386457509303,-33.74724461075666,0.12042084269711897,"[""Optical_B-F00679-D003""]"
Optical_B-T0020,Optical_B,14,14,7.204999964273194,0.8258974057905711,-0.5638164193261742,-0.0021261247885281487,-34.32023006868644,0.12181806887879257,"[""Optical_B-F00720-D004"", ""Optical_B-F00721-D003""]"
Optical_B-T0020,Optical_B,15,15,7.794999635581292,0.8175658095378828,-0.5758311171198294,-0.0021613956592436367,-35.15795089463181,0.12383894555433113,"[""Optical_B-F00779-D003"", ""Optical_B-F00780-D004""]"
Optical_B-T0021,Optical_B,0,0,0.25268496886865777,0.8970357053131754,-0.4419545596751703,-0.0017636824034488773,-26.228700282470083,0.10105161050726882,"[""Optical_B-F00025-D003"", ""Optical_B-F00026-D006""]"
Optical_B-T0021,Optical_B,1,1,0.75,0.8963862645415285,-0.4432736809300546,0.0003294480310014432,-26.31294370360107,-0.018875982086731757,"[""Optical_B-F00075-D002""]"
Optical_B-T0021,Optical_B,2,2,1.25,0.8948969045533381,-0.4462728085089549,0.000332575380016399,-26.504803060368467,-0.01905516599616967,"[""Optical_B-F00125-D002""]"
Optical_B-T0021,Optical_B,3,3,1.75,0.8933686744847185,-0.44932426900254996,0.00033575994621835273,-26.700339637592254,-0.019237628209309302,"[""Optical_B-F00175-D002""]"
Optical_B-T0021,Optical_B,4,4,2.246927017488525,0.8917569293440131,-0.4525146009337127,0.0003389819162130959,-26.905134625665283,-0.019422233502231764,"[""Optical_B-F00224-D003"", ""Optical_B-F00225-D002""]"
Optical_B-T0021,Optical_B,5,5,2.7600000000000002,0.890157712249439,-0.45565242247427645,0.0003423684688303008,-27.106921816960703,-0.019616268685556503,"[""Optical_B-F00276-D003""]"
Optical_B-T0021,Optical_B,6,6,3.2450003351145806,0.8885537058394761,-0.4587724843305574,0.0003456300075239673,-27.30792825387769,-0.019803141098479107,"[""Optical_B-F00324-D004"", ""Optical_B-F00325-D001""]"
Optical_B-T0021,Optical_B,7,7,3.7550008307511566,0.8868217516612081,-0.4621115221412693,0.0003491200735495303,-27.523446137480857,-0.020003107164030854,"[""Optical_B-F00375-D001"", ""Optical_B-F00376-D003""]"
Optical_B-T0021,Optical_B,8,8,4.245002201499645,0.8851122893467199,-0.4653773855321894,0.00035253741990286095,-27.73465039724047,-0.020198906699260805,"[""Optical_B-F00424-D002"", ""Optical_B-F00425-D001""]"
Optical_B-T0021,Optical_B,9,9,4.754999083879706,0.8832840276415534,-0.4688381380216204,0.0003561597051173138,-27.9589058889486,-0.020406448367271474,"[""Optical_B-F00475-D000"", ""Optical_B-F00476-D001""]"
Optical_B-T0021,Optical_B,10,10,5.24,0.8814974097158547,-0.4721887200062858,0.000359670772063102,-28.17646711866702,-0.02060761769773836,"[""Optical_B-F00524-D001""]"
Optical_B-T0021,Optical_B,11,11,5.76,0.8795276898412837,-0.4758475708324316,0.000363504234687671,-28.414551682317104,-0.020827258941405996,"[""Optical_B-F00576-D001""]"
Optical_B-T0021,Optical_B,12,12,6.24,0.8776579572554976,-0.479287361918351,0.00036711231911909785,-28.638870946790853,-0.021033986965247668,"[""Optical_B-F00624-D001""]"
Optical_B-T0021,Optical_B,13,13,6.7700000000000005,0.8755343057621705,-0.48315581510063615,0.0003711711115631647,-28.891719110525255,-0.021266538658056847,"[""Optical_B-F00677-D004""]"
Optical_B-T0021,Optical_B,14,14,7.235000371954807,0.8736168973845285,-0.4866141963887602,0.0003748028164029244,-29.118286637481187,-0.021474620032286493,"[""Optical_B-F00723-D002"", ""Optical_B-F00724-D000""]"
Optical_B-T0021,Optical_B,15,15,7.765000674455041,0.8713683785577333,-0.4906291931727124,0.0003790202636601048,-29.3819473252859,-0.021716261977606236,"[""Optical_B-F00776-D000"", ""Optical_B-F00777-D002""]"
Optical_B-T0021,Optical_B,16,16,8.23500251499657,0.8693157417367676,-0.4942570127032533,0.00038283457226550704,-29.62077122854923,-0.021934805778312326,"[""Optical_B-F00823-D001"", ""Optical_B-F00824-D000""]"
Optical_B-T0021,Optical_B,17,17,8.77,0.8669097198871625,-0.49846503146583365,0.00038726079974768794,-29.89850162350183,-0.022188409951006214,"[""Optical_B-F00877-D000""]"
Optical_B-T0021,Optical_B,18,18,9.23,0.8647790720552261,-0.5021523708403517,0.0003911453898638093,-30.142504713218635,-0.022410980586655735,"[""Optical_B-F00923-D001""]"
Optical_B-T0021,Optical_B,19,19,9.77,0.8622020895900157,-0.5065643098908271,0.0003957921687767478,-30.435252538815778,-0.022677221427307135,"[""Optical_B-F00977-D000""]"
Optical_B-T0021,Optical_B,20,20,10.22499954217188,0.8599649000375644,-0.5103530257319595,0.0003997869629357405,-30.68735018656437,-0.022906106290750055,"[""Optical_B-F01022-D003"", ""Optical_B-F01023-D000""]"
Optical_B-T0021,Optical_B,21,21,10.775001489870583,0.8571764709838741,-0.5150226536750654,0.0004047136339668925,-30.998972020661228,-0.023188383770721716,"[""Optical_B-F01077-D000"", ""Optical_B-F01078-D002""]"
Optical_B-T0021,Optical_B,22,22,11.225001949193867,0.8548239875735255,-0.5189178963275903,0.00040882740286944734,-31.259696984254504,-0.023424085386230302,"[""Optical_B-F01122-D002"", ""Optical_B-F01123-D000""]"
Optical_B-T0021,Optical_B,23,23,11.775044216788878,0.8518619282268154,-0.5237662492718095,0.00041395824991334276,-31.58522785611271,-0.023718061292049845,"[""Optical_B-F01177-D000"", ""Optical_B-F01178-D000""]"
Optical_B-T0022,Optical_B,0,0,0.2650005322455282,0.9143771787550011,-0.4048519090899304,-0.0030506848876201303,-23.881965384695985,0.17479163980728327,"[""Optical_B-F00026-D002"", ""Optical_B-F00027-D000""]"
Optical_B-T0022,Optical_B,1,1,0.7350007189710384,0.9132832537514477,-0.4073134259760105,-0.0030775699592039364,-24.036300793738093,0.17633204817235806,"[""Optical_B-F00073-D000"", ""Optical_B-F00074-D001""]"
Optical_B-T0022,Optical_B,2,2,1.2650020616328914,0.9120181417936236,-0.4101380824574304,-0.0031084332786632148,-24.21363370073117,0.17810039457781265,"[""Optical_B-F00126-D001"", ""Optical_B-F00127-D000""]"
Optical_B-T0022,Optical_B,3,3,1.7349992967285202,0.9108673471752504,-0.4126873386489616,-0.003136298576199796,-24.373889051133833,0.17969696630422946,"[""Optical_B-F00173-D000"", ""Optical_B-F00174-D000""]"
Optical_B-T0022,Optical_B,4,4,2.2600000000000002,0.9095485008808157,-0.41558571723818016,-0.003167991964655548,-24.556338672168,0.18151287272275216,"[""Optical_B-F00226-D000""]"
Optical_B-T0022,Optical_B,5,5,2.74,0.9083109329668925,-0.41828342665330537,-0.003197505274790869,-24.72639526890572,0.18320386939785394,"[""Optical_B-F00274-D000""]"
Optical_B-T0022,Optical_B,6,6,3.2600000000000002,0.906934642747178,-0.42125897072842083,-0.003230072116842444,-24.91423594912074,0.18506982163577151,"[""Optical_B-F00326-D000""]"
Optical_B-T0022,Optical_B,7,7,3.743025441169304,0.9055718516584841,-0.4241803720195276,-0.0032609012864091864,-25.098937348195502,0.186836212240792,"[""Optical_B-F00374-D000"", ""Optical_B-F00375-D002""]"
Optical_B-T0022,Optical_B,8,8,4.2549991105325216,0.9041929872303063,-0.42711144949455687,-0.003294169727563102,-25.284531495596983,0.18874236374817366,"[""Optical_B-F00425-D002"", ""Optical_B-F00426-D000""]"
Optical_B-T0022,Optical_B,9,9,4.745002247963203,0.9027880381093626,-0.4300728912718937,-0.0033266258704556005,-25.472337121963708,0.19060197394478323,"[""Optical_B-F00474-D000"", ""Optical_B-F00475-D001""]"
Optical_B-T0022,Optical_B,10,10,5.255000663931109,0.9012854545663791,-0.4332126876113285,-0.00336105335349564,-25.67177438987617,0.1925745344502232,"[""Optical_B-F00525-D000"", ""Optical_B-F00526-D000""]"
Optical_B-T0022,Optical_B,11,11,5.745000686192844,0.8998016122633583,-0.4362860691184362,-0.0033947697188641273,-25.8673168025604,0.19450635090777102,"[""Optical_B-F00574-D000"", ""Optical_B-F00575-D000""]"
Optical_B-T0022,Optical_B,12,12,6.255002381212812,0.8982137896750719,-0.43954546910620335,-0.003430543069747565,-26.075048862525392,0.1965560248680573,"[""Optical_B-F00625-D000"", ""Optical_B-F00626-D000""]"
Optical_B-T0022,Optical_B,13,13,6.75,0.8966286932133593,-0.44276966213267366,-0.003465948848722132,-26.280900397457568,0.1985846386343296,"[""Optical_B-F00675-D000""]"
Optical_B-T0022,Optical_B,14,14,7.25,0.8949819402320542,-0.44608862320420356,-0.0035024143452604293,-26.49318478110392,0.20067397036572085,"[""Optical_B-F00725-D000""]"
Optical_B-T0022,Optical_B,15,15,7.75,0.8932875041862025,-0.4494718078543755,-0.0035396057555490083,-26.709981339167868,0.2028048944186376,"[""Optical_B-F00775-D000""]"
Optical_B-T0022,Optical_B,16,16,8.245531039854985,0.8915297373514527,-0.45294804450268333,-0.003577205507800604,-26.933171580751477,0.20495921517283633,"[""Optical_B-F00824-D001"", ""Optical_B-F00825-D000""]"
Optical_B-T0022,Optical_B,17,17,8.755002820287482,0.889729934576153,-0.45647296027749396,-0.0036166358146910854,-27.15993944809143,0.2072184199573732,"[""Optical_B-F00875-D000"", ""Optical_B-F00876-D000""]"
Optical_B-T0022,Optical_B,18,18,9.245000431067272,0.8879178629148891,-0.4599875076978953,-0.0036553356254912825,-27.386499699670274,0.2094357704414876,"[""Optical_B-F00924-D000"", ""Optical_B-F00925-D000""]"
Optical_B-T0022,Optical_B,19,19,9.75500095864415,0.885974955755084,-0.46371835643603704,-0.003696441401845779,-27.62751264900182,0.21179097385236687,"[""Optical_B-F00975-D000"", ""Optical_B-F00976-D000""]"
Optical_B-T0022,Optical_B,20,20,10.24500238282051,0.8840514108661716,-0.46737473149067466,-0.003736751202762941,-27.86423065628069,0.21410057126948054,"[""Optical_B-F01024-D000"", ""Optical_B-F01025-D000""]"
Optical_B-T0022,Optical_B,21,21,10.76,0.8819673322562755,-0.47129538126399106,-0.003780004229864275,-28.11863417070332,0.21657880467682983,"[""Optical_B-F01076-D000""]"
Optical_B-T0022,Optical_B,22,22,11.24,0.8799647226180649,-0.47502366855428296,-0.003821159633275782,-28.36111690163098,0.2189368526270164,"[""Optical_B-F01124-D000""]"
Optical_B-T0022,Optical_B,23,23,11.76,0.8777270322805393,-0.4791453908178221,-0.003866686182488397,-28.62983482694736,0.22154535102424175,"[""Optical_B-F01176-D000""]"
Optical_B-T0023,Optical_B,0,0,0.2650123600567965,0.9181744338587515,-0.3961570185206838,-0.003914803311001319,-23.33834333265065,0.22430228027771806,"[""Optical_B-F00026-D003"", ""Optical_B-F00027-D001""]"
Optical_B-T0023,Optical_B,1,1,0.7350030817706696,0.9171212595093357,-0.39858875195246046,-0.0039499586060861925,-23.490178406498146,0.22631654588770128,"[""Optical_B-F00073-D001"", ""Optical_B-F00074-D002""]"
Optical_B-T0023,Optical_B,2,2,1.2649995532926304,0.9159019053836066,-0.40138233264927053,-0.003990332280566583,-23.664823153260418,0.22862980526995227,"[""Optical_B-F00126-D002"", ""Optical_B-F00127-D001""]"
Optical_B-T0023,Optical_B,3,3,1.73,0.9148042455590452,-0.40387743232426265,-0.004026408611526985,-23.82100543106522,0.23069684338006463,"[""Optical_B-F00173-D001""]"
Optical_B-T0023,Optical_B,4,4,2.2650009632572634,0.9135077373227124,-0.4068010073427941,-0.004068694683328798,-24.00424805426871,0.23311967667300199,"[""Optical_B-F00226-D001"", ""Optical_B-F00227-D000""]"
Optical_B-T0023,Optical_B,5,5,2.74,0.9123255363317654,-0.4094450496764356,-0.004106951718508978,-24.170195317752018,0.23531166164008152,"[""Optical_B-F00274-D001""]"
Optical_B-T0023,Optical_B,6,6,3.265002504969295,0.9109837189887452,-0.41242143603880416,-0.0041500401354074455,-24.357260033452388,0.2377804671142956,"[""Optical_B-F00326-D001"", ""Optical_B-F00327-D000""]"
Optical_B-T0023,Optical_B,7,7,3.74,0.9097364903703439,-0.4151649839487614,-0.0041897722460834804,-24.529936235364993,0.2400569691594575,"[""Optical_B-F00374-D001""]"
Optical_B-T0023,Optical_B,8,8,4.26,0.9083337435500484,-0.4182246796724472,-0.004234104537445686,-24.722791209714188,0.24259704488197556,"[""Optical_B-F00426-D001""]"
Optical_B-T0023,Optical_B,9,9,4.74,0.9070028714060298,-0.42110272925802134,-0.004275824208597355,-24.90447015939206,0.24498742760051828,"[""Optical_B-F00474-D001""]"
Optical_B-T0023,Optical_B,10,10,5.256589614442802,0.9054800375894856,-0.42436685212023856,-0.004321614108562261,-25.11084455154326,0.24761101985383768,"[""Optical_B-F00525-D001"", ""Optical_B-F00526-D001""]"
Optical_B-T0023,Optical_B,11,11,5.7450033689473425,0.9040986264219817,-0.42730154925136743,-0.004365742693667614,-25.29668923737709,0.2501394253889748,"[""Optical_B-F00574-D001"", ""Optical_B-F00575-D001""]"
Optical_B-T0023,Optical_B,12,12,6.2549998675219225,0.9025607541209341,-0.4305399084223876,-0.004412751555765586,-25.502095067772355,0.2528328607324503,"[""Optical_B-F00625-D001"", ""Optical_B-F00626-D001""]"
Optical_B-T0023,Optical_B,13,13,6.745001578420254,0.9010403957103766,-0.4337122596520625,-0.004458825584144601,-25.703655384344238,0.25547273407545984,"[""Optical_B-F00674-D000"", ""Optical_B-F00675-D001""]"
Optical_B-T0023,Optical_B,14,14,7.255001671333147,0.8994116877734237,-0.437079278939247,-0.0045077509369192085,-25.91795849585033,0.25827597847348377,"[""Optical_B-F00725-D001"", ""Optical_B-F00726-D000""]"
Optical_B-T0023,Optical_B,15,15,7.744999780447488,0.8978006137046575,-0.44037859105488886,-0.004555718609767116,-26.12833087243427,0.261024351902292,"[""Optical_B-F00774-D000"", ""Optical_B-F00775-D001""]"
Optical_B-T0023,Optical_B,16,16,8.25,0.8960908516593856,-0.4438467852657052,-0.004606167784176671,-26.34988106245355,0.2639149070055526,"[""Optical_B-F00825-D001""]"
Optical_B-T0023,Optical_B,17,17,8.75,0.894346700511192,-0.4473502991452972,-0.004657160009830144,-26.57411935806568,0.266836577662253,"[""Optical_B-F00875-D001""]"
Optical_B-T0023,Optical_B,18,18,9.25,0.8925493669964802,-0.45092510546583914,-0.004709218067190107,-26.803374230996024,0.2698193173482555,"[""Optical_B-F00925-D001""]"
Optical_B-T0023,Optical_B,19,19,9.755003540809108,0.8906779687940849,-0.45460980034120363,-0.004762912824544743,-27.04016261755028,0.2728958348308477,"[""Optical_B-F00975-D001"", ""Optical_B-F00976-D001""]"
Optical_B-T0023,Optical_B,20,20,10.244999838840933,0.8888057796864123,-0.45825875991395904,-0.004816114424444266,-27.275148021775628,0.275944096931708,"[""Optical_B-F01024-D001"", ""Optical_B-F01025-D001""]"
Optical_B-T0023,Optical_B,21,21,10.75,0.8868157140793574,-0.46209755656258916,-0.004872112560714421,-27.522896381194766,0.279152591445587,"[""Optical_B-F01075-D000""]"
Optical_B-T0023,Optical_B,22,22,11.245001932996527,0.8848032641398677,-0.4659387263618323,-0.0049281886884842965,-27.771358134340087,0.2823655554728944,"[""Optical_B-F01124-D001"", ""Optical_B-F01125-D000""]"
Optical_B-T0023,Optical_B,23,23,11.76,0.8826414826396412,-0.47002035574276746,-0.004987816269537532,-28.035997409608395,0.28578200620181793,"[""Optical_B-F01176-D001""]"
Optical_B-T0024,Optical_B,0,0,0.2650020184166373,0.9115787692981181,-0.41108751250217035,0.0055860925257640885,-24.273572098225944,-0.32006119026505886,"[""Optical_B-F00026-D004"", ""Optical_B-F00027-D002""]"
Optical_B-T0024,Optical_B,1,1,0.74,0.9090678597326369,-0.41660988229206797,0.0056420189393690074,-24.621157347998494,-0.3232655882262408,"[""Optical_B-F00074-D003""]"
Optical_B-T0024,Optical_B,2,2,1.26,0.9062213563732455,-0.42276508162198706,0.005704297870019125,-25.009717016905736,-0.32683396552974264,"[""Optical_B-F00126-D003""]"
Optical_B-T0024,Optical_B,3,3,1.745003055242566,0.9034705213756956,-0.42861147951813755,0.005763387059876585,-25.37992481573259,-0.3302195823787493,"[""Optical_B-F00174-D001"", ""Optical_B-F00175-D004""]"
Optical_B-T0024,Optical_B,4,4,2.255000909387799,0.9004739242409108,-0.4348709724234322,0.0058265861079397335,-25.777553630504023,-0.3338406819047712,"[""Optical_B-F00225-D004"", ""Optical_B-F00226-D002""]"
Optical_B-T0024,Optical_B,5,5,2.7449998878815896,0.8974902283450896,-0.4409950309976381,0.005888349554090048,-26.16787334882997,-0.3373795274072207,"[""Optical_B-F00274-D002"", ""Optical_B-F00275-D002""]"
Optical_B-T0024,Optical_B,6,6,3.25,0.8943033887569277,-0.447421512205025,0.005953089453731585,-26.57887875025342,-0.34108891544014835,"[""Optical_B-F00325-D002""]"
Optical_B-T0024,Optical_B,7,7,3.7550037618295153,0.8909984265906608,-0.45396649215954915,0.00601895417168652,-26.998985005330685,-0.3448627534120173,"[""Optical_B-F00375-D003"", ""Optical_B-F00376-D005""]"
Optical_B-T0024,Optical_B,8,8,4.2450002926528105,0.8876737623216643,-0.46043270660894975,0.006083943660014861,-27.415582813685866,-0.34858644498808156,"[""Optical_B-F00424-D004"", ""Optical_B-F00425-D003""]"
Optical_B-T0024,Optical_B,9,9,4.76,0.8840492270891613,-0.46735329202248543,0.006153415214504151,-27.863203147309886,-0.3525669463695081,"[""Optical_B-F00476-D003""]"
Optical_B-T0024,Optical_B,10,10,5.24,0.8805455571305371,-0.4739207134584356,0.006219258212969604,-28.289697411896274,-0.35633954448353933,"[""Optical_B-F00524-D003""]"
Optical_B-T0024,Optical_B,11,11,5.765003915398873,0.8765691840113925,-0.4812347349816853,0.006292494633202554,-28.766698340308448,-0.3605357643828848,"[""Optical_B-F00576-D003"", ""Optical_B-F00577-D004""]"
Optical_B-T0024,Optical_B,12,12,6.23,0.8729161495596034,-0.48782882874541605,0.0063584339983798815,-29.198623690867542,-0.3643138872969385,"[""Optical_B-F00623-D003""]"
Optical_B-T0024,Optical_B,13,13,6.765000141584591,0.8685534826213619,-0.4955536614437958,0.006435561820974578,-29.70694298642907,-0.36873307643677483,"[""Optical_B-F00676-D001"", ""Optical_B-F00677-D006""]"
Optical_B-T0024,Optical_B,14,14,7.23,0.8646180906774759,-0.5023875586516741,0.006503705501254651,-30.15878981897847,-0.3726375034310824,"[""Optical_B-F00723-D004""]"
Optical_B-T0024,Optical_B,15,15,7.775003449654647,0.8598275196082723,-0.5105421390085082,0.006584893385878485,-30.700685685542478,-0.3772893261837632,"[""Optical_B-F00777-D004"", ""Optical_B-F00778-D003""]"
Optical_B-T0024,Optical_B,16,16,8.225001002334205,0.8557211955082706,-0.5173944076375604,0.006653007085083998,-31.158401934924612,-0.3811920391668615,"[""Optical_B-F00822-D005"", ""Optical_B-F00823-D003""]"
Optical_B-T0024,Optical_B,17,17,8.78,0.8504608494433505,-0.5259951881355197,0.0067383694150709396,-31.73606753123203,-0.3860830500447199,"[""Optical_B-F00878-D004""]"
Optical_B-T0024,Optical_B,18,18,9.22,0.8490199384106001,-0.5283539437206244,0.002693387481290575,-31.894434088229804,-0.15431992185313503,"[""Optical_B-F00922-D003""]"
Optical_B-T0024,Optical_B,19,19,9.78325000274079,0.8452336561266153,-0.5343899273657169,0.002733510727732984,-32.302682582711306,-0.15661882299799978,"[""Optical_B-F00978-D002"", ""Optical_B-F00979-D002""]"
Optical_B-T0024,Optical_B,20,20,10.215000108960556,0.8423871089028506,-0.5388657659372944,0.0027649692783011264,-32.606600054182714,-0.15842127198698408,"[""Optical_B-F01021-D004"", ""Optical_B-F01022-D004""]"
Optical_B-T0024,Optical_B,21,21,10.78500098940809,0.8383643843081936,-0.5451029967034472,0.002807509299213256,-33.03184916497398,-0.16085864510667094,"[""Optical_B-F01078-D003"", ""Optical_B-F01079-D004""]"
Optical_B-T0024,Optical_B,22,22,11.215003295123026,0.8352151761028934,-0.5499159407714916,0.0028403684299968452,-33.361398520555795,-0.1627413421260454,"[""Optical_B-F01121-D003"", ""Optical_B-F01122-D003""]"
Optical_B-T0024,Optical_B,23,23,11.790000000000001,0.8308421739097285,-0.5565006349123848,0.002885376070683259,-33.814296859792165,-0.16532010055125795,"[""Optical_B-F01179-D003""]"
Optical_B-T0025,Optical_B,0,0,0.2649985189588454,0.9171553969772478,-0.3984456727734495,0.008186796908450152,-23.481880043797457,-0.4690741505275682,"[""Optical_B-F00026-D005"", ""Optical_B-F00027-D004""]"
Optical_B-T0025,Optical_B,1,1,0.7350025275608301,0.9146784699860072,-0.40409758313132915,0.008272838175345357,-23.835455626389024,-0.4740041189420962,"[""Optical_B-F00073-D004"", ""Optical_B-F00074-D004""]"
Optical_B-T0025,Optical_B,2,2,1.265001684754862,0.9117790472083025,-0.41059576758171695,0.008371661477915265,-24.24316964694838,-0.47966647318947697,"[""Optical_B-F00126-D004"", ""Optical_B-F00127-D004""]"
Optical_B-T0025,Optical_B,3,3,1.74,0.9090805161195108,-0.41653452647844813,0.008461882961786148,-24.616930057371,-0.48483596655044847,"[""Optical_B-F00174-D002""]"
Optical_B-T0025,Optical_B,4,4,2.2600000000000002,0.9060131390957549,-0.42316294249931413,0.00856246933884303,-25.035419948093814,-0.4905993502376894,"[""Optical_B-F00226-D003""]"
Optical_B-T0025,Optical_B,5,5,2.74,0.9030720326729483,-0.4294018623007362,0.00865704664473404,-25.430627704567655,-0.49601843156135245,"[""Optical_B-F00274-D004""]"
Optical_B-T0025,Optical_B,6,6,3.2550010550270363,0.8997940190482381,-0.4362269808995273,0.008760389278025187,-25.864460203379075,-0.5019397528413355,"[""Optical_B-F00325-D003"", ""Optical_B-F00326-D003""]"
Optical_B-T0025,Optical_B,7,7,3.7499452203994803,0.8965211631360174,-0.44291226754034546,0.008861563717096047,-26.29095483854751,-0.5077368462253047,"[""Optical_B-F00374-D004"", ""Optical_B-F00375-D004""]"
Optical_B-T0025,Optical_B,8,8,4.25,0.8930801704081981,-0.449808210437099,0.008965659319772678,-26.732539444569028,-0.513701321878109,"[""Optical_B-F00425-D004""]"
Optical_B-T0025,Optical_B,9,9,4.755003596138856,0.8894690555801915,-0.4569053344529503,0.009072734632949685,-27.188805319991893,-0.5198365349584577,"[""Optical_B-F00475-D002"", ""Optical_B-F00476-D004""]"
Optical_B-T0025,Optical_B,10,10,5.2450009765734436,0.8858260862903015,-0.4639266101312508,0.009178521652962589,-27.642040193136893,-0.5258979371285091,"[""Optical_B-F00524-D004"", ""Optical_B-F00525-D002""]"
Optical_B-T0025,Optical_B,11,11,5.76,0.8818429918052284,-0.4714515894044629,0.009291751826741164,-28.12988599833562,-0.5323858248775968,"[""Optical_B-F00576-D004""]"
Optical_B-T0025,Optical_B,12,12,6.24,0.8779815912466743,-0.4786021109656998,0.009399192046864308,-28.595523069855357,-0.5385419648814443,"[""Optical_B-F00624-D002""]"
Optical_B-T0025,Optical_B,13,13,6.765003038269478,0.8735862569852144,-0.486576246038591,0.009518844339281043,-29.11724128505107,-0.5453978429650165,"[""Optical_B-F00676-D002"", ""Optical_B-F00677-D007""]"
Optical_B-T0025,Optical_B,14,14,7.235001722723336,0.8694918068314976,-0.4938535228244991,0.009627868233913404,-29.595687030353528,-0.5516447382645078,"[""Optical_B-F00723-D005"", ""Optical_B-F00724-D001""]"
Optical_B-T0025,Optical_B,15,15,7.7700000000000005,0.8646395097440637,-0.5022980926531545,0.009754194305441125,-30.15374087768575,-0.5588830289142767,"[""Optical_B-F00777-D005""]"
Optical_B-T0025,Optical_B,16,16,8.224998648541192,0.8603448374698834,-0.5096169855165664,0.009863504039015111,-30.639971655932207,-0.5651463166246179,"[""Optical_B-F00822-D006"", ""Optical_B-F00823-D004""]"
Optical_B-T0025,Optical_B,17,17,8.775001516159293,0.8549375875282448,-0.5186345170978924,0.009997955091965003,-31.24243929511509,-0.5728501743997836,"[""Optical_B-F00877-D002"", ""Optical_B-F00878-D005""]"
Optical_B-T0025,Optical_B,18,18,9.22,0.8503823868002973,-0.5260680682586996,0.010108599229855858,-31.741983909722244,-0.5791899369148923,"[""Optical_B-F00922-D004""]"
Optical_B-T0025,Optical_B,19,19,9.785004189434652,0.844355024645632,-0.5356860079893344,0.010251497457682621,-32.39235686652128,-0.5873778265565832,"[""Optical_B-F00978-D004"", ""Optical_B-F00979-D004""]"
Optical_B-T0025,Optical_B,20,20,10.21500072600083,0.8395773934156706,-0.5431412599087669,0.010362058196401461,-32.89972509201256,-0.5937128267596736,"[""Optical_B-F01021-D006"", ""Optical_B-F01022-D006""]"
Optical_B-T0025,Optical_B,21,21,10.790000000000001,0.8329189931315908,-0.5532950763729633,0.010512342369517058,-33.5954670510725,-0.6023239446544001,"[""Optical_B-F01079-D006""]"
Optical_B-T0025,Optical_B,22,22,11.204999829075916,0.8246811763161831,-0.5655529472966228,0.007128901308048515,-34.44169622419823,-0.4084594173015526,"[""Optical_B-F01120-D001"", ""Optical_B-F01121-D004""]"
Optical_B-T0025,Optical_B,23,23,11.794999878077455,0.817650606639212,-0.5756693829478735,0.007228208556990982,-35.147576789427625,-0.4141494501536316,"[""Optical_B-F01179-D004"", ""Optical_B-F01180-D002""]"
Optical_B-T0026,Optical_B,0,0,0.2750023509157544,0.9243755338275684,-0.3814791990777147,-0.0018689922480037999,-22.4253790874051,0.10708543009727169,"[""Optical_B-F00027-D003"", ""Optical_B-F00028-D002""]"
Optical_B-T0026,Optical_B,1,1,0.7249993996377029,0.9233412502772226,-0.38397574685535063,-0.0018871574844957868,-22.580210513205436,0.10812622331766028,"[""Optical_B-F00072-D002"", ""Optical_B-F00073-D002""]"
Optical_B-T0026,Optical_B,2,2,1.27,0.9220519710704619,-0.3870613853155465,-0.0019096184661547763,-22.77181719726402,0.10941314508942411,"[""Optical_B-F00127-D002""]"
Optical_B-T0026,Optical_B,3,3,1.73,0.9209314506366839,-0.38971982535415706,-0.0019289774852291508,-22.93711235260744,0.11052233722088638,"[""Optical_B-F00173-D003""]"
Optical_B-T0026,Optical_B,4,4,2.27,0.9195766087756446,-0.3929059041987568,-0.0019521881165975696,-23.13548116450951,0.11185221094222314,"[""Optical_B-F00227-D002""]"
Optical_B-T0026,Optical_B,5,5,2.733894510403305,0.9183343831555523,-0.3958005428230358,-0.00197256566464605,-23.315959265480863,0.11301976069032062,"[""Optical_B-F00273-D002"", ""Optical_B-F00274-D003""]"
Optical_B-T0026,Optical_B,6,6,3.2649994822300776,0.9169623289556661,-0.39896879791500794,-0.0019963883525999826,-23.51377855003311,0.11438470285444581,"[""Optical_B-F00326-D002"", ""Optical_B-F00327-D003""]"
Optical_B-T0026,Optical_B,7,7,3.7350022004361185,0.9156713558774245,-0.4019227487340718,-0.0020179384646273743,-23.698485141512492,0.11561943580886326,"[""Optical_B-F00373-D002"", ""Optical_B-F00374-D002""]"
Optical_B-T0026,Optical_B,8,8,4.265001123219529,0.9141699408175583,-0.40532597543839405,-0.002042777652193477,-23.911609054186606,0.11704261935640747,"[""Optical_B-F00426-D002"", ""Optical_B-F00427-D002""]"
Optical_B-T0026,Optical_B,9,9,4.74,0.9127814199033129,-0.40844315764149486,-0.002065539914197918,-24.10712854614876,0.11834680365301133,"[""Optical_B-F00474-D002""]"
Optical_B-T0026,Optical_B,10,10,5.265002952658687,0.9111975775462817,-0.4119643204018324,-0.002091265082241268,-24.32834685123824,0.11982075039275004,"[""Optical_B-F00526-D003"", ""Optical_B-F00527-D002""]"
Optical_B-T0026,Optical_B,11,11,5.74,0.9097180201713817,-0.4152212064062342,-0.00211507116030832,-24.5333061696488,0.12118474120946791,"[""Optical_B-F00574-D003""]"
Optical_B-T0026,Optical_B,12,12,6.26,0.9080454148167596,-0.41886625266357874,-0.0021417305689749324,-24.763090572372164,0.1227122162702284,"[""Optical_B-F00626-D004""]"
Optical_B-T0026,Optical_B,13,13,6.74,0.9064501980099171,-0.42230716668653984,-0.002166908620455518,-24.980397156720002,0.12415481570409004,"[""Optical_B-F00674-D003""]"
Optical_B-T0026,Optical_B,14,14,7.25499914066596,0.9046813824495785,-0.42608306722170164,-0.00219455600666808,-25.219302290707038,0.12573889801531868,"[""Optical_B-F00725-D002"", ""Optical_B-F00726-D003""]"
Optical_B-T0026,Optical_B,15,15,7.74500253114169,0.9029409057790334,-0.42975898556722186,-0.0022214849023049093,-25.45233302497201,0.12728181384343915,"[""Optical_B-F00774-D003"", ""Optical_B-F00775-D002""]"
Optical_B-T0026,Optical_B,16,16,8.25500125956615,0.9010670182979416,-0.4336740310536176,-0.0022501834065144746,-25.701020200886667,0.12892612112295576,"[""Optical_B-F00825-D003"", ""Optical_B-F00826-D002""]"
Optical_B-T0026,Optical_B,17,17,8.745000499938097,0.8992038637490922,-0.4375239653071444,-0.002278420640841095,-25.94607914820958,0.13054399962253513,"[""Optical_B-F00874-D002"", ""Optical_B-F00875-D004""]"
Optical_B-T0026,Optical_B,18,18,9.25407943324818,0.8972512528418862,-0.4415142808515172,-0.0023084795501122427,-26.200613311147865,0.13226625279006052,"[""Optical_B-F00925-D004"", ""Optical_B-F00926-D002""]"
Optical_B-T0026,Optical_B,19,19,9.75,0.8951776691804758,-0.44570334545636175,-0.002338471641438583,-26.468425388090374,0.1339846776803932,"[""Optical_B-F00975-D004""]"
Optical_B-T0026,Optical_B,20,20,10.25,0.893065316889608,-0.44992079903735865,-0.0023694645912096107,-26.738683642983727,0.13576044781693036,"[""Optical_B-F01025-D004""]"
Optical_B-T0026,Optical_B,21,21,10.755003553636833,0.8908534531121846,-0.4542844456935998,-0.0024015576103198076,-27.018987909505135,0.13759924759585884,"[""Optical_B-F01075-D003"", ""Optical_B-F01076-D002""]"
Optical_B-T0026,Optical_B,22,22,11.245000453214715,0.8886279911505024,-0.4586222536247496,-0.0024334798085314724,-27.29832727951578,0.1394282601709903,"[""Optical_B-F01124-D004"", ""Optical_B-F01125-D003""]"
Optical_B-T0026,Optical_B,23,23,11.76,0.8862007776431421,-0.4632948210383172,-0.0024678946015111603,-27.600012722064434,0.14140008848291913,"[""Optical_B-F01176-D004""]"
Optical_B-T0027,Optical_B,0,0,0.28500183169260646,0.9351756980903394,-0.35412544817884756,0.006448306240931541,-20.740305722138206,-0.3694632930642658,"[""Optical_B-F00028-D000"", ""Optical_B-F00029-D000""]"
Optical_B-T0027,Optical_B,1,1,0.72,0.9338147041740006,-0.3576980692321197,0.006495347260721105,-20.95935667830259,-0.3721586014089159,"[""Optical_B-F00072-D000""]"
Optical_B-T0027,Optical_B,2,2,1.28,0.9320125703259006,-0.3623666338452765,0.0065567850469307,-21.246089287879048,-0.37567880222457034,"[""Optical_B-F00128-D000""]"
Optical_B-T0027,Optical_B,3,3,1.7218411360953636,0.930517100855045,-0.366188866665063,0.006605978116719135,-21.481257900213166,-0.37849741854928165,"[""Optical_B-F00172-D000"", ""Optical_B-F00173-D002""]"
Optical_B-T0027,Optical_B,4,4,2.274998810325391,0.928665083679449,-0.3708593998679366,0.006668424419305541,-21.769137196536384,-0.3820754069446897,"[""Optical_B-F00227-D001"", ""Optical_B-F00228-D000""]"
Optical_B-T0027,Optical_B,5,5,2.725002225443128,0.9270872245313726,-0.3747854318609871,0.00671998329534514,-22.011574832074565,-0.38502957913098734,"[""Optical_B-F00272-D000"", ""Optical_B-F00273-D000""]"
Optical_B-T0027,Optical_B,6,6,3.275000923353904,0.9251021970147145,-0.37965761344121135,0.0067839247248306506,-22.313017142383945,-0.38869323668914424,"[""Optical_B-F00327-D001"", ""Optical_B-F00328-D000""]"
Optical_B-T0027,Optical_B,7,7,3.7249999760435486,0.9234302729403113,-0.3837053379366348,0.006837006385474213,-22.56394599484229,-0.3917346623491143,"[""Optical_B-F00372-D000"", ""Optical_B-F00373-D000""]"
Optical_B-T0027,Optical_B,8,8,4.2700000000000005,0.9213456308274252,-0.38868314556299793,0.0069022395254999275,-22.873161430445528,-0.3954723341522568,"[""Optical_B-F00427-D000""]"
Optical_B-T0027,Optical_B,9,9,4.73,0.9195336018074185,-0.39294979310123224,0.00695810669470293,-23.138761828889354,-0.3986733640306815,"[""Optical_B-F00473-D000""]"
Optical_B-T0027,Optical_B,10,10,5.264998225272823,0.917363320084311,-0.3979889468053121,0.00702404332905444,-23.453131086417027,-0.4024513472208424,"[""Optical_B-F00526-D002"", ""Optical_B-F00527-D000""]"
Optical_B-T0027,Optical_B,11,11,5.735002514163387,0.9153992022723456,-0.4024849488421308,0.007082826745066271,-23.734248721814858,-0.40581947264892204,"[""Optical_B-F00573-D000"", ""Optical_B-F00574-D002""]"
Optical_B-T0027,Optical_B,12,12,6.265000753149579,0.9131174488373565,-0.40763390537756006,0.007150091985158116,-24.056940679301288,-0.4096735846098926,"[""Optical_B-F00626-D002"", ""Optical_B-F00627-D000""]"
Optical_B-T0027,Optical_B,13,13,6.74,0.9110100762225672,-0.41232103824512106,0.007211271830813116,-24.35139669357897,-0.413179021932915,"[""Optical_B-F00674-D001""]"
Optical_B-T0027,Optical_B,14,14,7.26,0.9086330730559495,-0.4175319763544673,0.007279235566608499,-24.679566150297674,-0.41707315936486694,"[""Optical_B-F00726-D001""]"
Optical_B-T0027,Optical_B,15,15,7.74,0.9063716849207505,-0.4224173891338169,0.00734289665522742,-24.98802160348737,-0.4207207685492917,"[""Optical_B-F00774-D001""]"
Optical_B-T0027,Optical_B,16,16,8.254998613755248,0.903871052738092,-0.427740785088507,0.00741220574466007,-25.3250147476681,-0.42469199493141735,"[""Optical_B-F00825-D002"", ""Optical_B-F00826-D000""]"
Optical_B-T0027,Optical_B,17,17,8.745002210993636,0.9014178220811453,-0.4328856346191538,0.007479129284692874,-25.651599214570883,-0.4285265376171818,"[""Optical_B-F00874-D000"", ""Optical_B-F00875-D002""]"
Optical_B-T0027,Optical_B,18,18,9.255001372139214,0.8987851062965373,-0.4383244609522319,0.007549809961690065,-25.997820296818052,-0.43257635644577924,"[""Optical_B-F00925-D002"", ""Optical_B-F00926-D000""]"
Optical_B-T0027,Optical_B,19,19,9.75,0.8961496006954534,-0.44368664332467656,0.0076194296808164835,-26.340164613741052,-0.4365653872624717,"[""Optical_B-F00975-D002""]"
Optical_B-T0027,Optical_B,20,20,10.25,0.8934043905781028,-0.4491875408026205,0.007690779119370916,-26.692421309656226,-0.44065352874871067,"[""Optical_B-F01025-D002""]"
Optical_B-T0027,Optical_B,21,21,10.755003773042391,0.8905439830754901,-0.4548308871971066,0.007763907491357065,-27.054935710407094,-0.44484360092742936,"[""Optical_B-F01075-D001"", ""Optical_B-F01076-D001""]"
Optical_B-T0027,Optical_B,22,22,11.244999968218806,0.8876810438205553,-0.46039218408945337,0.007835896310704093,-27.413329636947683,-0.448968381923625,"[""Optical_B-F01124-D002"", ""Optical_B-F01125-D001""]"
Optical_B-T0027,Optical_B,23,23,11.76,0.8845759634961581,-0.46632901955155626,0.007912668887806656,-27.79721345546232,-0.4533672629519667,"[""Optical_B-F01176-D002""]"
Optical_B-T0028,Optical_B,0,0,0.2849994269718441,0.9385232476317459,-0.34514971403040273,-0.006766724428538041,-20.191417543118597,0.3877077096846115,"[""Optical_B-F00028-D001"", ""Optical_B-F00029-D001""]"
Optical_B-T0028,Optical_B,1,1,0.7150015026584795,0.9372021250423311,-0.3487200949662975,-0.006817050889883439,-20.4095457505981,0.39059127002754396,"[""Optical_B-F00071-D000"", ""Optical_B-F00072-D001""]"
Optical_B-T0028,Optical_B,2,2,1.2850016399514388,0.9353988181260091,-0.3535274402243966,-0.006884769919986538,-20.703734775483618,0.3944713757033092,"[""Optical_B-F00128-D001"", ""Optical_B-F00129-D000""]"
Optical_B-T0028,Optical_B,3,3,1.72,0.9339812665624989,-0.35725462694252647,-0.006937235650213593,-20.932216046632213,0.3974775124050832,"[""Optical_B-F00172-D001""]"
Optical_B-T0028,Optical_B,4,4,2.2800000000000002,0.9321019058589888,-0.3621283693020435,-0.007005800502710491,-21.231510406436374,0.40140608454638,"[""Optical_B-F00228-D001""]"
Optical_B-T0028,Optical_B,5,5,2.721540428650788,0.9305453136151896,-0.3661086803796779,-0.007060698227464156,-21.47639063063881,0.40455157027923005,"[""Optical_B-F00272-D001"", ""Optical_B-F00273-D001""]"
Optical_B-T0028,Optical_B,6,6,3.2749986862336424,0.9286039335105485,-0.3710038952681225,-0.007130523446212832,-21.77812538167621,0.40855236133448775,"[""Optical_B-F00327-D002"", ""Optical_B-F00328-D001""]"
Optical_B-T0028,Optical_B,7,7,3.7250022245975867,0.9269520526922276,-0.3751109463764842,-0.007188179060384294,-22.031769179681678,0.411855869356106,"[""Optical_B-F00372-D001"", ""Optical_B-F00373-D001""]"
Optical_B-T0028,Optical_B,8,8,4.275001090628612,0.9248711627270977,-0.38021129483025795,-0.007259727221108951,-22.347392057398046,0.4159553839674304,"[""Optical_B-F00427-D001"", ""Optical_B-F00428-D000""]"
Optical_B-T0028,Optical_B,9,9,4.7255825370947875,0.9231379202765243,-0.38439928288009656,-0.007319253295312216,-22.607091142772287,0.4193660674081447,"[""Optical_B-F00472-D000"", ""Optical_B-F00473-D001""]"
Optical_B-T0028,Optical_B,10,10,5.2700000000000005,0.9209250067177149,-0.3896697147636268,-0.0073922525667450365,-22.934612058216654,0.4235487307271285,"[""Optical_B-F00527-D001""]"
Optical_B-T0028,Optical_B,11,11,5.73,0.9190177733152384,-0.39414560362849427,-0.007454895775998421,-23.213381030013945,0.4271380211363684,"[""Optical_B-F00573-D001""]"
Optical_B-T0028,Optical_B,12,12,6.264998638879785,0.916730376523262,-0.39943551779017944,-0.007528870247893908,-23.543602271822245,0.4313765651214823,"[""Optical_B-F00626-D003"", ""Optical_B-F00627-D001""]"
Optical_B-T0028,Optical_B,13,13,6.73500223800391,0.9146573665375414,-0.404158656766908,-0.007594866620188339,-23.839145168223425,0.4351579868337118,"[""Optical_B-F00673-D000"", ""Optical_B-F00674-D002""]"
Optical_B-T0028,Optical_B,14,14,7.265001173171955,0.912245744286961,-0.40957156448674775,-0.0076704363765309185,-24.178680751435046,0.43948794105971145,"[""Optical_B-F00726-D002"", ""Optical_B-F00727-D000""]"
Optical_B-T0028,Optical_B,15,15,7.74,0.9100152534402352,-0.4145025247616109,-0.007739216520732415,-24.48877358119247,0.44342887001461556,"[""Optical_B-F00774-D002""]"
Optical_B-T0028,Optical_B,16,16,8.26,0.9074958282550737,-0.41998837718664966,-0.007815671932880566,-24.834663579794288,0.44780957494614754,"[""Optical_B-F00826-D001""]"
Optical_B-T0028,Optical_B,17,17,8.745004130616703,0.9050700671788721,-0.4251893126163845,-0.00788808808512291,-25.16348428723218,0.45195884274645903,"[""Optical_B-F00874-D001"", ""Optical_B-F00875-D003""]"
Optical_B-T0028,Optical_B,18,18,9.25499940332966,0.9024373834955683,-0.4307473983483158,-0.007965405565941027,-25.515868870668363,0.4563889472622877,"[""Optical_B-F00925-D003"", ""Optical_B-F00926-D001""]"
Optical_B-T0028,Optical_B,19,19,9.745001342036204,0.8998258227771856,-0.4361752326412427,-0.00804083911783064,-25.860997206865854,0.46071110983967084,"[""Optical_B-F00974-D000"", ""Optical_B-F00975-D003""]"
Optical_B-T0028,Optical_B,20,20,10.253296111416008,0.8970857651282168,-0.44178183577878116,-0.00812031897476556,-26.218554931391242,0.4652651188807067,"[""Optical_B-F01025-D003"", ""Optical_B-F01026-D000""]"
Optical_B-T0028,Optical_B,21,21,10.75,0.8942050861243677,-0.4475824372609127,-0.008199134399047974,-26.589645096033102,0.4697810603945598,"[""Optical_B-F01075-D002""]"
Optical_B-T0028,Optical_B,22,22,11.24499802238099,0.8912995668992049,-0.45333932301250235,-0.008278904266631514,-26.959132878640194,0.47435169227379476,"[""Optical_B-F01124-D003"", ""Optical_B-F01125-D002""]"
Optical_B-T0028,Optical_B,23,23,11.76,0.8881756126322919,-0.45942805568708633,-0.008363179588913116,-27.35124361533362,0.4791804797339498,"[""Optical_B-F01176-D003""]"
Optical_B-T0029,Optical_B,0,0,0.28,0.93213513540867,-0.3620900952439597,0.0038538633707860238,-21.228776812747125,-0.2208106525580435,"[""Optical_B-F00028-D003""]"
Optical_B-T0029,Optical_B,1,1,0.7233290908809678,0.9303930780739388,-0.3665427778873017,0.0038874478468263573,-21.502729334496216,-0.2227349157070883,"[""Optical_B-F00072-D003"", ""Optical_B-F00073-D003""]"
Optical_B-T0029,Optical_B,2,2,1.274999623292917,0.9282534566604997,-0.37192751442493815,0.00392991240628704,-21.83471857497446,-0.2251679743291892,"[""Optical_B-F00127-D003"", ""Optical_B-F00128-D002""]"
Optical_B-T0029,Optical_B,3,3,1.7250016309538916,0.9264118543308558,-0.3764908415108284,0.003965149900508492,-22.116669001132447,-0.22718694975971002,"[""Optical_B-F00172-D002"", ""Optical_B-F00173-D004""]"
Optical_B-T0029,Optical_B,4,4,2.2750022435682267,0.9240843307880451,-0.38216760448676335,0.004008949096681338,-22.468204267827844,-0.22969647879320357,"[""Optical_B-F00227-D003"", ""Optical_B-F00228-D002""]"
Optical_B-T0029,Optical_B,5,5,2.73,0.9220925385107046,-0.38694829358543137,0.004045802047518766,-22.764942864346985,-0.23180801446327484,"[""Optical_B-F00273-D003""]"
Optical_B-T0029,Optical_B,6,6,3.27,0.9196476711125079,-0.3927230966058455,0.004090282344345527,-23.124249563798248,-0.23435656883120617,"[""Optical_B-F00327-D004""]"
Optical_B-T0029,Optical_B,7,7,3.735003477110462,0.9174690021168376,-0.39778584629646446,0.004129242175005878,-23.440045600072906,-0.23658882155034644,"[""Optical_B-F00373-D003"", ""Optical_B-F00374-D003""]"
Optical_B-T0029,Optical_B,8,8,4.265000345030281,0.914899755545034,-0.4036595244316424,0.004174402862368245,-23.80737353916069,-0.23917636063795691,"[""Optical_B-F00426-D003"", ""Optical_B-F00427-D003""]"
Optical_B-T0029,Optical_B,9,9,4.735000644860548,0.9125415360688551,-0.4089623180538021,0.004215134773071669,-24.13989400973288,-0.24151014774577714,"[""Optical_B-F00473-D002"", ""Optical_B-F00474-D003""]"
Optical_B-T0029,Optical_B,10,10,5.26,0.9098148941268354,-0.4149924081310349,0.004261410397988738,-24.51907568290566,-0.24416156956188387,"[""Optical_B-F00526-D004""]"
Optical_B-T0029,Optical_B,11,11,5.74,0.9072332225549612,-0.42060593389078493,0.004304447514022588,-24.873094622209955,-0.24662743728963052,"[""Optical_B-F00574-D004""]"
Optical_B-T0029,Optical_B,12,12,6.254998937871446,0.9043650233264852,-0.42673758897071745,0.004351407030490526,-25.260952747326968,-0.2493180445904051,"[""Optical_B-F00625-D002"", ""Optical_B-F00626-D005""]"
Optical_B-T0029,Optical_B,13,13,6.745001833505167,0.9015377764320625,-0.4326780619632705,0.004396858155634453,-25.637902933184993,-0.2519222271485757,"[""Optical_B-F00674-D004"", ""Optical_B-F00675-D002""]"
Optical_B-T0029,Optical_B,14,14,7.255002225450264,0.8984890582471182,-0.4389734097232722,0.004444970880762154,-26.03867551183316,-0.2546789101786388,"[""Optical_B-F00725-D003"", ""Optical_B-F00726-D004""]"
Optical_B-T0029,Optical_B,15,15,7.75,0.8954222617332609,-0.4451952278589872,0.004492469707883026,-26.43611752945921,-0.25740041967841687,"[""Optical_B-F00775-D003""]"
Optical_B-T0029,Optical_B,16,16,8.25,0.8922121999992723,-0.45159358622907514,0.00454126075243213,-26.846271881233342,-0.2601959691270379,"[""Optical_B-F00825-D004""]"
Optical_B-T0029,Optical_B,17,17,8.755002626481362,0.8888508291233046,-0.45817368189602675,0.004591381562503997,-27.269632485708595,-0.2630677099501382,"[""Optical_B-F00875-D005"", ""Optical_B-F00876-D001""]"
Optical_B-T0029,Optical_B,18,18,9.245001591858404,0.8854697573734073,-0.46467383341585056,0.004640831358481093,-27.6894389400021,-0.26590100474440265,"[""Optical_B-F00924-D001"", ""Optical_B-F00925-D005""]"
Optical_B-T0029,Optical_B,19,19,9.76,0.8817841938826014,-0.4716297326769154,0.004693684470889034,-28.140475678526112,-0.26892929800314525,"[""Optical_B-F00976-D002""]"
Optical_B-T0029,Optical_B,20,20,10.24,0.8782219105355829,-0.47822983231764443,0.004743768192954326,-28.570204315554104,-0.2717989158482686,"[""Optical_B-F01024-D002""]"
Optical_B-T0029,Optical_B,21,21,10.765002660081377,0.8741795768772895,-0.485579069258641,0.0047994654447166,-29.050784972450714,-0.27499016963509876,"[""Optical_B-F01076-D003"", ""Optical_B-F01077-D001""]"
Optical_B-T0029,Optical_B,22,22,11.235001641577362,0.8704254650742571,-0.49227633072936927,0.004850149883446446,-29.49068944717789,-0.2778942078630335,"[""Optical_B-F01123-D001"", ""Optical_B-F01124-D005""]"
Optical_B-T0029,Optical_B,23,23,11.77,0.8659904297272171,-0.5000364779968259,0.004908797551308836,-30.002811990448983,-0.28125451171373356,"[""Optical_B-F01177-D001""]"
Optical_B-T0030,Optical_B,0,0,0.2849984385722281,0.9405331805514583,-0.33964611293732827,-0.0061525806229234025,-19.85570644996866,0.35251912688909753,"[""Optical_B-F00028-D004"", ""Optical_B-F00029-D004""]"
Optical_B-T0030,Optical_B,1,1,0.7150033304224124,0.9397727962278449,-0.34174332500568977,-0.0062121883545907565,-19.983524524046135,0.3559344636114063,"[""Optical_B-F00071-D003"", ""Optical_B-F00072-D004""]"
Optical_B-T0030,Optical_B,2,2,1.284999776725841,0.9387344010775409,-0.34458398535925344,-0.006292953799637521,-20.15681920709119,0.360562073202601,"[""Optical_B-F00128-D003"", ""Optical_B-F00129-D003""]"
Optical_B-T0030,Optical_B,3,3,1.7150022759410442,0.9379271167978521,-0.3467741835798841,-0.006355248049693238,-20.290564007779096,0.36413134219513965,"[""Optical_B-F00171-D002"", ""Optical_B-F00172-D004""]"
Optical_B-T0030,Optical_B,4,4,2.28500105130661,0.9368238843659709,-0.3497421050341533,-0.006439693139686514,-20.471985445858607,0.3689697884678772,"[""Optical_B-F00228-D004"", ""Optical_B-F00229-D002""]"
Optical_B-T0030,Optical_B,5,5,2.71500096714196,0.9359656023942551,-0.35203135942847846,-0.006504853088027768,-20.612068492713377,0.3727032567006891,"[""Optical_B-F00271-D002"", ""Optical_B-F00272-D003""]"
Optical_B-T0030,Optical_B,6,6,3.284415796681037,0.9348189504017971,-0.35506345968789427,-0.0065931452392383695,-20.797806726468426,0.37776213281804966,"[""Optical_B-F00328-D003"", ""Optical_B-F00329-D002""]"
Optical_B-T0030,Optical_B,7,7,3.72,0.9338670829225688,-0.3575582272742406,-0.006662247533267577,-20.950800772978894,0.3817214895824023,"[""Optical_B-F00372-D003""]"
Optical_B-T0030,Optical_B,8,8,4.28,0.9326382328963073,-0.36074966520996865,-0.006753191167806082,-21.14674803141709,0.3869322932442978,"[""Optical_B-F00428-D002""]"
Optical_B-T0030,Optical_B,9,9,4.72,0.9316410149751115,-0.36331586829465157,-0.00682635052186008,-21.304495662473943,0.39112411208903924,"[""Optical_B-F00472-D002""]"
Optical_B-T0030,Optical_B,10,10,5.276373827377215,0.9302904124489912,-0.36675856747755214,-0.006921104485527545,-21.516389106598393,0.39655324256099794,"[""Optical_B-F00527-D003"", ""Optical_B-F00528-D002""]"
Optical_B-T0030,Optical_B,11,11,5.725004058851563,0.9292519919250958,-0.3693802170958816,-0.006999337214423675,-21.677956643212596,0.40103575632595523,"[""Optical_B-F00572-D001"", ""Optical_B-F00573-D002""]"
Optical_B-T0030,Optical_B,12,12,6.2749994620704275,0.9278750171052896,-0.37282378708639374,-0.007097634424088476,-21.890453184662903,0.40666791148764586,"[""Optical_B-F00627-D002"", ""Optical_B-F00628-D002""]"
Optical_B-T0030,Optical_B,13,13,6.72500245728566,0.9267094512888637,-0.37571004725315654,-0.007180061623967123,-22.068803660943928,0.4113907625063293,"[""Optical_B-F00672-D001"", ""Optical_B-F00673-D001""]"
Optical_B-T0030,Optical_B,14,14,7.275001208295292,0.925234899128191,-0.3793248401434354,-0.0072833430101372845,-22.29249101933618,0.417308504782412,"[""Optical_B-F00727-D002"", ""Optical_B-F00728-D002""]"
Optical_B-T0030,Optical_B,15,15,7.73,0.9239714853617412,-0.3823903281237662,-0.007370969801610545,-22.482468055306903,0.42232928488538385,"[""Optical_B-F00773-D001""]"
Optical_B-T0030,Optical_B,16,16,8.27,0.9224183623707667,-0.38611973505546654,-0.007477630769787534,-22.713942921962104,0.42844067663659696,"[""Optical_B-F00827-D001""]"
Optical_B-T0030,Optical_B,17,17,8.73,0.9210470982852087,-0.38937761225928935,-0.007570852769131354,-22.91647235101703,0.43378205495981204,"[""Optical_B-F00873-D001""]"
Optical_B-T0030,Optical_B,18,18,9.27,0.919377784965773,-0.39330072132194055,-0.007683171159751444,-23.160759920188234,0.4402176118925442,"[""Optical_B-F00927-D001""]"
Optical_B-T0030,Optical_B,19,19,9.735004594648501,0.9178861257833767,-0.39676755553263343,-0.007782478463961315,-23.37700769356853,0.44590767142652227,"[""Optical_B-F00973-D001"", ""Optical_B-F00974-D001""]"
Optical_B-T0030,Optical_B,20,20,10.264999366214875,0.9161217082563263,-0.40082243728166095,-0.007898698190173076,-23.63038507835142,0.4525667759251594,"[""Optical_B-F01026-D001"", ""Optical_B-F01027-D001""]"
Optical_B-T0030,Optical_B,21,21,10.735002755606127,0.9144967296639305,-0.40451410150994815,-0.008004568294125653,-23.861493770404316,0.45863287783929363,"[""Optical_B-F01073-D001"", ""Optical_B-F01074-D000""]"
Optical_B-T0030,Optical_B,22,22,11.265001481072936,0.9125926420103014,-0.4087892093255368,-0.008127243546266219,-24.12964512365264,0.465661880695159,"[""Optical_B-F01126-D000"", ""Optical_B-F01127-D002""]"
Optical_B-T0030,Optical_B,23,23,11.74,0.9108181210369741,-0.4127256332597943,-0.008240269472410936,-24.377051689935993,0.4721380061114806,"[""Optical_B-F01174-D001""]"
Optical_B-T0031,Optical_B,0,0,0.2950008412037642,0.9484060268867075,-0.3170568043212947,-0.0009954890949152588,-18.485035428477207,0.057037333110597485,"[""Optical_B-F00029-D002"", ""Optical_B-F00030-D000""]"
Optical_B-T0031,Optical_B,1,1,0.7050007039851938,0.9479079163267118,-0.3185428950192407,-0.0010030941694061137,-18.574837906826996,0.05747307199936806,"[""Optical_B-F00070-D000"", ""Optical_B-F00071-D001""]"
Optical_B-T0031,Optical_B,2,2,1.295001813738062,0.9471734126774493,-0.3207202794235402,-0.0010142403268727479,-18.70649989497744,0.05811170010487101,"[""Optical_B-F00129-D001"", ""Optical_B-F00130-D000""]"
Optical_B-T0031,Optical_B,3,3,1.7049998267573292,0.9466502867255022,-0.32226105860763354,-0.0010221289604623294,-18.799729558236674,0.05856368574996715,"[""Optical_B-F00170-D000"", ""Optical_B-F00171-D000""]"
Optical_B-T0031,Optical_B,4,4,2.2950027209029153,0.9458785164516252,-0.324519280769096,-0.001033694529859446,-18.93646381317598,0.0592263444141748,"[""Optical_B-F00229-D000"", ""Optical_B-F00230-D000""]"
Optical_B-T0031,Optical_B,5,5,2.70679634062299,0.9453606480796097,-0.32602478350536346,-0.0010419226367942415,-19.0276834699744,0.05969778046880163,"[""Optical_B-F00270-D000"", ""Optical_B-F00271-D000""]"
Optical_B-T0031,Optical_B,6,6,3.29,0.9445237829094784,-0.32844133881796794,-0.001053790220807798,-19.174209443516418,0.06037774331910009,"[""Optical_B-F00329-D000""]"
Optical_B-T0031,Optical_B,7,7,3.71,0.9439309492944702,-0.3301412334949227,-0.0010625019959614557,-19.277359322157242,0.0608768915469147,"[""Optical_B-F00371-D000""]"
Optical_B-T0031,Optical_B,8,8,4.29,0.9430908350104269,-0.3325334897304798,-0.0010747683493817733,-19.4226320077959,0.061579702229217555,"[""Optical_B-F00429-D000""]"
Optical_B-T0031,Optical_B,9,9,4.71,0.9424663452112342,-0.3342992872667398,-0.0010838252298024384,-19.529945543045706,0.06209862355511913,"[""Optical_B-F00471-D000""]"
Optical_B-T0031,Optical_B,10,10,5.288223017963987,0.9415525777228589,-0.3368642767964697,-0.0010965408479612227,-19.685955919053164,0.06282717524246391,"[""Optical_B-F00528-D000"", ""Optical_B-F00529-D000""]"
Optical_B-T0031,Optical_B,11,11,5.715003134176508,0.940914339185824,-0.33864285439973113,-0.0011061096268323485,-19.794223600043644,0.06337542621936712,"[""Optical_B-F00571-D000"", ""Optical_B-F00572-D000""]"
Optical_B-T0031,Optical_B,12,12,6.284999615912888,0.939996163527264,-0.34118317668811976,-0.0011191510302150565,-19.948989007133807,0.06412264405463712,"[""Optical_B-F00628-D000"", ""Optical_B-F00629-D000""]"
Optical_B-T0031,Optical_B,13,13,6.715002122305158,0.9392843576453715,-0.3431379029143203,-0.0011291883298206152,-20.068181157982362,0.06469773932313697,"[""Optical_B-F00671-D000"", ""Optical_B-F00672-D000""]"
Optical_B-T0031,Optical_B,14,14,7.285000848115416,0.9383144415136535,-0.34578129350030656,-0.0011427651444153955,-20.229509902519304,0.06547563400057006,"[""Optical_B-F00728-D000"", ""Optical_B-F00729-D000""]"
Optical_B-T0031,Optical_B,15,15,7.715001004298948,0.9375620959154641,-0.34781602376041876,-0.0011532207481496793,-20.3538055550374,0.06607469636155708,"[""Optical_B-F00771-D000"", ""Optical_B-F00772-D000""]"
Optical_B-T0031,Optical_B,16,16,8.285001972264471,0.9365362996038328,-0.3505686762567855,-0.00116736966085574,-20.52211644621351,0.06688536989001913,"[""Optical_B-F00828-D000"", ""Optical_B-F00829-D000""]"
Optical_B-T0031,Optical_B,17,17,8.714999768986715,0.9357401406825153,-0.35268824874307486,-0.0011782673760636956,-20.651843831379924,0.06750976340720141,"[""Optical_B-F00871-D000"", ""Optical_B-F00872-D000""]"
Optical_B-T0031,Optical_B,18,18,9.28338467881364,0.93469976279677,-0.35543625337935636,-0.0011929842026552951,-20.82019920931401,0.06835297605138939,"[""Optical_B-F00928-D000"", ""Optical_B-F00929-D000""]"
Optical_B-T0031,Optical_B,19,19,9.72,0.9338003109379043,-0.35779257735632203,-0.0012045252150741015,-20.964708307339862,0.06901422782941255,"[""Optical_B-F00972-D000""]"
Optical_B-T0031,Optical_B,20,20,10.28,0.9326688343618633,-0.36073169787355946,-0.0012196554194762073,-21.145155372161593,0.06988112532163882,"[""Optical_B-F01028-D000""]"
Optical_B-T0031,Optical_B,21,21,10.72,0.9317529791724289,-0.36309071657957936,-0.001231802350483566,-21.2901462227009,0.07057709372521694,"[""Optical_B-F01072-D000""]"
Optical_B-T0031,Optical_B,22,22,11.27819967754708,0.9305163277106048,-0.3662482866347898,-0.0012475580353219216,-21.484442151591963,0.07147982866346723,"[""Optical_B-F01127-D000"", ""Optical_B-F01128-D000""]"
Optical_B-T0031,Optical_B,23,23,11.725003203021508,0.9295673926054543,-0.3686500696884705,-0.0012604457081093307,-21.632405702422496,0.0722182385025191,"[""Optical_B-F01172-D000"", ""Optical_B-F01173-D000""]"
Optical_B-T0032,Optical_B,0,0,0.29,0.9436026333536112,-0.33106262773662914,-0.0034068818952953284,-19.333402017506117,0.19520033151116917,"[""Optical_B-F00029-D003""]"
Optical_B-T0032,Optical_B,1,1,0.71,0.9429407933594742,-0.3329427019006354,-0.003437654681625045,-19.44760270952534,0.1969634926168207,"[""Optical_B-F00071-D002""]"
Optical_B-T0032,Optical_B,2,2,1.29,0.9420005347934718,-0.3355933174611579,-0.0034810521725244965,-19.608744977088083,0.19945000056523343,"[""Optical_B-F00129-D002""]"
Optical_B-T0032,Optical_B,3,3,1.7146722051003715,0.941277880533901,-0.3376145832375277,-0.0035135171776492307,-19.731734910595062,0.20131011971642654,"[""Optical_B-F00171-D001"", ""Optical_B-F00172-D003""]"
Optical_B-T0032,Optical_B,4,4,2.2849989785635723,0.9403125877387213,-0.3402933699918797,-0.003558044361611953,-19.89488000696116,0.2038613553788034,"[""Optical_B-F00228-D003"", ""Optical_B-F00229-D001""]"
Optical_B-T0032,Optical_B,5,5,2.715002787652602,0.9395522545686005,-0.34238670525968373,-0.0035923524992033194,-20.022486654609082,0.20582707942886486,"[""Optical_B-F00271-D001"", ""Optical_B-F00272-D002""]"
Optical_B-T0032,Optical_B,6,6,3.2850003043097926,0.9385140665311635,-0.34522182117057926,-0.0036388337152825807,-20.195476672511383,0.20849027434446457,"[""Optical_B-F00328-D002"", ""Optical_B-F00329-D001""]"
Optical_B-T0032,Optical_B,7,7,3.7150014902285093,0.9377070694215859,-0.34740746779606596,-0.0036746804359818765,-20.32896932871069,0.2105441538821818,"[""Optical_B-F00371-D001"", ""Optical_B-F00372-D002""]"
Optical_B-T0032,Optical_B,8,8,4.28500164392456,0.9366043757158738,-0.35036892080172694,-0.0037232682029903954,-20.510030176852734,0.21332804691325827,"[""Optical_B-F00428-D001"", ""Optical_B-F00429-D001""]"
Optical_B-T0032,Optical_B,9,9,4.715000252584822,0.9357466345581672,-0.3526529351006248,-0.0037607549745181067,-20.649819286111036,0.21547589574733422,"[""Optical_B-F00471-D001"", ""Optical_B-F00472-D001""]"
Optical_B-T0032,Optical_B,10,10,5.282735158931176,0.9346260637541359,-0.35561157769289575,-0.0038113989845644223,-20.831089556944733,0.2183776045780878,"[""Optical_B-F00528-D001"", ""Optical_B-F00529-D001""]"
Optical_B-T0033,Optical_B,0,0,0.29499975529911815,0.9502558541934703,-0.3114687875145077,-0.0010029831906254998,-18.147778202431855,0.05746671338042472,"[""Optical_B-F00029-D005"", ""Optical_B-F00030-D001""]"
Optical_B-T0033,Optical_B,1,1,0.7050016937886274,0.9489513777557684,-0.31542076452049933,-0.0010119114253081352,-18.386226576144193,0.05797826380584289,"[""Optical_B-F00070-D001"", ""Optical_B-F00071-D004""]"
Optical_B-T0033,Optical_B,2,2,1.2950021765769115,0.9470031198903252,-0.3212227268981969,-0.0010250083302194664,-18.736896555972823,0.058728661571130776,"[""Optical_B-F00129-D004"", ""Optical_B-F00130-D001""]"
Optical_B-T0033,Optical_B,3,3,1.7049993244586958,0.9455977934078128,-0.3253363541796836,-0.0010342878453207774,-18.9859646884915,0.05926033890420135,"[""Optical_B-F00170-D001"", ""Optical_B-F00171-D003""]"
Optical_B-T0033,Optical_B,4,4,2.29,0.9435159322963689,-0.33132550104320035,-0.0010477888080641924,-19.34925880701511,0.06003388750793921,"[""Optical_B-F00229-D003""]"
Optical_B-T0033,Optical_B,5,5,2.71,0.941963377876805,-0.3357139795539028,-0.0010576724452574092,-19.615971934626277,0.060600178519145134,"[""Optical_B-F00271-D003""]"
Optical_B-T0033,Optical_B,6,6,3.2849999642419037,0.939755467289617,-0.34184574539795975,-0.0010714721587791595,-19.98937877634179,0.06139084431047381,"[""Optical_B-F00328-D004"", ""Optical_B-F00329-D003""]"
Optical_B-T0033,Optical_B,7,7,3.715001457378314,0.9380394677710723,-0.3465267467065759,-0.0010819984843400217,-20.27503434164179,0.06199395868850781,"[""Optical_B-F00371-D002"", ""Optical_B-F00372-D004""]"
Optical_B-T0033,Optical_B,8,8,4.28,0.9356961017883395,-0.35280533392954944,-0.0010961062743617632,-20.659011159349223,0.06280227599436355,"[""Optical_B-F00428-D003""]"
Optical_B-T0033,Optical_B,9,9,4.72,0.9337984511026828,-0.35779774534859426,-0.001107312825318208,-20.965022936535018,0.06344436445674154,"[""Optical_B-F00472-D003""]"
Optical_B-T0033,Optical_B,10,10,5.28,0.9312865621826156,-0.36428571275433824,-0.0011218650315999858,-21.363644965462946,0.06427814497720498,"[""Optical_B-F00528-D003""]"
Optical_B-T0033,Optical_B,11,11,5.725003061237882,0.9292096833160288,-0.36955118622006666,-0.0011336644419980327,-21.687955086191938,0.06495420182368249,"[""Optical_B-F00572-D002"", ""Optical_B-F00573-D003""]"
Optical_B-T0033,Optical_B,12,12,6.275001212307561,0.926539160274674,-0.3761965780425391,-0.001148541068425873,-22.098303330378275,0.06580657028633964,"[""Optical_B-F00627-D003"", ""Optical_B-F00628-D003""]"
Optical_B-T0033,Optical_B,13,13,6.724999952966609,0.9242649926262183,-0.3817497551747562,-0.001160960667101055,-22.442124656577153,0.06651816134811396,"[""Optical_B-F00672-D002"", ""Optical_B-F00673-D002""]"
Optical_B-T0033,Optical_B,14,14,7.2700000000000005,0.9213978405034249,-0.38861888246935894,-0.001176309437214458,-22.868606215979703,0.06739758169685296,"[""Optical_B-F00727-D003""]"
Optical_B-T0033,Optical_B,15,15,7.73,0.9188772120481378,-0.39454182819955713,-0.0011895291475560253,-23.23741953138449,0.068155015835754,"[""Optical_B-F00773-D002""]"
Optical_B-T0033,Optical_B,16,16,8.265000386475734,0.9158237937212742,-0.40157854313117164,-0.0012052180793219948,-23.67691623142579,0.06905392605540764,"[""Optical_B-F00826-D003"", ""Optical_B-F00827-D002""]"
Optical_B-T0033,Optical_B,17,17,8.735000746397706,0.9130281876522415,-0.4078946455824594,-0.001219285701957119,-24.072667198504504,0.0698599420524321,"[""Optical_B-F00873-D002"", ""Optical_B-F00874-D003""]"
Optical_B-T0033,Optical_B,18,18,9.26,0.9097739448546708,-0.4151022081944527,-0.00123532006372429,-24.52577313101345,0.07077864400079469,"[""Optical_B-F00926-D003""]"
Optical_B-T0033,Optical_B,19,19,9.74,0.9066713809064952,-0.4218358019877163,-0.00125028256374567,-24.950564539219865,0.0716359327650573,"[""Optical_B-F00974-D002""]"
Optical_B-T0033,Optical_B,20,20,10.25500029994113,0.9032005410624264,-0.42921693604113187,-0.001266664913576086,-25.417897041804867,0.0725745730121464,"[""Optical_B-F01025-D005"", ""Optical_B-F01026-D002""]"
Optical_B-T0033,Optical_B,21,21,10.745000760915339,0.8997549899803701,-0.436393529988024,-0.0012825716416035022,-25.874022407652742,0.0734859621343347,"[""Optical_B-F01074-D001"", ""Optical_B-F01075-D004""]"
Optical_B-T0033,Optical_B,22,22,11.25,0.8960504852861084,-0.44395026707266766,-0.0012993015957846652,-26.35622066014436,0.07444451869909965,"[""Optical_B-F01125-D004""]"
Optical_B-T0033,Optical_B,23,23,11.76,0.8917340389092671,-0.4525579194678281,-0.0013165779568985827,-26.907941425823257,0.07543438212296663,"[""Optical_B-F01176-D005""]"
Optical_B-T0034,Optical_B,0,0,0.29500216562902715,0.9470090644379834,-0.321205126141918,0.0010482425529681828,-18.73583214277611,-0.06005988519019055,"[""Optical_B-F00029-D006"", ""Optical_B-F00030-D002""]"
Optical_B-T0034,Optical_B,1,1,0.7049998976384533,0.9463516310031348,-0.3231369217516449,0.0010584415797976908,-18.852750060724826,-0.06064424670684784,"[""Optical_B-F00070-D002"", ""Optical_B-F00071-D005""]"
Optical_B-T0034,Optical_B,2,2,1.2935080029355146,0.9454190589017933,-0.3258552605253871,0.0010734305657779638,-19.017410111451607,-0.06150305283060264,"[""Optical_B-F00129-D005"", ""Optical_B-F00130-D002""]"
Optical_B-T0034,Optical_B,3,3,1.71,0.9446669644527925,-0.32802919169174355,0.0010842829925544902,-19.149210721204565,-0.06212485144424116,"[""Optical_B-F00171-D004""]"
Optical_B-T0034,Optical_B,4,4,2.29,0.9436446866863376,-0.3309584502761638,0.00109976335819437,-19.326971991072174,-0.06301181158959107,"[""Optical_B-F00229-D004""]"
Optical_B-T0034,Optical_B,5,5,2.71,0.942880132492433,-0.3331303361756806,0.0011112472858485268,-19.45889719122134,-0.0636697925784847,"[""Optical_B-F00271-D004""]"
Optical_B-T0034,Optical_B,6,6,3.29,0.9417891670409775,-0.33620216180540147,0.0011274935195512603,-19.64567036875408,-0.06460063378581235,"[""Optical_B-F00329-D004""]"
Optical_B-T0034,Optical_B,7,7,3.72,0.9409526890802139,-0.33853616893265087,0.0011398408301425411,-19.787728037869755,-0.06530808302564188,"[""Optical_B-F00372-D005""]"
Optical_B-T0034,Optical_B,8,8,4.285000077581627,0.9398164740260079,-0.3416777103166645,0.0011564696639047138,-19.97913618156904,-0.06626084564644487,"[""Optical_B-F00428-D004"", ""Optical_B-F00429-D002""]"
Optical_B-T0034,Optical_B,9,9,4.71500223418612,0.93892192460276,-0.344128249198502,0.0011694459469351736,-20.12860430595284,-0.06700433240063491,"[""Optical_B-F00471-D002"", ""Optical_B-F00472-D004""]"
Optical_B-T0034,Optical_B,10,10,5.2850014202264495,0.937694495564792,-0.3474588087972195,0.001187087489484502,-20.3319780139192,-0.0680151190344691,"[""Optical_B-F00528-D004"", ""Optical_B-F00529-D002""]"
Optical_B-T0034,Optical_B,11,11,5.715000744867368,0.9367356387854472,-0.35003557140441915,0.00120074177158985,-20.489506269827274,-0.06879745232897432,"[""Optical_B-F00571-D001"", ""Optical_B-F00572-D003""]"
Optical_B-T0034,Optical_B,12,12,6.29,0.935406977184136,-0.35357078483501087,0.0012194861178766966,-20.70589258995627,-0.06987142504730816,"[""Optical_B-F00629-D001""]"
Optical_B-T0034,Optical_B,13,13,6.718829856866322,0.9344123846030544,-0.3561909223067121,0.0012338422618871326,-20.866467543614796,-0.07069397212804082,"[""Optical_B-F00671-D001"", ""Optical_B-F00672-D003""]"
Optical_B-T0034,Optical_B,14,14,7.28,0.932985836725257,-0.3599109030825551,0.001253121052295148,-21.094741733613585,-0.07179856630654236,"[""Optical_B-F00728-D003""]"
Optical_B-T0034,Optical_B,15,15,7.72,0.9318519026103653,-0.3628366328247277,0.0012686535602870837,-21.27452384618608,-0.07268851416717863,"[""Optical_B-F00772-D002""]"
Optical_B-T0034,Optical_B,16,16,8.276446247630616,0.9303075330810586,-0.3667781792558824,0.001288842261353644,-21.517074696860497,-0.07384524247790274,"[""Optical_B-F00827-D003"", ""Optical_B-F00828-D002""]"
Optical_B-T0034,Optical_B,17,17,8.725003138458984,0.929116610328612,-0.3697845587784389,0.0013055652053475687,-21.70235051627471,-0.07480339739596138,"[""Optical_B-F00872-D002"", ""Optical_B-F00873-D003""]"
Optical_B-T0034,Optical_B,18,18,9.275000861241232,0.9275279944845284,-0.37375133368113633,0.0013266571073539664,-21.94717896118429,-0.07601187540948608,"[""Optical_B-F00927-D002"", ""Optical_B-F00928-D002""]"
Optical_B-T0034,Optical_B,19,19,9.725001529478057,0.9261763908395665,-0.3770881669050473,0.001344407522186875,-22.15345431512201,-0.07702890017103826,"[""Optical_B-F00972-D002"", ""Optical_B-F00973-D002""]"
Optical_B-T0034,Optical_B,20,20,10.275002848718088,0.9244574755970109,-0.3812827138112697,0.0013667338861395254,-22.413181628063118,-0.07830810777274326,"[""Optical_B-F01027-D002"", ""Optical_B-F01028-D001""]"
Optical_B-T0034,Optical_B,21,21,10.726653456767608,0.9230539079014619,-0.38466812083059654,0.0013856134009437244,-22.62316126757605,-0.07938982531460266,"[""Optical_B-F01072-D001"", ""Optical_B-F01073-D002""]"
Optical_B-T0034,Optical_B,22,22,11.27,0.9211462582935556,-0.38921406138660875,0.0014089892559684273,-22.905628875113926,-0.08072916445755596,"[""Optical_B-F01127-D003""]"
Optical_B-T0034,Optical_B,23,23,11.73,0.9195209011160715,-0.3930385086600627,0.0014293778233198254,-23.143721916248467,-0.08189734449353527,"[""Optical_B-F01173-D002""]"
Optical_B-T0035,Optical_B,0,0,0.3,0.9524408789445209,-0.30467605899940675,0.005373191600780586,-17.738940489620052,-0.3078626826455522,"[""Optical_B-F00030-D003""]"
Optical_B-T0035,Optical_B,1,1,0.7000000000000001,0.9518948368910854,-0.30637690442387444,0.005423277213822896,-17.84129216095421,-0.3107324187012021,"[""Optical_B-F00070-D003""]"
Optical_B-T0035,Optical_B,2,2,1.294998386320058,0.9510576164406489,-0.3089646674430109,0.005499498346325201,-17.997129103809858,-0.3150996330347538,"[""Optical_B-F00129-D006"", ""Optical_B-F00130-D003""]"
Optical_B-T0035,Optical_B,3,3,1.7050037527567379,0.9504626851957669,-0.3107890690039324,0.005553254732262133,-18.107078760499796,-0.31817969410536906,"[""Optical_B-F00170-D002"", ""Optical_B-F00171-D005""]"
Optical_B-T0035,Optical_B,4,4,2.2949995067884337,0.9495794954017696,-0.3134757686054006,0.005632442611696042,-18.26912186430008,-0.3227168963490072,"[""Optical_B-F00229-D005"", ""Optical_B-F00230-D001""]"
Optical_B-T0035,Optical_B,5,5,2.705002671740611,0.9489461341771164,-0.31538686108085895,0.005688786150786362,-18.384477949539434,-0.32594519506402414,"[""Optical_B-F00270-D001"", ""Optical_B-F00271-D005""]"
Optical_B-T0035,Optical_B,6,6,3.2950006711241144,0.9480051504372121,-0.31820264094831047,0.005771831428544684,-18.55458334249715,-0.33070341711161,"[""Optical_B-F00329-D005"", ""Optical_B-F00330-D000""]"
Optical_B-T0035,Optical_B,7,7,3.705001545324424,0.947329794418687,-0.32020659052168543,0.005830951305404573,-18.6757482937288,-0.3340907935449986,"[""Optical_B-F00370-D000"", ""Optical_B-F00371-D003""]"
Optical_B-T0035,Optical_B,8,8,4.295001958134242,0.9463255772706742,-0.3231607610283305,0.005918136101458798,-18.854525073727785,-0.33908620059534783,"[""Optical_B-F00429-D003"", ""Optical_B-F00430-D001""]"
Optical_B-T0035,Optical_B,9,9,4.705000345009734,0.945604237749944,-0.3252642960702147,0.005980238397863169,-18.981940470048368,-0.3426444630470049,"[""Optical_B-F00470-D001"", ""Optical_B-F00471-D003""]"
Optical_B-T0035,Optical_B,10,10,5.29,0.944539903443801,-0.32834054384445693,0.006071084771380841,-19.1684512286959,-0.34784967133319095,"[""Optical_B-F00529-D003""]"
Optical_B-T0035,Optical_B,11,11,5.71,0.943749239897724,-0.3306050473362622,0.006137985683929256,-19.305881601401396,-0.35168288269215137,"[""Optical_B-F00571-D002""]"
Optical_B-T0035,Optical_B,12,12,6.29,0.942618990118242,-0.33381221066900424,0.006232774401354271,-19.500719389089156,-0.35711398004306666,"[""Optical_B-F00629-D002""]"
Optical_B-T0035,Optical_B,13,13,6.71,0.9417714284226352,-0.33619465503623674,0.00630321599305821,-19.645606996486713,-0.36115006523588034,"[""Optical_B-F00671-D002""]"
Optical_B-T0035,Optical_B,14,14,7.284998761330493,0.9405692829038201,-0.33954150822903006,0.006402206443792622,-19.849366638455873,-0.36682191472777503,"[""Optical_B-F00728-D004"", ""Optical_B-F00729-D001""]"
Optical_B-T0035,Optical_B,15,15,7.715003768142454,0.9396372712614599,-0.3421108459689536,0.006478234846358755,-20.005968240246975,-0.3711781116596967,"[""Optical_B-F00771-D002"", ""Optical_B-F00772-D003""]"
Optical_B-T0035,Optical_B,16,16,8.285000158197683,0.9383558765914684,-0.3456080572777878,0.0065817635121888695,-20.219375340707597,-0.37710999374474397,"[""Optical_B-F00828-D003"", ""Optical_B-F00829-D002""]"
Optical_B-T0035,Optical_B,17,17,8.71500215808081,0.9373528077055813,-0.3483178597306453,0.006662017646800564,-20.38493484604288,-0.38170831776576297,"[""Optical_B-F00871-D001"", ""Optical_B-F00872-D003""]"
Optical_B-T0035,Optical_B,18,18,9.285001756997763,0.935972228023959,-0.3520087169776508,0.00677137649332586,-20.610720550964423,-0.38797425946970665,"[""Optical_B-F00928-D003"", ""Optical_B-F00929-D002""]"
Optical_B-T0035,Optical_B,19,19,9.715214208634542,0.934903210651051,-0.3548365517543561,0.006856256517563847,-20.78393848218787,-0.3928376395250185,"[""Optical_B-F00971-D001"", ""Optical_B-F00972-D003""]"
Optical_B-T0035,Optical_B,20,20,10.28,0.9334129593812731,-0.3587361906343863,0.006970852761554313,-21.023136456439282,-0.3994036775784331,"[""Optical_B-F01028-D002""]"
Optical_B-T0035,Optical_B,21,21,10.72,0.9322162353074841,-0.36183284595846626,0.0070627342253903585,-21.213354778035114,-0.40466822727625107,"[""Optical_B-F01072-D003""]"
Optical_B-T0035,Optical_B,22,22,11.27876594500226,0.9305953922641143,-0.36597899152867014,0.007182872437754818,-21.468425220523898,-0.41155181442641803,"[""Optical_B-F01127-D004"", ""Optical_B-F01128-D001""]"
Optical_B-T0035,Optical_B,23,23,11.72500443025221,0.9293193582768322,-0.36920523815446993,0.007281651683379581,-21.667214091815026,-0.4172115963276253,"[""Optical_B-F01172-D002"", ""Optical_B-F01173-D003""]"
Optical_B-T0036,Optical_B,0,0,0.3050022421595586,0.9560769421786959,-0.2930839491208752,0.004321967369938748,-17.04284212060968,-0.24763126042880174,"[""Optical_B-F00030-D004"", ""Optical_B-F00031-D002""]"
Optical_B-T0036,Optical_B,1,1,0.7000000000000001,0.9547338971261936,-0.29742918803203966,0.004366209435249458,-17.30342958188363,-0.25016616796661906,"[""Optical_B-F00070-D005""]"
Optical_B-T0036,Optical_B,2,2,1.3,0.9526011763864043,-0.30418962776699154,0.004434986608530731,-17.709596557228497,-0.25410684787958876,"[""Optical_B-F00130-D005""]"
Optical_B-T0036,Optical_B,3,3,1.71,0.9510760746341762,-0.3089242657590231,0.004483110939463497,-17.994600734470094,-0.2568641963466691,"[""Optical_B-F00171-D007""]"
Optical_B-T0036,Optical_B,4,4,2.2950004586212867,0.9487996995075386,-0.31584552666665977,0.004553405216411156,-18.412062733598514,-0.2608918028518337,"[""Optical_B-F00229-D007"", ""Optical_B-F00230-D003""]"
Optical_B-T0036,Optical_B,5,5,2.7050013626219487,0.9471300936937381,-0.32081675485057715,0.004603849132602116,-18.71253161683793,-0.2637820566475425,"[""Optical_B-F00270-D003"", ""Optical_B-F00271-D007""]"
Optical_B-T0036,Optical_B,6,6,3.29,0.9446357769659974,-0.3280874415586725,0.004677559976207548,-19.152949722501834,-0.26800542236917885,"[""Optical_B-F00329-D007""]"
Optical_B-T0036,Optical_B,7,7,3.71,0.9427594794189836,-0.33343991106434623,0.004731772928605113,-19.477924497354596,-0.27111163011329836,"[""Optical_B-F00371-D005""]"
Optical_B-T0036,Optical_B,8,8,4.284999396378447,0.9400677915908314,-0.34095370983158757,0.0048078025765210695,-19.935230045441948,-0.2754678576120735,"[""Optical_B-F00428-D005"", ""Optical_B-F00429-D005""]"
Optical_B-T0036,Optical_B,9,9,4.715002287314167,0.9379570568357768,-0.34671729253958866,0.004866064732906113,-20.28691173852687,-0.27880607232928245,"[""Optical_B-F00471-D005"", ""Optical_B-F00472-D005""]"
Optical_B-T0036,Optical_B,10,10,5.285002866826433,0.9350222049878572,-0.3545546800019507,0.004945206604379064,-20.766419880691014,-0.28334062211152383,"[""Optical_B-F00528-D005"", ""Optical_B-F00529-D005""]"
Optical_B-T0036,Optical_B,11,11,5.72,0.9326715805744106,-0.36069190675144,0.00500711422293158,-21.142972225838133,-0.2868877112919442,"[""Optical_B-F00572-D004""]"
Optical_B-T0036,Optical_B,12,12,6.274998979470024,0.9295247285680465,-0.36872468143844744,0.005088052536574186,-21.637280766494907,-0.29152519414333516,"[""Optical_B-F00627-D004"", ""Optical_B-F00628-D004""]"
Optical_B-T0036,Optical_B,13,13,6.725002588080759,0.9268447691624009,-0.3754093718209326,0.0051553297963064315,-22.049925164132905,-0.2953799477426661,"[""Optical_B-F00672-D005"", ""Optical_B-F00673-D003""]"
Optical_B-T0036,Optical_B,14,14,7.274850620752199,0.9234165261274293,-0.38376355455829375,0.00523960566591216,-22.567328503125868,-0.30020866460842277,"[""Optical_B-F00727-D004"", ""Optical_B-F00728-D006""]"
Optical_B-T0036,Optical_B,15,15,7.73,0.9204104228700101,-0.3909174405688414,0.005311132775200626,-23.011940502465617,-0.3043069231189777,"[""Optical_B-F00773-D003""]"
Optical_B-T0036,Optical_B,16,16,8.264999694768733,0.9167117427572485,-0.3995127653725383,0.005397313716602669,-23.548086328411458,-0.3092447981165904,"[""Optical_B-F00826-D004"", ""Optical_B-F00827-D004""]"
Optical_B-T0036,Optical_B,17,17,8.73500181060332,0.9132930071118778,-0.40726638462430587,0.005474953478394503,-24.03361157741466,-0.3136932945212452,"[""Optical_B-F00873-D004"", ""Optical_B-F00874-D004""]"
Optical_B-T0036,Optical_B,18,18,9.26,0.909275093072644,-0.4161584415759769,0.005563867610660343,-24.592696166948198,-0.31878777664029356,"[""Optical_B-F00926-D004""]"
Optical_B-T0036,Optical_B,19,19,9.744200579281545,0.9053119239841351,-0.42470980735211356,0.005647993544104703,-25.13272527255275,-0.32360791331618094,"[""Optical_B-F00974-D003"", ""Optical_B-F00975-D005""]"
Optical_B-T0036,Optical_B,20,20,10.255001135929804,0.901036250039224,-0.43370582282053677,0.005738934292539198,-25.70342609107473,-0.3288185188419921,"[""Optical_B-F01025-D006"", ""Optical_B-F01026-D003""]"
Optical_B-T0036,Optical_B,21,21,10.74819197228502,0.8967030888687098,-0.44259416276633845,0.005829022085975025,-26.269996879760104,-0.3339802555353908,"[""Optical_B-F01074-D002"", ""Optical_B-F01075-D005""]"
Optical_B-T0036,Optical_B,22,22,11.247573339581702,0.8918212254520653,-0.452349229921079,0.005922501412693814,-26.89501797967094,-0.3393363188887588,"[""Optical_B-F01124-D006"", ""Optical_B-F01125-D005""]"
Optical_B-T0037,Optical_B,0,0,0.3149990793912286,0.9685090430524637,-0.24897837926104793,-1.3643422039377671e-05,-14.417066178578176,0.0007817105009963627,"[""Optical_B-F00031-D000"", ""Optical_B-F00032-D000""]"
Optical_B-T0037,Optical_B,1,1,0.6850022461455401,0.9678412998142583,-0.25156155943455116,-1.3736953289962443e-05,-14.569936483713475,0.0007870694469079528,"[""Optical_B-F00068-D000"", ""Optical_B-F00069-D000""]"
Optical_B-T0037,Optical_B,2,2,1.3150009033242398,0.9666667792320978,-0.25603776622961816,-1.389928978724331e-05,-14.83508637136379,0.0007963706430639713,"[""Optical_B-F00131-D000"", ""Optical_B-F00132-D000""]"
Optical_B-T0037,Optical_B,3,3,1.6850005994053463,0.9659541195357925,-0.25871342979434797,-1.3995600942545992e-05,-14.993735314696686,0.0008018888657833809,"[""Optical_B-F00168-D000"", ""Optical_B-F00169-D000""]"
Optical_B-T0037,Optical_B,4,4,2.3150027002826805,0.9647000731018351,-0.2633510371286962,-1.4161708052245633e-05,-15.268994154197037,0.0008114061021172301,"[""Optical_B-F00231-D000"", ""Optical_B-F00232-D000""]"
Optical_B-T0037,Optical_B,5,5,2.6867553682263003,0.963963506236032,-0.26603450611094975,-1.4263183379745475e-05,-15.428432378251623,0.0008172202101082662,"[""Optical_B-F00268-D000"", ""Optical_B-F00269-D000""]"
Optical_B-T0037,Optical_B,6,6,3.31,0.9626096777773445,-0.27089224433537895,-1.4433928439099192e-05,-15.717367478927521,0.0008270031813829518,"[""Optical_B-F00331-D000""]"
Optical_B-T0037,Optical_B,7,7,3.69,0.9617739545975078,-0.27384459104838976,-1.4539993082111984e-05,-15.893171170850646,0.0008330802377837841,"[""Optical_B-F00369-D000""]"
Optical_B-T0037,Optical_B,8,8,4.304999116104051,0.9603751964778076,-0.2787103905017572,-1.4716339297881369e-05,-16.183251862051044,0.0008431841316815544,"[""Optical_B-F00430-D000"", ""Optical_B-F00431-D000""]"
Optical_B-T0037,Optical_B,9,9,4.695002326751208,0.9594575172755866,-0.28185328155523426,-1.4829473596882499e-05,-16.37084553175503,0.0008496662495331976,"[""Optical_B-F00469-D000"", ""Optical_B-F00470-D000""]"
Optical_B-T0037,Optical_B,10,10,5.305001116983211,0.9579723159733713,-0.28686066583508535,-1.5008892112826982e-05,-16.67010168025686,0.0008599461732644613,"[""Optical_B-F00530-D000"", ""Optical_B-F00531-D000""]"
Optical_B-T0037,Optical_B,11,11,5.695000272524599,0.9569896637877056,-0.2901220142882708,-1.5126487420847423e-05,-16.865260981829547,0.0008666838881053384,"[""Optical_B-F00569-D000"", ""Optical_B-F00570-D000""]"
Optical_B-T0037,Optical_B,12,12,6.305003235262493,0.9553985896561075,-0.29531937736730157,-1.531372672248092e-05,-17.17668962126086,0.0008774119098491572,"[""Optical_B-F00630-D000"", ""Optical_B-F00631-D000""]"
Optical_B-T0037,Optical_B,13,13,6.7,0.9543316910047795,-0.2987490975813641,-1.5436279314406347e-05,-17.382486517221604,0.0008844336561357032,"[""Optical_B-F00670-D000""]"
Optical_B-T0037,Optical_B,14,14,7.3,0.9526536469791533,-0.30405760745801363,-1.5627773965577515e-05,-17.701476306802622,0.0008954054914484643,"[""Optical_B-F00730-D000""]"
Optical_B-T0037,Optical_B,15,15,7.704427541067981,0.9514617802021375,-0.3077669257185867,-1.5757835881176055e-05,-17.924706484303613,0.0009028574902885652,"[""Optical_B-F00770-D000"", ""Optical_B-F00771-D001""]"
Optical_B-T0037,Optical_B,16,16,8.295000366510576,0.9497092681489878,-0.3131330479803581,-1.5951328801958374e-05,-18.24814433783601,0.0009139438180164446,"[""Optical_B-F00829-D001"", ""Optical_B-F00830-D000""]"
Optical_B-T0037,Optical_B,17,17,8.700000000000001,0.9484498615154596,-0.31692721551246233,-1.6087967648731257e-05,-18.477197311818287,0.0009217726472550701,"[""Optical_B-F00870-D000""]"
Optical_B-T0037,Optical_B,18,18,9.295002563477988,0.9465316745133279,-0.3226108939226762,-1.6291325485667038e-05,-18.82089438999215,0.000933424193043927,"[""Optical_B-F00929-D001"", ""Optical_B-F00930-D000""]"
Optical_B-T0037,Optical_B,19,19,9.708664364754926,0.9451763463033965,-0.3265603682604993,-1.6435600929516852e-05,-19.0601362599032,0.0009416905670650047,"[""Optical_B-F00970-D000"", ""Optical_B-F00971-D000""]"
Optical_B-T0037,Optical_B,20,20,10.290000000000001,0.9431332787852346,-0.3324148284461497,-1.6641211524217184e-05,-19.415411455039486,0.0009534711863661197,"[""Optical_B-F01029-D000""]"
Optical_B-T0037,Optical_B,21,21,10.72,0.9413981970818749,-0.3372972490976813,-1.6796790439255123e-05,-19.712293173261653,0.0009623852015802639,"[""Optical_B-F01072-D002""]"
Optical_B-T0037,Optical_B,22,22,11.290000000000001,0.939458702466791,-0.34266214566270947,-1.700710857191164e-05,-20.039149615361293,0.0009744355429382762,"[""Optical_B-F01129-D000""]"
Optical_B-T0037,Optical_B,23,23,11.715001035340675,0.9378125528553248,-0.3471420680532516,-1.7166541013477464e-05,-20.312610531139175,0.0009835703489587976,"[""Optical_B-F01171-D000"", ""Optical_B-F01172-D001""]"
Optical_B-T0038,Optical_B,0,0,0.3149975788111411,0.9686916044645028,-0.2481499133780444,-0.007628625725265667,-14.368487647281206,0.43709229711137687,"[""Optical_B-F00031-D001"", ""Optical_B-F00032-D001""]"
Optical_B-T0038,Optical_B,1,1,0.685004066178019,0.9679437462916127,-0.251049416354804,-0.007687298801941071,-14.540059012133774,0.44045411535373596,"[""Optical_B-F00068-D001"", ""Optical_B-F00069-D001""]"
Optical_B-T0038,Optical_B,2,2,1.3149995203771572,0.9666229541355585,-0.2560847396660498,-0.007789136564306345,-14.838331046156346,0.44628916403885505,"[""Optical_B-F00131-D001"", ""Optical_B-F00132-D001""]"
Optical_B-T0038,Optical_B,3,3,1.685002160165421,0.9658182265943721,-0.25910138729908133,-0.007850113234436936,-15.017221950275195,0.44978297670554035,"[""Optical_B-F00168-D001"", ""Optical_B-F00169-D001""]"
Optical_B-T0038,Optical_B,4,4,2.315001557664232,0.9643962582360545,-0.26434174755965767,-0.007955978720657206,-15.328340054178005,0.45584881169822605,"[""Optical_B-F00231-D001"", ""Optical_B-F00232-D001""]"
Optical_B-T0038,Optical_B,5,5,2.69,0.9635175638314775,-0.26752491445560156,-0.008020245244250305,-15.517549430055475,0.45953112975083077,"[""Optical_B-F00269-D001""]"
Optical_B-T0039,Optical_B,0,1,0.7032066950157122,0.9515428313530491,-0.3073978940926816,0.008530815201799912,-17.903158799560973,-0.4887856355382243,"[""Optical_B-F00070-D004"", ""Optical_B-F00071-D006""]"
Optical_B-T0039,Optical_B,1,2,1.2949980038137625,0.9507076520736611,-0.30996782119207866,0.008655062912660539,-18.057990954734088,-0.49590476782751886,"[""Optical_B-F00129-D007"", ""Optical_B-F00130-D004""]"
Optical_B-T0039,Optical_B,2,3,1.7050040596805633,0.9500813163588292,-0.3118798608225452,0.008743267077257373,-18.173275119570576,-0.5009586854284505,"[""Optical_B-F00170-D003"", ""Optical_B-F00171-D006""]"
Optical_B-T0039,Optical_B,3,4,2.294999236868298,0.9491502546749336,-0.314698360498134,0.008873328028149982,-18.34335293993111,-0.5084109180997729,"[""Optical_B-F00229-D006"", ""Optical_B-F00230-D002""]"
Optical_B-T0039,Optical_B,4,5,2.705002943365847,0.9484816429274359,-0.31670520124918616,0.008965965167487443,-18.46455496010741,-0.513718846365713,"[""Optical_B-F00270-D002"", ""Optical_B-F00271-D006""]"
Optical_B-T0039,Optical_B,5,6,3.295000473426147,0.9474868695597389,-0.31966509653816183,0.009102640668178844,-18.643473419402774,-0.5215500953186882,"[""Optical_B-F00329-D006"", ""Optical_B-F00330-D001""]"
Optical_B-T0039,Optical_B,6,7,3.7050017855149098,0.9467718781133099,-0.32177378695224623,0.009200045880667968,-18.771054081422072,-0.5271312366061436,"[""Optical_B-F00370-D001"", ""Optical_B-F00371-D004""]"
Optical_B-T0039,Optical_B,7,8,4.295001849198931,0.9457071320673408,-0.32488569209592827,0.009343844407674894,-18.95950908805605,-0.5353706394850277,"[""Optical_B-F00429-D004"", ""Optical_B-F00430-D003""]"
Optical_B-T0039,Optical_B,8,9,4.71,0.944931606076713,-0.32713147466508824,0.009447651598597968,-19.095645114278838,-0.5413186159604157,"[""Optical_B-F00471-D004""]"
Optical_B-T0039,Optical_B,9,10,5.29,0.9438091682836397,-0.33035157022761497,0.009596557293808849,-19.29103922903151,-0.549850670660832,"[""Optical_B-F00529-D004""]"
Optical_B-T0039,Optical_B,10,11,5.71,0.9429668909237917,-0.33274496441360946,0.009707279686080891,-19.4364212040544,-0.5561948919580753,"[""Optical_B-F00571-D003""]"
Optical_B-T0039,Optical_B,11,12,6.29,0.9417608626183092,-0.33613862096206576,0.009864336680131518,-19.642786755220794,-0.56519402576747,"[""Optical_B-F00629-D003""]"
Optical_B-T0039,Optical_B,12,13,6.715005213952873,0.9408439066747712,-0.338693210523227,0.009982605793252388,-19.798305114079128,-0.5719706804747066,"[""Optical_B-F00671-D003"", ""Optical_B-F00672-D004""]"
Optical_B-T0039,Optical_B,13,14,7.284998865431179,0.9395677642339401,-0.3422126280315545,0.010145621132897133,-20.012810844886495,-0.5813112444905238,"[""Optical_B-F00728-D005"", ""Optical_B-F00729-D003""]"
Optical_B-T0039,Optical_B,14,15,7.715003495097898,0.9385680213595918,-0.3449413774768223,0.010272068220820817,-20.17932823091088,-0.5885565065273879,"[""Optical_B-F00771-D004"", ""Optical_B-F00772-D004""]"
Optical_B-T0039,Optical_B,15,16,8.28500047760816,0.9371909600231265,-0.3486603180131289,0.010444476718066264,-20.406558710994602,-0.5984353157657345,"[""Optical_B-F00828-D004"", ""Optical_B-F00829-D004""]"
Optical_B-T0039,Optical_B,16,17,8.715001961160258,0.9361109542018812,-0.3515457023740014,0.010578306367922225,-20.5830902520021,-0.6061036135262478,"[""Optical_B-F00871-D003"", ""Optical_B-F00872-D004""]"
Optical_B-T0039,Optical_B,17,18,9.28347646686485,0.9346834659034412,-0.35531821077884806,0.010760467259781593,-20.8142090495025,-0.6165412579423529,"[""Optical_B-F00928-D004"", ""Optical_B-F00929-D004""]"
Optical_B-T0039,Optical_B,18,19,9.72,0.933438180558818,-0.3585725257134743,0.01090444306250175,-21.01386438006502,-0.6247909478294593,"[""Optical_B-F00972-D005""]"
Optical_B-T0039,Optical_B,19,20,10.28,0.9318517123955365,-0.362669674006461,0.011094758291813155,-21.265613116402456,-0.6356958669821963,"[""Optical_B-F01028-D004""]"
Optical_B-T0039,Optical_B,20,21,10.722234805862831,0.9304845065128903,-0.3661584730044838,0.011249701617727297,-21.480321255918643,-0.6445740197268127,"[""Optical_B-F01072-D005"", ""Optical_B-F01073-D003""]"
Optical_B-T0039,Optical_B,21,22,11.274998590879513,0.9288438815487747,-0.37029442183836,0.011449229878060518,-21.735273319395333,-0.6560068833158912,"[""Optical_B-F01127-D005"", ""Optical_B-F01128-D003""]"
Optical_B-T0039,Optical_B,22,23,11.72500388493916,0.9273977463202966,-0.3738963353895324,0.011616819802052905,-21.957674751123694,-0.665609717321708,"[""Optical_B-F01172-D004"", ""Optical_B-F01173-D004""]"
Optical_B-T0040,Optical_B,0,1,0.7530149366455615,0.8918047464463618,-0.4523743171822955,-0.0064630774088246966,-26.896727041940025,0.3703096362792958,"[""Optical_B-F00075-D001"", ""Optical_B-F00076-D002""]"
Optical_B-T0040,Optical_B,1,2,1.244999149219435,0.8892076899094212,-0.45745730227400283,-0.0065192639264109965,-27.223779568986405,0.37352895442712897,"[""Optical_B-F00124-D002"", ""Optical_B-F00125-D001""]"
Optical_B-T0040,Optical_B,2,3,1.7550013378509697,0.8863768535755155,-0.4629177022252971,-0.006578328968688749,-27.576189805718137,0.37691320463739686,"[""Optical_B-F00175-D001"", ""Optical_B-F00176-D002""]"
Optical_B-T0040,Optical_B,3,4,2.2450020241169977,0.8835759442099861,-0.4682408742207987,-0.0066358512923122845,-27.920836858975516,0.3802090629481568,"[""Optical_B-F00224-D002"", ""Optical_B-F00225-D001""]"
Optical_B-T0040,Optical_B,4,5,2.7600000000000002,0.8805437115775882,-0.47391763038969364,-0.006697134236597912,-28.289591975425306,0.3837203950388063,"[""Optical_B-F00276-D002""]"
Optical_B-T0040,Optical_B,5,6,3.24,0.8776329494749129,-0.4792856931603207,-0.006755022412698717,-28.63947378749674,0.38703721824116005,"[""Optical_B-F00324-D003""]"
Optical_B-T0040,Optical_B,6,7,3.765002765996991,0.8743529702011201,-0.48524260126844754,-0.006819194579238773,-29.029107528094794,0.3907140972351468,"[""Optical_B-F00376-D002"", ""Optical_B-F00377-D002""]"
Optical_B-T0040,Optical_B,7,8,4.235000760992307,0.8713279852166966,-0.4906528746610314,-0.006877409765195222,-29.384265192359088,0.3940496599130904,"[""Optical_B-F00423-D002"", ""Optical_B-F00424-D001""]"
Optical_B-T0040,Optical_B,8,9,4.7700000000000005,0.8677797135042093,-0.4969005351957496,-0.006944562817781229,-29.79594317098076,0.39789733829539986,"[""Optical_B-F00477-D002""]"
Optical_B-T0040,Optical_B,9,10,5.23,0.8646361097055816,-0.5023498331900662,-0.0070030626950137575,-30.15640215743568,0.4012492158720412,"[""Optical_B-F00523-D002""]"
Optical_B-T0040,Optical_B,10,11,5.7700000000000005,0.8608327945981397,-0.5088387539357847,-0.007072640061192504,-30.587357713392123,0.40523580403629733,"[""Optical_B-F00577-D003""]"
Optical_B-T0040,Optical_B,11,12,6.224999937414331,0.8575304534690296,-0.5143837629402203,-0.007132026125857364,-30.957147832270717,0.4086384607254032,"[""Optical_B-F00622-D002"", ""Optical_B-F00623-D002""]"
Optical_B-T0040,Optical_B,12,13,6.775000274465304,0.8534147954995172,-0.5211825769197923,-0.007204744114959105,-31.412518057407066,0.41280500164830985,"[""Optical_B-F00677-D003"", ""Optical_B-F00678-D002""]"
Optical_B-T0040,Optical_B,13,14,7.22,0.8499827318905634,-0.5267604626564215,-0.0072643285889066635,-31.78776940743354,0.4162190298742722,"[""Optical_B-F00722-D002""]"
Optical_B-T0040,Optical_B,14,15,7.782079325133581,0.8454446168382126,-0.534012655132996,-0.007340573349261844,-32.27795190667356,0.42058764933526405,"[""Optical_B-F00778-D001"", ""Optical_B-F00779-D001""]"
Optical_B-T0040,Optical_B,15,16,8.214999466581222,0.8419624214161535,-0.5394854225234227,-0.007399987011595698,-32.64962137904639,0.42399189389520103,"[""Optical_B-F00821-D000"", ""Optical_B-F00822-D003""]"
Optical_B-T0040,Optical_B,16,17,8.785000488479735,0.8371426633319332,-0.5469334717980946,-0.007479214958837864,-33.15793660025787,0.42853144652140224,"[""Optical_B-F00878-D002"", ""Optical_B-F00879-D001""]"
Optical_B-T0040,Optical_B,17,18,9.21,0.8334374075125358,-0.5525624409618016,-0.007539005048351309,-33.544064872413884,0.43195726289440056,"[""Optical_B-F00921-D002""]"
Optical_B-T0040,Optical_B,18,19,9.79287315375483,0.8281124678933142,-0.5605101651585214,-0.007622025558331476,-34.092212906950685,0.4367141244072677,"[""Optical_B-F00979-D001"", ""Optical_B-F00980-D001""]"
Optical_B-T0040,Optical_B,19,20,10.204999709654379,0.8243732988677689,-0.5659943999242412,-0.007681365000465807,-34.472533285469865,0.440114123534505,"[""Optical_B-F01020-D001"", ""Optical_B-F01021-D003""]"
Optical_B-T0040,Optical_B,20,21,10.794999989291021,0.8187293782340203,-0.5741270535162393,-0.007767344288483575,-35.039734132738054,0.445040520835533,"[""Optical_B-F01079-D003"", ""Optical_B-F01080-D001""]"
Optical_B-T0040,Optical_B,21,22,11.200000000000001,0.8147338743862471,-0.5797822449244796,-0.00782702995431266,-35.43647729790722,0.44846036154359054,"[""Optical_B-F01120-D000""]"
Optical_B-T0040,Optical_B,22,23,11.805003278936688,0.8085749903071524,-0.588339870425811,-0.00791719123984578,-36.040595276353336,0.4536263827538331,"[""Optical_B-F01180-D001"", ""Optical_B-F01181-D001""]"
Optical_B-T0041,Optical_B,0,1,0.75,0.8931909284776441,-0.4496740751742465,-0.0017864493919760756,-26.72282090457827,0.10235606491720575,"[""Optical_B-F00075-D004""]"
Optical_B-T0042,Optical_B,0,1,0.7949999356026911,0.819703742636485,-0.5727831403240137,-0.0022909535787954786,-34.94463658250386,0.13126208594635955,"[""Optical_B-F00079-D000"", ""Optical_B-F00080-D000""]"
Optical_B-T0042,Optical_B,1,2,1.2,0.8161649910613271,-0.5778143185521458,-0.0023066516822497487,-35.297067744161296,0.13216152339719703,"[""Optical_B-F00120-D000""]"
Optical_B-T0042,Optical_B,2,3,1.8,0.8107745732903177,-0.5853538773775421,-0.0023301384038059325,-35.828106058854594,0.13350721703352286,"[""Optical_B-F00180-D000""]"
Optical_B-T0042,Optical_B,3,4,2.1949996300058023,0.8071265082310658,-0.5903738621847856,-0.002345753556328007,-36.18365838848919,0.13440190181467288,"[""Optical_B-F00219-D001"", ""Optical_B-F00220-D000""]"
Optical_B-T0042,Optical_B,4,5,2.804999885149032,0.8013339344378747,-0.5982125944533625,-0.002370096135809047,-36.74211125765079,0.13579663275865725,"[""Optical_B-F00280-D000"", ""Optical_B-F00281-D001""]"
Optical_B-T0042,Optical_B,5,6,3.19,0.7975754067587669,-0.6032145384772138,-0.0023856033428932963,-37.100593891757434,0.1366851327884974,"[""Optical_B-F00319-D000""]"
Optical_B-T0042,Optical_B,6,7,3.8132075207677616,0.7912329631273346,-0.6115100861155313,-0.0024109416653087345,-37.698900991726035,0.13813691589800703,"[""Optical_B-F00381-D000"", ""Optical_B-F00382-D001""]"
Optical_B-T0042,Optical_B,7,8,4.1849999805759985,0.7874822608282166,-0.6163325421820323,-0.0024261756560464446,-38.04894109004515,0.1390097618252552,"[""Optical_B-F00418-D001"", ""Optical_B-F00419-D000""]"
Optical_B-T0042,Optical_B,8,9,4.814999367527637,0.780797310060572,-0.6247795988962987,-0.002452224531953206,-38.66615027515578,0.14050225691576834,"[""Optical_B-F00481-D000"", ""Optical_B-F00482-D001""]"
Optical_B-T0042,Optical_B,9,10,5.18,0.7768159170999288,-0.6297229094376723,-0.0024674419040565483,-39.02982364449594,0.14137415075040097,"[""Optical_B-F00518-D001""]"
Optical_B-T0042,Optical_B,10,11,5.825002550386316,0.7695807220516413,-0.6385446652369239,-0.002494542831694889,-39.68353217227977,0.14292692430393372,"[""Optical_B-F00582-D000"", ""Optical_B-F00583-D001""]"
Optical_B-T0042,Optical_B,11,12,6.175000680828082,0.7655448663037541,-0.6433776191228479,-0.0025093600345645396,-40.04429523811456,0.14377589014972741,"[""Optical_B-F00617-D001"", ""Optical_B-F00618-D000""]"
Optical_B-T0042,Optical_B,12,13,6.83,0.757779153619042,-0.6525061811992716,-0.0025372893314738166,-40.730983597156445,0.14537612608194195,"[""Optical_B-F00683-D001""]"
Optical_B-T0042,Optical_B,13,14,7.17,0.7536356676743725,-0.6572874320139267,-0.002551886662948705,-41.09348629141037,0.14621249427533026,"[""Optical_B-F00717-D001""]"
Optical_B-T0042,Optical_B,14,15,7.835001159746847,0.7453035294403728,-0.6667203232265239,-0.0025806201663526925,-41.81461029511834,0.14785880817209807,"[""Optical_B-F00783-D000"", ""Optical_B-F00784-D001""]"
Optical_B-T0042,Optical_B,15,16,8.16500202236356,0.7410541013719133,-0.67144030635829,-0.0025949638440131064,-42.17850068214255,0.1486806431165252,"[""Optical_B-F00816-D001"", ""Optical_B-F00817-D000""]"
Optical_B-T0042,Optical_B,16,17,8.84,0.7321188527956045,-0.6811718561113238,-0.0026244662508644306,-42.9354676094864,0.1503710122708798,"[""Optical_B-F00884-D001""]"
Optical_B-T0042,Optical_B,17,18,9.154999250027231,0.7278340100340555,-0.6857482724646208,-0.002638304291543482,-43.29467086341589,0.15116387634350098,"[""Optical_B-F00915-D001"", ""Optical_B-F00916-D001""]"
Optical_B-T0042,Optical_B,18,19,9.844999176110584,0.7181883943038614,-0.6958435945229157,-0.0026687541418064903,-44.094676652897164,0.15290853039269905,"[""Optical_B-F00984-D000"", ""Optical_B-F00985-D001""]"
Optical_B-T0042,Optical_B,19,20,10.15,0.7138074305050375,-0.7003368886347342,-0.0026822701609217252,-44.45424109542491,0.1536829440155988,"[""Optical_B-F01015-D001""]"
Optical_B-T0042,Optical_B,20,21,10.855001499053825,0.7034021179320565,-0.7107869559619199,-0.0027136180801918233,-45.29919351900815,0.15547905402323245,"[""Optical_B-F01085-D001"", ""Optical_B-F01086-D001""]"
Optical_B-T0042,Optical_B,21,22,11.145001615152022,0.6990057155161503,-0.7151108834252236,-0.0027265514026041573,-45.652505074601244,0.15622008155393127,"[""Optical_B-F01114-D001"", ""Optical_B-F01115-D000""]"
Optical_B-T0042,Optical_B,22,23,11.86,0.6878707681954562,-0.7258279389001033,-0.002758509420089384,-46.53799624980237,0.15805114796368921,"[""Optical_B-F01186-D001""]"
Optical_B-T0043,Optical_B,0,1,0.7938055014433089,0.8279124620446501,-0.5608427811806093,0.004041038080128892,-34.114418643648804,-0.23153505700676344,"[""Optical_B-F00079-D001"", ""Optical_B-F00080-D004""]"
Optical_B-T0043,Optical_B,1,2,1.2050004154056149,0.8236446901733909,-0.5670915309043149,0.0040767543192421945,-34.547985186538995,-0.23358146362511845,"[""Optical_B-F00120-D004"", ""Optical_B-F00121-D000""]"
Optical_B-T0043,Optical_B,2,3,1.7954127368084234,0.8172172425036279,-0.5763149590937406,0.004128738251178355,-35.19211607634074,-0.23655994859571108,"[""Optical_B-F00179-D000"", ""Optical_B-F00180-D002""]"
Optical_B-T0043,Optical_B,3,4,2.2,0.8125863830979558,-0.5828258954451616,0.004164805196841573,-35.649903934692674,-0.23862645012981606,"[""Optical_B-F00220-D001""]"
Optical_B-T0043,Optical_B,4,5,2.8050019411747193,0.8054728649063394,-0.592617634184009,0.004219425757356366,-36.34335958767408,-0.24175600522160043,"[""Optical_B-F00280-D001"", ""Optical_B-F00281-D004""]"
Optical_B-T0043,Optical_B,5,6,3.2,0.8006622833388188,-0.5991008250431831,0.004255522441077709,-36.80591428504128,-0.243824211421996,"[""Optical_B-F00320-D000""]"
Optical_B-T0043,Optical_B,6,7,3.81,0.7929631357732534,-0.6092543579177597,0.004311921018220486,-37.53601693726261,-0.24705564151219467,"[""Optical_B-F00381-D002""]"
Optical_B-T0043,Optical_B,7,8,4.184999792508441,0.7880628550763196,-0.6155794345232807,0.004346980671428147,-37.99445796166663,-0.2490644304988928,"[""Optical_B-F00418-D006"", ""Optical_B-F00419-D001""]"
Optical_B-T0043,Optical_B,8,9,4.815146212122092,0.7795489239097939,-0.626325839814984,0.00440654185696396,-38.78001380685625,-0.25247706773985784,"[""Optical_B-F00481-D001"", ""Optical_B-F00482-D004""]"
Optical_B-T0043,Optical_B,9,10,5.18,0.774413163903043,-0.6326646234208733,0.004441378772791358,-39.24745003980312,-0.25447309552077063,"[""Optical_B-F00518-D003""]"
Optical_B-T0043,Optical_B,10,11,5.8250012096208135,0.765038673850068,-0.6439685902799029,0.004503581535172537,-40.088876983898075,-0.2580370869254205,"[""Optical_B-F00582-D002"", ""Optical_B-F00583-D006""]"
Optical_B-T0043,Optical_B,11,12,6.1750030903208915,0.759770160066373,-0.6501759097419906,0.004537649600068712,-40.55537080875926,-0.259989063205605,"[""Optical_B-F00617-D005"", ""Optical_B-F00618-D001""]"
Optical_B-T0043,Optical_B,12,13,6.8350028598464885,0.7494757435704823,-0.6620158058686625,0.004602453643224723,-41.45432742507566,-0.2637021001487589,"[""Optical_B-F00683-D003"", ""Optical_B-F00684-D005""]"
Optical_B-T0043,Optical_B,13,14,7.165001219212702,0.7441465260092496,-0.6680003469652113,0.00463511410028594,-41.91347009742298,-0.26557342645618043,"[""Optical_B-F00716-D005"", ""Optical_B-F00717-D003""]"
Optical_B-T0043,Optical_B,14,15,7.84,0.732855000423074,-0.6803686028355836,0.004702406878639723,-42.87304179926299,-0.269429060669773,"[""Optical_B-F00784-D004""]"
Optical_B-T0043,Optical_B,15,16,8.154999713593856,0.7274000981250948,-0.6861972648697431,0.004734018682492857,-43.330443798161006,-0.27124030377406366,"[""Optical_B-F00815-D006"", ""Optical_B-F00816-D003""]"
Optical_B-T0043,Optical_B,16,17,8.85,0.7149350868848163,-0.6991743284475507,0.0048041628736668765,-44.36144435330798,-0.2752593155914359,"[""Optical_B-F00885-D005""]"
Optical_B-T0043,Optical_B,17,18,9.15,0.709366970575557,-0.7048227633806119,0.004834591707145223,-44.81589245689654,-0.2770027795726301,"[""Optical_B-F00915-D005""]"
Optical_B-T0043,Optical_B,18,19,9.85499927774097,0.6958220017320059,-0.7181975141710222,0.004906377913340551,-45.90657549100763,-0.28111587500069896,"[""Optical_B-F00985-D003"", ""Optical_B-F00986-D005""]"
Optical_B-T0043,Optical_B,19,20,10.14,0.6901588755070955,-0.7236410488158703,0.0049354865462811846,-46.3566478968013,-0.2827836970094075,"[""Optical_B-F01014-D004""]"
Optical_B-T0043,Optical_B,20,21,10.86,0.6753544817762024,-0.7374762587993832,0.005009156821500251,-47.517657925471156,-0.2870047450368641,"[""Optical_B-F01086-D004""]"
Optical_B-T0043,Optical_B,21,22,11.13,0.6696146241280193,-0.7426916491827609,0.005036803359517999,-47.96201645698513,-0.2885887949666559,"[""Optical_B-F01113-D005""]"
Optical_B-T0043,Optical_B,22,23,11.875000170689344,0.6532350086719638,-0.757137953219583,0.005113046039297161,-49.2133997646695,-0.29295723499247184,"[""Optical_B-F01187-D004"", ""Optical_B-F01188-D005""]"
Optical_B-T0044,Optical_B,0,1,0.8050012148116156,0.8038656443860999,-0.5947759050592749,-0.0064535677451233306,-36.49754133214285,0.36976476132114994,"[""Optical_B-F00080-D001"", ""Optical_B-F00081-D002""]"
Optical_B-T0044,Optical_B,1,2,1.1950022863105552,0.7999385398371418,-0.6000467519679028,-0.006498302546946102,-36.874153532827336,0.37232793041048057,"[""Optical_B-F00119-D002"", ""Optical_B-F00120-D001""]"
Optical_B-T0044,Optical_B,2,3,1.81,0.7935620253288612,-0.6084539040143805,-0.006569524002152021,-37.47874192518064,0.3764087063146408,"[""Optical_B-F00181-D001""]"
Optical_B-T0044,Optical_B,3,4,2.1849988202972144,0.7895607073661695,-0.6136368249577306,-0.006613353100326327,-37.85390999438263,0.3789199832144885,"[""Optical_B-F00218-D002"", ""Optical_B-F00219-D002""]"
Optical_B-T0044,Optical_B,4,5,2.81500025029359,0.7826393250796438,-0.6224395248855137,-0.006687652740352148,-38.49552018646406,0.38317713315447455,"[""Optical_B-F00281-D002"", ""Optical_B-F00282-D002""]"
Optical_B-T0044,Optical_B,5,6,3.18,0.7785118950906983,-0.6275937554278124,-0.006731073488319574,-38.87386280051742,0.38566501475381837,"[""Optical_B-F00318-D002""]"
Optical_B-T0044,Optical_B,6,7,3.825003275349607,0.7710014451094274,-0.6367969980093074,-0.006808448098409083,-39.554489056394985,0.3900983549449272,"[""Optical_B-F00382-D002"", ""Optical_B-F00383-D003""]"
Optical_B-T0044,Optical_B,7,8,4.175000194025735,0.7668067591324537,-0.6418414610395303,-0.0068507692578565465,-39.93039548228124,0.3925232353187277,"[""Optical_B-F00417-D002"", ""Optical_B-F00418-D002""]"
Optical_B-T0044,Optical_B,8,9,4.826903922591162,0.7588656789802094,-0.6512102987988552,-0.006930223965467961,-40.63409620252521,0.39707576280438606,"[""Optical_B-F00482-D002"", ""Optical_B-F00483-D002""]"
Optical_B-T0044,Optical_B,9,10,5.17,0.7544072663623601,-0.6563696089219926,-0.006972298276870093,-41.02479440019964,0.3994865015180137,"[""Optical_B-F00517-D001""]"
Optical_B-T0044,Optical_B,10,11,5.8350014555818355,0.7457137266976969,-0.6662291440795363,-0.007054459134547977,-41.777964917917,0.4041940876840318,"[""Optical_B-F00583-D002"", ""Optical_B-F00584-D002""]"
Optical_B-T0044,Optical_B,11,12,6.165002015282441,0.7412743613195938,-0.6711646409883222,-0.007095487104138462,-42.15832200135581,0.4065448760191014,"[""Optical_B-F00616-D002"", ""Optical_B-F00617-D002""]"
Optical_B-T0044,Optical_B,12,13,6.84,0.7319278405944594,-0.681344322073659,-0.007179898377961582,-42.95015740008507,0.4113814089580886,"[""Optical_B-F00684-D002""]"
Optical_B-T0044,Optical_B,13,14,7.154999377003853,0.7274402284059792,-0.6861330723262993,-0.0072194983710930655,-43.32619051943038,0.4136503802409883,"[""Optical_B-F00715-D002"", ""Optical_B-F00716-D001""]"
Optical_B-T0044,Optical_B,14,15,7.844998959714859,0.7173253234404764,-0.6967000740381497,-0.007306653560464484,-44.164331880365005,0.4186441364739467,"[""Optical_B-F00784-D002"", ""Optical_B-F00785-D002""]"
Optical_B-T0044,Optical_B,15,16,8.15,0.7127256263878919,-0.7014044677974275,-0.007345341639072553,-44.54131465570209,0.4208608595826274,"[""Optical_B-F00815-D003""]"
Optical_B-T0044,Optical_B,16,17,8.855000903285948,0.7017870263436935,-0.7123480112877303,-0.007435083731323713,-45.427886021898715,0.42600284313227765,"[""Optical_B-F00885-D001"", ""Optical_B-F00886-D002""]"
Optical_B-T0044,Optical_B,17,18,9.145002330396366,0.6971597439693378,-0.7168768785468237,-0.00747210770599998,-45.798872793683366,0.42812421955065527,"[""Optical_B-F00914-D002"", ""Optical_B-F00915-D002""]"
Optical_B-T0044,Optical_B,18,19,9.864654034811842,0.6853031287843763,-0.7282186516397386,-0.007564197402611026,-46.739006273485415,0.4334007196278792,"[""Optical_B-F00986-D002"", ""Optical_B-F00987-D002""]"
Optical_B-T0044,Optical_B,19,20,10.135000230840715,0.6807864904141341,-0.7324424975739202,-0.0075988299944153605,-47.09332967727301,0.4353850780026004,"[""Optical_B-F01013-D002"", ""Optical_B-F01014-D001""]"
Optical_B-T0045,Optical_B,0,1,0.8150004295311963,0.7843116446474315,-0.6203666424787295,-0.000687728223465475,-38.342924312728044,0.03940392776274876,"[""Optical_B-F00081-D000"", ""Optical_B-F00082-D001""]"
Optical_B-T0045,Optical_B,1,2,1.1850024512551673,0.7806959103062799,-0.6249107273939927,-0.000691678364526227,-38.67564635245047,0.039630254227842006,"[""Optical_B-F00118-D000"", ""Optical_B-F00119-D000""]"
Optical_B-T0045,Optical_B,2,3,1.82,0.7743303199809515,-0.6327812162545121,-0.0006985081658922802,-39.255626427529876,0.040021573115564084,"[""Optical_B-F00182-D000""]"
Optical_B-T0045,Optical_B,3,4,2.174998785035185,0.7706818129319657,-0.6372197814848171,-0.0007023534300181895,-39.58482831241128,0.040241890575136136,"[""Optical_B-F00217-D001"", ""Optical_B-F00218-D000""]"
Optical_B-T0045,Optical_B,4,5,2.825000310827164,0.7638284705758787,-0.6454189060054734,-0.0007094423247368587,-40.1971030545887,0.04064805442512338,"[""Optical_B-F00282-D000"", ""Optical_B-F00283-D001""]"
Optical_B-T0045,Optical_B,5,6,3.175002669719486,0.7600438792366616,-0.6498713663948987,-0.0007132845955856084,-40.53191661594236,0.040868200384204134,"[""Optical_B-F00317-D001"", ""Optical_B-F00318-D000""]"
Optical_B-T0045,Optical_B,6,7,3.83,0.752779640513784,-0.6582722033301132,-0.0007205212393959404,-41.16824694980992,0.04128282963892586,"[""Optical_B-F00383-D001""]"
Optical_B-T0045,Optical_B,7,8,4.164999236265389,0.7489706026964634,-0.6626028310899501,-0.0007242431079989187,-41.498696181764124,0.041496077057418986,"[""Optical_B-F00416-D001"", ""Optical_B-F00417-D000""]"
Optical_B-T0045,Optical_B,8,9,4.834999599943148,0.7411569637332099,-0.6713313784411918,-0.0007317308376383613,-42.169918464207726,0.04192509247757666,"[""Optical_B-F00483-D000"", ""Optical_B-F00484-D001""]"
Optical_B-T0045,Optical_B,9,10,5.16,0.7372712567875926,-0.6755964425079958,-0.0007353811150060682,-42.50049872829694,0.042134238021069574,"[""Optical_B-F00516-D001""]"
Optical_B-T0045,Optical_B,10,11,5.845002639180386,0.7288705300834012,-0.6846511507030311,-0.0007431130178093518,-43.20819316269316,0.04257724354035243,"[""Optical_B-F00584-D001"", ""Optical_B-F00585-D001""]"
Optical_B-T0045,Optical_B,11,12,6.155000139841975,0.7249736406575932,-0.6887762066873797,-0.0007466277645247895,-43.53332810037666,0.042778623749070675,"[""Optical_B-F00615-D001"", ""Optical_B-F00616-D001""]"
Optical_B-T0045,Optical_B,12,13,6.848586714202862,0.7161036506009453,-0.6979935474562515,-0.0007545233176214479,-44.26626277551497,0.04323100574585962,"[""Optical_B-F00684-D000"", ""Optical_B-F00685-D001""]"
Optical_B-T0045,Optical_B,13,14,7.15,0.7120519011513011,-0.7021264241968187,-0.0007579653070849559,-44.5978734849963,0.04342821727164041,"[""Optical_B-F00715-D001""]"
Optical_B-T0045,Optical_B,14,15,7.855001146603922,0.7025049592354269,-0.7116784354102095,-0.0007660428888252628,-45.37165907784407,0.043891028748399015,"[""Optical_B-F00785-D001"", ""Optical_B-F00786-D001""]"
Optical_B-T0045,Optical_B,15,16,8.145001684256622,0.6984805927252623,-0.7156285835885602,-0.0007693745494828678,-45.694754949298236,0.044081918899102755,"[""Optical_B-F00814-D001"", ""Optical_B-F00815-D001""]"
Optical_B-T0045,Optical_B,16,17,8.86,0.6883119780957048,-0.725414375472044,-0.0007776043225743437,-46.503348163473845,0.044553450304651306,"[""Optical_B-F00886-D001""]"
Optical_B-T0045,Optical_B,17,18,9.134998971175712,0.6843051543535892,-0.7291953415331967,-0.0007807761491817273,-46.81899765923593,0.044735182637770016,"[""Optical_B-F00913-D001"", ""Optical_B-F00914-D001""]"
Optical_B-T0045,Optical_B,18,19,9.864999012158933,0.6734081814950402,-0.739270450012139,-0.0007891985761226372,-47.669325723943196,0.04521775230342385,"[""Optical_B-F00986-D001"", ""Optical_B-F00987-D001""]"
Optical_B-T0045,Optical_B,19,20,10.13,0.6693564351829758,-0.7429410037194336,-0.0007922572179737903,-47.98257022287369,0.04539299962732382,"[""Optical_B-F01013-D001""]"
Optical_B-T0045,Optical_B,20,21,10.88,0.6576102237417534,-0.7533579177060642,-0.0008009119203887544,-48.88211542051741,0.04588887770597349,"[""Optical_B-F01088-D001""]"
Optical_B-T0045,Optical_B,21,22,11.125001208281473,0.6536808549930073,-0.7567699081117584,-0.0008037363570399637,-49.18028309663937,0.04605070605767631,"[""Optical_B-F01112-D001"", ""Optical_B-F01113-D001""]"
Optical_B-T0045,Optical_B,22,23,11.88,0.6412861542960314,-0.7673013803397823,-0.0008124265328275604,-50.11219242016858,0.04654861661610067,"[""Optical_B-F01188-D001""]"
Optical_B-T0046,Optical_B,0,1,0.835001055711468,0.7442078098955004,-0.6679349691079645,0.004196752707181005,-41.90833696199895,-0.24045692363570706,"[""Optical_B-F00083-D002"", ""Optical_B-F00084-D001""]"
Optical_B-T0046,Optical_B,1,2,1.1650022335769732,0.7410676515984439,-0.6714170737159462,0.004224793140871542,-42.17699293587808,-0.24206353638511796,"[""Optical_B-F00116-D001"", ""Optical_B-F00117-D002""]"
Optical_B-T0046,Optical_B,2,3,1.84,0.7344603450336015,-0.6786380900440537,0.004283026322815809,-42.73779562947765,-0.24540008212739545,"[""Optical_B-F00184-D001""]"
Optical_B-T0046,Optical_B,3,4,2.16,0.7312386737893924,-0.6821080682576887,0.00431105236512876,-43.00909202438526,-0.24700587089358475,"[""Optical_B-F00216-D001""]"
Optical_B-T0046,Optical_B,4,5,2.8450013434620303,0.7241413930908934,-0.6896376794063637,0.0043719509816167405,-43.60195637791334,-0.2504951374811853,"[""Optical_B-F00284-D002"", ""Optical_B-F00285-D001""]"
Optical_B-T0046,Optical_B,5,6,3.1550019074531264,0.7208374031463164,-0.6930902386574727,0.004399920795039886,-43.87576185818197,-0.2520977051580696,"[""Optical_B-F00315-D001"", ""Optical_B-F00316-D002""]"
Optical_B-T0046,Optical_B,6,7,3.85,0.7132122749006885,-0.700933896681913,0.0044635650879470065,-44.50253970344169,-0.2557442903426298,"[""Optical_B-F00385-D001""]"
Optical_B-T0046,Optical_B,7,8,4.15,0.7098255977386095,-0.7043631505000231,0.0044914377105308885,-44.77869035057005,-0.25734128998911865,"[""Optical_B-F00415-D001""]"
Optical_B-T0046,Optical_B,8,9,4.855001119590651,0.701631901210663,-0.7125250176355621,0.0045578994013055355,-45.44133521876037,-0.2611493033507257,"[""Optical_B-F00485-D002"", ""Optical_B-F00486-D001""]"
Optical_B-T0046,Optical_B,9,10,5.145002154756675,0.698162556325715,-0.715924588862209,0.004585630514996204,-45.71964163389776,-0.2627381957312836,"[""Optical_B-F00514-D001"", ""Optical_B-F00515-D001""]"
Optical_B-T0046,Optical_B,10,11,5.86,0.6893542586775171,-0.7244094403297681,0.004654976292430677,-46.42039471265223,-0.26671145851537964,"[""Optical_B-F00586-D001""]"
Optical_B-T0046,Optical_B,11,12,6.137067199527649,0.6857196214429635,-0.7278507246546809,0.004682241746717203,-46.707180688483355,-0.2682736709975671,"[""Optical_B-F00613-D001"", ""Optical_B-F00614-D001""]"
Optical_B-T0046,Optical_B,12,13,6.865000266632498,0.6763307840314028,-0.7365826922046036,0.00475479926877646,-47.44182662375519,-0.27243095706447384,"[""Optical_B-F00686-D000"", ""Optical_B-F00687-D001""]"
Optical_B-T0046,Optical_B,13,14,7.135003030772042,0.6726986259949372,-0.7399011354656031,0.004782083357162097,-47.72371508626484,-0.2739942379499481,"[""Optical_B-F00713-D001"", ""Optical_B-F00714-D001""]"
Optical_B-T0046,Optical_B,14,15,7.873980026793284,0.6623547379047117,-0.7491746146155626,0.004857776322970419,-48.51969560617172,-0.278331175808192,"[""Optical_B-F00787-D000"", ""Optical_B-F00788-D001""]"
Optical_B-T0046,Optical_B,15,16,8.125000023786315,0.6588736010892485,-0.7522378123186406,0.004883800339024757,-48.78537782447914,-0.27982225978190295,"[""Optical_B-F00812-D001"", ""Optical_B-F00813-D000""]"
Optical_B-T0046,Optical_B,16,17,8.876119241389814,0.647939530069512,-0.7616756112164494,0.0049627262012159005,-49.61296898322063,-0.28434443338679305,"[""Optical_B-F00887-D001"", ""Optical_B-F00888-D001""]"
Optical_B-T0046,Optical_B,17,18,9.120000000000001,0.6441360848088135,-0.764894644823216,0.004988643897820022,-49.89846666762315,-0.2858294263993791,"[""Optical_B-F00912-D001""]"
Optical_B-T0046,Optical_B,18,19,9.885001128688513,0.6321961168214116,-0.7747918139139274,0.005070992791761916,-50.787064357227194,-0.2905477301558855,"[""Optical_B-F00988-D000"", ""Optical_B-F00989-D001""]"
Optical_B-T0046,Optical_B,19,20,10.115002121618772,0.6284984697302592,-0.777794126954698,0.00509603978611981,-51.059969795352636,-0.29198283576533657,"[""Optical_B-F01011-D001"", ""Optical_B-F01012-D000""]"
Optical_B-T0046,Optical_B,20,21,10.89,0.6156589636707751,-0.7879956812466631,0.005181388658905759,-51.999581720276495,-0.2968730305302611,"[""Optical_B-F01089-D000""]"
Optical_B-T0046,Optical_B,21,22,11.104999740055726,0.6119903751091762,-0.7908480798576044,0.005205320285051974,-52.2658397213041,-0.2982442301967471,"[""Optical_B-F01110-D001"", ""Optical_B-F01111-D000""]"
Optical_B-T0046,Optical_B,22,23,11.897898991708562,0.5981808897692058,-0.8013436161871517,0.005294517071468805,-53.259676273757435,-0.30335490003597787,"[""Optical_B-F01189-D000"", ""Optical_B-F01190-D000""]"
Optical_B-T0047,Optical_B,0,2,1.245000239344094,0.8892773097874568,-0.4573648343783508,-0.001809577643367923,-27.217243616156825,0.10368121825152016,"[""Optical_B-F00124-D005"", ""Optical_B-F00125-D004""]"
Optical_B-T0047,Optical_B,1,3,1.7550010646484993,0.8866309217497691,-0.46247222193059606,0.0022477855174268405,-27.54682637856963,-0.12878873185104062,"[""Optical_B-F00175-D003"", ""Optical_B-F00176-D004""]"
Optical_B-T0047,Optical_B,2,4,2.245002254236103,0.8846810776477659,-0.466191189539539,0.0022728061284121937,-27.78741904626311,-0.13022231092341482,"[""Optical_B-F00224-D004"", ""Optical_B-F00225-D003""]"
Optical_B-T0047,Optical_B,3,5,2.757225260653919,0.8826451723645273,-0.4700342667011413,0.0022995278459396894,-28.03660155362016,-0.13175335656018244,"[""Optical_B-F00275-D001"", ""Optical_B-F00276-D004""]"
Optical_B-T0047,Optical_B,4,6,3.24,0.880534669594068,-0.4739760425733981,0.002325233176653146,-28.292784555658695,-0.13322616745873359,"[""Optical_B-F00324-D005""]"
Optical_B-T0047,Optical_B,5,7,3.7600000000000002,0.8782620943433562,-0.47817377023208296,0.002353529616754424,-28.566282247135433,-0.13484743848821096,"[""Optical_B-F00376-D004""]"
Optical_B-T0047,Optical_B,6,8,4.234999152495153,0.8761194810289574,-0.4820881567401304,0.0023799353886033788,-28.821961144470425,-0.13636038200730946,"[""Optical_B-F00423-D004"", ""Optical_B-F00424-D003""]"
Optical_B-T0047,Optical_B,7,9,4.765002139938335,0.8736497368052705,-0.4865494106801529,0.0024100512188848663,-29.11412821098709,-0.13808589692781398,"[""Optical_B-F00476-D002"", ""Optical_B-F00477-D003""]"
Optical_B-T0047,Optical_B,8,10,5.235001449038121,0.8713870654719031,-0.4905900951651868,0.0024373457034368297,-29.37947001365297,-0.1396497602899942,"[""Optical_B-F00523-D003"", ""Optical_B-F00524-D002""]"
Optical_B-T0047,Optical_B,9,11,5.76,0.8687751617685588,-0.495200590419646,0.0024685100867846677,-29.68307786832151,-0.14143535329886076,"[""Optical_B-F00576-D002""]"
Optical_B-T0048,Optical_B,0,3,1.8149999389771034,0.7815977277646555,-0.6237821615340464,0.000898278932328472,-38.592875517979664,-0.05146759856951816,"[""Optical_B-F00181-D004"", ""Optical_B-F00182-D002""]"
Optical_B-T0048,Optical_B,1,4,2.18,0.778306643825045,-0.6278837053874605,0.0009059176051221742,-38.894177138897504,-0.05190526245976114,"[""Optical_B-F00218-D004""]"
Optical_B-T0048,Optical_B,2,5,2.82,0.772345474198977,-0.635202033129258,0.000919561207599158,-39.434990420314804,-0.05268698362467598,"[""Optical_B-F00282-D005""]"
Optical_B-T0048,Optical_B,3,6,3.17499981342356,0.7689307145288352,-0.6393314448855685,0.000927272724871819,-39.74200555638295,-0.05312882120642004,"[""Optical_B-F00317-D002"", ""Optical_B-F00318-D005""]"
Optical_B-T0048,Optical_B,4,7,3.825000285180824,0.7624678374017062,-0.6470254324278583,0.0009416578509689848,-40.31772740159358,-0.05395302857941772,"[""Optical_B-F00382-D005"", ""Optical_B-F00383-D005""]"
Optical_B-T0048,Optical_B,5,8,4.1729397368198775,0.7590056935818884,-0.6510832938605292,0.0009495082940397349,-40.62334962110031,-0.054402826035768716,"[""Optical_B-F00417-D004"", ""Optical_B-F00418-D005""]"
Optical_B-T0048,Optical_B,6,9,4.83091379278842,0.7518466175475529,-0.6593373439990489,0.0009646193982893566,-41.24937781904384,-0.05526862892958784,"[""Optical_B-F00483-D005"", ""Optical_B-F00484-D002""]"
Optical_B-T0048,Optical_B,7,10,5.164999928858338,0.7482330885588501,-0.6634352263424539,0.0009724369496146021,-41.56241593979686,-0.05571654183673415,"[""Optical_B-F00516-D002"", ""Optical_B-F00517-D004""]"
Optical_B-T0048,Optical_B,8,11,5.834999802940101,0.740620878293857,-0.6719224193980012,0.0009884055707759679,-42.215637390027396,-0.05663147687366312,"[""Optical_B-F00583-D005"", ""Optical_B-F00584-D004""]"
Optical_B-T0048,Optical_B,9,12,6.16,0.7368021855931559,-0.6761076443163372,0.0009962942146202651,-42.540250415077566,-0.05708346309457303,"[""Optical_B-F00616-D004""]"
Optical_B-T0048,Optical_B,10,13,6.845002985424835,0.7284696406779,-0.6850773357630319,0.0010132297061620475,-43.241717130620096,-0.05805379577370641,"[""Optical_B-F00684-D004"", ""Optical_B-F00685-D003""]"
Optical_B-T0048,Optical_B,11,14,7.155000818242688,0.7245683778707429,-0.6892021643086605,0.0010210298813654384,-43.56701480539506,-0.05850071312350435,"[""Optical_B-F00715-D004"", ""Optical_B-F00716-D004""]"
Optical_B-T0048,Optical_B,12,15,7.8500000000000005,0.7155116858165129,-0.6985999916055944,0.0010388400624475932,-44.31481895871528,-0.05952116187311787,"[""Optical_B-F00785-D004""]"
Optical_B-T0048,Optical_B,13,16,8.15,0.711465621266327,-0.7027201251222023,0.001046663439679404,-44.64568046837413,-0.05996940861373693,"[""Optical_B-F00815-D005""]"
Optical_B-T0048,Optical_B,14,17,8.85,0.7016885550512767,-0.7124830081953457,0.0010652431471378284,-45.43733349775131,-0.06103394802920847,"[""Optical_B-F00885-D004""]"
Optical_B-T0048,Optical_B,15,18,9.14500262735639,0.6974228010437503,-0.7166591133932059,0.0010732076936438271,-45.77936894715559,-0.06149028319059013,"[""Optical_B-F00914-D004"", ""Optical_B-F00915-D004""]"
Optical_B-T0048,Optical_B,16,19,9.8606161224419,0.6866492270754067,-0.7269880635849295,0.001092868601981289,-46.63451974198336,-0.06261677092040767,"[""Optical_B-F00986-D004"", ""Optical_B-F00987-D004""]"
Optical_B-T0048,Optical_B,17,20,10.135000073697023,0.6824389759795664,-0.7309417438479126,0.0011005292061013478,-46.965439128030965,-0.06305569146896425,"[""Optical_B-F01013-D004"", ""Optical_B-F01014-D003""]"
Optical_B-T0048,Optical_B,18,21,10.86,0.6714973810680512,-0.7410060797757874,0.0011211396291266162,-47.81722852592715,-0.06423658245089454,"[""Optical_B-F01086-D003""]"
Optical_B-T0048,Optical_B,19,22,11.13,0.6662796818615874,-0.7457010869812584,0.001128899194658118,-48.21939324003933,-0.06468117308805822,"[""Optical_B-F01113-D004""]"
Optical_B-T0048,Optical_B,20,23,11.875000718980676,0.6534068963968949,-0.7570060128936716,0.0011507318556223786,-49.20100475480527,-0.06593209322946035,"[""Optical_B-F01187-D003"", ""Optical_B-F01188-D004""]"
Optical_B-T0049,Optical_B,0,3,1.84,0.7355422342535761,-0.6774236677405409,0.008648468894013474,-42.644619358730104,-0.49552694424812194,"[""Optical_B-F00184-D000""]"
Optical_B-T0049,Optical_B,1,4,2.16,0.7314362933246806,-0.681854370638592,0.008692873431811464,-42.99073866929176,-0.49807123249766283,"[""Optical_B-F00216-D000""]"
Optical_B-T0049,Optical_B,2,5,2.845000652272529,0.7224120295475711,-0.6914069888277491,0.008788365326048134,-43.74370534334964,-0.5035427240278787,"[""Optical_B-F00284-D001"", ""Optical_B-F00285-D000""]"
Optical_B-T0049,Optical_B,3,6,3.155002513765787,0.718221225692459,-0.6957587735264813,0.008831762324035694,-44.089877184147,-0.506029285358166,"[""Optical_B-F00315-D000"", ""Optical_B-F00316-D001""]"
Optical_B-T0049,Optical_B,4,7,3.852865584996602,0.7084276121511339,-0.705726984150575,0.008929847903342478,-44.89058169540567,-0.5116493967156007,"[""Optical_B-F00385-D000"", ""Optical_B-F00386-D000""]"
Optical_B-T0049,Optical_B,5,8,4.144999824575773,0.7043774422140037,-0.7097689343984415,0.008970990076853013,-45.218441496475386,-0.5140067640441554,"[""Optical_B-F00414-D000"", ""Optical_B-F00415-D000""]"
Optical_B-T0049,Optical_B,6,9,4.857310224985384,0.694082454388077,-0.7198383506038865,0.009071687301672321,-46.04358105141245,-0.5197765248268947,"[""Optical_B-F00485-D001"", ""Optical_B-F00486-D000""]"
Optical_B-T0049,Optical_B,7,10,5.14,0.689734839827225,-0.724004715444155,0.009111681685637037,-46.388611341880946,-0.5220681289449481,"[""Optical_B-F00514-D000""]"
Optical_B-T0049,Optical_B,8,11,5.865000610904085,0.6785869129485009,-0.7344623167439872,0.009214491742820638,-47.264434759698304,-0.5279589586242401,"[""Optical_B-F00586-D000"", ""Optical_B-F00587-D000""]"
Optical_B-T0049,Optical_B,9,12,6.13500229482198,0.6743297889601504,-0.7383723458957453,0.009252812403408429,-47.59563397568184,-0.5301546643495015,"[""Optical_B-F00613-D000"", ""Optical_B-F00614-D000""]"
Optical_B-T0049,Optical_B,10,13,6.8741904753790495,0.6622931768705956,-0.7491863455293317,0.009357753098831117,-48.5227834468091,-0.5361675836289751,"[""Optical_B-F00687-D000"", ""Optical_B-F00688-D000""]"
Optical_B-T0049,Optical_B,11,14,7.125000039762073,0.6582182245801892,-0.7527685797189778,0.009393307105406886,-48.833664126301414,-0.5382047676874366,"[""Optical_B-F00712-D000"", ""Optical_B-F00713-D000""]"
Optical_B-T0049,Optical_B,12,15,7.88,0.6453884847825675,-0.7637954234190845,0.009500256529330727,-49.80300623269549,-0.544332791746252,"[""Optical_B-F00788-D000""]"
Optical_B-T0049,Optical_B,13,16,8.120000000000001,0.6412093680675581,-0.7673067480818817,0.009534183258714588,-50.1157655736485,-0.5462767381935963,"[""Optical_B-F00812-D000""]"
Optical_B-T0049,Optical_B,14,17,8.884999157192395,0.6275591088409798,-0.7785092144094664,0.009641990991019516,-51.12758633292221,-0.552453950202983,"[""Optical_B-F00888-D000"", ""Optical_B-F00889-D000""]"
Optical_B-T0049,Optical_B,15,18,9.112772169282437,0.6235259421350104,-0.7817428048964361,0.009674010404188728,-51.42378441907475,-0.5542886130080389,"[""Optical_B-F00911-D000"", ""Optical_B-F00912-D000""]"
Optical_B-T0049,Optical_B,16,19,9.8950008035436,0.6087540260758744,-0.7932986977024881,0.009783248946553726,-52.49843052708789,-0.5605478166608675,"[""Optical_B-F00989-D000"", ""Optical_B-F00990-D000""]"
Optical_B-T0049,Optical_B,17,20,10.105001668836712,0.6047302425549587,-0.7963699204231744,0.009812419915990005,-52.78847259190499,-0.5622192703235925,"[""Optical_B-F01010-D000"", ""Optical_B-F01011-D000""]"
Optical_B-T0049,Optical_B,18,21,10.903921513328342,0.5889476737127342,-0.8081102513980865,0.00992266162278407,-53.91557685151779,-0.5685359623828729,"[""Optical_B-F01090-D000"", ""Optical_B-F01091-D000""]"
Optical_B-T0049,Optical_B,19,22,11.095000063637551,0.5852244407529138,-0.8108103204456245,0.009948779035797566,-54.17910606066763,-0.570032453787934,"[""Optical_B-F01109-D000"", ""Optical_B-F01110-D000""]"
Optical_B-T0049,Optical_B,20,23,11.91,0.5684944144283305,-0.8226256203629932,0.010059298493948137,-55.35269335863698,-0.5763650691917688,"[""Optical_B-F01191-D000""]"
Optical_B-T0050,Optical_B,0,5,2.8152449450672217,0.7794234386782589,-0.6264974142575843,-0.00030523354847710544,-38.7921804159943,0.017488594365101456,"[""Optical_B-F00281-D000"", ""Optical_B-F00282-D001""]"
Optical_B-T0050,Optical_B,1,6,3.18,0.7764339688657355,-0.630198538087394,-0.000307544978104719,-39.064774034625906,0.017621029533621373,"[""Optical_B-F00318-D001""]"
Optical_B-T0050,Optical_B,2,7,3.825002378601936,0.7691783285881393,-0.6390292149142935,-0.0025221650180304728,-39.71961993589155,0.1445095639808021,"[""Optical_B-F00382-D003"", ""Optical_B-F00383-D004""]"
Optical_B-T0050,Optical_B,3,8,4.175001092028819,0.7648088176093657,-0.6442523025365643,-0.0025383426284325957,-40.109794294141395,0.14543647574659557,"[""Optical_B-F00417-D003"", ""Optical_B-F00418-D003""]"
Optical_B-T0050,Optical_B,4,9,4.83,0.7563824316068677,-0.6541246197428479,-0.00256885242021681,-40.85347076094614,0.1471845637492499,"[""Optical_B-F00483-D003""]"
Optical_B-T0050,Optical_B,5,10,5.17,0.7518766403723628,-0.6592987459761167,-0.0025848049614363108,-41.24658091706662,0.14809858006820575,"[""Optical_B-F00517-D002""]"
Optical_B-T0050,Optical_B,6,11,5.83500039448884,0.7427960694195108,-0.669512624718072,-0.00261621827133842,-42.029636821365756,0.14989843623212568,"[""Optical_B-F00583-D003"", ""Optical_B-F00584-D003""]"
Optical_B-T0050,Optical_B,7,12,6.163284468825925,0.7382900274587045,-0.6744782493159786,-0.0026318348500423178,-42.413827645220074,0.15079320336277371,"[""Optical_B-F00616-D003"", ""Optical_B-F00617-D003""]"
Optical_B-T0050,Optical_B,8,13,6.845002609741976,0.7283004073942488,-0.6852528128153219,-0.0026644170207697827,-43.25568404172604,0.15266003077855608,"[""Optical_B-F00684-D003"", ""Optical_B-F00685-D002""]"
Optical_B-T0050,Optical_B,9,14,7.155000722666071,0.72367523435538,-0.6901354768780893,-0.0026793161325469645,-43.64103011719164,0.15351369004897727,"[""Optical_B-F00715-D003"", ""Optical_B-F00716-D002""]"
Optical_B-T0050,Optical_B,10,15,7.8500000000000005,0.7129940201434772,-0.7011648647617962,-0.0027128699222579086,-44.52074347595307,0.1554361875734248,"[""Optical_B-F00785-D003""]"
Optical_B-T0050,Optical_B,11,16,8.146896287680153,0.7081755961022306,-0.706031080805686,-0.002727273657957393,-44.91311624855209,0.15626146389126327,"[""Optical_B-F00814-D002"", ""Optical_B-F00815-D004""]"
Optical_B-T0050,Optical_B,12,17,8.854999317563836,0.6967631339274186,-0.7172959697560939,-0.0027616971787304545,-45.831904521823205,0.15823379377564378,"[""Optical_B-F00885-D002"", ""Optical_B-F00886-D003""]"
Optical_B-T0050,Optical_B,13,18,9.14,0.6919859747698291,-0.7219056079641034,-0.00277559215803544,-46.21226614212862,0.15902992049756554,"[""Optical_B-F00914-D003""]"
Optical_B-T0050,Optical_B,14,19,9.86500106669676,0.6794731949496287,-0.7336949472348792,-0.0028110046161098296,-47.19730001829054,0.16105891280315585,"[""Optical_B-F00986-D003"", ""Optical_B-F00987-D003""]"
Optical_B-T0050,Optical_B,15,20,10.135002111730431,0.6746793204505028,-0.7381055740309982,-0.002824206227997046,-47.57053858970766,0.1618153124495652,"[""Optical_B-F01013-D003"", ""Optical_B-F01014-D002""]"
Optical_B-T0050,Optical_B,16,21,10.88,0.6610659531576254,-0.7503223456280309,-0.0028606340293462268,-48.61857426578302,0.16390248015542816,"[""Optical_B-F01088-D002""]"
Optical_B-T0050,Optical_B,17,22,11.125000476402628,0.6564621942794295,-0.7543534553618451,-0.0028726060435275654,-48.96917980483342,0.16458842885869485,"[""Optical_B-F01112-D002"", ""Optical_B-F01113-D003""]"
Optical_B-T0050,Optical_B,18,23,11.88,0.6418762671854638,-0.7668027079023212,-0.002909429105984007,-50.067926287280386,0.16669824374323125,"[""Optical_B-F01188-D003""]"
Optical_B-T0051,Optical_B,0,7,3.69,0.9610495801074564,-0.27625445596068293,-0.008196349013357885,-16.03733872639083,0.46962146418744194,"[""Optical_B-F00369-D001""]"
Optical_B-T0051,Optical_B,1,8,4.304998442616581,0.9594359712903062,-0.2818041713238948,-0.008308189855785318,-16.3684936665895,0.4760296906427305,"[""Optical_B-F00430-D002"", ""Optical_B-F00431-D001""]"
Optical_B-T0051,Optical_B,2,9,4.695003231975109,0.958372595095885,-0.28539750383657564,-0.008380559231375253,-16.58320994558624,0.48017629479454194,"[""Optical_B-F00469-D001"", ""Optical_B-F00470-D002""]"
Optical_B-T0051,Optical_B,3,10,5.305000773863057,0.9566437840496312,-0.2911365441024806,-0.008496065399166282,-16.926640847021662,0.4867945463512532,"[""Optical_B-F00530-D001"", ""Optical_B-F00531-D001""]"
Optical_B-T0051,Optical_B,4,11,5.695000897198477,0.9554947156814553,-0.2948836700859986,-0.008571430535620853,-17.151211428556337,0.4911128078347944,"[""Optical_B-F00569-D001"", ""Optical_B-F00570-D001""]"
Optical_B-T0051,Optical_B,5,12,6.3,0.9536411543680854,-0.3008205769462825,-0.008690752626296823,-17.50757808867694,0.4979497147022293,"[""Optical_B-F00630-D001""]"
Optical_B-T0051,Optical_B,6,13,6.7,0.952366182965572,-0.3048306381974251,-0.008771291794114696,-17.748680463764117,0.5025644450004623,"[""Optical_B-F00670-D001""]"
Optical_B-T0051,Optical_B,7,14,7.294998308583064,0.9503929615741996,-0.3109246252507607,-0.008893593362422103,-18.115702850644592,0.5095720820420446,"[""Optical_B-F00729-D002"", ""Optical_B-F00730-D001""]"
Optical_B-T0051,Optical_B,8,15,7.705003297115933,0.9489775171220594,-0.3152158591422487,-0.008979651555918669,-18.37461281231129,0.5145030502288725,"[""Optical_B-F00770-D001"", ""Optical_B-F00771-D003""]"
Optical_B-T0051,Optical_B,9,16,8.295001078994423,0.9468567064053343,-0.32152675821200516,-0.009106112722875415,-18.756088580146667,0.5217490376443435,"[""Optical_B-F00829-D003"", ""Optical_B-F00830-D001""]"
Optical_B-T0051,Optical_B,10,17,8.706409301989128,0.9453599357651418,-0.32589879052358073,-0.009196204945213672,-19.020872052218092,0.5269111579050977,"[""Optical_B-F00870-D001"", ""Optical_B-F00871-D002""]"
Optical_B-T0051,Optical_B,11,18,9.290000000000001,0.943040622944037,-0.33254683436202304,-0.00932665176362094,-19.42430983929507,0.5343855306165474,"[""Optical_B-F00929-D003""]"
Optical_B-T0051,Optical_B,12,19,9.714231853069414,0.9412827398455981,-0.33748777726688284,-0.009423580223191662,-19.72480175744691,0.5399393663432783,"[""Optical_B-F00971-D002"", ""Optical_B-F00972-D004""]"
Optical_B-T0051,Optical_B,13,20,10.28,0.9389193587599841,-0.3440045479008876,-0.009555562215086678,-20.12199992325483,0.5475017179660492,"[""Optical_B-F01028-D003""]"
Optical_B-T0051,Optical_B,14,21,10.715002269412114,0.9369979143065369,-0.3492013850301454,-0.009659258678996474,-20.439472194789623,0.5534433619213092,"[""Optical_B-F01071-D000"", ""Optical_B-F01072-D004""]"
Optical_B-T0051,Optical_B,15,22,11.281073313323153,0.9344201078246444,-0.35603802806778545,-0.00979717625557989,-20.858123885132215,0.5613458309331049,"[""Optical_B-F01128-D002"", ""Optical_B-F01129-D001""]"
Optical_B-T0051,Optical_B,16,23,11.72,0.9322785516108972,-0.36160553765726955,-0.009906429320637173,-21.19992086985251,0.5676058742639413,"[""Optical_B-F01172-D003""]"
Optical_B-T0052,Optical_B,0,12,6.21,0.8293769841638555,-0.5586157916469933,0.009067274224979141,-33.9617108652064,-0.5195236637578894,"[""Optical_B-F00621-D003""]"
Optical_B-T0053,Optical_B,0,12,6.28,0.9324224022932182,-0.36134917416978823,-0.0039035917507201246,-21.183245741861928,0.22365990028345756,"[""Optical_B-F00628-D001""]"
Optical_B-T0054,Optical_B,0,13,6.7700000000000005,0.8634861591746209,-0.5043661856481246,0.0025305510512244637,-30.28939454467188,-0.14499004982302505,"[""Optical_B-F00677-D005""]"
Optical_B-T0054,Optical_B,1,14,7.224998979023081,0.860982510394094,-0.5086281216109941,0.002559433913148407,-30.572603609062742,-0.14664492127088252,"[""Optical_B-F00722-D003"", ""Optical_B-F00723-D003""]"
Optical_B-T0054,Optical_B,2,15,7.775002172186573,0.8578494888604632,-0.5138944635450068,0.0025951492503651775,-30.923703563738886,-0.14869126615376332,"[""Optical_B-F00777-D003"", ""Optical_B-F00778-D002""]"
Optical_B-T0054,Optical_B,3,16,8.225001758607199,0.8551955472695612,-0.5182988376126498,0.0026250447028393544,-31.218329556022223,-0.15040415524186074,"[""Optical_B-F00822-D004"", ""Optical_B-F00823-D002""]"
Optical_B-T0054,Optical_B,4,17,8.775237037266601,0.8518563738826753,-0.5237686794944553,0.0026624530219829723,-31.585513155302884,-0.15254750153796748,"[""Optical_B-F00877-D001"", ""Optical_B-F00878-D003""]"
Optical_B-T0054,Optical_B,5,18,9.225002881469635,0.8523906249828825,-0.5229055548456678,5.615011236815308e-05,-31.52735301162989,-0.0032171644595710273,"[""Optical_B-F00922-D002"", ""Optical_B-F00923-D000""]"
Optical_B-T0054,Optical_B,6,19,9.78,0.8483522840043226,-0.529432147692869,5.6691846588100285e-05,-31.967095418413507,-0.0032482035440412177,"[""Optical_B-F00978-D001""]"
Optical_B-T0054,Optical_B,7,20,10.216042674715112,0.8450321964247333,-0.5347154231387591,5.7123804171588724e-05,-32.324614230128255,-0.003272952890543851,"[""Optical_B-F01021-D002"", ""Optical_B-F01022-D002""]"
Optical_B-T0054,Optical_B,8,21,10.785001330192829,0.8407055969640782,-0.5414924707739722,5.7692041486500314e-05,-32.7852957639895,-0.003305510490503782,"[""Optical_B-F01078-D001"", ""Optical_B-F01079-D002""]"
Optical_B-T0054,Optical_B,9,22,11.215002104889418,0.8372970759687766,-0.5467482082233442,5.812658096355149e-05,-33.14421127109305,-0.0033304077686123817,"[""Optical_B-F01121-D002"", ""Optical_B-F01122-D001""]"
Optical_B-T0054,Optical_B,10,23,11.790000000000001,0.8326055963484419,-0.5538663353931382,5.8714830774877915e-05,-33.63266629620084,-0.0033641120001582695,"[""Optical_B-F01179-D002""]"
Optical_B-T0055,Optical_B,0,13,6.795003088726593,0.8245219488662785,-0.5657548457508271,0.009220105596566835,-34.45639665026764,-0.5282806224150434,"[""Optical_B-F00679-D002"", ""Optical_B-F00680-D003""]"
Optical_B-T0055,Optical_B,1,14,7.205001438241674,0.8209826904656853,-0.5708768475478504,0.009329892258395343,-34.81312769885364,-0.534571205369229,"[""Optical_B-F00720-D003"", ""Optical_B-F00721-D002""]"
Optical_B-T0055,Optical_B,2,15,7.8,0.8156348234719969,-0.5784891638165535,0.009493265330186105,-35.3461796531808,-0.5439322074770807,"[""Optical_B-F00780-D003""]"
Optical_B-T0056,Optical_B,0,14,7.275143367063876,0.9301199967818119,-0.3672339738099997,-0.004000008289829196,-21.54531107122274,0.22918420418773675,"[""Optical_B-F00727-D001"", ""Optical_B-F00728-D001""]"
Optical_B-T0056,Optical_B,1,15,7.725003504502299,0.9290409908592641,-0.36995469228797706,-0.004045115244992469,-21.713009735059927,0.23176866325515205,"[""Optical_B-F00772-D001"", ""Optical_B-F00773-D000""]"
Optical_B-T0056,Optical_B,2,16,8.27500005881401,0.9276664638443697,-0.37338734391136885,-0.0041016174000004435,-21.92486985037626,0.23500602512870603,"[""Optical_B-F00827-D000"", ""Optical_B-F00828-D001""]"
Optical_B-T0056,Optical_B,3,17,8.725001808585471,0.9265031643396098,-0.37626409919498505,-0.004148990922675683,-22.102663725111398,0.23772035113539916,"[""Optical_B-F00872-D001"", ""Optical_B-F00873-D000""]"
Optical_B-T0056,Optical_B,4,18,9.275001794206904,0.9250317524173138,-0.379866485609989,-0.004208340536280422,-22.325621064615817,0.2411208631999026,"[""Optical_B-F00927-D000"", ""Optical_B-F00928-D001""]"
Optical_B-T0056,Optical_B,5,19,9.725000244109275,0.9237853947113346,-0.3828869452848852,-0.004258127338780194,-22.512837029483862,0.2439734624186735,"[""Optical_B-F00972-D001"", ""Optical_B-F00973-D000""]"
Optical_B-T0056,Optical_B,6,20,10.27,0.9222220664360687,-0.3866365193531711,-0.004319963061445962,-22.74559916616813,0.24751642093924864,"[""Optical_B-F01027-D000""]"
Optical_B-T0056,Optical_B,7,21,10.73,0.9208545129613348,-0.3898818261530225,-0.004373510526729488,-22.947378485249146,0.25058449368839,"[""Optical_B-F01073-D000""]"
Optical_B-T0056,Optical_B,8,22,11.27,0.919190090295696,-0.39378913383376235,-0.0044380149442698694,-23.19071854650514,0.25428036044398244,"[""Optical_B-F01127-D001""]"
Optical_B-T0056,Optical_B,9,23,11.735004051798171,0.9177030958370545,-0.3972415165989361,-0.004495039628661779,-23.40609579577186,0.25754766677947144,"[""Optical_B-F01173-D001"", ""Optical_B-F01174-D000""]"
Optical_B-T0057,Optical_B,0,16,8.22,0.8456961206431928,-0.5336497260641526,-0.004005171745286794,-32.25267541055187,0.2294800507630093,"[""Optical_B-F00822-D001""]"
Optical_B-T0057,Optical_B,1,17,8.785002682574216,0.8426937885698679,-0.5383778937363797,-0.00405243651923722,-32.573583739807916,0.23218814480824285,"[""Optical_B-F00878-D001"", ""Optical_B-F00879-D000""]"
Optical_B-T0057,Optical_B,2,18,9.215000600631729,0.8403427727334223,-0.5420399466855088,-0.004089072251090345,-32.82292409057715,0.23428723501504456,"[""Optical_B-F00921-D001"", ""Optical_B-F00922-D001""]"
Optical_B-T0057,Optical_B,3,19,9.78,0.8371633791613953,-0.5469372474699619,-0.0041381059744598795,-33.1574685107574,0.2370966841885221,"[""Optical_B-F00978-D000""]"
Optical_B-T0057,Optical_B,4,20,10.213626878732834,0.8347219536480711,-0.550655806549733,-0.004176459147471723,-33.412345324691564,0.2392941781228945,"[""Optical_B-F01021-D001"", ""Optical_B-F01022-D001""]"
Optical_B-T0057,Optical_B,5,21,10.790000000000001,0.8312109099467301,-0.5559411335989731,-0.0042283753638837195,-33.77590479393719,0.24226878447827613,"[""Optical_B-F01079-D001""]"
Optical_B-T0057,Optical_B,6,22,11.21,0.8286289572891063,-0.5597819615232767,-0.004266930409700464,-34.041072628633735,0.2444778458112912,"[""Optical_B-F01121-D001""]"
Optical_B-T0057,Optical_B,7,23,11.795002501861553,0.8249225405557014,-0.5652292679349271,-0.004321660892956714,-34.41858020962271,0.24761370042721892,"[""Optical_B-F01179-D001"", ""Optical_B-F01180-D000""]"
Optical_B-T0058,Optical_B,0,17,8.8,0.812127712828199,-0.5834500593225102,-0.005882714764280852,-35.69428135941325,0.3370566721408909,"[""Optical_B-F00880-D000""]"
Optical_B-T0059,Optical_B,0,17,8.805002756542422,0.8075587381586851,-0.5897616092871211,-0.005488955694639218,-36.14072343998443,0.3144955744709827,"[""Optical_B-F00880-D001"", ""Optical_B-F00881-D001""]"
Optical_B-T0059,Optical_B,1,18,9.195439671953675,0.8096597618477361,-0.5868696094290271,-0.005927189324495523,-35.935908954730635,0.3396049211642472,"[""Optical_B-F00919-D000"", ""Optical_B-F00920-D000""]"
Optical_B-T0060,Optical_B,0,17,8.805002905759634,0.805992273134483,-0.5918452474330437,0.00978052853523395,-36.29007451621205,-0.5603919411160234,"[""Optical_B-F00880-D002"", ""Optical_B-F00881-D002""]"
Optical_B-T0060,Optical_B,1,18,9.195001942198491,0.8020296515754608,-0.5972022334448542,0.009895977072670314,-36.67187310104683,-0.5670069752121115,"[""Optical_B-F00919-D003"", ""Optical_B-F00920-D001""]"
Optical_B-T0060,Optical_B,2,19,9.81,0.7955115458980984,-0.6058545362801906,0.01008271845947081,-37.292576826917106,-0.5777070024272474,"[""Optical_B-F00981-D003""]"
Optical_B-T0060,Optical_B,3,20,10.187450115016752,0.7912115966254324,-0.6114574092083098,0.010200298510122795,-37.69726144745065,-0.5844441895578346,"[""Optical_B-F01018-D002"", ""Optical_B-F01019-D003""]"
Optical_B-T0060,Optical_B,4,21,10.815001819962912,0.7840991917841698,-0.6205483729538057,0.01040068592912564,-38.358643232484795,-0.5959261520885087,"[""Optical_B-F01081-D002"", ""Optical_B-F01082-D002""]"
Optical_B-T0060,Optical_B,5,22,11.19,0.7796793338136622,-0.6260905611083151,0.010523578999521836,-38.76482425956103,-0.6029677917442083,"[""Optical_B-F01119-D002""]"
Optical_B-T0060,Optical_B,6,23,11.823487483217322,0.7714685082130406,-0.6361769155924423,0.010736521915041791,-39.5100520783255,-0.6151692114910979,"[""Optical_B-F01182-D002"", ""Optical_B-F01183-D002""]"
Optical_B-T0061,Optical_B,0,17,8.805000831863497,0.8022139631245463,-0.5970325065938746,-0.0022233844121210323,-36.65776631273373,0.12739064800782474,"[""Optical_B-F00880-D003"", ""Optical_B-F00881-D003""]"
Optical_B-T0061,Optical_B,1,18,9.19,0.8032429461639027,-0.5956258646523469,-0.005531617763184378,-36.55791145831873,0.31693996805426405,"[""Optical_B-F00919-D002""]"
Optical_B-T0061,Optical_B,2,19,9.80500204795661,0.8058384327679481,-0.5921051073324998,-0.0059968445757787895,-36.30729273118005,0.34359594401688187,"[""Optical_B-F00980-D000"", ""Optical_B-F00981-D000""]"
Optical_B-T0061,Optical_B,3,20,10.19500105514446,0.8033061052168875,-0.5955357200332639,-0.006042142479017876,-36.551607152873984,0.3461913697156411,"[""Optical_B-F01019-D000"", ""Optical_B-F01020-D000""]"
Optical_B-T0062,Optical_B,0,18,9.19,0.7959766457717379,-0.6053231599600182,-0.0022475324227999582,-37.25220985799433,0.12877423056047274,"[""Optical_B-F00919-D004""]"
Optical_B-T0062,Optical_B,1,19,9.81,0.7960587370264544,-0.6051934525822723,-0.005601085198008048,-37.243447123576274,0.3209202205471451,"[""Optical_B-F00981-D002""]"
Optical_B-T0063,Optical_B,0,19,9.785002038876812,0.8403526233008898,-0.5419962207684057,0.006896751704866834,-32.820512768346624,-0.39515789770710097,"[""Optical_B-F00978-D003"", ""Optical_B-F00979-D003""]"
Optical_B-T0064,Optical_B,0,19,9.815001654228503,0.785369340569738,-0.6190232362700269,-0.0022873239467546135,-38.24495918040136,0.13105412280435202,"[""Optical_B-F00981-D004"", ""Optical_B-F00982-D001""]"
Optical_B-T0064,Optical_B,1,20,10.185001391350726,0.7828007542191219,-0.6222480970145349,-0.0055031768792147264,-38.48117858033298,0.31531040063355864,"[""Optical_B-F01018-D000"", ""Optical_B-F01019-D001""]"
Optical_B-T0065,Optical_B,0,20,10.188673818037948,0.7914563637951594,-0.6111996151874161,-0.005643988208601638,-37.676998316196865,0.3233784208385018,"[""Optical_B-F01018-D001"", ""Optical_B-F01019-D002""]"
Optical_B-T0066,Optical_B,0,20,10.215002461333658,0.835785586735933,-0.5490117736237078,0.00696601945324521,-33.300156066063046,-0.39912674268729936,"[""Optical_B-F01021-D005"", ""Optical_B-F01022-D005""]"
Optical_B-T0067,Optical_B,0,21,10.790000000000001,0.8294389505820121,-0.5585527575837471,0.007060046246483343,-33.95673185284896,-0.4045142135896009,"[""Optical_B-F01079-D005""]"
Optical_B-T0067,Optical_B,1,22,11.2065351544463,0.8277893470228337,-0.5609384537267914,0.01062299798112825,-34.12291367353618,-0.6086643982294276,"[""Optical_B-F01120-D002"", ""Optical_B-F01121-D005""]"
Optical_B-T0068,Optical_B,0,21,10.804999399467357,0.7992376021509722,-0.6009840866849722,-0.00611415238560144,-36.941215515719854,0.35031730966171337,"[""Optical_B-F01080-D000"", ""Optical_B-F01081-D000""]"
Optical_B-T0068,Optical_B,1,22,11.19,0.7965996741722633,-0.6044758136666722,-0.006160340953115774,-37.19195623055649,0.3529637694832532,"[""Optical_B-F01119-D000""]"
Optical_B-T0068,Optical_B,2,23,11.81,0.792234386867036,-0.6101850450698386,-0.0062359472841437905,-37.60374216989418,0.3572957763687924,"[""Optical_B-F01181-D000""]"
Optical_B-T0069,Optical_B,0,21,10.815000738053234,0.7837706344298534,-0.6210240929506068,-0.00571564347216929,-38.39169934824095,0.32748403124636655,"[""Optical_B-F01081-D001"", ""Optical_B-F01082-D001""]"
Optical_B-T0069,Optical_B,1,22,11.183252794599714,0.7791668446810459,-0.6267901331214536,-0.0057582264086645666,-38.81446354076191,0.3299238939382301,"[""Optical_B-F01118-D001"", ""Optical_B-F01119-D001""]"
Optical_B-T0069,Optical_B,2,23,11.825003185743459,0.7705732073516185,-0.6373248051645718,-0.005833080985228105,-39.59343116232743,0.3342128172857797,"[""Optical_B-F01182-D001"", ""Optical_B-F01183-D001""]"
Optical_B-T0070,Optical_B,0,21,10.825002044686324,0.7668866704211036,-0.641778230960215,-0.0023530822362370593,-39.92467860976466,0.13482180540175087,"[""Optical_B-F01082-D003"", ""Optical_B-F01083-D000""]"
Optical_B-T0071,Optical_B,0,22,11.13,0.6634017296884657,-0.7482235277790387,-0.007726417296662332,-48.43865668958738,0.4426955065677567,"[""Optical_B-F01113-D002""]"
Optical_B-T0072,Optical_B,0,22,11.175003350296592,0.7600713207304991,-0.6498353182105236,-0.0023762595022828476,-40.5293250257217,0.1361497686396263,"[""Optical_B-F01117-D000"", ""Optical_B-F01118-D002""]"
Optical_B-T0073,Optical_B,0,23,11.795001365143845,0.8204950988927313,-0.5715518769809141,0.010781679488893619,-34.86083370896513,-0.6177566996519602,"[""Optical_B-F01179-D005"", ""Optical_B-F01180-D003""]"
Optical_B-T0074,Optical_B,0,23,11.835002186097753,0.7466108786300896,-0.6652565950578427,-0.0024204634372375342,-41.702163226108866,0.1386824748348548,"[""Optical_B-F01183-D003"", ""Optical_B-F01184-D000""]"
Optical_B-T0075,Optical_B,0,23,11.874998837451141,0.6497543755196277,-0.7601039864546443,-0.007821845617026604,-49.47541633321274,0.44816331180442387,"[""Optical_B-F01187-D002"", ""Optical_B-F01188-D002""]"
