seed,scenario_id,scenario_kind,cycle_index,step_id,event_type,timestamp_s,input_snapshot_sha256,target_count,resource_count,paired_rule_matrix_equal,treatment_cost_matrix_changed,treatment_changed_cost_count,treatment_max_abs_cost_change,binding_difference,binding_symmetric_difference_count,rule_bindings,treatment_bindings,rule_plan_token,rule_plan_version,rule_input_previous_plan_token,rule_declared_previous_plan_token,rule_lineage_state,treatment_plan_token,treatment_plan_version,treatment_input_previous_plan_token,treatment_declared_previous_plan_token,treatment_lineage_state,rule_churn,treatment_churn,rule_cost_on_rule_matrix,treatment_cost_on_rule_matrix,rule_high_threat_unmet,treatment_high_threat_unmet,rule_duplicate_resource_count,treatment_duplicate_resource_count,rule_hard_constraint_violation_count,treatment_hard_constraint_violation_count,rule_stale_version_adoption_count,treatment_stale_version_adoption_count,treatment_learning_applied,treatment_fallback_reason,treatment_fallback_exact_rule_matrix,treatment_inference_elapsed_ms,online_truth_use_count,ppo_enabled,online_assist_enabled,online_authority_enabled,runtime_publication_allowed,schema_version
1000,hungarian_switch_boundary,hungarian_switch_boundary,0,cycle-00,baseline,0.0,c4ce59555d91eec673655d5f270714250afac318df252395487a9f8646771cb7,1,2,True,True,2,0.13638363507163564,False,0,target-000->resource-000,target-000->resource-000,R-P0001,1,,,initial,T-P0001,1,,,initial,0,0,2.3738333333333337,2.3738333333333337,0,0,0,0,0,0,0,0,True,,True,1.0143820545636117,0,False,False,False,False,d3.multi-cycle-shadow-cycle.v1
1000,hungarian_switch_boundary,hungarian_switch_boundary,1,cycle-01,hungarian_boundary_crossing,3.0,dd460a56229ae4b7c243d3031e47b6ac27b8a624471cc0a26dc57de6d8cd5bc3,1,2,True,True,2,0.19641752192645923,True,2,target-000->resource-001,target-000->resource-000,R-P0002,2,R-P0001,R-P0001,advanced,T-P0001,1,T-P0001,,evaluation_refresh,2,0,2.3738333333333337,2.378,0,0,0,0,0,0,0,0,True,,True,0.3326489822939038,0,False,False,False,False,d3.multi-cycle-shadow-cycle.v1
1000,hungarian_switch_boundary,hungarian_switch_boundary,2,cycle-02,hungarian_boundary_crossing,6.0,bbb6349d0ccff00e82ca11906efa1d4cb05551b80b4bd2d66ff4f94fea32a493,1,2,True,True,2,0.19646546535350407,False,0,target-000->resource-000,target-000->resource-000,R-P0003,3,R-P0002,R-P0002,advanced,T-P0001,1,T-P0001,,evaluation_refresh,2,0,2.3738333333333337,2.3738333333333337,0,0,0,0,0,0,0,0,True,,True,0.28075004229322076,0,False,False,False,False,d3.multi-cycle-shadow-cycle.v1
1000,hungarian_switch_boundary,hungarian_switch_boundary,3,cycle-03,hungarian_boundary_crossing,9.0,acfba54b4a5f85237e9a8fcfdae0ff849e1f6aaeb0502558efa86e40201570ef,1,2,True,True,2,0.19641752192645923,True,2,target-000->resource-001,target-000->resource-000,R-P0004,4,R-P0003,R-P0003,advanced,T-P0001,1,T-P0001,,evaluation_refresh,2,0,2.3738333333333337,2.378,0,0,0,0,0,0,0,0,True,,True,0.26314094429835677,0,False,False,False,False,d3.multi-cycle-shadow-cycle.v1
1000,hungarian_switch_boundary,hungarian_switch_boundary,4,cycle-04,hungarian_boundary_crossing,12.0,48f0a5dec18674ce6bf08f8be9ef79baf713ded3449b0effeae0644ff0f3fd6a,1,2,True,True,2,0.19646546535350407,False,0,target-000->resource-000,target-000->resource-000,R-P0005,5,R-P0004,R-P0004,advanced,T-P0001,1,T-P0001,,evaluation_refresh,2,0,2.3738333333333337,2.3738333333333337,0,0,0,0,0,0,0,0,True,,True,0.2563960151746869,0,False,False,False,False,d3.multi-cycle-shadow-cycle.v1
1000,hungarian_switch_boundary,hungarian_switch_boundary,5,cycle-05,hungarian_boundary_crossing,15.0,35bc1a13f545d92ed39f8aa5791ca37dd23d53435eb6928f8ee9fdbb86821f7b,1,2,True,True,2,0.19641752192645923,True,2,target-000->resource-001,target-000->resource-000,R-P0006,6,R-P0005,R-P0005,advanced,T-P0001,1,T-P0001,,evaluation_refresh,2,0,2.3738333333333337,2.378,0,0,0,0,0,0,0,0,True,,True,0.24337100330740213,0,False,False,False,False,d3.multi-cycle-shadow-cycle.v1
1000,five_resources_three_targets,resource_surplus_5x3,0,cycle-00,baseline,0.0,c2691bd4615282bb938016ecc35abe9616e18cae2d37ce6e6c748d7a2c3f2d03,3,5,True,True,15,0.16170130970786634,False,0,target-000->resource-001|target-001->resource-002|target-002->resource-003,target-000->resource-001|target-001->resource-002|target-002->resource-003,R-P0001,1,,,initial,T-P0001,1,,,initial,0,0,7.193907513161197,7.193907513161197,0,0,0,0,0,0,0,0,True,,True,0.2726090024225414,0,False,False,False,False,d3.multi-cycle-shadow-cycle.v1
1000,five_resources_three_targets,resource_surplus_5x3,1,cycle-01,kinematic_update,3.0,c2236361229f50091d7a3346ab82da50339341e763c249a821d9c81885bf3789,3,5,True,True,15,0.19682560069846966,False,0,target-000->resource-001|target-001->resource-002|target-002->resource-003,target-000->resource-001|target-001->resource-002|target-002->resource-003,R-P0001,1,R-P0001,,evaluation_refresh,T-P0001,1,T-P0001,,evaluation_refresh,0,0,7.187542225376809,7.187542225376809,0,0,0,0,0,0,0,0,True,,True,0.3224589745514095,0,False,False,False,False,d3.multi-cycle-shadow-cycle.v1
1000,five_resources_three_targets,resource_surplus_5x3,2,cycle-02,kinematic_update,6.0,a4aef70e1474cbcad9a6461190cadc7611cb45d27bb9b99710f5124118ea3ec1,3,5,True,True,15,0.1968490142317063,False,0,target-000->resource-001|target-001->resource-002|target-002->resource-003,target-000->resource-001|target-001->resource-002|target-002->resource-003,R-P0001,1,R-P0001,,evaluation_refresh,T-P0001,1,T-P0001,,evaluation_refresh,0,0,7.181778781418597,7.181778781418597,0,0,0,0,0,0,0,0,True,,True,0.33754995092749596,0,False,False,False,False,d3.multi-cycle-shadow-cycle.v1
1000,five_resources_three_targets,resource_surplus_5x3,3,cycle-03,kinematic_update,9.0,357f6f8ce3a9e6339f6f4a232a86517f6b00c823969384ea5814a42f4a3a87b1,3,5,True,True,15,0.19687347149826273,False,0,target-000->resource-001|target-001->resource-002|target-002->resource-003,target-000->resource-001|target-001->resource-002|target-002->resource-003,R-P0001,1,R-P0001,,evaluation_refresh,T-P0001,1,T-P0001,,evaluation_refresh,0,0,7.175143167623415,7.175143167623415,0,0,0,0,0,0,0,0,True,,True,0.2772610168904066,0,False,False,False,False,d3.multi-cycle-shadow-cycle.v1
1000,five_resources_three_targets,resource_surplus_5x3,4,cycle-04,kinematic_update,12.0,634c53030e69ccfccbd683da37b3e33729eaffce418c2803d81c602a998bb908,3,5,True,True,15,0.19689744357764294,False,0,target-000->resource-001|target-001->resource-002|target-002->resource-003,target-000->resource-001|target-001->resource-002|target-002->resource-003,R-P0001,1,R-P0001,,evaluation_refresh,T-P0001,1,T-P0001,,evaluation_refresh,0,0,7.169180989824091,7.169180989824091,0,0,0,0,0,0,0,0,True,,True,0.3113180282525718,0,False,False,False,False,d3.multi-cycle-shadow-cycle.v1
1000,three_resources_five_targets,resource_shortage_3x5,0,cycle-00,baseline,0.0,8d65712b19f1a22536cade9824db11c33d46e8521862d510a81fb18ffa48ca77,5,3,True,True,15,0.1615280759679072,False,0,target-002->resource-000|target-003->resource-001|target-004->resource-002,target-002->resource-000|target-003->resource-001|target-004->resource-002,R-P0001,1,,,initial,T-P0001,1,,,initial,0,0,12.75675913229097,12.75675913229097,0,0,0,0,0,0,0,0,True,,True,0.3243599785491824,0,False,False,False,False,d3.multi-cycle-shadow-cycle.v1
1000,three_resources_five_targets,resource_shortage_3x5,1,cycle-01,kinematic_update,3.0,9754c6c48246d3a5ba37db5411670550ec89ea58922542a4185d8a1c22e8afa5,5,3,True,True,15,0.19643271284947783,False,0,target-002->resource-000|target-003->resource-001|target-004->resource-002,target-002->resource-000|target-003->resource-001|target-004->resource-002,R-P0001,1,R-P0001,,evaluation_refresh,T-P0001,1,T-P0001,,evaluation_refresh,0,0,12.749780177600258,12.749780177600258,0,0,0,0,0,0,0,0,True,,True,0.302475003991276,0,False,False,False,False,d3.multi-cycle-shadow-cycle.v1
1000,three_resources_five_targets,resource_shortage_3x5,2,cycle-02,kinematic_update,6.0,fc514568316f14a126bd92a42bf653b820bd29486bec2b96e1b36c4a35ad011f,5,3,True,True,15,0.19645430662998598,False,0,target-002->resource-000|target-003->resource-001|target-004->resource-002,target-002->resource-000|target-003->resource-001|target-004->resource-002,R-P0001,1,R-P0001,,evaluation_refresh,T-P0001,1,T-P0001,,evaluation_refresh,0,0,12.743964936495484,12.743964936495484,0,0,0,0,0,0,0,0,True,,True,0.3969519748352468,0,False,False,False,False,d3.multi-cycle-shadow-cycle.v1
1000,three_resources_five_targets,resource_shortage_3x5,3,cycle-03,kinematic_update,9.0,92c4469d9f94b13d9fb023eeec982f6de166cbd46372813dc1cac1f3b1332df7,5,3,True,True,15,0.1964821825105365,False,0,target-002->resource-000|target-003->resource-001|target-004->resource-002,target-002->resource-000|target-003->resource-001|target-004->resource-002,R-P0001,1,R-P0001,,evaluation_refresh,T-P0001,1,T-P0001,,evaluation_refresh,0,0,12.737198736247663,12.737198736247663,0,0,0,0,0,0,0,0,True,,True,0.4031360149383545,0,False,False,False,False,d3.multi-cycle-shadow-cycle.v1
1000,three_resources_five_targets,resource_shortage_3x5,4,cycle-04,kinematic_update,12.0,c8e4c9f5cce8ca5c3858af9d85090b1a0f65fe6dad5e93d75ae34cbcf288b5bd,5,3,True,True,15,0.19650706170908938,False,0,target-002->resource-000|target-003->resource-001|target-004->resource-002,target-002->resource-000|target-003->resource-001|target-004->resource-002,R-P0001,1,R-P0001,,evaluation_refresh,T-P0001,1,T-P0001,,evaluation_refresh,0,0,12.731164774137827,12.731164774137827,0,0,0,0,0,0,0,0,True,,True,0.3070399980060756,0,False,False,False,False,d3.multi-cycle-shadow-cycle.v1
1000,resource_failure,resource_failure_and_recovery,0,cycle-00,baseline,0.0,eb2a7281b6b222eed2996af260094a94d0e2f356a53ba67028617ef35fde54b0,5,5,True,True,25,0.16177206342220796,False,0,target-000->resource-000|target-001->resource-001|target-002->resource-002|target-003->resource-003|target-004->resource-004,target-000->resource-000|target-001->resource-001|target-002->resource-002|target-003->resource-003|target-004->resource-004,R-P0001,1,,,initial,T-P0001,1,,,initial,0,0,11.889734446756425,11.889734446756425,0,0,0,0,0,0,0,0,True,,True,0.33495703246444464,0,False,False,False,False,d3.multi-cycle-shadow-cycle.v1
1000,resource_failure,resource_failure_and_recovery,1,cycle-01,kinematic_update,3.0,c92e594984c95320945558f64c5e0e32a2ef5a91c257141718fb5062b4406272,5,5,True,True,25,0.19682466034267154,False,0,target-000->resource-000|target-001->resource-001|target-002->resource-002|target-003->resource-003|target-004->resource-004,target-000->resource-000|target-001->resource-001|target-002->resource-002|target-003->resource-003|target-004->resource-004,R-P0001,1,R-P0001,,evaluation_refresh,T-P0001,1,T-P0001,,evaluation_refresh,0,0,11.879837101197694,11.879837101197694,0,0,0,0,0,0,0,0,True,,True,0.31180999940261245,0,False,False,False,False,d3.multi-cycle-shadow-cycle.v1
1000,resource_failure,resource_failure_and_recovery,2,cycle-02,resource_failure,6.0,b401a0e1d723dfa93303681448113a33dc6906d0d8c5c03b49a94dd6ef1044f5,5,5,True,True,20,0.19684912748264516,True,4,target-001->resource-000|target-002->resource-001|target-003->resource-003|target-004->resource-004,target-001->resource-001|target-002->resource-000|target-003->resource-003|target-004->resource-004,R-P0002,2,R-P0001,R-P0001,advanced,T-P0002,2,T-P0001,T-P0001,advanced,5,3,12.257151562119411,12.258711303659776,0,0,0,0,0,0,0,0,True,,True,0.47351798275485635,0,False,False,False,False,d3.multi-cycle-shadow-cycle.v1
1000,resource_failure,resource_failure_and_recovery,3,cycle-03,kinematic_update,9.0,bd11c16b653c7a49b9a51e57dc02cb505c8afef6ea6618de382c258f045a0777,5,5,True,True,20,0.19669475065995856,True,4,target-001->resource-000|target-002->resource-001|target-003->resource-003|target-004->resource-004,target-001->resource-001|target-002->resource-000|target-003->resource-003|target-004->resource-004,R-P0002,2,R-P0002,R-P0001,evaluation_refresh,T-P0002,2,T-P0002,T-P0001,evaluation_refresh,0,0,12.248336575318767,12.249902561030726,0,0,0,0,0,0,0,0,True,,True,0.518962973728776,0,False,False,False,False,d3.multi-cycle-shadow-cycle.v1
1000,resource_failure,resource_failure_and_recovery,4,cycle-04,resource_recovery,12.0,d8f320d0291ab4753b62ef690c6234d8a9c7a54c10b547ba318814a8a272b73a,5,5,True,True,25,0.1967208820474564,True,4,target-000->resource-000|target-001->resource-001|target-002->resource-002|target-003->resource-003|target-004->resource-004,target-000->resource-002|target-001->resource-001|target-002->resource-000|target-003->resource-003|target-004->resource-004,R-P0003,3,R-P0002,R-P0002,advanced,T-P0003,3,T-P0002,T-P0002,advanced,5,1,11.848612047668116,11.854903574579524,0,0,0,0,0,0,0,0,True,,True,0.514291983563453,0,False,False,False,False,d3.multi-cycle-shadow-cycle.v1
1000,target_add_remove,target_inventory_change,0,cycle-00,baseline,0.0,bbf7c3906b4c9b6976df01957a64f47fbdeb8dd98391a6e4479e49b65de7d26c,4,5,True,True,20,0.1617261643624439,False,0,target-000->resource-000|target-001->resource-001|target-002->resource-002|target-003->resource-003,target-000->resource-000|target-001->resource-001|target-002->resource-002|target-003->resource-003,R-P0001,1,,,initial,T-P0001,1,,,initial,0,0,9.551768062268286,9.551768062268286,0,0,0,0,0,0,0,0,True,,True,0.35373296122998,0,False,False,False,False,d3.multi-cycle-shadow-cycle.v1
1000,target_add_remove,target_inventory_change,1,cycle-01,kinematic_update,3.0,86e882ea1fa4ad86b049bd201066f9e823a8495fee5fd415bffd5e7c852e97f4,4,5,True,True,20,0.19682626913524937,False,0,target-000->resource-000|target-001->resource-001|target-002->resource-002|target-003->resource-003,target-000->resource-000|target-001->resource-001|target-002->resource-002|target-003->resource-003,R-P0001,1,R-P0001,,evaluation_refresh,T-P0001,1,T-P0001,,evaluation_refresh,0,0,9.543434728934951,9.543434728934951,0,0,0,0,0,0,0,0,True,,True,0.3246240084990859,0,False,False,False,False,d3.multi-cycle-shadow-cycle.v1
1000,target_add_remove,target_inventory_change,2,cycle-02,target_added,6.0,ef504737888acaf95a44c3010283d93ad30ba6fbc70b0132af1eb3ee6b8a1d45,5,5,True,True,25,0.19685080357168294,False,0,target-000->resource-000|target-001->resource-001|target-002->resource-002|target-003->resource-003|target-004->resource-004,target-000->resource-000|target-001->resource-001|target-002->resource-002|target-003->resource-003|target-004->resource-004,R-P0002,2,R-P0001,R-P0001,advanced,T-P0002,2,T-P0001,T-P0001,advanced,1,1,11.868987819370572,11.868987819370572,0,0,0,0,0,0,0,0,True,,True,0.32553100027143955,0,False,False,False,False,d3.multi-cycle-shadow-cycle.v1
1000,target_add_remove,target_inventory_change,3,cycle-03,kinematic_update,9.0,ba9a937fcb4692379d700a7a47e1a3d5a9c05978cc37a5ff7c2bb36650e23f9d,5,5,True,True,25,0.19687550915614827,False,0,target-000->resource-000|target-001->resource-001|target-002->resource-002|target-003->resource-003|target-004->resource-004,target-000->resource-000|target-001->resource-001|target-002->resource-002|target-003->resource-003|target-004->resource-004,R-P0002,2,R-P0002,R-P0001,evaluation_refresh,T-P0002,2,T-P0002,T-P0001,evaluation_refresh,0,0,11.858571152703906,11.858571152703906,0,0,0,0,0,0,0,0,True,,True,0.33051101490855217,0,False,False,False,False,d3.multi-cycle-shadow-cycle.v1
1000,target_add_remove,target_inventory_change,4,cycle-04,target_removed,12.0,e11b8dabf6a55c36bcc0cb9c3d7c159604d71bce115ee065cd6a7aa4f45ba8ff,4,5,True,True,20,0.19672119982284775,False,0,target-001->resource-001|target-002->resource-002|target-003->resource-003|target-004->resource-004,target-001->resource-001|target-002->resource-002|target-003->resource-003|target-004->resource-004,R-P0003,3,R-P0002,R-P0002,advanced,T-P0003,3,T-P0002,T-P0002,advanced,1,1,9.438532467269976,9.438532467269976,0,0,0,0,0,0,0,0,True,,True,0.35568897146731615,0,False,False,False,False,d3.multi-cycle-shadow-cycle.v1
1000,m_to_n_demand_change,high_threat_m_to_n_demand_change,0,cycle-00,baseline,0.0,43c2316ac88600b98f7660dcc1dfab3edc6a496594232104ac79c4abd508b05f,2,5,True,True,10,0.09800873688721956,False,0,target-000->resource-001|target-001->resource-003,target-000->resource-001|target-001->resource-003,R-P0001,1,,,initial,T-P0001,1,,,initial,0,0,4.14244741716014,4.14244741716014,0,0,0,0,0,0,0,0,True,,True,0.3635649918578565,0,False,False,False,False,d3.multi-cycle-shadow-cycle.v1
1000,m_to_n_demand_change,high_threat_m_to_n_demand_change,1,cycle-01,kinematic_update,3.0,ce507859e91df994d18949933abb13f56bc5546ba6020213e7a91fad53a31b3a,2,5,True,True,10,0.19555250237467225,False,0,target-000->resource-001|target-001->resource-003,target-000->resource-001|target-001->resource-003,R-P0001,1,R-P0001,,evaluation_refresh,T-P0001,1,T-P0001,,evaluation_refresh,0,0,4.1382814073994805,4.1382814073994805,0,0,0,0,0,0,0,0,True,,True,0.3274129703640938,0,False,False,False,False,d3.multi-cycle-shadow-cycle.v1
1000,m_to_n_demand_change,high_threat_m_to_n_demand_change,2,cycle-02,demand_increased,6.0,af2e2bf65189c54670d9bb3fa28ab23fa070dcb241e9434b3943619172055a91,2,5,True,False,0,0.0,False,0,target-000->resource-000|target-000->resource-001|target-000->resource-002|target-001->resource-003,target-000->resource-000|target-000->resource-001|target-000->resource-002|target-001->resource-003,R-P0002,2,R-P0001,R-P0001,advanced,T-P0002,2,T-P0001,T-P0001,advanced,2,2,7.763546303421174,7.763546303421174,0,0,0,0,0,0,0,0,False,out_of_distribution,True,0.0,0,False,False,False,False,d3.multi-cycle-shadow-cycle.v1
1000,m_to_n_demand_change,high_threat_m_to_n_demand_change,3,cycle-03,kinematic_update,9.0,1b7d4f27a20eba32280f713810670dfda95c218e69c2117c953bd263a182ca65,2,5,True,False,0,0.0,False,0,target-000->resource-000|target-000->resource-001|target-000->resource-002|target-001->resource-003,target-000->resource-000|target-000->resource-001|target-000->resource-002|target-001->resource-003,R-P0002,2,R-P0002,R-P0001,evaluation_refresh,T-P0002,2,T-P0002,T-P0001,evaluation_refresh,0,0,7.755219565827275,7.755219565827275,0,0,0,0,0,0,0,0,False,out_of_distribution,True,0.0,0,False,False,False,False,d3.multi-cycle-shadow-cycle.v1
1000,m_to_n_demand_change,high_threat_m_to_n_demand_change,4,cycle-04,demand_restored,12.0,dbc0cff49f5b3a398f8714495982d2dbffba19bb5f8b6f53e9959823986ee66b,2,5,True,True,10,0.19562300209088201,False,0,target-000->resource-001|target-001->resource-003,target-000->resource-001|target-001->resource-003,R-P0003,3,R-P0002,R-P0002,advanced,T-P0003,3,T-P0002,T-P0002,advanced,2,2,4.125783404611099,4.125783404611099,0,0,0,0,0,0,0,0,True,,True,0.4810690297745168,0,False,False,False,False,d3.multi-cycle-shadow-cycle.v1
1001,hungarian_switch_boundary,hungarian_switch_boundary,0,cycle-00,baseline,0.0,b8ab86bc6529ab07e283f219d4423dc755cb53d7039f361ea46a78839427682a,1,2,True,True,2,0.13638363507163564,False,0,target-000->resource-000,target-000->resource-000,R-P0001,1,,,initial,T-P0001,1,,,initial,0,0,2.3738333333333337,2.3738333333333337,0,0,0,0,0,0,0,0,True,,True,0.5028630257584155,0,False,False,False,False,d3.multi-cycle-shadow-cycle.v1
1001,hungarian_switch_boundary,hungarian_switch_boundary,1,cycle-01,hungarian_boundary_crossing,3.0,04674eaaf5be7d4926f7a8093ac5b2c2fdc60e48b785fbd5202d240b634a58e0,1,2,True,True,2,0.19641752192645923,True,2,target-000->resource-001,target-000->resource-000,R-P0002,2,R-P0001,R-P0001,advanced,T-P0001,1,T-P0001,,evaluation_refresh,2,0,2.3738333333333337,2.378,0,0,0,0,0,0,0,0,True,,True,0.31177798518911004,0,False,False,False,False,d3.multi-cycle-shadow-cycle.v1
1001,hungarian_switch_boundary,hungarian_switch_boundary,2,cycle-02,hungarian_boundary_crossing,6.0,d4ae72c942c15b13f797759885d08abbff6359eac197a6174836977d988342fc,1,2,True,True,2,0.19646546535350407,False,0,target-000->resource-000,target-000->resource-000,R-P0003,3,R-P0002,R-P0002,advanced,T-P0001,1,T-P0001,,evaluation_refresh,2,0,2.3738333333333337,2.3738333333333337,0,0,0,0,0,0,0,0,True,,True,0.2962219878099859,0,False,False,False,False,d3.multi-cycle-shadow-cycle.v1
1001,hungarian_switch_boundary,hungarian_switch_boundary,3,cycle-03,hungarian_boundary_crossing,9.0,fbb8885310428ab9531b39e53c8d0e9a5e65852e7a2837b5f54f9f07e657db3a,1,2,True,True,2,0.19641752192645923,True,2,target-000->resource-001,target-000->resource-000,R-P0004,4,R-P0003,R-P0003,advanced,T-P0001,1,T-P0001,,evaluation_refresh,2,0,2.3738333333333337,2.378,0,0,0,0,0,0,0,0,True,,True,0.2976639661937952,0,False,False,False,False,d3.multi-cycle-shadow-cycle.v1
1001,hungarian_switch_boundary,hungarian_switch_boundary,4,cycle-04,hungarian_boundary_crossing,12.0,f493230e34944d6577fe538119878adb8e6c5c97a465d286d5ddaa7e7b695e77,1,2,True,True,2,0.19646546535350407,False,0,target-000->resource-000,target-000->resource-000,R-P0005,5,R-P0004,R-P0004,advanced,T-P0001,1,T-P0001,,evaluation_refresh,2,0,2.3738333333333337,2.3738333333333337,0,0,0,0,0,0,0,0,True,,True,0.2907710149884224,0,False,False,False,False,d3.multi-cycle-shadow-cycle.v1
1001,hungarian_switch_boundary,hungarian_switch_boundary,5,cycle-05,hungarian_boundary_crossing,15.0,9ee102201f2d6263994e6ab29fdf2415df3b6ce569cebb9ea545a1217059f5be,1,2,True,True,2,0.19641752192645923,True,2,target-000->resource-001,target-000->resource-000,R-P0006,6,R-P0005,R-P0005,advanced,T-P0001,1,T-P0001,,evaluation_refresh,2,0,2.3738333333333337,2.378,0,0,0,0,0,0,0,0,True,,True,0.31118199694901705,0,False,False,False,False,d3.multi-cycle-shadow-cycle.v1
1001,five_resources_three_targets,resource_surplus_5x3,0,cycle-00,baseline,0.0,6b1e3bbf42428c9498f9397ce78651e8ab6f07d7f806f080450f002fbd403c7a,3,5,True,True,15,0.1617705389528048,False,0,target-000->resource-001|target-001->resource-002|target-002->resource-003,target-000->resource-001|target-001->resource-002|target-002->resource-003,R-P0001,1,,,initial,T-P0001,1,,,initial,0,0,7.193817200045519,7.193817200045519,0,0,0,0,0,0,0,0,True,,True,0.32985402503982186,0,False,False,False,False,d3.multi-cycle-shadow-cycle.v1
1001,five_resources_three_targets,resource_surplus_5x3,1,cycle-01,kinematic_update,3.0,45d91683d73088fe90fc5bfd7a6bca9527e52ec2a242d02193541855358772fc,3,5,True,True,15,0.196827809910475,False,0,target-000->resource-001|target-001->resource-002|target-002->resource-003,target-000->resource-001|target-001->resource-002|target-002->resource-003,R-P0001,1,R-P0001,,evaluation_refresh,T-P0001,1,T-P0001,,evaluation_refresh,0,0,7.18750307911587,7.18750307911587,0,0,0,0,0,0,0,0,True,,True,0.30370900640264153,0,False,False,False,False,d3.multi-cycle-shadow-cycle.v1
1001,five_resources_three_targets,resource_surplus_5x3,2,cycle-02,kinematic_update,6.0,769d4b8fe01a715d23dca1ba446795b9ccbb284a33203d36cdd8a63b41ce2dd3,3,5,True,True,15,0.19685224180015082,False,0,target-000->resource-001|target-001->resource-002|target-002->resource-003,target-000->resource-001|target-001->resource-002|target-002->resource-003,R-P0001,1,R-P0001,,evaluation_refresh,T-P0001,1,T-P0001,,evaluation_refresh,0,0,7.181054588143936,7.181054588143936,0,0,0,0,0,0,0,0,True,,True,0.28881599428132176,0,False,False,False,False,d3.multi-cycle-shadow-cycle.v1
1001,five_resources_three_targets,resource_surplus_5x3,3,cycle-03,kinematic_update,9.0,54226f090d64917d2db186514a55390f989358d0f5ba994517c0cd646a47a325,3,5,True,True,15,0.19687681095707843,False,0,target-000->resource-001|target-001->resource-002|target-002->resource-003,target-000->resource-001|target-001->resource-002|target-002->resource-003,R-P0001,1,R-P0001,,evaluation_refresh,T-P0001,1,T-P0001,,evaluation_refresh,0,0,7.175408832741166,7.175408832741166,0,0,0,0,0,0,0,0,True,,True,0.31318701803684235,0,False,False,False,False,d3.multi-cycle-shadow-cycle.v1
1001,five_resources_three_targets,resource_surplus_5x3,4,cycle-04,kinematic_update,12.0,6b9350fa17c9db2e893c0556363e0f2862b5d485b7596ede4ef9db53774eed3e,3,5,True,True,15,0.19690108722327615,False,0,target-000->resource-001|target-001->resource-002|target-002->resource-003,target-000->resource-001|target-001->resource-002|target-002->resource-003,R-P0001,1,R-P0001,,evaluation_refresh,T-P0001,1,T-P0001,,evaluation_refresh,0,0,7.16877298818058,7.16877298818058,0,0,0,0,0,0,0,0,True,,True,0.3612060099840164,0,False,False,False,False,d3.multi-cycle-shadow-cycle.v1
1001,three_resources_five_targets,resource_shortage_3x5,0,cycle-00,baseline,0.0,80d5784f5b8c201edbc9405038c0a3fceb1556e7d27b6d8426372670d583da56,5,3,True,True,15,0.16150951551815051,False,0,target-002->resource-000|target-003->resource-001|target-004->resource-002,target-002->resource-000|target-003->resource-001|target-004->resource-002,R-P0001,1,,,initial,T-P0001,1,,,initial,0,0,12.75592842979967,12.75592842979967,0,0,0,0,0,0,0,0,True,,True,0.38398196920752525,0,False,False,False,False,d3.multi-cycle-shadow-cycle.v1
1001,three_resources_five_targets,resource_shortage_3x5,1,cycle-01,kinematic_update,3.0,e9e00e761dd7fbab98cf85b2a9973a5173195d1e13fc51d2976f5b6990485411,5,3,True,True,15,0.19643433207865968,False,0,target-002->resource-000|target-003->resource-001|target-004->resource-002,target-002->resource-000|target-003->resource-001|target-004->resource-002,R-P0001,1,R-P0001,,evaluation_refresh,T-P0001,1,T-P0001,,evaluation_refresh,0,0,12.750039029700808,12.750039029700808,0,0,0,0,0,0,0,0,True,,True,0.3858350100927055,0,False,False,False,False,d3.multi-cycle-shadow-cycle.v1
1001,three_resources_five_targets,resource_shortage_3x5,2,cycle-02,kinematic_update,6.0,13c709c1a236363e44009acf115e41c599e3a16603297dd49e8452f383bbe059,5,3,True,True,15,0.19645704235935124,False,0,target-002->resource-000|target-003->resource-001|target-004->resource-002,target-002->resource-000|target-003->resource-001|target-004->resource-002,R-P0001,1,R-P0001,,evaluation_refresh,T-P0001,1,T-P0001,,evaluation_refresh,0,0,12.743946762958007,12.743946762958007,0,0,0,0,0,0,0,0,True,,True,0.3471599775366485,0,False,False,False,False,d3.multi-cycle-shadow-cycle.v1
1001,three_resources_five_targets,resource_shortage_3x5,3,cycle-03,kinematic_update,9.0,8b6a3a96ad17d3a7fb3538c3889a3a89917b977da7cca6bd11d12baccab2393a,5,3,True,True,15,0.19648268384031686,False,0,target-002->resource-000|target-003->resource-001|target-004->resource-002,target-002->resource-000|target-003->resource-001|target-004->resource-002,R-P0001,1,R-P0001,,evaluation_refresh,T-P0001,1,T-P0001,,evaluation_refresh,0,0,12.73720108111662,12.73720108111662,0,0,0,0,0,0,0,0,True,,True,0.35918602952733636,0,False,False,False,False,d3.multi-cycle-shadow-cycle.v1
1001,three_resources_five_targets,resource_shortage_3x5,4,cycle-04,kinematic_update,12.0,47eaf91799734f0a9dc24e97a3fd34a8bd0d7ce19b760490f12de6ae6d308a89,5,3,True,True,15,0.19650517106526744,False,0,target-002->resource-000|target-003->resource-001|target-004->resource-002,target-002->resource-000|target-003->resource-001|target-004->resource-002,R-P0001,1,R-P0001,,evaluation_refresh,T-P0001,1,T-P0001,,evaluation_refresh,0,0,12.731289744695466,12.731289744695466,0,0,0,0,0,0,0,0,True,,True,0.3133869613520801,0,False,False,False,False,d3.multi-cycle-shadow-cycle.v1
1001,resource_failure,resource_failure_and_recovery,0,cycle-00,baseline,0.0,50d0df0646e2ce44524cc3e9771886d8e77eb37d19902decf96a25ceb4d98fdb,5,5,True,True,25,0.16167504515785813,False,0,target-000->resource-000|target-001->resource-001|target-002->resource-002|target-003->resource-003|target-004->resource-004,target-000->resource-000|target-001->resource-001|target-002->resource-002|target-003->resource-003|target-004->resource-004,R-P0001,1,,,initial,T-P0001,1,,,initial,0,0,11.890128105184719,11.890128105184719,0,0,0,0,0,0,0,0,True,,True,0.29845599783584476,0,False,False,False,False,d3.multi-cycle-shadow-cycle.v1
1001,resource_failure,resource_failure_and_recovery,1,cycle-01,kinematic_update,3.0,b0b60ce0b9e2b5e8279549f670d46e2d04fb248b23d5e1df917359df7bb964ee,5,5,True,True,25,0.19682626913524937,False,0,target-000->resource-000|target-001->resource-001|target-002->resource-002|target-003->resource-003|target-004->resource-004,target-000->resource-000|target-001->resource-001|target-002->resource-002|target-003->resource-003|target-004->resource-004,R-P0001,1,R-P0001,,evaluation_refresh,T-P0001,1,T-P0001,,evaluation_refresh,0,0,11.879749861990359,11.879749861990359,0,0,0,0,0,0,0,0,True,,True,0.3292019828222692,0,False,False,False,False,d3.multi-cycle-shadow-cycle.v1
1001,resource_failure,resource_failure_and_recovery,2,cycle-02,resource_failure,6.0,4b4dafafabded5c284cc717a1a2c9984df885a053e7423484a7643bd5f050b32,5,5,True,True,20,0.19685224180015082,True,4,target-001->resource-000|target-002->resource-001|target-003->resource-003|target-004->resource-004,target-001->resource-001|target-002->resource-000|target-003->resource-003|target-004->resource-004,R-P0002,2,R-P0001,R-P0001,advanced,T-P0002,2,T-P0001,T-P0001,advanced,5,3,12.256626487539414,12.258187170588617,0,0,0,0,0,0,0,0,True,,True,0.3161850036121905,0,False,False,False,False,d3.multi-cycle-shadow-cycle.v1
1001,resource_failure,resource_failure_and_recovery,3,cycle-03,kinematic_update,9.0,7c60748d13cbceee1a0905db44b6e2a548fb871f6fd2f2e9bfccd65d2bb26b8b,5,5,True,True,20,0.19669688518429407,True,4,target-001->resource-000|target-002->resource-001|target-003->resource-003|target-004->resource-004,target-001->resource-001|target-002->resource-000|target-003->resource-003|target-004->resource-004,R-P0002,2,R-P0002,R-P0001,evaluation_refresh,T-P0002,2,T-P0002,T-P0001,evaluation_refresh,0,0,12.248631026407022,12.2501955378059,0,0,0,0,0,0,0,0,True,,True,0.2919289981946349,0,False,False,False,False,d3.multi-cycle-shadow-cycle.v1
1001,resource_failure,resource_failure_and_recovery,4,cycle-04,resource_recovery,12.0,04a38a3a2102aa5dda75db2e8dc285f1d6fdcc310568237bb15330c8a01c66fd,5,5,True,True,25,0.19672216448791735,True,4,target-000->resource-000|target-001->resource-001|target-002->resource-002|target-003->resource-003|target-004->resource-004,target-000->resource-002|target-001->resource-001|target-002->resource-000|target-003->resource-003|target-004->resource-004,R-P0003,3,R-P0002,R-P0002,advanced,T-P0003,3,T-P0002,T-P0002,advanced,5,1,11.848049882810749,11.854343174392866,0,0,0,0,0,0,0,0,True,,True,0.3144409856759012,0,False,False,False,False,d3.multi-cycle-shadow-cycle.v1
1001,target_add_remove,target_inventory_change,0,cycle-00,baseline,0.0,d107a5cc1ffb278ff1e5f3f92e923523c634ef9223395c9b0844981174d00352,4,5,True,True,20,0.16171050518407348,False,0,target-000->resource-000|target-001->resource-001|target-002->resource-002|target-003->resource-003,target-000->resource-000|target-001->resource-001|target-002->resource-002|target-003->resource-003,R-P0001,1,,,initial,T-P0001,1,,,initial,0,0,9.55238757405284,9.55238757405284,0,0,0,0,0,0,0,0,True,,True,0.3536340082064271,0,False,False,False,False,d3.multi-cycle-shadow-cycle.v1
1001,target_add_remove,target_inventory_change,1,cycle-01,kinematic_update,3.0,2d01511ed11b137c0f2c7a5cdab1044c23e47f1d54abde6f869665a5b30f131a,4,5,True,True,20,0.19682561202796833,False,0,target-000->resource-000|target-001->resource-001|target-002->resource-002|target-003->resource-003,target-000->resource-000|target-001->resource-001|target-002->resource-002|target-003->resource-003,R-P0001,1,R-P0001,,evaluation_refresh,T-P0001,1,T-P0001,,evaluation_refresh,0,0,9.544054240719507,9.544054240719507,0,0,0,0,0,0,0,0,True,,True,0.36770099541172385,0,False,False,False,False,d3.multi-cycle-shadow-cycle.v1
1001,target_add_remove,target_inventory_change,2,cycle-02,target_added,6.0,5a8643479511924b33b113b2db814edd89b323391566600a2074c2e9db71e3cd,5,5,True,True,25,0.1968501467315278,False,0,target-000->resource-000|target-001->resource-001|target-002->resource-002|target-003->resource-003|target-004->resource-004,target-000->resource-000|target-001->resource-001|target-002->resource-002|target-003->resource-003|target-004->resource-004,R-P0002,2,R-P0001,R-P0001,advanced,T-P0002,2,T-P0001,T-P0001,advanced,1,1,11.86947604211219,11.86947604211219,0,0,0,0,0,0,0,0,True,,True,0.31993899028748274,0,False,False,False,False,d3.multi-cycle-shadow-cycle.v1
1001,target_add_remove,target_inventory_change,3,cycle-03,kinematic_update,9.0,9308167746c51992000d486bfa9ef8cb0ef9ffe68a50054844d91c54e4370d22,5,5,True,True,25,0.19687485258501614,False,0,target-000->resource-000|target-001->resource-001|target-002->resource-002|target-003->resource-003|target-004->resource-004,target-000->resource-000|target-001->resource-001|target-002->resource-002|target-003->resource-003|target-004->resource-004,R-P0002,2,R-P0002,R-P0001,evaluation_refresh,T-P0002,2,T-P0002,T-P0001,evaluation_refresh,0,0,11.859059375445524,11.859059375445524,0,0,0,0,0,0,0,0,True,,True,0.3024830366484821,0,False,False,False,False,d3.multi-cycle-shadow-cycle.v1
1001,target_add_remove,target_inventory_change,4,cycle-04,target_removed,12.0,233f038b2707e717c66fe0d8afdabeb868be76efa01d5f5d9d67b0af0710a2c2,4,5,True,True,20,0.1967188618648601,False,0,target-001->resource-001|target-002->resource-002|target-003->resource-003|target-004->resource-004,target-001->resource-001|target-002->resource-002|target-003->resource-003|target-004->resource-004,R-P0003,3,R-P0002,R-P0002,advanced,T-P0003,3,T-P0002,T-P0002,advanced,1,1,9.438965147486325,9.438965147486325,0,0,0,0,0,0,0,0,True,,True,0.29739801539108157,0,False,False,False,False,d3.multi-cycle-shadow-cycle.v1
1001,m_to_n_demand_change,high_threat_m_to_n_demand_change,0,cycle-00,baseline,0.0,759b4e82da54d6790a81dbeeb93fe5645dad4b9ff69925b0276e7ef340d114f5,2,5,True,True,10,0.09800873688721956,False,0,target-000->resource-001|target-001->resource-003,target-000->resource-001|target-001->resource-003,R-P0001,1,,,initial,T-P0001,1,,,initial,0,0,4.14244741716014,4.14244741716014,0,0,0,0,0,0,0,0,True,,True,0.2981830039061606,0,False,False,False,False,d3.multi-cycle-shadow-cycle.v1
1001,m_to_n_demand_change,high_threat_m_to_n_demand_change,1,cycle-01,kinematic_update,3.0,8f14340caea5dd1351c9615cb168cfab056ce2769d0486b4ac6564ad5eff0742,2,5,True,True,10,0.19555250237467225,False,0,target-000->resource-001|target-001->resource-003,target-000->resource-001|target-001->resource-003,R-P0001,1,R-P0001,,evaluation_refresh,T-P0001,1,T-P0001,,evaluation_refresh,0,0,4.1382814073994805,4.1382814073994805,0,0,0,0,0,0,0,0,True,,True,0.30099001014605165,0,False,False,False,False,d3.multi-cycle-shadow-cycle.v1
1001,m_to_n_demand_change,high_threat_m_to_n_demand_change,2,cycle-02,demand_increased,6.0,92061c3f5aa96e83ff55fd1343a7c36e3220f6ad47325f977481b75c70404559,2,5,True,False,0,0.0,False,0,target-000->resource-000|target-000->resource-001|target-000->resource-002|target-001->resource-003,target-000->resource-000|target-000->resource-001|target-000->resource-002|target-001->resource-003,R-P0002,2,R-P0001,R-P0001,advanced,T-P0002,2,T-P0001,T-P0001,advanced,2,2,7.763546303421174,7.763546303421174,0,0,0,0,0,0,0,0,False,out_of_distribution,True,0.0,0,False,False,False,False,d3.multi-cycle-shadow-cycle.v1
1001,m_to_n_demand_change,high_threat_m_to_n_demand_change,3,cycle-03,kinematic_update,9.0,cfb64bf4c027d4e445ae5d993d31d8799d3f326f007a64f51c610f2d9e4cc962,2,5,True,False,0,0.0,False,0,target-000->resource-000|target-000->resource-001|target-000->resource-002|target-001->resource-003,target-000->resource-000|target-000->resource-001|target-000->resource-002|target-001->resource-003,R-P0002,2,R-P0002,R-P0001,evaluation_refresh,T-P0002,2,T-P0002,T-P0001,evaluation_refresh,0,0,7.755219565827275,7.755219565827275,0,0,0,0,0,0,0,0,False,out_of_distribution,True,0.0,0,False,False,False,False,d3.multi-cycle-shadow-cycle.v1
1001,m_to_n_demand_change,high_threat_m_to_n_demand_change,4,cycle-04,demand_restored,12.0,78573cbf73af2234d394858f3ac1b5983c078b5565a93da496ca6119390d9cb5,2,5,True,True,10,0.19562300209088201,False,0,target-000->resource-001|target-001->resource-003,target-000->resource-001|target-001->resource-003,R-P0003,3,R-P0002,R-P0002,advanced,T-P0003,3,T-P0002,T-P0002,advanced,2,2,4.125783404611099,4.125783404611099,0,0,0,0,0,0,0,0,True,,True,0.4174220375716686,0,False,False,False,False,d3.multi-cycle-shadow-cycle.v1
1002,hungarian_switch_boundary,hungarian_switch_boundary,0,cycle-00,baseline,0.0,4f43ad5d1b145373f550d5b0c2a42bfe26737e4472a77724d92fb95e87fd75f7,1,2,True,True,2,0.13638363507163564,False,0,target-000->resource-000,target-000->resource-000,R-P0001,1,,,initial,T-P0001,1,,,initial,0,0,2.3738333333333337,2.3738333333333337,0,0,0,0,0,0,0,0,True,,True,0.3822200233116746,0,False,False,False,False,d3.multi-cycle-shadow-cycle.v1
1002,hungarian_switch_boundary,hungarian_switch_boundary,1,cycle-01,hungarian_boundary_crossing,3.0,9ea229488036cb8c24a775285686c44e846d99e1d9c2fd97eb252fb107de80bf,1,2,True,True,2,0.19641752192645923,True,2,target-000->resource-001,target-000->resource-000,R-P0002,2,R-P0001,R-P0001,advanced,T-P0001,1,T-P0001,,evaluation_refresh,2,0,2.3738333333333337,2.378,0,0,0,0,0,0,0,0,True,,True,0.2803059760481119,0,False,False,False,False,d3.multi-cycle-shadow-cycle.v1
1002,hungarian_switch_boundary,hungarian_switch_boundary,2,cycle-02,hungarian_boundary_crossing,6.0,5caedbd62cb135b8cd1e4ab9e4d85d94b852cab9594c5b4308dc151a796d06f8,1,2,True,True,2,0.19646546535350407,False,0,target-000->resource-000,target-000->resource-000,R-P0003,3,R-P0002,R-P0002,advanced,T-P0001,1,T-P0001,,evaluation_refresh,2,0,2.3738333333333337,2.3738333333333337,0,0,0,0,0,0,0,0,True,,True,0.2613530377857387,0,False,False,False,False,d3.multi-cycle-shadow-cycle.v1
1002,hungarian_switch_boundary,hungarian_switch_boundary,3,cycle-03,hungarian_boundary_crossing,9.0,270b90b33a73c686744e0a9578b165c056d27c105da1022670f4216b908550e3,1,2,True,True,2,0.19641752192645923,True,2,target-000->resource-001,target-000->resource-000,R-P0004,4,R-P0003,R-P0003,advanced,T-P0001,1,T-P0001,,evaluation_refresh,2,0,2.3738333333333337,2.378,0,0,0,0,0,0,0,0,True,,True,0.24990399833768606,0,False,False,False,False,d3.multi-cycle-shadow-cycle.v1
1002,hungarian_switch_boundary,hungarian_switch_boundary,4,cycle-04,hungarian_boundary_crossing,12.0,f16ce51f7fe8163bee6552b156e5b53f66b37f3d48c63d0c559d5c046e3ba150,1,2,True,True,2,0.19646546535350407,False,0,target-000->resource-000,target-000->resource-000,R-P0005,5,R-P0004,R-P0004,advanced,T-P0001,1,T-P0001,,evaluation_refresh,2,0,2.3738333333333337,2.3738333333333337,0,0,0,0,0,0,0,0,True,,True,0.2725020167417824,0,False,False,False,False,d3.multi-cycle-shadow-cycle.v1
1002,hungarian_switch_boundary,hungarian_switch_boundary,5,cycle-05,hungarian_boundary_crossing,15.0,300503fc6f3588108d06f59082785c0157c918eaf83533583b107e6510543e0a,1,2,True,True,2,0.19641752192645923,True,2,target-000->resource-001,target-000->resource-000,R-P0006,6,R-P0005,R-P0005,advanced,T-P0001,1,T-P0001,,evaluation_refresh,2,0,2.3738333333333337,2.378,0,0,0,0,0,0,0,0,True,,True,0.2571039949543774,0,False,False,False,False,d3.multi-cycle-shadow-cycle.v1
1002,five_resources_three_targets,resource_surplus_5x3,0,cycle-00,baseline,0.0,1ee9f7f33a5fa645a43e6549a3a7f26feb40453436c7497363fadcb3732b7c64,3,5,True,True,15,0.16173036692490061,False,0,target-000->resource-001|target-001->resource-002|target-002->resource-003,target-000->resource-001|target-001->resource-002|target-002->resource-003,R-P0001,1,,,initial,T-P0001,1,,,initial,0,0,7.193997622322435,7.193997622322435,0,0,0,0,0,0,0,0,True,,True,0.26820501079782844,0,False,False,False,False,d3.multi-cycle-shadow-cycle.v1
1002,five_resources_three_targets,resource_surplus_5x3,1,cycle-01,kinematic_update,3.0,e1039f5f21c3c70d39ca1f8fef40c18a89fdeb27b929e7a202fc2f316d05674c,3,5,True,True,15,0.1968265523689401,False,0,target-000->resource-001|target-001->resource-002|target-002->resource-003,target-000->resource-001|target-001->resource-002|target-002->resource-003,R-P0001,1,R-P0001,,evaluation_refresh,T-P0001,1,T-P0001,,evaluation_refresh,0,0,7.187574685049164,7.187574685049164,0,0,0,0,0,0,0,0,True,,True,0.28506602393463254,0,False,False,False,False,d3.multi-cycle-shadow-cycle.v1
1002,five_resources_three_targets,resource_surplus_5x3,2,cycle-02,kinematic_update,6.0,5012a2b1b6f6831954ac6a3c4565e50862e6347988b14d33c0df6a7b886898e7,3,5,True,True,15,0.19685215120409394,False,0,target-000->resource-001|target-001->resource-002|target-002->resource-003,target-000->resource-001|target-001->resource-002|target-002->resource-003,R-P0001,1,R-P0001,,evaluation_refresh,T-P0001,1,T-P0001,,evaluation_refresh,0,0,7.181442792608787,7.181442792608787,0,0,0,0,0,0,0,0,True,,True,0.3166890237480402,0,False,False,False,False,d3.multi-cycle-shadow-cycle.v1
1002,five_resources_three_targets,resource_surplus_5x3,3,cycle-03,kinematic_update,9.0,718385a8efba2207309ccc385529755a1ef34dc2a609bd209f2ac956eaf2a50f,3,5,True,True,15,0.1968728375462092,False,0,target-000->resource-001|target-001->resource-002|target-002->resource-003,target-000->resource-001|target-001->resource-002|target-002->resource-003,R-P0001,1,R-P0001,,evaluation_refresh,T-P0001,1,T-P0001,,evaluation_refresh,0,0,7.175309465997574,7.175309465997574,0,0,0,0,0,0,0,0,True,,True,0.3118630265817046,0,False,False,False,False,d3.multi-cycle-shadow-cycle.v1
1002,five_resources_three_targets,resource_surplus_5x3,4,cycle-04,kinematic_update,12.0,ae527fab29c92bfe0f0891690f2b8f5dc7d113c9e0cb59aaa872bf02e661819d,3,5,True,True,15,0.19689740962959812,False,0,target-000->resource-001|target-001->resource-002|target-002->resource-003,target-000->resource-001|target-001->resource-002|target-002->resource-003,R-P0001,1,R-P0001,,evaluation_refresh,T-P0001,1,T-P0001,,evaluation_refresh,0,0,7.168918708367109,7.168918708367109,0,0,0,0,0,0,0,0,True,,True,0.2754309680312872,0,False,False,False,False,d3.multi-cycle-shadow-cycle.v1
1002,three_resources_five_targets,resource_shortage_3x5,0,cycle-00,baseline,0.0,adc5f495ad2179921a3cb937cbe8d51e164f5b52cc67f1b6c7451b4a27b4c765,5,3,True,True,15,0.16155185804439087,False,0,target-002->resource-000|target-003->resource-001|target-004->resource-002,target-002->resource-000|target-003->resource-001|target-004->resource-002,R-P0001,1,,,initial,T-P0001,1,,,initial,0,0,12.755937070200048,12.755937070200048,0,0,0,0,0,0,0,0,True,,True,0.2867579460144043,0,False,False,False,False,d3.multi-cycle-shadow-cycle.v1
1002,three_resources_five_targets,resource_shortage_3x5,1,cycle-01,kinematic_update,3.0,4faee26fde37705cbe6d1466ee5a4aeafc53f148bd8a6676abf9282d0e0aab3e,5,3,True,True,15,0.19643476538620597,False,0,target-002->resource-000|target-003->resource-001|target-004->resource-002,target-002->resource-000|target-003->resource-001|target-004->resource-002,R-P0001,1,R-P0001,,evaluation_refresh,T-P0001,1,T-P0001,,evaluation_refresh,0,0,12.749753318917929,12.749753318917929,0,0,0,0,0,0,0,0,True,,True,0.2885489957407117,0,False,False,False,False,d3.multi-cycle-shadow-cycle.v1
1002,three_resources_five_targets,resource_shortage_3x5,2,cycle-02,kinematic_update,6.0,f4efa26467c5c6231524000bcb32866d9bf343a99f0ddc04371d532abb151d8d,5,3,True,True,15,0.19645818221028089,False,0,target-002->resource-000|target-003->resource-001|target-004->resource-002,target-002->resource-000|target-003->resource-001|target-004->resource-002,R-P0001,1,R-P0001,,evaluation_refresh,T-P0001,1,T-P0001,,evaluation_refresh,0,0,12.743664997834426,12.743664997834426,0,0,0,0,0,0,0,0,True,,True,0.2709100372157991,0,False,False,False,False,d3.multi-cycle-shadow-cycle.v1
1002,three_resources_five_targets,resource_shortage_3x5,3,cycle-03,kinematic_update,9.0,02236de4326d54c3ab3dda80c357a196e9a47095ec4fc3fb2a3441077249d490,5,3,True,True,15,0.19648094056214083,False,0,target-002->resource-000|target-003->resource-001|target-004->resource-002,target-002->resource-000|target-003->resource-001|target-004->resource-002,R-P0001,1,R-P0001,,evaluation_refresh,T-P0001,1,T-P0001,,evaluation_refresh,0,0,12.737457394402291,12.737457394402291,0,0,0,0,0,0,0,0,True,,True,0.27160998433828354,0,False,False,False,False,d3.multi-cycle-shadow-cycle.v1
1002,three_resources_five_targets,resource_shortage_3x5,4,cycle-04,kinematic_update,12.0,c474faf659753f99ae8924731a04c30fd6ff77542153f0a68aa9d34b85661988,5,3,True,True,15,0.19650509133803062,False,0,target-002->resource-000|target-003->resource-001|target-004->resource-002,target-002->resource-000|target-003->resource-001|target-004->resource-002,R-P0001,1,R-P0001,,evaluation_refresh,T-P0001,1,T-P0001,,evaluation_refresh,0,0,12.731290171459808,12.731290171459808,0,0,0,0,0,0,0,0,True,,True,0.3634889726527035,0,False,False,False,False,d3.multi-cycle-shadow-cycle.v1
1002,resource_failure,resource_failure_and_recovery,0,cycle-00,baseline,0.0,3e6996507b442bf1d8c197e1a27b154ed5dc8ce04776562da9f23cecbee3306a,5,5,True,True,25,0.16171741212993673,False,0,target-000->resource-000|target-001->resource-001|target-002->resource-002|target-003->resource-003|target-004->resource-004,target-000->resource-000|target-001->resource-001|target-002->resource-002|target-003->resource-003|target-004->resource-004,R-P0001,1,,,initial,T-P0001,1,,,initial,0,0,11.89016059711167,11.89016059711167,0,0,0,0,0,0,0,0,True,,True,0.30210998374968767,0,False,False,False,False,d3.multi-cycle-shadow-cycle.v1
1002,resource_failure,resource_failure_and_recovery,1,cycle-01,kinematic_update,3.0,943cb0b273f22ab5b97b2ae42a50e6b6cc3d91cce1b7474dd0ed7fa4dccd35e3,5,5,True,True,25,0.19682747003696832,False,0,target-000->resource-000|target-001->resource-001|target-002->resource-002|target-003->resource-003|target-004->resource-004,target-000->resource-000|target-001->resource-001|target-002->resource-002|target-003->resource-003|target-004->resource-004,R-P0001,1,R-P0001,,evaluation_refresh,T-P0001,1,T-P0001,,evaluation_refresh,0,0,11.87907340293658,11.87907340293658,0,0,0,0,0,0,0,0,True,,True,0.3175180172547698,0,False,False,False,False,d3.multi-cycle-shadow-cycle.v1
1002,resource_failure,resource_failure_and_recovery,2,cycle-02,resource_failure,6.0,f8934470c45162497bf4adaac276f98561197bf60e7cd8715affd47a216f8954,5,5,True,True,20,0.1968496031342668,True,4,target-001->resource-000|target-002->resource-001|target-003->resource-003|target-004->resource-004,target-001->resource-001|target-002->resource-000|target-003->resource-003|target-004->resource-004,R-P0002,2,R-P0001,R-P0001,advanced,T-P0002,2,T-P0001,T-P0001,advanced,5,3,12.256674137287096,12.258234431604958,0,0,0,0,0,0,0,0,True,,True,0.3261580131947994,0,False,False,False,False,d3.multi-cycle-shadow-cycle.v1
1002,resource_failure,resource_failure_and_recovery,3,cycle-03,kinematic_update,9.0,cff5e71a506f8fefa9805a87caceaecead82c9ff5d96f68869a3a9b08b8c315a,5,5,True,True,20,0.19669817948685653,True,4,target-001->resource-000|target-002->resource-001|target-003->resource-003|target-004->resource-004,target-001->resource-001|target-002->resource-000|target-003->resource-003|target-004->resource-004,R-P0002,2,R-P0002,R-P0001,evaluation_refresh,T-P0002,2,T-P0002,T-P0001,evaluation_refresh,0,0,12.248220137370605,12.24978597060949,0,0,0,0,0,0,0,0,True,,True,0.3293610061518848,0,False,False,False,False,d3.multi-cycle-shadow-cycle.v1
1002,resource_failure,resource_failure_and_recovery,4,cycle-04,resource_recovery,12.0,7108bc3ba65bc209eb76af480ae1472380a0454c05536df228e8a05bcd1dd117,5,5,True,True,25,0.19671858947552856,True,4,target-000->resource-000|target-001->resource-001|target-002->resource-002|target-003->resource-003|target-004->resource-004,target-000->resource-002|target-001->resource-001|target-002->resource-000|target-003->resource-003|target-004->resource-004,R-P0003,3,R-P0002,R-P0002,advanced,T-P0003,3,T-P0002,T-P0002,advanced,5,1,11.848849991191994,11.855142613903531,0,0,0,0,0,0,0,0,True,,True,0.4476530011743307,0,False,False,False,False,d3.multi-cycle-shadow-cycle.v1
1002,target_add_remove,target_inventory_change,0,cycle-00,baseline,0.0,914cd2c56f0db8734ef3f344f2fc129aec2f66ce139065bb1b53d81fb66fe548,4,5,True,True,20,0.161734439361231,False,0,target-000->resource-000|target-001->resource-001|target-002->resource-002|target-003->resource-003,target-000->resource-000|target-001->resource-001|target-002->resource-002|target-003->resource-003,R-P0001,1,,,initial,T-P0001,1,,,initial,0,0,9.551951281936555,9.551951281936555,0,0,0,0,0,0,0,0,True,,True,0.35370903788134456,0,False,False,False,False,d3.multi-cycle-shadow-cycle.v1
1002,target_add_remove,target_inventory_change,1,cycle-01,kinematic_update,3.0,fb30db1bcd0dac0b97675dbb7b23e2d26da0df906e0643a33b318348edf54402,4,5,True,True,20,0.19682660901551863,False,0,target-000->resource-000|target-001->resource-001|target-002->resource-002|target-003->resource-003,target-000->resource-000|target-001->resource-001|target-002->resource-002|target-003->resource-003,R-P0001,1,R-P0001,,evaluation_refresh,T-P0001,1,T-P0001,,evaluation_refresh,0,0,9.543617948603222,9.543617948603222,0,0,0,0,0,0,0,0,True,,True,0.3069340018555522,0,False,False,False,False,d3.multi-cycle-shadow-cycle.v1
1002,target_add_remove,target_inventory_change,2,cycle-02,target_added,6.0,ecbfcad2a8ed953a92544f539cae3c48127b66cba1ad88e034dd25f58de79c9b,5,5,True,True,25,0.19685115463848835,False,0,target-000->resource-000|target-001->resource-001|target-002->resource-002|target-003->resource-003|target-004->resource-004,target-000->resource-000|target-001->resource-001|target-002->resource-002|target-003->resource-003|target-004->resource-004,R-P0002,2,R-P0001,R-P0001,advanced,T-P0002,2,T-P0001,T-P0001,advanced,1,1,11.869205055651015,11.869205055651015,0,0,0,0,0,0,0,0,True,,True,0.34828600473701954,0,False,False,False,False,d3.multi-cycle-shadow-cycle.v1
1002,target_add_remove,target_inventory_change,3,cycle-03,kinematic_update,9.0,50eb21c95b1c89afe6191b099b57be308f73da774784de82861dd2f761c05b79,5,5,True,True,25,0.19687587139922957,False,0,target-000->resource-000|target-001->resource-001|target-002->resource-002|target-003->resource-003|target-004->resource-004,target-000->resource-000|target-001->resource-001|target-002->resource-002|target-003->resource-003|target-004->resource-004,R-P0002,2,R-P0002,R-P0001,evaluation_refresh,T-P0002,2,T-P0002,T-P0001,evaluation_refresh,0,0,11.858788388984348,11.858788388984348,0,0,0,0,0,0,0,0,True,,True,0.30878098914399743,0,False,False,False,False,d3.multi-cycle-shadow-cycle.v1
1002,target_add_remove,target_inventory_change,4,cycle-04,target_removed,12.0,e90a0050ab31449e523e7bbf7346b32522c2306508aaf826fb5afb497a050bda,4,5,True,True,20,0.19671957688102015,False,0,target-001->resource-001|target-002->resource-002|target-003->resource-003|target-004->resource-004,target-001->resource-001|target-002->resource-002|target-003->resource-003|target-004->resource-004,R-P0003,3,R-P0002,R-P0002,advanced,T-P0003,3,T-P0002,T-P0002,advanced,1,1,9.438778977898817,9.438778977898817,0,0,0,0,0,0,0,0,True,,True,0.29734999407082796,0,False,False,False,False,d3.multi-cycle-shadow-cycle.v1
1002,m_to_n_demand_change,high_threat_m_to_n_demand_change,0,cycle-00,baseline,0.0,56ced6c35458749719ffd7d7a2e6695065de5cd7b3fa504181960a1c05b7427e,2,5,True,True,10,0.09800873688721956,False,0,target-000->resource-001|target-001->resource-003,target-000->resource-001|target-001->resource-003,R-P0001,1,,,initial,T-P0001,1,,,initial,0,0,4.14244741716014,4.14244741716014,0,0,0,0,0,0,0,0,True,,True,0.27506297919899225,0,False,False,False,False,d3.multi-cycle-shadow-cycle.v1
1002,m_to_n_demand_change,high_threat_m_to_n_demand_change,1,cycle-01,kinematic_update,3.0,6f6a17c95583223adfb10bd91faa08fcac85b45b1d412ef0d45baf28c9ec00bd,2,5,True,True,10,0.19555250237467225,False,0,target-000->resource-001|target-001->resource-003,target-000->resource-001|target-001->resource-003,R-P0001,1,R-P0001,,evaluation_refresh,T-P0001,1,T-P0001,,evaluation_refresh,0,0,4.1382814073994805,4.1382814073994805,0,0,0,0,0,0,0,0,True,,True,0.27952302480116487,0,False,False,False,False,d3.multi-cycle-shadow-cycle.v1
1002,m_to_n_demand_change,high_threat_m_to_n_demand_change,2,cycle-02,demand_increased,6.0,76c7561133a5145907a101530e925d654781fc877d5fa2e86737fd3f08e25a04,2,5,True,False,0,0.0,False,0,target-000->resource-000|target-000->resource-001|target-000->resource-002|target-001->resource-003,target-000->resource-000|target-000->resource-001|target-000->resource-002|target-001->resource-003,R-P0002,2,R-P0001,R-P0001,advanced,T-P0002,2,T-P0001,T-P0001,advanced,2,2,7.763546303421174,7.763546303421174,0,0,0,0,0,0,0,0,False,out_of_distribution,True,0.0,0,False,False,False,False,d3.multi-cycle-shadow-cycle.v1
1002,m_to_n_demand_change,high_threat_m_to_n_demand_change,3,cycle-03,kinematic_update,9.0,cee777b8d8a7451be423ec3c1bbd51a990b44340f5a97003356d37bfa7d8a625,2,5,True,False,0,0.0,False,0,target-000->resource-000|target-000->resource-001|target-000->resource-002|target-001->resource-003,target-000->resource-000|target-000->resource-001|target-000->resource-002|target-001->resource-003,R-P0002,2,R-P0002,R-P0001,evaluation_refresh,T-P0002,2,T-P0002,T-P0001,evaluation_refresh,0,0,7.755219565827275,7.755219565827275,0,0,0,0,0,0,0,0,False,out_of_distribution,True,0.0,0,False,False,False,False,d3.multi-cycle-shadow-cycle.v1
1002,m_to_n_demand_change,high_threat_m_to_n_demand_change,4,cycle-04,demand_restored,12.0,b6f8eb156c69d67d269018f0e814fd378dfb9e3a93b7dc01d752725594497e57,2,5,True,True,10,0.19562300209088201,False,0,target-000->resource-001|target-001->resource-003,target-000->resource-001|target-001->resource-003,R-P0003,3,R-P0002,R-P0002,advanced,T-P0003,3,T-P0002,T-P0002,advanced,2,2,4.125783404611099,4.125783404611099,0,0,0,0,0,0,0,0,True,,True,0.45590795343741775,0,False,False,False,False,d3.multi-cycle-shadow-cycle.v1
1003,hungarian_switch_boundary,hungarian_switch_boundary,0,cycle-00,baseline,0.0,4e23033a59968e6bb65a2e29f457ca7d482709312ddc26cfb13e30cca4409488,1,2,True,True,2,0.13638363507163564,False,0,target-000->resource-000,target-000->resource-000,R-P0001,1,,,initial,T-P0001,1,,,initial,0,0,2.3738333333333337,2.3738333333333337,0,0,0,0,0,0,0,0,True,,True,0.36538601852953434,0,False,False,False,False,d3.multi-cycle-shadow-cycle.v1
1003,hungarian_switch_boundary,hungarian_switch_boundary,1,cycle-01,hungarian_boundary_crossing,3.0,2f5ab986c870f1c77e6d0c1149d1c98dd9225ae971b3a41948167dd9514c719a,1,2,True,True,2,0.19641752192645923,True,2,target-000->resource-001,target-000->resource-000,R-P0002,2,R-P0001,R-P0001,advanced,T-P0001,1,T-P0001,,evaluation_refresh,2,0,2.3738333333333337,2.378,0,0,0,0,0,0,0,0,True,,True,0.2702759811654687,0,False,False,False,False,d3.multi-cycle-shadow-cycle.v1
1003,hungarian_switch_boundary,hungarian_switch_boundary,2,cycle-02,hungarian_boundary_crossing,6.0,c24f231962b1a626d995ad1c8e70f5187a126f61e5929f59c6132b341a3a246a,1,2,True,True,2,0.19646546535350407,False,0,target-000->resource-000,target-000->resource-000,R-P0003,3,R-P0002,R-P0002,advanced,T-P0001,1,T-P0001,,evaluation_refresh,2,0,2.3738333333333337,2.3738333333333337,0,0,0,0,0,0,0,0,True,,True,0.2728780382312834,0,False,False,False,False,d3.multi-cycle-shadow-cycle.v1
1003,hungarian_switch_boundary,hungarian_switch_boundary,3,cycle-03,hungarian_boundary_crossing,9.0,267ab10e6c21686414be40140a2a30e3b761a55673d0d29d000cd6eeb6398fc0,1,2,True,True,2,0.19641752192645923,True,2,target-000->resource-001,target-000->resource-000,R-P0004,4,R-P0003,R-P0003,advanced,T-P0001,1,T-P0001,,evaluation_refresh,2,0,2.3738333333333337,2.378,0,0,0,0,0,0,0,0,True,,True,0.26744703063741326,0,False,False,False,False,d3.multi-cycle-shadow-cycle.v1
1003,hungarian_switch_boundary,hungarian_switch_boundary,4,cycle-04,hungarian_boundary_crossing,12.0,279f6744b46bf748ccdb5a2d42064ff671ad0d4d0d2bc78468d67e28bf167301,1,2,True,True,2,0.19646546535350407,False,0,target-000->resource-000,target-000->resource-000,R-P0005,5,R-P0004,R-P0004,advanced,T-P0001,1,T-P0001,,evaluation_refresh,2,0,2.3738333333333337,2.3738333333333337,0,0,0,0,0,0,0,0,True,,True,0.2844659611582756,0,False,False,False,False,d3.multi-cycle-shadow-cycle.v1
1003,hungarian_switch_boundary,hungarian_switch_boundary,5,cycle-05,hungarian_boundary_crossing,15.0,b90786c25eaff01100bdd460622ee03e8e240045e930f29d7924254de88a838e,1,2,True,True,2,0.19641752192645923,True,2,target-000->resource-001,target-000->resource-000,R-P0006,6,R-P0005,R-P0005,advanced,T-P0001,1,T-P0001,,evaluation_refresh,2,0,2.3738333333333337,2.378,0,0,0,0,0,0,0,0,True,,True,0.24904398014768958,0,False,False,False,False,d3.multi-cycle-shadow-cycle.v1
1003,five_resources_three_targets,resource_surplus_5x3,0,cycle-00,baseline,0.0,40ad0a8e2bbc48bb85d5a03445876860ac79b86fe7b0ded2dba8d90387d271f4,3,5,True,True,15,0.16174218524759798,False,0,target-000->resource-001|target-001->resource-002|target-002->resource-003,target-000->resource-001|target-001->resource-002|target-002->resource-003,R-P0001,1,,,initial,T-P0001,1,,,initial,0,0,7.193963406956206,7.193963406956206,0,0,0,0,0,0,0,0,True,,True,0.2889959723688662,0,False,False,False,False,d3.multi-cycle-shadow-cycle.v1
1003,five_resources_three_targets,resource_surplus_5x3,1,cycle-01,kinematic_update,3.0,41a5a1ed4cb70ca775897be94a45019e72d84d0c93ef4cc4e8e9756905d6c97f,3,5,True,True,15,0.19682452438640397,False,0,target-000->resource-001|target-001->resource-002|target-002->resource-003,target-000->resource-001|target-001->resource-002|target-002->resource-003,R-P0001,1,R-P0001,,evaluation_refresh,T-P0001,1,T-P0001,,evaluation_refresh,0,0,7.187881519970551,7.187881519970551,0,0,0,0,0,0,0,0,True,,True,0.2730010310187936,0,False,False,False,False,d3.multi-cycle-shadow-cycle.v1
1003,five_resources_three_targets,resource_surplus_5x3,2,cycle-02,kinematic_update,6.0,7270cabd4a265fd56b7d111e1efa67272fff21fa9ed45cfc95b0f808db310971,3,5,True,True,15,0.19684979565885685,False,0,target-000->resource-001|target-001->resource-002|target-002->resource-003,target-000->resource-001|target-001->resource-002|target-002->resource-003,R-P0001,1,R-P0001,,evaluation_refresh,T-P0001,1,T-P0001,,evaluation_refresh,0,0,7.18182284243395,7.18182284243395,0,0,0,0,0,0,0,0,True,,True,0.25645102141425014,0,False,False,False,False,d3.multi-cycle-shadow-cycle.v1
1003,five_resources_three_targets,resource_surplus_5x3,3,cycle-03,kinematic_update,9.0,cd50473d527206d354744b73267bcf63993c527c722bd27a56a474ddc8d4424e,3,5,True,True,15,0.19687638079988057,False,0,target-000->resource-001|target-001->resource-002|target-002->resource-003,target-000->resource-001|target-001->resource-002|target-002->resource-003,R-P0001,1,R-P0001,,evaluation_refresh,T-P0001,1,T-P0001,,evaluation_refresh,0,0,7.17506872189187,7.17506872189187,0,0,0,0,0,0,0,0,True,,True,0.2578460262157023,0,False,False,False,False,d3.multi-cycle-shadow-cycle.v1
1003,five_resources_three_targets,resource_surplus_5x3,4,cycle-04,kinematic_update,12.0,9cf9ad59cbb77c3d885b7e4a9d22c88e3228f0cc2603f2bd8451ba39211998a6,3,5,True,True,15,0.1968980433232823,False,0,target-000->resource-001|target-001->resource-002|target-002->resource-003,target-000->resource-001|target-001->resource-002|target-002->resource-003,R-P0001,1,R-P0001,,evaluation_refresh,T-P0001,1,T-P0001,,evaluation_refresh,0,0,7.168944657111594,7.168944657111594,0,0,0,0,0,0,0,0,True,,True,0.26419200003147125,0,False,False,False,False,d3.multi-cycle-shadow-cycle.v1
1003,three_resources_five_targets,resource_shortage_3x5,0,cycle-00,baseline,0.0,195ed0154d4e79048fd7c89cfab3f6486002f7fe6f0a532b80dad492d7417acc,5,3,True,True,15,0.16148879851698972,False,0,target-002->resource-000|target-003->resource-001|target-004->resource-002,target-002->resource-000|target-003->resource-001|target-004->resource-002,R-P0001,1,,,initial,T-P0001,1,,,initial,0,0,12.756502424898645,12.756502424898645,0,0,0,0,0,0,0,0,True,,True,0.280542008113116,0,False,False,False,False,d3.multi-cycle-shadow-cycle.v1
1003,three_resources_five_targets,resource_shortage_3x5,1,cycle-01,kinematic_update,3.0,6eaff3e6f35e5ff7b58304574db005b7f4c262b5e55c3602e7b15448855d1af2,5,3,True,True,15,0.1964308427002015,False,0,target-002->resource-000|target-003->resource-001|target-004->resource-002,target-002->resource-000|target-003->resource-001|target-004->resource-002,R-P0001,1,R-P0001,,evaluation_refresh,T-P0001,1,T-P0001,,evaluation_refresh,0,0,12.750311002428031,12.750311002428031,0,0,0,0,0,0,0,0,True,,True,0.25344599271193147,0,False,False,False,False,d3.multi-cycle-shadow-cycle.v1
1003,three_resources_five_targets,resource_shortage_3x5,2,cycle-02,kinematic_update,6.0,157cba556518fcac1b4119c18c1e718f10835baa42d54c0b6fcf362fd0698ba2,5,3,True,True,15,0.19645448901577067,False,0,target-002->resource-000|target-003->resource-001|target-004->resource-002,target-002->resource-000|target-003->resource-001|target-004->resource-002,R-P0001,1,R-P0001,,evaluation_refresh,T-P0001,1,T-P0001,,evaluation_refresh,0,0,12.743811583775543,12.743811583775543,0,0,0,0,0,0,0,0,True,,True,0.24467002367600799,0,False,False,False,False,d3.multi-cycle-shadow-cycle.v1
1003,three_resources_five_targets,resource_shortage_3x5,3,cycle-03,kinematic_update,9.0,78016675d11beff0f2feba124b1f1200a37232d538bc94aa48d9d353702f5de7,5,3,True,True,15,0.1964801657557982,False,0,target-002->resource-000|target-003->resource-001|target-004->resource-002,target-002->resource-000|target-003->resource-001|target-004->resource-002,R-P0001,1,R-P0001,,evaluation_refresh,T-P0001,1,T-P0001,,evaluation_refresh,0,0,12.737665058787876,12.737665058787876,0,0,0,0,0,0,0,0,True,,True,0.24541298625990748,0,False,False,False,False,d3.multi-cycle-shadow-cycle.v1
1003,three_resources_five_targets,resource_shortage_3x5,4,cycle-04,kinematic_update,12.0,ffe32fa96f97e2face2e30cc3dad072000e3ea5dab485115d71c3ac987b6456c,5,3,True,True,15,0.19650366761976645,False,0,target-002->resource-000|target-003->resource-001|target-004->resource-002,target-002->resource-000|target-003->resource-001|target-004->resource-002,R-P0001,1,R-P0001,,evaluation_refresh,T-P0001,1,T-P0001,,evaluation_refresh,0,0,12.73142614854778,12.73142614854778,0,0,0,0,0,0,0,0,True,,True,0.2672409755177796,0,False,False,False,False,d3.multi-cycle-shadow-cycle.v1
1003,resource_failure,resource_failure_and_recovery,0,cycle-00,baseline,0.0,a3ef0def74426b9f7e618344eb312b0b93dfeb49e2738ab5d4994bdafdff1614,5,5,True,True,25,0.16173628490611058,False,0,target-000->resource-000|target-001->resource-001|target-002->resource-002|target-003->resource-003|target-004->resource-004,target-000->resource-000|target-001->resource-001|target-002->resource-002|target-003->resource-003|target-004->resource-004,R-P0001,1,,,initial,T-P0001,1,,,initial,0,0,11.889957399066695,11.889957399066695,0,0,0,0,0,0,0,0,True,,True,0.24481600848957896,0,False,False,False,False,d3.multi-cycle-shadow-cycle.v1
1003,resource_failure,resource_failure_and_recovery,1,cycle-01,kinematic_update,3.0,8b2329a7b022ecfbe19f307284de79b286f9759cb298600f9749e108e170e34b,5,5,True,True,25,0.19682597457080142,False,0,target-000->resource-000|target-001->resource-001|target-002->resource-002|target-003->resource-003|target-004->resource-004,target-000->resource-000|target-001->resource-001|target-002->resource-002|target-003->resource-003|target-004->resource-004,R-P0001,1,R-P0001,,evaluation_refresh,T-P0001,1,T-P0001,,evaluation_refresh,0,0,11.879849516052072,11.879849516052072,0,0,0,0,0,0,0,0,True,,True,0.24844397557899356,0,False,False,False,False,d3.multi-cycle-shadow-cycle.v1
1003,resource_failure,resource_failure_and_recovery,2,cycle-02,resource_failure,6.0,5e6b2cb24792281421ba579d9349816a62f6b4f5ff178e7150c7babf7352175d,5,5,True,True,20,0.19685147172933037,True,4,target-001->resource-000|target-002->resource-001|target-003->resource-003|target-004->resource-004,target-001->resource-001|target-002->resource-000|target-003->resource-003|target-004->resource-004,R-P0002,2,R-P0001,R-P0001,advanced,T-P0002,2,T-P0001,T-P0001,advanced,5,3,12.25685252018344,12.258412222515268,0,0,0,0,0,0,0,0,True,,True,0.2476009540259838,0,False,False,False,False,d3.multi-cycle-shadow-cycle.v1
1003,resource_failure,resource_failure_and_recovery,3,cycle-03,kinematic_update,9.0,46292e1eb95397e1d8f401f88bd3475bab62e62ca64018f4fd3f944c5e10a1cc,5,5,True,True,20,0.19669870174145698,True,4,target-001->resource-000|target-002->resource-001|target-003->resource-003|target-004->resource-004,target-001->resource-001|target-002->resource-000|target-003->resource-003|target-004->resource-004,R-P0002,2,R-P0002,R-P0001,evaluation_refresh,T-P0002,2,T-P0002,T-P0001,evaluation_refresh,0,0,12.248469265276725,12.250033585771455,0,0,0,0,0,0,0,0,True,,True,0.2544199815019965,0,False,False,False,False,d3.multi-cycle-shadow-cycle.v1
1003,resource_failure,resource_failure_and_recovery,4,cycle-04,resource_recovery,12.0,6b6bc30d298da93072350afd078dd926a1bd90b72eb536f330a8c38d07bf7c24,5,5,True,True,25,0.1967209274440429,True,4,target-000->resource-000|target-001->resource-001|target-002->resource-002|target-003->resource-003|target-004->resource-004,target-000->resource-002|target-001->resource-001|target-002->resource-000|target-003->resource-003|target-004->resource-004,R-P0003,3,R-P0002,R-P0002,advanced,T-P0003,3,T-P0002,T-P0002,advanced,5,1,11.848213461364725,11.854505572426273,0,0,0,0,0,0,0,0,True,,True,0.2578459680080414,0,False,False,False,False,d3.multi-cycle-shadow-cycle.v1
1003,target_add_remove,target_inventory_change,0,cycle-00,baseline,0.0,5cd8da73eb6a065aaba1e16df131508a220c3725c8832949bd50b37f1634bbcd,4,5,True,True,20,0.16170365848256152,False,0,target-000->resource-000|target-001->resource-001|target-002->resource-002|target-003->resource-003,target-000->resource-000|target-001->resource-001|target-002->resource-002|target-003->resource-003,R-P0001,1,,,initial,T-P0001,1,,,initial,0,0,9.55197961660473,9.55197961660473,0,0,0,0,0,0,0,0,True,,True,0.23021199740469456,0,False,False,False,False,d3.multi-cycle-shadow-cycle.v1
1003,target_add_remove,target_inventory_change,1,cycle-01,kinematic_update,3.0,ef94ad34060287def009629c18771df9fc5f64304f0c58f0a38819b74d1df837,4,5,True,True,20,0.19682534011941488,False,0,target-000->resource-000|target-001->resource-001|target-002->resource-002|target-003->resource-003,target-000->resource-000|target-001->resource-001|target-002->resource-002|target-003->resource-003,R-P0001,1,R-P0001,,evaluation_refresh,T-P0001,1,T-P0001,,evaluation_refresh,0,0,9.543646283271395,9.543646283271395,0,0,0,0,0,0,0,0,True,,True,0.2282939967699349,0,False,False,False,False,d3.multi-cycle-shadow-cycle.v1
1003,target_add_remove,target_inventory_change,2,cycle-02,target_added,6.0,049482ae3e37921a4017e1649577d36aa1474b0971b4f2d0de22fd5c4a8feb0c,5,5,True,True,25,0.19684986360856582,False,0,target-000->resource-000|target-001->resource-001|target-002->resource-002|target-003->resource-003|target-004->resource-004,target-000->resource-000|target-001->resource-001|target-002->resource-002|target-003->resource-003|target-004->resource-004,R-P0002,2,R-P0001,R-P0001,advanced,T-P0002,2,T-P0001,T-P0001,advanced,1,1,11.869075054589446,11.869075054589446,0,0,0,0,0,0,0,0,True,,True,0.2515559899620712,0,False,False,False,False,d3.multi-cycle-shadow-cycle.v1
1003,target_add_remove,target_inventory_change,3,cycle-03,kinematic_update,9.0,8c83c34d96d449f661495481c9dd070b877694128f5911c8f9f17849e5b97aa2,5,5,True,True,25,0.19687456957801253,False,0,target-000->resource-000|target-001->resource-001|target-002->resource-002|target-003->resource-003|target-004->resource-004,target-000->resource-000|target-001->resource-001|target-002->resource-002|target-003->resource-003|target-004->resource-004,R-P0002,2,R-P0002,R-P0001,evaluation_refresh,T-P0002,2,T-P0002,T-P0001,evaluation_refresh,0,0,11.85865838792278,11.85865838792278,0,0,0,0,0,0,0,0,True,,True,0.22697600070387125,0,False,False,False,False,d3.multi-cycle-shadow-cycle.v1
1003,target_add_remove,target_inventory_change,4,cycle-04,target_removed,12.0,9b8e3e9b0c907f83ba1d6f0bdb3722dd6a148fc6c3f4086b87285c4f7cf64dd5,4,5,True,True,20,0.19671937259155126,False,0,target-001->resource-001|target-002->resource-002|target-003->resource-003|target-004->resource-004,target-001->resource-001|target-002->resource-002|target-003->resource-003|target-004->resource-004,R-P0003,3,R-P0002,R-P0002,advanced,T-P0003,3,T-P0002,T-P0002,advanced,1,1,9.438539995143266,9.438539995143266,0,0,0,0,0,0,0,0,True,,True,0.22861099569126964,0,False,False,False,False,d3.multi-cycle-shadow-cycle.v1
1003,m_to_n_demand_change,high_threat_m_to_n_demand_change,0,cycle-00,baseline,0.0,4c3b8d4912f9f65ee4616dd85fa08402f3d4c134488283637227ed282abc9da3,2,5,True,True,10,0.09800873688721956,False,0,target-000->resource-001|target-001->resource-003,target-000->resource-001|target-001->resource-003,R-P0001,1,,,initial,T-P0001,1,,,initial,0,0,4.14244741716014,4.14244741716014,0,0,0,0,0,0,0,0,True,,True,0.22932502906769514,0,False,False,False,False,d3.multi-cycle-shadow-cycle.v1
1003,m_to_n_demand_change,high_threat_m_to_n_demand_change,1,cycle-01,kinematic_update,3.0,8bfe154d6ac0dc255f59d03bba37f8c1a8ac25ca2f3a49de9635bc9d82d45661,2,5,True,True,10,0.19555250237467225,False,0,target-000->resource-001|target-001->resource-003,target-000->resource-001|target-001->resource-003,R-P0001,1,R-P0001,,evaluation_refresh,T-P0001,1,T-P0001,,evaluation_refresh,0,0,4.1382814073994805,4.1382814073994805,0,0,0,0,0,0,0,0,True,,True,0.2890939940698445,0,False,False,False,False,d3.multi-cycle-shadow-cycle.v1
1003,m_to_n_demand_change,high_threat_m_to_n_demand_change,2,cycle-02,demand_increased,6.0,fe5c95ad8b20d837e998e43f5c8c6224c0245544e40b462d6f8476daaa37071e,2,5,True,False,0,0.0,False,0,target-000->resource-000|target-000->resource-001|target-000->resource-002|target-001->resource-003,target-000->resource-000|target-000->resource-001|target-000->resource-002|target-001->resource-003,R-P0002,2,R-P0001,R-P0001,advanced,T-P0002,2,T-P0001,T-P0001,advanced,2,2,7.763546303421174,7.763546303421174,0,0,0,0,0,0,0,0,False,out_of_distribution,True,0.0,0,False,False,False,False,d3.multi-cycle-shadow-cycle.v1
1003,m_to_n_demand_change,high_threat_m_to_n_demand_change,3,cycle-03,kinematic_update,9.0,c417972417cd8e74b72354d27739701dfa5ff68300f1cbd9117f9a9c488e7780,2,5,True,False,0,0.0,False,0,target-000->resource-000|target-000->resource-001|target-000->resource-002|target-001->resource-003,target-000->resource-000|target-000->resource-001|target-000->resource-002|target-001->resource-003,R-P0002,2,R-P0002,R-P0001,evaluation_refresh,T-P0002,2,T-P0002,T-P0001,evaluation_refresh,0,0,7.755219565827275,7.755219565827275,0,0,0,0,0,0,0,0,False,out_of_distribution,True,0.0,0,False,False,False,False,d3.multi-cycle-shadow-cycle.v1
1003,m_to_n_demand_change,high_threat_m_to_n_demand_change,4,cycle-04,demand_restored,12.0,3cb29844478700181d2880af2a60e805f73474e910219643d8c2e12d8535165a,2,5,True,True,10,0.19562300209088201,False,0,target-000->resource-001|target-001->resource-003,target-000->resource-001|target-001->resource-003,R-P0003,3,R-P0002,R-P0002,advanced,T-P0003,3,T-P0002,T-P0002,advanced,2,2,4.125783404611099,4.125783404611099,0,0,0,0,0,0,0,0,True,,True,0.2367260167375207,0,False,False,False,False,d3.multi-cycle-shadow-cycle.v1
1004,hungarian_switch_boundary,hungarian_switch_boundary,0,cycle-00,baseline,0.0,8bba927a1a62c2add2d2ced3241935ae981d533d8c3b17685eda16403ee6f585,1,2,True,True,2,0.13638363507163564,False,0,target-000->resource-000,target-000->resource-000,R-P0001,1,,,initial,T-P0001,1,,,initial,0,0,2.3738333333333337,2.3738333333333337,0,0,0,0,0,0,0,0,True,,True,0.2203910262323916,0,False,False,False,False,d3.multi-cycle-shadow-cycle.v1
1004,hungarian_switch_boundary,hungarian_switch_boundary,1,cycle-01,hungarian_boundary_crossing,3.0,a476488d989be9bf2c018b8f38df2424193985a6d79649ec815e4caaad4b4884,1,2,True,True,2,0.19641752192645923,True,2,target-000->resource-001,target-000->resource-000,R-P0002,2,R-P0001,R-P0001,advanced,T-P0001,1,T-P0001,,evaluation_refresh,2,0,2.3738333333333337,2.378,0,0,0,0,0,0,0,0,True,,True,0.22300303680822253,0,False,False,False,False,d3.multi-cycle-shadow-cycle.v1
1004,hungarian_switch_boundary,hungarian_switch_boundary,2,cycle-02,hungarian_boundary_crossing,6.0,c15699a58e4fb526487e277146fe7619e4a982d8364bccba57aeab146f7de512,1,2,True,True,2,0.19646546535350407,False,0,target-000->resource-000,target-000->resource-000,R-P0003,3,R-P0002,R-P0002,advanced,T-P0001,1,T-P0001,,evaluation_refresh,2,0,2.3738333333333337,2.3738333333333337,0,0,0,0,0,0,0,0,True,,True,0.21954195108264685,0,False,False,False,False,d3.multi-cycle-shadow-cycle.v1
1004,hungarian_switch_boundary,hungarian_switch_boundary,3,cycle-03,hungarian_boundary_crossing,9.0,97491a7e21f5effff77d727b12f44ff4def68a01f394b956eac523a5553f2ab7,1,2,True,True,2,0.19641752192645923,True,2,target-000->resource-001,target-000->resource-000,R-P0004,4,R-P0003,R-P0003,advanced,T-P0001,1,T-P0001,,evaluation_refresh,2,0,2.3738333333333337,2.378,0,0,0,0,0,0,0,0,True,,True,0.22299698321148753,0,False,False,False,False,d3.multi-cycle-shadow-cycle.v1
1004,hungarian_switch_boundary,hungarian_switch_boundary,4,cycle-04,hungarian_boundary_crossing,12.0,a62f19d73149bf15e4a9896607df26c22e6349ca8796a4491bc0398e35529e85,1,2,True,True,2,0.19646546535350407,False,0,target-000->resource-000,target-000->resource-000,R-P0005,5,R-P0004,R-P0004,advanced,T-P0001,1,T-P0001,,evaluation_refresh,2,0,2.3738333333333337,2.3738333333333337,0,0,0,0,0,0,0,0,True,,True,0.2202700125053525,0,False,False,False,False,d3.multi-cycle-shadow-cycle.v1
1004,hungarian_switch_boundary,hungarian_switch_boundary,5,cycle-05,hungarian_boundary_crossing,15.0,0441cf0302429f5c6c6086f7f88a46e6e4552482e71361dc2d2a7100745dc1b0,1,2,True,True,2,0.19641752192645923,True,2,target-000->resource-001,target-000->resource-000,R-P0006,6,R-P0005,R-P0005,advanced,T-P0001,1,T-P0001,,evaluation_refresh,2,0,2.3738333333333337,2.378,0,0,0,0,0,0,0,0,True,,True,0.26934698689728975,0,False,False,False,False,d3.multi-cycle-shadow-cycle.v1
1004,five_resources_three_targets,resource_surplus_5x3,0,cycle-00,baseline,0.0,be6cca2f97b814a2fef7e8ed0f9bbdaceb8484f2305295542266194f35949fcc,3,5,True,True,15,0.16175706035705062,False,0,target-000->resource-001|target-001->resource-002|target-002->resource-003,target-000->resource-001|target-001->resource-002|target-002->resource-003,R-P0001,1,,,initial,T-P0001,1,,,initial,0,0,7.193645534714323,7.193645534714323,0,0,0,0,0,0,0,0,True,,True,0.2201650058850646,0,False,False,False,False,d3.multi-cycle-shadow-cycle.v1
1004,five_resources_three_targets,resource_surplus_5x3,1,cycle-01,kinematic_update,3.0,8e20411702bb7441921c001fb1b0d8aa430fc7f40ffeef0ccbc186e5b4466599,3,5,True,True,15,0.19682515884636498,False,0,target-000->resource-001|target-001->resource-002|target-002->resource-003,target-000->resource-001|target-001->resource-002|target-002->resource-003,R-P0001,1,R-P0001,,evaluation_refresh,T-P0001,1,T-P0001,,evaluation_refresh,0,0,7.187784691213682,7.187784691213682,0,0,0,0,0,0,0,0,True,,True,0.2174039836972952,0,False,False,False,False,d3.multi-cycle-shadow-cycle.v1
1004,five_resources_three_targets,resource_surplus_5x3,2,cycle-02,kinematic_update,6.0,0488e0b8d1a7fa1fbfe68713db93cc8279c70c6203896c3597f175819fa895e0,3,5,True,True,15,0.19684997685790995,False,0,target-000->resource-001|target-001->resource-002|target-002->resource-003,target-000->resource-001|target-001->resource-002|target-002->resource-003,R-P0001,1,R-P0001,,evaluation_refresh,T-P0001,1,T-P0001,,evaluation_refresh,0,0,7.181566547182173,7.181566547182173,0,0,0,0,0,0,0,0,True,,True,0.2252020058222115,0,False,False,False,False,d3.multi-cycle-shadow-cycle.v1
1004,five_resources_three_targets,resource_surplus_5x3,3,cycle-03,kinematic_update,9.0,0550a389542ce782d65535a8ceba5eb6dc38cd5a70ce783167a446166bf168aa,3,5,True,True,15,0.19687426392895668,False,0,target-000->resource-001|target-001->resource-002|target-002->resource-003,target-000->resource-001|target-001->resource-002|target-002->resource-003,R-P0001,1,R-P0001,,evaluation_refresh,T-P0001,1,T-P0001,,evaluation_refresh,0,0,7.174998735284053,7.174998735284053,0,0,0,0,0,0,0,0,True,,True,0.22884103236719966,0,False,False,False,False,d3.multi-cycle-shadow-cycle.v1
1004,five_resources_three_targets,resource_surplus_5x3,4,cycle-04,kinematic_update,12.0,006ce21752e0bc23f736fc2b43de0d55d8f7e3933ab3fe1963974e5b6e6ad547,3,5,True,True,15,0.19689988778661638,False,0,target-000->resource-001|target-001->resource-002|target-002->resource-003,target-000->resource-001|target-001->resource-002|target-002->resource-003,R-P0001,1,R-P0001,,evaluation_refresh,T-P0001,1,T-P0001,,evaluation_refresh,0,0,7.169117298255294,7.169117298255294,0,0,0,0,0,0,0,0,True,,True,0.23698300356045365,0,False,False,False,False,d3.multi-cycle-shadow-cycle.v1
1004,three_resources_five_targets,resource_shortage_3x5,0,cycle-00,baseline,0.0,f751e9a0d20f76b80f2440c84e36130a21235113994293809927c4f70fb607d1,5,3,True,True,15,0.16145985259468487,False,0,target-002->resource-000|target-003->resource-001|target-004->resource-002,target-002->resource-000|target-003->resource-001|target-004->resource-002,R-P0001,1,,,initial,T-P0001,1,,,initial,0,0,12.756757031616992,12.756757031616992,0,0,0,0,0,0,0,0,True,,True,0.26229798095300794,0,False,False,False,False,d3.multi-cycle-shadow-cycle.v1
1004,three_resources_five_targets,resource_shortage_3x5,1,cycle-01,kinematic_update,3.0,45655ed9248c634c98cd25d209039187dba0a9a19fea166faeae8112606d7efa,5,3,True,True,15,0.19643443470441024,False,0,target-002->resource-000|target-003->resource-001|target-004->resource-002,target-002->resource-000|target-003->resource-001|target-004->resource-002,R-P0001,1,R-P0001,,evaluation_refresh,T-P0001,1,T-P0001,,evaluation_refresh,0,0,12.749844578045273,12.749844578045273,0,0,0,0,0,0,0,0,True,,True,0.22033898858353496,0,False,False,False,False,d3.multi-cycle-shadow-cycle.v1
1004,three_resources_five_targets,resource_shortage_3x5,2,cycle-02,kinematic_update,6.0,19f0ef4617818f63c6863defeb67fc93d2b9e4e909b8c3d3b03caff287c7eb4a,5,3,True,True,15,0.1964577832648846,False,0,target-002->resource-000|target-003->resource-001|target-004->resource-002,target-002->resource-000|target-003->resource-001|target-004->resource-002,R-P0001,1,R-P0001,,evaluation_refresh,T-P0001,1,T-P0001,,evaluation_refresh,0,0,12.743705547337196,12.743705547337196,0,0,0,0,0,0,0,0,True,,True,0.22080499911680818,0,False,False,False,False,d3.multi-cycle-shadow-cycle.v1
1004,three_resources_five_targets,resource_shortage_3x5,3,cycle-03,kinematic_update,9.0,91887f5f1af57c737ba678720701df2cc3e79c49985f25d89702b60b7f076d78,5,3,True,True,15,0.19647994926402612,False,0,target-002->resource-000|target-003->resource-001|target-004->resource-002,target-002->resource-000|target-003->resource-001|target-004->resource-002,R-P0001,1,R-P0001,,evaluation_refresh,T-P0001,1,T-P0001,,evaluation_refresh,0,0,12.737547466551366,12.737547466551366,0,0,0,0,0,0,0,0,True,,True,0.21988200023770332,0,False,False,False,False,d3.multi-cycle-shadow-cycle.v1
1004,three_resources_five_targets,resource_shortage_3x5,4,cycle-04,kinematic_update,12.0,8e48a542676cfdd35c36a64350e7d1dd7bb2700f3cafd27fe158c96ae9386134,5,3,True,True,15,0.1965034853814207,False,0,target-002->resource-000|target-003->resource-001|target-004->resource-002,target-002->resource-000|target-003->resource-001|target-004->resource-002,R-P0001,1,R-P0001,,evaluation_refresh,T-P0001,1,T-P0001,,evaluation_refresh,0,0,12.731309204135755,12.731309204135755,0,0,0,0,0,0,0,0,True,,True,0.2167350030504167,0,False,False,False,False,d3.multi-cycle-shadow-cycle.v1
1004,resource_failure,resource_failure_and_recovery,0,cycle-00,baseline,0.0,ade4c52acee3bc7bff3b3c624b61ac7218b358c157d780d07acf3042a5249cdf,5,5,True,True,25,0.16173344292768377,False,0,target-000->resource-000|target-001->resource-001|target-002->resource-002|target-003->resource-003|target-004->resource-004,target-000->resource-000|target-001->resource-001|target-002->resource-002|target-003->resource-003|target-004->resource-004,R-P0001,1,,,initial,T-P0001,1,,,initial,0,0,11.890090271499234,11.890090271499234,0,0,0,0,0,0,0,0,True,,True,0.22887700470164418,0,False,False,False,False,d3.multi-cycle-shadow-cycle.v1
1004,resource_failure,resource_failure_and_recovery,1,cycle-01,kinematic_update,3.0,05e6bd82d1642e7ca9d0d37ec279d11977dd7b5cd9c1bd1eaded5c6e482f5d90,5,5,True,True,25,0.19682532878986514,False,0,target-000->resource-000|target-001->resource-001|target-002->resource-002|target-003->resource-003|target-004->resource-004,target-000->resource-000|target-001->resource-001|target-002->resource-002|target-003->resource-003|target-004->resource-004,R-P0001,1,R-P0001,,evaluation_refresh,T-P0001,1,T-P0001,,evaluation_refresh,0,0,11.879795642791679,11.879795642791679,0,0,0,0,0,0,0,0,True,,True,0.2197439898736775,0,False,False,False,False,d3.multi-cycle-shadow-cycle.v1
1004,resource_failure,resource_failure_and_recovery,2,cycle-02,resource_failure,6.0,99c6cd3e44fbdcd72f21605d7650f2122c68af9f19355f82c189f2c8f05398de,5,5,True,True,20,0.19685115463848835,True,4,target-001->resource-000|target-002->resource-001|target-003->resource-003|target-004->resource-004,target-001->resource-001|target-002->resource-000|target-003->resource-003|target-004->resource-004,R-P0002,2,R-P0001,R-P0001,advanced,T-P0002,2,T-P0001,T-P0001,advanced,5,3,12.257417649706955,12.258977269355942,0,0,0,0,0,0,0,0,True,,True,0.23395998869091272,0,False,False,False,False,d3.multi-cycle-shadow-cycle.v1
1004,resource_failure,resource_failure_and_recovery,3,cycle-03,kinematic_update,9.0,a1b7bf633f7ec5ab1617eb1d384c28f611652a876d162230e35bcb1f68d74612,5,5,True,True,20,0.1966940239962014,True,4,target-001->resource-000|target-002->resource-001|target-003->resource-003|target-004->resource-004,target-001->resource-001|target-002->resource-000|target-003->resource-003|target-004->resource-004,R-P0002,2,R-P0002,R-P0001,evaluation_refresh,T-P0002,2,T-P0002,T-P0001,evaluation_refresh,0,0,12.248509182498562,12.25007463829828,0,0,0,0,0,0,0,0,True,,True,0.22077996982261539,0,False,False,False,False,d3.multi-cycle-shadow-cycle.v1
1004,resource_failure,resource_failure_and_recovery,4,cycle-04,resource_recovery,12.0,139c9dbca45f234ab9cd076878097e386bdec0b3a70602e585ed5e5d1b6025e7,5,5,True,True,25,0.19672065506401193,True,4,target-000->resource-000|target-001->resource-001|target-002->resource-002|target-003->resource-003|target-004->resource-004,target-000->resource-002|target-001->resource-001|target-002->resource-000|target-003->resource-003|target-004->resource-004,R-P0003,3,R-P0002,R-P0002,advanced,T-P0003,3,T-P0002,T-P0002,advanced,5,1,11.848711334992023,11.855003412287878,0,0,0,0,0,0,0,0,True,,True,0.2194480039179325,0,False,False,False,False,d3.multi-cycle-shadow-cycle.v1
1004,target_add_remove,target_inventory_change,0,cycle-00,baseline,0.0,319ce8f892458eb3aa86af104ff0aa7d393b87704ce51118b5f6208831b66394,4,5,True,True,20,0.16176175552709893,False,0,target-000->resource-000|target-001->resource-001|target-002->resource-002|target-003->resource-003,target-000->resource-000|target-001->resource-001|target-002->resource-002|target-003->resource-003,R-P0001,1,,,initial,T-P0001,1,,,initial,0,0,9.551792374301446,9.551792374301446,0,0,0,0,0,0,0,0,True,,True,0.2164380275644362,0,False,False,False,False,d3.multi-cycle-shadow-cycle.v1
1004,target_add_remove,target_inventory_change,1,cycle-01,kinematic_update,3.0,810bb5838a5ec214019567791065cbed2ab5be421031377db5a43cbea35eedab,4,5,True,True,20,0.19682774193592678,False,0,target-000->resource-000|target-001->resource-001|target-002->resource-002|target-003->resource-003,target-000->resource-000|target-001->resource-001|target-002->resource-002|target-003->resource-003,R-P0001,1,R-P0001,,evaluation_refresh,T-P0001,1,T-P0001,,evaluation_refresh,0,0,9.543459040968113,9.543459040968113,0,0,0,0,0,0,0,0,True,,True,0.23075100034475327,0,False,False,False,False,d3.multi-cycle-shadow-cycle.v1
1004,target_add_remove,target_inventory_change,2,cycle-02,target_added,6.0,6c519648afc61e6f0c0f1a1958f27589e5c02474d03af167c52c5370bc749a4e,5,5,True,True,25,0.19685228709812863,False,0,target-000->resource-000|target-001->resource-001|target-002->resource-002|target-003->resource-003|target-004->resource-004,target-000->resource-000|target-001->resource-001|target-002->resource-002|target-003->resource-003|target-004->resource-004,R-P0002,2,R-P0001,R-P0001,advanced,T-P0002,2,T-P0001,T-P0001,advanced,1,1,11.868974531309295,11.868974531309295,0,0,0,0,0,0,0,0,True,,True,0.23448903812095523,0,False,False,False,False,d3.multi-cycle-shadow-cycle.v1
1004,target_add_remove,target_inventory_change,3,cycle-03,kinematic_update,9.0,00b291118e2b5bbf631ebcd1eab44f3219e114ce580d0060754b73ea3ece14bc,5,5,True,True,25,0.19687700339483127,False,0,target-000->resource-000|target-001->resource-001|target-002->resource-002|target-003->resource-003|target-004->resource-004,target-000->resource-000|target-001->resource-001|target-002->resource-002|target-003->resource-003|target-004->resource-004,R-P0002,2,R-P0002,R-P0001,evaluation_refresh,T-P0002,2,T-P0002,T-P0001,evaluation_refresh,0,0,11.858557864642627,11.858557864642627,0,0,0,0,0,0,0,0,True,,True,0.30262902146205306,0,False,False,False,False,d3.multi-cycle-shadow-cycle.v1
1004,target_add_remove,target_inventory_change,4,cycle-04,target_removed,12.0,f6b2f3b46c81095066a31fcd8de6db3502c92a88af556d0642444f6b45c5f207,4,5,True,True,20,0.1967210749827144,False,0,target-001->resource-001|target-002->resource-002|target-003->resource-003|target-004->resource-004,target-001->resource-001|target-002->resource-002|target-003->resource-003|target-004->resource-004,R-P0003,3,R-P0002,R-P0002,advanced,T-P0003,3,T-P0002,T-P0002,advanced,1,1,9.438645299562575,9.438645299562575,0,0,0,0,0,0,0,0,True,,True,0.2404979895800352,0,False,False,False,False,d3.multi-cycle-shadow-cycle.v1
1004,m_to_n_demand_change,high_threat_m_to_n_demand_change,0,cycle-00,baseline,0.0,ab2aa9b23823b490eaf9c833b7c7f79c5e8e816030a270c328171d7a16c44a08,2,5,True,True,10,0.09800873688721956,False,0,target-000->resource-001|target-001->resource-003,target-000->resource-001|target-001->resource-003,R-P0001,1,,,initial,T-P0001,1,,,initial,0,0,4.14244741716014,4.14244741716014,0,0,0,0,0,0,0,0,True,,True,0.254568993113935,0,False,False,False,False,d3.multi-cycle-shadow-cycle.v1
1004,m_to_n_demand_change,high_threat_m_to_n_demand_change,1,cycle-01,kinematic_update,3.0,a77735faf17a21b2f477af46d69ba70846f9aa1b2f8f4f40735f9ed54988f663,2,5,True,True,10,0.19555250237467225,False,0,target-000->resource-001|target-001->resource-003,target-000->resource-001|target-001->resource-003,R-P0001,1,R-P0001,,evaluation_refresh,T-P0001,1,T-P0001,,evaluation_refresh,0,0,4.1382814073994805,4.1382814073994805,0,0,0,0,0,0,0,0,True,,True,0.22537301992997527,0,False,False,False,False,d3.multi-cycle-shadow-cycle.v1
1004,m_to_n_demand_change,high_threat_m_to_n_demand_change,2,cycle-02,demand_increased,6.0,38071dd3b5ec6ce0d59285f709bbd8feb99a4b60832d3b5a0ee175fdef71d09c,2,5,True,False,0,0.0,False,0,target-000->resource-000|target-000->resource-001|target-000->resource-002|target-001->resource-003,target-000->resource-000|target-000->resource-001|target-000->resource-002|target-001->resource-003,R-P0002,2,R-P0001,R-P0001,advanced,T-P0002,2,T-P0001,T-P0001,advanced,2,2,7.763546303421174,7.763546303421174,0,0,0,0,0,0,0,0,False,out_of_distribution,True,0.0,0,False,False,False,False,d3.multi-cycle-shadow-cycle.v1
1004,m_to_n_demand_change,high_threat_m_to_n_demand_change,3,cycle-03,kinematic_update,9.0,2d040ceadab685990a9712e1a11ff557bd98704606574859cad35e1ba2665716,2,5,True,False,0,0.0,False,0,target-000->resource-000|target-000->resource-001|target-000->resource-002|target-001->resource-003,target-000->resource-000|target-000->resource-001|target-000->resource-002|target-001->resource-003,R-P0002,2,R-P0002,R-P0001,evaluation_refresh,T-P0002,2,T-P0002,T-P0001,evaluation_refresh,0,0,7.755219565827275,7.755219565827275,0,0,0,0,0,0,0,0,False,out_of_distribution,True,0.0,0,False,False,False,False,d3.multi-cycle-shadow-cycle.v1
1004,m_to_n_demand_change,high_threat_m_to_n_demand_change,4,cycle-04,demand_restored,12.0,576dd05ad13e14e121edf7d535e4ae687a85561f2b53d3d12b8713c60476c283,2,5,True,True,10,0.19562300209088201,False,0,target-000->resource-001|target-001->resource-003,target-000->resource-001|target-001->resource-003,R-P0003,3,R-P0002,R-P0002,advanced,T-P0003,3,T-P0002,T-P0002,advanced,2,2,4.125783404611099,4.125783404611099,0,0,0,0,0,0,0,0,True,,True,0.2608879585750401,0,False,False,False,False,d3.multi-cycle-shadow-cycle.v1
1005,hungarian_switch_boundary,hungarian_switch_boundary,0,cycle-00,baseline,0.0,d1fc0fd627ec99acca0644bcddfae4e8f9049d75ed538a9d022416137bf5847f,1,2,True,True,2,0.13638363507163564,False,0,target-000->resource-000,target-000->resource-000,R-P0001,1,,,initial,T-P0001,1,,,initial,0,0,2.3738333333333337,2.3738333333333337,0,0,0,0,0,0,0,0,True,,True,0.23741601034998894,0,False,False,False,False,d3.multi-cycle-shadow-cycle.v1
1005,hungarian_switch_boundary,hungarian_switch_boundary,1,cycle-01,hungarian_boundary_crossing,3.0,8ef3138b527cbad9d345d42e5693fdd171f45341de316b03d54ac48c6fde49c4,1,2,True,True,2,0.19641752192645923,True,2,target-000->resource-001,target-000->resource-000,R-P0002,2,R-P0001,R-P0001,advanced,T-P0001,1,T-P0001,,evaluation_refresh,2,0,2.3738333333333337,2.378,0,0,0,0,0,0,0,0,True,,True,0.21341495448723435,0,False,False,False,False,d3.multi-cycle-shadow-cycle.v1
1005,hungarian_switch_boundary,hungarian_switch_boundary,2,cycle-02,hungarian_boundary_crossing,6.0,1809422ac2e595dca30891988cfb3948da0ff32b2b26cfbd2269413f47560e7d,1,2,True,True,2,0.19646546535350407,False,0,target-000->resource-000,target-000->resource-000,R-P0003,3,R-P0002,R-P0002,advanced,T-P0001,1,T-P0001,,evaluation_refresh,2,0,2.3738333333333337,2.3738333333333337,0,0,0,0,0,0,0,0,True,,True,0.21176401060074568,0,False,False,False,False,d3.multi-cycle-shadow-cycle.v1
1005,hungarian_switch_boundary,hungarian_switch_boundary,3,cycle-03,hungarian_boundary_crossing,9.0,bbcd03eaf1d0d3ee652e622e17600cb3ee59d018fde5e20268875f1eb6ece2a8,1,2,True,True,2,0.19641752192645923,True,2,target-000->resource-001,target-000->resource-000,R-P0004,4,R-P0003,R-P0003,advanced,T-P0001,1,T-P0001,,evaluation_refresh,2,0,2.3738333333333337,2.378,0,0,0,0,0,0,0,0,True,,True,0.20973000209778547,0,False,False,False,False,d3.multi-cycle-shadow-cycle.v1
1005,hungarian_switch_boundary,hungarian_switch_boundary,4,cycle-04,hungarian_boundary_crossing,12.0,ddf3bbf743d87d574887d9a14d4b7a342fec8784ea45e360e88a01f586d59972,1,2,True,True,2,0.19646546535350407,False,0,target-000->resource-000,target-000->resource-000,R-P0005,5,R-P0004,R-P0004,advanced,T-P0001,1,T-P0001,,evaluation_refresh,2,0,2.3738333333333337,2.3738333333333337,0,0,0,0,0,0,0,0,True,,True,0.2117939875461161,0,False,False,False,False,d3.multi-cycle-shadow-cycle.v1
1005,hungarian_switch_boundary,hungarian_switch_boundary,5,cycle-05,hungarian_boundary_crossing,15.0,43345ea67bc4abf33c754bc371bf7f4e3aa78d15dd6e8325ad059f0295c6695d,1,2,True,True,2,0.19641752192645923,True,2,target-000->resource-001,target-000->resource-000,R-P0006,6,R-P0005,R-P0005,advanced,T-P0001,1,T-P0001,,evaluation_refresh,2,0,2.3738333333333337,2.378,0,0,0,0,0,0,0,0,True,,True,0.20963704446330667,0,False,False,False,False,d3.multi-cycle-shadow-cycle.v1
1005,five_resources_three_targets,resource_surplus_5x3,0,cycle-00,baseline,0.0,d20a11e75f983e6e462c5fadf490a001ea43d114c1b2502e11021a1082a5c18c,3,5,True,True,15,0.16166281227842294,False,0,target-000->resource-001|target-001->resource-002|target-002->resource-003,target-000->resource-001|target-001->resource-002|target-002->resource-003,R-P0001,1,,,initial,T-P0001,1,,,initial,0,0,7.194148501716408,7.194148501716408,0,0,0,0,0,0,0,0,True,,True,0.2158290008082986,0,False,False,False,False,d3.multi-cycle-shadow-cycle.v1
1005,five_resources_three_targets,resource_surplus_5x3,1,cycle-01,kinematic_update,3.0,d7c1f2cb23bc71462ba5d6070bc50b5172f80cbdf2c3b2676fe7bf76fa27c671,3,5,True,True,15,0.19682411651576448,False,0,target-000->resource-001|target-001->resource-002|target-002->resource-003,target-000->resource-001|target-001->resource-002|target-002->resource-003,R-P0001,1,R-P0001,,evaluation_refresh,T-P0001,1,T-P0001,,evaluation_refresh,0,0,7.187947395596704,7.187947395596704,0,0,0,0,0,0,0,0,True,,True,0.22354599786922336,0,False,False,False,False,d3.multi-cycle-shadow-cycle.v1
1005,five_resources_three_targets,resource_surplus_5x3,2,cycle-02,kinematic_update,6.0,825686c5c4aecd94ad7dedeecb3006707f7f10f7fb9be88297949c005558d2c6,3,5,True,True,15,0.19685029395494302,False,0,target-000->resource-001|target-001->resource-002|target-002->resource-003,target-000->resource-001|target-001->resource-002|target-002->resource-003,R-P0001,1,R-P0001,,evaluation_refresh,T-P0001,1,T-P0001,,evaluation_refresh,0,0,7.181522348116534,7.181522348116534,0,0,0,0,0,0,0,0,True,,True,0.21687900880351663,0,False,False,False,False,d3.multi-cycle-shadow-cycle.v1
1005,five_resources_three_targets,resource_surplus_5x3,3,cycle-03,kinematic_update,9.0,7b2f1497d1c2b7c6c4a165bc44d68dd3c50d8c8c5de015bd1dbfefe4bb78845c,3,5,True,True,15,0.19687276962237954,False,0,target-000->resource-001|target-001->resource-002|target-002->resource-003,target-000->resource-001|target-001->resource-002|target-002->resource-003,R-P0001,1,R-P0001,,evaluation_refresh,T-P0001,1,T-P0001,,evaluation_refresh,0,0,7.175367903438614,7.175367903438614,0,0,0,0,0,0,0,0,True,,True,0.21557195577770472,0,False,False,False,False,d3.multi-cycle-shadow-cycle.v1
1005,five_resources_three_targets,resource_surplus_5x3,4,cycle-04,kinematic_update,12.0,2ad18e599447a11bc9eeb7357b74d7425ec06ebf7b93f8b2e3eb4786a898d3a4,3,5,True,True,15,0.19689987647106255,False,0,target-000->resource-001|target-001->resource-002|target-002->resource-003,target-000->resource-001|target-001->resource-002|target-002->resource-003,R-P0001,1,R-P0001,,evaluation_refresh,T-P0001,1,T-P0001,,evaluation_refresh,0,0,7.1691654490225805,7.1691654490225805,0,0,0,0,0,0,0,0,True,,True,0.21663401275873184,0,False,False,False,False,d3.multi-cycle-shadow-cycle.v1
1005,three_resources_five_targets,resource_shortage_3x5,0,cycle-00,baseline,0.0,2d72c61f0b0b26669d238a913febd96c7ac489ddb1f7f1d54f70b70a63857ed4,5,3,True,True,15,0.16146406510941436,False,0,target-002->resource-000|target-003->resource-001|target-004->resource-002,target-002->resource-000|target-003->resource-001|target-004->resource-002,R-P0001,1,,,initial,T-P0001,1,,,initial,0,0,12.756596625652833,12.756596625652833,0,0,0,0,0,0,0,0,True,,True,0.21838396787643433,0,False,False,False,False,d3.multi-cycle-shadow-cycle.v1
1005,three_resources_five_targets,resource_shortage_3x5,1,cycle-01,kinematic_update,3.0,e3686cbd452fbad5bc422ac52f405fb4ddcafecd8a6103d6cc849f0ead13d8a0,5,3,True,True,15,0.19643107077026256,False,0,target-002->resource-000|target-003->resource-001|target-004->resource-002,target-002->resource-000|target-003->resource-001|target-004->resource-002,R-P0001,1,R-P0001,,evaluation_refresh,T-P0001,1,T-P0001,,evaluation_refresh,0,0,12.750178771756175,12.750178771756175,0,0,0,0,0,0,0,0,True,,True,0.22482499480247498,0,False,False,False,False,d3.multi-cycle-shadow-cycle.v1
1005,three_resources_five_targets,resource_shortage_3x5,2,cycle-02,kinematic_update,6.0,2ece9920b648e71c5d8158077f2bce60bb8bd4908be62f029d8697148b1c49c3,5,3,True,True,15,0.19645450041486434,False,0,target-002->resource-000|target-003->resource-001|target-004->resource-002,target-002->resource-000|target-003->resource-001|target-004->resource-002,R-P0001,1,R-P0001,,evaluation_refresh,T-P0001,1,T-P0001,,evaluation_refresh,0,0,12.744077897295725,12.744077897295725,0,0,0,0,0,0,0,0,True,,True,0.21994998678565025,0,False,False,False,False,d3.multi-cycle-shadow-cycle.v1
1005,three_resources_five_targets,resource_shortage_3x5,3,cycle-03,kinematic_update,9.0,9454a4cc246c78d26fd103321864439bcb7aeec27e41e7c07cf856e993db1203,5,3,True,True,15,0.1964810772916472,False,0,target-002->resource-000|target-003->resource-001|target-004->resource-002,target-002->resource-000|target-003->resource-001|target-004->resource-002,R-P0001,1,R-P0001,,evaluation_refresh,T-P0001,1,T-P0001,,evaluation_refresh,0,0,12.737680996575712,12.737680996575712,0,0,0,0,0,0,0,0,True,,True,0.2169230137951672,0,False,False,False,False,d3.multi-cycle-shadow-cycle.v1
1005,three_resources_five_targets,resource_shortage_3x5,4,cycle-04,kinematic_update,12.0,7497c7c6558a36fee011efe3d11ce5d47c70a3332b258f7917d64a3d75f58308,5,3,True,True,15,0.19650354233096268,False,0,target-002->resource-000|target-003->resource-001|target-004->resource-002,target-002->resource-000|target-003->resource-001|target-004->resource-002,R-P0001,1,R-P0001,,evaluation_refresh,T-P0001,1,T-P0001,,evaluation_refresh,0,0,12.731446014238525,12.731446014238525,0,0,0,0,0,0,0,0,True,,True,0.21663203369826078,0,False,False,False,False,d3.multi-cycle-shadow-cycle.v1
1005,resource_failure,resource_failure_and_recovery,0,cycle-00,baseline,0.0,3493b41d449cffd2d5d189275479d787344370dd37af82ffe0981f4ff5ff8344,5,5,True,True,25,0.16175986708746626,False,0,target-000->resource-000|target-001->resource-001|target-002->resource-002|target-003->resource-003|target-004->resource-004,target-000->resource-000|target-001->resource-001|target-002->resource-002|target-003->resource-003|target-004->resource-004,R-P0001,1,,,initial,T-P0001,1,,,initial,0,0,11.889805192191453,11.889805192191453,0,0,0,0,0,0,0,0,True,,True,0.22334500681608915,0,False,False,False,False,d3.multi-cycle-shadow-cycle.v1
1005,resource_failure,resource_failure_and_recovery,1,cycle-01,kinematic_update,3.0,28cc21db0049965bdfd0d09d41a34897482138249ca9c62fc0a28f35d0de5982,5,5,True,True,25,0.19682679028421335,False,0,target-000->resource-000|target-001->resource-001|target-002->resource-002|target-003->resource-003|target-004->resource-004,target-000->resource-000|target-001->resource-001|target-002->resource-002|target-003->resource-003|target-004->resource-004,R-P0001,1,R-P0001,,evaluation_refresh,T-P0001,1,T-P0001,,evaluation_refresh,0,0,11.879288995551633,11.879288995551633,0,0,0,0,0,0,0,0,True,,True,0.22476300364360213,0,False,False,False,False,d3.multi-cycle-shadow-cycle.v1
1005,resource_failure,resource_failure_and_recovery,2,cycle-02,resource_failure,6.0,23a9386aa23612f718a3b3e922194f013e0194ae4f9b0ebfc33bcac8e2f80291,5,5,True,True,20,0.1968521398795775,True,4,target-001->resource-000|target-002->resource-001|target-003->resource-003|target-004->resource-004,target-001->resource-001|target-002->resource-000|target-003->resource-003|target-004->resource-004,R-P0002,2,R-P0001,R-P0001,advanced,T-P0002,2,T-P0001,T-P0001,advanced,5,3,12.256502624401428,12.258063375854427,0,0,0,0,0,0,0,0,True,,True,0.233531987760216,0,False,False,False,False,d3.multi-cycle-shadow-cycle.v1
1005,resource_failure,resource_failure_and_recovery,3,cycle-03,kinematic_update,9.0,510df2bc6bc6a4486daedebd4107331896098df304bad0daffec72bd022037e4,5,5,True,True,20,0.19669582928538754,True,4,target-001->resource-000|target-002->resource-001|target-003->resource-003|target-004->resource-004,target-001->resource-001|target-002->resource-000|target-003->resource-003|target-004->resource-004,R-P0002,2,R-P0002,R-P0001,evaluation_refresh,T-P0002,2,T-P0002,T-P0001,evaluation_refresh,0,0,12.24887992694838,12.250445764658863,0,0,0,0,0,0,0,0,True,,True,0.23369601694867015,0,False,False,False,False,d3.multi-cycle-shadow-cycle.v1
1005,resource_failure,resource_failure_and_recovery,4,cycle-04,resource_recovery,12.0,83511b33574ef13c837e481a92b0d39364ab7c470fc13fa133444ada48c91c3f,5,5,True,True,25,0.196722062347638,True,4,target-000->resource-000|target-001->resource-001|target-002->resource-002|target-003->resource-003|target-004->resource-004,target-000->resource-002|target-001->resource-001|target-002->resource-000|target-003->resource-003|target-004->resource-004,R-P0003,3,R-P0002,R-P0002,advanced,T-P0003,3,T-P0002,T-P0002,advanced,5,1,11.84834042572582,11.854632698240476,0,0,0,0,0,0,0,0,True,,True,0.2291580312885344,0,False,False,False,False,d3.multi-cycle-shadow-cycle.v1
1005,target_add_remove,target_inventory_change,0,cycle-00,baseline,0.0,55409ce9a4492e620253ab6856e89db9be23c30f4bb44f67ba9e1b708fc5ae6e,4,5,True,True,20,0.1616626475459495,False,0,target-000->resource-000|target-001->resource-001|target-002->resource-002|target-003->resource-003,target-000->resource-000|target-001->resource-001|target-002->resource-002|target-003->resource-003,R-P0001,1,,,initial,T-P0001,1,,,initial,0,0,9.552153757586524,9.552153757586524,0,0,0,0,0,0,0,0,True,,True,0.2306469832547009,0,False,False,False,False,d3.multi-cycle-shadow-cycle.v1
1005,target_add_remove,target_inventory_change,1,cycle-01,kinematic_update,3.0,706779e53edad7d0e84ed161d0454487b44400794fc168b0521f43aa8edb0006,4,5,True,True,20,0.19682364066320135,False,0,target-000->resource-000|target-001->resource-001|target-002->resource-002|target-003->resource-003,target-000->resource-000|target-001->resource-001|target-002->resource-002|target-003->resource-003,R-P0001,1,R-P0001,,evaluation_refresh,T-P0001,1,T-P0001,,evaluation_refresh,0,0,9.543820424253191,9.543820424253191,0,0,0,0,0,0,0,0,True,,True,0.2286700182594359,0,False,False,False,False,d3.multi-cycle-shadow-cycle.v1
1005,target_add_remove,target_inventory_change,2,cycle-02,target_added,6.0,3a2f4abeda1e723a528d0ee465cc9fd4b79e8d48f6452059ff716d750a579499,5,5,True,True,25,0.1968481535176223,False,0,target-000->resource-000|target-001->resource-001|target-002->resource-002|target-003->resource-003|target-004->resource-004,target-000->resource-000|target-001->resource-001|target-002->resource-002|target-003->resource-003|target-004->resource-004,R-P0002,2,R-P0001,R-P0001,advanced,T-P0002,2,T-P0001,T-P0001,advanced,1,1,11.86929343599746,11.86929343599746,0,0,0,0,0,0,0,0,True,,True,0.24168798699975014,0,False,False,False,False,d3.multi-cycle-shadow-cycle.v1
1005,target_add_remove,target_inventory_change,3,cycle-03,kinematic_update,9.0,93d915e5cc2e3be05416dbba8ed22a34bcd54da13e55bbb3949ef7fd5cd8f38d,5,5,True,True,25,0.1968728375462092,False,0,target-000->resource-000|target-001->resource-001|target-002->resource-002|target-003->resource-003|target-004->resource-004,target-000->resource-000|target-001->resource-001|target-002->resource-002|target-003->resource-003|target-004->resource-004,R-P0002,2,R-P0002,R-P0001,evaluation_refresh,T-P0002,2,T-P0002,T-P0001,evaluation_refresh,0,0,11.858876769330793,11.858876769330793,0,0,0,0,0,0,0,0,True,,True,0.22962503135204315,0,False,False,False,False,d3.multi-cycle-shadow-cycle.v1
1005,target_add_remove,target_inventory_change,4,cycle-04,target_removed,12.0,5d753dc6f17ea1a8e0d7f3da71d892c04c346a64c522e149c319e645aba89958,4,5,True,True,20,0.19672042807971568,False,0,target-001->resource-001|target-002->resource-002|target-003->resource-003|target-004->resource-004,target-001->resource-001|target-002->resource-002|target-003->resource-003|target-004->resource-004,R-P0003,3,R-P0002,R-P0002,advanced,T-P0003,3,T-P0002,T-P0002,advanced,1,1,9.438613506929702,9.438613506929702,0,0,0,0,0,0,0,0,True,,True,0.22187503054738045,0,False,False,False,False,d3.multi-cycle-shadow-cycle.v1
1005,m_to_n_demand_change,high_threat_m_to_n_demand_change,0,cycle-00,baseline,0.0,4d2c1235b0890bd1835bf90e9238021fee1abd0638daf3aa08937db8effca733,2,5,True,True,10,0.09800873688721956,False,0,target-000->resource-001|target-001->resource-003,target-000->resource-001|target-001->resource-003,R-P0001,1,,,initial,T-P0001,1,,,initial,0,0,4.14244741716014,4.14244741716014,0,0,0,0,0,0,0,0,True,,True,0.21650799317285419,0,False,False,False,False,d3.multi-cycle-shadow-cycle.v1
1005,m_to_n_demand_change,high_threat_m_to_n_demand_change,1,cycle-01,kinematic_update,3.0,080850767d3a23b6ac3c6669ef7187a1a2b37ddc79ab5ec2f416edb67350f8be,2,5,True,True,10,0.19555250237467225,False,0,target-000->resource-001|target-001->resource-003,target-000->resource-001|target-001->resource-003,R-P0001,1,R-P0001,,evaluation_refresh,T-P0001,1,T-P0001,,evaluation_refresh,0,0,4.1382814073994805,4.1382814073994805,0,0,0,0,0,0,0,0,True,,True,0.2201779861934483,0,False,False,False,False,d3.multi-cycle-shadow-cycle.v1
1005,m_to_n_demand_change,high_threat_m_to_n_demand_change,2,cycle-02,demand_increased,6.0,c2bc918af74792fd0e5d3d8f4e21d21870e2e0e53d9845d28213b56d3382ce64,2,5,True,False,0,0.0,False,0,target-000->resource-000|target-000->resource-001|target-000->resource-002|target-001->resource-003,target-000->resource-000|target-000->resource-001|target-000->resource-002|target-001->resource-003,R-P0002,2,R-P0001,R-P0001,advanced,T-P0002,2,T-P0001,T-P0001,advanced,2,2,7.763546303421174,7.763546303421174,0,0,0,0,0,0,0,0,False,out_of_distribution,True,0.0,0,False,False,False,False,d3.multi-cycle-shadow-cycle.v1
1005,m_to_n_demand_change,high_threat_m_to_n_demand_change,3,cycle-03,kinematic_update,9.0,4e1cbc72e5503c9dbb832237e5318b7863df7d39380ba3fcaeeed60baf3eeff9,2,5,True,False,0,0.0,False,0,target-000->resource-000|target-000->resource-001|target-000->resource-002|target-001->resource-003,target-000->resource-000|target-000->resource-001|target-000->resource-002|target-001->resource-003,R-P0002,2,R-P0002,R-P0001,evaluation_refresh,T-P0002,2,T-P0002,T-P0001,evaluation_refresh,0,0,7.755219565827275,7.755219565827275,0,0,0,0,0,0,0,0,False,out_of_distribution,True,0.0,0,False,False,False,False,d3.multi-cycle-shadow-cycle.v1
1005,m_to_n_demand_change,high_threat_m_to_n_demand_change,4,cycle-04,demand_restored,12.0,6a228f3ac9939f82750498cefe7658e7e4263a4be47247e0957b0f288ccc210c,2,5,True,True,10,0.19562300209088201,False,0,target-000->resource-001|target-001->resource-003,target-000->resource-001|target-001->resource-003,R-P0003,3,R-P0002,R-P0002,advanced,T-P0003,3,T-P0002,T-P0002,advanced,2,2,4.125783404611099,4.125783404611099,0,0,0,0,0,0,0,0,True,,True,0.2543519949540496,0,False,False,False,False,d3.multi-cycle-shadow-cycle.v1
1006,hungarian_switch_boundary,hungarian_switch_boundary,0,cycle-00,baseline,0.0,ca86f8d8ffd8f55b0d618038db4ccb4a1ab351cb8ad2d8695ab00397cfb37e50,1,2,True,True,2,0.13638363507163564,False,0,target-000->resource-000,target-000->resource-000,R-P0001,1,,,initial,T-P0001,1,,,initial,0,0,2.3738333333333337,2.3738333333333337,0,0,0,0,0,0,0,0,True,,True,0.22145401453599334,0,False,False,False,False,d3.multi-cycle-shadow-cycle.v1
1006,hungarian_switch_boundary,hungarian_switch_boundary,1,cycle-01,hungarian_boundary_crossing,3.0,dc622c76bf7f727d8908f1a509b376c548e81f7b412f46a88903369a32221ae2,1,2,True,True,2,0.19641752192645923,True,2,target-000->resource-001,target-000->resource-000,R-P0002,2,R-P0001,R-P0001,advanced,T-P0001,1,T-P0001,,evaluation_refresh,2,0,2.3738333333333337,2.378,0,0,0,0,0,0,0,0,True,,True,0.21165504585951567,0,False,False,False,False,d3.multi-cycle-shadow-cycle.v1
1006,hungarian_switch_boundary,hungarian_switch_boundary,2,cycle-02,hungarian_boundary_crossing,6.0,f421b093a3e44965e8ba03bc103188e2680497c0852e0cc3687ca9c7fcd07aeb,1,2,True,True,2,0.19646546535350407,False,0,target-000->resource-000,target-000->resource-000,R-P0003,3,R-P0002,R-P0002,advanced,T-P0001,1,T-P0001,,evaluation_refresh,2,0,2.3738333333333337,2.3738333333333337,0,0,0,0,0,0,0,0,True,,True,0.20712200785055757,0,False,False,False,False,d3.multi-cycle-shadow-cycle.v1
1006,hungarian_switch_boundary,hungarian_switch_boundary,3,cycle-03,hungarian_boundary_crossing,9.0,a893531f6f4ef736cee6f7f4ce7b845edc7464e91cd25ddfb590edfdc0a301c0,1,2,True,True,2,0.19641752192645923,True,2,target-000->resource-001,target-000->resource-000,R-P0004,4,R-P0003,R-P0003,advanced,T-P0001,1,T-P0001,,evaluation_refresh,2,0,2.3738333333333337,2.378,0,0,0,0,0,0,0,0,True,,True,0.209807010833174,0,False,False,False,False,d3.multi-cycle-shadow-cycle.v1
1006,hungarian_switch_boundary,hungarian_switch_boundary,4,cycle-04,hungarian_boundary_crossing,12.0,81abf5d1ec076ce1e157b464827eed11a1ea0911ed5064b87f9a553e1fcab23f,1,2,True,True,2,0.19646546535350407,False,0,target-000->resource-000,target-000->resource-000,R-P0005,5,R-P0004,R-P0004,advanced,T-P0001,1,T-P0001,,evaluation_refresh,2,0,2.3738333333333337,2.3738333333333337,0,0,0,0,0,0,0,0,True,,True,0.20998000400140882,0,False,False,False,False,d3.multi-cycle-shadow-cycle.v1
1006,hungarian_switch_boundary,hungarian_switch_boundary,5,cycle-05,hungarian_boundary_crossing,15.0,fe75e49a8119f2d205676a4f9cb4bbee8014b407be391a625b3dd272b8a76617,1,2,True,True,2,0.19641752192645923,True,2,target-000->resource-001,target-000->resource-000,R-P0006,6,R-P0005,R-P0005,advanced,T-P0001,1,T-P0001,,evaluation_refresh,2,0,2.3738333333333337,2.378,0,0,0,0,0,0,0,0,True,,True,0.21351897157728672,0,False,False,False,False,d3.multi-cycle-shadow-cycle.v1
1006,five_resources_three_targets,resource_surplus_5x3,0,cycle-00,baseline,0.0,7a697b25c6aec60bcae9945d4bd654403999e7e0e3090d2013beccb0e53bb116,3,5,True,True,15,0.1617016650606944,False,0,target-000->resource-001|target-001->resource-002|target-002->resource-003,target-000->resource-001|target-001->resource-002|target-002->resource-003,R-P0001,1,,,initial,T-P0001,1,,,initial,0,0,7.1938484419532935,7.1938484419532935,0,0,0,0,0,0,0,0,True,,True,0.22009003441780806,0,False,False,False,False,d3.multi-cycle-shadow-cycle.v1
1006,five_resources_three_targets,resource_surplus_5x3,1,cycle-01,kinematic_update,3.0,60c5d1eb15de807f63be5e896006767b76ec40b20bc4e50701c8812175f129ed,3,5,True,True,15,0.19682428646219918,False,0,target-000->resource-001|target-001->resource-002|target-002->resource-003,target-000->resource-001|target-001->resource-002|target-002->resource-003,R-P0001,1,R-P0001,,evaluation_refresh,T-P0001,1,T-P0001,,evaluation_refresh,0,0,7.187766911833593,7.187766911833593,0,0,0,0,0,0,0,0,True,,True,0.21843198919668794,0,False,False,False,False,d3.multi-cycle-shadow-cycle.v1
1006,five_resources_three_targets,resource_surplus_5x3,2,cycle-02,kinematic_update,6.0,54f21dda3b67d4e8006aa1623a1847e4a3f3b1e5dafd1a760cdab291779dfa7c,3,5,True,True,15,0.19685099609244228,False,0,target-000->resource-001|target-001->resource-002|target-002->resource-003,target-000->resource-001|target-001->resource-002|target-002->resource-003,R-P0001,1,R-P0001,,evaluation_refresh,T-P0001,1,T-P0001,,evaluation_refresh,0,0,7.181508431356294,7.181508431356294,0,0,0,0,0,0,0,0,True,,True,0.22347300546243787,0,False,False,False,False,d3.multi-cycle-shadow-cycle.v1
1006,five_resources_three_targets,resource_surplus_5x3,3,cycle-03,kinematic_update,9.0,701b55011466b42c6b18793f291a5df5218642850a8e33c3d1665a57e09e598d,3,5,True,True,15,0.1968731771642096,False,0,target-000->resource-001|target-001->resource-002|target-002->resource-003,target-000->resource-001|target-001->resource-002|target-002->resource-003,R-P0001,1,R-P0001,,evaluation_refresh,T-P0001,1,T-P0001,,evaluation_refresh,0,0,7.175340748454179,7.175340748454179,0,0,0,0,0,0,0,0,True,,True,0.2218700246885419,0,False,False,False,False,d3.multi-cycle-shadow-cycle.v1
1006,five_resources_three_targets,resource_surplus_5x3,4,cycle-04,kinematic_update,12.0,b4d366bb1c52d33a10f9cf2c1f982c6f1de950c4a95786f42b0260ffcd8ad742,3,5,True,True,15,0.1969000235730971,False,0,target-000->resource-001|target-001->resource-002|target-002->resource-003,target-000->resource-001|target-001->resource-002|target-002->resource-003,R-P0001,1,R-P0001,,evaluation_refresh,T-P0001,1,T-P0001,,evaluation_refresh,0,0,7.16890829720116,7.16890829720116,0,0,0,0,0,0,0,0,True,,True,0.2338089980185032,0,False,False,False,False,d3.multi-cycle-shadow-cycle.v1
1006,three_resources_five_targets,resource_shortage_3x5,0,cycle-00,baseline,0.0,0bea0a6511fade550ad91cca0ee917a9b150d2c45105026eb9ebfac4265e387b,5,3,True,True,15,0.16150501818590568,False,0,target-002->resource-000|target-003->resource-001|target-004->resource-002,target-002->resource-000|target-003->resource-001|target-004->resource-002,R-P0001,1,,,initial,T-P0001,1,,,initial,0,0,12.756399540230923,12.756399540230923,0,0,0,0,0,0,0,0,True,,True,0.226847012527287,0,False,False,False,False,d3.multi-cycle-shadow-cycle.v1
1006,three_resources_five_targets,resource_shortage_3x5,1,cycle-01,kinematic_update,3.0,721205897a6817fdd46ccf1741eb4bdeacce868f4e252cfc776c57b59fd5b33b,5,3,True,True,15,0.19643248478556918,False,0,target-002->resource-000|target-003->resource-001|target-004->resource-002,target-002->resource-000|target-003->resource-001|target-004->resource-002,R-P0001,1,R-P0001,,evaluation_refresh,T-P0001,1,T-P0001,,evaluation_refresh,0,0,12.749987813774755,12.749987813774755,0,0,0,0,0,0,0,0,True,,True,0.24577497970312834,0,False,False,False,False,d3.multi-cycle-shadow-cycle.v1
1006,three_resources_five_targets,resource_shortage_3x5,2,cycle-02,kinematic_update,6.0,28d93bc95c8c251fd78db3b12a3463df3a5dc079a34ba11d0ce81c01aa61bdd3,5,3,True,True,15,0.1964583987795434,False,0,target-002->resource-000|target-003->resource-001|target-004->resource-002,target-002->resource-000|target-003->resource-001|target-004->resource-002,R-P0001,1,R-P0001,,evaluation_refresh,T-P0001,1,T-P0001,,evaluation_refresh,0,0,12.743731066872712,12.743731066872712,0,0,0,0,0,0,0,0,True,,True,0.22279599215835333,0,False,False,False,False,d3.multi-cycle-shadow-cycle.v1
1006,three_resources_five_targets,resource_shortage_3x5,3,cycle-03,kinematic_update,9.0,997606a9f18442ed947e87639542553b5c7729c33af0dbf6bb78e051f0698ef1,5,3,True,True,15,0.19648046200644798,False,0,target-002->resource-000|target-003->resource-001|target-004->resource-002,target-002->resource-000|target-003->resource-001|target-004->resource-002,R-P0001,1,R-P0001,,evaluation_refresh,T-P0001,1,T-P0001,,evaluation_refresh,0,0,12.737466725733078,12.737466725733078,0,0,0,0,0,0,0,0,True,,True,0.22378499852493405,0,False,False,False,False,d3.multi-cycle-shadow-cycle.v1
1006,three_resources_five_targets,resource_shortage_3x5,4,cycle-04,kinematic_update,12.0,3bc8d5a82e8f49ff26193e418ec3ae9e762025695239673ab19fdcf321976c23,5,3,True,True,15,0.19650609361568483,False,0,target-002->resource-000|target-003->resource-001|target-004->resource-002,target-002->resource-000|target-003->resource-001|target-004->resource-002,R-P0001,1,R-P0001,,evaluation_refresh,T-P0001,1,T-P0001,,evaluation_refresh,0,0,12.731039146846467,12.731039146846467,0,0,0,0,0,0,0,0,True,,True,0.21920702420175076,0,False,False,False,False,d3.multi-cycle-shadow-cycle.v1
1006,resource_failure,resource_failure_and_recovery,0,cycle-00,baseline,0.0,7d22064c6a130f6916462e8af9b7c34b7498c7fa65674f346c4a4263b16cbb79,5,5,True,True,25,0.16176980269596575,False,0,target-000->resource-000|target-001->resource-001|target-002->resource-002|target-003->resource-003|target-004->resource-004,target-000->resource-000|target-001->resource-001|target-002->resource-002|target-003->resource-003|target-004->resource-004,R-P0001,1,,,initial,T-P0001,1,,,initial,0,0,11.889793749525861,11.889793749525861,0,0,0,0,0,0,0,0,True,,True,0.23120403056964278,0,False,False,False,False,d3.multi-cycle-shadow-cycle.v1
1006,resource_failure,resource_failure_and_recovery,1,cycle-01,kinematic_update,3.0,6373d451562cefc3b25f9b4a2d49da2d39275ca879b6f1ab747aad0ec09b7477,5,5,True,True,25,0.19682664300344044,False,0,target-000->resource-000|target-001->resource-001|target-002->resource-002|target-003->resource-003|target-004->resource-004,target-000->resource-000|target-001->resource-001|target-002->resource-002|target-003->resource-003|target-004->resource-004,R-P0001,1,R-P0001,,evaluation_refresh,T-P0001,1,T-P0001,,evaluation_refresh,0,0,11.879712768275859,11.879712768275859,0,0,0,0,0,0,0,0,True,,True,0.22101803915575147,0,False,False,False,False,d3.multi-cycle-shadow-cycle.v1
1006,resource_failure,resource_failure_and_recovery,2,cycle-02,resource_failure,6.0,d2ffb3b5ecdd1a6f52f5ff7c63d91c59330fbb938a6dd76d0455d51237085651,5,5,True,True,20,0.19685132450878973,True,4,target-001->resource-000|target-002->resource-001|target-003->resource-003|target-004->resource-004,target-001->resource-001|target-002->resource-000|target-003->resource-003|target-004->resource-004,R-P0002,2,R-P0001,R-P0001,advanced,T-P0002,2,T-P0001,T-P0001,advanced,5,3,12.257007617548563,12.258568142747485,0,0,0,0,0,0,0,0,True,,True,0.26077701477333903,0,False,False,False,False,d3.multi-cycle-shadow-cycle.v1
1006,resource_failure,resource_failure_and_recovery,3,cycle-03,kinematic_update,9.0,e674a2cafc48b7d12b42dda5a18aa2475d7f01fb874a9c8f84ab51683dd10ce4,5,5,True,True,20,0.19669547731499204,True,4,target-001->resource-000|target-002->resource-001|target-003->resource-003|target-004->resource-004,target-001->resource-001|target-002->resource-000|target-003->resource-003|target-004->resource-004,R-P0002,2,R-P0002,R-P0001,evaluation_refresh,T-P0002,2,T-P0002,T-P0001,evaluation_refresh,0,0,12.24853014064459,12.25009626899768,0,0,0,0,0,0,0,0,True,,True,0.28129498241469264,0,False,False,False,False,d3.multi-cycle-shadow-cycle.v1
1006,resource_failure,resource_failure_and_recovery,4,cycle-04,resource_recovery,12.0,2eec2734f3a47a080a373bf7f51fcdeb1e698d87286eb898c978d7198e70fcb9,5,5,True,True,25,0.1967189072629627,True,4,target-000->resource-000|target-001->resource-001|target-002->resource-002|target-003->resource-003|target-004->resource-004,target-000->resource-002|target-001->resource-001|target-002->resource-000|target-003->resource-003|target-004->resource-004,R-P0003,3,R-P0002,R-P0002,advanced,T-P0003,3,T-P0002,T-P0002,advanced,5,1,11.848290878282802,11.854584243432404,0,0,0,0,0,0,0,0,True,,True,0.31182297971099615,0,False,False,False,False,d3.multi-cycle-shadow-cycle.v1
1006,target_add_remove,target_inventory_change,0,cycle-00,baseline,0.0,a695781015f197c750c291ada88b71062abc1c2d58e768ae2b427cdcd018350e,4,5,True,True,20,0.1617069518847143,False,0,target-000->resource-000|target-001->resource-001|target-002->resource-002|target-003->resource-003,target-000->resource-000|target-001->resource-001|target-002->resource-002|target-003->resource-003,R-P0001,1,,,initial,T-P0001,1,,,initial,0,0,9.551915625181168,9.551915625181168,0,0,0,0,0,0,0,0,True,,True,0.24953600950539112,0,False,False,False,False,d3.multi-cycle-shadow-cycle.v1
1006,target_add_remove,target_inventory_change,1,cycle-01,kinematic_update,3.0,c84bbf282ab05c196d726eebe368e27c7884df99caa56e2f2669fe2a6f6fd288,4,5,True,True,20,0.19682547607384482,False,0,target-000->resource-000|target-001->resource-001|target-002->resource-002|target-003->resource-003,target-000->resource-000|target-001->resource-001|target-002->resource-002|target-003->resource-003,R-P0001,1,R-P0001,,evaluation_refresh,T-P0001,1,T-P0001,,evaluation_refresh,0,0,9.543582291847837,9.543582291847837,0,0,0,0,0,0,0,0,True,,True,0.2209939993917942,0,False,False,False,False,d3.multi-cycle-shadow-cycle.v1
1006,target_add_remove,target_inventory_change,2,cycle-02,target_added,6.0,b18d267da74d2b964ea5efbeec49585a9956dc3f6d85c7ec7339065223c0c7d9,5,5,True,True,25,0.19685001083267206,False,0,target-000->resource-000|target-001->resource-001|target-002->resource-002|target-003->resource-003|target-004->resource-004,target-000->resource-000|target-001->resource-001|target-002->resource-002|target-003->resource-003|target-004->resource-004,R-P0002,2,R-P0001,R-P0001,advanced,T-P0002,2,T-P0001,T-P0001,advanced,1,1,11.868940005196986,11.868940005196986,0,0,0,0,0,0,0,0,True,,True,0.26682298630476,0,False,False,False,False,d3.multi-cycle-shadow-cycle.v1
1006,target_add_remove,target_inventory_change,3,cycle-03,kinematic_update,9.0,810d069747ddfeb1ddb52ca3c170c84d6375c4c9935bb2091177470cb81a4791,5,5,True,True,25,0.19687470542154006,False,0,target-000->resource-000|target-001->resource-001|target-002->resource-002|target-003->resource-003|target-004->resource-004,target-000->resource-000|target-001->resource-001|target-002->resource-002|target-003->resource-003|target-004->resource-004,R-P0002,2,R-P0002,R-P0001,evaluation_refresh,T-P0002,2,T-P0002,T-P0001,evaluation_refresh,0,0,11.858523338530318,11.858523338530318,0,0,0,0,0,0,0,0,True,,True,0.28101401403546333,0,False,False,False,False,d3.multi-cycle-shadow-cycle.v1
1006,target_add_remove,target_inventory_change,4,cycle-04,target_removed,12.0,0b0a0f176342d41d28803f03caf3d7521f6266cbb6613d85469fa0b3f0b088f6,4,5,True,True,20,0.19672245955886636,False,0,target-001->resource-001|target-002->resource-002|target-003->resource-003|target-004->resource-004,target-001->resource-001|target-002->resource-002|target-003->resource-003|target-004->resource-004,R-P0003,3,R-P0002,R-P0002,advanced,T-P0003,3,T-P0002,T-P0002,advanced,1,1,9.43841659250673,9.43841659250673,0,0,0,0,0,0,0,0,True,,True,0.22113003069534898,0,False,False,False,False,d3.multi-cycle-shadow-cycle.v1
1006,m_to_n_demand_change,high_threat_m_to_n_demand_change,0,cycle-00,baseline,0.0,0c5a4731f4c265183ff244d102f7c41c0fddc1be68808f6ae357a8c2c013b453,2,5,True,True,10,0.09800873688721956,False,0,target-000->resource-001|target-001->resource-003,target-000->resource-001|target-001->resource-003,R-P0001,1,,,initial,T-P0001,1,,,initial,0,0,4.14244741716014,4.14244741716014,0,0,0,0,0,0,0,0,True,,True,0.22693397477269173,0,False,False,False,False,d3.multi-cycle-shadow-cycle.v1
1006,m_to_n_demand_change,high_threat_m_to_n_demand_change,1,cycle-01,kinematic_update,3.0,436a03adcd04946691b39451c6958332248db77503bcde9d7d6a8d35b07fe6a7,2,5,True,True,10,0.19555250237467225,False,0,target-000->resource-001|target-001->resource-003,target-000->resource-001|target-001->resource-003,R-P0001,1,R-P0001,,evaluation_refresh,T-P0001,1,T-P0001,,evaluation_refresh,0,0,4.1382814073994805,4.1382814073994805,0,0,0,0,0,0,0,0,True,,True,0.21844799630343914,0,False,False,False,False,d3.multi-cycle-shadow-cycle.v1
1006,m_to_n_demand_change,high_threat_m_to_n_demand_change,2,cycle-02,demand_increased,6.0,e1443ddc1f412d366654f3e342923f2c6b01078e377ec0fb03a8431e5b5b06b3,2,5,True,False,0,0.0,False,0,target-000->resource-000|target-000->resource-001|target-000->resource-002|target-001->resource-003,target-000->resource-000|target-000->resource-001|target-000->resource-002|target-001->resource-003,R-P0002,2,R-P0001,R-P0001,advanced,T-P0002,2,T-P0001,T-P0001,advanced,2,2,7.763546303421174,7.763546303421174,0,0,0,0,0,0,0,0,False,out_of_distribution,True,0.0,0,False,False,False,False,d3.multi-cycle-shadow-cycle.v1
1006,m_to_n_demand_change,high_threat_m_to_n_demand_change,3,cycle-03,kinematic_update,9.0,10588e296425b7085c7714517461da81d5ec799d2714dfb2211f4beb425a2ddd,2,5,True,False,0,0.0,False,0,target-000->resource-000|target-000->resource-001|target-000->resource-002|target-001->resource-003,target-000->resource-000|target-000->resource-001|target-000->resource-002|target-001->resource-003,R-P0002,2,R-P0002,R-P0001,evaluation_refresh,T-P0002,2,T-P0002,T-P0001,evaluation_refresh,0,0,7.755219565827275,7.755219565827275,0,0,0,0,0,0,0,0,False,out_of_distribution,True,0.0,0,False,False,False,False,d3.multi-cycle-shadow-cycle.v1
1006,m_to_n_demand_change,high_threat_m_to_n_demand_change,4,cycle-04,demand_restored,12.0,3fba29767cf234cde01afa9d4ad159436b5a840f780bcf9e2d72a3e7987114ed,2,5,True,True,10,0.19562300209088201,False,0,target-000->resource-001|target-001->resource-003,target-000->resource-001|target-001->resource-003,R-P0003,3,R-P0002,R-P0002,advanced,T-P0003,3,T-P0002,T-P0002,advanced,2,2,4.125783404611099,4.125783404611099,0,0,0,0,0,0,0,0,True,,True,0.27593597769737244,0,False,False,False,False,d3.multi-cycle-shadow-cycle.v1
1007,hungarian_switch_boundary,hungarian_switch_boundary,0,cycle-00,baseline,0.0,5108c9820c14d21047a897491dcb1ad6b85bfaa8790ed130d43833879f304fc5,1,2,True,True,2,0.13638363507163564,False,0,target-000->resource-000,target-000->resource-000,R-P0001,1,,,initial,T-P0001,1,,,initial,0,0,2.3738333333333337,2.3738333333333337,0,0,0,0,0,0,0,0,True,,True,0.2380360383540392,0,False,False,False,False,d3.multi-cycle-shadow-cycle.v1
1007,hungarian_switch_boundary,hungarian_switch_boundary,1,cycle-01,hungarian_boundary_crossing,3.0,c2af083f16963b0ce6b6fc025bb7b6e2f1c989d3a967c5f4b4b67aac57228589,1,2,True,True,2,0.19641752192645923,True,2,target-000->resource-001,target-000->resource-000,R-P0002,2,R-P0001,R-P0001,advanced,T-P0001,1,T-P0001,,evaluation_refresh,2,0,2.3738333333333337,2.378,0,0,0,0,0,0,0,0,True,,True,0.22729800548404455,0,False,False,False,False,d3.multi-cycle-shadow-cycle.v1
1007,hungarian_switch_boundary,hungarian_switch_boundary,2,cycle-02,hungarian_boundary_crossing,6.0,a4a1350f34d50d1cb7e35a23324efb26196cce5ed8d4a8512132138c0aa11a88,1,2,True,True,2,0.19646546535350407,False,0,target-000->resource-000,target-000->resource-000,R-P0003,3,R-P0002,R-P0002,advanced,T-P0001,1,T-P0001,,evaluation_refresh,2,0,2.3738333333333337,2.3738333333333337,0,0,0,0,0,0,0,0,True,,True,0.22571004228666425,0,False,False,False,False,d3.multi-cycle-shadow-cycle.v1
1007,hungarian_switch_boundary,hungarian_switch_boundary,3,cycle-03,hungarian_boundary_crossing,9.0,ed71f8ee84cfa3f01bb156f892e90ffeb698f7906e31219ea6ed59ab55dfb14c,1,2,True,True,2,0.19641752192645923,True,2,target-000->resource-001,target-000->resource-000,R-P0004,4,R-P0003,R-P0003,advanced,T-P0001,1,T-P0001,,evaluation_refresh,2,0,2.3738333333333337,2.378,0,0,0,0,0,0,0,0,True,,True,0.21908595226705074,0,False,False,False,False,d3.multi-cycle-shadow-cycle.v1
1007,hungarian_switch_boundary,hungarian_switch_boundary,4,cycle-04,hungarian_boundary_crossing,12.0,4f1a9dfcdfe656adca64e32d4d52fc3f5c07c4758106ceff8a6bcfe2ac0d4bf0,1,2,True,True,2,0.19646546535350407,False,0,target-000->resource-000,target-000->resource-000,R-P0005,5,R-P0004,R-P0004,advanced,T-P0001,1,T-P0001,,evaluation_refresh,2,0,2.3738333333333337,2.3738333333333337,0,0,0,0,0,0,0,0,True,,True,0.2243470516987145,0,False,False,False,False,d3.multi-cycle-shadow-cycle.v1
1007,hungarian_switch_boundary,hungarian_switch_boundary,5,cycle-05,hungarian_boundary_crossing,15.0,4ed991df844d6e52eff82bd80d01d43499d01ff75dc290659ab7ee89b82a77a4,1,2,True,True,2,0.19641752192645923,True,2,target-000->resource-001,target-000->resource-000,R-P0006,6,R-P0005,R-P0005,advanced,T-P0001,1,T-P0001,,evaluation_refresh,2,0,2.3738333333333337,2.378,0,0,0,0,0,0,0,0,True,,True,0.22695399820804596,0,False,False,False,False,d3.multi-cycle-shadow-cycle.v1
1007,five_resources_three_targets,resource_surplus_5x3,0,cycle-00,baseline,0.0,bc768927214d4aa208adc68f59c81f93189d56301b28c3097582c63acface22a,3,5,True,True,15,0.1616762848438813,False,0,target-000->resource-001|target-001->resource-002|target-002->resource-003,target-000->resource-001|target-001->resource-002|target-002->resource-003,R-P0001,1,,,initial,T-P0001,1,,,initial,0,0,7.194064793376219,7.194064793376219,0,0,0,0,0,0,0,0,True,,True,0.2518010442145169,0,False,False,False,False,d3.multi-cycle-shadow-cycle.v1
1007,five_resources_three_targets,resource_surplus_5x3,1,cycle-01,kinematic_update,3.0,57e87c2bec6bb935106b0515561fe0d1b0f07c6bcd6c6c8b00e3f3b7780771c5,3,5,True,True,15,0.19682532878986514,False,0,target-000->resource-001|target-001->resource-002|target-002->resource-003,target-000->resource-001|target-001->resource-002|target-002->resource-003,R-P0001,1,R-P0001,,evaluation_refresh,T-P0001,1,T-P0001,,evaluation_refresh,0,0,7.1879313903353355,7.1879313903353355,0,0,0,0,0,0,0,0,True,,True,0.2205349737778306,0,False,False,False,False,d3.multi-cycle-shadow-cycle.v1
1007,five_resources_three_targets,resource_surplus_5x3,2,cycle-02,kinematic_update,6.0,16092be9ee29a8b5241ed3c7dfe70b024e1d5e2de5986a6b0e9ebe9df540258a,3,5,True,True,15,0.19685175484474549,False,0,target-000->resource-001|target-001->resource-002|target-002->resource-003,target-000->resource-001|target-001->resource-002|target-002->resource-003,R-P0001,1,R-P0001,,evaluation_refresh,T-P0001,1,T-P0001,,evaluation_refresh,0,0,7.181124403296831,7.181124403296831,0,0,0,0,0,0,0,0,True,,True,0.217761960811913,0,False,False,False,False,d3.multi-cycle-shadow-cycle.v1
1007,five_resources_three_targets,resource_surplus_5x3,3,cycle-03,kinematic_update,9.0,4c437140d5dfdae46aa0ba7b46293387b39a4c464e9f7f9acdd1b9b23ae74590,3,5,True,True,15,0.19687341489567212,False,0,target-000->resource-001|target-001->resource-002|target-002->resource-003,target-000->resource-001|target-001->resource-002|target-002->resource-003,R-P0001,1,R-P0001,,evaluation_refresh,T-P0001,1,T-P0001,,evaluation_refresh,0,0,7.17550428921021,7.17550428921021,0,0,0,0,0,0,0,0,True,,True,0.23316999431699514,0,False,False,False,False,d3.multi-cycle-shadow-cycle.v1
1007,five_resources_three_targets,resource_surplus_5x3,4,cycle-04,kinematic_update,12.0,3441151e32ebf8710f7d63ebe9a9664f8a84c0ea6e0b4ec977934ab63240a094,3,5,True,True,15,0.19689955963469163,False,0,target-000->resource-001|target-001->resource-002|target-002->resource-003,target-000->resource-001|target-001->resource-002|target-002->resource-003,R-P0001,1,R-P0001,,evaluation_refresh,T-P0001,1,T-P0001,,evaluation_refresh,0,0,7.169360387483293,7.169360387483293,0,0,0,0,0,0,0,0,True,,True,0.349033041857183,0,False,False,False,False,d3.multi-cycle-shadow-cycle.v1
1007,three_resources_five_targets,resource_shortage_3x5,0,cycle-00,baseline,0.0,5113a7834ac846a042ec73f809983ecc513e67195903979e4b411f4693dbae6e,5,3,True,True,15,0.16148049675598752,False,0,target-002->resource-000|target-003->resource-001|target-004->resource-002,target-002->resource-000|target-003->resource-001|target-004->resource-002,R-P0001,1,,,initial,T-P0001,1,,,initial,0,0,12.756459349814907,12.756459349814907,0,0,0,0,0,0,0,0,True,,True,0.26204698951914907,0,False,False,False,False,d3.multi-cycle-shadow-cycle.v1
1007,three_resources_five_targets,resource_shortage_3x5,1,cycle-01,kinematic_update,3.0,eb9975be5ef6550b7f8aa80118e7ac0fe9eaa31377d9ab939116d344b6b78842,5,3,True,True,15,0.19643287249370545,False,0,target-002->resource-000|target-003->resource-001|target-004->resource-002,target-002->resource-000|target-003->resource-001|target-004->resource-002,R-P0001,1,R-P0001,,evaluation_refresh,T-P0001,1,T-P0001,,evaluation_refresh,0,0,12.750309001685036,12.750309001685036,0,0,0,0,0,0,0,0,True,,True,0.2612409880384803,0,False,False,False,False,d3.multi-cycle-shadow-cycle.v1
1007,three_resources_five_targets,resource_shortage_3x5,2,cycle-02,kinematic_update,6.0,975779b4877cf201820bfb183280551cc232dd37e2465b93c8ac58c8109d8963,5,3,True,True,15,0.19645819360868266,False,0,target-002->resource-000|target-003->resource-001|target-004->resource-002,target-002->resource-000|target-003->resource-001|target-004->resource-002,R-P0001,1,R-P0001,,evaluation_refresh,T-P0001,1,T-P0001,,evaluation_refresh,0,0,12.743540173060943,12.743540173060943,0,0,0,0,0,0,0,0,True,,True,0.24413102073594928,0,False,False,False,False,d3.multi-cycle-shadow-cycle.v1
1007,three_resources_five_targets,resource_shortage_3x5,3,cycle-03,kinematic_update,9.0,674deb2a0244dd6a230f4a8c5f37553dd98a260f31c47ec3cf62c86957bf6322,5,3,True,True,15,0.19647843380003938,False,0,target-002->resource-000|target-003->resource-001|target-004->resource-002,target-002->resource-000|target-003->resource-001|target-004->resource-002,R-P0001,1,R-P0001,,evaluation_refresh,T-P0001,1,T-P0001,,evaluation_refresh,0,0,12.738106959968178,12.738106959968178,0,0,0,0,0,0,0,0,True,,True,0.25847001234069467,0,False,False,False,False,d3.multi-cycle-shadow-cycle.v1
1007,three_resources_five_targets,resource_shortage_3x5,4,cycle-04,kinematic_update,12.0,d9520e1523a5f90d7b6962b993420c9f5a096eaa019608628fd042b22ae43c5d,5,3,True,True,15,0.19650345121167012,False,0,target-002->resource-000|target-003->resource-001|target-004->resource-002,target-002->resource-000|target-003->resource-001|target-004->resource-002,R-P0001,1,R-P0001,,evaluation_refresh,T-P0001,1,T-P0001,,evaluation_refresh,0,0,12.731465761093677,12.731465761093677,0,0,0,0,0,0,0,0,True,,True,0.2430860185995698,0,False,False,False,False,d3.multi-cycle-shadow-cycle.v1
1007,resource_failure,resource_failure_and_recovery,0,cycle-00,baseline,0.0,5b65f14e659a3c994ed6969a22e0cc3ce6d991dbd59adc0e1603b28e535e0bcd,5,5,True,True,25,0.1617620067391523,False,0,target-000->resource-000|target-001->resource-001|target-002->resource-002|target-003->resource-003|target-004->resource-004,target-000->resource-000|target-001->resource-001|target-002->resource-002|target-003->resource-003|target-004->resource-004,R-P0001,1,,,initial,T-P0001,1,,,initial,0,0,11.889918803432721,11.889918803432721,0,0,0,0,0,0,0,0,True,,True,0.2418209915049374,0,False,False,False,False,d3.multi-cycle-shadow-cycle.v1
1007,resource_failure,resource_failure_and_recovery,1,cycle-01,kinematic_update,3.0,bf872ed1517cf7dce1e460634f3c4a1c3beb94bbed1d94b58cce0add617d64df,5,5,True,True,25,0.19682654103961816,False,0,target-000->resource-000|target-001->resource-001|target-002->resource-002|target-003->resource-003|target-004->resource-004,target-000->resource-000|target-001->resource-001|target-002->resource-002|target-003->resource-003|target-004->resource-004,R-P0001,1,R-P0001,,evaluation_refresh,T-P0001,1,T-P0001,,evaluation_refresh,0,0,11.879514237262963,11.879514237262963,0,0,0,0,0,0,0,0,True,,True,0.2545249881222844,0,False,False,False,False,d3.multi-cycle-shadow-cycle.v1
1007,resource_failure,resource_failure_and_recovery,2,cycle-02,resource_failure,6.0,5632d3367bb9e01addbe789b5493b28958edb504c72db06f8ba6344a8130717c,5,5,True,True,20,0.1968496597592102,True,4,target-001->resource-000|target-002->resource-001|target-003->resource-003|target-004->resource-004,target-001->resource-001|target-002->resource-000|target-003->resource-003|target-004->resource-004,R-P0002,2,R-P0001,R-P0001,advanced,T-P0002,2,T-P0001,T-P0001,advanced,5,3,12.256833146877245,12.258393781858334,0,0,0,0,0,0,0,0,True,,True,0.2396400086581707,0,False,False,False,False,d3.multi-cycle-shadow-cycle.v1
1007,resource_failure,resource_failure_and_recovery,3,cycle-03,kinematic_update,9.0,ea0f23f147ed66dc91b336d73daa718637f6b143bdce697cedafe8dd0e3bee5e,5,5,True,True,20,0.1966947847221081,True,4,target-001->resource-000|target-002->resource-001|target-003->resource-003|target-004->resource-004,target-001->resource-001|target-002->resource-000|target-003->resource-003|target-004->resource-004,R-P0002,2,R-P0002,R-P0001,evaluation_refresh,T-P0002,2,T-P0002,T-P0001,evaluation_refresh,0,0,12.248182337054988,12.249748569583847,0,0,0,0,0,0,0,0,True,,True,0.2362450468353927,0,False,False,False,False,d3.multi-cycle-shadow-cycle.v1
1007,resource_failure,resource_failure_and_recovery,4,cycle-04,resource_recovery,12.0,1b4ab70aa047685281aac5df35c5930778421c133bf322a6e496a5d9b7271455,5,5,True,True,25,0.1967196903748718,True,4,target-000->resource-000|target-001->resource-001|target-002->resource-002|target-003->resource-003|target-004->resource-004,target-000->resource-002|target-001->resource-001|target-002->resource-000|target-003->resource-003|target-004->resource-004,R-P0003,3,R-P0002,R-P0002,advanced,T-P0003,3,T-P0002,T-P0002,advanced,5,1,11.849033775416604,11.855324725077365,0,0,0,0,0,0,0,0,True,,True,0.23907702416181564,0,False,False,False,False,d3.multi-cycle-shadow-cycle.v1
1007,target_add_remove,target_inventory_change,0,cycle-00,baseline,0.0,009d3d7b99b82106ff167300fc5518bd2f8172dd1c7df4b694543ec37caaae77,4,5,True,True,20,0.161704828518062,False,0,target-000->resource-000|target-001->resource-001|target-002->resource-002|target-003->resource-003,target-000->resource-000|target-001->resource-001|target-002->resource-002|target-003->resource-003,R-P0001,1,,,initial,T-P0001,1,,,initial,0,0,9.552382249197734,9.552382249197734,0,0,0,0,0,0,0,0,True,,True,0.24764396948739886,0,False,False,False,False,d3.multi-cycle-shadow-cycle.v1
1007,target_add_remove,target_inventory_change,1,cycle-01,kinematic_update,3.0,1d8fc3b8357c6784842eb4f86328e1aa889a01629e46920ec4accbc7899ca196,4,5,True,True,20,0.1968253854375921,False,0,target-000->resource-000|target-001->resource-001|target-002->resource-002|target-003->resource-003,target-000->resource-000|target-001->resource-001|target-002->resource-002|target-003->resource-003,R-P0001,1,R-P0001,,evaluation_refresh,T-P0001,1,T-P0001,,evaluation_refresh,0,0,9.5440489158644,9.5440489158644,0,0,0,0,0,0,0,0,True,,True,0.23267004871740937,0,False,False,False,False,d3.multi-cycle-shadow-cycle.v1
1007,target_add_remove,target_inventory_change,2,cycle-02,target_added,6.0,76d211882acc660e104459614820f303d1129c8c143bf207b4c874c21279c325,5,5,True,True,25,0.19684992023326453,False,0,target-000->resource-000|target-001->resource-001|target-002->resource-002|target-003->resource-003|target-004->resource-004,target-000->resource-000|target-001->resource-001|target-002->resource-002|target-003->resource-003|target-004->resource-004,R-P0002,2,R-P0001,R-P0001,advanced,T-P0002,2,T-P0001,T-P0001,advanced,1,1,11.869456189423246,11.869456189423246,0,0,0,0,0,0,0,0,True,,True,0.23948599118739367,0,False,False,False,False,d3.multi-cycle-shadow-cycle.v1
1007,target_add_remove,target_inventory_change,3,cycle-03,kinematic_update,9.0,d2a864fcf4f948b9ffdb2dd09719542fdb88e2938dac8be40d96727565ac560c,5,5,True,True,25,0.19687462617951956,False,0,target-000->resource-000|target-001->resource-001|target-002->resource-002|target-003->resource-003|target-004->resource-004,target-000->resource-000|target-001->resource-001|target-002->resource-002|target-003->resource-003|target-004->resource-004,R-P0002,2,R-P0002,R-P0001,evaluation_refresh,T-P0002,2,T-P0002,T-P0001,evaluation_refresh,0,0,11.85903952275658,11.85903952275658,0,0,0,0,0,0,0,0,True,,True,0.22900599287822843,0,False,False,False,False,d3.multi-cycle-shadow-cycle.v1
1007,target_add_remove,target_inventory_change,4,cycle-04,target_removed,12.0,d190a118dd066bfb504d7da9912e7d88ea6ec939f174f4ed9ad8123d090ff496,4,5,True,True,20,0.19671888456391606,False,0,target-001->resource-001|target-002->resource-002|target-003->resource-003|target-004->resource-004,target-001->resource-001|target-002->resource-002|target-003->resource-003|target-004->resource-004,R-P0003,3,R-P0002,R-P0002,advanced,T-P0003,3,T-P0002,T-P0002,advanced,1,1,9.43892528303517,9.43892528303517,0,0,0,0,0,0,0,0,True,,True,0.22741197608411312,0,False,False,False,False,d3.multi-cycle-shadow-cycle.v1
1007,m_to_n_demand_change,high_threat_m_to_n_demand_change,0,cycle-00,baseline,0.0,3393fc317c4c977b55a3dbd5442f55d8a1f5fb29092ceb2e2c00816ac894eb9d,2,5,True,True,10,0.09800873688721956,False,0,target-000->resource-001|target-001->resource-003,target-000->resource-001|target-001->resource-003,R-P0001,1,,,initial,T-P0001,1,,,initial,0,0,4.14244741716014,4.14244741716014,0,0,0,0,0,0,0,0,True,,True,0.2285680384375155,0,False,False,False,False,d3.multi-cycle-shadow-cycle.v1
1007,m_to_n_demand_change,high_threat_m_to_n_demand_change,1,cycle-01,kinematic_update,3.0,5e5b2322b64eb66f35266722ded088f1728003d173464a4d97fa51053b3339ff,2,5,True,True,10,0.19555250237467225,False,0,target-000->resource-001|target-001->resource-003,target-000->resource-001|target-001->resource-003,R-P0001,1,R-P0001,,evaluation_refresh,T-P0001,1,T-P0001,,evaluation_refresh,0,0,4.1382814073994805,4.1382814073994805,0,0,0,0,0,0,0,0,True,,True,0.221654016058892,0,False,False,False,False,d3.multi-cycle-shadow-cycle.v1
1007,m_to_n_demand_change,high_threat_m_to_n_demand_change,2,cycle-02,demand_increased,6.0,6cc88e589517bfc02a24fc078f61569032cfe485c9313a5555bb62c43f2d410e,2,5,True,False,0,0.0,False,0,target-000->resource-000|target-000->resource-001|target-000->resource-002|target-001->resource-003,target-000->resource-000|target-000->resource-001|target-000->resource-002|target-001->resource-003,R-P0002,2,R-P0001,R-P0001,advanced,T-P0002,2,T-P0001,T-P0001,advanced,2,2,7.763546303421174,7.763546303421174,0,0,0,0,0,0,0,0,False,out_of_distribution,True,0.0,0,False,False,False,False,d3.multi-cycle-shadow-cycle.v1
1007,m_to_n_demand_change,high_threat_m_to_n_demand_change,3,cycle-03,kinematic_update,9.0,82b7e22e4da2222efe79df48c174e879f879e8c66c0b7e3e6cc92516f337af2f,2,5,True,False,0,0.0,False,0,target-000->resource-000|target-000->resource-001|target-000->resource-002|target-001->resource-003,target-000->resource-000|target-000->resource-001|target-000->resource-002|target-001->resource-003,R-P0002,2,R-P0002,R-P0001,evaluation_refresh,T-P0002,2,T-P0002,T-P0001,evaluation_refresh,0,0,7.755219565827275,7.755219565827275,0,0,0,0,0,0,0,0,False,out_of_distribution,True,0.0,0,False,False,False,False,d3.multi-cycle-shadow-cycle.v1
1007,m_to_n_demand_change,high_threat_m_to_n_demand_change,4,cycle-04,demand_restored,12.0,a777bbf5f446b2ffd6772ff0b6ef23e4403ab7a482a4599880e6b8234e5627bb,2,5,True,True,10,0.19562300209088201,False,0,target-000->resource-001|target-001->resource-003,target-000->resource-001|target-001->resource-003,R-P0003,3,R-P0002,R-P0002,advanced,T-P0003,3,T-P0002,T-P0002,advanced,2,2,4.125783404611099,4.125783404611099,0,0,0,0,0,0,0,0,True,,True,0.23443199461326003,0,False,False,False,False,d3.multi-cycle-shadow-cycle.v1
1008,hungarian_switch_boundary,hungarian_switch_boundary,0,cycle-00,baseline,0.0,05cdc7766c4281de1c5c5d1c16f12ea5217b1ec4a33347bf1481e78b3083b5e5,1,2,True,True,2,0.13638363507163564,False,0,target-000->resource-000,target-000->resource-000,R-P0001,1,,,initial,T-P0001,1,,,initial,0,0,2.3738333333333337,2.3738333333333337,0,0,0,0,0,0,0,0,True,,True,0.21508097415789962,0,False,False,False,False,d3.multi-cycle-shadow-cycle.v1
1008,hungarian_switch_boundary,hungarian_switch_boundary,1,cycle-01,hungarian_boundary_crossing,3.0,96e1350bb69819939bfdd56f89e50004d5591ba43214eb4e01127e437e56a99d,1,2,True,True,2,0.19641752192645923,True,2,target-000->resource-001,target-000->resource-000,R-P0002,2,R-P0001,R-P0001,advanced,T-P0001,1,T-P0001,,evaluation_refresh,2,0,2.3738333333333337,2.378,0,0,0,0,0,0,0,0,True,,True,0.21629600087180734,0,False,False,False,False,d3.multi-cycle-shadow-cycle.v1
1008,hungarian_switch_boundary,hungarian_switch_boundary,2,cycle-02,hungarian_boundary_crossing,6.0,10c65be394bada9cbab0a79be4606b410e29f20c990f990af6b1225c6d8dd566,1,2,True,True,2,0.19646546535350407,False,0,target-000->resource-000,target-000->resource-000,R-P0003,3,R-P0002,R-P0002,advanced,T-P0001,1,T-P0001,,evaluation_refresh,2,0,2.3738333333333337,2.3738333333333337,0,0,0,0,0,0,0,0,True,,True,0.2195789711549878,0,False,False,False,False,d3.multi-cycle-shadow-cycle.v1
1008,hungarian_switch_boundary,hungarian_switch_boundary,3,cycle-03,hungarian_boundary_crossing,9.0,6e6e2fc4471157ba291e02ecec6b01151da51685aee860f7344b78db5873040d,1,2,True,True,2,0.19641752192645923,True,2,target-000->resource-001,target-000->resource-000,R-P0004,4,R-P0003,R-P0003,advanced,T-P0001,1,T-P0001,,evaluation_refresh,2,0,2.3738333333333337,2.378,0,0,0,0,0,0,0,0,True,,True,0.20957301603630185,0,False,False,False,False,d3.multi-cycle-shadow-cycle.v1
1008,hungarian_switch_boundary,hungarian_switch_boundary,4,cycle-04,hungarian_boundary_crossing,12.0,572c84a35ab3018c37033f1d239faeb071b51234af16a3162527b170e6d9e17f,1,2,True,True,2,0.19646546535350407,False,0,target-000->resource-000,target-000->resource-000,R-P0005,5,R-P0004,R-P0004,advanced,T-P0001,1,T-P0001,,evaluation_refresh,2,0,2.3738333333333337,2.3738333333333337,0,0,0,0,0,0,0,0,True,,True,0.20887103164568543,0,False,False,False,False,d3.multi-cycle-shadow-cycle.v1
1008,hungarian_switch_boundary,hungarian_switch_boundary,5,cycle-05,hungarian_boundary_crossing,15.0,cfe371f0be37d23e3609063cf8e8d2bae3bdd4ffd14104915009571c14a62f0c,1,2,True,True,2,0.19641752192645923,True,2,target-000->resource-001,target-000->resource-000,R-P0006,6,R-P0005,R-P0005,advanced,T-P0001,1,T-P0001,,evaluation_refresh,2,0,2.3738333333333337,2.378,0,0,0,0,0,0,0,0,True,,True,0.21117401774972677,0,False,False,False,False,d3.multi-cycle-shadow-cycle.v1
1008,five_resources_three_targets,resource_surplus_5x3,0,cycle-00,baseline,0.0,e9831b39299c582f33b1ca96db796c23d779a36a9c3d4b1f9818e0bb256eff6b,3,5,True,True,15,0.16167666628298516,False,0,target-000->resource-001|target-001->resource-002|target-002->resource-003,target-000->resource-001|target-001->resource-002|target-002->resource-003,R-P0001,1,,,initial,T-P0001,1,,,initial,0,0,7.194214272096455,7.194214272096455,0,0,0,0,0,0,0,0,True,,True,0.21934497635811567,0,False,False,False,False,d3.multi-cycle-shadow-cycle.v1
1008,five_resources_three_targets,resource_surplus_5x3,1,cycle-01,kinematic_update,3.0,2092ae5c98d3cf3f111e5f32c975bbc5a87bc34aed9974a039f89be16350b045,3,5,True,True,15,0.196823380075684,False,0,target-000->resource-001|target-001->resource-002|target-002->resource-003,target-000->resource-001|target-001->resource-002|target-002->resource-003,R-P0001,1,R-P0001,,evaluation_refresh,T-P0001,1,T-P0001,,evaluation_refresh,0,0,7.188052640652693,7.188052640652693,0,0,0,0,0,0,0,0,True,,True,0.21850696066394448,0,False,False,False,False,d3.multi-cycle-shadow-cycle.v1
1008,five_resources_three_targets,resource_surplus_5x3,2,cycle-02,kinematic_update,6.0,b51b738d8d8b77c3e80c9664f36bbc883a97278f4a113beb7893419c4d688560,3,5,True,True,15,0.19685262683187466,False,0,target-000->resource-001|target-001->resource-002|target-002->resource-003,target-000->resource-001|target-001->resource-002|target-002->resource-003,R-P0001,1,R-P0001,,evaluation_refresh,T-P0001,1,T-P0001,,evaluation_refresh,0,0,7.181152007354504,7.181152007354504,0,0,0,0,0,0,0,0,True,,True,0.21336000645533204,0,False,False,False,False,d3.multi-cycle-shadow-cycle.v1
1008,five_resources_three_targets,resource_surplus_5x3,3,cycle-03,kinematic_update,9.0,3c887a745ddfe173db39a45a5210916073da24bf27685ef99353b3ef67a75bb3,3,5,True,True,15,0.19687651663932737,False,0,target-000->resource-001|target-001->resource-002|target-002->resource-003,target-000->resource-001|target-001->resource-002|target-002->resource-003,R-P0001,1,R-P0001,,evaluation_refresh,T-P0001,1,T-P0001,,evaluation_refresh,0,0,7.174961739732353,7.174961739732353,0,0,0,0,0,0,0,0,True,,True,0.21703896345570683,0,False,False,False,False,d3.multi-cycle-shadow-cycle.v1
1008,five_resources_three_targets,resource_surplus_5x3,4,cycle-04,kinematic_update,12.0,a3a67ec3f271c82f739210ce3336cff9c73939880078005ca0b8f240ca05ce4e,3,5,True,True,15,0.19689812253452432,False,0,target-000->resource-001|target-001->resource-002|target-002->resource-003,target-000->resource-001|target-001->resource-002|target-002->resource-003,R-P0001,1,R-P0001,,evaluation_refresh,T-P0001,1,T-P0001,,evaluation_refresh,0,0,7.169284304443349,7.169284304443349,0,0,0,0,0,0,0,0,True,,True,0.2255910076200962,0,False,False,False,False,d3.multi-cycle-shadow-cycle.v1
1008,three_resources_five_targets,resource_shortage_3x5,0,cycle-00,baseline,0.0,cd836e8272a2b5f771db0c2e1719518db4f1f9d05259838ab253133e646b7784,5,3,True,True,15,0.16150323830409574,False,0,target-002->resource-000|target-003->resource-001|target-004->resource-002,target-002->resource-000|target-003->resource-001|target-004->resource-002,R-P0001,1,,,initial,T-P0001,1,,,initial,0,0,12.75645484742407,12.75645484742407,0,0,0,0,0,0,0,0,True,,True,0.22375897970050573,0,False,False,False,False,d3.multi-cycle-shadow-cycle.v1
1008,three_resources_five_targets,resource_shortage_3x5,1,cycle-01,kinematic_update,3.0,46ace371389008ded4961bcd8247dfc230d4fed6bd85cccd6e3ba8328b40fa5a,5,3,True,True,15,0.19643313476545643,False,0,target-002->resource-000|target-003->resource-001|target-004->resource-002,target-002->resource-000|target-003->resource-001|target-004->resource-002,R-P0001,1,R-P0001,,evaluation_refresh,T-P0001,1,T-P0001,,evaluation_refresh,0,0,12.74985610667082,12.74985610667082,0,0,0,0,0,0,0,0,True,,True,0.2246599760837853,0,False,False,False,False,d3.multi-cycle-shadow-cycle.v1
1008,three_resources_five_targets,resource_shortage_3x5,2,cycle-02,kinematic_update,6.0,807c4c850d654de87452a3435a9dde503105e31ee4ad84a42ba83346cec0ffbb,5,3,True,True,15,0.19645754389639114,False,0,target-002->resource-000|target-003->resource-001|target-004->resource-002,target-002->resource-000|target-003->resource-001|target-004->resource-002,R-P0001,1,R-P0001,,evaluation_refresh,T-P0001,1,T-P0001,,evaluation_refresh,0,0,12.743852469001745,12.743852469001745,0,0,0,0,0,0,0,0,True,,True,0.23863499518483877,0,False,False,False,False,d3.multi-cycle-shadow-cycle.v1
1008,three_resources_five_targets,resource_shortage_3x5,3,cycle-03,kinematic_update,9.0,cd4cc7424858d85d665b19e1ae140574240a1f7e1848eb2b26fb1e00fbaee809,5,3,True,True,15,0.19647869587545985,False,0,target-002->resource-000|target-003->resource-001|target-004->resource-002,target-002->resource-000|target-003->resource-001|target-004->resource-002,R-P0001,1,R-P0001,,evaluation_refresh,T-P0001,1,T-P0001,,evaluation_refresh,0,0,12.737463552021342,12.737463552021342,0,0,0,0,0,0,0,0,True,,True,0.22752699442207813,0,False,False,False,False,d3.multi-cycle-shadow-cycle.v1
1008,three_resources_five_targets,resource_shortage_3x5,4,cycle-04,kinematic_update,12.0,ab6ae69a7c3a4159508281730d1e1c2dde16c3e047ee1033795cf3b7c01f0a62,5,3,True,True,15,0.19650561525795718,False,0,target-002->resource-000|target-003->resource-001|target-004->resource-002,target-002->resource-000|target-003->resource-001|target-004->resource-002,R-P0001,1,R-P0001,,evaluation_refresh,T-P0001,1,T-P0001,,evaluation_refresh,0,0,12.730923027486934,12.730923027486934,0,0,0,0,0,0,0,0,True,,True,0.22530899150297046,0,False,False,False,False,d3.multi-cycle-shadow-cycle.v1
1008,resource_failure,resource_failure_and_recovery,0,cycle-00,baseline,0.0,84fd9fc13930e1745f299ab25fc29293d7a28715e422f0faddb888832f7d7ab4,5,5,True,True,25,0.1616773164602936,False,0,target-000->resource-000|target-001->resource-001|target-002->resource-002|target-003->resource-003|target-004->resource-004,target-000->resource-000|target-001->resource-001|target-002->resource-002|target-003->resource-003|target-004->resource-004,R-P0001,1,,,initial,T-P0001,1,,,initial,0,0,11.889556590001725,11.889556590001725,0,0,0,0,0,0,0,0,True,,True,0.2191960229538381,0,False,False,False,False,d3.multi-cycle-shadow-cycle.v1
1008,resource_failure,resource_failure_and_recovery,1,cycle-01,kinematic_update,3.0,6cdc41f14289c4d46cbbba01e79cfccfe8bfe2f500f3edceb6b22fecdf19bba8,5,5,True,True,25,0.19682345938504753,False,0,target-000->resource-000|target-001->resource-001|target-002->resource-002|target-003->resource-003|target-004->resource-004,target-000->resource-000|target-001->resource-001|target-002->resource-002|target-003->resource-003|target-004->resource-004,R-P0001,1,R-P0001,,evaluation_refresh,T-P0001,1,T-P0001,,evaluation_refresh,0,0,11.879820574870358,11.879820574870358,0,0,0,0,0,0,0,0,True,,True,0.21769001614302397,0,False,False,False,False,d3.multi-cycle-shadow-cycle.v1
1008,resource_failure,resource_failure_and_recovery,2,cycle-02,resource_failure,6.0,a29fb75fd6c1f13ab5a98b38bc1c4f99f5a91d2255a158003dbc93d03d59e354,5,5,True,True,20,0.19684883302976175,True,4,target-001->resource-000|target-002->resource-001|target-003->resource-003|target-004->resource-004,target-001->resource-001|target-002->resource-000|target-003->resource-003|target-004->resource-004,R-P0002,2,R-P0001,R-P0001,advanced,T-P0002,2,T-P0001,T-P0001,advanced,5,3,12.256959893512107,12.258519245758972,0,0,0,0,0,0,0,0,True,,True,0.22044399520382285,0,False,False,False,False,d3.multi-cycle-shadow-cycle.v1
1008,resource_failure,resource_failure_and_recovery,3,cycle-03,kinematic_update,9.0,4f28d7cbc7d26157a0e876575a5e9f6a3b5a41aaea1c52cba381bd046cf35089,5,5,True,True,20,0.1966971690249446,True,4,target-001->resource-000|target-002->resource-001|target-003->resource-003|target-004->resource-004,target-001->resource-001|target-002->resource-000|target-003->resource-003|target-004->resource-004,R-P0002,2,R-P0002,R-P0001,evaluation_refresh,T-P0002,2,T-P0002,T-P0001,evaluation_refresh,0,0,12.248800867690115,12.250365586060415,0,0,0,0,0,0,0,0,True,,True,0.4063340020366013,0,False,False,False,False,d3.multi-cycle-shadow-cycle.v1
1008,resource_failure,resource_failure_and_recovery,4,cycle-04,resource_recovery,12.0,fc621072cde66d5193381afea3cee9850660dc2c4f87f3c756888bf4870fbe17,5,5,True,True,25,0.19672340150649514,True,4,target-000->resource-000|target-001->resource-001|target-002->resource-002|target-003->resource-003|target-004->resource-004,target-000->resource-002|target-001->resource-001|target-002->resource-000|target-003->resource-003|target-004->resource-004,R-P0003,3,R-P0002,R-P0002,advanced,T-P0003,3,T-P0002,T-P0002,advanced,5,1,11.847913731874238,11.854207600011145,0,0,0,0,0,0,0,0,True,,True,0.24266302352771163,0,False,False,False,False,d3.multi-cycle-shadow-cycle.v1
1008,target_add_remove,target_inventory_change,0,cycle-00,baseline,0.0,7eb7e588b287d5574b433b0c3dfde3cbff9d63b7b58834f7d6adb89c79a8b29e,4,5,True,True,20,0.16170824321869537,False,0,target-000->resource-000|target-001->resource-001|target-002->resource-002|target-003->resource-003,target-000->resource-000|target-001->resource-001|target-002->resource-002|target-003->resource-003,R-P0001,1,,,initial,T-P0001,1,,,initial,0,0,9.552051822918711,9.552051822918711,0,0,0,0,0,0,0,0,True,,True,0.22665801225230098,0,False,False,False,False,d3.multi-cycle-shadow-cycle.v1
1008,target_add_remove,target_inventory_change,1,cycle-01,kinematic_update,3.0,3ba4950c0d42345fabcb0c60cde8a1741772171d991e0bd76720f82fb3f265cb,4,5,True,True,20,0.19682553272143366,False,0,target-000->resource-000|target-001->resource-001|target-002->resource-002|target-003->resource-003,target-000->resource-000|target-001->resource-001|target-002->resource-002|target-003->resource-003,R-P0001,1,R-P0001,,evaluation_refresh,T-P0001,1,T-P0001,,evaluation_refresh,0,0,9.543718489585377,9.543718489585377,0,0,0,0,0,0,0,0,True,,True,0.23403397062793374,0,False,False,False,False,d3.multi-cycle-shadow-cycle.v1
1008,target_add_remove,target_inventory_change,2,cycle-02,target_added,6.0,518289abdff69e17da772d2d9d1928e9434df9e253ee9b94f4a367e8757717e8,5,5,True,True,25,0.19685005613232454,False,0,target-000->resource-000|target-001->resource-001|target-002->resource-002|target-003->resource-003|target-004->resource-004,target-000->resource-000|target-001->resource-001|target-002->resource-002|target-003->resource-003|target-004->resource-004,R-P0002,2,R-P0001,R-P0001,advanced,T-P0002,2,T-P0001,T-P0001,advanced,1,1,11.869152015056608,11.869152015056608,0,0,0,0,0,0,0,0,True,,True,0.2175060217268765,0,False,False,False,False,d3.multi-cycle-shadow-cycle.v1
1008,target_add_remove,target_inventory_change,3,cycle-03,kinematic_update,9.0,d7b600eb83ae696e568f7454a2442ed2e7ef96d7a801bddadfb608aa5e05b2c7,5,5,True,True,25,0.19687476202291965,False,0,target-000->resource-000|target-001->resource-001|target-002->resource-002|target-003->resource-003|target-004->resource-004,target-000->resource-000|target-001->resource-001|target-002->resource-002|target-003->resource-003|target-004->resource-004,R-P0002,2,R-P0002,R-P0001,evaluation_refresh,T-P0002,2,T-P0002,T-P0001,evaluation_refresh,0,0,11.85873534838994,11.85873534838994,0,0,0,0,0,0,0,0,True,,True,0.23136503295972943,0,False,False,False,False,d3.multi-cycle-shadow-cycle.v1
1008,target_add_remove,target_inventory_change,4,cycle-04,target_removed,12.0,d3d60f1a8fcfd754f8fa28eb2227fd1c742badb2a9a4b1419b1e3d9e8bfe4542,4,5,True,True,20,0.19672050752431636,False,0,target-001->resource-001|target-002->resource-002|target-003->resource-003|target-004->resource-004,target-001->resource-001|target-002->resource-002|target-003->resource-003|target-004->resource-004,R-P0003,3,R-P0002,R-P0002,advanced,T-P0003,3,T-P0002,T-P0002,advanced,1,1,9.438633384640887,9.438633384640887,0,0,0,0,0,0,0,0,True,,True,0.219486013520509,0,False,False,False,False,d3.multi-cycle-shadow-cycle.v1
1008,m_to_n_demand_change,high_threat_m_to_n_demand_change,0,cycle-00,baseline,0.0,56b7e067d5391d8f8cb03e99b675a8e28002583974c9aba6aeb5091727635270,2,5,True,True,10,0.09800873688721956,False,0,target-000->resource-001|target-001->resource-003,target-000->resource-001|target-001->resource-003,R-P0001,1,,,initial,T-P0001,1,,,initial,0,0,4.14244741716014,4.14244741716014,0,0,0,0,0,0,0,0,True,,True,0.21866901079192758,0,False,False,False,False,d3.multi-cycle-shadow-cycle.v1
1008,m_to_n_demand_change,high_threat_m_to_n_demand_change,1,cycle-01,kinematic_update,3.0,286eda5c39fb1555cc9b274e8529ef962864c3b6b44a1be969d6ea5e810480b2,2,5,True,True,10,0.19555250237467225,False,0,target-000->resource-001|target-001->resource-003,target-000->resource-001|target-001->resource-003,R-P0001,1,R-P0001,,evaluation_refresh,T-P0001,1,T-P0001,,evaluation_refresh,0,0,4.1382814073994805,4.1382814073994805,0,0,0,0,0,0,0,0,True,,True,0.21728104911744595,0,False,False,False,False,d3.multi-cycle-shadow-cycle.v1
1008,m_to_n_demand_change,high_threat_m_to_n_demand_change,2,cycle-02,demand_increased,6.0,c2fd260bdd3ad3dbbf463719dccc7d33150d7b1560aca00c1f596c323e0f26cd,2,5,True,False,0,0.0,False,0,target-000->resource-000|target-000->resource-001|target-000->resource-002|target-001->resource-003,target-000->resource-000|target-000->resource-001|target-000->resource-002|target-001->resource-003,R-P0002,2,R-P0001,R-P0001,advanced,T-P0002,2,T-P0001,T-P0001,advanced,2,2,7.763546303421174,7.763546303421174,0,0,0,0,0,0,0,0,False,out_of_distribution,True,0.0,0,False,False,False,False,d3.multi-cycle-shadow-cycle.v1
1008,m_to_n_demand_change,high_threat_m_to_n_demand_change,3,cycle-03,kinematic_update,9.0,23b8ff814a8f29cca473e428cb0197d5966a9feedd7eb555cd70e5b934155610,2,5,True,False,0,0.0,False,0,target-000->resource-000|target-000->resource-001|target-000->resource-002|target-001->resource-003,target-000->resource-000|target-000->resource-001|target-000->resource-002|target-001->resource-003,R-P0002,2,R-P0002,R-P0001,evaluation_refresh,T-P0002,2,T-P0002,T-P0001,evaluation_refresh,0,0,7.755219565827275,7.755219565827275,0,0,0,0,0,0,0,0,False,out_of_distribution,True,0.0,0,False,False,False,False,d3.multi-cycle-shadow-cycle.v1
1008,m_to_n_demand_change,high_threat_m_to_n_demand_change,4,cycle-04,demand_restored,12.0,11383df1935a8959ebf1af1413340e31172367fd3a795e492c336d9135c8a8b5,2,5,True,True,10,0.19562300209088201,False,0,target-000->resource-001|target-001->resource-003,target-000->resource-001|target-001->resource-003,R-P0003,3,R-P0002,R-P0002,advanced,T-P0003,3,T-P0002,T-P0002,advanced,2,2,4.125783404611099,4.125783404611099,0,0,0,0,0,0,0,0,True,,True,0.2578499843366444,0,False,False,False,False,d3.multi-cycle-shadow-cycle.v1
1009,hungarian_switch_boundary,hungarian_switch_boundary,0,cycle-00,baseline,0.0,42d288f4dedc92615871b4ba367aef7d6aee18fb8d5071d0f482b8442b5f8f42,1,2,True,True,2,0.13638363507163564,False,0,target-000->resource-000,target-000->resource-000,R-P0001,1,,,initial,T-P0001,1,,,initial,0,0,2.3738333333333337,2.3738333333333337,0,0,0,0,0,0,0,0,True,,True,0.22089295089244843,0,False,False,False,False,d3.multi-cycle-shadow-cycle.v1
1009,hungarian_switch_boundary,hungarian_switch_boundary,1,cycle-01,hungarian_boundary_crossing,3.0,8ff04934e30c7f3f6a58afb60f3e27f79203be5f8adf2b0c6adb79eccca636da,1,2,True,True,2,0.19641752192645923,True,2,target-000->resource-001,target-000->resource-000,R-P0002,2,R-P0001,R-P0001,advanced,T-P0001,1,T-P0001,,evaluation_refresh,2,0,2.3738333333333337,2.378,0,0,0,0,0,0,0,0,True,,True,0.21991203539073467,0,False,False,False,False,d3.multi-cycle-shadow-cycle.v1
1009,hungarian_switch_boundary,hungarian_switch_boundary,2,cycle-02,hungarian_boundary_crossing,6.0,155bde81d4313d7141bdd4f8e69b2d598fef5541dc1826b9585db35d4c282ea9,1,2,True,True,2,0.19646546535350407,False,0,target-000->resource-000,target-000->resource-000,R-P0003,3,R-P0002,R-P0002,advanced,T-P0001,1,T-P0001,,evaluation_refresh,2,0,2.3738333333333337,2.3738333333333337,0,0,0,0,0,0,0,0,True,,True,0.21741900127381086,0,False,False,False,False,d3.multi-cycle-shadow-cycle.v1
1009,hungarian_switch_boundary,hungarian_switch_boundary,3,cycle-03,hungarian_boundary_crossing,9.0,4911ef3331f48b4f40e15a40aa519d4fdac0228693f756df4780ac8068f7d1e7,1,2,True,True,2,0.19641752192645923,True,2,target-000->resource-001,target-000->resource-000,R-P0004,4,R-P0003,R-P0003,advanced,T-P0001,1,T-P0001,,evaluation_refresh,2,0,2.3738333333333337,2.378,0,0,0,0,0,0,0,0,True,,True,0.20954402862116694,0,False,False,False,False,d3.multi-cycle-shadow-cycle.v1
1009,hungarian_switch_boundary,hungarian_switch_boundary,4,cycle-04,hungarian_boundary_crossing,12.0,b9bc1ff1f33ae219882b112e166633b2dbfeff8ea7a6da9b80291a0fa9d89034,1,2,True,True,2,0.19646546535350407,False,0,target-000->resource-000,target-000->resource-000,R-P0005,5,R-P0004,R-P0004,advanced,T-P0001,1,T-P0001,,evaluation_refresh,2,0,2.3738333333333337,2.3738333333333337,0,0,0,0,0,0,0,0,True,,True,0.2164350007660687,0,False,False,False,False,d3.multi-cycle-shadow-cycle.v1
1009,hungarian_switch_boundary,hungarian_switch_boundary,5,cycle-05,hungarian_boundary_crossing,15.0,37ad7e8e1fee8e8fa3dfc2638fe1f704951939dece8dff055fee7ada2acb39dd,1,2,True,True,2,0.19641752192645923,True,2,target-000->resource-001,target-000->resource-000,R-P0006,6,R-P0005,R-P0005,advanced,T-P0001,1,T-P0001,,evaluation_refresh,2,0,2.3738333333333337,2.378,0,0,0,0,0,0,0,0,True,,True,0.2142069861292839,0,False,False,False,False,d3.multi-cycle-shadow-cycle.v1
1009,five_resources_three_targets,resource_surplus_5x3,0,cycle-00,baseline,0.0,97fbf1ecdeb2c62e8f0035c617fc008849c8ca117c9d95e7ffdcd64a8cf23b4a,3,5,True,True,15,0.16173395414252045,False,0,target-000->resource-001|target-001->resource-002|target-002->resource-003,target-000->resource-001|target-001->resource-002|target-002->resource-003,R-P0001,1,,,initial,T-P0001,1,,,initial,0,0,7.193649205611738,7.193649205611738,0,0,0,0,0,0,0,0,True,,True,0.21739100338891149,0,False,False,False,False,d3.multi-cycle-shadow-cycle.v1
1009,five_resources_three_targets,resource_surplus_5x3,1,cycle-01,kinematic_update,3.0,ef6e938fea45d00342b2238fa8588097911831cd1ebdcc0128ca88764aef1521,3,5,True,True,15,0.1968241505050896,False,0,target-000->resource-001|target-001->resource-002|target-002->resource-003,target-000->resource-001|target-001->resource-002|target-002->resource-003,R-P0001,1,R-P0001,,evaluation_refresh,T-P0001,1,T-P0001,,evaluation_refresh,0,0,7.1879571446444475,7.1879571446444475,0,0,0,0,0,0,0,0,True,,True,0.21566502982750535,0,False,False,False,False,d3.multi-cycle-shadow-cycle.v1
1009,five_resources_three_targets,resource_surplus_5x3,2,cycle-02,kinematic_update,6.0,e1fd4ca16b94ebf7193a8a43b1274bd137258a40533e042fdb98e492e8360530,3,5,True,True,15,0.19685029395494302,False,0,target-000->resource-001|target-001->resource-002|target-002->resource-003,target-000->resource-001|target-001->resource-002|target-002->resource-003,R-P0001,1,R-P0001,,evaluation_refresh,T-P0001,1,T-P0001,,evaluation_refresh,0,0,7.1811576612238515,7.1811576612238515,0,0,0,0,0,0,0,0,True,,True,0.21655199816450477,0,False,False,False,False,d3.multi-cycle-shadow-cycle.v1
1009,five_resources_three_targets,resource_surplus_5x3,3,cycle-03,kinematic_update,9.0,c8db568783daca60865d34a0f15591269859aba4c361f46a3d4510f8f26deab1,3,5,True,True,15,0.1968728375462092,False,0,target-000->resource-001|target-001->resource-002|target-002->resource-003,target-000->resource-001|target-001->resource-002|target-002->resource-003,R-P0001,1,R-P0001,,evaluation_refresh,T-P0001,1,T-P0001,,evaluation_refresh,0,0,7.175352096892443,7.175352096892443,0,0,0,0,0,0,0,0,True,,True,0.2150359796360135,0,False,False,False,False,d3.multi-cycle-shadow-cycle.v1
1009,five_resources_three_targets,resource_surplus_5x3,4,cycle-04,kinematic_update,12.0,0b8a35a566fee8346dc025c7b0f00304b54a41e11a7fedf3a70f324989092a7c,3,5,True,True,15,0.1969009967005877,False,0,target-000->resource-001|target-001->resource-002|target-002->resource-003,target-000->resource-001|target-001->resource-002|target-002->resource-003,R-P0001,1,R-P0001,,evaluation_refresh,T-P0001,1,T-P0001,,evaluation_refresh,0,0,7.168867340983432,7.168867340983432,0,0,0,0,0,0,0,0,True,,True,0.2145790494978428,0,False,False,False,False,d3.multi-cycle-shadow-cycle.v1
1009,three_resources_five_targets,resource_shortage_3x5,0,cycle-00,baseline,0.0,5523a3c49e03b4a51de07e48dd93ca68dfb79d3f8414f11ef1a0fcb374734c77,5,3,True,True,15,0.16146198058570338,False,0,target-002->resource-000|target-003->resource-001|target-004->resource-002,target-002->resource-000|target-003->resource-001|target-004->resource-002,R-P0001,1,,,initial,T-P0001,1,,,initial,0,0,12.75595600613482,12.75595600613482,0,0,0,0,0,0,0,0,True,,True,0.22486603120341897,0,False,False,False,False,d3.multi-cycle-shadow-cycle.v1
1009,three_resources_five_targets,resource_shortage_3x5,1,cycle-01,kinematic_update,3.0,0cda74326daebfc4b88328c2254fd445fe7c871228e422f1966073bbf8bc44e7,5,3,True,True,15,0.19643013567758194,False,0,target-002->resource-000|target-003->resource-001|target-004->resource-002,target-002->resource-000|target-003->resource-001|target-004->resource-002,R-P0001,1,R-P0001,,evaluation_refresh,T-P0001,1,T-P0001,,evaluation_refresh,0,0,12.750445713563447,12.750445713563447,0,0,0,0,0,0,0,0,True,,True,0.22084498777985573,0,False,False,False,False,d3.multi-cycle-shadow-cycle.v1
1009,three_resources_five_targets,resource_shortage_3x5,2,cycle-02,kinematic_update,6.0,cdbfb1ffcb120e11a663da3b1f1bf3dd496f10207dd38880621513eda1ad4b2d,5,3,True,True,15,0.19645631284354836,False,0,target-002->resource-000|target-003->resource-001|target-004->resource-002,target-002->resource-000|target-003->resource-001|target-004->resource-002,R-P0001,1,R-P0001,,evaluation_refresh,T-P0001,1,T-P0001,,evaluation_refresh,0,0,12.743774727287466,12.743774727287466,0,0,0,0,0,0,0,0,True,,True,0.21628598915413022,0,False,False,False,False,d3.multi-cycle-shadow-cycle.v1
1009,three_resources_five_targets,resource_shortage_3x5,3,cycle-03,kinematic_update,9.0,b4d63b06bbfd1434a3ab2539929107219e0753cc5ae15a1adbf39658483b8292,5,3,True,True,15,0.1964814191140678,False,0,target-002->resource-000|target-003->resource-001|target-004->resource-002,target-002->resource-000|target-003->resource-001|target-004->resource-002,R-P0001,1,R-P0001,,evaluation_refresh,T-P0001,1,T-P0001,,evaluation_refresh,0,0,12.737727495668917,12.737727495668917,0,0,0,0,0,0,0,0,True,,True,0.21570903481915593,0,False,False,False,False,d3.multi-cycle-shadow-cycle.v1
1009,three_resources_five_targets,resource_shortage_3x5,4,cycle-04,kinematic_update,12.0,d69c99f3cf4f8dfa32e9d54afaf93f6120115287edf358758cb6ad1f7df4c1e9,5,3,True,True,15,0.19650445351637202,False,0,target-002->resource-000|target-003->resource-001|target-004->resource-002,target-002->resource-000|target-003->resource-001|target-004->resource-002,R-P0001,1,R-P0001,,evaluation_refresh,T-P0001,1,T-P0001,,evaluation_refresh,0,0,12.731673452744346,12.731673452744346,0,0,0,0,0,0,0,0,True,,True,0.22287602769210935,0,False,False,False,False,d3.multi-cycle-shadow-cycle.v1
1009,resource_failure,resource_failure_and_recovery,0,cycle-00,baseline,0.0,796cd8b787d1ee5bbc519bbd4ee06dab5e968828ec74ff7c3604508df0648575,5,5,True,True,25,0.16169989695258558,False,0,target-000->resource-000|target-001->resource-001|target-002->resource-002|target-003->resource-003|target-004->resource-004,target-000->resource-000|target-001->resource-001|target-002->resource-002|target-003->resource-003|target-004->resource-004,R-P0001,1,,,initial,T-P0001,1,,,initial,0,0,11.890388671537217,11.890388671537217,0,0,0,0,0,0,0,0,True,,True,0.2520440029911697,0,False,False,False,False,d3.multi-cycle-shadow-cycle.v1
1009,resource_failure,resource_failure_and_recovery,1,cycle-01,kinematic_update,3.0,d293dc8d404e397743b37b0d3c3cb02861629a9e0e830ff905023bd10114d824,5,5,True,True,25,0.19682364066320135,False,0,target-000->resource-000|target-001->resource-001|target-002->resource-002|target-003->resource-003|target-004->resource-004,target-000->resource-000|target-001->resource-001|target-002->resource-002|target-003->resource-003|target-004->resource-004,R-P0001,1,R-P0001,,evaluation_refresh,T-P0001,1,T-P0001,,evaluation_refresh,0,0,11.879627032769408,11.879627032769408,0,0,0,0,0,0,0,0,True,,True,0.2229509991593659,0,False,False,False,False,d3.multi-cycle-shadow-cycle.v1
1009,resource_failure,resource_failure_and_recovery,2,cycle-02,resource_failure,6.0,8deb1c1ee970a6a999b2d48d1c186c5b5c40e5778faf05918f49029e066dbf46,5,5,True,True,20,0.19685080357168294,True,4,target-001->resource-000|target-002->resource-001|target-003->resource-003|target-004->resource-004,target-001->resource-001|target-002->resource-000|target-003->resource-003|target-004->resource-004,R-P0002,2,R-P0001,R-P0001,advanced,T-P0002,2,T-P0001,T-P0001,advanced,5,3,12.25698645452913,12.258547036707931,0,0,0,0,0,0,0,0,True,,True,0.2377530327066779,0,False,False,False,False,d3.multi-cycle-shadow-cycle.v1
1009,resource_failure,resource_failure_and_recovery,3,cycle-03,kinematic_update,9.0,93059d1f96de653f32dd1c4fc4c43f43b6d8b36ab0676944fc58159aa0ac16b5,5,5,True,True,20,0.1966976572277499,True,4,target-001->resource-000|target-002->resource-001|target-003->resource-003|target-004->resource-004,target-001->resource-001|target-002->resource-000|target-003->resource-003|target-004->resource-004,R-P0002,2,R-P0002,R-P0001,evaluation_refresh,T-P0002,2,T-P0002,T-P0001,evaluation_refresh,0,0,12.248477257928698,12.250041916810293,0,0,0,0,0,0,0,0,True,,True,0.21801097318530083,0,False,False,False,False,d3.multi-cycle-shadow-cycle.v1
1009,resource_failure,resource_failure_and_recovery,4,cycle-04,resource_recovery,12.0,2e5e7596bdc694f890624432a6f763498bb3095ac0b4906b38989a45f0100016,5,5,True,True,25,0.19672124521919576,True,4,target-000->resource-000|target-001->resource-001|target-002->resource-002|target-003->resource-003|target-004->resource-004,target-000->resource-002|target-001->resource-001|target-002->resource-000|target-003->resource-003|target-004->resource-004,R-P0003,3,R-P0002,R-P0002,advanced,T-P0003,3,T-P0002,T-P0002,advanced,5,1,11.848110382048704,11.854402593170622,0,0,0,0,0,0,0,0,True,,True,0.2223429619334638,0,False,False,False,False,d3.multi-cycle-shadow-cycle.v1
1009,target_add_remove,target_inventory_change,0,cycle-00,baseline,0.0,babda517caaaeb19f472974a8f9716b9c5fcb13dbc67433bbba119087e111ad7,4,5,True,True,20,0.16173724665691935,False,0,target-000->resource-000|target-001->resource-001|target-002->resource-002|target-003->resource-003,target-000->resource-000|target-001->resource-001|target-002->resource-002|target-003->resource-003,R-P0001,1,,,initial,T-P0001,1,,,initial,0,0,9.551821248877832,9.551821248877832,0,0,0,0,0,0,0,0,True,,True,0.2267959644086659,0,False,False,False,False,d3.multi-cycle-shadow-cycle.v1
1009,target_add_remove,target_inventory_change,1,cycle-01,kinematic_update,3.0,1a585a8787bf142eb7b3b5c46adf908b832c94afcb0e6cd3872b7f50975e1926,4,5,True,True,20,0.19682673363780445,False,0,target-000->resource-000|target-001->resource-001|target-002->resource-002|target-003->resource-003,target-000->resource-000|target-001->resource-001|target-002->resource-002|target-003->resource-003,R-P0001,1,R-P0001,,evaluation_refresh,T-P0001,1,T-P0001,,evaluation_refresh,0,0,9.543487915544498,9.543487915544498,0,0,0,0,0,0,0,0,True,,True,0.2318619517609477,0,False,False,False,False,d3.multi-cycle-shadow-cycle.v1
1009,target_add_remove,target_inventory_change,2,cycle-02,target_added,6.0,a32a11c4c993a96f3d1098d2122b81c0ab506f3ceab5e500ec329459ba48549e,5,5,True,True,25,0.19685126788540908,False,0,target-000->resource-000|target-001->resource-001|target-002->resource-002|target-003->resource-003|target-004->resource-004,target-000->resource-000|target-001->resource-001|target-002->resource-002|target-003->resource-003|target-004->resource-004,R-P0002,2,R-P0001,R-P0001,advanced,T-P0002,2,T-P0001,T-P0001,advanced,1,1,11.868827092922135,11.868827092922135,0,0,0,0,0,0,0,0,True,,True,0.39293302688747644,0,False,False,False,False,d3.multi-cycle-shadow-cycle.v1
1009,target_add_remove,target_inventory_change,3,cycle-03,kinematic_update,9.0,9bca78a588c22dd5e72a6c21908bf30a95422cae4668cf0307e29a0a0aa2abf5,5,5,True,True,25,0.1968759732797043,False,0,target-000->resource-000|target-001->resource-001|target-002->resource-002|target-003->resource-003|target-004->resource-004,target-000->resource-000|target-001->resource-001|target-002->resource-002|target-003->resource-003|target-004->resource-004,R-P0002,2,R-P0002,R-P0001,evaluation_refresh,T-P0002,2,T-P0002,T-P0001,evaluation_refresh,0,0,11.858410426255471,11.858410426255471,0,0,0,0,0,0,0,0,True,,True,0.3759179962798953,0,False,False,False,False,d3.multi-cycle-shadow-cycle.v1
1009,target_add_remove,target_inventory_change,4,cycle-04,target_removed,12.0,f9e9884e70ed4cd1462ebf6bda8e03a5090c70425fcf76a78158803183c64ed5,4,5,True,True,20,0.1967208479999938,False,0,target-001->resource-001|target-002->resource-002|target-003->resource-003|target-004->resource-004,target-001->resource-001|target-002->resource-002|target-003->resource-003|target-004->resource-004,R-P0003,3,R-P0002,R-P0002,advanced,T-P0003,3,T-P0002,T-P0002,advanced,1,1,9.438410906358563,9.438410906358563,0,0,0,0,0,0,0,0,True,,True,0.35000202478840947,0,False,False,False,False,d3.multi-cycle-shadow-cycle.v1
1009,m_to_n_demand_change,high_threat_m_to_n_demand_change,0,cycle-00,baseline,0.0,0330e28fe176f4560dc8e3732ac8a741b7b067bfdb1db05dba4b5d9113444651,2,5,True,True,10,0.09800873688721956,False,0,target-000->resource-001|target-001->resource-003,target-000->resource-001|target-001->resource-003,R-P0001,1,,,initial,T-P0001,1,,,initial,0,0,4.14244741716014,4.14244741716014,0,0,0,0,0,0,0,0,True,,True,0.30179100576788187,0,False,False,False,False,d3.multi-cycle-shadow-cycle.v1
1009,m_to_n_demand_change,high_threat_m_to_n_demand_change,1,cycle-01,kinematic_update,3.0,077deee78522eba022981a6ff12f74c22d6cff8b7f6b802b1cdc661f820cc57c,2,5,True,True,10,0.19555250237467225,False,0,target-000->resource-001|target-001->resource-003,target-000->resource-001|target-001->resource-003,R-P0001,1,R-P0001,,evaluation_refresh,T-P0001,1,T-P0001,,evaluation_refresh,0,0,4.1382814073994805,4.1382814073994805,0,0,0,0,0,0,0,0,True,,True,0.23143296130001545,0,False,False,False,False,d3.multi-cycle-shadow-cycle.v1
1009,m_to_n_demand_change,high_threat_m_to_n_demand_change,2,cycle-02,demand_increased,6.0,9a3631130ea1d095c5b2ad77e0f179cafcdbdfb5ecd90288a7ef6b560d453693,2,5,True,False,0,0.0,False,0,target-000->resource-000|target-000->resource-001|target-000->resource-002|target-001->resource-003,target-000->resource-000|target-000->resource-001|target-000->resource-002|target-001->resource-003,R-P0002,2,R-P0001,R-P0001,advanced,T-P0002,2,T-P0001,T-P0001,advanced,2,2,7.763546303421174,7.763546303421174,0,0,0,0,0,0,0,0,False,out_of_distribution,True,0.0,0,False,False,False,False,d3.multi-cycle-shadow-cycle.v1
1009,m_to_n_demand_change,high_threat_m_to_n_demand_change,3,cycle-03,kinematic_update,9.0,ade3b849047ec7ea6dfdd60c0a48ab801de9c2d284f56963a9bfa1c60e2aaac1,2,5,True,False,0,0.0,False,0,target-000->resource-000|target-000->resource-001|target-000->resource-002|target-001->resource-003,target-000->resource-000|target-000->resource-001|target-000->resource-002|target-001->resource-003,R-P0002,2,R-P0002,R-P0001,evaluation_refresh,T-P0002,2,T-P0002,T-P0001,evaluation_refresh,0,0,7.755219565827275,7.755219565827275,0,0,0,0,0,0,0,0,False,out_of_distribution,True,0.0,0,False,False,False,False,d3.multi-cycle-shadow-cycle.v1
1009,m_to_n_demand_change,high_threat_m_to_n_demand_change,4,cycle-04,demand_restored,12.0,d4a57677e367d141fc0c8cc7ef4663df2017ad67d98356c438f7e2481b56aafe,2,5,True,True,10,0.19562300209088201,False,0,target-000->resource-001|target-001->resource-003,target-000->resource-001|target-001->resource-003,R-P0003,3,R-P0002,R-P0002,advanced,T-P0003,3,T-P0002,T-P0002,advanced,2,2,4.125783404611099,4.125783404611099,0,0,0,0,0,0,0,0,True,,True,0.25295495288446546,0,False,False,False,False,d3.multi-cycle-shadow-cycle.v1
1010,hungarian_switch_boundary,hungarian_switch_boundary,0,cycle-00,baseline,0.0,58f8dd355fdd9b7b783ae6e8264852570f127eb9e6d659ea23076d228a0c3d5d,1,2,True,True,2,0.13638363507163564,False,0,target-000->resource-000,target-000->resource-000,R-P0001,1,,,initial,T-P0001,1,,,initial,0,0,2.3738333333333337,2.3738333333333337,0,0,0,0,0,0,0,0,True,,True,0.27063803281635046,0,False,False,False,False,d3.multi-cycle-shadow-cycle.v1
1010,hungarian_switch_boundary,hungarian_switch_boundary,1,cycle-01,hungarian_boundary_crossing,3.0,ebfcfbf0db9516050cdebdf923668d35546d22d920fa871ac4051d3a987ec4e5,1,2,True,True,2,0.19641752192645923,True,2,target-000->resource-001,target-000->resource-000,R-P0002,2,R-P0001,R-P0001,advanced,T-P0001,1,T-P0001,,evaluation_refresh,2,0,2.3738333333333337,2.378,0,0,0,0,0,0,0,0,True,,True,0.2177679562009871,0,False,False,False,False,d3.multi-cycle-shadow-cycle.v1
1010,hungarian_switch_boundary,hungarian_switch_boundary,2,cycle-02,hungarian_boundary_crossing,6.0,d05f8c67d058548395d8e999a5e8c6488d094f2a0194c83789e72e635881cc0d,1,2,True,True,2,0.19646546535350407,False,0,target-000->resource-000,target-000->resource-000,R-P0003,3,R-P0002,R-P0002,advanced,T-P0001,1,T-P0001,,evaluation_refresh,2,0,2.3738333333333337,2.3738333333333337,0,0,0,0,0,0,0,0,True,,True,0.2209939993917942,0,False,False,False,False,d3.multi-cycle-shadow-cycle.v1
1010,hungarian_switch_boundary,hungarian_switch_boundary,3,cycle-03,hungarian_boundary_crossing,9.0,48c5184b881988d6a211b315b36e87b895b38e3d21a27c033a09ef21fc0bf2a7,1,2,True,True,2,0.19641752192645923,True,2,target-000->resource-001,target-000->resource-000,R-P0004,4,R-P0003,R-P0003,advanced,T-P0001,1,T-P0001,,evaluation_refresh,2,0,2.3738333333333337,2.378,0,0,0,0,0,0,0,0,True,,True,0.21853501675650477,0,False,False,False,False,d3.multi-cycle-shadow-cycle.v1
1010,hungarian_switch_boundary,hungarian_switch_boundary,4,cycle-04,hungarian_boundary_crossing,12.0,d530af13247b2c23fd75516c2de040bd55b0fad84f3d5ed7bf9dffc680e4b73b,1,2,True,True,2,0.19646546535350407,False,0,target-000->resource-000,target-000->resource-000,R-P0005,5,R-P0004,R-P0004,advanced,T-P0001,1,T-P0001,,evaluation_refresh,2,0,2.3738333333333337,2.3738333333333337,0,0,0,0,0,0,0,0,True,,True,0.2148440107703209,0,False,False,False,False,d3.multi-cycle-shadow-cycle.v1
1010,hungarian_switch_boundary,hungarian_switch_boundary,5,cycle-05,hungarian_boundary_crossing,15.0,16ec7ae3915368dc3591ca020b682d8fedf766c0c35721056a1523a9be693f33,1,2,True,True,2,0.19641752192645923,True,2,target-000->resource-001,target-000->resource-000,R-P0006,6,R-P0005,R-P0005,advanced,T-P0001,1,T-P0001,,evaluation_refresh,2,0,2.3738333333333337,2.378,0,0,0,0,0,0,0,0,True,,True,0.24057697737589478,0,False,False,False,False,d3.multi-cycle-shadow-cycle.v1
1010,five_resources_three_targets,resource_surplus_5x3,0,cycle-00,baseline,0.0,a8ae5756f004b31e992ddcfbb9efbd72512cd9e71a7f0e06566719436ca16db7,3,5,True,True,15,0.16170934387420166,False,0,target-000->resource-001|target-001->resource-002|target-002->resource-003,target-000->resource-001|target-001->resource-002|target-002->resource-003,R-P0001,1,,,initial,T-P0001,1,,,initial,0,0,7.194389561797184,7.194389561797184,0,0,0,0,0,0,0,0,True,,True,0.2259440370835364,0,False,False,False,False,d3.multi-cycle-shadow-cycle.v1
1010,five_resources_three_targets,resource_surplus_5x3,1,cycle-01,kinematic_update,3.0,80afe02cb0c57e9fe0cb1d5744bd227b90b7c742275341eb3cbb357b4849a21b,3,5,True,True,15,0.19682403720726427,False,0,target-000->resource-001|target-001->resource-002|target-002->resource-003,target-000->resource-001|target-001->resource-002|target-002->resource-003,R-P0001,1,R-P0001,,evaluation_refresh,T-P0001,1,T-P0001,,evaluation_refresh,0,0,7.187960160851436,7.187960160851436,0,0,0,0,0,0,0,0,True,,True,0.21578097948804498,0,False,False,False,False,d3.multi-cycle-shadow-cycle.v1
1010,five_resources_three_targets,resource_surplus_5x3,2,cycle-02,kinematic_update,6.0,62b64a1205328f12929ee7ec8486e62637e0719b7bf568c0e3d16d594e86cf07,3,5,True,True,15,0.19684995420805818,False,0,target-000->resource-001|target-001->resource-002|target-002->resource-003,target-000->resource-001|target-001->resource-002|target-002->resource-003,R-P0001,1,R-P0001,,evaluation_refresh,T-P0001,1,T-P0001,,evaluation_refresh,0,0,7.181414882638364,7.181414882638364,0,0,0,0,0,0,0,0,True,,True,0.24403200950473547,0,False,False,False,False,d3.multi-cycle-shadow-cycle.v1
1010,five_resources_three_targets,resource_surplus_5x3,3,cycle-03,kinematic_update,9.0,dee99199addcfec9274e6d5c555b5da503d21558e5c9b9cdc4f58a4755fdd853,3,5,True,True,15,0.19687616572013056,False,0,target-000->resource-001|target-001->resource-002|target-002->resource-003,target-000->resource-001|target-001->resource-002|target-002->resource-003,R-P0001,1,R-P0001,,evaluation_refresh,T-P0001,1,T-P0001,,evaluation_refresh,0,0,7.175114508275648,7.175114508275648,0,0,0,0,0,0,0,0,True,,True,0.2344310050830245,0,False,False,False,False,d3.multi-cycle-shadow-cycle.v1
1010,five_resources_three_targets,resource_surplus_5x3,4,cycle-04,kinematic_update,12.0,1d5130bf1733b2051a0e61d13c84189a503fb4624a317adcae04fdb479f92ed0,3,5,True,True,15,0.19689740962959812,False,0,target-000->resource-001|target-001->resource-002|target-002->resource-003,target-000->resource-001|target-001->resource-002|target-002->resource-003,R-P0001,1,R-P0001,,evaluation_refresh,T-P0001,1,T-P0001,,evaluation_refresh,0,0,7.169430025308368,7.169430025308368,0,0,0,0,0,0,0,0,True,,True,0.22439600434154272,0,False,False,False,False,d3.multi-cycle-shadow-cycle.v1
1010,three_resources_five_targets,resource_shortage_3x5,0,cycle-00,baseline,0.0,76be04f7f0b89fe8e3a3b8d8a0365fa1e381c398f8769b40082d45454bfe1ee3,5,3,True,True,15,0.1614681558752289,False,0,target-002->resource-000|target-003->resource-001|target-004->resource-002,target-002->resource-000|target-003->resource-001|target-004->resource-002,R-P0001,1,,,initial,T-P0001,1,,,initial,0,0,12.756230700291571,12.756230700291571,0,0,0,0,0,0,0,0,True,,True,0.24411099730059505,0,False,False,False,False,d3.multi-cycle-shadow-cycle.v1
1010,three_resources_five_targets,resource_shortage_3x5,1,cycle-01,kinematic_update,3.0,41b394a31f7b30daff514a4ee86d72c1ad8acd1953eee7d63357c6813c58e462,5,3,True,True,15,0.19643473117782762,False,0,target-002->resource-000|target-003->resource-001|target-004->resource-002,target-002->resource-000|target-003->resource-001|target-004->resource-002,R-P0001,1,R-P0001,,evaluation_refresh,T-P0001,1,T-P0001,,evaluation_refresh,0,0,12.74978071470198,12.74978071470198,0,0,0,0,0,0,0,0,True,,True,0.25751598877832294,0,False,False,False,False,d3.multi-cycle-shadow-cycle.v1
1010,three_resources_five_targets,resource_shortage_3x5,2,cycle-02,kinematic_update,6.0,026d7c891a0884ed028da03bb2c21cd17d62cdfb421d255cffa35c95ccaa65b7,5,3,True,True,15,0.19645838738118027,False,0,target-002->resource-000|target-003->resource-001|target-004->resource-002,target-002->resource-000|target-003->resource-001|target-004->resource-002,R-P0001,1,R-P0001,,evaluation_refresh,T-P0001,1,T-P0001,,evaluation_refresh,0,0,12.743760698646653,12.743760698646653,0,0,0,0,0,0,0,0,True,,True,0.23236003471538424,0,False,False,False,False,d3.multi-cycle-shadow-cycle.v1
1010,three_resources_five_targets,resource_shortage_3x5,3,cycle-03,kinematic_update,9.0,56875201701ef4b8ad432c597de527b383d78f5442e19e9469bfadf5640b71e5,5,3,True,True,15,0.1964807924381624,False,0,target-002->resource-000|target-003->resource-001|target-004->resource-002,target-002->resource-000|target-003->resource-001|target-004->resource-002,R-P0001,1,R-P0001,,evaluation_refresh,T-P0001,1,T-P0001,,evaluation_refresh,0,0,12.737504380351119,12.737504380351119,0,0,0,0,0,0,0,0,True,,True,0.23590598721057177,0,False,False,False,False,d3.multi-cycle-shadow-cycle.v1
1010,three_resources_five_targets,resource_shortage_3x5,4,cycle-04,kinematic_update,12.0,b280e34345f4499444b75891e5866471bc8be960c5e1662c70504d3d67382277,5,3,True,True,15,0.19650588860569096,False,0,target-002->resource-000|target-003->resource-001|target-004->resource-002,target-002->resource-000|target-003->resource-001|target-004->resource-002,R-P0001,1,R-P0001,,evaluation_refresh,T-P0001,1,T-P0001,,evaluation_refresh,0,0,12.731197410337629,12.731197410337629,0,0,0,0,0,0,0,0,True,,True,0.31042599584907293,0,False,False,False,False,d3.multi-cycle-shadow-cycle.v1
1010,resource_failure,resource_failure_and_recovery,0,cycle-00,baseline,0.0,cc206b01bcb96d8c5b9aca00366b16a9f8977418d39ec4f5f356af4b1d89d591,5,5,True,True,25,0.1616577141300617,False,0,target-000->resource-000|target-001->resource-001|target-002->resource-002|target-003->resource-003|target-004->resource-004,target-000->resource-000|target-001->resource-001|target-002->resource-002|target-003->resource-003|target-004->resource-004,R-P0001,1,,,initial,T-P0001,1,,,initial,0,0,11.890619845775669,11.890619845775669,0,0,0,0,0,0,0,0,True,,True,0.22471597185358405,0,False,False,False,False,d3.multi-cycle-shadow-cycle.v1
1010,resource_failure,resource_failure_and_recovery,1,cycle-01,kinematic_update,3.0,a755bc88f4d39adb6d13e7cccb72fbcbdade1a3f35b04f48245822d87a002982,5,5,True,True,25,0.19682426380270224,False,0,target-000->resource-000|target-001->resource-001|target-002->resource-002|target-003->resource-003|target-004->resource-004,target-000->resource-000|target-001->resource-001|target-002->resource-002|target-003->resource-003|target-004->resource-004,R-P0001,1,R-P0001,,evaluation_refresh,T-P0001,1,T-P0001,,evaluation_refresh,0,0,11.8797926604625,11.8797926604625,0,0,0,0,0,0,0,0,True,,True,0.319882994517684,0,False,False,False,False,d3.multi-cycle-shadow-cycle.v1
1010,resource_failure,resource_failure_and_recovery,2,cycle-02,resource_failure,6.0,d0fdd5e3abae565bdc1f5933a631030afe1bcbb4fde40f93fa059c0f65fd2e04,5,5,True,True,20,0.19685250226305673,True,4,target-001->resource-000|target-002->resource-001|target-003->resource-003|target-004->resource-004,target-001->resource-001|target-002->resource-000|target-003->resource-003|target-004->resource-004,R-P0002,2,R-P0001,R-P0001,advanced,T-P0002,2,T-P0001,T-P0001,advanced,5,3,12.257510656372666,12.259070304994058,0,0,0,0,0,0,0,0,True,,True,0.24484802270308137,0,False,False,False,False,d3.multi-cycle-shadow-cycle.v1
1010,resource_failure,resource_failure_and_recovery,3,cycle-03,kinematic_update,9.0,5cc30df813d50205af880adaa30702e246b2e4495f291d6b4866cbb5aac9510e,5,5,True,True,20,0.196698327081005,True,4,target-001->resource-000|target-002->resource-001|target-003->resource-003|target-004->resource-004,target-001->resource-001|target-002->resource-000|target-003->resource-003|target-004->resource-004,R-P0002,2,R-P0002,R-P0001,evaluation_refresh,T-P0002,2,T-P0002,T-P0001,evaluation_refresh,0,0,12.2487949819206,12.250359351628969,0,0,0,0,0,0,0,0,True,,True,0.21688902052119374,0,False,False,False,False,d3.multi-cycle-shadow-cycle.v1
1010,resource_failure,resource_failure_and_recovery,4,cycle-04,resource_recovery,12.0,48f58b20a9a5aa8252bd95828537b0e96e167357a653ab424e0798e133fd29fc,5,5,True,True,25,0.19672083665083528,True,4,target-000->resource-000|target-001->resource-001|target-002->resource-002|target-003->resource-003|target-004->resource-004,target-000->resource-002|target-001->resource-001|target-002->resource-000|target-003->resource-003|target-004->resource-004,R-P0003,3,R-P0002,R-P0002,advanced,T-P0003,3,T-P0002,T-P0002,advanced,5,1,11.84872122889633,11.855013451060167,0,0,0,0,0,0,0,0,True,,True,0.2945389715023339,0,False,False,False,False,d3.multi-cycle-shadow-cycle.v1
1010,target_add_remove,target_inventory_change,0,cycle-00,baseline,0.0,effcd6545df05f8023b8b7e30070a48a04f623c9fb4d87d5b14b94f84f84cd29,4,5,True,True,20,0.16175562231367513,False,0,target-000->resource-000|target-001->resource-001|target-002->resource-002|target-003->resource-003,target-000->resource-000|target-001->resource-001|target-002->resource-002|target-003->resource-003,R-P0001,1,,,initial,T-P0001,1,,,initial,0,0,9.551823032588352,9.551823032588352,0,0,0,0,0,0,0,0,True,,True,0.2427860163152218,0,False,False,False,False,d3.multi-cycle-shadow-cycle.v1
1010,target_add_remove,target_inventory_change,1,cycle-01,kinematic_update,3.0,45204f873590219fc3145c477f07520a87cb39c6ada5d229e45912cd2f7ab84b,4,5,True,True,20,0.19682748136611616,False,0,target-000->resource-000|target-001->resource-001|target-002->resource-002|target-003->resource-003,target-000->resource-000|target-001->resource-001|target-002->resource-002|target-003->resource-003,R-P0001,1,R-P0001,,evaluation_refresh,T-P0001,1,T-P0001,,evaluation_refresh,0,0,9.54348969925502,9.54348969925502,0,0,0,0,0,0,0,0,True,,True,0.24150899844244123,0,False,False,False,False,d3.multi-cycle-shadow-cycle.v1
1010,target_add_remove,target_inventory_change,2,cycle-02,target_added,6.0,686928e7221ee4ff8e275cf661a276166370df859fd78e197c8a24d7ac7fb2ca,5,5,True,True,25,0.19685203795883188,False,0,target-000->resource-000|target-001->resource-001|target-002->resource-002|target-003->resource-003|target-004->resource-004,target-000->resource-000|target-001->resource-001|target-002->resource-002|target-003->resource-003|target-004->resource-004,R-P0002,2,R-P0001,R-P0001,advanced,T-P0002,2,T-P0001,T-P0001,advanced,1,1,11.86890074687472,11.86890074687472,0,0,0,0,0,0,0,0,True,,True,0.2688580425456166,0,False,False,False,False,d3.multi-cycle-shadow-cycle.v1
1010,target_add_remove,target_inventory_change,3,cycle-03,kinematic_update,9.0,723f5579e9a7009e91288af0ed17d9ea629a8823b1076e074d605b121e42ec65,5,5,True,True,25,0.19687674303772518,False,0,target-000->resource-000|target-001->resource-001|target-002->resource-002|target-003->resource-003|target-004->resource-004,target-000->resource-000|target-001->resource-001|target-002->resource-002|target-003->resource-003|target-004->resource-004,R-P0002,2,R-P0002,R-P0001,evaluation_refresh,T-P0002,2,T-P0002,T-P0001,evaluation_refresh,0,0,11.858484080208054,11.858484080208054,0,0,0,0,0,0,0,0,True,,True,0.22164196707308292,0,False,False,False,False,d3.multi-cycle-shadow-cycle.v1
1010,target_add_remove,target_inventory_change,4,cycle-04,target_removed,12.0,1cb3e7fc78e4060c0e1e8cf53b06a4442fb2ac2a870c2212ca7a75969c56abb2,4,5,True,True,20,0.19672129061551002,False,0,target-001->resource-001|target-002->resource-002|target-003->resource-003|target-004->resource-004,target-001->resource-001|target-002->resource-002|target-003->resource-003|target-004->resource-004,R-P0003,3,R-P0002,R-P0002,advanced,T-P0003,3,T-P0002,T-P0002,advanced,1,1,9.438549640990455,9.438549640990455,0,0,0,0,0,0,0,0,True,,True,0.29967603040859103,0,False,False,False,False,d3.multi-cycle-shadow-cycle.v1
1010,m_to_n_demand_change,high_threat_m_to_n_demand_change,0,cycle-00,baseline,0.0,930d1b2f7ae87b7ca181b77a5f3bd7a01c462713d2eb8f564619831bf4d7da64,2,5,True,True,10,0.09800873688721956,False,0,target-000->resource-001|target-001->resource-003,target-000->resource-001|target-001->resource-003,R-P0001,1,,,initial,T-P0001,1,,,initial,0,0,4.14244741716014,4.14244741716014,0,0,0,0,0,0,0,0,True,,True,0.2280899789184332,0,False,False,False,False,d3.multi-cycle-shadow-cycle.v1
1010,m_to_n_demand_change,high_threat_m_to_n_demand_change,1,cycle-01,kinematic_update,3.0,c3ad10a5c583686230e1b88b75efeaca22219533762db308a7c0ac9010c6bdfe,2,5,True,True,10,0.19555250237467225,False,0,target-000->resource-001|target-001->resource-003,target-000->resource-001|target-001->resource-003,R-P0001,1,R-P0001,,evaluation_refresh,T-P0001,1,T-P0001,,evaluation_refresh,0,0,4.1382814073994805,4.1382814073994805,0,0,0,0,0,0,0,0,True,,True,0.21691701840609312,0,False,False,False,False,d3.multi-cycle-shadow-cycle.v1
1010,m_to_n_demand_change,high_threat_m_to_n_demand_change,2,cycle-02,demand_increased,6.0,b1d6de0172413b33eda81547de41f865105c7e400ef211d5fbd427a04acff55c,2,5,True,False,0,0.0,False,0,target-000->resource-000|target-000->resource-001|target-000->resource-002|target-001->resource-003,target-000->resource-000|target-000->resource-001|target-000->resource-002|target-001->resource-003,R-P0002,2,R-P0001,R-P0001,advanced,T-P0002,2,T-P0001,T-P0001,advanced,2,2,7.763546303421174,7.763546303421174,0,0,0,0,0,0,0,0,False,out_of_distribution,True,0.0,0,False,False,False,False,d3.multi-cycle-shadow-cycle.v1
1010,m_to_n_demand_change,high_threat_m_to_n_demand_change,3,cycle-03,kinematic_update,9.0,9ba2c63a8370f6a75b70487adc6a79421a9b6e8a0484119811a1543200d60090,2,5,True,False,0,0.0,False,0,target-000->resource-000|target-000->resource-001|target-000->resource-002|target-001->resource-003,target-000->resource-000|target-000->resource-001|target-000->resource-002|target-001->resource-003,R-P0002,2,R-P0002,R-P0001,evaluation_refresh,T-P0002,2,T-P0002,T-P0001,evaluation_refresh,0,0,7.755219565827275,7.755219565827275,0,0,0,0,0,0,0,0,False,out_of_distribution,True,0.0,0,False,False,False,False,d3.multi-cycle-shadow-cycle.v1
1010,m_to_n_demand_change,high_threat_m_to_n_demand_change,4,cycle-04,demand_restored,12.0,a8561af2a4259a4e70c678a8284f51b48d096fcf900a31d7997165370485dcd9,2,5,True,True,10,0.19562300209088201,False,0,target-000->resource-001|target-001->resource-003,target-000->resource-001|target-001->resource-003,R-P0003,3,R-P0002,R-P0002,advanced,T-P0003,3,T-P0002,T-P0002,advanced,2,2,4.125783404611099,4.125783404611099,0,0,0,0,0,0,0,0,True,,True,0.36206102231517434,0,False,False,False,False,d3.multi-cycle-shadow-cycle.v1
1011,hungarian_switch_boundary,hungarian_switch_boundary,0,cycle-00,baseline,0.0,1e2b3ce1d71f6d6aa1ca406e4d2b752815666ca0444ed7fa98d6ff35df4561df,1,2,True,True,2,0.13638363507163564,False,0,target-000->resource-000,target-000->resource-000,R-P0001,1,,,initial,T-P0001,1,,,initial,0,0,2.3738333333333337,2.3738333333333337,0,0,0,0,0,0,0,0,True,,True,0.3165649832226336,0,False,False,False,False,d3.multi-cycle-shadow-cycle.v1
1011,hungarian_switch_boundary,hungarian_switch_boundary,1,cycle-01,hungarian_boundary_crossing,3.0,c4d263a8c839083f8d2fb8fc6c279f564571371d4d952a6f83959998e2973b85,1,2,True,True,2,0.19641752192645923,True,2,target-000->resource-001,target-000->resource-000,R-P0002,2,R-P0001,R-P0001,advanced,T-P0001,1,T-P0001,,evaluation_refresh,2,0,2.3738333333333337,2.378,0,0,0,0,0,0,0,0,True,,True,0.21933502284809947,0,False,False,False,False,d3.multi-cycle-shadow-cycle.v1
1011,hungarian_switch_boundary,hungarian_switch_boundary,2,cycle-02,hungarian_boundary_crossing,6.0,37ad7487a5e3b47389dc27700898411fcf4a143e2ed729eb08d82f022a2d15e7,1,2,True,True,2,0.19646546535350407,False,0,target-000->resource-000,target-000->resource-000,R-P0003,3,R-P0002,R-P0002,advanced,T-P0001,1,T-P0001,,evaluation_refresh,2,0,2.3738333333333337,2.3738333333333337,0,0,0,0,0,0,0,0,True,,True,0.21720200311392546,0,False,False,False,False,d3.multi-cycle-shadow-cycle.v1
1011,hungarian_switch_boundary,hungarian_switch_boundary,3,cycle-03,hungarian_boundary_crossing,9.0,9cb9aae9869962540796bb4af8b49373b95cdf6ae5c259e0c833721247ab9eab,1,2,True,True,2,0.19641752192645923,True,2,target-000->resource-001,target-000->resource-000,R-P0004,4,R-P0003,R-P0003,advanced,T-P0001,1,T-P0001,,evaluation_refresh,2,0,2.3738333333333337,2.378,0,0,0,0,0,0,0,0,True,,True,0.21496997214853764,0,False,False,False,False,d3.multi-cycle-shadow-cycle.v1
1011,hungarian_switch_boundary,hungarian_switch_boundary,4,cycle-04,hungarian_boundary_crossing,12.0,f1daf95231b5e0bf3eccbe232d4452e82466f59f8f169dacf0cbf0c139336a91,1,2,True,True,2,0.19646546535350407,False,0,target-000->resource-000,target-000->resource-000,R-P0005,5,R-P0004,R-P0004,advanced,T-P0001,1,T-P0001,,evaluation_refresh,2,0,2.3738333333333337,2.3738333333333337,0,0,0,0,0,0,0,0,True,,True,0.2144710160791874,0,False,False,False,False,d3.multi-cycle-shadow-cycle.v1
1011,hungarian_switch_boundary,hungarian_switch_boundary,5,cycle-05,hungarian_boundary_crossing,15.0,af31f0ba917d2d24ec98f5a9c402b5430ea28999d2513b45a24eeecb2ff487ca,1,2,True,True,2,0.19641752192645923,True,2,target-000->resource-001,target-000->resource-000,R-P0006,6,R-P0005,R-P0005,advanced,T-P0001,1,T-P0001,,evaluation_refresh,2,0,2.3738333333333337,2.378,0,0,0,0,0,0,0,0,True,,True,0.231555022764951,0,False,False,False,False,d3.multi-cycle-shadow-cycle.v1
1011,five_resources_three_targets,resource_surplus_5x3,0,cycle-00,baseline,0.0,21010f2e432c1d9b800060ea2ab4e4fd7f7d306c3a7dcd31688559479a75c710,3,5,True,True,15,0.16170608520929308,False,0,target-000->resource-001|target-001->resource-002|target-002->resource-003,target-000->resource-001|target-001->resource-002|target-002->resource-003,R-P0001,1,,,initial,T-P0001,1,,,initial,0,0,7.193732484437911,7.193732484437911,0,0,0,0,0,0,0,0,True,,True,0.21740997908636928,0,False,False,False,False,d3.multi-cycle-shadow-cycle.v1
1011,five_resources_three_targets,resource_surplus_5x3,1,cycle-01,kinematic_update,3.0,227f1f06fa2fb648af10c26e225c51be189fb731b7db077e2e87a614a69755dd,3,5,True,True,15,0.19682769661951882,False,0,target-000->resource-001|target-001->resource-002|target-002->resource-003,target-000->resource-001|target-001->resource-002|target-002->resource-003,R-P0001,1,R-P0001,,evaluation_refresh,T-P0001,1,T-P0001,,evaluation_refresh,0,0,7.187508149241802,7.187508149241802,0,0,0,0,0,0,0,0,True,,True,0.2159409923478961,0,False,False,False,False,d3.multi-cycle-shadow-cycle.v1
1011,five_resources_three_targets,resource_surplus_5x3,2,cycle-02,kinematic_update,6.0,e1aafce0bebe2fc1d645087ba7b3d745caa38c71cdcdbdeb0f9e3c6e6d62ef85,3,5,True,True,15,0.19684789303593986,False,0,target-000->resource-001|target-001->resource-002|target-002->resource-003,target-000->resource-001|target-001->resource-002|target-002->resource-003,R-P0001,1,R-P0001,,evaluation_refresh,T-P0001,1,T-P0001,,evaluation_refresh,0,0,7.1819107331880225,7.1819107331880225,0,0,0,0,0,0,0,0,True,,True,0.22461998742073774,0,False,False,False,False,d3.multi-cycle-shadow-cycle.v1
1011,five_resources_three_targets,resource_surplus_5x3,3,cycle-03,kinematic_update,9.0,d0f37952dbe2d1dc247a6d640a4f5a8230976778e4fde03bbd3d3cd224f0cad2,3,5,True,True,15,0.19687729771020646,False,0,target-000->resource-001|target-001->resource-002|target-002->resource-003,target-000->resource-001|target-001->resource-002|target-002->resource-003,R-P0001,1,R-P0001,,evaluation_refresh,T-P0001,1,T-P0001,,evaluation_refresh,0,0,7.17499541327294,7.17499541327294,0,0,0,0,0,0,0,0,True,,True,0.23148796753957868,0,False,False,False,False,d3.multi-cycle-shadow-cycle.v1
1011,five_resources_three_targets,resource_surplus_5x3,4,cycle-04,kinematic_update,12.0,0a3ad8c03c1cf6d50d035235e7f1468d523eaeb5deda71b1a7168e479d1839e6,3,5,True,True,15,0.1968989825355929,False,0,target-000->resource-001|target-001->resource-002|target-002->resource-003,target-000->resource-001|target-001->resource-002|target-002->resource-003,R-P0001,1,R-P0001,,evaluation_refresh,T-P0001,1,T-P0001,,evaluation_refresh,0,0,7.16900834690712,7.16900834690712,0,0,0,0,0,0,0,0,True,,True,0.6237500347197056,0,False,False,False,False,d3.multi-cycle-shadow-cycle.v1
1011,three_resources_five_targets,resource_shortage_3x5,0,cycle-00,baseline,0.0,c4e497183c205bafb48c6a36334dbdd683ef2f59e727fd69b45d88e4a69c3120,5,3,True,True,15,0.16152276337307825,False,0,target-002->resource-000|target-003->resource-001|target-004->resource-002,target-002->resource-000|target-003->resource-001|target-004->resource-002,R-P0001,1,,,initial,T-P0001,1,,,initial,0,0,12.75617587479784,12.75617587479784,0,0,0,0,0,0,0,0,True,,True,0.21910102805122733,0,False,False,False,False,d3.multi-cycle-shadow-cycle.v1
1011,three_resources_five_targets,resource_shortage_3x5,1,cycle-01,kinematic_update,3.0,997742ef5ca3beffd7d472e6199109de2e2f9c5a380701f78ce388e08445ba91,5,3,True,True,15,0.1964319260253813,False,0,target-002->resource-000|target-003->resource-001|target-004->resource-002,target-002->resource-000|target-003->resource-001|target-004->resource-002,R-P0001,1,R-P0001,,evaluation_refresh,T-P0001,1,T-P0001,,evaluation_refresh,0,0,12.750147055583586,12.750147055583586,0,0,0,0,0,0,0,0,True,,True,0.29206997714936733,0,False,False,False,False,d3.multi-cycle-shadow-cycle.v1
1011,three_resources_five_targets,resource_shortage_3x5,2,cycle-02,kinematic_update,6.0,c7044643e5e7753f88a74598f8dbe1dfa3d27d38c5799d57bc68f9ee9ac8ad43,5,3,True,True,15,0.19645561751565666,False,0,target-002->resource-000|target-003->resource-001|target-004->resource-002,target-002->resource-000|target-003->resource-001|target-004->resource-002,R-P0001,1,R-P0001,,evaluation_refresh,T-P0001,1,T-P0001,,evaluation_refresh,0,0,12.743709321555048,12.743709321555048,0,0,0,0,0,0,0,0,True,,True,0.2191389794461429,0,False,False,False,False,d3.multi-cycle-shadow-cycle.v1
1011,three_resources_five_targets,resource_shortage_3x5,3,cycle-03,kinematic_update,9.0,f7a942a5274b92fe1cab5d70a36b9aafe1b761848db93972c66b765ffc11e54f,5,3,True,True,15,0.19648238760049175,False,0,target-002->resource-000|target-003->resource-001|target-004->resource-002,target-002->resource-000|target-003->resource-001|target-004->resource-002,R-P0001,1,R-P0001,,evaluation_refresh,T-P0001,1,T-P0001,,evaluation_refresh,0,0,12.737488615444928,12.737488615444928,0,0,0,0,0,0,0,0,True,,True,0.21910102805122733,0,False,False,False,False,d3.multi-cycle-shadow-cycle.v1
1011,three_resources_five_targets,resource_shortage_3x5,4,cycle-04,kinematic_update,12.0,bfbff6438aa392f555d5f2026a4239ba7e981358d9262887abc4679e3c94b414,5,3,True,True,15,0.1965049091039539,False,0,target-002->resource-000|target-003->resource-001|target-004->resource-002,target-002->resource-000|target-003->resource-001|target-004->resource-002,R-P0001,1,R-P0001,,evaluation_refresh,T-P0001,1,T-P0001,,evaluation_refresh,0,0,12.731442807173092,12.731442807173092,0,0,0,0,0,0,0,0,True,,True,0.25550101418048143,0,False,False,False,False,d3.multi-cycle-shadow-cycle.v1
1011,resource_failure,resource_failure_and_recovery,0,cycle-00,baseline,0.0,0886023f16c4728c533b0fa44c0654c68205a1347bac1b268f7fd969b603c648,5,5,True,True,25,0.16170371915136839,False,0,target-000->resource-000|target-001->resource-001|target-002->resource-002|target-003->resource-003|target-004->resource-004,target-000->resource-000|target-001->resource-001|target-002->resource-002|target-003->resource-003|target-004->resource-004,R-P0001,1,,,initial,T-P0001,1,,,initial,0,0,11.889866860249438,11.889866860249438,0,0,0,0,0,0,0,0,True,,True,0.2255620202049613,0,False,False,False,False,d3.multi-cycle-shadow-cycle.v1
1011,resource_failure,resource_failure_and_recovery,1,cycle-01,kinematic_update,3.0,be9f05552c7adfecaa5fa1a569677cbf7fe3d0dcdbdf16486484aa4c4dfe26b7,5,5,True,True,25,0.19682804782079089,False,0,target-000->resource-000|target-001->resource-001|target-002->resource-002|target-003->resource-003|target-004->resource-004,target-000->resource-000|target-001->resource-001|target-002->resource-002|target-003->resource-003|target-004->resource-004,R-P0001,1,R-P0001,,evaluation_refresh,T-P0001,1,T-P0001,,evaluation_refresh,0,0,11.879574562298183,11.879574562298183,0,0,0,0,0,0,0,0,True,,True,0.263463007286191,0,False,False,False,False,d3.multi-cycle-shadow-cycle.v1
1011,resource_failure,resource_failure_and_recovery,2,cycle-02,resource_failure,6.0,1b4ee45dc89309af1ffd3a2c6e9516f15f9ba66ea0a4d463c59b974b0e7e3538,5,5,True,True,20,0.19685184544139744,True,4,target-001->resource-000|target-002->resource-001|target-003->resource-003|target-004->resource-004,target-001->resource-001|target-002->resource-000|target-003->resource-003|target-004->resource-004,R-P0002,2,R-P0001,R-P0001,advanced,T-P0002,2,T-P0001,T-P0001,advanced,5,3,12.256706573155824,12.258266596012128,0,0,0,0,0,0,0,0,True,,True,0.2531050122343004,0,False,False,False,False,d3.multi-cycle-shadow-cycle.v1
1011,resource_failure,resource_failure_and_recovery,3,cycle-03,kinematic_update,9.0,cb9cee8d181c71ad541b4bc0b976300d663a67631ec6567af0c0626e797d0b07,5,5,True,True,20,0.19669810001293575,True,4,target-001->resource-000|target-002->resource-001|target-003->resource-003|target-004->resource-004,target-001->resource-001|target-002->resource-000|target-003->resource-003|target-004->resource-004,R-P0002,2,R-P0002,R-P0001,evaluation_refresh,T-P0002,2,T-P0002,T-P0001,evaluation_refresh,0,0,12.24853717275045,12.25010283989047,0,0,0,0,0,0,0,0,True,,True,0.23655802942812443,0,False,False,False,False,d3.multi-cycle-shadow-cycle.v1
1011,resource_failure,resource_failure_and_recovery,4,cycle-04,resource_recovery,12.0,df925fe361205b5531b32dd75b2720bd3d33fda94ba2865522bf59a3f12d84ae,5,5,True,True,25,0.19672017839600642,True,4,target-000->resource-000|target-001->resource-001|target-002->resource-002|target-003->resource-003|target-004->resource-004,target-000->resource-002|target-001->resource-001|target-002->resource-000|target-003->resource-003|target-004->resource-004,R-P0003,3,R-P0002,R-P0002,advanced,T-P0003,3,T-P0002,T-P0002,advanced,5,1,11.84835737917512,11.854649535941496,0,0,0,0,0,0,0,0,True,,True,0.32396300230175257,0,False,False,False,False,d3.multi-cycle-shadow-cycle.v1
1011,target_add_remove,target_inventory_change,0,cycle-00,baseline,0.0,929e69c2273f58476b60b224d73e9baebe134f88d390226ac93f0e06fb1bf5a5,4,5,True,True,20,0.16165463605446861,False,0,target-000->resource-000|target-001->resource-001|target-002->resource-002|target-003->resource-003,target-000->resource-000|target-001->resource-001|target-002->resource-002|target-003->resource-003,R-P0001,1,,,initial,T-P0001,1,,,initial,0,0,9.551973291267071,9.551973291267071,0,0,0,0,0,0,0,0,True,,True,0.23067998699843884,0,False,False,False,False,d3.multi-cycle-shadow-cycle.v1
1011,target_add_remove,target_inventory_change,1,cycle-01,kinematic_update,3.0,7ab81c35bca2b06649118dee6c96840313b9bc96384bd80e334128223852474d,4,5,True,True,20,0.1968233120961469,False,0,target-000->resource-000|target-001->resource-001|target-002->resource-002|target-003->resource-003,target-000->resource-000|target-001->resource-001|target-002->resource-002|target-003->resource-003,R-P0001,1,R-P0001,,evaluation_refresh,T-P0001,1,T-P0001,,evaluation_refresh,0,0,9.543639957933737,9.543639957933737,0,0,0,0,0,0,0,0,True,,True,0.22277800599113107,0,False,False,False,False,d3.multi-cycle-shadow-cycle.v1
1011,target_add_remove,target_inventory_change,2,cycle-02,target_added,6.0,26c32436abcefb5bd2e9695dff71ad703600e7cdf34ed4034e257dc3217ec6c1,5,5,True,True,25,0.19684781375868265,False,0,target-000->resource-000|target-001->resource-001|target-002->resource-002|target-003->resource-003|target-004->resource-004,target-000->resource-000|target-001->resource-001|target-002->resource-002|target-003->resource-003|target-004->resource-004,R-P0002,2,R-P0001,R-P0001,advanced,T-P0002,2,T-P0001,T-P0001,advanced,1,1,11.869086394696335,11.869086394696335,0,0,0,0,0,0,0,0,True,,True,0.2667539520189166,0,False,False,False,False,d3.multi-cycle-shadow-cycle.v1
1011,target_add_remove,target_inventory_change,3,cycle-03,kinematic_update,9.0,e60259a529f17a0fffdebbb9f0aad6d92fa6949159042359e2fedc42c0c2226a,5,5,True,True,25,0.1968724979262957,False,0,target-000->resource-000|target-001->resource-001|target-002->resource-002|target-003->resource-003|target-004->resource-004,target-000->resource-000|target-001->resource-001|target-002->resource-002|target-003->resource-003|target-004->resource-004,R-P0002,2,R-P0002,R-P0001,evaluation_refresh,T-P0002,2,T-P0002,T-P0001,evaluation_refresh,0,0,11.858669728029668,11.858669728029668,0,0,0,0,0,0,0,0,True,,True,0.22900098701938987,0,False,False,False,False,d3.multi-cycle-shadow-cycle.v1
1011,target_add_remove,target_inventory_change,4,cycle-04,target_removed,12.0,d33d82881c5292cf2abebcbc5cd4b4e7b44a1b5b00297e568245e9ea45b3318a,4,5,True,True,20,0.19672201695190328,False,0,target-001->resource-001|target-002->resource-002|target-003->resource-003|target-004->resource-004,target-001->resource-001|target-002->resource-002|target-003->resource-003|target-004->resource-004,R-P0003,3,R-P0002,R-P0002,advanced,T-P0003,3,T-P0002,T-P0002,advanced,1,1,9.438378262230566,9.438378262230566,0,0,0,0,0,0,0,0,True,,True,0.3283609985373914,0,False,False,False,False,d3.multi-cycle-shadow-cycle.v1
1011,m_to_n_demand_change,high_threat_m_to_n_demand_change,0,cycle-00,baseline,0.0,e015690ccf9ce2d9125eaf74d475084e4e1c3a59fab69a18edd887aac55d26ed,2,5,True,True,10,0.09800873688721956,False,0,target-000->resource-001|target-001->resource-003,target-000->resource-001|target-001->resource-003,R-P0001,1,,,initial,T-P0001,1,,,initial,0,0,4.14244741716014,4.14244741716014,0,0,0,0,0,0,0,0,True,,True,0.2556749968789518,0,False,False,False,False,d3.multi-cycle-shadow-cycle.v1
1011,m_to_n_demand_change,high_threat_m_to_n_demand_change,1,cycle-01,kinematic_update,3.0,013863898cec41e9b0f5422af26b72c3741a06875e889cc4c11896ebd7f4f26c,2,5,True,True,10,0.19555250237467225,False,0,target-000->resource-001|target-001->resource-003,target-000->resource-001|target-001->resource-003,R-P0001,1,R-P0001,,evaluation_refresh,T-P0001,1,T-P0001,,evaluation_refresh,0,0,4.1382814073994805,4.1382814073994805,0,0,0,0,0,0,0,0,True,,True,0.22237596567720175,0,False,False,False,False,d3.multi-cycle-shadow-cycle.v1
1011,m_to_n_demand_change,high_threat_m_to_n_demand_change,2,cycle-02,demand_increased,6.0,04572458b53948523c7e8036391075fa87ee19cb9728280cfed046821495f51e,2,5,True,False,0,0.0,False,0,target-000->resource-000|target-000->resource-001|target-000->resource-002|target-001->resource-003,target-000->resource-000|target-000->resource-001|target-000->resource-002|target-001->resource-003,R-P0002,2,R-P0001,R-P0001,advanced,T-P0002,2,T-P0001,T-P0001,advanced,2,2,7.763546303421174,7.763546303421174,0,0,0,0,0,0,0,0,False,out_of_distribution,True,0.0,0,False,False,False,False,d3.multi-cycle-shadow-cycle.v1
1011,m_to_n_demand_change,high_threat_m_to_n_demand_change,3,cycle-03,kinematic_update,9.0,9b05c367d88ad4220dea3d2934bc911605a177bdea91cd7f0d4736c96cd1269b,2,5,True,False,0,0.0,False,0,target-000->resource-000|target-000->resource-001|target-000->resource-002|target-001->resource-003,target-000->resource-000|target-000->resource-001|target-000->resource-002|target-001->resource-003,R-P0002,2,R-P0002,R-P0001,evaluation_refresh,T-P0002,2,T-P0002,T-P0001,evaluation_refresh,0,0,7.755219565827275,7.755219565827275,0,0,0,0,0,0,0,0,False,out_of_distribution,True,0.0,0,False,False,False,False,d3.multi-cycle-shadow-cycle.v1
1011,m_to_n_demand_change,high_threat_m_to_n_demand_change,4,cycle-04,demand_restored,12.0,884f91cfcffb8ecee627eb6f13359201daf52626d26febba0bdcb48868283d45,2,5,True,True,10,0.19562300209088201,False,0,target-000->resource-001|target-001->resource-003,target-000->resource-001|target-001->resource-003,R-P0003,3,R-P0002,R-P0002,advanced,T-P0003,3,T-P0002,T-P0002,advanced,2,2,4.125783404611099,4.125783404611099,0,0,0,0,0,0,0,0,True,,True,0.3248659777455032,0,False,False,False,False,d3.multi-cycle-shadow-cycle.v1
1012,hungarian_switch_boundary,hungarian_switch_boundary,0,cycle-00,baseline,0.0,74cfe55b8c4c126884f40558fbe29f1c8390d80b3a520938957384e8a54fa3fe,1,2,True,True,2,0.13638363507163564,False,0,target-000->resource-000,target-000->resource-000,R-P0001,1,,,initial,T-P0001,1,,,initial,0,0,2.3738333333333337,2.3738333333333337,0,0,0,0,0,0,0,0,True,,True,0.30517601408064365,0,False,False,False,False,d3.multi-cycle-shadow-cycle.v1
1012,hungarian_switch_boundary,hungarian_switch_boundary,1,cycle-01,hungarian_boundary_crossing,3.0,fc438db72ca8b3dea40398a2213ba5bfadf19c9f3cfb54c8275abc840ae546f1,1,2,True,True,2,0.19641752192645923,True,2,target-000->resource-001,target-000->resource-000,R-P0002,2,R-P0001,R-P0001,advanced,T-P0001,1,T-P0001,,evaluation_refresh,2,0,2.3738333333333337,2.378,0,0,0,0,0,0,0,0,True,,True,0.2198049915023148,0,False,False,False,False,d3.multi-cycle-shadow-cycle.v1
1012,hungarian_switch_boundary,hungarian_switch_boundary,2,cycle-02,hungarian_boundary_crossing,6.0,9877ce3203dce63789fe901d1f688c26d0113a1322aad2e8c3ce47c23aee5508,1,2,True,True,2,0.19646546535350407,False,0,target-000->resource-000,target-000->resource-000,R-P0003,3,R-P0002,R-P0002,advanced,T-P0001,1,T-P0001,,evaluation_refresh,2,0,2.3738333333333337,2.3738333333333337,0,0,0,0,0,0,0,0,True,,True,0.22286298917606473,0,False,False,False,False,d3.multi-cycle-shadow-cycle.v1
1012,hungarian_switch_boundary,hungarian_switch_boundary,3,cycle-03,hungarian_boundary_crossing,9.0,3ba2d4cd155148541259cba5ea2bb0dfe454224a271dc4ba469a9c87b46bf582,1,2,True,True,2,0.19641752192645923,True,2,target-000->resource-001,target-000->resource-000,R-P0004,4,R-P0003,R-P0003,advanced,T-P0001,1,T-P0001,,evaluation_refresh,2,0,2.3738333333333337,2.378,0,0,0,0,0,0,0,0,True,,True,0.2224249765276909,0,False,False,False,False,d3.multi-cycle-shadow-cycle.v1
1012,hungarian_switch_boundary,hungarian_switch_boundary,4,cycle-04,hungarian_boundary_crossing,12.0,9d61114de627ba170f94fb4312f8ede3a983a6f5633eb29bedeb08903a0c2330,1,2,True,True,2,0.19646546535350407,False,0,target-000->resource-000,target-000->resource-000,R-P0005,5,R-P0004,R-P0004,advanced,T-P0001,1,T-P0001,,evaluation_refresh,2,0,2.3738333333333337,2.3738333333333337,0,0,0,0,0,0,0,0,True,,True,0.23274897830560803,0,False,False,False,False,d3.multi-cycle-shadow-cycle.v1
1012,hungarian_switch_boundary,hungarian_switch_boundary,5,cycle-05,hungarian_boundary_crossing,15.0,6239e843a379c807864df8d5451ec2ebfe8d5b676747422205d81a3c65ada312,1,2,True,True,2,0.19641752192645923,True,2,target-000->resource-001,target-000->resource-000,R-P0006,6,R-P0005,R-P0005,advanced,T-P0001,1,T-P0001,,evaluation_refresh,2,0,2.3738333333333337,2.378,0,0,0,0,0,0,0,0,True,,True,0.2261740155518055,0,False,False,False,False,d3.multi-cycle-shadow-cycle.v1
1012,five_resources_three_targets,resource_surplus_5x3,0,cycle-00,baseline,0.0,b48f025da881338a8cae186cd513620e4f774d774494dfd0579d476817049a7f,3,5,True,True,15,0.16168047193409807,False,0,target-000->resource-001|target-001->resource-002|target-002->resource-003,target-000->resource-001|target-001->resource-002|target-002->resource-003,R-P0001,1,,,initial,T-P0001,1,,,initial,0,0,7.194158118242665,7.194158118242665,0,0,0,0,0,0,0,0,True,,True,0.2171429805457592,0,False,False,False,False,d3.multi-cycle-shadow-cycle.v1
1012,five_resources_three_targets,resource_surplus_5x3,1,cycle-01,kinematic_update,3.0,e9f2a9bef0314cd7af97afd8bd5284683da6423beec26fa6ab3a50d7e3a6d984,3,5,True,True,15,0.196825759311257,False,0,target-000->resource-001|target-001->resource-002|target-002->resource-003,target-000->resource-001|target-001->resource-002|target-002->resource-003,R-P0001,1,R-P0001,,evaluation_refresh,T-P0001,1,T-P0001,,evaluation_refresh,0,0,7.187848585296378,7.187848585296378,0,0,0,0,0,0,0,0,True,,True,0.21712796296924353,0,False,False,False,False,d3.multi-cycle-shadow-cycle.v1
1012,five_resources_three_targets,resource_surplus_5x3,2,cycle-02,kinematic_update,6.0,f35f2b6f6d462b73d43243a7b167d7224cd591ebe2d538b34e8bb301482a523d,3,5,True,True,15,0.19685209458148956,False,0,target-000->resource-001|target-001->resource-002|target-002->resource-003,target-000->resource-001|target-001->resource-002|target-002->resource-003,R-P0001,1,R-P0001,,evaluation_refresh,T-P0001,1,T-P0001,,evaluation_refresh,0,0,7.18163441130586,7.18163441130586,0,0,0,0,0,0,0,0,True,,True,0.24852203205227852,0,False,False,False,False,d3.multi-cycle-shadow-cycle.v1
1012,five_resources_three_targets,resource_surplus_5x3,3,cycle-03,kinematic_update,9.0,0a361a623b7c59823fbc0342f6866f1aac7592c249ff2887821306c32741b3a8,3,5,True,True,15,0.19687384507403038,False,0,target-000->resource-001|target-001->resource-002|target-002->resource-003,target-000->resource-001|target-001->resource-002|target-002->resource-003,R-P0001,1,R-P0001,,evaluation_refresh,T-P0001,1,T-P0001,,evaluation_refresh,0,0,7.175153371376595,7.175153371376595,0,0,0,0,0,0,0,0,True,,True,0.24165399372577667,0,False,False,False,False,d3.multi-cycle-shadow-cycle.v1
1012,five_resources_three_targets,resource_surplus_5x3,4,cycle-04,kinematic_update,12.0,171c3c904725464c786887baae286a6c24648fd1694f8e113fd86bf7a853e50e,3,5,True,True,15,0.19689914095550343,False,0,target-000->resource-001|target-001->resource-002|target-002->resource-003,target-000->resource-001|target-001->resource-002|target-002->resource-003,R-P0001,1,R-P0001,,evaluation_refresh,T-P0001,1,T-P0001,,evaluation_refresh,0,0,7.169217473012873,7.169217473012873,0,0,0,0,0,0,0,0,True,,True,0.22797600831836462,0,False,False,False,False,d3.multi-cycle-shadow-cycle.v1
1012,three_resources_five_targets,resource_shortage_3x5,0,cycle-00,baseline,0.0,c86435a0df990061cd04d66d9d3464fb1bb71b70d5afdf15afa5698c8154cf47,5,3,True,True,15,0.16151565347937602,False,0,target-002->resource-000|target-003->resource-001|target-004->resource-002,target-002->resource-000|target-003->resource-001|target-004->resource-002,R-P0001,1,,,initial,T-P0001,1,,,initial,0,0,12.75640496176623,12.75640496176623,0,0,0,0,0,0,0,0,True,,True,0.23211201187223196,0,False,False,False,False,d3.multi-cycle-shadow-cycle.v1
1012,three_resources_five_targets,resource_shortage_3x5,1,cycle-01,kinematic_update,3.0,dba5ce7bc0814fdad361012f00e83778f04f2847bc085ec4e96d827c0754bc8a,5,3,True,True,15,0.19643368211155732,False,0,target-002->resource-000|target-003->resource-001|target-004->resource-002,target-002->resource-000|target-003->resource-001|target-004->resource-002,R-P0001,1,R-P0001,,evaluation_refresh,T-P0001,1,T-P0001,,evaluation_refresh,0,0,12.750028153064196,12.750028153064196,0,0,0,0,0,0,0,0,True,,True,0.27750502340495586,0,False,False,False,False,d3.multi-cycle-shadow-cycle.v1
1012,three_resources_five_targets,resource_shortage_3x5,2,cycle-02,kinematic_update,6.0,5d1910fd22bcbb0c1838713d4ff560de344c0caaf60a6f51ecb2d00558e33f67,5,3,True,True,15,0.19645799983556733,False,0,target-002->resource-000|target-003->resource-001|target-004->resource-002,target-002->resource-000|target-003->resource-001|target-004->resource-002,R-P0001,1,R-P0001,,evaluation_refresh,T-P0001,1,T-P0001,,evaluation_refresh,0,0,12.743624856212861,12.743624856212861,0,0,0,0,0,0,0,0,True,,True,0.23105903528630733,0,False,False,False,False,d3.multi-cycle-shadow-cycle.v1
1012,three_resources_five_targets,resource_shortage_3x5,3,cycle-03,kinematic_update,9.0,f30db6437a9dcceb43fc3d1a6db1597d7d8433b4433d1bb7e2d562512e200a68,5,3,True,True,15,0.19648047340067487,False,0,target-002->resource-000|target-003->resource-001|target-004->resource-002,target-002->resource-000|target-003->resource-001|target-004->resource-002,R-P0001,1,R-P0001,,evaluation_refresh,T-P0001,1,T-P0001,,evaluation_refresh,0,0,12.737836822346132,12.737836822346132,0,0,0,0,0,0,0,0,True,,True,0.2957920078188181,0,False,False,False,False,d3.multi-cycle-shadow-cycle.v1
1012,three_resources_five_targets,resource_shortage_3x5,4,cycle-04,kinematic_update,12.0,9d5c4c04f5ea9bca1f58e5aafb8272a139a000fce2774de818acf089c0f42ade,5,3,True,True,15,0.1965040662642421,False,0,target-002->resource-000|target-003->resource-001|target-004->resource-002,target-002->resource-000|target-003->resource-001|target-004->resource-002,R-P0001,1,R-P0001,,evaluation_refresh,T-P0001,1,T-P0001,,evaluation_refresh,0,0,12.731496879485189,12.731496879485189,0,0,0,0,0,0,0,0,True,,True,0.36927597830072045,0,False,False,False,False,d3.multi-cycle-shadow-cycle.v1
1012,resource_failure,resource_failure_and_recovery,0,cycle-00,baseline,0.0,a870968e56fc4d1cff9ed34a60195c6719071fe41ca6d56dca3ff17898344682,5,5,True,True,25,0.16169772144807526,False,0,target-000->resource-000|target-001->resource-001|target-002->resource-002|target-003->resource-003|target-004->resource-004,target-000->resource-000|target-001->resource-001|target-002->resource-002|target-003->resource-003|target-004->resource-004,R-P0001,1,,,initial,T-P0001,1,,,initial,0,0,11.889774565880725,11.889774565880725,0,0,0,0,0,0,0,0,True,,True,0.2575789694674313,0,False,False,False,False,d3.multi-cycle-shadow-cycle.v1
1012,resource_failure,resource_failure_and_recovery,1,cycle-01,kinematic_update,3.0,aeafc81fe897b2767b3904e929cca5cc2b2fe7c0d9ae5401ca40c659163ac7d4,5,5,True,True,25,0.1968240032178752,False,0,target-000->resource-000|target-001->resource-001|target-002->resource-002|target-003->resource-003|target-004->resource-004,target-000->resource-000|target-001->resource-001|target-002->resource-002|target-003->resource-003|target-004->resource-004,R-P0001,1,R-P0001,,evaluation_refresh,T-P0001,1,T-P0001,,evaluation_refresh,0,0,11.8793469638967,11.8793469638967,0,0,0,0,0,0,0,0,True,,True,0.2849600277841091,0,False,False,False,False,d3.multi-cycle-shadow-cycle.v1
1012,resource_failure,resource_failure_and_recovery,2,cycle-02,resource_failure,6.0,3e2753f0c5e9d9ef1395b9a6c59ad9a5a834e088e78c64004d45ff87e528bd97,5,5,True,True,20,0.19684984095867142,True,4,target-001->resource-000|target-002->resource-001|target-003->resource-003|target-004->resource-004,target-001->resource-001|target-002->resource-000|target-003->resource-003|target-004->resource-004,R-P0002,2,R-P0001,R-P0001,advanced,T-P0002,2,T-P0001,T-P0001,advanced,5,3,12.256719280429014,12.258279868923609,0,0,0,0,0,0,0,0,True,,True,0.3941109753213823,0,False,False,False,False,d3.multi-cycle-shadow-cycle.v1
1012,resource_failure,resource_failure_and_recovery,3,cycle-03,kinematic_update,9.0,1f60241594568d3cfc57753625ab4c4b2c77f76345e92b0d62b59ab2dc474479,5,5,True,True,20,0.19669743015716756,True,4,target-001->resource-000|target-002->resource-001|target-003->resource-003|target-004->resource-004,target-001->resource-001|target-002->resource-000|target-003->resource-003|target-004->resource-004,R-P0002,2,R-P0002,R-P0001,evaluation_refresh,T-P0002,2,T-P0002,T-P0001,evaluation_refresh,0,0,12.248602261201317,12.250167975783725,0,0,0,0,0,0,0,0,True,,True,0.2462640404701233,0,False,False,False,False,d3.multi-cycle-shadow-cycle.v1
1012,resource_failure,resource_failure_and_recovery,4,cycle-04,resource_recovery,12.0,d70f3ce53afafc631dd8867490b23439cf1aef7aef2e631523708069ff1b3e6b,5,5,True,True,25,0.19672294755766195,True,4,target-000->resource-000|target-001->resource-001|target-002->resource-002|target-003->resource-003|target-004->resource-004,target-000->resource-002|target-001->resource-001|target-002->resource-000|target-003->resource-003|target-004->resource-004,R-P0003,3,R-P0002,R-P0002,advanced,T-P0003,3,T-P0002,T-P0002,advanced,5,1,11.848240737314365,11.85453222670569,0,0,0,0,0,0,0,0,True,,True,0.3133250284008682,0,False,False,False,False,d3.multi-cycle-shadow-cycle.v1
1012,target_add_remove,target_inventory_change,0,cycle-00,baseline,0.0,5c4d34caa0c4fd3b5970d4463231d6c4020109cb59eee6f2ae9d493ff835bfdb,4,5,True,True,20,0.16176768051688928,False,0,target-000->resource-000|target-001->resource-001|target-002->resource-002|target-003->resource-003,target-000->resource-000|target-001->resource-001|target-002->resource-002|target-003->resource-003,R-P0001,1,,,initial,T-P0001,1,,,initial,0,0,9.552075549181422,9.552075549181422,0,0,0,0,0,0,0,0,True,,True,0.2426530118100345,0,False,False,False,False,d3.multi-cycle-shadow-cycle.v1
1012,target_add_remove,target_inventory_change,1,cycle-01,kinematic_update,3.0,d7305c924103454a87e1a9e0930caa477a1d650e6cfa6f8ebb78dd87765208c6,4,5,True,True,20,0.19682799117556238,False,0,target-000->resource-000|target-001->resource-001|target-002->resource-002|target-003->resource-003,target-000->resource-000|target-001->resource-001|target-002->resource-002|target-003->resource-003,R-P0001,1,R-P0001,,evaluation_refresh,T-P0001,1,T-P0001,,evaluation_refresh,0,0,9.54374221584809,9.54374221584809,0,0,0,0,0,0,0,0,True,,True,0.23964699357748032,0,False,False,False,False,d3.multi-cycle-shadow-cycle.v1
1012,target_add_remove,target_inventory_change,2,cycle-02,target_added,6.0,d52025b28d10ad41077d03ed0b0a629dc43c356546b9da574bd1fc5078121b06,5,5,True,True,25,0.19685253623639598,False,0,target-000->resource-000|target-001->resource-001|target-002->resource-002|target-003->resource-003|target-004->resource-004,target-000->resource-000|target-001->resource-001|target-002->resource-002|target-003->resource-003|target-004->resource-004,R-P0002,2,R-P0001,R-P0001,advanced,T-P0002,2,T-P0001,T-P0001,advanced,1,1,11.8692044209439,11.8692044209439,0,0,0,0,0,0,0,0,True,,True,0.2642409526742995,0,False,False,False,False,d3.multi-cycle-shadow-cycle.v1
1012,target_add_remove,target_inventory_change,3,cycle-03,kinematic_update,9.0,ce70a4b0401f6269afa684cfed629b714caf7127f0ce57f46426faa0a462d721,5,5,True,True,25,0.1968772524310114,False,0,target-000->resource-000|target-001->resource-001|target-002->resource-002|target-003->resource-003|target-004->resource-004,target-000->resource-000|target-001->resource-001|target-002->resource-002|target-003->resource-003|target-004->resource-004,R-P0002,2,R-P0002,R-P0001,evaluation_refresh,T-P0002,2,T-P0002,T-P0001,evaluation_refresh,0,0,11.858787754277234,11.858787754277234,0,0,0,0,0,0,0,0,True,,True,0.2593289827927947,0,False,False,False,False,d3.multi-cycle-shadow-cycle.v1
1012,target_add_remove,target_inventory_change,4,cycle-04,target_removed,12.0,b4b52287d917ee44b88eeb28bb9196eeaa7e924c8320449250c92d94bd799823,4,5,True,True,20,0.19671939529041493,False,0,target-001->resource-001|target-002->resource-002|target-003->resource-003|target-004->resource-004,target-001->resource-001|target-002->resource-002|target-003->resource-003|target-004->resource-004,R-P0003,3,R-P0002,R-P0002,advanced,T-P0003,3,T-P0002,T-P0002,advanced,1,1,9.438896094861995,9.438896094861995,0,0,0,0,0,0,0,0,True,,True,0.33011502819135785,0,False,False,False,False,d3.multi-cycle-shadow-cycle.v1
1012,m_to_n_demand_change,high_threat_m_to_n_demand_change,0,cycle-00,baseline,0.0,f564ee0f2356cbdbf59fcfb80d760e8290061ca3b8cccf6bec7eb8cfc4406829,2,5,True,True,10,0.09800873688721956,False,0,target-000->resource-001|target-001->resource-003,target-000->resource-001|target-001->resource-003,R-P0001,1,,,initial,T-P0001,1,,,initial,0,0,4.14244741716014,4.14244741716014,0,0,0,0,0,0,0,0,True,,True,0.2316990285180509,0,False,False,False,False,d3.multi-cycle-shadow-cycle.v1
1012,m_to_n_demand_change,high_threat_m_to_n_demand_change,1,cycle-01,kinematic_update,3.0,b9e8ee3fad47cf5df7047661d8c1bd1f966f3113b216a86e58d631ab577250f9,2,5,True,True,10,0.19555250237467225,False,0,target-000->resource-001|target-001->resource-003,target-000->resource-001|target-001->resource-003,R-P0001,1,R-P0001,,evaluation_refresh,T-P0001,1,T-P0001,,evaluation_refresh,0,0,4.1382814073994805,4.1382814073994805,0,0,0,0,0,0,0,0,True,,True,0.21974300034344196,0,False,False,False,False,d3.multi-cycle-shadow-cycle.v1
1012,m_to_n_demand_change,high_threat_m_to_n_demand_change,2,cycle-02,demand_increased,6.0,41685951f166251814fad2a92c3b8bfa6973e4194c15924708a046834a238e02,2,5,True,False,0,0.0,False,0,target-000->resource-000|target-000->resource-001|target-000->resource-002|target-001->resource-003,target-000->resource-000|target-000->resource-001|target-000->resource-002|target-001->resource-003,R-P0002,2,R-P0001,R-P0001,advanced,T-P0002,2,T-P0001,T-P0001,advanced,2,2,7.763546303421174,7.763546303421174,0,0,0,0,0,0,0,0,False,out_of_distribution,True,0.0,0,False,False,False,False,d3.multi-cycle-shadow-cycle.v1
1012,m_to_n_demand_change,high_threat_m_to_n_demand_change,3,cycle-03,kinematic_update,9.0,04e4433e1958cb9603c6bafa5d8e5b170489a030630feabb8b8cf609ba9db930,2,5,True,False,0,0.0,False,0,target-000->resource-000|target-000->resource-001|target-000->resource-002|target-001->resource-003,target-000->resource-000|target-000->resource-001|target-000->resource-002|target-001->resource-003,R-P0002,2,R-P0002,R-P0001,evaluation_refresh,T-P0002,2,T-P0002,T-P0001,evaluation_refresh,0,0,7.755219565827275,7.755219565827275,0,0,0,0,0,0,0,0,False,out_of_distribution,True,0.0,0,False,False,False,False,d3.multi-cycle-shadow-cycle.v1
1012,m_to_n_demand_change,high_threat_m_to_n_demand_change,4,cycle-04,demand_restored,12.0,32d05aa194dcd28031767e232da7c6251eb5658eb8b40a72380c9918dbe77b9f,2,5,True,True,10,0.19562300209088201,False,0,target-000->resource-001|target-001->resource-003,target-000->resource-001|target-001->resource-003,R-P0003,3,R-P0002,R-P0002,advanced,T-P0003,3,T-P0002,T-P0002,advanced,2,2,4.125783404611099,4.125783404611099,0,0,0,0,0,0,0,0,True,,True,0.42467901948839426,0,False,False,False,False,d3.multi-cycle-shadow-cycle.v1
1013,hungarian_switch_boundary,hungarian_switch_boundary,0,cycle-00,baseline,0.0,617f372d7ab109af69f7e1065c05acddf10b6fe461f48d2cd6b58b4d2c9c8d66,1,2,True,True,2,0.13638363507163564,False,0,target-000->resource-000,target-000->resource-000,R-P0001,1,,,initial,T-P0001,1,,,initial,0,0,2.3738333333333337,2.3738333333333337,0,0,0,0,0,0,0,0,True,,True,0.4659899859689176,0,False,False,False,False,d3.multi-cycle-shadow-cycle.v1
1013,hungarian_switch_boundary,hungarian_switch_boundary,1,cycle-01,hungarian_boundary_crossing,3.0,d657790fd76dceb80089c8855447c52bedd5a154c8871f9be92ca73ab870840b,1,2,True,True,2,0.19641752192645923,True,2,target-000->resource-001,target-000->resource-000,R-P0002,2,R-P0001,R-P0001,advanced,T-P0001,1,T-P0001,,evaluation_refresh,2,0,2.3738333333333337,2.378,0,0,0,0,0,0,0,0,True,,True,0.21460396237671375,0,False,False,False,False,d3.multi-cycle-shadow-cycle.v1
1013,hungarian_switch_boundary,hungarian_switch_boundary,2,cycle-02,hungarian_boundary_crossing,6.0,4b1f434cc312a9cada172b13ee1b36141b5c7646b8165279f2a833fdd6e508cc,1,2,True,True,2,0.19646546535350407,False,0,target-000->resource-000,target-000->resource-000,R-P0003,3,R-P0002,R-P0002,advanced,T-P0001,1,T-P0001,,evaluation_refresh,2,0,2.3738333333333337,2.3738333333333337,0,0,0,0,0,0,0,0,True,,True,0.21510000806301832,0,False,False,False,False,d3.multi-cycle-shadow-cycle.v1
1013,hungarian_switch_boundary,hungarian_switch_boundary,3,cycle-03,hungarian_boundary_crossing,9.0,f7bda8342d87048c443b3f9c855c55cc7f08105970225869b733fd24fdfaa9ae,1,2,True,True,2,0.19641752192645923,True,2,target-000->resource-001,target-000->resource-000,R-P0004,4,R-P0003,R-P0003,advanced,T-P0001,1,T-P0001,,evaluation_refresh,2,0,2.3738333333333337,2.378,0,0,0,0,0,0,0,0,True,,True,0.21132698748260736,0,False,False,False,False,d3.multi-cycle-shadow-cycle.v1
1013,hungarian_switch_boundary,hungarian_switch_boundary,4,cycle-04,hungarian_boundary_crossing,12.0,907e467d77d752b1e008fa3287a22d20f0e51d7da1524ffd25824ab976c8d5cd,1,2,True,True,2,0.19646546535350407,False,0,target-000->resource-000,target-000->resource-000,R-P0005,5,R-P0004,R-P0004,advanced,T-P0001,1,T-P0001,,evaluation_refresh,2,0,2.3738333333333337,2.3738333333333337,0,0,0,0,0,0,0,0,True,,True,0.21775596542283893,0,False,False,False,False,d3.multi-cycle-shadow-cycle.v1
1013,hungarian_switch_boundary,hungarian_switch_boundary,5,cycle-05,hungarian_boundary_crossing,15.0,b768ea66cdc86fbbdfdce79650e3ca730cf5847148b4421e76e7b88996bbe4f3,1,2,True,True,2,0.19641752192645923,True,2,target-000->resource-001,target-000->resource-000,R-P0006,6,R-P0005,R-P0005,advanced,T-P0001,1,T-P0001,,evaluation_refresh,2,0,2.3738333333333337,2.378,0,0,0,0,0,0,0,0,True,,True,0.22252899361774325,0,False,False,False,False,d3.multi-cycle-shadow-cycle.v1
1013,five_resources_three_targets,resource_surplus_5x3,0,cycle-00,baseline,0.0,d4dc192ff9cfa32efcee38a6a4397b6f1a6c58ddade4ca30b362d727472a7c2b,3,5,True,True,15,0.1617631068680776,False,0,target-000->resource-001|target-001->resource-002|target-002->resource-003,target-000->resource-001|target-001->resource-002|target-002->resource-003,R-P0001,1,,,initial,T-P0001,1,,,initial,0,0,7.193874669820939,7.193874669820939,0,0,0,0,0,0,0,0,True,,True,0.21683098748326302,0,False,False,False,False,d3.multi-cycle-shadow-cycle.v1
1013,five_resources_three_targets,resource_surplus_5x3,1,cycle-01,kinematic_update,3.0,e3aa09babd91f1b42b8c2e14f8f7f262e44b538a7aa598d12eb285b2d2801115,3,5,True,True,15,0.196824705661359,False,0,target-000->resource-001|target-001->resource-002|target-002->resource-003,target-000->resource-001|target-001->resource-002|target-002->resource-003,R-P0001,1,R-P0001,,evaluation_refresh,T-P0001,1,T-P0001,,evaluation_refresh,0,0,7.187739817994881,7.187739817994881,0,0,0,0,0,0,0,0,True,,True,0.2223969786427915,0,False,False,False,False,d3.multi-cycle-shadow-cycle.v1
1013,five_resources_three_targets,resource_surplus_5x3,2,cycle-02,kinematic_update,6.0,6b39313a1e859968d1977542e8ed4fefec0fdeeb33308186b79b05e798b97ee9,3,5,True,True,15,0.19684994288312918,False,0,target-000->resource-001|target-001->resource-002|target-002->resource-003,target-000->resource-001|target-001->resource-002|target-002->resource-003,R-P0001,1,R-P0001,,evaluation_refresh,T-P0001,1,T-P0001,,evaluation_refresh,0,0,7.181659563820892,7.181659563820892,0,0,0,0,0,0,0,0,True,,True,0.34704600693657994,0,False,False,False,False,d3.multi-cycle-shadow-cycle.v1
1013,five_resources_three_targets,resource_surplus_5x3,3,cycle-03,kinematic_update,9.0,ec8447ee23c5a4ebc3ba8b718739c7cbfecd8aac5d572d0ce78d82ee8993a554,3,5,True,True,15,0.1968750110683577,False,0,target-000->resource-001|target-001->resource-002|target-002->resource-003,target-000->resource-001|target-001->resource-002|target-002->resource-003,R-P0001,1,R-P0001,,evaluation_refresh,T-P0001,1,T-P0001,,evaluation_refresh,0,0,7.175279212598562,7.175279212598562,0,0,0,0,0,0,0,0,True,,True,0.2949739573523402,0,False,False,False,False,d3.multi-cycle-shadow-cycle.v1
1013,five_resources_three_targets,resource_surplus_5x3,4,cycle-04,kinematic_update,12.0,7a226f00677660f69e74fe6b7b17490591d11d66aaa21a4338ab10ebe9db1433,3,5,True,True,15,0.19689863174716526,False,0,target-000->resource-001|target-001->resource-002|target-002->resource-003,target-000->resource-001|target-001->resource-002|target-002->resource-003,R-P0001,1,R-P0001,,evaluation_refresh,T-P0001,1,T-P0001,,evaluation_refresh,0,0,7.169373186956247,7.169373186956247,0,0,0,0,0,0,0,0,True,,True,0.2326170215383172,0,False,False,False,False,d3.multi-cycle-shadow-cycle.v1
1013,three_resources_five_targets,resource_shortage_3x5,0,cycle-00,baseline,0.0,78835395ace157fdc2270d91a261daca3ffb4ea0e06e9c76610792093fb6a6a3,5,3,True,True,15,0.16144030794299002,False,0,target-002->resource-000|target-003->resource-001|target-004->resource-002,target-002->resource-000|target-003->resource-001|target-004->resource-002,R-P0001,1,,,initial,T-P0001,1,,,initial,0,0,12.756439898127152,12.756439898127152,0,0,0,0,0,0,0,0,True,,True,0.2530830097384751,0,False,False,False,False,d3.multi-cycle-shadow-cycle.v1
1013,three_resources_five_targets,resource_shortage_3x5,1,cycle-01,kinematic_update,3.0,aeea000be53654befc2ad0979cfa3cad63bf92fcc78403d1656dfc0ac694474d,5,3,True,True,15,0.1964338873650764,False,0,target-002->resource-000|target-003->resource-001|target-004->resource-002,target-002->resource-000|target-003->resource-001|target-004->resource-002,R-P0001,1,R-P0001,,evaluation_refresh,T-P0001,1,T-P0001,,evaluation_refresh,0,0,12.750303696024023,12.750303696024023,0,0,0,0,0,0,0,0,True,,True,0.2837480278685689,0,False,False,False,False,d3.multi-cycle-shadow-cycle.v1
1013,three_resources_five_targets,resource_shortage_3x5,2,cycle-02,kinematic_update,6.0,e794120b87762448b5d89743e9ff48f505eae6ec060f78b474d66cb8a05944ff,5,3,True,True,15,0.19645641543223658,False,0,target-002->resource-000|target-003->resource-001|target-004->resource-002,target-002->resource-000|target-003->resource-001|target-004->resource-002,R-P0001,1,R-P0001,,evaluation_refresh,T-P0001,1,T-P0001,,evaluation_refresh,0,0,12.74371868907799,12.74371868907799,0,0,0,0,0,0,0,0,True,,True,0.23006496485322714,0,False,False,False,False,d3.multi-cycle-shadow-cycle.v1
1013,three_resources_five_targets,resource_shortage_3x5,3,cycle-03,kinematic_update,9.0,e5250d14f5bcc84219281e78500fdb65356fbc0f3f57153421a4ced1733cf6fe,5,3,True,True,15,0.19647953906697557,False,0,target-002->resource-000|target-003->resource-001|target-004->resource-002,target-002->resource-000|target-003->resource-001|target-004->resource-002,R-P0001,1,R-P0001,,evaluation_refresh,T-P0001,1,T-P0001,,evaluation_refresh,0,0,12.737453879758679,12.737453879758679,0,0,0,0,0,0,0,0,True,,True,0.3038410213775933,0,False,False,False,False,d3.multi-cycle-shadow-cycle.v1
1013,three_resources_five_targets,resource_shortage_3x5,4,cycle-04,kinematic_update,12.0,abe0ca7b31b9b79e981d44bc758e0e0e86f03b067eb13c0b37ce7e9c296e49a7,5,3,True,True,15,0.19650620750982695,False,0,target-002->resource-000|target-003->resource-001|target-004->resource-002,target-002->resource-000|target-003->resource-001|target-004->resource-002,R-P0001,1,R-P0001,,evaluation_refresh,T-P0001,1,T-P0001,,evaluation_refresh,0,0,12.731350321156274,12.731350321156274,0,0,0,0,0,0,0,0,True,,True,0.29306800570338964,0,False,False,False,False,d3.multi-cycle-shadow-cycle.v1
1013,resource_failure,resource_failure_and_recovery,0,cycle-00,baseline,0.0,3cb1c164d0284ba41b9fd6a9cfecb6538016ebc9ef670097a4b5197b01078677,5,5,True,True,25,0.16168570774470803,False,0,target-000->resource-000|target-001->resource-001|target-002->resource-002|target-003->resource-003|target-004->resource-004,target-000->resource-000|target-001->resource-001|target-002->resource-002|target-003->resource-003|target-004->resource-004,R-P0001,1,,,initial,T-P0001,1,,,initial,0,0,11.89035770353383,11.89035770353383,0,0,0,0,0,0,0,0,True,,True,0.2708570100367069,0,False,False,False,False,d3.multi-cycle-shadow-cycle.v1
1013,resource_failure,resource_failure_and_recovery,1,cycle-01,kinematic_update,3.0,8715f2e30be7798b872ef793c7fc3e1ccdaf8b2b07de38ab03150f90ccf9fd7a,5,5,True,True,25,0.19682467167234652,False,0,target-000->resource-000|target-001->resource-001|target-002->resource-002|target-003->resource-003|target-004->resource-004,target-000->resource-000|target-001->resource-001|target-002->resource-002|target-003->resource-003|target-004->resource-004,R-P0001,1,R-P0001,,evaluation_refresh,T-P0001,1,T-P0001,,evaluation_refresh,0,0,11.879597214309495,11.879597214309495,0,0,0,0,0,0,0,0,True,,True,0.26965298457071185,0,False,False,False,False,d3.multi-cycle-shadow-cycle.v1
1013,resource_failure,resource_failure_and_recovery,2,cycle-02,resource_failure,6.0,e46b30425e964a61f1abde9c8b1ca87d453e714792eb222e68deb733e09786cb,5,5,True,True,20,0.19685253623639598,True,4,target-001->resource-000|target-002->resource-001|target-003->resource-003|target-004->resource-004,target-001->resource-001|target-002->resource-000|target-003->resource-003|target-004->resource-004,R-P0002,2,R-P0001,R-P0001,advanced,T-P0002,2,T-P0001,T-P0001,advanced,5,3,12.257199346375149,12.258759603363377,0,0,0,0,0,0,0,0,True,,True,0.29568601166829467,0,False,False,False,False,d3.multi-cycle-shadow-cycle.v1
1013,resource_failure,resource_failure_and_recovery,3,cycle-03,kinematic_update,9.0,bf54e9d6a634c4dc83c90d674fabc4d4377b751ebb0301023f75ae8d34a007e5,5,5,True,True,20,0.19669783888360293,True,4,target-001->resource-000|target-002->resource-001|target-003->resource-003|target-004->resource-004,target-001->resource-001|target-002->resource-000|target-003->resource-003|target-004->resource-004,R-P0002,2,R-P0002,R-P0001,evaluation_refresh,T-P0002,2,T-P0002,T-P0001,evaluation_refresh,0,0,12.248500207200998,12.25006474340691,0,0,0,0,0,0,0,0,True,,True,0.28126902179792523,0,False,False,False,False,d3.multi-cycle-shadow-cycle.v1
1013,resource_failure,resource_failure_and_recovery,4,cycle-04,resource_recovery,12.0,1e7c054abc87ab6c5e783cb0b7cee693e4c1b17140b18dc4e1e31219cfd0cfec,5,5,True,True,25,0.1967209160948995,True,4,target-000->resource-000|target-001->resource-001|target-002->resource-002|target-003->resource-003|target-004->resource-004,target-000->resource-002|target-001->resource-001|target-002->resource-000|target-003->resource-003|target-004->resource-004,R-P0003,3,R-P0002,R-P0002,advanced,T-P0003,3,T-P0002,T-P0002,advanced,5,1,11.848303596715773,11.854595199940574,0,0,0,0,0,0,0,0,True,,True,0.31567004043608904,0,False,False,False,False,d3.multi-cycle-shadow-cycle.v1
1013,target_add_remove,target_inventory_change,0,cycle-00,baseline,0.0,8e596e59effe095d3265277bd8ff6c34cd0e9ab598261a592cc6d2d4f78d0dff,4,5,True,True,20,0.16173974197197616,False,0,target-000->resource-000|target-001->resource-001|target-002->resource-002|target-003->resource-003,target-000->resource-000|target-001->resource-001|target-002->resource-002|target-003->resource-003,R-P0001,1,,,initial,T-P0001,1,,,initial,0,0,9.551798523689643,9.551798523689643,0,0,0,0,0,0,0,0,True,,True,0.22736098617315292,0,False,False,False,False,d3.multi-cycle-shadow-cycle.v1
1013,target_add_remove,target_inventory_change,1,cycle-01,kinematic_update,3.0,48cd82e3d0bad1451549d6e4b92c11b07e8e1e17eb8e31bdc750d3ba698ee23b,4,5,True,True,20,0.1968268469305685,False,0,target-000->resource-000|target-001->resource-001|target-002->resource-002|target-003->resource-003,target-000->resource-000|target-001->resource-001|target-002->resource-002|target-003->resource-003,R-P0001,1,R-P0001,,evaluation_refresh,T-P0001,1,T-P0001,,evaluation_refresh,0,0,9.54346519035631,9.54346519035631,0,0,0,0,0,0,0,0,True,,True,0.22127898409962654,0,False,False,False,False,d3.multi-cycle-shadow-cycle.v1
1013,target_add_remove,target_inventory_change,2,cycle-02,target_added,6.0,4c747b23c1ef57f4ecd4a3600eb630aabc7a79e0440c695df5d153de60b73c0d,5,5,True,True,25,0.19685136980745588,False,0,target-000->resource-000|target-001->resource-001|target-002->resource-002|target-003->resource-003|target-004->resource-004,target-000->resource-000|target-001->resource-001|target-002->resource-002|target-003->resource-003|target-004->resource-004,R-P0002,2,R-P0001,R-P0001,advanced,T-P0002,2,T-P0001,T-P0001,advanced,1,1,11.869168113951536,11.869168113951536,0,0,0,0,0,0,0,0,True,,True,0.23275497369468212,0,False,False,False,False,d3.multi-cycle-shadow-cycle.v1
1013,target_add_remove,target_inventory_change,3,cycle-03,kinematic_update,9.0,d5db35655eb62c10547c0650f5fba7e4e27cb605aebea160c98b00c28133a46c,5,5,True,True,25,0.1968760864800294,False,0,target-000->resource-000|target-001->resource-001|target-002->resource-002|target-003->resource-003|target-004->resource-004,target-000->resource-000|target-001->resource-001|target-002->resource-002|target-003->resource-003|target-004->resource-004,R-P0002,2,R-P0002,R-P0001,evaluation_refresh,T-P0002,2,T-P0002,T-P0001,evaluation_refresh,0,0,11.858751447284869,11.858751447284869,0,0,0,0,0,0,0,0,True,,True,0.22978696506470442,0,False,False,False,False,d3.multi-cycle-shadow-cycle.v1
1013,target_add_remove,target_inventory_change,4,cycle-04,target_removed,12.0,fe44387b4f9c4af9585003fe7b4c04926c9c6b6b3481f57e304fc8ab8056cbca,4,5,True,True,20,0.19671866892254375,False,0,target-001->resource-001|target-002->resource-002|target-003->resource-003|target-004->resource-004,target-001->resource-001|target-002->resource-002|target-003->resource-003|target-004->resource-004,R-P0003,3,R-P0002,R-P0002,advanced,T-P0003,3,T-P0002,T-P0002,advanced,1,1,9.43876078655753,9.43876078655753,0,0,0,0,0,0,0,0,True,,True,0.2705529914237559,0,False,False,False,False,d3.multi-cycle-shadow-cycle.v1
1013,m_to_n_demand_change,high_threat_m_to_n_demand_change,0,cycle-00,baseline,0.0,374f62e41a8f7a516118cd790129fc558517ccd5006f7a25b2e39f15bb096e18,2,5,True,True,10,0.09800873688721956,False,0,target-000->resource-001|target-001->resource-003,target-000->resource-001|target-001->resource-003,R-P0001,1,,,initial,T-P0001,1,,,initial,0,0,4.14244741716014,4.14244741716014,0,0,0,0,0,0,0,0,True,,True,0.22712297504767776,0,False,False,False,False,d3.multi-cycle-shadow-cycle.v1
1013,m_to_n_demand_change,high_threat_m_to_n_demand_change,1,cycle-01,kinematic_update,3.0,dfd0eb307f573c24b5dddd3ccd93c0721f678cff3ffe9a5c85d35920edb15a0b,2,5,True,True,10,0.19555250237467225,False,0,target-000->resource-001|target-001->resource-003,target-000->resource-001|target-001->resource-003,R-P0001,1,R-P0001,,evaluation_refresh,T-P0001,1,T-P0001,,evaluation_refresh,0,0,4.1382814073994805,4.1382814073994805,0,0,0,0,0,0,0,0,True,,True,0.22559199715033174,0,False,False,False,False,d3.multi-cycle-shadow-cycle.v1
1013,m_to_n_demand_change,high_threat_m_to_n_demand_change,2,cycle-02,demand_increased,6.0,63b7eb8f12b2b78550f9e739674724a896ce850ee912a178e15710bd3af12b30,2,5,True,False,0,0.0,False,0,target-000->resource-000|target-000->resource-001|target-000->resource-002|target-001->resource-003,target-000->resource-000|target-000->resource-001|target-000->resource-002|target-001->resource-003,R-P0002,2,R-P0001,R-P0001,advanced,T-P0002,2,T-P0001,T-P0001,advanced,2,2,7.763546303421174,7.763546303421174,0,0,0,0,0,0,0,0,False,out_of_distribution,True,0.0,0,False,False,False,False,d3.multi-cycle-shadow-cycle.v1
1013,m_to_n_demand_change,high_threat_m_to_n_demand_change,3,cycle-03,kinematic_update,9.0,afb67281300822a266237c284dae252db40c772ba552082a69e27b097e48c273,2,5,True,False,0,0.0,False,0,target-000->resource-000|target-000->resource-001|target-000->resource-002|target-001->resource-003,target-000->resource-000|target-000->resource-001|target-000->resource-002|target-001->resource-003,R-P0002,2,R-P0002,R-P0001,evaluation_refresh,T-P0002,2,T-P0002,T-P0001,evaluation_refresh,0,0,7.755219565827275,7.755219565827275,0,0,0,0,0,0,0,0,False,out_of_distribution,True,0.0,0,False,False,False,False,d3.multi-cycle-shadow-cycle.v1
1013,m_to_n_demand_change,high_threat_m_to_n_demand_change,4,cycle-04,demand_restored,12.0,2ae903a1eb5a1499935fc0e2978d4a55ad47d9913367e25a3656227e85be7dc4,2,5,True,True,10,0.19562300209088201,False,0,target-000->resource-001|target-001->resource-003,target-000->resource-001|target-001->resource-003,R-P0003,3,R-P0002,R-P0002,advanced,T-P0003,3,T-P0002,T-P0002,advanced,2,2,4.125783404611099,4.125783404611099,0,0,0,0,0,0,0,0,True,,True,0.3236479824408889,0,False,False,False,False,d3.multi-cycle-shadow-cycle.v1
1014,hungarian_switch_boundary,hungarian_switch_boundary,0,cycle-00,baseline,0.0,9109350ce53b69e3e98ae2fc76a7aaf87f2115372ee563abcce87164a4b49663,1,2,True,True,2,0.13638363507163564,False,0,target-000->resource-000,target-000->resource-000,R-P0001,1,,,initial,T-P0001,1,,,initial,0,0,2.3738333333333337,2.3738333333333337,0,0,0,0,0,0,0,0,True,,True,0.29514002380892634,0,False,False,False,False,d3.multi-cycle-shadow-cycle.v1
1014,hungarian_switch_boundary,hungarian_switch_boundary,1,cycle-01,hungarian_boundary_crossing,3.0,0d079649ac55f753898f87fb925461bb11f196cd0c4b3b11a93d157a0e7f7028,1,2,True,True,2,0.19641752192645923,True,2,target-000->resource-001,target-000->resource-000,R-P0002,2,R-P0001,R-P0001,advanced,T-P0001,1,T-P0001,,evaluation_refresh,2,0,2.3738333333333337,2.378,0,0,0,0,0,0,0,0,True,,True,0.220908026676625,0,False,False,False,False,d3.multi-cycle-shadow-cycle.v1
1014,hungarian_switch_boundary,hungarian_switch_boundary,2,cycle-02,hungarian_boundary_crossing,6.0,7a64eb3016badd4b6a9f04150c098d32adab332c1296e8b6356a0b86fe572f38,1,2,True,True,2,0.19646546535350407,False,0,target-000->resource-000,target-000->resource-000,R-P0003,3,R-P0002,R-P0002,advanced,T-P0001,1,T-P0001,,evaluation_refresh,2,0,2.3738333333333337,2.3738333333333337,0,0,0,0,0,0,0,0,True,,True,0.22119004279375076,0,False,False,False,False,d3.multi-cycle-shadow-cycle.v1
1014,hungarian_switch_boundary,hungarian_switch_boundary,3,cycle-03,hungarian_boundary_crossing,9.0,3980ad540352ee99207ac60de6a24b1a0186fdbfc5f83db995e9d36285a1379d,1,2,True,True,2,0.19641752192645923,True,2,target-000->resource-001,target-000->resource-000,R-P0004,4,R-P0003,R-P0003,advanced,T-P0001,1,T-P0001,,evaluation_refresh,2,0,2.3738333333333337,2.378,0,0,0,0,0,0,0,0,True,,True,0.22271799389272928,0,False,False,False,False,d3.multi-cycle-shadow-cycle.v1
1014,hungarian_switch_boundary,hungarian_switch_boundary,4,cycle-04,hungarian_boundary_crossing,12.0,f21e111d755d315dc1ccb2f6b7e554e3d817a335c7bbdef16ff29dd55dd0a852,1,2,True,True,2,0.19646546535350407,False,0,target-000->resource-000,target-000->resource-000,R-P0005,5,R-P0004,R-P0004,advanced,T-P0001,1,T-P0001,,evaluation_refresh,2,0,2.3738333333333337,2.3738333333333337,0,0,0,0,0,0,0,0,True,,True,0.22713502403348684,0,False,False,False,False,d3.multi-cycle-shadow-cycle.v1
1014,hungarian_switch_boundary,hungarian_switch_boundary,5,cycle-05,hungarian_boundary_crossing,15.0,9a4dd5adb5f8d1cd037fee326a11fa23bf45b60b7dc8ce1633a155f92e54a45e,1,2,True,True,2,0.19641752192645923,True,2,target-000->resource-001,target-000->resource-000,R-P0006,6,R-P0005,R-P0005,advanced,T-P0001,1,T-P0001,,evaluation_refresh,2,0,2.3738333333333337,2.378,0,0,0,0,0,0,0,0,True,,True,0.22377900313585997,0,False,False,False,False,d3.multi-cycle-shadow-cycle.v1
1014,five_resources_three_targets,resource_surplus_5x3,0,cycle-00,baseline,0.0,3d0277660f2e44e124e491ce1585d247f1c8a38ad85b8882ac0e6e01baa8d755,3,5,True,True,15,0.1617034591419655,False,0,target-000->resource-001|target-001->resource-002|target-002->resource-003,target-000->resource-001|target-001->resource-002|target-002->resource-003,R-P0001,1,,,initial,T-P0001,1,,,initial,0,0,7.194406769896959,7.194406769896959,0,0,0,0,0,0,0,0,True,,True,0.22281298879534006,0,False,False,False,False,d3.multi-cycle-shadow-cycle.v1
1014,five_resources_three_targets,resource_surplus_5x3,1,cycle-01,kinematic_update,3.0,00a99995980c4faa327adb0c00fddf22b648422725a2bf98cc357c62f4357e0b,3,5,True,True,15,0.19682568000491552,False,0,target-000->resource-001|target-001->resource-002|target-002->resource-003,target-000->resource-001|target-001->resource-002|target-002->resource-003,R-P0001,1,R-P0001,,evaluation_refresh,T-P0001,1,T-P0001,,evaluation_refresh,0,0,7.187786535247849,7.187786535247849,0,0,0,0,0,0,0,0,True,,True,0.22058701142668724,0,False,False,False,False,d3.multi-cycle-shadow-cycle.v1
1014,five_resources_three_targets,resource_surplus_5x3,2,cycle-02,kinematic_update,6.0,25067dae8e942a8abd3e0828198b6d746d7cdab4acadea67e355fc0ba737000b,3,5,True,True,15,0.19684953518426473,False,0,target-000->resource-001|target-001->resource-002|target-002->resource-003,target-000->resource-001|target-001->resource-002|target-002->resource-003,R-P0001,1,R-P0001,,evaluation_refresh,T-P0001,1,T-P0001,,evaluation_refresh,0,0,7.181624338418722,7.181624338418722,0,0,0,0,0,0,0,0,True,,True,0.23796700406819582,0,False,False,False,False,d3.multi-cycle-shadow-cycle.v1
1014,five_resources_three_targets,resource_surplus_5x3,3,cycle-03,kinematic_update,9.0,23bb148f34b53b57270f2056e2f5ddd35c4569852b7e367e1d7f0348f93b7f94,3,5,True,True,15,0.19687368658762372,False,0,target-000->resource-001|target-001->resource-002|target-002->resource-003,target-000->resource-001|target-001->resource-002|target-002->resource-003,R-P0001,1,R-P0001,,evaluation_refresh,T-P0001,1,T-P0001,,evaluation_refresh,0,0,7.175275823099161,7.175275823099161,0,0,0,0,0,0,0,0,True,,True,0.22205599816516042,0,False,False,False,False,d3.multi-cycle-shadow-cycle.v1
1014,five_resources_three_targets,resource_surplus_5x3,4,cycle-04,kinematic_update,12.0,f7ec11e1dc6cedf89f1d10c9068665b9eb6bb04167e7acca7868d2ef97c4fd4d,3,5,True,True,15,0.19689972936866873,False,0,target-000->resource-001|target-001->resource-002|target-002->resource-003,target-000->resource-001|target-001->resource-002|target-002->resource-003,R-P0001,1,R-P0001,,evaluation_refresh,T-P0001,1,T-P0001,,evaluation_refresh,0,0,7.1689201449362,7.1689201449362,0,0,0,0,0,0,0,0,True,,True,0.21876301616430283,0,False,False,False,False,d3.multi-cycle-shadow-cycle.v1
1014,three_resources_five_targets,resource_shortage_3x5,0,cycle-00,baseline,0.0,affb3cfd71bdec9ec70551fe06cf387e8caf93078e73141b8b407344368fc666,5,3,True,True,15,0.16148907638963284,False,0,target-002->resource-000|target-003->resource-001|target-004->resource-002,target-002->resource-000|target-003->resource-001|target-004->resource-002,R-P0001,1,,,initial,T-P0001,1,,,initial,0,0,12.756522559984408,12.756522559984408,0,0,0,0,0,0,0,0,True,,True,0.2305450034327805,0,False,False,False,False,d3.multi-cycle-shadow-cycle.v1
1014,three_resources_five_targets,resource_shortage_3x5,1,cycle-01,kinematic_update,3.0,184f29e546c17b9a3cb4bd03f9c62e8eb58ad17ae4cd569c98769fe964a2afac,5,3,True,True,15,0.19643335142387652,False,0,target-002->resource-000|target-003->resource-001|target-004->resource-002,target-002->resource-000|target-003->resource-001|target-004->resource-002,R-P0001,1,R-P0001,,evaluation_refresh,T-P0001,1,T-P0001,,evaluation_refresh,0,0,12.750255615495949,12.750255615495949,0,0,0,0,0,0,0,0,True,,True,0.22432301193475723,0,False,False,False,False,d3.multi-cycle-shadow-cycle.v1
1014,three_resources_five_targets,resource_shortage_3x5,2,cycle-02,kinematic_update,6.0,3094450f03eda03d5da4efc3ad74cd620597c44535ffec99716fa86209ae2d0d,5,3,True,True,15,0.19645784025724433,False,0,target-002->resource-000|target-003->resource-001|target-004->resource-002,target-002->resource-000|target-003->resource-001|target-004->resource-002,R-P0001,1,R-P0001,,evaluation_refresh,T-P0001,1,T-P0001,,evaluation_refresh,0,0,12.743603962812312,12.743603962812312,0,0,0,0,0,0,0,0,True,,True,0.21895900135859847,0,False,False,False,False,d3.multi-cycle-shadow-cycle.v1
1014,three_resources_five_targets,resource_shortage_3x5,3,cycle-03,kinematic_update,9.0,e09d7ced3a32cd1ac16acb0419aa273f8df41dc5fd92159347e7dea9291607e3,5,3,True,True,15,0.19648235341888043,False,0,target-002->resource-000|target-003->resource-001|target-004->resource-002,target-002->resource-000|target-003->resource-001|target-004->resource-002,R-P0001,1,R-P0001,,evaluation_refresh,T-P0001,1,T-P0001,,evaluation_refresh,0,0,12.737451497500594,12.737451497500594,0,0,0,0,0,0,0,0,True,,True,0.2778660273179412,0,False,False,False,False,d3.multi-cycle-shadow-cycle.v1
1014,three_resources_five_targets,resource_shortage_3x5,4,cycle-04,kinematic_update,12.0,01ea245f657d93042d386b2039bf345f6f8344ada8e69465c25dfd9efdeb9a2c,5,3,True,True,15,0.1965037815184547,False,0,target-002->resource-000|target-003->resource-001|target-004->resource-002,target-002->resource-000|target-003->resource-001|target-004->resource-002,R-P0001,1,R-P0001,,evaluation_refresh,T-P0001,1,T-P0001,,evaluation_refresh,0,0,12.731418686178642,12.731418686178642,0,0,0,0,0,0,0,0,True,,True,0.30915200477465987,0,False,False,False,False,d3.multi-cycle-shadow-cycle.v1
1014,resource_failure,resource_failure_and_recovery,0,cycle-00,baseline,0.0,a431ff52dcad08eea08d00461958ef4a05df4ad1f41cd614bc0ab26788f7f676,5,5,True,True,25,0.16165762742486,False,0,target-000->resource-000|target-001->resource-001|target-002->resource-002|target-003->resource-003|target-004->resource-004,target-000->resource-000|target-001->resource-001|target-002->resource-002|target-003->resource-003|target-004->resource-004,R-P0001,1,,,initial,T-P0001,1,,,initial,0,0,11.890345133982779,11.890345133982779,0,0,0,0,0,0,0,0,True,,True,0.27932500233873725,0,False,False,False,False,d3.multi-cycle-shadow-cycle.v1
1014,resource_failure,resource_failure_and_recovery,1,cycle-01,kinematic_update,3.0,9197a2dbc96820aa52bbdaf6ef7dda6d1b3de28d3ed7e498e871d85c64f568e9,5,5,True,True,25,0.1968275040244052,False,0,target-000->resource-000|target-001->resource-001|target-002->resource-002|target-003->resource-003|target-004->resource-004,target-000->resource-000|target-001->resource-001|target-002->resource-002|target-003->resource-003|target-004->resource-004,R-P0001,1,R-P0001,,evaluation_refresh,T-P0001,1,T-P0001,,evaluation_refresh,0,0,11.879649028669812,11.879649028669812,0,0,0,0,0,0,0,0,True,,True,0.23275695275515318,0,False,False,False,False,d3.multi-cycle-shadow-cycle.v1
1014,resource_failure,resource_failure_and_recovery,2,cycle-02,resource_failure,6.0,ac27d7e953acd4ee47501ca2b59ea8c0f109ae70c49fef66e59cf90673c2bc96,5,5,True,True,20,0.19685209458148956,True,4,target-001->resource-000|target-002->resource-001|target-003->resource-003|target-004->resource-004,target-001->resource-001|target-002->resource-000|target-003->resource-003|target-004->resource-004,R-P0002,2,R-P0001,R-P0001,advanced,T-P0002,2,T-P0001,T-P0001,advanced,5,3,12.257404022416445,12.2589635767544,0,0,0,0,0,0,0,0,True,,True,0.2291169948875904,0,False,False,False,False,d3.multi-cycle-shadow-cycle.v1
1014,resource_failure,resource_failure_and_recovery,3,cycle-03,kinematic_update,9.0,5b33dd7a5003a5bb5180f3ae52d7bf198084077e5c144cbfb18c85f5bb018a3c,5,5,True,True,20,0.19669763452073008,True,4,target-001->resource-000|target-002->resource-001|target-003->resource-003|target-004->resource-004,target-001->resource-001|target-002->resource-000|target-003->resource-003|target-004->resource-004,R-P0002,2,R-P0002,R-P0001,evaluation_refresh,T-P0002,2,T-P0002,T-P0001,evaluation_refresh,0,0,12.248617028873937,12.25018189402429,0,0,0,0,0,0,0,0,True,,True,0.21849700715392828,0,False,False,False,False,d3.multi-cycle-shadow-cycle.v1
1014,resource_failure,resource_failure_and_recovery,4,cycle-04,resource_recovery,12.0,4c98930d3d2b02ca759e0f80afcf74093a64a4722ac814ee8968a094bbaafad9,5,5,True,True,25,0.19672248225657185,True,4,target-000->resource-000|target-001->resource-001|target-002->resource-002|target-003->resource-003|target-004->resource-004,target-000->resource-002|target-001->resource-001|target-002->resource-000|target-003->resource-003|target-004->resource-004,R-P0003,3,R-P0002,R-P0002,advanced,T-P0003,3,T-P0002,T-P0002,advanced,5,1,11.84770002360413,11.85399388024155,0,0,0,0,0,0,0,0,True,,True,0.23370998678728938,0,False,False,False,False,d3.multi-cycle-shadow-cycle.v1
1014,target_add_remove,target_inventory_change,0,cycle-00,baseline,0.0,7adb18bd35fb8d5f87116eda13e82852d5d68010231705f542373159d6fe71bb,4,5,True,True,20,0.16176550632448894,False,0,target-000->resource-000|target-001->resource-001|target-002->resource-002|target-003->resource-003,target-000->resource-000|target-001->resource-001|target-002->resource-002|target-003->resource-003,R-P0001,1,,,initial,T-P0001,1,,,initial,0,0,9.551846635377778,9.551846635377778,0,0,0,0,0,0,0,0,True,,True,0.22087799152359366,0,False,False,False,False,d3.multi-cycle-shadow-cycle.v1
1014,target_add_remove,target_inventory_change,1,cycle-01,kinematic_update,3.0,f0d8f5d144782cdb9987b4e1d10e7bb1622783458b41cf6b31d3a8959d10aa6e,4,5,True,True,20,0.19682791187215365,False,0,target-000->resource-000|target-001->resource-001|target-002->resource-002|target-003->resource-003,target-000->resource-000|target-001->resource-001|target-002->resource-002|target-003->resource-003,R-P0001,1,R-P0001,,evaluation_refresh,T-P0001,1,T-P0001,,evaluation_refresh,0,0,9.543513302044445,9.543513302044445,0,0,0,0,0,0,0,0,True,,True,0.2519209519959986,0,False,False,False,False,d3.multi-cycle-shadow-cycle.v1
1014,target_add_remove,target_inventory_change,2,cycle-02,target_added,6.0,68ee8a2a42ac8f5f7d6897c4889f4d72a4c3dbc5eec7514807abf3ef8997604a,5,5,True,True,25,0.19685244564078141,False,0,target-000->resource-000|target-001->resource-001|target-002->resource-002|target-003->resource-003|target-004->resource-004,target-000->resource-000|target-001->resource-001|target-002->resource-002|target-003->resource-003|target-004->resource-004,R-P0002,2,R-P0001,R-P0001,advanced,T-P0002,2,T-P0001,T-P0001,advanced,1,1,11.869001058565114,11.869001058565114,0,0,0,0,0,0,0,0,True,,True,0.22164999973028898,0,False,False,False,False,d3.multi-cycle-shadow-cycle.v1
1014,target_add_remove,target_inventory_change,3,cycle-03,kinematic_update,9.0,92cd3579215033b4951e9ed69d9f81461a0697b68b3afb5f0d263836c5cb7360,5,5,True,True,25,0.19687717319233844,False,0,target-000->resource-000|target-001->resource-001|target-002->resource-002|target-003->resource-003|target-004->resource-004,target-000->resource-000|target-001->resource-001|target-002->resource-002|target-003->resource-003|target-004->resource-004,R-P0002,2,R-P0002,R-P0001,evaluation_refresh,T-P0002,2,T-P0002,T-P0001,evaluation_refresh,0,0,11.858584391898447,11.858584391898447,0,0,0,0,0,0,0,0,True,,True,0.22057100431993604,0,False,False,False,False,d3.multi-cycle-shadow-cycle.v1
1014,target_add_remove,target_inventory_change,4,cycle-04,target_removed,12.0,94f3acc45edf380f0eedf72a3a276a984a291187f2abce00572bad46f0912015,4,5,True,True,20,0.1967218580665624,False,0,target-001->resource-001|target-002->resource-002|target-003->resource-003|target-004->resource-004,target-001->resource-001|target-002->resource-002|target-003->resource-003|target-004->resource-004,R-P0003,3,R-P0002,R-P0002,advanced,T-P0003,3,T-P0002,T-P0002,advanced,1,1,9.438685108376976,9.438685108376976,0,0,0,0,0,0,0,0,True,,True,0.23649801732972264,0,False,False,False,False,d3.multi-cycle-shadow-cycle.v1
1014,m_to_n_demand_change,high_threat_m_to_n_demand_change,0,cycle-00,baseline,0.0,7fa7e87866d7b1669e04004a5abda50a5614ac41f952724abc7a6598d8acf47a,2,5,True,True,10,0.09800873688721956,False,0,target-000->resource-001|target-001->resource-003,target-000->resource-001|target-001->resource-003,R-P0001,1,,,initial,T-P0001,1,,,initial,0,0,4.14244741716014,4.14244741716014,0,0,0,0,0,0,0,0,True,,True,0.22872001864016056,0,False,False,False,False,d3.multi-cycle-shadow-cycle.v1
1014,m_to_n_demand_change,high_threat_m_to_n_demand_change,1,cycle-01,kinematic_update,3.0,79c8fcb8684b023b6d71a2bf1587e5dae7474721738473da0cb44e9722a2457f,2,5,True,True,10,0.19555250237467225,False,0,target-000->resource-001|target-001->resource-003,target-000->resource-001|target-001->resource-003,R-P0001,1,R-P0001,,evaluation_refresh,T-P0001,1,T-P0001,,evaluation_refresh,0,0,4.1382814073994805,4.1382814073994805,0,0,0,0,0,0,0,0,True,,True,0.224379007704556,0,False,False,False,False,d3.multi-cycle-shadow-cycle.v1
1014,m_to_n_demand_change,high_threat_m_to_n_demand_change,2,cycle-02,demand_increased,6.0,28188e3e336417c19034101d3203d7fe9a97ea568eacc2ace227f4e1e5b3e894,2,5,True,False,0,0.0,False,0,target-000->resource-000|target-000->resource-001|target-000->resource-002|target-001->resource-003,target-000->resource-000|target-000->resource-001|target-000->resource-002|target-001->resource-003,R-P0002,2,R-P0001,R-P0001,advanced,T-P0002,2,T-P0001,T-P0001,advanced,2,2,7.763546303421174,7.763546303421174,0,0,0,0,0,0,0,0,False,out_of_distribution,True,0.0,0,False,False,False,False,d3.multi-cycle-shadow-cycle.v1
1014,m_to_n_demand_change,high_threat_m_to_n_demand_change,3,cycle-03,kinematic_update,9.0,018c1317e6ec33da760cf30c2c9514cd157e95551d7c7fece273fb3b96afdbcd,2,5,True,False,0,0.0,False,0,target-000->resource-000|target-000->resource-001|target-000->resource-002|target-001->resource-003,target-000->resource-000|target-000->resource-001|target-000->resource-002|target-001->resource-003,R-P0002,2,R-P0002,R-P0001,evaluation_refresh,T-P0002,2,T-P0002,T-P0001,evaluation_refresh,0,0,7.755219565827275,7.755219565827275,0,0,0,0,0,0,0,0,False,out_of_distribution,True,0.0,0,False,False,False,False,d3.multi-cycle-shadow-cycle.v1
1014,m_to_n_demand_change,high_threat_m_to_n_demand_change,4,cycle-04,demand_restored,12.0,e35f33ed011e9259b746c0145ea202b72bca3c2ed60fe1ab7145eab32498f46c,2,5,True,True,10,0.19562300209088201,False,0,target-000->resource-001|target-001->resource-003,target-000->resource-001|target-001->resource-003,R-P0003,3,R-P0002,R-P0002,advanced,T-P0003,3,T-P0002,T-P0002,advanced,2,2,4.125783404611099,4.125783404611099,0,0,0,0,0,0,0,0,True,,True,0.2978270058520138,0,False,False,False,False,d3.multi-cycle-shadow-cycle.v1
1015,hungarian_switch_boundary,hungarian_switch_boundary,0,cycle-00,baseline,0.0,3e689bf53adc309705b406274f099ff6555f8bcfe2c8450e7e28f43a4a672b53,1,2,True,True,2,0.13638363507163564,False,0,target-000->resource-000,target-000->resource-000,R-P0001,1,,,initial,T-P0001,1,,,initial,0,0,2.3738333333333337,2.3738333333333337,0,0,0,0,0,0,0,0,True,,True,0.22524496307596564,0,False,False,False,False,d3.multi-cycle-shadow-cycle.v1
1015,hungarian_switch_boundary,hungarian_switch_boundary,1,cycle-01,hungarian_boundary_crossing,3.0,456de271c0a07bc13bfb59381e625e6d05da0dcf48e718b1d364d2b4e73038e1,1,2,True,True,2,0.19641752192645923,True,2,target-000->resource-001,target-000->resource-000,R-P0002,2,R-P0001,R-P0001,advanced,T-P0001,1,T-P0001,,evaluation_refresh,2,0,2.3738333333333337,2.378,0,0,0,0,0,0,0,0,True,,True,0.22011803230270743,0,False,False,False,False,d3.multi-cycle-shadow-cycle.v1
1015,hungarian_switch_boundary,hungarian_switch_boundary,2,cycle-02,hungarian_boundary_crossing,6.0,3267bf0e4ed4043df38f73dae0e074238e821c5f1da07aec16c554892c679a40,1,2,True,True,2,0.19646546535350407,False,0,target-000->resource-000,target-000->resource-000,R-P0003,3,R-P0002,R-P0002,advanced,T-P0001,1,T-P0001,,evaluation_refresh,2,0,2.3738333333333337,2.3738333333333337,0,0,0,0,0,0,0,0,True,,True,0.2214399864897132,0,False,False,False,False,d3.multi-cycle-shadow-cycle.v1
1015,hungarian_switch_boundary,hungarian_switch_boundary,3,cycle-03,hungarian_boundary_crossing,9.0,96f6f0582f886e48c7a1ff5800d66799089f0385b2a13229e69611d574f357b3,1,2,True,True,2,0.19641752192645923,True,2,target-000->resource-001,target-000->resource-000,R-P0004,4,R-P0003,R-P0003,advanced,T-P0001,1,T-P0001,,evaluation_refresh,2,0,2.3738333333333337,2.378,0,0,0,0,0,0,0,0,True,,True,0.21026196191087365,0,False,False,False,False,d3.multi-cycle-shadow-cycle.v1
1015,hungarian_switch_boundary,hungarian_switch_boundary,4,cycle-04,hungarian_boundary_crossing,12.0,1ea17d2b738ce1b0b3ea857512bf5a791b24b6c2c0092d8b6e19b8ee47eb38f1,1,2,True,True,2,0.19646546535350407,False,0,target-000->resource-000,target-000->resource-000,R-P0005,5,R-P0004,R-P0004,advanced,T-P0001,1,T-P0001,,evaluation_refresh,2,0,2.3738333333333337,2.3738333333333337,0,0,0,0,0,0,0,0,True,,True,0.210853002499789,0,False,False,False,False,d3.multi-cycle-shadow-cycle.v1
1015,hungarian_switch_boundary,hungarian_switch_boundary,5,cycle-05,hungarian_boundary_crossing,15.0,7b7d4171aa9022141579468ecf9e035341f195c481310173cb69aba4af2a4c4b,1,2,True,True,2,0.19641752192645923,True,2,target-000->resource-001,target-000->resource-000,R-P0006,6,R-P0005,R-P0005,advanced,T-P0001,1,T-P0001,,evaluation_refresh,2,0,2.3738333333333337,2.378,0,0,0,0,0,0,0,0,True,,True,0.2132189692929387,0,False,False,False,False,d3.multi-cycle-shadow-cycle.v1
1015,five_resources_three_targets,resource_surplus_5x3,0,cycle-00,baseline,0.0,bb9a3d0a89025075e521725838c0f3ef34293f9b3aeba0a45d9a0234f36ba7d2,3,5,True,True,15,0.16170092835236227,False,0,target-000->resource-001|target-001->resource-002|target-002->resource-003,target-000->resource-001|target-001->resource-002|target-002->resource-003,R-P0001,1,,,initial,T-P0001,1,,,initial,0,0,7.19393387843871,7.19393387843871,0,0,0,0,0,0,0,0,True,,True,0.21903699962422252,0,False,False,False,False,d3.multi-cycle-shadow-cycle.v1
1015,five_resources_three_targets,resource_surplus_5x3,1,cycle-01,kinematic_update,3.0,e583059de3e1ae5ffcf24fb7ac5d317bad728b2fadcc55ffc916023063f52fa2,3,5,True,True,15,0.19682803649174963,False,0,target-000->resource-001|target-001->resource-002|target-002->resource-003,target-000->resource-001|target-001->resource-002|target-002->resource-003,R-P0001,1,R-P0001,,evaluation_refresh,T-P0001,1,T-P0001,,evaluation_refresh,0,0,7.187345219763738,7.187345219763738,0,0,0,0,0,0,0,0,True,,True,0.22401404567062855,0,False,False,False,False,d3.multi-cycle-shadow-cycle.v1
1015,five_resources_three_targets,resource_surplus_5x3,2,cycle-02,kinematic_update,6.0,3806aad64bd6feadc9a8b9af874c82662688cbab1207634c8786d180bacd8a66,3,5,True,True,15,0.1968493200087531,False,0,target-000->resource-001|target-001->resource-002|target-002->resource-003,target-000->resource-001|target-001->resource-002|target-002->resource-003,R-P0001,1,R-P0001,,evaluation_refresh,T-P0001,1,T-P0001,,evaluation_refresh,0,0,7.181429524938626,7.181429524938626,0,0,0,0,0,0,0,0,True,,True,0.21854694932699203,0,False,False,False,False,d3.multi-cycle-shadow-cycle.v1
1015,five_resources_three_targets,resource_surplus_5x3,3,cycle-03,kinematic_update,9.0,684196a777cdc6aba70b326a1b5032503db20be9a9f4d3d0743142d0cc7e9061,3,5,True,True,15,0.19687617704013682,False,0,target-000->resource-001|target-001->resource-002|target-002->resource-003,target-000->resource-001|target-001->resource-002|target-002->resource-003,R-P0001,1,R-P0001,,evaluation_refresh,T-P0001,1,T-P0001,,evaluation_refresh,0,0,7.175178046051539,7.175178046051539,0,0,0,0,0,0,0,0,True,,True,0.21600397303700447,0,False,False,False,False,d3.multi-cycle-shadow-cycle.v1
1015,five_resources_three_targets,resource_surplus_5x3,4,cycle-04,kinematic_update,12.0,57fd88731eb9983627957f60f069535a591b20042c2564e8a511bc4eec8a8039,3,5,True,True,15,0.19689875622071185,False,0,target-000->resource-001|target-001->resource-002|target-002->resource-003,target-000->resource-001|target-001->resource-002|target-002->resource-003,R-P0001,1,R-P0001,,evaluation_refresh,T-P0001,1,T-P0001,,evaluation_refresh,0,0,7.169252019183518,7.169252019183518,0,0,0,0,0,0,0,0,True,,True,0.22554100723937154,0,False,False,False,False,d3.multi-cycle-shadow-cycle.v1
1015,three_resources_five_targets,resource_shortage_3x5,0,cycle-00,baseline,0.0,efd8d25e5ce3ae78eeb5f02e4a9cc46bb4d209dfa78fa4d418589a012cba8ef4,5,3,True,True,15,0.1614814172742558,False,0,target-002->resource-000|target-003->resource-001|target-004->resource-002,target-002->resource-000|target-003->resource-001|target-004->resource-002,R-P0001,1,,,initial,T-P0001,1,,,initial,0,0,12.756659268742848,12.756659268742848,0,0,0,0,0,0,0,0,True,,True,0.21906598703935742,0,False,False,False,False,d3.multi-cycle-shadow-cycle.v1
1015,three_resources_five_targets,resource_shortage_3x5,1,cycle-01,kinematic_update,3.0,64badd444fa336b96614e46f82df6286234209565cbfea6078dbf643591739de,5,3,True,True,15,0.19643059182214717,False,0,target-002->resource-000|target-003->resource-001|target-004->resource-002,target-002->resource-000|target-003->resource-001|target-004->resource-002,R-P0001,1,R-P0001,,evaluation_refresh,T-P0001,1,T-P0001,,evaluation_refresh,0,0,12.750349729752784,12.750349729752784,0,0,0,0,0,0,0,0,True,,True,0.22458599414676428,0,False,False,False,False,d3.multi-cycle-shadow-cycle.v1
1015,three_resources_five_targets,resource_shortage_3x5,2,cycle-02,kinematic_update,6.0,0cbecb75460085492a5d7bacda4b3335978262fd9e0422432fcce47b0db9f103,5,3,True,True,15,0.19645500197285903,False,0,target-002->resource-000|target-003->resource-001|target-004->resource-002,target-002->resource-000|target-003->resource-001|target-004->resource-002,R-P0001,1,R-P0001,,evaluation_refresh,T-P0001,1,T-P0001,,evaluation_refresh,0,0,12.744185427531516,12.744185427531516,0,0,0,0,0,0,0,0,True,,True,0.21753902547061443,0,False,False,False,False,d3.multi-cycle-shadow-cycle.v1
1015,three_resources_five_targets,resource_shortage_3x5,3,cycle-03,kinematic_update,9.0,87b3cb55cf19d0a93d775d81018ba30dadd408de6022efd887a10269cb3f02d4,5,3,True,True,15,0.19648153305444804,False,0,target-002->resource-000|target-003->resource-001|target-004->resource-002,target-002->resource-000|target-003->resource-001|target-004->resource-002,R-P0001,1,R-P0001,,evaluation_refresh,T-P0001,1,T-P0001,,evaluation_refresh,0,0,12.737534367980874,12.737534367980874,0,0,0,0,0,0,0,0,True,,True,0.22562697995454073,0,False,False,False,False,d3.multi-cycle-shadow-cycle.v1
1015,three_resources_five_targets,resource_shortage_3x5,4,cycle-04,kinematic_update,12.0,773d1c4f0d8354dfa6c3038ec7a971ae43089f377abbc61468415a65b6f6743b,5,3,True,True,15,0.19650384985756553,False,0,target-002->resource-000|target-003->resource-001|target-004->resource-002,target-002->resource-000|target-003->resource-001|target-004->resource-002,R-P0001,1,R-P0001,,evaluation_refresh,T-P0001,1,T-P0001,,evaluation_refresh,0,0,12.731307387698823,12.731307387698823,0,0,0,0,0,0,0,0,True,,True,0.22476300364360213,0,False,False,False,False,d3.multi-cycle-shadow-cycle.v1
1015,resource_failure,resource_failure_and_recovery,0,cycle-00,baseline,0.0,c9b9f2e6e1eaa73c8a0f35ad3bc4fb836dbf804bc713d2755d37c6279c32c0ee,5,5,True,True,25,0.16174544286576698,False,0,target-000->resource-000|target-001->resource-001|target-002->resource-002|target-003->resource-003|target-004->resource-004,target-000->resource-000|target-001->resource-001|target-002->resource-002|target-003->resource-003|target-004->resource-004,R-P0001,1,,,initial,T-P0001,1,,,initial,0,0,11.88985396401246,11.88985396401246,0,0,0,0,0,0,0,0,True,,True,0.2288359683007002,0,False,False,False,False,d3.multi-cycle-shadow-cycle.v1
1015,resource_failure,resource_failure_and_recovery,1,cycle-01,kinematic_update,3.0,1d92a9ca0200694f7b80920b63482f541ca04f79492d850f2efe73d7f5c41044,5,5,True,True,25,0.19682601988850212,False,0,target-000->resource-000|target-001->resource-001|target-002->resource-002|target-003->resource-003|target-004->resource-004,target-000->resource-000|target-001->resource-001|target-002->resource-002|target-003->resource-003|target-004->resource-004,R-P0001,1,R-P0001,,evaluation_refresh,T-P0001,1,T-P0001,,evaluation_refresh,0,0,11.879974131082946,11.879974131082946,0,0,0,0,0,0,0,0,True,,True,0.21814205683767796,0,False,False,False,False,d3.multi-cycle-shadow-cycle.v1
1015,resource_failure,resource_failure_and_recovery,2,cycle-02,resource_failure,6.0,0496c48d048babad6f64357bb95fcdfded468deb6ce308a21da69071e1cfc557,5,5,True,True,20,0.19685235504503096,True,4,target-001->resource-000|target-002->resource-001|target-003->resource-003|target-004->resource-004,target-001->resource-001|target-002->resource-000|target-003->resource-003|target-004->resource-004,R-P0002,2,R-P0001,R-P0001,advanced,T-P0002,2,T-P0001,T-P0001,advanced,5,3,12.257037368365822,12.258597443876642,0,0,0,0,0,0,0,0,True,,True,0.2559650456532836,0,False,False,False,False,d3.multi-cycle-shadow-cycle.v1
1015,resource_failure,resource_failure_and_recovery,3,cycle-03,kinematic_update,9.0,6810cd1bcd3685867f152e42d9d02929c14b09d0e97108c7d092a490f206dea7,5,5,True,True,20,0.1966982362538796,True,4,target-001->resource-000|target-002->resource-001|target-003->resource-003|target-004->resource-004,target-001->resource-001|target-002->resource-000|target-003->resource-003|target-004->resource-004,R-P0002,2,R-P0002,R-P0001,evaluation_refresh,T-P0002,2,T-P0002,T-P0001,evaluation_refresh,0,0,12.248863646751868,12.250428049652957,0,0,0,0,0,0,0,0,True,,True,0.22769399220123887,0,False,False,False,False,d3.multi-cycle-shadow-cycle.v1
1015,resource_failure,resource_failure_and_recovery,4,cycle-04,resource_recovery,12.0,d1af17990a201d141a980d96e13e9853e38863b022f3244dc107c6b86789d5a4,5,5,True,True,25,0.19672184671759352,True,4,target-000->resource-000|target-001->resource-001|target-002->resource-002|target-003->resource-003|target-004->resource-004,target-000->resource-002|target-001->resource-001|target-002->resource-000|target-003->resource-003|target-004->resource-004,R-P0003,3,R-P0002,R-P0002,advanced,T-P0003,3,T-P0002,T-P0002,advanced,5,1,11.848253385177712,11.85454602906354,0,0,0,0,0,0,0,0,True,,True,0.221054011490196,0,False,False,False,False,d3.multi-cycle-shadow-cycle.v1
1015,target_add_remove,target_inventory_change,0,cycle-00,baseline,0.0,c419a076037ad73644cf75ec4c1d06c74fba2debf3f72692b7b9941ac4a7e858,4,5,True,True,20,0.16165694245141626,False,0,target-000->resource-000|target-001->resource-001|target-002->resource-002|target-003->resource-003,target-000->resource-000|target-001->resource-001|target-002->resource-002|target-003->resource-003,R-P0001,1,,,initial,T-P0001,1,,,initial,0,0,9.552048241062039,9.552048241062039,0,0,0,0,0,0,0,0,True,,True,0.2155649708583951,0,False,False,False,False,d3.multi-cycle-shadow-cycle.v1
1015,target_add_remove,target_inventory_change,1,cycle-01,kinematic_update,3.0,4d15ba5185f88a74fd4c76e76e079170bdaa033c8608e080ca7162727d1ce3ff,4,5,True,True,20,0.19682340273551313,False,0,target-000->resource-000|target-001->resource-001|target-002->resource-002|target-003->resource-003,target-000->resource-000|target-001->resource-001|target-002->resource-002|target-003->resource-003,R-P0001,1,R-P0001,,evaluation_refresh,T-P0001,1,T-P0001,,evaluation_refresh,0,0,9.543714907728706,9.543714907728706,0,0,0,0,0,0,0,0,True,,True,0.21778600057587028,0,False,False,False,False,d3.multi-cycle-shadow-cycle.v1
1015,target_add_remove,target_inventory_change,2,cycle-02,target_added,6.0,bbcd34ab6593aa25e516f8dc541e60fd3d5f91b7f761394308b319d54c1b914d,5,5,True,True,25,0.19684791568656568,False,0,target-000->resource-000|target-001->resource-001|target-002->resource-002|target-003->resource-003|target-004->resource-004,target-000->resource-000|target-001->resource-001|target-002->resource-002|target-003->resource-003|target-004->resource-004,R-P0002,2,R-P0001,R-P0001,advanced,T-P0002,2,T-P0001,T-P0001,advanced,1,1,11.869256541703969,11.869256541703969,0,0,0,0,0,0,0,0,True,,True,0.21811702754348516,0,False,False,False,False,d3.multi-cycle-shadow-cycle.v1
1015,target_add_remove,target_inventory_change,3,cycle-03,kinematic_update,9.0,4c4fccc23430afe1cb7c0a96068b81522f1369b25cad1c723ac109ffb8d0da7c,5,5,True,True,25,0.1968725998124703,False,0,target-000->resource-000|target-001->resource-001|target-002->resource-002|target-003->resource-003|target-004->resource-004,target-000->resource-000|target-001->resource-001|target-002->resource-002|target-003->resource-003|target-004->resource-004,R-P0002,2,R-P0002,R-P0001,evaluation_refresh,T-P0002,2,T-P0002,T-P0001,evaluation_refresh,0,0,11.858839875037301,11.858839875037301,0,0,0,0,0,0,0,0,True,,True,0.22996001644060016,0,False,False,False,False,d3.multi-cycle-shadow-cycle.v1
1015,target_add_remove,target_inventory_change,4,cycle-04,target_removed,12.0,0af1815e4bd16beab7467f8a2017b2b2978636355d9ad4d363026a5bfd79a9ba,4,5,True,True,20,0.19672003085514822,False,0,target-001->resource-001|target-002->resource-002|target-003->resource-003|target-004->resource-004,target-001->resource-001|target-002->resource-002|target-003->resource-003|target-004->resource-004,R-P0003,3,R-P0002,R-P0002,advanced,T-P0003,3,T-P0002,T-P0002,advanced,1,1,9.43855653609123,9.43855653609123,0,0,0,0,0,0,0,0,True,,True,0.23221096489578485,0,False,False,False,False,d3.multi-cycle-shadow-cycle.v1
1015,m_to_n_demand_change,high_threat_m_to_n_demand_change,0,cycle-00,baseline,0.0,b4d71f282c9ee55412e42fbb7c61f75f2c75cff84015eb9f78386393fcda190d,2,5,True,True,10,0.09800873688721956,False,0,target-000->resource-001|target-001->resource-003,target-000->resource-001|target-001->resource-003,R-P0001,1,,,initial,T-P0001,1,,,initial,0,0,4.14244741716014,4.14244741716014,0,0,0,0,0,0,0,0,True,,True,0.22387999342754483,0,False,False,False,False,d3.multi-cycle-shadow-cycle.v1
1015,m_to_n_demand_change,high_threat_m_to_n_demand_change,1,cycle-01,kinematic_update,3.0,c5c809398a40d48b4379b3ee633f2058d981c436c075fcbd5fa7ead85746fc48,2,5,True,True,10,0.19555250237467225,False,0,target-000->resource-001|target-001->resource-003,target-000->resource-001|target-001->resource-003,R-P0001,1,R-P0001,,evaluation_refresh,T-P0001,1,T-P0001,,evaluation_refresh,0,0,4.1382814073994805,4.1382814073994805,0,0,0,0,0,0,0,0,True,,True,0.24991604732349515,0,False,False,False,False,d3.multi-cycle-shadow-cycle.v1
1015,m_to_n_demand_change,high_threat_m_to_n_demand_change,2,cycle-02,demand_increased,6.0,d48df270e08975eee89e3ea90366bfc06e691f1a7fb90898cb0a963f6aa038fd,2,5,True,False,0,0.0,False,0,target-000->resource-000|target-000->resource-001|target-000->resource-002|target-001->resource-003,target-000->resource-000|target-000->resource-001|target-000->resource-002|target-001->resource-003,R-P0002,2,R-P0001,R-P0001,advanced,T-P0002,2,T-P0001,T-P0001,advanced,2,2,7.763546303421174,7.763546303421174,0,0,0,0,0,0,0,0,False,out_of_distribution,True,0.0,0,False,False,False,False,d3.multi-cycle-shadow-cycle.v1
1015,m_to_n_demand_change,high_threat_m_to_n_demand_change,3,cycle-03,kinematic_update,9.0,fec8cc67eb80a8d3753c8b7e345e33927dd06ab0d5baee12a29fa6f5f7a7ed92,2,5,True,False,0,0.0,False,0,target-000->resource-000|target-000->resource-001|target-000->resource-002|target-001->resource-003,target-000->resource-000|target-000->resource-001|target-000->resource-002|target-001->resource-003,R-P0002,2,R-P0002,R-P0001,evaluation_refresh,T-P0002,2,T-P0002,T-P0001,evaluation_refresh,0,0,7.755219565827275,7.755219565827275,0,0,0,0,0,0,0,0,False,out_of_distribution,True,0.0,0,False,False,False,False,d3.multi-cycle-shadow-cycle.v1
1015,m_to_n_demand_change,high_threat_m_to_n_demand_change,4,cycle-04,demand_restored,12.0,9123bba2b154e58996b6df3c8b97a780061935cb3c86d01dfa5ad0baf3dd64b2,2,5,True,True,10,0.19562300209088201,False,0,target-000->resource-001|target-001->resource-003,target-000->resource-001|target-001->resource-003,R-P0003,3,R-P0002,R-P0002,advanced,T-P0003,3,T-P0002,T-P0002,advanced,2,2,4.125783404611099,4.125783404611099,0,0,0,0,0,0,0,0,True,,True,0.2611970412544906,0,False,False,False,False,d3.multi-cycle-shadow-cycle.v1
1016,hungarian_switch_boundary,hungarian_switch_boundary,0,cycle-00,baseline,0.0,8cfe3ccdd5a2d095098d1c737d66a572f00aed18a1688f92577a4cbaf6e129a2,1,2,True,True,2,0.13638363507163564,False,0,target-000->resource-000,target-000->resource-000,R-P0001,1,,,initial,T-P0001,1,,,initial,0,0,2.3738333333333337,2.3738333333333337,0,0,0,0,0,0,0,0,True,,True,0.22810202790424228,0,False,False,False,False,d3.multi-cycle-shadow-cycle.v1
1016,hungarian_switch_boundary,hungarian_switch_boundary,1,cycle-01,hungarian_boundary_crossing,3.0,2af80ecf62aca292c02a9caf3c757cc305f6eb2e783f7c08a2ccd32253de12c8,1,2,True,True,2,0.19641752192645923,True,2,target-000->resource-001,target-000->resource-000,R-P0002,2,R-P0001,R-P0001,advanced,T-P0001,1,T-P0001,,evaluation_refresh,2,0,2.3738333333333337,2.378,0,0,0,0,0,0,0,0,True,,True,0.21131598623469472,0,False,False,False,False,d3.multi-cycle-shadow-cycle.v1
1016,hungarian_switch_boundary,hungarian_switch_boundary,2,cycle-02,hungarian_boundary_crossing,6.0,4e82dca6c144884f348b63cfef53bf57708cc482c624b0c78e243d669c28f5f8,1,2,True,True,2,0.19646546535350407,False,0,target-000->resource-000,target-000->resource-000,R-P0003,3,R-P0002,R-P0002,advanced,T-P0001,1,T-P0001,,evaluation_refresh,2,0,2.3738333333333337,2.3738333333333337,0,0,0,0,0,0,0,0,True,,True,0.20943500567227602,0,False,False,False,False,d3.multi-cycle-shadow-cycle.v1
1016,hungarian_switch_boundary,hungarian_switch_boundary,3,cycle-03,hungarian_boundary_crossing,9.0,51129edc45d1ae3f04f63db59d9976b81fd107d1bfe34ab4c491d6ba60f58084,1,2,True,True,2,0.19641752192645923,True,2,target-000->resource-001,target-000->resource-000,R-P0004,4,R-P0003,R-P0003,advanced,T-P0001,1,T-P0001,,evaluation_refresh,2,0,2.3738333333333337,2.378,0,0,0,0,0,0,0,0,True,,True,0.2121980069205165,0,False,False,False,False,d3.multi-cycle-shadow-cycle.v1
1016,hungarian_switch_boundary,hungarian_switch_boundary,4,cycle-04,hungarian_boundary_crossing,12.0,886b867699eba5c5f3fda943288742795bfc5bdb4ba4107ce922318a89bd352e,1,2,True,True,2,0.19646546535350407,False,0,target-000->resource-000,target-000->resource-000,R-P0005,5,R-P0004,R-P0004,advanced,T-P0001,1,T-P0001,,evaluation_refresh,2,0,2.3738333333333337,2.3738333333333337,0,0,0,0,0,0,0,0,True,,True,0.21621701307594776,0,False,False,False,False,d3.multi-cycle-shadow-cycle.v1
1016,hungarian_switch_boundary,hungarian_switch_boundary,5,cycle-05,hungarian_boundary_crossing,15.0,db1d5ee6479d54176a2e72b7859aa895b95721d91369f7d4da0f3e0b031b0e30,1,2,True,True,2,0.19641752192645923,True,2,target-000->resource-001,target-000->resource-000,R-P0006,6,R-P0005,R-P0005,advanced,T-P0001,1,T-P0001,,evaluation_refresh,2,0,2.3738333333333337,2.378,0,0,0,0,0,0,0,0,True,,True,0.29623997397720814,0,False,False,False,False,d3.multi-cycle-shadow-cycle.v1
1016,five_resources_three_targets,resource_surplus_5x3,0,cycle-00,baseline,0.0,001519bc36177e6b1404584c4311b7ddc98f09ebf8e5b5c7b169b53c7ef88be7,3,5,True,True,15,0.161720297842316,False,0,target-000->resource-001|target-001->resource-002|target-002->resource-003,target-000->resource-001|target-001->resource-002|target-002->resource-003,R-P0001,1,,,initial,T-P0001,1,,,initial,0,0,7.193948344006084,7.193948344006084,0,0,0,0,0,0,0,0,True,,True,0.2181889722123742,0,False,False,False,False,d3.multi-cycle-shadow-cycle.v1
1016,five_resources_three_targets,resource_surplus_5x3,1,cycle-01,kinematic_update,3.0,647cb04f9d5035c568521e06258a02417577fc4615f8a6763a3db236e29259cc,3,5,True,True,15,0.19682615584140128,False,0,target-000->resource-001|target-001->resource-002|target-002->resource-003,target-000->resource-001|target-001->resource-002|target-002->resource-003,R-P0001,1,R-P0001,,evaluation_refresh,T-P0001,1,T-P0001,,evaluation_refresh,0,0,7.187890152062636,7.187890152062636,0,0,0,0,0,0,0,0,True,,True,0.21877599647268653,0,False,False,False,False,d3.multi-cycle-shadow-cycle.v1
1016,five_resources_three_targets,resource_surplus_5x3,2,cycle-02,kinematic_update,6.0,66707621680693eed44eb34a0c3c0b503ebcb3c7d3aef60b897a366dfcbde95e,3,5,True,True,15,0.19684989758339144,False,0,target-000->resource-001|target-001->resource-002|target-002->resource-003,target-000->resource-001|target-001->resource-002|target-002->resource-003,R-P0001,1,R-P0001,,evaluation_refresh,T-P0001,1,T-P0001,,evaluation_refresh,0,0,7.181710005648012,7.181710005648012,0,0,0,0,0,0,0,0,True,,True,0.22789603099226952,0,False,False,False,False,d3.multi-cycle-shadow-cycle.v1
1016,five_resources_three_targets,resource_surplus_5x3,3,cycle-03,kinematic_update,9.0,447a4012ec17578d4b15ac6bcc57efda236929bbf894992011faed3e39e96cb5,3,5,True,True,15,0.19687569027796092,False,0,target-000->resource-001|target-001->resource-002|target-002->resource-003,target-000->resource-001|target-001->resource-002|target-002->resource-003,R-P0001,1,R-P0001,,evaluation_refresh,T-P0001,1,T-P0001,,evaluation_refresh,0,0,7.175084813458965,7.175084813458965,0,0,0,0,0,0,0,0,True,,True,0.4276160034351051,0,False,False,False,False,d3.multi-cycle-shadow-cycle.v1
1016,five_resources_three_targets,resource_surplus_5x3,4,cycle-04,kinematic_update,12.0,cca5524afe85307d05c1395d48e9485175cde464c9cfdae5f03452dd8d003766,3,5,True,True,15,0.19689948042533878,False,0,target-000->resource-001|target-001->resource-002|target-002->resource-003,target-000->resource-001|target-001->resource-002|target-002->resource-003,R-P0001,1,R-P0001,,evaluation_refresh,T-P0001,1,T-P0001,,evaluation_refresh,0,0,7.169352230109531,7.169352230109531,0,0,0,0,0,0,0,0,True,,True,0.22036500740796328,0,False,False,False,False,d3.multi-cycle-shadow-cycle.v1
1016,three_resources_five_targets,resource_shortage_3x5,0,cycle-00,baseline,0.0,e13f723443f302aed420f381512a026eea42794d46765be2e9bf66c1ec514fc6,5,3,True,True,15,0.16148886798521467,False,0,target-002->resource-000|target-003->resource-001|target-004->resource-002,target-002->resource-000|target-003->resource-001|target-004->resource-002,R-P0001,1,,,initial,T-P0001,1,,,initial,0,0,12.756612470173511,12.756612470173511,0,0,0,0,0,0,0,0,True,,True,0.2313709701411426,0,False,False,False,False,d3.multi-cycle-shadow-cycle.v1
1016,three_resources_five_targets,resource_shortage_3x5,1,cycle-01,kinematic_update,3.0,86918dc5b35ae3d2522bcdd6d48fdb82a576a5e7868ddbb50c1f9ab570eb055a,5,3,True,True,15,0.19643450312148047,False,0,target-002->resource-000|target-003->resource-001|target-004->resource-002,target-002->resource-000|target-003->resource-001|target-004->resource-002,R-P0001,1,R-P0001,,evaluation_refresh,T-P0001,1,T-P0001,,evaluation_refresh,0,0,12.74999313844565,12.74999313844565,0,0,0,0,0,0,0,0,True,,True,0.23682601749897003,0,False,False,False,False,d3.multi-cycle-shadow-cycle.v1
1016,three_resources_five_targets,resource_shortage_3x5,2,cycle-02,kinematic_update,6.0,ea77fb7cf3f83f0c39692defd39775fc7aa5e5f6901ef3ea4774096ed810e7c7,5,3,True,True,15,0.19645750970081544,False,0,target-002->resource-000|target-003->resource-001|target-004->resource-002,target-002->resource-000|target-003->resource-001|target-004->resource-002,R-P0001,1,R-P0001,,evaluation_refresh,T-P0001,1,T-P0001,,evaluation_refresh,0,0,12.743460569335351,12.743460569335351,0,0,0,0,0,0,0,0,True,,True,0.241680012550205,0,False,False,False,False,d3.multi-cycle-shadow-cycle.v1
1016,three_resources_five_targets,resource_shortage_3x5,3,cycle-03,kinematic_update,9.0,aec7b2dac6294c933c128954a2b103ec20149d69e07d1d256700a8d5a2c2f231,5,3,True,True,15,0.19647893516072656,False,0,target-002->resource-000|target-003->resource-001|target-004->resource-002,target-002->resource-000|target-003->resource-001|target-004->resource-002,R-P0001,1,R-P0001,,evaluation_refresh,T-P0001,1,T-P0001,,evaluation_refresh,0,0,12.738036649540533,12.738036649540533,0,0,0,0,0,0,0,0,True,,True,0.2396240015514195,0,False,False,False,False,d3.multi-cycle-shadow-cycle.v1
1016,three_resources_five_targets,resource_shortage_3x5,4,cycle-04,kinematic_update,12.0,c43e1439bb2da47344f666ce518ef2cc2f8264956193698bf67ff56aae3385de,5,3,True,True,15,0.1965069478165482,False,0,target-002->resource-000|target-003->resource-001|target-004->resource-002,target-002->resource-000|target-003->resource-001|target-004->resource-002,R-P0001,1,R-P0001,,evaluation_refresh,T-P0001,1,T-P0001,,evaluation_refresh,0,0,12.73150148675505,12.73150148675505,0,0,0,0,0,0,0,0,True,,True,0.2248829696327448,0,False,False,False,False,d3.multi-cycle-shadow-cycle.v1
1016,resource_failure,resource_failure_and_recovery,0,cycle-00,baseline,0.0,6d2bd67e08546caf7e9d5a3548a950536f03799b0ef535e228814e8ad7b3b285,5,5,True,True,25,0.1616638353483837,False,0,target-000->resource-000|target-001->resource-001|target-002->resource-002|target-003->resource-003|target-004->resource-004,target-000->resource-000|target-001->resource-001|target-002->resource-002|target-003->resource-003|target-004->resource-004,R-P0001,1,,,initial,T-P0001,1,,,initial,0,0,11.890176456234855,11.890176456234855,0,0,0,0,0,0,0,0,True,,True,0.22486899979412556,0,False,False,False,False,d3.multi-cycle-shadow-cycle.v1
1016,resource_failure,resource_failure_and_recovery,1,cycle-01,kinematic_update,3.0,a15cc59e9631e4fae169812f4061bad46651c05e6d2a32edd7df7ba268b8038a,5,5,True,True,25,0.1968262804646228,False,0,target-000->resource-000|target-001->resource-001|target-002->resource-002|target-003->resource-003|target-004->resource-004,target-000->resource-000|target-001->resource-001|target-002->resource-002|target-003->resource-003|target-004->resource-004,R-P0001,1,R-P0001,,evaluation_refresh,T-P0001,1,T-P0001,,evaluation_refresh,0,0,11.879527522676709,11.879527522676709,0,0,0,0,0,0,0,0,True,,True,0.22726599127054214,0,False,False,False,False,d3.multi-cycle-shadow-cycle.v1
1016,resource_failure,resource_failure_and_recovery,2,cycle-02,resource_failure,6.0,2c9d135e6e0eb74cbc1bbc4c5b2cc8e75a9c2fcd1c1495e46c8e491ed09f4f0c,5,5,True,True,20,0.19684927470854774,True,4,target-001->resource-000|target-002->resource-001|target-003->resource-003|target-004->resource-004,target-001->resource-001|target-002->resource-000|target-003->resource-003|target-004->resource-004,R-P0002,2,R-P0001,R-P0001,advanced,T-P0002,2,T-P0001,T-P0001,advanced,5,3,12.2569124809989,12.258472940259775,0,0,0,0,0,0,0,0,True,,True,0.21959905279800296,0,False,False,False,False,d3.multi-cycle-shadow-cycle.v1
1016,resource_failure,resource_failure_and_recovery,3,cycle-03,kinematic_update,9.0,cb67e90bc2ae1c4441a8ac67c70904130f161043c6e19de7482df2d6ba4f0a1e,5,5,True,True,20,0.196695500022821,True,4,target-001->resource-000|target-002->resource-001|target-003->resource-003|target-004->resource-004,target-001->resource-001|target-002->resource-000|target-003->resource-003|target-004->resource-004,R-P0002,2,R-P0002,R-P0001,evaluation_refresh,T-P0002,2,T-P0002,T-P0001,evaluation_refresh,0,0,12.248557203447533,12.25012251737946,0,0,0,0,0,0,0,0,True,,True,0.2271850244142115,0,False,False,False,False,d3.multi-cycle-shadow-cycle.v1
1016,resource_failure,resource_failure_and_recovery,4,cycle-04,resource_recovery,12.0,427ca284960124c440db90475f25d11ca2e2a0dc19896844f86f16e7d5ae56b9,5,5,True,True,25,0.19671998545788894,True,4,target-000->resource-000|target-001->resource-001|target-002->resource-002|target-003->resource-003|target-004->resource-004,target-000->resource-002|target-001->resource-001|target-002->resource-000|target-003->resource-003|target-004->resource-004,R-P0003,3,R-P0002,R-P0002,advanced,T-P0003,3,T-P0002,T-P0002,advanced,5,1,11.848966153628771,11.855257871162147,0,0,0,0,0,0,0,0,True,,True,0.21931802621111274,0,False,False,False,False,d3.multi-cycle-shadow-cycle.v1
1016,target_add_remove,target_inventory_change,0,cycle-00,baseline,0.0,c005fa81b782603d3b84f5309fba2d1ed8bd0af7c940d7f3ad85ad74c0414385,4,5,True,True,20,0.16167273913211666,False,0,target-000->resource-000|target-001->resource-001|target-002->resource-002|target-003->resource-003,target-000->resource-000|target-001->resource-001|target-002->resource-002|target-003->resource-003,R-P0001,1,,,initial,T-P0001,1,,,initial,0,0,9.552225646368713,9.552225646368713,0,0,0,0,0,0,0,0,True,,True,0.22268801694735885,0,False,False,False,False,d3.multi-cycle-shadow-cycle.v1
1016,target_add_remove,target_inventory_change,1,cycle-01,kinematic_update,3.0,8df79868507db2f70c671df71cc3fc43df8831483eb8c416f3e4fec3775f2ecb,4,5,True,True,20,0.19682405986684648,False,0,target-000->resource-000|target-001->resource-001|target-002->resource-002|target-003->resource-003,target-000->resource-000|target-001->resource-001|target-002->resource-002|target-003->resource-003,R-P0001,1,R-P0001,,evaluation_refresh,T-P0001,1,T-P0001,,evaluation_refresh,0,0,9.54389231303538,9.54389231303538,0,0,0,0,0,0,0,0,True,,True,0.2486619632691145,0,False,False,False,False,d3.multi-cycle-shadow-cycle.v1
1016,target_add_remove,target_inventory_change,2,cycle-02,target_added,6.0,4c095a566f60e2c067e26e6a3cc1ab7e10de1a8582e7a354dd037a4a8d2f5dd0,5,5,True,True,25,0.19684857255101296,False,0,target-000->resource-000|target-001->resource-001|target-002->resource-002|target-003->resource-003|target-004->resource-004,target-000->resource-000|target-001->resource-001|target-002->resource-002|target-003->resource-003|target-004->resource-004,R-P0002,2,R-P0001,R-P0001,advanced,T-P0002,2,T-P0001,T-P0001,advanced,1,1,11.869235477941405,11.869235477941405,0,0,0,0,0,0,0,0,True,,True,0.2370260190218687,0,False,False,False,False,d3.multi-cycle-shadow-cycle.v1
1016,target_add_remove,target_inventory_change,3,cycle-03,kinematic_update,9.0,3e23390936a945709db7515bc7cf21caa5cb23dae3f1040976478cc12b20a885,5,5,True,True,25,0.19687325640813436,False,0,target-000->resource-000|target-001->resource-001|target-002->resource-002|target-003->resource-003|target-004->resource-004,target-000->resource-000|target-001->resource-001|target-002->resource-002|target-003->resource-003|target-004->resource-004,R-P0002,2,R-P0002,R-P0001,evaluation_refresh,T-P0002,2,T-P0002,T-P0001,evaluation_refresh,0,0,11.858818811274737,11.858818811274737,0,0,0,0,0,0,0,0,True,,True,0.2598740393295884,0,False,False,False,False,d3.multi-cycle-shadow-cycle.v1
1016,target_add_remove,target_inventory_change,4,cycle-04,target_removed,12.0,769fc2a8d146700bac8bf86357ff0523fb61936dd96023d6721e9a7e3d28fd70,4,5,True,True,20,0.19671891861248314,False,0,target-001->resource-001|target-002->resource-002|target-003->resource-003|target-004->resource-004,target-001->resource-001|target-002->resource-002|target-003->resource-003|target-004->resource-004,R-P0003,3,R-P0002,R-P0002,advanced,T-P0003,3,T-P0002,T-P0002,advanced,1,1,9.438591102712895,9.438591102712895,0,0,0,0,0,0,0,0,True,,True,0.22494402946904302,0,False,False,False,False,d3.multi-cycle-shadow-cycle.v1
1016,m_to_n_demand_change,high_threat_m_to_n_demand_change,0,cycle-00,baseline,0.0,3e843006c96c12f7a40dd25999466ddebc0bec63edb21504e9698ad2c31f5614,2,5,True,True,10,0.09800873688721956,False,0,target-000->resource-001|target-001->resource-003,target-000->resource-001|target-001->resource-003,R-P0001,1,,,initial,T-P0001,1,,,initial,0,0,4.14244741716014,4.14244741716014,0,0,0,0,0,0,0,0,True,,True,0.23828598205000162,0,False,False,False,False,d3.multi-cycle-shadow-cycle.v1
1016,m_to_n_demand_change,high_threat_m_to_n_demand_change,1,cycle-01,kinematic_update,3.0,210f723b6d120f1259d983d7937e33bf5820f50330378da056e92937cf1097c8,2,5,True,True,10,0.19555250237467225,False,0,target-000->resource-001|target-001->resource-003,target-000->resource-001|target-001->resource-003,R-P0001,1,R-P0001,,evaluation_refresh,T-P0001,1,T-P0001,,evaluation_refresh,0,0,4.1382814073994805,4.1382814073994805,0,0,0,0,0,0,0,0,True,,True,0.2218899899162352,0,False,False,False,False,d3.multi-cycle-shadow-cycle.v1
1016,m_to_n_demand_change,high_threat_m_to_n_demand_change,2,cycle-02,demand_increased,6.0,80c3da81c05b0eaf05f076dbe5f6d741691722ea98da8a4af4a54f3fd741087d,2,5,True,False,0,0.0,False,0,target-000->resource-000|target-000->resource-001|target-000->resource-002|target-001->resource-003,target-000->resource-000|target-000->resource-001|target-000->resource-002|target-001->resource-003,R-P0002,2,R-P0001,R-P0001,advanced,T-P0002,2,T-P0001,T-P0001,advanced,2,2,7.763546303421174,7.763546303421174,0,0,0,0,0,0,0,0,False,out_of_distribution,True,0.0,0,False,False,False,False,d3.multi-cycle-shadow-cycle.v1
1016,m_to_n_demand_change,high_threat_m_to_n_demand_change,3,cycle-03,kinematic_update,9.0,abc6aaf2672e5967fbc18492111e4dd38d53f8fd8cc546c6c09efb36ab0caebf,2,5,True,False,0,0.0,False,0,target-000->resource-000|target-000->resource-001|target-000->resource-002|target-001->resource-003,target-000->resource-000|target-000->resource-001|target-000->resource-002|target-001->resource-003,R-P0002,2,R-P0002,R-P0001,evaluation_refresh,T-P0002,2,T-P0002,T-P0001,evaluation_refresh,0,0,7.755219565827275,7.755219565827275,0,0,0,0,0,0,0,0,False,out_of_distribution,True,0.0,0,False,False,False,False,d3.multi-cycle-shadow-cycle.v1
1016,m_to_n_demand_change,high_threat_m_to_n_demand_change,4,cycle-04,demand_restored,12.0,004c5a811de42f27e5895244e67e58901cc46c8a23c0f73fa6f9d76fb59d2310,2,5,True,True,10,0.19562300209088201,False,0,target-000->resource-001|target-001->resource-003,target-000->resource-001|target-001->resource-003,R-P0003,3,R-P0002,R-P0002,advanced,T-P0003,3,T-P0002,T-P0002,advanced,2,2,4.125783404611099,4.125783404611099,0,0,0,0,0,0,0,0,True,,True,0.2520160051062703,0,False,False,False,False,d3.multi-cycle-shadow-cycle.v1
1017,hungarian_switch_boundary,hungarian_switch_boundary,0,cycle-00,baseline,0.0,95e84c0e2622e9ccb7bf1e6b8681ac887beb0d61124a5d6d9572373240b1d941,1,2,True,True,2,0.13638363507163564,False,0,target-000->resource-000,target-000->resource-000,R-P0001,1,,,initial,T-P0001,1,,,initial,0,0,2.3738333333333337,2.3738333333333337,0,0,0,0,0,0,0,0,True,,True,0.24043198209255934,0,False,False,False,False,d3.multi-cycle-shadow-cycle.v1
1017,hungarian_switch_boundary,hungarian_switch_boundary,1,cycle-01,hungarian_boundary_crossing,3.0,1b99ee965a5f8d70a9de9971451be296b48cb21514da0ea8c4dce0496f1e5936,1,2,True,True,2,0.19641752192645923,True,2,target-000->resource-001,target-000->resource-000,R-P0002,2,R-P0001,R-P0001,advanced,T-P0001,1,T-P0001,,evaluation_refresh,2,0,2.3738333333333337,2.378,0,0,0,0,0,0,0,0,True,,True,0.21832197671756148,0,False,False,False,False,d3.multi-cycle-shadow-cycle.v1
1017,hungarian_switch_boundary,hungarian_switch_boundary,2,cycle-02,hungarian_boundary_crossing,6.0,5ca4dd4c95f0ffc5a563f434759f88fbd32801087ca2e484359ca8382772eeb4,1,2,True,True,2,0.19646546535350407,False,0,target-000->resource-000,target-000->resource-000,R-P0003,3,R-P0002,R-P0002,advanced,T-P0001,1,T-P0001,,evaluation_refresh,2,0,2.3738333333333337,2.3738333333333337,0,0,0,0,0,0,0,0,True,,True,0.2174610272049904,0,False,False,False,False,d3.multi-cycle-shadow-cycle.v1
1017,hungarian_switch_boundary,hungarian_switch_boundary,3,cycle-03,hungarian_boundary_crossing,9.0,42c469e80a9d884ec71df5e52686b7f314a13dac16b4ab5e6f219b3aaa7e43b8,1,2,True,True,2,0.19641752192645923,True,2,target-000->resource-001,target-000->resource-000,R-P0004,4,R-P0003,R-P0003,advanced,T-P0001,1,T-P0001,,evaluation_refresh,2,0,2.3738333333333337,2.378,0,0,0,0,0,0,0,0,True,,True,0.21750800078734756,0,False,False,False,False,d3.multi-cycle-shadow-cycle.v1
1017,hungarian_switch_boundary,hungarian_switch_boundary,4,cycle-04,hungarian_boundary_crossing,12.0,97ed244a86d925691663252e5fdf2623f237f0795fca918bf0c9633131aab7ca,1,2,True,True,2,0.19646546535350407,False,0,target-000->resource-000,target-000->resource-000,R-P0005,5,R-P0004,R-P0004,advanced,T-P0001,1,T-P0001,,evaluation_refresh,2,0,2.3738333333333337,2.3738333333333337,0,0,0,0,0,0,0,0,True,,True,0.2182939788326621,0,False,False,False,False,d3.multi-cycle-shadow-cycle.v1
1017,hungarian_switch_boundary,hungarian_switch_boundary,5,cycle-05,hungarian_boundary_crossing,15.0,460e1b63d76a95aa0b7c7f3d02aa4ea779debeabb930b2af037a7c11c6f8a2f1,1,2,True,True,2,0.19641752192645923,True,2,target-000->resource-001,target-000->resource-000,R-P0006,6,R-P0005,R-P0005,advanced,T-P0001,1,T-P0001,,evaluation_refresh,2,0,2.3738333333333337,2.378,0,0,0,0,0,0,0,0,True,,True,0.21653296425938606,0,False,False,False,False,d3.multi-cycle-shadow-cycle.v1
1017,five_resources_three_targets,resource_surplus_5x3,0,cycle-00,baseline,0.0,c3b03a2524f7236bbbb877c1afb2ec770581be0c7fa4aa15cb4926908735b6a1,3,5,True,True,15,0.16167568667540877,False,0,target-000->resource-001|target-001->resource-002|target-002->resource-003,target-000->resource-001|target-001->resource-002|target-002->resource-003,R-P0001,1,,,initial,T-P0001,1,,,initial,0,0,7.194372305416021,7.194372305416021,0,0,0,0,0,0,0,0,True,,True,0.22232200717553496,0,False,False,False,False,d3.multi-cycle-shadow-cycle.v1
1017,five_resources_three_targets,resource_surplus_5x3,1,cycle-01,kinematic_update,3.0,2e4e096841b0aa74c186db6acec321f1b1911601c925fa1931ccdae2df7cf1a7,3,5,True,True,15,0.1968278552267977,False,0,target-000->resource-001|target-001->resource-002|target-002->resource-003,target-000->resource-001|target-001->resource-002|target-002->resource-003,R-P0001,1,R-P0001,,evaluation_refresh,T-P0001,1,T-P0001,,evaluation_refresh,0,0,7.187582366827046,7.187582366827046,0,0,0,0,0,0,0,0,True,,True,0.20897598005831242,0,False,False,False,False,d3.multi-cycle-shadow-cycle.v1
1017,five_resources_three_targets,resource_surplus_5x3,2,cycle-02,kinematic_update,6.0,2948c5fd307bfb087037b3e72d55db333e6f64de4036556a3c301c0a46d9418e,3,5,True,True,15,0.19685041852832175,False,0,target-000->resource-001|target-001->resource-002|target-002->resource-003,target-000->resource-001|target-001->resource-002|target-002->resource-003,R-P0001,1,R-P0001,,evaluation_refresh,T-P0001,1,T-P0001,,evaluation_refresh,0,0,7.18126529842892,7.18126529842892,0,0,0,0,0,0,0,0,True,,True,0.22119004279375076,0,False,False,False,False,d3.multi-cycle-shadow-cycle.v1
1017,five_resources_three_targets,resource_surplus_5x3,3,cycle-03,kinematic_update,9.0,94a0ef39b29e5fd3f02dba3d838ca3a00e45f2aa3cffbdab8ada5ab37f552cc7,3,5,True,True,15,0.1968759732797043,False,0,target-000->resource-001|target-001->resource-002|target-002->resource-003,target-000->resource-001|target-001->resource-002|target-002->resource-003,R-P0001,1,R-P0001,,evaluation_refresh,T-P0001,1,T-P0001,,evaluation_refresh,0,0,7.175458164288942,7.175458164288942,0,0,0,0,0,0,0,0,True,,True,0.2196009736508131,0,False,False,False,False,d3.multi-cycle-shadow-cycle.v1
1017,five_resources_three_targets,resource_surplus_5x3,4,cycle-04,kinematic_update,12.0,bcf242d8433cb1b456c79af0578e700b94b92ccedd0a3a1e9370768d7bf823d0,3,5,True,True,15,0.19690070250091063,False,0,target-000->resource-001|target-001->resource-002|target-002->resource-003,target-000->resource-001|target-001->resource-002|target-002->resource-003,R-P0001,1,R-P0001,,evaluation_refresh,T-P0001,1,T-P0001,,evaluation_refresh,0,0,7.16907470841073,7.16907470841073,0,0,0,0,0,0,0,0,True,,True,0.21696300245821476,0,False,False,False,False,d3.multi-cycle-shadow-cycle.v1
1017,three_resources_five_targets,resource_shortage_3x5,0,cycle-00,baseline,0.0,af585424d1c3afba7b98121796e410cc36cc8c81aa8602b33876e4293157f71f,5,3,True,True,15,0.16147274152551372,False,0,target-002->resource-000|target-003->resource-001|target-004->resource-002,target-002->resource-000|target-003->resource-001|target-004->resource-002,R-P0001,1,,,initial,T-P0001,1,,,initial,0,0,12.75620317594116,12.75620317594116,0,0,0,0,0,0,0,0,True,,True,0.21728803403675556,0,False,False,False,False,d3.multi-cycle-shadow-cycle.v1
1017,three_resources_five_targets,resource_shortage_3x5,1,cycle-01,kinematic_update,3.0,6eccc6f00a9f830f59a5ae080b4b8c3febfbd743eca597549b146d703ba73c44,5,3,True,True,15,0.19643334002082113,False,0,target-002->resource-000|target-003->resource-001|target-004->resource-002,target-002->resource-000|target-003->resource-001|target-004->resource-002,R-P0001,1,R-P0001,,evaluation_refresh,T-P0001,1,T-P0001,,evaluation_refresh,0,0,12.749996423085157,12.749996423085157,0,0,0,0,0,0,0,0,True,,True,0.2173120155930519,0,False,False,False,False,d3.multi-cycle-shadow-cycle.v1
1017,three_resources_five_targets,resource_shortage_3x5,2,cycle-02,kinematic_update,6.0,65f1be6a546bf2dd4909494222f8ca151a7b3b9760e8f7823fdabf252f09275c,5,3,True,True,15,0.1964541926385932,False,0,target-002->resource-000|target-003->resource-001|target-004->resource-002,target-002->resource-000|target-003->resource-001|target-004->resource-002,R-P0001,1,R-P0001,,evaluation_refresh,T-P0001,1,T-P0001,,evaluation_refresh,0,0,12.744057168986533,12.744057168986533,0,0,0,0,0,0,0,0,True,,True,0.2243280177935958,0,False,False,False,False,d3.multi-cycle-shadow-cycle.v1
1017,three_resources_five_targets,resource_shortage_3x5,3,cycle-03,kinematic_update,9.0,0f133107a5ad94ac6bd08fcb6327717de881e8d612cdfef0303f4cfc654dc3f7,5,3,True,True,15,0.1964809975328059,False,0,target-002->resource-000|target-003->resource-001|target-004->resource-002,target-002->resource-000|target-003->resource-001|target-004->resource-002,R-P0001,1,R-P0001,,evaluation_refresh,T-P0001,1,T-P0001,,evaluation_refresh,0,0,12.737504435749425,12.737504435749425,0,0,0,0,0,0,0,0,True,,True,0.22172002354636788,0,False,False,False,False,d3.multi-cycle-shadow-cycle.v1
1017,three_resources_five_targets,resource_shortage_3x5,4,cycle-04,kinematic_update,12.0,b6a09fbf1dbd86ef8e08f587e71b94ba5fdde04d4ab2b6676065b5f853d13a9a,5,3,True,True,15,0.19650604805796812,False,0,target-002->resource-000|target-003->resource-001|target-004->resource-002,target-002->resource-000|target-003->resource-001|target-004->resource-002,R-P0001,1,R-P0001,,evaluation_refresh,T-P0001,1,T-P0001,,evaluation_refresh,0,0,12.73127431197247,12.73127431197247,0,0,0,0,0,0,0,0,True,,True,0.22602302487939596,0,False,False,False,False,d3.multi-cycle-shadow-cycle.v1
1017,resource_failure,resource_failure_and_recovery,0,cycle-00,baseline,0.0,fd41468e5293f36a8b59e41fb1ed49eb50eb5ccae01051ef760e1d979fddfb19,5,5,True,True,25,0.16166719927552808,False,0,target-000->resource-000|target-001->resource-001|target-002->resource-002|target-003->resource-003|target-004->resource-004,target-000->resource-000|target-001->resource-001|target-002->resource-002|target-003->resource-003|target-004->resource-004,R-P0001,1,,,initial,T-P0001,1,,,initial,0,0,11.890355843082167,11.890355843082167,0,0,0,0,0,0,0,0,True,,True,0.2200980088673532,0,False,False,False,False,d3.multi-cycle-shadow-cycle.v1
1017,resource_failure,resource_failure_and_recovery,1,cycle-01,kinematic_update,3.0,aa699d679bc1384ccc9f17f6cb2820d7adb5725fb0aa5f73ca824e790dc5b4af,5,5,True,True,25,0.1968246263536333,False,0,target-000->resource-000|target-001->resource-001|target-002->resource-002|target-003->resource-003|target-004->resource-004,target-000->resource-000|target-001->resource-001|target-002->resource-002|target-003->resource-003|target-004->resource-004,R-P0001,1,R-P0001,,evaluation_refresh,T-P0001,1,T-P0001,,evaluation_refresh,0,0,11.879844230524595,11.879844230524595,0,0,0,0,0,0,0,0,True,,True,0.2257309970445931,0,False,False,False,False,d3.multi-cycle-shadow-cycle.v1
1017,resource_failure,resource_failure_and_recovery,2,cycle-02,resource_failure,6.0,acef2824a81ff249ecebd1591815be537693ca3ea21c9b81a3f753722265a8d3,5,5,True,True,20,0.19685028263007798,True,4,target-001->resource-000|target-002->resource-001|target-003->resource-003|target-004->resource-004,target-001->resource-001|target-002->resource-000|target-003->resource-003|target-004->resource-004,R-P0002,2,R-P0001,R-P0001,advanced,T-P0002,2,T-P0001,T-P0001,advanced,5,3,12.257118685604503,12.258678180765877,0,0,0,0,0,0,0,0,True,,True,0.2275419537909329,0,False,False,False,False,d3.multi-cycle-shadow-cycle.v1
1017,resource_failure,resource_failure_and_recovery,3,cycle-03,kinematic_update,9.0,06bbea6fba2587186b6c01fb1dcf48e105f61f074aaaf0e88933d253e9459d49,5,5,True,True,20,0.1966979864785814,True,4,target-001->resource-000|target-002->resource-001|target-003->resource-003|target-004->resource-004,target-001->resource-001|target-002->resource-000|target-003->resource-003|target-004->resource-004,R-P0002,2,R-P0002,R-P0001,evaluation_refresh,T-P0002,2,T-P0002,T-P0001,evaluation_refresh,0,0,12.248917728345422,12.250482281642174,0,0,0,0,0,0,0,0,True,,True,0.3959410241805017,0,False,False,False,False,d3.multi-cycle-shadow-cycle.v1
1017,resource_failure,resource_failure_and_recovery,4,cycle-04,resource_recovery,12.0,bc9f57fa731b6c6eb91ced1f606e5d027fafdb1cf10807ffb76a1197310667bd,5,5,True,True,25,0.19671979251915594,True,4,target-000->resource-000|target-001->resource-001|target-002->resource-002|target-003->resource-003|target-004->resource-004,target-000->resource-002|target-001->resource-001|target-002->resource-000|target-003->resource-003|target-004->resource-004,R-P0003,3,R-P0002,R-P0002,advanced,T-P0003,3,T-P0002,T-P0002,advanced,5,1,11.848606387555805,11.85489986072457,0,0,0,0,0,0,0,0,True,,True,0.23232901003211737,0,False,False,False,False,d3.multi-cycle-shadow-cycle.v1
1017,target_add_remove,target_inventory_change,0,cycle-00,baseline,0.0,82a799f191661e57c92c32828aa6bab4b2d1862b87dc729ce1eae1db761fb53c,4,5,True,True,20,0.16176568823064574,False,0,target-000->resource-000|target-001->resource-001|target-002->resource-002|target-003->resource-003,target-000->resource-000|target-001->resource-001|target-002->resource-002|target-003->resource-003,R-P0001,1,,,initial,T-P0001,1,,,initial,0,0,9.55179150921176,9.55179150921176,0,0,0,0,0,0,0,0,True,,True,0.22059900220483541,0,False,False,False,False,d3.multi-cycle-shadow-cycle.v1
1017,target_add_remove,target_inventory_change,1,cycle-01,kinematic_update,3.0,b3b0495af894d5d657ef9e4ac9c684feb8586d313a7cea84ce9b275a3d79dbdd,4,5,True,True,20,0.19682791187215365,False,0,target-000->resource-000|target-001->resource-001|target-002->resource-002|target-003->resource-003,target-000->resource-000|target-001->resource-001|target-002->resource-002|target-003->resource-003,R-P0001,1,R-P0001,,evaluation_refresh,T-P0001,1,T-P0001,,evaluation_refresh,0,0,9.543458175878428,9.543458175878428,0,0,0,0,0,0,0,0,True,,True,0.22520002676174045,0,False,False,False,False,d3.multi-cycle-shadow-cycle.v1
1017,target_add_remove,target_inventory_change,2,cycle-02,target_added,6.0,b22aa0da870ba6cf566545a291e28c9780ba7c534a0d8cec9d13dccc5319346c,5,5,True,True,25,0.19685245696524056,False,0,target-000->resource-000|target-001->resource-001|target-002->resource-002|target-003->resource-003|target-004->resource-004,target-000->resource-000|target-001->resource-001|target-002->resource-002|target-003->resource-003|target-004->resource-004,R-P0002,2,R-P0001,R-P0001,advanced,T-P0002,2,T-P0001,T-P0001,advanced,1,1,11.86914152139514,11.86914152139514,0,0,0,0,0,0,0,0,True,,True,0.22673100465908647,0,False,False,False,False,d3.multi-cycle-shadow-cycle.v1
1017,target_add_remove,target_inventory_change,3,cycle-03,kinematic_update,9.0,93067f45e430f54bfd413288b61ea6238db974ab2616b7d4503e6867fbb05378,5,5,True,True,25,0.19687718451215508,False,0,target-000->resource-000|target-001->resource-001|target-002->resource-002|target-003->resource-003|target-004->resource-004,target-000->resource-000|target-001->resource-001|target-002->resource-002|target-003->resource-003|target-004->resource-004,R-P0002,2,R-P0002,R-P0001,evaluation_refresh,T-P0002,2,T-P0002,T-P0001,evaluation_refresh,0,0,11.85872485472847,11.85872485472847,0,0,0,0,0,0,0,0,True,,True,0.22259500110521913,0,False,False,False,False,d3.multi-cycle-shadow-cycle.v1
1017,target_add_remove,target_inventory_change,4,cycle-04,target_removed,12.0,6bb78e170f5d9034e642bc0ca1a3b57962581ede5adc47d79b63951f7f7a5f00,4,5,True,True,20,0.1967208820474564,False,0,target-001->resource-001|target-002->resource-002|target-003->resource-003|target-004->resource-004,target-001->resource-001|target-002->resource-002|target-003->resource-003|target-004->resource-004,R-P0003,3,R-P0002,R-P0002,advanced,T-P0003,3,T-P0002,T-P0002,advanced,1,1,9.438826073085533,9.438826073085533,0,0,0,0,0,0,0,0,True,,True,0.21895603276789188,0,False,False,False,False,d3.multi-cycle-shadow-cycle.v1
1017,m_to_n_demand_change,high_threat_m_to_n_demand_change,0,cycle-00,baseline,0.0,42a0d4a0b933d100d5b7a92dbf028dc076b13cfd06ca42a89976b082dafca69a,2,5,True,True,10,0.09800873688721956,False,0,target-000->resource-001|target-001->resource-003,target-000->resource-001|target-001->resource-003,R-P0001,1,,,initial,T-P0001,1,,,initial,0,0,4.14244741716014,4.14244741716014,0,0,0,0,0,0,0,0,True,,True,0.21902000298723578,0,False,False,False,False,d3.multi-cycle-shadow-cycle.v1
1017,m_to_n_demand_change,high_threat_m_to_n_demand_change,1,cycle-01,kinematic_update,3.0,e6fb3a25dde975e9fe195b8d490bc0fd4548bac1fde7ed70e6b199e1e2cae22e,2,5,True,True,10,0.19555250237467225,False,0,target-000->resource-001|target-001->resource-003,target-000->resource-001|target-001->resource-003,R-P0001,1,R-P0001,,evaluation_refresh,T-P0001,1,T-P0001,,evaluation_refresh,0,0,4.1382814073994805,4.1382814073994805,0,0,0,0,0,0,0,0,True,,True,0.21822098642587662,0,False,False,False,False,d3.multi-cycle-shadow-cycle.v1
1017,m_to_n_demand_change,high_threat_m_to_n_demand_change,2,cycle-02,demand_increased,6.0,0467a4c51d7b02010cac74a73723966ab49ca4aa05a6a2bcf9276dc00770abee,2,5,True,False,0,0.0,False,0,target-000->resource-000|target-000->resource-001|target-000->resource-002|target-001->resource-003,target-000->resource-000|target-000->resource-001|target-000->resource-002|target-001->resource-003,R-P0002,2,R-P0001,R-P0001,advanced,T-P0002,2,T-P0001,T-P0001,advanced,2,2,7.763546303421174,7.763546303421174,0,0,0,0,0,0,0,0,False,out_of_distribution,True,0.0,0,False,False,False,False,d3.multi-cycle-shadow-cycle.v1
1017,m_to_n_demand_change,high_threat_m_to_n_demand_change,3,cycle-03,kinematic_update,9.0,5de9d186e8b74f742239383c5042ecd5db4394792cc796e9c9785d83d7095dca,2,5,True,False,0,0.0,False,0,target-000->resource-000|target-000->resource-001|target-000->resource-002|target-001->resource-003,target-000->resource-000|target-000->resource-001|target-000->resource-002|target-001->resource-003,R-P0002,2,R-P0002,R-P0001,evaluation_refresh,T-P0002,2,T-P0002,T-P0001,evaluation_refresh,0,0,7.755219565827275,7.755219565827275,0,0,0,0,0,0,0,0,False,out_of_distribution,True,0.0,0,False,False,False,False,d3.multi-cycle-shadow-cycle.v1
1017,m_to_n_demand_change,high_threat_m_to_n_demand_change,4,cycle-04,demand_restored,12.0,1e9b4634fc02f136512811f966a0335eceaec7d0301f7d35708c44dd9a638382,2,5,True,True,10,0.19562300209088201,False,0,target-000->resource-001|target-001->resource-003,target-000->resource-001|target-001->resource-003,R-P0003,3,R-P0002,R-P0002,advanced,T-P0003,3,T-P0002,T-P0002,advanced,2,2,4.125783404611099,4.125783404611099,0,0,0,0,0,0,0,0,True,,True,0.23542705457657576,0,False,False,False,False,d3.multi-cycle-shadow-cycle.v1
1018,hungarian_switch_boundary,hungarian_switch_boundary,0,cycle-00,baseline,0.0,af8bbb19fb23c304e1da9b68eaedcaa0fdfb9b3b2773ea05f5eda98a16e3e12b,1,2,True,True,2,0.13638363507163564,False,0,target-000->resource-000,target-000->resource-000,R-P0001,1,,,initial,T-P0001,1,,,initial,0,0,2.3738333333333337,2.3738333333333337,0,0,0,0,0,0,0,0,True,,True,0.23076997604221106,0,False,False,False,False,d3.multi-cycle-shadow-cycle.v1
1018,hungarian_switch_boundary,hungarian_switch_boundary,1,cycle-01,hungarian_boundary_crossing,3.0,1dcf8d06ee5c759b6ee18b3a7cd738f66e112df0ed0228e5de17c9162071dd5e,1,2,True,True,2,0.19641752192645923,True,2,target-000->resource-001,target-000->resource-000,R-P0002,2,R-P0001,R-P0001,advanced,T-P0001,1,T-P0001,,evaluation_refresh,2,0,2.3738333333333337,2.378,0,0,0,0,0,0,0,0,True,,True,0.22797298151999712,0,False,False,False,False,d3.multi-cycle-shadow-cycle.v1
1018,hungarian_switch_boundary,hungarian_switch_boundary,2,cycle-02,hungarian_boundary_crossing,6.0,25ed9890ed35a6f170c5a7a4b699da25a6a1e55fa1a00a865f37bf78c6713ea2,1,2,True,True,2,0.19646546535350407,False,0,target-000->resource-000,target-000->resource-000,R-P0003,3,R-P0002,R-P0002,advanced,T-P0001,1,T-P0001,,evaluation_refresh,2,0,2.3738333333333337,2.3738333333333337,0,0,0,0,0,0,0,0,True,,True,0.22060598712414503,0,False,False,False,False,d3.multi-cycle-shadow-cycle.v1
1018,hungarian_switch_boundary,hungarian_switch_boundary,3,cycle-03,hungarian_boundary_crossing,9.0,edb9ceda5444709be59073c236d94d682a77cd4eb348a8f79d3385caefa6c767,1,2,True,True,2,0.19641752192645923,True,2,target-000->resource-001,target-000->resource-000,R-P0004,4,R-P0003,R-P0003,advanced,T-P0001,1,T-P0001,,evaluation_refresh,2,0,2.3738333333333337,2.378,0,0,0,0,0,0,0,0,True,,True,0.22754899691790342,0,False,False,False,False,d3.multi-cycle-shadow-cycle.v1
1018,hungarian_switch_boundary,hungarian_switch_boundary,4,cycle-04,hungarian_boundary_crossing,12.0,2cdddcf40ac2e4bc908f111de4912ce18865589a6b22e54be3045ef4044f7c3f,1,2,True,True,2,0.19646546535350407,False,0,target-000->resource-000,target-000->resource-000,R-P0005,5,R-P0004,R-P0004,advanced,T-P0001,1,T-P0001,,evaluation_refresh,2,0,2.3738333333333337,2.3738333333333337,0,0,0,0,0,0,0,0,True,,True,0.21293101599439979,0,False,False,False,False,d3.multi-cycle-shadow-cycle.v1
1018,hungarian_switch_boundary,hungarian_switch_boundary,5,cycle-05,hungarian_boundary_crossing,15.0,01a0194d20397aecefe5c20b13fea01721b3aa45764dcf8c9c67b83e121cdddd,1,2,True,True,2,0.19641752192645923,True,2,target-000->resource-001,target-000->resource-000,R-P0006,6,R-P0005,R-P0005,advanced,T-P0001,1,T-P0001,,evaluation_refresh,2,0,2.3738333333333337,2.378,0,0,0,0,0,0,0,0,True,,True,0.2172189997509122,0,False,False,False,False,d3.multi-cycle-shadow-cycle.v1
1018,five_resources_three_targets,resource_surplus_5x3,0,cycle-00,baseline,0.0,03e8720093548029f9d825fc0d6d4e7be9274fa32f4a6b4bac6ae3ce94585296,3,5,True,True,15,0.16171886799409263,False,0,target-000->resource-001|target-001->resource-002|target-002->resource-003,target-000->resource-001|target-001->resource-002|target-002->resource-003,R-P0001,1,,,initial,T-P0001,1,,,initial,0,0,7.194267025562915,7.194267025562915,0,0,0,0,0,0,0,0,True,,True,0.21781004033982754,0,False,False,False,False,d3.multi-cycle-shadow-cycle.v1
1018,five_resources_three_targets,resource_surplus_5x3,1,cycle-01,kinematic_update,3.0,3069899c2582685131fd56e09bcca3be98e1e2901d5eda17c61fe4a000a9141e,3,5,True,True,15,0.19682561202796833,False,0,target-000->resource-001|target-001->resource-002|target-002->resource-003,target-000->resource-001|target-001->resource-002|target-002->resource-003,R-P0001,1,R-P0001,,evaluation_refresh,T-P0001,1,T-P0001,,evaluation_refresh,0,0,7.187747436762743,7.187747436762743,0,0,0,0,0,0,0,0,True,,True,0.21551799727603793,0,False,False,False,False,d3.multi-cycle-shadow-cycle.v1
1018,five_resources_three_targets,resource_surplus_5x3,2,cycle-02,kinematic_update,6.0,941663e6dffc8bbf760c93698cebd889bbcae57614fc73efd3fe8f7019fee5fc,3,5,True,True,15,0.19684977300893713,False,0,target-000->resource-001|target-001->resource-002|target-002->resource-003,target-000->resource-001|target-001->resource-002|target-002->resource-003,R-P0001,1,R-P0001,,evaluation_refresh,T-P0001,1,T-P0001,,evaluation_refresh,0,0,7.181597967744071,7.181597967744071,0,0,0,0,0,0,0,0,True,,True,0.21807203302159905,0,False,False,False,False,d3.multi-cycle-shadow-cycle.v1
1018,five_resources_three_targets,resource_surplus_5x3,3,cycle-03,kinematic_update,9.0,4ad5bde76de45fb4b889ae04955f7e12dec8adc2134b63bd78fa0b2a93fcd375,3,5,True,True,15,0.19687347149826273,False,0,target-000->resource-001|target-001->resource-002|target-002->resource-003,target-000->resource-001|target-001->resource-002|target-002->resource-003,R-P0001,1,R-P0001,,evaluation_refresh,T-P0001,1,T-P0001,,evaluation_refresh,0,0,7.175275712935646,7.175275712935646,0,0,0,0,0,0,0,0,True,,True,0.21965702762827277,0,False,False,False,False,d3.multi-cycle-shadow-cycle.v1
1018,five_resources_three_targets,resource_surplus_5x3,4,cycle-04,kinematic_update,12.0,f41a8bd5d0a63f03f661e5348d0933bbe01da66c2c1e2cecaff895b610493397,3,5,True,True,15,0.19689908437701176,False,0,target-000->resource-001|target-001->resource-002|target-002->resource-003,target-000->resource-001|target-001->resource-002|target-002->resource-003,R-P0001,1,R-P0001,,evaluation_refresh,T-P0001,1,T-P0001,,evaluation_refresh,0,0,7.168934246595526,7.168934246595526,0,0,0,0,0,0,0,0,True,,True,0.22190198069438338,0,False,False,False,False,d3.multi-cycle-shadow-cycle.v1
1018,three_resources_five_targets,resource_shortage_3x5,0,cycle-00,baseline,0.0,b153f19cbd46355e9ddd1434c9a4324e7a8b5bfbbe84e371fbfc29cbb9a1a579,5,3,True,True,15,0.16155029587223657,False,0,target-002->resource-000|target-003->resource-001|target-004->resource-002,target-002->resource-000|target-003->resource-001|target-004->resource-002,R-P0001,1,,,initial,T-P0001,1,,,initial,0,0,12.756532796645612,12.756532796645612,0,0,0,0,0,0,0,0,True,,True,0.22468494717031717,0,False,False,False,False,d3.multi-cycle-shadow-cycle.v1
1018,three_resources_five_targets,resource_shortage_3x5,1,cycle-01,kinematic_update,3.0,b35d1c76138b6bc322552a61c6990f9fe43bdcedd0c90678faf7441d2267c9ee,5,3,True,True,15,0.1964330207343994,False,0,target-002->resource-000|target-003->resource-001|target-004->resource-002,target-002->resource-000|target-003->resource-001|target-004->resource-002,R-P0001,1,R-P0001,,evaluation_refresh,T-P0001,1,T-P0001,,evaluation_refresh,0,0,12.750065868484395,12.750065868484395,0,0,0,0,0,0,0,0,True,,True,0.21649699192494154,0,False,False,False,False,d3.multi-cycle-shadow-cycle.v1
1018,three_resources_five_targets,resource_shortage_3x5,2,cycle-02,kinematic_update,6.0,7b10786939651b7b5fd1d3fbedd30bf7f31e409939a0732944b8a51425199012,5,3,True,True,15,0.1964582506006578,False,0,target-002->resource-000|target-003->resource-001|target-004->resource-002,target-002->resource-000|target-003->resource-001|target-004->resource-002,R-P0001,1,R-P0001,,evaluation_refresh,T-P0001,1,T-P0001,,evaluation_refresh,0,0,12.743601645974568,12.743601645974568,0,0,0,0,0,0,0,0,True,,True,0.22562401136383414,0,False,False,False,False,d3.multi-cycle-shadow-cycle.v1
1018,three_resources_five_targets,resource_shortage_3x5,3,cycle-03,kinematic_update,9.0,79f3e3ca6c8b64544f8596c36f1edd45408641acc50608bbec76e66f04f70c6e,5,3,True,True,15,0.19648238760049175,False,0,target-002->resource-000|target-003->resource-001|target-004->resource-002,target-002->resource-000|target-003->resource-001|target-004->resource-002,R-P0001,1,R-P0001,,evaluation_refresh,T-P0001,1,T-P0001,,evaluation_refresh,0,0,12.737429338471568,12.737429338471568,0,0,0,0,0,0,0,0,True,,True,0.21926400950178504,0,False,False,False,False,d3.multi-cycle-shadow-cycle.v1
1018,three_resources_five_targets,resource_shortage_3x5,4,cycle-04,kinematic_update,12.0,2c020179eafd350c771548d2f2327d3eaede27a4a0ad5f77115bb9d33cc15240,5,3,True,True,15,0.19650414599282362,False,0,target-002->resource-000|target-003->resource-001|target-004->resource-002,target-002->resource-000|target-003->resource-001|target-004->resource-002,R-P0001,1,R-P0001,,evaluation_refresh,T-P0001,1,T-P0001,,evaluation_refresh,0,0,12.731220799918223,12.731220799918223,0,0,0,0,0,0,0,0,True,,True,0.21604099310934544,0,False,False,False,False,d3.multi-cycle-shadow-cycle.v1
1018,resource_failure,resource_failure_and_recovery,0,cycle-00,baseline,0.0,55c0953912d8f2a94a304a8892c47a71f79e3560c0680c7a3f9a042f17fbdd24,5,5,True,True,25,0.16165810430264305,False,0,target-000->resource-000|target-001->resource-001|target-002->resource-002|target-003->resource-003|target-004->resource-004,target-000->resource-000|target-001->resource-001|target-002->resource-002|target-003->resource-003|target-004->resource-004,R-P0001,1,,,initial,T-P0001,1,,,initial,0,0,11.89016609597578,11.89016609597578,0,0,0,0,0,0,0,0,True,,True,0.23184600286185741,0,False,False,False,False,d3.multi-cycle-shadow-cycle.v1
1018,resource_failure,resource_failure_and_recovery,1,cycle-01,kinematic_update,3.0,6bbe9d6a601a55f3bc613850e4dfd711f71e9900cdf1cb166623d42bca55b5f0,5,5,True,True,25,0.196823346085925,False,0,target-000->resource-000|target-001->resource-001|target-002->resource-002|target-003->resource-003|target-004->resource-004,target-000->resource-000|target-001->resource-001|target-002->resource-002|target-003->resource-003|target-004->resource-004,R-P0001,1,R-P0001,,evaluation_refresh,T-P0001,1,T-P0001,,evaluation_refresh,0,0,11.87964217045502,11.87964217045502,0,0,0,0,0,0,0,0,True,,True,0.21982297766953707,0,False,False,False,False,d3.multi-cycle-shadow-cycle.v1
1018,resource_failure,resource_failure_and_recovery,2,cycle-02,resource_failure,6.0,fce8a26e0bd4ceab12d715ca69392cc6c221673ec20928dc34f6b02013093a4e,5,5,True,True,20,0.1968505544262591,True,4,target-001->resource-000|target-002->resource-001|target-003->resource-003|target-004->resource-004,target-001->resource-001|target-002->resource-000|target-003->resource-003|target-004->resource-004,R-P0002,2,R-P0001,R-P0001,advanced,T-P0002,2,T-P0001,T-P0001,advanced,5,3,12.256773762818192,12.258334269163555,0,0,0,0,0,0,0,0,True,,True,0.2197349676862359,0,False,False,False,False,d3.multi-cycle-shadow-cycle.v1
1018,resource_failure,resource_failure_and_recovery,3,cycle-03,kinematic_update,9.0,3fca8779f98e15754d861de9fbbb91ffb92e0e45c9bd0e3fee3bc70f1f8027f1,5,5,True,True,20,0.19669517075846343,True,4,target-001->resource-000|target-002->resource-001|target-003->resource-003|target-004->resource-004,target-001->resource-001|target-002->resource-000|target-003->resource-003|target-004->resource-004,R-P0002,2,R-P0002,R-P0001,evaluation_refresh,T-P0002,2,T-P0002,T-P0001,evaluation_refresh,0,0,12.248152875591586,12.2497191058565,0,0,0,0,0,0,0,0,True,,True,0.22806896595284343,0,False,False,False,False,d3.multi-cycle-shadow-cycle.v1
1018,resource_failure,resource_failure_and_recovery,4,cycle-04,resource_recovery,12.0,680927a0ba134d257fda331ff7027a52ce6e3f1ba99b7efaa7cfb3ace2cb5fae,5,5,True,True,25,0.19671995140992182,True,4,target-000->resource-000|target-001->resource-001|target-002->resource-002|target-003->resource-003|target-004->resource-004,target-000->resource-002|target-001->resource-001|target-002->resource-000|target-003->resource-003|target-004->resource-004,R-P0003,3,R-P0002,R-P0002,advanced,T-P0003,3,T-P0002,T-P0002,advanced,5,1,11.848440322395282,11.854733478561675,0,0,0,0,0,0,0,0,True,,True,0.26479398366063833,0,False,False,False,False,d3.multi-cycle-shadow-cycle.v1
1018,target_add_remove,target_inventory_change,0,cycle-00,baseline,0.0,eef874e631dea6f79ef1c5fcd5bc2ec48587ea80f181dd4111ecb315a35c9e5e,4,5,True,True,20,0.16174653449327625,False,0,target-000->resource-000|target-001->resource-001|target-002->resource-002|target-003->resource-003,target-000->resource-000|target-001->resource-001|target-002->resource-002|target-003->resource-003,R-P0001,1,,,initial,T-P0001,1,,,initial,0,0,9.551888120333537,9.551888120333537,0,0,0,0,0,0,0,0,True,,True,0.25180302327498794,0,False,False,False,False,d3.multi-cycle-shadow-cycle.v1
1018,target_add_remove,target_inventory_change,1,cycle-01,kinematic_update,3.0,a9bd8f6404b82cc404b42e1b517cddcda1973a0b2fdf2ca36e622ccc29ae2967,4,5,True,True,20,0.19682710750311827,False,0,target-000->resource-000|target-001->resource-001|target-002->resource-002|target-003->resource-003,target-000->resource-000|target-001->resource-001|target-002->resource-002|target-003->resource-003,R-P0001,1,R-P0001,,evaluation_refresh,T-P0001,1,T-P0001,,evaluation_refresh,0,0,9.543554787000204,9.543554787000204,0,0,0,0,0,0,0,0,True,,True,0.23582298308610916,0,False,False,False,False,d3.multi-cycle-shadow-cycle.v1
1018,target_add_remove,target_inventory_change,2,cycle-02,target_added,6.0,8adecbea6d722ca562aa465f114f341b8e3b5a3da62268c0b9a26384e8a29b2f,5,5,True,True,25,0.19685164159873914,False,0,target-000->resource-000|target-001->resource-001|target-002->resource-002|target-003->resource-003|target-004->resource-004,target-000->resource-000|target-001->resource-001|target-002->resource-002|target-003->resource-003|target-004->resource-004,R-P0002,2,R-P0001,R-P0001,advanced,T-P0002,2,T-P0001,T-P0001,advanced,1,1,11.868983495897016,11.868983495897016,0,0,0,0,0,0,0,0,True,,True,0.24157902225852013,0,False,False,False,False,d3.multi-cycle-shadow-cycle.v1
1018,target_add_remove,target_inventory_change,3,cycle-03,kinematic_update,9.0,ce52a84dd699dd757168050df08dc433ace7d139011e1ae5e57e0795c8e8cfdc,5,5,True,True,25,0.19687638079988057,False,0,target-000->resource-000|target-001->resource-001|target-002->resource-002|target-003->resource-003|target-004->resource-004,target-000->resource-000|target-001->resource-001|target-002->resource-002|target-003->resource-003|target-004->resource-004,R-P0002,2,R-P0002,R-P0001,evaluation_refresh,T-P0002,2,T-P0002,T-P0001,evaluation_refresh,0,0,11.858566829230352,11.858566829230352,0,0,0,0,0,0,0,0,True,,True,0.23035600315779448,0,False,False,False,False,d3.multi-cycle-shadow-cycle.v1
1018,target_add_remove,target_inventory_change,4,cycle-04,target_removed,12.0,18439bcff0cf6f7a38ac58e25c156b2bea19564a5457fb7139b66dc65a3b9fc9,4,5,True,True,20,0.19672328801960637,False,0,target-001->resource-001|target-002->resource-002|target-003->resource-003|target-004->resource-004,target-001->resource-001|target-002->resource-002|target-003->resource-003|target-004->resource-004,R-P0003,3,R-P0002,R-P0002,advanced,T-P0003,3,T-P0002,T-P0002,advanced,1,1,9.438600181063666,9.438600181063666,0,0,0,0,0,0,0,0,True,,True,0.21811097394675016,0,False,False,False,False,d3.multi-cycle-shadow-cycle.v1
1018,m_to_n_demand_change,high_threat_m_to_n_demand_change,0,cycle-00,baseline,0.0,692d373268b02e8f71338e324204085e90e40af8f4ab0da7b8e98e4626d0575c,2,5,True,True,10,0.09800873688721956,False,0,target-000->resource-001|target-001->resource-003,target-000->resource-001|target-001->resource-003,R-P0001,1,,,initial,T-P0001,1,,,initial,0,0,4.14244741716014,4.14244741716014,0,0,0,0,0,0,0,0,True,,True,0.2183350152336061,0,False,False,False,False,d3.multi-cycle-shadow-cycle.v1
1018,m_to_n_demand_change,high_threat_m_to_n_demand_change,1,cycle-01,kinematic_update,3.0,619f80c39fcdf49152da1e7ff81e51b14014ee1ad58e25ac9397a68064ea1f62,2,5,True,True,10,0.19555250237467225,False,0,target-000->resource-001|target-001->resource-003,target-000->resource-001|target-001->resource-003,R-P0001,1,R-P0001,,evaluation_refresh,T-P0001,1,T-P0001,,evaluation_refresh,0,0,4.1382814073994805,4.1382814073994805,0,0,0,0,0,0,0,0,True,,True,0.21563004702329636,0,False,False,False,False,d3.multi-cycle-shadow-cycle.v1
1018,m_to_n_demand_change,high_threat_m_to_n_demand_change,2,cycle-02,demand_increased,6.0,60dffe375217cd3f0101ca920c93fa5f5312cb7ea90f57f1dd5f342d1a2198e7,2,5,True,False,0,0.0,False,0,target-000->resource-000|target-000->resource-001|target-000->resource-002|target-001->resource-003,target-000->resource-000|target-000->resource-001|target-000->resource-002|target-001->resource-003,R-P0002,2,R-P0001,R-P0001,advanced,T-P0002,2,T-P0001,T-P0001,advanced,2,2,7.763546303421174,7.763546303421174,0,0,0,0,0,0,0,0,False,out_of_distribution,True,0.0,0,False,False,False,False,d3.multi-cycle-shadow-cycle.v1
1018,m_to_n_demand_change,high_threat_m_to_n_demand_change,3,cycle-03,kinematic_update,9.0,d4b2ab23e9b99de5410ddf3a068caf710802d5b0d4fccf499d937197fad2ed45,2,5,True,False,0,0.0,False,0,target-000->resource-000|target-000->resource-001|target-000->resource-002|target-001->resource-003,target-000->resource-000|target-000->resource-001|target-000->resource-002|target-001->resource-003,R-P0002,2,R-P0002,R-P0001,evaluation_refresh,T-P0002,2,T-P0002,T-P0001,evaluation_refresh,0,0,7.755219565827275,7.755219565827275,0,0,0,0,0,0,0,0,False,out_of_distribution,True,0.0,0,False,False,False,False,d3.multi-cycle-shadow-cycle.v1
1018,m_to_n_demand_change,high_threat_m_to_n_demand_change,4,cycle-04,demand_restored,12.0,2be3d8e81ba90fd0a04206e9ad21a4f89ae3555d05c31e159f15821005b446ff,2,5,True,True,10,0.19562300209088201,False,0,target-000->resource-001|target-001->resource-003,target-000->resource-001|target-001->resource-003,R-P0003,3,R-P0002,R-P0002,advanced,T-P0003,3,T-P0002,T-P0002,advanced,2,2,4.125783404611099,4.125783404611099,0,0,0,0,0,0,0,0,True,,True,0.21787401055917144,0,False,False,False,False,d3.multi-cycle-shadow-cycle.v1
1019,hungarian_switch_boundary,hungarian_switch_boundary,0,cycle-00,baseline,0.0,53527380b1ee4f283a8a183288f201d11112989b79e5baab819129d0bf62b5e4,1,2,True,True,2,0.13638363507163564,False,0,target-000->resource-000,target-000->resource-000,R-P0001,1,,,initial,T-P0001,1,,,initial,0,0,2.3738333333333337,2.3738333333333337,0,0,0,0,0,0,0,0,True,,True,0.2894510398618877,0,False,False,False,False,d3.multi-cycle-shadow-cycle.v1
1019,hungarian_switch_boundary,hungarian_switch_boundary,1,cycle-01,hungarian_boundary_crossing,3.0,035293dccf460b993854f857c631a415ddf561f3fc1880ad470a8e020f79a765,1,2,True,True,2,0.19641752192645923,True,2,target-000->resource-001,target-000->resource-000,R-P0002,2,R-P0001,R-P0001,advanced,T-P0001,1,T-P0001,,evaluation_refresh,2,0,2.3738333333333337,2.378,0,0,0,0,0,0,0,0,True,,True,0.21589698735624552,0,False,False,False,False,d3.multi-cycle-shadow-cycle.v1
1019,hungarian_switch_boundary,hungarian_switch_boundary,2,cycle-02,hungarian_boundary_crossing,6.0,28e47bb76f4f9fe9a9d3fa03cc226de8fc4bb933389a1ae0d947d3a447c3dedb,1,2,True,True,2,0.19646546535350407,False,0,target-000->resource-000,target-000->resource-000,R-P0003,3,R-P0002,R-P0002,advanced,T-P0001,1,T-P0001,,evaluation_refresh,2,0,2.3738333333333337,2.3738333333333337,0,0,0,0,0,0,0,0,True,,True,0.22177299251779914,0,False,False,False,False,d3.multi-cycle-shadow-cycle.v1
1019,hungarian_switch_boundary,hungarian_switch_boundary,3,cycle-03,hungarian_boundary_crossing,9.0,f9aba4abe54fed373e6e8f4d27a7d9d5b10c10b59b958cb0ae280208f2fa85c4,1,2,True,True,2,0.19641752192645923,True,2,target-000->resource-001,target-000->resource-000,R-P0004,4,R-P0003,R-P0003,advanced,T-P0001,1,T-P0001,,evaluation_refresh,2,0,2.3738333333333337,2.378,0,0,0,0,0,0,0,0,True,,True,0.22367999190464616,0,False,False,False,False,d3.multi-cycle-shadow-cycle.v1
1019,hungarian_switch_boundary,hungarian_switch_boundary,4,cycle-04,hungarian_boundary_crossing,12.0,3bd5e4f502b1ded96f22628e6a4686e2e5027325bad370af5a9e7d93cda3c77e,1,2,True,True,2,0.19646546535350407,False,0,target-000->resource-000,target-000->resource-000,R-P0005,5,R-P0004,R-P0004,advanced,T-P0001,1,T-P0001,,evaluation_refresh,2,0,2.3738333333333337,2.3738333333333337,0,0,0,0,0,0,0,0,True,,True,0.2160429721698165,0,False,False,False,False,d3.multi-cycle-shadow-cycle.v1
1019,hungarian_switch_boundary,hungarian_switch_boundary,5,cycle-05,hungarian_boundary_crossing,15.0,37f9c39c9d66ad595b4b1d978deea8d92b9f2dd800391eab6bafe1346369702c,1,2,True,True,2,0.19641752192645923,True,2,target-000->resource-001,target-000->resource-000,R-P0006,6,R-P0005,R-P0005,advanced,T-P0001,1,T-P0001,,evaluation_refresh,2,0,2.3738333333333337,2.378,0,0,0,0,0,0,0,0,True,,True,0.21571002434939146,0,False,False,False,False,d3.multi-cycle-shadow-cycle.v1
1019,five_resources_three_targets,resource_surplus_5x3,0,cycle-00,baseline,0.0,247db376f477f37ca096b9254e8a567caf3f77367af440793682e4990dba9b7c,3,5,True,True,15,0.16172579175653734,False,0,target-000->resource-001|target-001->resource-002|target-002->resource-003,target-000->resource-001|target-001->resource-002|target-002->resource-003,R-P0001,1,,,initial,T-P0001,1,,,initial,0,0,7.194079846316671,7.194079846316671,0,0,0,0,0,0,0,0,True,,True,0.22723502479493618,0,False,False,False,False,d3.multi-cycle-shadow-cycle.v1
1019,five_resources_three_targets,resource_surplus_5x3,1,cycle-01,kinematic_update,3.0,c41ff737345199680039ace3dd58ce42d60f7e4eee65b91a86608f1df3e23429,3,5,True,True,15,0.19682714149075897,False,0,target-000->resource-001|target-001->resource-002|target-002->resource-003,target-000->resource-001|target-001->resource-002|target-002->resource-003,R-P0001,1,R-P0001,,evaluation_refresh,T-P0001,1,T-P0001,,evaluation_refresh,0,0,7.187619121160029,7.187619121160029,0,0,0,0,0,0,0,0,True,,True,0.22679200628772378,0,False,False,False,False,d3.multi-cycle-shadow-cycle.v1
1019,five_resources_three_targets,resource_surplus_5x3,2,cycle-02,kinematic_update,6.0,fdb5297df7d932f14fbd72d64837c54e22c26d44705106780b538d7d6e26da93,3,5,True,True,15,0.19685224180015082,False,0,target-000->resource-001|target-001->resource-002|target-002->resource-003,target-000->resource-001|target-001->resource-002|target-002->resource-003,R-P0001,1,R-P0001,,evaluation_refresh,T-P0001,1,T-P0001,,evaluation_refresh,0,0,7.18134024796061,7.18134024796061,0,0,0,0,0,0,0,0,True,,True,0.23694697301834822,0,False,False,False,False,d3.multi-cycle-shadow-cycle.v1
1019,five_resources_three_targets,resource_surplus_5x3,3,cycle-03,kinematic_update,9.0,261ca60542a43b413a2b9ae512657316826b5ecfc84a21c1a43780d390584617,3,5,True,True,15,0.19687411676404398,False,0,target-000->resource-001|target-001->resource-002|target-002->resource-003,target-000->resource-001|target-001->resource-002|target-002->resource-003,R-P0001,1,R-P0001,,evaluation_refresh,T-P0001,1,T-P0001,,evaluation_refresh,0,0,7.1752200761433595,7.1752200761433595,0,0,0,0,0,0,0,0,True,,True,0.23195199901238084,0,False,False,False,False,d3.multi-cycle-shadow-cycle.v1
1019,five_resources_three_targets,resource_surplus_5x3,4,cycle-04,kinematic_update,12.0,cb2d3fcf962bb3dc0eb1fecf52bb34a3155f84b39de760d831eff00d26bd5fa8,3,5,True,True,15,0.1969017887695017,False,0,target-000->resource-001|target-001->resource-002|target-002->resource-003,target-000->resource-001|target-001->resource-002|target-002->resource-003,R-P0001,1,R-P0001,,evaluation_refresh,T-P0001,1,T-P0001,,evaluation_refresh,0,0,7.168853193664297,7.168853193664297,0,0,0,0,0,0,0,0,True,,True,0.22451899712905288,0,False,False,False,False,d3.multi-cycle-shadow-cycle.v1
1019,three_resources_five_targets,resource_shortage_3x5,0,cycle-00,baseline,0.0,4827c21a40bacc6bc9fe510eabac2ce3b0f0a3750618c973d21b44498e23ca5f,5,3,True,True,15,0.16149073492773125,False,0,target-002->resource-000|target-003->resource-001|target-004->resource-002,target-002->resource-000|target-003->resource-001|target-004->resource-002,R-P0001,1,,,initial,T-P0001,1,,,initial,0,0,12.756872593655114,12.756872593655114,0,0,0,0,0,0,0,0,True,,True,0.22169598378241062,0,False,False,False,False,d3.multi-cycle-shadow-cycle.v1
1019,three_resources_five_targets,resource_shortage_3x5,1,cycle-01,kinematic_update,3.0,e96035c1480c86123cd4822b6150d1a2bf2aa1e75aa0cb93c9e2a8f8d5f6714e,5,3,True,True,15,0.19643238215653147,False,0,target-002->resource-000|target-003->resource-001|target-004->resource-002,target-002->resource-000|target-003->resource-001|target-004->resource-002,R-P0001,1,R-P0001,,evaluation_refresh,T-P0001,1,T-P0001,,evaluation_refresh,0,0,12.750312066196301,12.750312066196301,0,0,0,0,0,0,0,0,True,,True,0.21720497170463204,0,False,False,False,False,d3.multi-cycle-shadow-cycle.v1
1019,three_resources_five_targets,resource_shortage_3x5,2,cycle-02,kinematic_update,6.0,24a5c0ffc1adbe4c26de501df73ed458fc9abd0ad751383e7890d889e4249ed1,5,3,True,True,15,0.1964540444494629,False,0,target-002->resource-000|target-003->resource-001|target-004->resource-002,target-002->resource-000|target-003->resource-001|target-004->resource-002,R-P0001,1,R-P0001,,evaluation_refresh,T-P0001,1,T-P0001,,evaluation_refresh,0,0,12.74407921690684,12.74407921690684,0,0,0,0,0,0,0,0,True,,True,0.22370502119883895,0,False,False,False,False,d3.multi-cycle-shadow-cycle.v1
1019,three_resources_five_targets,resource_shortage_3x5,3,cycle-03,kinematic_update,9.0,e0a5c72a34c7f42ff688534fdfa9938e453f9519aed2c64080c01176922b21c8,5,3,True,True,15,0.19647959603895337,False,0,target-002->resource-000|target-003->resource-001|target-004->resource-002,target-002->resource-000|target-003->resource-001|target-004->resource-002,R-P0001,1,R-P0001,,evaluation_refresh,T-P0001,1,T-P0001,,evaluation_refresh,0,0,12.737833618822947,12.737833618822947,0,0,0,0,0,0,0,0,True,,True,0.2153289970010519,0,False,False,False,False,d3.multi-cycle-shadow-cycle.v1
1019,three_resources_five_targets,resource_shortage_3x5,4,cycle-04,kinematic_update,12.0,47d5999190b92889ef4134cbabd164432f52ca97845eadc6b14d7405024c7ba7,5,3,True,True,15,0.19650435100869545,False,0,target-002->resource-000|target-003->resource-001|target-004->resource-002,target-002->resource-000|target-003->resource-001|target-004->resource-002,R-P0001,1,R-P0001,,evaluation_refresh,T-P0001,1,T-P0001,,evaluation_refresh,0,0,12.731561831374915,12.731561831374915,0,0,0,0,0,0,0,0,True,,True,0.22986199473962188,0,False,False,False,False,d3.multi-cycle-shadow-cycle.v1
1019,resource_failure,resource_failure_and_recovery,0,cycle-00,baseline,0.0,4efea0d5f800948cab5a7045087351e78ab0d454be68f4a3bafd82aab192b1d7,5,5,True,True,25,0.16170550453302246,False,0,target-000->resource-000|target-001->resource-001|target-002->resource-002|target-003->resource-003|target-004->resource-004,target-000->resource-000|target-001->resource-001|target-002->resource-002|target-003->resource-003|target-004->resource-004,R-P0001,1,,,initial,T-P0001,1,,,initial,0,0,11.889871189479397,11.889871189479397,0,0,0,0,0,0,0,0,True,,True,0.2458850503899157,0,False,False,False,False,d3.multi-cycle-shadow-cycle.v1
1019,resource_failure,resource_failure_and_recovery,1,cycle-01,kinematic_update,3.0,17d63322173c38c0b4b44f60f41bead1e83e7476ba3100ddee588d2d953d1c7d,5,5,True,True,25,0.19682630312336258,False,0,target-000->resource-000|target-001->resource-001|target-002->resource-002|target-003->resource-003|target-004->resource-004,target-000->resource-000|target-001->resource-001|target-002->resource-002|target-003->resource-003|target-004->resource-004,R-P0001,1,R-P0001,,evaluation_refresh,T-P0001,1,T-P0001,,evaluation_refresh,0,0,11.879860502009006,11.879860502009006,0,0,0,0,0,0,0,0,True,,True,0.2424070262350142,0,False,False,False,False,d3.multi-cycle-shadow-cycle.v1
1019,resource_failure,resource_failure_and_recovery,2,cycle-02,resource_failure,6.0,177c4a0924a058e67fadd22a05825ab59f1a2ddb26e48b647ebeafe9b62b3a57,5,5,True,True,20,0.1968518454413979,True,4,target-001->resource-000|target-002->resource-001|target-003->resource-003|target-004->resource-004,target-001->resource-001|target-002->resource-000|target-003->resource-003|target-004->resource-004,R-P0002,2,R-P0001,R-P0001,advanced,T-P0002,2,T-P0001,T-P0001,advanced,5,3,12.257029100366537,12.258589035216602,0,0,0,0,0,0,0,0,True,,True,0.2286419621668756,0,False,False,False,False,d3.multi-cycle-shadow-cycle.v1
1019,resource_failure,resource_failure_and_recovery,3,cycle-03,kinematic_update,9.0,ccdbbd1a6650d8bec8652e1609f11eec108ea5633f49ba5a79edcb6c904dcc91,5,5,True,True,20,0.19669496638658224,True,4,target-001->resource-000|target-002->resource-001|target-003->resource-003|target-004->resource-004,target-001->resource-001|target-002->resource-000|target-003->resource-003|target-004->resource-004,R-P0002,2,R-P0002,R-P0001,evaluation_refresh,T-P0002,2,T-P0002,T-P0001,evaluation_refresh,0,0,12.248562064067439,12.25012733347289,0,0,0,0,0,0,0,0,True,,True,0.22059102775529027,0,False,False,False,False,d3.multi-cycle-shadow-cycle.v1
1019,resource_failure,resource_failure_and_recovery,4,cycle-04,resource_recovery,12.0,f66d732a74b1198e07f3277d81c575da91d244aa0bfb2b912e3017002b1fdab6,5,5,True,True,25,0.19672321992737052,True,4,target-000->resource-000|target-001->resource-001|target-002->resource-002|target-003->resource-003|target-004->resource-004,target-000->resource-002|target-001->resource-001|target-002->resource-000|target-003->resource-003|target-004->resource-004,R-P0003,3,R-P0002,R-P0002,advanced,T-P0003,3,T-P0002,T-P0002,advanced,5,1,11.847968143493857,11.854261082499628,0,0,0,0,0,0,0,0,True,,True,0.23033301113173366,0,False,False,False,False,d3.multi-cycle-shadow-cycle.v1
1019,target_add_remove,target_inventory_change,0,cycle-00,baseline,0.0,68f1ff8f5020ea181b3a82b6f7cc8905bb96d2c4ee881d87da3179e77662ae60,4,5,True,True,20,0.16171076517717697,False,0,target-000->resource-000|target-001->resource-001|target-002->resource-002|target-003->resource-003,target-000->resource-000|target-001->resource-001|target-002->resource-002|target-003->resource-003,R-P0001,1,,,initial,T-P0001,1,,,initial,0,0,9.551936092630733,9.551936092630733,0,0,0,0,0,0,0,0,True,,True,0.22766401525586843,0,False,False,False,False,d3.multi-cycle-shadow-cycle.v1
1019,target_add_remove,target_inventory_change,1,cycle-01,kinematic_update,3.0,5428365ad92a470a94edf3ba189e4705553d8ff1cb4562845c210fe1ba545755,4,5,True,True,20,0.19682563468695946,False,0,target-000->resource-000|target-001->resource-001|target-002->resource-002|target-003->resource-003,target-000->resource-000|target-001->resource-001|target-002->resource-002|target-003->resource-003,R-P0001,1,R-P0001,,evaluation_refresh,T-P0001,1,T-P0001,,evaluation_refresh,0,0,9.5436027592974,9.5436027592974,0,0,0,0,0,0,0,0,True,,True,0.22377300774678588,0,False,False,False,False,d3.multi-cycle-shadow-cycle.v1
1019,target_add_remove,target_inventory_change,2,cycle-02,target_added,6.0,be5a5d9619aec7779c3dd2b8d35d2400253aef37bb57f4e2105c4939557be045,5,5,True,True,25,0.19685016938130762,False,0,target-000->resource-000|target-001->resource-001|target-002->resource-002|target-003->resource-003|target-004->resource-004,target-000->resource-000|target-001->resource-001|target-002->resource-002|target-003->resource-003|target-004->resource-004,R-P0002,2,R-P0001,R-P0001,advanced,T-P0002,2,T-P0001,T-P0001,advanced,1,1,11.869078028152881,11.869078028152881,0,0,0,0,0,0,0,0,True,,True,0.22051198175176978,0,False,False,False,False,d3.multi-cycle-shadow-cycle.v1
1019,target_add_remove,target_inventory_change,3,cycle-03,kinematic_update,9.0,210b9ebef60722e3cdfd3badcc11fa1455580a475cb1b648f91c03920b61dd4b,5,5,True,True,25,0.19687486390526887,False,0,target-000->resource-000|target-001->resource-001|target-002->resource-002|target-003->resource-003|target-004->resource-004,target-000->resource-000|target-001->resource-001|target-002->resource-002|target-003->resource-003|target-004->resource-004,R-P0002,2,R-P0002,R-P0001,evaluation_refresh,T-P0002,2,T-P0002,T-P0001,evaluation_refresh,0,0,11.858661361486215,11.858661361486215,0,0,0,0,0,0,0,0,True,,True,0.23514102213084698,0,False,False,False,False,d3.multi-cycle-shadow-cycle.v1
1019,target_add_remove,target_inventory_change,4,cycle-04,target_removed,12.0,00a526da2b0822ac4ffefdc82495814162a882fe65bfd3c04a38f0470e5f7d16,4,5,True,True,20,0.19672334476307718,False,0,target-001->resource-001|target-002->resource-002|target-003->resource-003|target-004->resource-004,target-001->resource-001|target-002->resource-002|target-003->resource-003|target-004->resource-004,R-P0003,3,R-P0002,R-P0002,advanced,T-P0003,3,T-P0002,T-P0002,advanced,1,1,9.438568171160258,9.438568171160258,0,0,0,0,0,0,0,0,True,,True,0.44357997830957174,0,False,False,False,False,d3.multi-cycle-shadow-cycle.v1
1019,m_to_n_demand_change,high_threat_m_to_n_demand_change,0,cycle-00,baseline,0.0,0a74ecef187074f7daf6564c8c27262a3b6d1796bf90ebb03ffd652f40b24926,2,5,True,True,10,0.09800873688721956,False,0,target-000->resource-001|target-001->resource-003,target-000->resource-001|target-001->resource-003,R-P0001,1,,,initial,T-P0001,1,,,initial,0,0,4.14244741716014,4.14244741716014,0,0,0,0,0,0,0,0,True,,True,0.4517610068432987,0,False,False,False,False,d3.multi-cycle-shadow-cycle.v1
1019,m_to_n_demand_change,high_threat_m_to_n_demand_change,1,cycle-01,kinematic_update,3.0,76ec0f988a4f3964e534a60b0b2ece72b3975c2e3352d53d9f08c4fb592bfe64,2,5,True,True,10,0.19555250237467225,False,0,target-000->resource-001|target-001->resource-003,target-000->resource-001|target-001->resource-003,R-P0001,1,R-P0001,,evaluation_refresh,T-P0001,1,T-P0001,,evaluation_refresh,0,0,4.1382814073994805,4.1382814073994805,0,0,0,0,0,0,0,0,True,,True,0.23540598340332508,0,False,False,False,False,d3.multi-cycle-shadow-cycle.v1
1019,m_to_n_demand_change,high_threat_m_to_n_demand_change,2,cycle-02,demand_increased,6.0,f6174b0e54efb9e40bda6df118d63abf595af761037ef2aca2e6d3fee81eb7e0,2,5,True,False,0,0.0,False,0,target-000->resource-000|target-000->resource-001|target-000->resource-002|target-001->resource-003,target-000->resource-000|target-000->resource-001|target-000->resource-002|target-001->resource-003,R-P0002,2,R-P0001,R-P0001,advanced,T-P0002,2,T-P0001,T-P0001,advanced,2,2,7.763546303421174,7.763546303421174,0,0,0,0,0,0,0,0,False,out_of_distribution,True,0.0,0,False,False,False,False,d3.multi-cycle-shadow-cycle.v1
1019,m_to_n_demand_change,high_threat_m_to_n_demand_change,3,cycle-03,kinematic_update,9.0,31ba708716e37a12e01ec0422ca57e5db7db5de62dd2850dd320d093a76ac5a1,2,5,True,False,0,0.0,False,0,target-000->resource-000|target-000->resource-001|target-000->resource-002|target-001->resource-003,target-000->resource-000|target-000->resource-001|target-000->resource-002|target-001->resource-003,R-P0002,2,R-P0002,R-P0001,evaluation_refresh,T-P0002,2,T-P0002,T-P0001,evaluation_refresh,0,0,7.755219565827275,7.755219565827275,0,0,0,0,0,0,0,0,False,out_of_distribution,True,0.0,0,False,False,False,False,d3.multi-cycle-shadow-cycle.v1
1019,m_to_n_demand_change,high_threat_m_to_n_demand_change,4,cycle-04,demand_restored,12.0,3cd30bc734dcda677ae1a44914d95f0d394987b56cbe3d931dca8a0cab603400,2,5,True,True,10,0.19562300209088201,False,0,target-000->resource-001|target-001->resource-003,target-000->resource-001|target-001->resource-003,R-P0003,3,R-P0002,R-P0002,advanced,T-P0003,3,T-P0002,T-P0002,advanced,2,2,4.125783404611099,4.125783404611099,0,0,0,0,0,0,0,0,True,,True,0.21899899002164602,0,False,False,False,False,d3.multi-cycle-shadow-cycle.v1
