document,table_index,section,table_line,row,column,reported,source,selector,source_row,source_fields,source_values,expected,status
deliverables/leadership_report/中心航迹与拦截无人机目标配准试验报告_CN.md,5,3.1 有卫星、正常姿态和理想检测,117,1,关联准确度,100.0%,research_modules/independent_experiments/center_terminal_cv_campaign/outputs/center_handover_sensor_error_20260820/aggregate_metrics.csv,data_row:9,8,"[""binding_precision_mean""]","{""binding_precision_mean"": ""1.0""}",100.0%,match
deliverables/leadership_report/中心航迹与拦截无人机目标配准试验报告_CN.md,5,3.1 有卫星、正常姿态和理想检测,117,1,关联覆盖度,100.0%,research_modules/independent_experiments/center_terminal_cv_campaign/outputs/center_handover_sensor_error_20260820/aggregate_metrics.csv,data_row:9,8,"[""binding_recall_mean""]","{""binding_recall_mean"": ""1.0""}",100.0%,match
deliverables/leadership_report/中心航迹与拦截无人机目标配准试验报告_CN.md,5,3.1 有卫星、正常姿态和理想检测,117,1,处理耗时P95,0.736秒,research_modules/independent_experiments/center_terminal_cv_campaign/outputs/center_handover_sensor_error_20260820/aggregate_metrics.csv,data_row:9,8,"[""runtime_s_p95""]","{""runtime_s_p95"": ""0.7357715516503959""}",0.736秒,match
deliverables/leadership_report/中心航迹与拦截无人机目标配准试验报告_CN.md,5,3.1 有卫星、正常姿态和理想检测,117,1,达到80%的批数,10/10,research_modules/independent_experiments/center_terminal_cv_campaign/outputs/center_handover_sensor_error_20260820/aggregate_metrics.csv,data_row:9,8,"[""seeds_precision_and_recall_gte_0_80"", ""seed_count""]","{""seeds_precision_and_recall_gte_0_80"": ""10"", ""seed_count"": ""10""}",10/10,match
deliverables/leadership_report/中心航迹与拦截无人机目标配准试验报告_CN.md,5,3.1 有卫星、正常姿态和理想检测,117,2,关联准确度,100.0%,research_modules/independent_experiments/center_terminal_cv_campaign/outputs/center_handover_sensor_error_20260820/aggregate_metrics.csv,data_row:10,9,"[""binding_precision_mean""]","{""binding_precision_mean"": ""1.0""}",100.0%,match
deliverables/leadership_report/中心航迹与拦截无人机目标配准试验报告_CN.md,5,3.1 有卫星、正常姿态和理想检测,117,2,关联覆盖度,9.5%,research_modules/independent_experiments/center_terminal_cv_campaign/outputs/center_handover_sensor_error_20260820/aggregate_metrics.csv,data_row:10,9,"[""binding_recall_mean""]","{""binding_recall_mean"": ""0.095""}",9.5%,match
deliverables/leadership_report/中心航迹与拦截无人机目标配准试验报告_CN.md,5,3.1 有卫星、正常姿态和理想检测,117,2,处理耗时P95,0.167秒,research_modules/independent_experiments/center_terminal_cv_campaign/outputs/center_handover_sensor_error_20260820/aggregate_metrics.csv,data_row:10,9,"[""runtime_s_p95""]","{""runtime_s_p95"": ""0.1674197356020158""}",0.167秒,match
deliverables/leadership_report/中心航迹与拦截无人机目标配准试验报告_CN.md,5,3.1 有卫星、正常姿态和理想检测,117,2,达到80%的批数,0/10,research_modules/independent_experiments/center_terminal_cv_campaign/outputs/center_handover_sensor_error_20260820/aggregate_metrics.csv,data_row:10,9,"[""seeds_precision_and_recall_gte_0_80"", ""seed_count""]","{""seeds_precision_and_recall_gte_0_80"": ""0"", ""seed_count"": ""10""}",0/10,match
deliverables/leadership_report/中心航迹与拦截无人机目标配准试验报告_CN.md,5,3.1 有卫星、正常姿态和理想检测,117,3,关联准确度,100.0%,research_modules/independent_experiments/center_terminal_cv_campaign/outputs/center_handover_sensor_error_20260820/aggregate_metrics.csv,data_row:25,24,"[""binding_precision_mean""]","{""binding_precision_mean"": ""1.0""}",100.0%,match
deliverables/leadership_report/中心航迹与拦截无人机目标配准试验报告_CN.md,5,3.1 有卫星、正常姿态和理想检测,117,3,关联覆盖度,100.0%,research_modules/independent_experiments/center_terminal_cv_campaign/outputs/center_handover_sensor_error_20260820/aggregate_metrics.csv,data_row:25,24,"[""binding_recall_mean""]","{""binding_recall_mean"": ""1.0""}",100.0%,match
deliverables/leadership_report/中心航迹与拦截无人机目标配准试验报告_CN.md,5,3.1 有卫星、正常姿态和理想检测,117,3,处理耗时P95,0.747秒,research_modules/independent_experiments/center_terminal_cv_campaign/outputs/center_handover_sensor_error_20260820/aggregate_metrics.csv,data_row:25,24,"[""runtime_s_p95""]","{""runtime_s_p95"": ""0.7469934860077047""}",0.747秒,match
deliverables/leadership_report/中心航迹与拦截无人机目标配准试验报告_CN.md,5,3.1 有卫星、正常姿态和理想检测,117,3,达到80%的批数,10/10,research_modules/independent_experiments/center_terminal_cv_campaign/outputs/center_handover_sensor_error_20260820/aggregate_metrics.csv,data_row:25,24,"[""seeds_precision_and_recall_gte_0_80"", ""seed_count""]","{""seeds_precision_and_recall_gte_0_80"": ""10"", ""seed_count"": ""10""}",10/10,match
deliverables/leadership_report/中心航迹与拦截无人机目标配准试验报告_CN.md,5,3.1 有卫星、正常姿态和理想检测,117,4,关联准确度,100.0%,research_modules/independent_experiments/center_terminal_cv_campaign/outputs/center_handover_sensor_error_20260820/aggregate_metrics.csv,data_row:26,25,"[""binding_precision_mean""]","{""binding_precision_mean"": ""1.0""}",100.0%,match
deliverables/leadership_report/中心航迹与拦截无人机目标配准试验报告_CN.md,5,3.1 有卫星、正常姿态和理想检测,117,4,关联覆盖度,10.0%,research_modules/independent_experiments/center_terminal_cv_campaign/outputs/center_handover_sensor_error_20260820/aggregate_metrics.csv,data_row:26,25,"[""binding_recall_mean""]","{""binding_recall_mean"": ""0.1""}",10.0%,match
deliverables/leadership_report/中心航迹与拦截无人机目标配准试验报告_CN.md,5,3.1 有卫星、正常姿态和理想检测,117,4,处理耗时P95,0.145秒,research_modules/independent_experiments/center_terminal_cv_campaign/outputs/center_handover_sensor_error_20260820/aggregate_metrics.csv,data_row:26,25,"[""runtime_s_p95""]","{""runtime_s_p95"": ""0.14496855099932873""}",0.145秒,match
deliverables/leadership_report/中心航迹与拦截无人机目标配准试验报告_CN.md,5,3.1 有卫星、正常姿态和理想检测,117,4,达到80%的批数,0/10,research_modules/independent_experiments/center_terminal_cv_campaign/outputs/center_handover_sensor_error_20260820/aggregate_metrics.csv,data_row:26,25,"[""seeds_precision_and_recall_gte_0_80"", ""seed_count""]","{""seeds_precision_and_recall_gte_0_80"": ""0"", ""seed_count"": ""10""}",0/10,match
deliverables/leadership_report/中心航迹与拦截无人机目标配准试验报告_CN.md,5,3.1 有卫星、正常姿态和理想检测,117,5,关联准确度,95.0%,research_modules/independent_experiments/center_terminal_cv_campaign/outputs/center_handover_sensor_error_20260820/aggregate_metrics.csv,data_row:41,40,"[""binding_precision_mean""]","{""binding_precision_mean"": ""0.949871794871795""}",95.0%,match
deliverables/leadership_report/中心航迹与拦截无人机目标配准试验报告_CN.md,5,3.1 有卫星、正常姿态和理想检测,117,5,关联覆盖度,94.8%,research_modules/independent_experiments/center_terminal_cv_campaign/outputs/center_handover_sensor_error_20260820/aggregate_metrics.csv,data_row:41,40,"[""binding_recall_mean""]","{""binding_recall_mean"": ""0.9475000000000001""}",94.8%,match
deliverables/leadership_report/中心航迹与拦截无人机目标配准试验报告_CN.md,5,3.1 有卫星、正常姿态和理想检测,117,5,处理耗时P95,2.875秒,research_modules/independent_experiments/center_terminal_cv_campaign/outputs/center_handover_sensor_error_20260820/aggregate_metrics.csv,data_row:41,40,"[""runtime_s_p95""]","{""runtime_s_p95"": ""2.8748379069416843""}",2.875秒,match
deliverables/leadership_report/中心航迹与拦截无人机目标配准试验报告_CN.md,5,3.1 有卫星、正常姿态和理想检测,117,5,达到80%的批数,10/10,research_modules/independent_experiments/center_terminal_cv_campaign/outputs/center_handover_sensor_error_20260820/aggregate_metrics.csv,data_row:41,40,"[""seeds_precision_and_recall_gte_0_80"", ""seed_count""]","{""seeds_precision_and_recall_gte_0_80"": ""10"", ""seed_count"": ""10""}",10/10,match
deliverables/leadership_report/中心航迹与拦截无人机目标配准试验报告_CN.md,5,3.1 有卫星、正常姿态和理想检测,117,6,关联准确度,97.5%,research_modules/independent_experiments/center_terminal_cv_campaign/outputs/center_handover_sensor_error_20260820/aggregate_metrics.csv,data_row:42,41,"[""binding_precision_mean""]","{""binding_precision_mean"": ""0.975""}",97.5%,match
deliverables/leadership_report/中心航迹与拦截无人机目标配准试验报告_CN.md,5,3.1 有卫星、正常姿态和理想检测,117,6,关联覆盖度,7.5%,research_modules/independent_experiments/center_terminal_cv_campaign/outputs/center_handover_sensor_error_20260820/aggregate_metrics.csv,data_row:42,41,"[""binding_recall_mean""]","{""binding_recall_mean"": ""0.075""}",7.5%,match
deliverables/leadership_report/中心航迹与拦截无人机目标配准试验报告_CN.md,5,3.1 有卫星、正常姿态和理想检测,117,6,处理耗时P95,0.496秒,research_modules/independent_experiments/center_terminal_cv_campaign/outputs/center_handover_sensor_error_20260820/aggregate_metrics.csv,data_row:42,41,"[""runtime_s_p95""]","{""runtime_s_p95"": ""0.49632733809776247""}",0.496秒,match
deliverables/leadership_report/中心航迹与拦截无人机目标配准试验报告_CN.md,5,3.1 有卫星、正常姿态和理想检测,117,6,达到80%的批数,0/10,research_modules/independent_experiments/center_terminal_cv_campaign/outputs/center_handover_sensor_error_20260820/aggregate_metrics.csv,data_row:42,41,"[""seeds_precision_and_recall_gte_0_80"", ""seed_count""]","{""seeds_precision_and_recall_gte_0_80"": ""0"", ""seed_count"": ""10""}",0/10,match
deliverables/leadership_report/中心航迹与拦截无人机目标配准试验报告_CN.md,5,3.1 有卫星、正常姿态和理想检测,117,7,关联准确度,99.0%,research_modules/independent_experiments/center_terminal_cv_campaign/outputs/center_handover_sensor_error_20260820/aggregate_metrics.csv,data_row:57,56,"[""binding_precision_mean""]","{""binding_precision_mean"": ""0.9898717948717948""}",99.0%,match
deliverables/leadership_report/中心航迹与拦截无人机目标配准试验报告_CN.md,5,3.1 有卫星、正常姿态和理想检测,117,7,关联覆盖度,98.8%,research_modules/independent_experiments/center_terminal_cv_campaign/outputs/center_handover_sensor_error_20260820/aggregate_metrics.csv,data_row:57,56,"[""binding_recall_mean""]","{""binding_recall_mean"": ""0.9875""}",98.8%,match
deliverables/leadership_report/中心航迹与拦截无人机目标配准试验报告_CN.md,5,3.1 有卫星、正常姿态和理想检测,117,7,处理耗时P95,2.910秒,research_modules/independent_experiments/center_terminal_cv_campaign/outputs/center_handover_sensor_error_20260820/aggregate_metrics.csv,data_row:57,56,"[""runtime_s_p95""]","{""runtime_s_p95"": ""2.90974713724936""}",2.910秒,match
deliverables/leadership_report/中心航迹与拦截无人机目标配准试验报告_CN.md,5,3.1 有卫星、正常姿态和理想检测,117,7,达到80%的批数,10/10,research_modules/independent_experiments/center_terminal_cv_campaign/outputs/center_handover_sensor_error_20260820/aggregate_metrics.csv,data_row:57,56,"[""seeds_precision_and_recall_gte_0_80"", ""seed_count""]","{""seeds_precision_and_recall_gte_0_80"": ""10"", ""seed_count"": ""10""}",10/10,match
deliverables/leadership_report/中心航迹与拦截无人机目标配准试验报告_CN.md,5,3.1 有卫星、正常姿态和理想检测,117,8,关联准确度,97.5%,research_modules/independent_experiments/center_terminal_cv_campaign/outputs/center_handover_sensor_error_20260820/aggregate_metrics.csv,data_row:58,57,"[""binding_precision_mean""]","{""binding_precision_mean"": ""0.975""}",97.5%,match
deliverables/leadership_report/中心航迹与拦截无人机目标配准试验报告_CN.md,5,3.1 有卫星、正常姿态和理想检测,117,8,关联覆盖度,7.8%,research_modules/independent_experiments/center_terminal_cv_campaign/outputs/center_handover_sensor_error_20260820/aggregate_metrics.csv,data_row:58,57,"[""binding_recall_mean""]","{""binding_recall_mean"": ""0.0775""}",7.8%,match
deliverables/leadership_report/中心航迹与拦截无人机目标配准试验报告_CN.md,5,3.1 有卫星、正常姿态和理想检测,117,8,处理耗时P95,0.534秒,research_modules/independent_experiments/center_terminal_cv_campaign/outputs/center_handover_sensor_error_20260820/aggregate_metrics.csv,data_row:58,57,"[""runtime_s_p95""]","{""runtime_s_p95"": ""0.5339650391528267""}",0.534秒,match
deliverables/leadership_report/中心航迹与拦截无人机目标配准试验报告_CN.md,5,3.1 有卫星、正常姿态和理想检测,117,8,达到80%的批数,0/10,research_modules/independent_experiments/center_terminal_cv_campaign/outputs/center_handover_sensor_error_20260820/aggregate_metrics.csv,data_row:58,57,"[""seeds_precision_and_recall_gte_0_80"", ""seed_count""]","{""seeds_precision_and_recall_gte_0_80"": ""0"", ""seed_count"": ""10""}",0/10,match
deliverables/leadership_report/中心航迹与拦截无人机目标配准试验报告_CN.md,5,3.1 有卫星、正常姿态和理想检测,117,9,关联准确度,96.3%,research_modules/independent_experiments/center_terminal_cv_campaign/outputs/center_handover_sensor_error_20260820/aggregate_metrics.csv,data_row:73,72,"[""binding_precision_mean""]","{""binding_precision_mean"": ""0.963276836158192""}",96.3%,match
deliverables/leadership_report/中心航迹与拦截无人机目标配准试验报告_CN.md,5,3.1 有卫星、正常姿态和理想检测,117,9,关联覆盖度,95.8%,research_modules/independent_experiments/center_terminal_cv_campaign/outputs/center_handover_sensor_error_20260820/aggregate_metrics.csv,data_row:73,72,"[""binding_recall_mean""]","{""binding_recall_mean"": ""0.9583333333333334""}",95.8%,match
deliverables/leadership_report/中心航迹与拦截无人机目标配准试验报告_CN.md,5,3.1 有卫星、正常姿态和理想检测,117,9,处理耗时P95,7.410秒,research_modules/independent_experiments/center_terminal_cv_campaign/outputs/center_handover_sensor_error_20260820/aggregate_metrics.csv,data_row:73,72,"[""runtime_s_p95""]","{""runtime_s_p95"": ""7.4104483792441895""}",7.410秒,match
deliverables/leadership_report/中心航迹与拦截无人机目标配准试验报告_CN.md,5,3.1 有卫星、正常姿态和理想检测,117,9,达到80%的批数,10/10,research_modules/independent_experiments/center_terminal_cv_campaign/outputs/center_handover_sensor_error_20260820/aggregate_metrics.csv,data_row:73,72,"[""seeds_precision_and_recall_gte_0_80"", ""seed_count""]","{""seeds_precision_and_recall_gte_0_80"": ""10"", ""seed_count"": ""10""}",10/10,match
deliverables/leadership_report/中心航迹与拦截无人机目标配准试验报告_CN.md,5,3.1 有卫星、正常姿态和理想检测,117,10,关联准确度,96.0%,research_modules/independent_experiments/center_terminal_cv_campaign/outputs/center_handover_sensor_error_20260820/aggregate_metrics.csv,data_row:74,73,"[""binding_precision_mean""]","{""binding_precision_mean"": ""0.96""}",96.0%,match
deliverables/leadership_report/中心航迹与拦截无人机目标配准试验报告_CN.md,5,3.1 有卫星、正常姿态和理想检测,117,10,关联覆盖度,6.7%,research_modules/independent_experiments/center_terminal_cv_campaign/outputs/center_handover_sensor_error_20260820/aggregate_metrics.csv,data_row:74,73,"[""binding_recall_mean""]","{""binding_recall_mean"": ""0.06666666666666668""}",6.7%,match
deliverables/leadership_report/中心航迹与拦截无人机目标配准试验报告_CN.md,5,3.1 有卫星、正常姿态和理想检测,117,10,处理耗时P95,1.119秒,research_modules/independent_experiments/center_terminal_cv_campaign/outputs/center_handover_sensor_error_20260820/aggregate_metrics.csv,data_row:74,73,"[""runtime_s_p95""]","{""runtime_s_p95"": ""1.1192522032433772""}",1.119秒,match
deliverables/leadership_report/中心航迹与拦截无人机目标配准试验报告_CN.md,5,3.1 有卫星、正常姿态和理想检测,117,10,达到80%的批数,0/10,research_modules/independent_experiments/center_terminal_cv_campaign/outputs/center_handover_sensor_error_20260820/aggregate_metrics.csv,data_row:74,73,"[""seeds_precision_and_recall_gte_0_80"", ""seed_count""]","{""seeds_precision_and_recall_gte_0_80"": ""0"", ""seed_count"": ""10""}",0/10,match
deliverables/leadership_report/中心航迹与拦截无人机目标配准试验报告_CN.md,5,3.1 有卫星、正常姿态和理想检测,117,11,关联准确度,99.7%,research_modules/independent_experiments/center_terminal_cv_campaign/outputs/center_handover_sensor_error_20260820/aggregate_metrics.csv,data_row:89,88,"[""binding_precision_mean""]","{""binding_precision_mean"": ""0.9966666666666667""}",99.7%,match
deliverables/leadership_report/中心航迹与拦截无人机目标配准试验报告_CN.md,5,3.1 有卫星、正常姿态和理想检测,117,11,关联覆盖度,99.2%,research_modules/independent_experiments/center_terminal_cv_campaign/outputs/center_handover_sensor_error_20260820/aggregate_metrics.csv,data_row:89,88,"[""binding_recall_mean""]","{""binding_recall_mean"": ""0.9916666666666668""}",99.2%,match
deliverables/leadership_report/中心航迹与拦截无人机目标配准试验报告_CN.md,5,3.1 有卫星、正常姿态和理想检测,117,11,处理耗时P95,6.679秒,research_modules/independent_experiments/center_terminal_cv_campaign/outputs/center_handover_sensor_error_20260820/aggregate_metrics.csv,data_row:89,88,"[""runtime_s_p95""]","{""runtime_s_p95"": ""6.678802088601515""}",6.679秒,match
deliverables/leadership_report/中心航迹与拦截无人机目标配准试验报告_CN.md,5,3.1 有卫星、正常姿态和理想检测,117,11,达到80%的批数,10/10,research_modules/independent_experiments/center_terminal_cv_campaign/outputs/center_handover_sensor_error_20260820/aggregate_metrics.csv,data_row:89,88,"[""seeds_precision_and_recall_gte_0_80"", ""seed_count""]","{""seeds_precision_and_recall_gte_0_80"": ""10"", ""seed_count"": ""10""}",10/10,match
deliverables/leadership_report/中心航迹与拦截无人机目标配准试验报告_CN.md,5,3.1 有卫星、正常姿态和理想检测,117,12,关联准确度,96.3%,research_modules/independent_experiments/center_terminal_cv_campaign/outputs/center_handover_sensor_error_20260820/aggregate_metrics.csv,data_row:90,89,"[""binding_precision_mean""]","{""binding_precision_mean"": ""0.9633333333333333""}",96.3%,match
deliverables/leadership_report/中心航迹与拦截无人机目标配准试验报告_CN.md,5,3.1 有卫星、正常姿态和理想检测,117,12,关联覆盖度,7.0%,research_modules/independent_experiments/center_terminal_cv_campaign/outputs/center_handover_sensor_error_20260820/aggregate_metrics.csv,data_row:90,89,"[""binding_recall_mean""]","{""binding_recall_mean"": ""0.07""}",7.0%,match
deliverables/leadership_report/中心航迹与拦截无人机目标配准试验报告_CN.md,5,3.1 有卫星、正常姿态和理想检测,117,12,处理耗时P95,1.146秒,research_modules/independent_experiments/center_terminal_cv_campaign/outputs/center_handover_sensor_error_20260820/aggregate_metrics.csv,data_row:90,89,"[""runtime_s_p95""]","{""runtime_s_p95"": ""1.1463054863481374""}",1.146秒,match
deliverables/leadership_report/中心航迹与拦截无人机目标配准试验报告_CN.md,5,3.1 有卫星、正常姿态和理想检测,117,12,达到80%的批数,0/10,research_modules/independent_experiments/center_terminal_cv_campaign/outputs/center_handover_sensor_error_20260820/aggregate_metrics.csv,data_row:90,89,"[""seeds_precision_and_recall_gte_0_80"", ""seed_count""]","{""seeds_precision_and_recall_gte_0_80"": ""0"", ""seed_count"": ""10""}",0/10,match
deliverables/leadership_report/中心航迹与拦截无人机目标配准试验报告_CN.md,6,3.2 有卫星、正常姿态和轻干扰,140,1,关联准确度,100.0%,research_modules/independent_experiments/center_terminal_cv_campaign/outputs/center_handover_sensor_error_20260820/aggregate_metrics.csv,data_row:11,10,"[""binding_precision_mean""]","{""binding_precision_mean"": ""1.0""}",100.0%,match
deliverables/leadership_report/中心航迹与拦截无人机目标配准试验报告_CN.md,6,3.2 有卫星、正常姿态和轻干扰,140,1,关联覆盖度,97.0%,research_modules/independent_experiments/center_terminal_cv_campaign/outputs/center_handover_sensor_error_20260820/aggregate_metrics.csv,data_row:11,10,"[""binding_recall_mean""]","{""binding_recall_mean"": ""0.97""}",97.0%,match
deliverables/leadership_report/中心航迹与拦截无人机目标配准试验报告_CN.md,6,3.2 有卫星、正常姿态和轻干扰,140,1,处理耗时P95,0.758秒,research_modules/independent_experiments/center_terminal_cv_campaign/outputs/center_handover_sensor_error_20260820/aggregate_metrics.csv,data_row:11,10,"[""runtime_s_p95""]","{""runtime_s_p95"": ""0.7576563971488213""}",0.758秒,match
deliverables/leadership_report/中心航迹与拦截无人机目标配准试验报告_CN.md,6,3.2 有卫星、正常姿态和轻干扰,140,1,达到80%的批数,10/10,research_modules/independent_experiments/center_terminal_cv_campaign/outputs/center_handover_sensor_error_20260820/aggregate_metrics.csv,data_row:11,10,"[""seeds_precision_and_recall_gte_0_80"", ""seed_count""]","{""seeds_precision_and_recall_gte_0_80"": ""10"", ""seed_count"": ""10""}",10/10,match
deliverables/leadership_report/中心航迹与拦截无人机目标配准试验报告_CN.md,6,3.2 有卫星、正常姿态和轻干扰,140,2,关联准确度,80.0%,research_modules/independent_experiments/center_terminal_cv_campaign/outputs/center_handover_sensor_error_20260820/aggregate_metrics.csv,data_row:12,11,"[""binding_precision_mean""]","{""binding_precision_mean"": ""0.8""}",80.0%,match
deliverables/leadership_report/中心航迹与拦截无人机目标配准试验报告_CN.md,6,3.2 有卫星、正常姿态和轻干扰,140,2,关联覆盖度,8.0%,research_modules/independent_experiments/center_terminal_cv_campaign/outputs/center_handover_sensor_error_20260820/aggregate_metrics.csv,data_row:12,11,"[""binding_recall_mean""]","{""binding_recall_mean"": ""0.08""}",8.0%,match
deliverables/leadership_report/中心航迹与拦截无人机目标配准试验报告_CN.md,6,3.2 有卫星、正常姿态和轻干扰,140,2,处理耗时P95,0.167秒,research_modules/independent_experiments/center_terminal_cv_campaign/outputs/center_handover_sensor_error_20260820/aggregate_metrics.csv,data_row:12,11,"[""runtime_s_p95""]","{""runtime_s_p95"": ""0.16743951785174432""}",0.167秒,match
deliverables/leadership_report/中心航迹与拦截无人机目标配准试验报告_CN.md,6,3.2 有卫星、正常姿态和轻干扰,140,2,达到80%的批数,0/10,research_modules/independent_experiments/center_terminal_cv_campaign/outputs/center_handover_sensor_error_20260820/aggregate_metrics.csv,data_row:12,11,"[""seeds_precision_and_recall_gte_0_80"", ""seed_count""]","{""seeds_precision_and_recall_gte_0_80"": ""0"", ""seed_count"": ""10""}",0/10,match
deliverables/leadership_report/中心航迹与拦截无人机目标配准试验报告_CN.md,6,3.2 有卫星、正常姿态和轻干扰,140,3,关联准确度,100.0%,research_modules/independent_experiments/center_terminal_cv_campaign/outputs/center_handover_sensor_error_20260820/aggregate_metrics.csv,data_row:27,26,"[""binding_precision_mean""]","{""binding_precision_mean"": ""1.0""}",100.0%,match
deliverables/leadership_report/中心航迹与拦截无人机目标配准试验报告_CN.md,6,3.2 有卫星、正常姿态和轻干扰,140,3,关联覆盖度,97.5%,research_modules/independent_experiments/center_terminal_cv_campaign/outputs/center_handover_sensor_error_20260820/aggregate_metrics.csv,data_row:27,26,"[""binding_recall_mean""]","{""binding_recall_mean"": ""0.975""}",97.5%,match
deliverables/leadership_report/中心航迹与拦截无人机目标配准试验报告_CN.md,6,3.2 有卫星、正常姿态和轻干扰,140,3,处理耗时P95,0.772秒,research_modules/independent_experiments/center_terminal_cv_campaign/outputs/center_handover_sensor_error_20260820/aggregate_metrics.csv,data_row:27,26,"[""runtime_s_p95""]","{""runtime_s_p95"": ""0.7719738382460491""}",0.772秒,match
deliverables/leadership_report/中心航迹与拦截无人机目标配准试验报告_CN.md,6,3.2 有卫星、正常姿态和轻干扰,140,3,达到80%的批数,10/10,research_modules/independent_experiments/center_terminal_cv_campaign/outputs/center_handover_sensor_error_20260820/aggregate_metrics.csv,data_row:27,26,"[""seeds_precision_and_recall_gte_0_80"", ""seed_count""]","{""seeds_precision_and_recall_gte_0_80"": ""10"", ""seed_count"": ""10""}",10/10,match
deliverables/leadership_report/中心航迹与拦截无人机目标配准试验报告_CN.md,6,3.2 有卫星、正常姿态和轻干扰,140,4,关联准确度,90.0%,research_modules/independent_experiments/center_terminal_cv_campaign/outputs/center_handover_sensor_error_20260820/aggregate_metrics.csv,data_row:28,27,"[""binding_precision_mean""]","{""binding_precision_mean"": ""0.9""}",90.0%,match
deliverables/leadership_report/中心航迹与拦截无人机目标配准试验报告_CN.md,6,3.2 有卫星、正常姿态和轻干扰,140,4,关联覆盖度,8.5%,research_modules/independent_experiments/center_terminal_cv_campaign/outputs/center_handover_sensor_error_20260820/aggregate_metrics.csv,data_row:28,27,"[""binding_recall_mean""]","{""binding_recall_mean"": ""0.085""}",8.5%,match
deliverables/leadership_report/中心航迹与拦截无人机目标配准试验报告_CN.md,6,3.2 有卫星、正常姿态和轻干扰,140,4,处理耗时P95,0.165秒,research_modules/independent_experiments/center_terminal_cv_campaign/outputs/center_handover_sensor_error_20260820/aggregate_metrics.csv,data_row:28,27,"[""runtime_s_p95""]","{""runtime_s_p95"": ""0.1652822138486954""}",0.165秒,match
deliverables/leadership_report/中心航迹与拦截无人机目标配准试验报告_CN.md,6,3.2 有卫星、正常姿态和轻干扰,140,4,达到80%的批数,0/10,research_modules/independent_experiments/center_terminal_cv_campaign/outputs/center_handover_sensor_error_20260820/aggregate_metrics.csv,data_row:28,27,"[""seeds_precision_and_recall_gte_0_80"", ""seed_count""]","{""seeds_precision_and_recall_gte_0_80"": ""0"", ""seed_count"": ""10""}",0/10,match
deliverables/leadership_report/中心航迹与拦截无人机目标配准试验报告_CN.md,6,3.2 有卫星、正常姿态和轻干扰,140,5,关联准确度,95.0%,research_modules/independent_experiments/center_terminal_cv_campaign/outputs/center_handover_sensor_error_20260820/aggregate_metrics.csv,data_row:43,42,"[""binding_precision_mean""]","{""binding_precision_mean"": ""0.9503981106612687""}",95.0%,match
deliverables/leadership_report/中心航迹与拦截无人机目标配准试验报告_CN.md,6,3.2 有卫星、正常姿态和轻干扰,140,5,关联覆盖度,91.5%,research_modules/independent_experiments/center_terminal_cv_campaign/outputs/center_handover_sensor_error_20260820/aggregate_metrics.csv,data_row:43,42,"[""binding_recall_mean""]","{""binding_recall_mean"": ""0.9149999999999998""}",91.5%,match
deliverables/leadership_report/中心航迹与拦截无人机目标配准试验报告_CN.md,6,3.2 有卫星、正常姿态和轻干扰,140,5,处理耗时P95,2.959秒,research_modules/independent_experiments/center_terminal_cv_campaign/outputs/center_handover_sensor_error_20260820/aggregate_metrics.csv,data_row:43,42,"[""runtime_s_p95""]","{""runtime_s_p95"": ""2.9593873165518745""}",2.959秒,match
deliverables/leadership_report/中心航迹与拦截无人机目标配准试验报告_CN.md,6,3.2 有卫星、正常姿态和轻干扰,140,5,达到80%的批数,10/10,research_modules/independent_experiments/center_terminal_cv_campaign/outputs/center_handover_sensor_error_20260820/aggregate_metrics.csv,data_row:43,42,"[""seeds_precision_and_recall_gte_0_80"", ""seed_count""]","{""seeds_precision_and_recall_gte_0_80"": ""10"", ""seed_count"": ""10""}",10/10,match
deliverables/leadership_report/中心航迹与拦截无人机目标配准试验报告_CN.md,6,3.2 有卫星、正常姿态和轻干扰,140,6,关联准确度,90.0%,research_modules/independent_experiments/center_terminal_cv_campaign/outputs/center_handover_sensor_error_20260820/aggregate_metrics.csv,data_row:44,43,"[""binding_precision_mean""]","{""binding_precision_mean"": ""0.9""}",90.0%,match
deliverables/leadership_report/中心航迹与拦截无人机目标配准试验报告_CN.md,6,3.2 有卫星、正常姿态和轻干扰,140,6,关联覆盖度,5.5%,research_modules/independent_experiments/center_terminal_cv_campaign/outputs/center_handover_sensor_error_20260820/aggregate_metrics.csv,data_row:44,43,"[""binding_recall_mean""]","{""binding_recall_mean"": ""0.05500000000000001""}",5.5%,match
deliverables/leadership_report/中心航迹与拦截无人机目标配准试验报告_CN.md,6,3.2 有卫星、正常姿态和轻干扰,140,6,处理耗时P95,0.577秒,research_modules/independent_experiments/center_terminal_cv_campaign/outputs/center_handover_sensor_error_20260820/aggregate_metrics.csv,data_row:44,43,"[""runtime_s_p95""]","{""runtime_s_p95"": ""0.5774796264078759""}",0.577秒,match
deliverables/leadership_report/中心航迹与拦截无人机目标配准试验报告_CN.md,6,3.2 有卫星、正常姿态和轻干扰,140,6,达到80%的批数,0/10,research_modules/independent_experiments/center_terminal_cv_campaign/outputs/center_handover_sensor_error_20260820/aggregate_metrics.csv,data_row:44,43,"[""seeds_precision_and_recall_gte_0_80"", ""seed_count""]","{""seeds_precision_and_recall_gte_0_80"": ""0"", ""seed_count"": ""10""}",0/10,match
deliverables/leadership_report/中心航迹与拦截无人机目标配准试验报告_CN.md,6,3.2 有卫星、正常姿态和轻干扰,140,7,关联准确度,98.9%,research_modules/independent_experiments/center_terminal_cv_campaign/outputs/center_handover_sensor_error_20260820/aggregate_metrics.csv,data_row:59,58,"[""binding_precision_mean""]","{""binding_precision_mean"": ""0.9894736842105264""}",98.9%,match
deliverables/leadership_report/中心航迹与拦截无人机目标配准试验报告_CN.md,6,3.2 有卫星、正常姿态和轻干扰,140,7,关联覆盖度,95.2%,research_modules/independent_experiments/center_terminal_cv_campaign/outputs/center_handover_sensor_error_20260820/aggregate_metrics.csv,data_row:59,58,"[""binding_recall_mean""]","{""binding_recall_mean"": ""0.9525""}",95.2%,match
deliverables/leadership_report/中心航迹与拦截无人机目标配准试验报告_CN.md,6,3.2 有卫星、正常姿态和轻干扰,140,7,处理耗时P95,2.968秒,research_modules/independent_experiments/center_terminal_cv_campaign/outputs/center_handover_sensor_error_20260820/aggregate_metrics.csv,data_row:59,58,"[""runtime_s_p95""]","{""runtime_s_p95"": ""2.967748890511575""}",2.968秒,match
deliverables/leadership_report/中心航迹与拦截无人机目标配准试验报告_CN.md,6,3.2 有卫星、正常姿态和轻干扰,140,7,达到80%的批数,10/10,research_modules/independent_experiments/center_terminal_cv_campaign/outputs/center_handover_sensor_error_20260820/aggregate_metrics.csv,data_row:59,58,"[""seeds_precision_and_recall_gte_0_80"", ""seed_count""]","{""seeds_precision_and_recall_gte_0_80"": ""10"", ""seed_count"": ""10""}",10/10,match
deliverables/leadership_report/中心航迹与拦截无人机目标配准试验报告_CN.md,6,3.2 有卫星、正常姿态和轻干扰,140,8,关联准确度,90.0%,research_modules/independent_experiments/center_terminal_cv_campaign/outputs/center_handover_sensor_error_20260820/aggregate_metrics.csv,data_row:60,59,"[""binding_precision_mean""]","{""binding_precision_mean"": ""0.9""}",90.0%,match
deliverables/leadership_report/中心航迹与拦截无人机目标配准试验报告_CN.md,6,3.2 有卫星、正常姿态和轻干扰,140,8,关联覆盖度,6.0%,research_modules/independent_experiments/center_terminal_cv_campaign/outputs/center_handover_sensor_error_20260820/aggregate_metrics.csv,data_row:60,59,"[""binding_recall_mean""]","{""binding_recall_mean"": ""0.06""}",6.0%,match
deliverables/leadership_report/中心航迹与拦截无人机目标配准试验报告_CN.md,6,3.2 有卫星、正常姿态和轻干扰,140,8,处理耗时P95,0.620秒,research_modules/independent_experiments/center_terminal_cv_campaign/outputs/center_handover_sensor_error_20260820/aggregate_metrics.csv,data_row:60,59,"[""runtime_s_p95""]","{""runtime_s_p95"": ""0.6196534607057401""}",0.620秒,match
deliverables/leadership_report/中心航迹与拦截无人机目标配准试验报告_CN.md,6,3.2 有卫星、正常姿态和轻干扰,140,8,达到80%的批数,0/10,research_modules/independent_experiments/center_terminal_cv_campaign/outputs/center_handover_sensor_error_20260820/aggregate_metrics.csv,data_row:60,59,"[""seeds_precision_and_recall_gte_0_80"", ""seed_count""]","{""seeds_precision_and_recall_gte_0_80"": ""0"", ""seed_count"": ""10""}",0/10,match
deliverables/leadership_report/中心航迹与拦截无人机目标配准试验报告_CN.md,6,3.2 有卫星、正常姿态和轻干扰,140,9,关联准确度,96.5%,research_modules/independent_experiments/center_terminal_cv_campaign/outputs/center_handover_sensor_error_20260820/aggregate_metrics.csv,data_row:75,74,"[""binding_precision_mean""]","{""binding_precision_mean"": ""0.9650538452288737""}",96.5%,match
deliverables/leadership_report/中心航迹与拦截无人机目标配准试验报告_CN.md,6,3.2 有卫星、正常姿态和轻干扰,140,9,关联覆盖度,92.5%,research_modules/independent_experiments/center_terminal_cv_campaign/outputs/center_handover_sensor_error_20260820/aggregate_metrics.csv,data_row:75,74,"[""binding_recall_mean""]","{""binding_recall_mean"": ""0.925""}",92.5%,match
deliverables/leadership_report/中心航迹与拦截无人机目标配准试验报告_CN.md,6,3.2 有卫星、正常姿态和轻干扰,140,9,处理耗时P95,6.541秒,research_modules/independent_experiments/center_terminal_cv_campaign/outputs/center_handover_sensor_error_20260820/aggregate_metrics.csv,data_row:75,74,"[""runtime_s_p95""]","{""runtime_s_p95"": ""6.541058295803668""}",6.541秒,match
deliverables/leadership_report/中心航迹与拦截无人机目标配准试验报告_CN.md,6,3.2 有卫星、正常姿态和轻干扰,140,9,达到80%的批数,10/10,research_modules/independent_experiments/center_terminal_cv_campaign/outputs/center_handover_sensor_error_20260820/aggregate_metrics.csv,data_row:75,74,"[""seeds_precision_and_recall_gte_0_80"", ""seed_count""]","{""seeds_precision_and_recall_gte_0_80"": ""10"", ""seed_count"": ""10""}",10/10,match
deliverables/leadership_report/中心航迹与拦截无人机目标配准试验报告_CN.md,6,3.2 有卫星、正常姿态和轻干扰,140,10,关联准确度,96.0%,research_modules/independent_experiments/center_terminal_cv_campaign/outputs/center_handover_sensor_error_20260820/aggregate_metrics.csv,data_row:76,75,"[""binding_precision_mean""]","{""binding_precision_mean"": ""0.96""}",96.0%,match
deliverables/leadership_report/中心航迹与拦截无人机目标配准试验报告_CN.md,6,3.2 有卫星、正常姿态和轻干扰,140,10,关联覆盖度,5.8%,research_modules/independent_experiments/center_terminal_cv_campaign/outputs/center_handover_sensor_error_20260820/aggregate_metrics.csv,data_row:76,75,"[""binding_recall_mean""]","{""binding_recall_mean"": ""0.058333333333333334""}",5.8%,match
deliverables/leadership_report/中心航迹与拦截无人机目标配准试验报告_CN.md,6,3.2 有卫星、正常姿态和轻干扰,140,10,处理耗时P95,1.288秒,research_modules/independent_experiments/center_terminal_cv_campaign/outputs/center_handover_sensor_error_20260820/aggregate_metrics.csv,data_row:76,75,"[""runtime_s_p95""]","{""runtime_s_p95"": ""1.2876419114953024""}",1.288秒,match
deliverables/leadership_report/中心航迹与拦截无人机目标配准试验报告_CN.md,6,3.2 有卫星、正常姿态和轻干扰,140,10,达到80%的批数,0/10,research_modules/independent_experiments/center_terminal_cv_campaign/outputs/center_handover_sensor_error_20260820/aggregate_metrics.csv,data_row:76,75,"[""seeds_precision_and_recall_gte_0_80"", ""seed_count""]","{""seeds_precision_and_recall_gte_0_80"": ""0"", ""seed_count"": ""10""}",0/10,match
deliverables/leadership_report/中心航迹与拦截无人机目标配准试验报告_CN.md,6,3.2 有卫星、正常姿态和轻干扰,140,11,关联准确度,99.7%,research_modules/independent_experiments/center_terminal_cv_campaign/outputs/center_handover_sensor_error_20260820/aggregate_metrics.csv,data_row:91,90,"[""binding_precision_mean""]","{""binding_precision_mean"": ""0.9966101694915255""}",99.7%,match
deliverables/leadership_report/中心航迹与拦截无人机目标配准试验报告_CN.md,6,3.2 有卫星、正常姿态和轻干扰,140,11,关联覆盖度,96.5%,research_modules/independent_experiments/center_terminal_cv_campaign/outputs/center_handover_sensor_error_20260820/aggregate_metrics.csv,data_row:91,90,"[""binding_recall_mean""]","{""binding_recall_mean"": ""0.9649999999999999""}",96.5%,match
deliverables/leadership_report/中心航迹与拦截无人机目标配准试验报告_CN.md,6,3.2 有卫星、正常姿态和轻干扰,140,11,处理耗时P95,10.179秒,research_modules/independent_experiments/center_terminal_cv_campaign/outputs/center_handover_sensor_error_20260820/aggregate_metrics.csv,data_row:91,90,"[""runtime_s_p95""]","{""runtime_s_p95"": ""10.179103534555178""}",10.179秒,match
deliverables/leadership_report/中心航迹与拦截无人机目标配准试验报告_CN.md,6,3.2 有卫星、正常姿态和轻干扰,140,11,达到80%的批数,10/10,research_modules/independent_experiments/center_terminal_cv_campaign/outputs/center_handover_sensor_error_20260820/aggregate_metrics.csv,data_row:91,90,"[""seeds_precision_and_recall_gte_0_80"", ""seed_count""]","{""seeds_precision_and_recall_gte_0_80"": ""10"", ""seed_count"": ""10""}",10/10,match
deliverables/leadership_report/中心航迹与拦截无人机目标配准试验报告_CN.md,6,3.2 有卫星、正常姿态和轻干扰,140,12,关联准确度,96.0%,research_modules/independent_experiments/center_terminal_cv_campaign/outputs/center_handover_sensor_error_20260820/aggregate_metrics.csv,data_row:92,91,"[""binding_precision_mean""]","{""binding_precision_mean"": ""0.96""}",96.0%,match
deliverables/leadership_report/中心航迹与拦截无人机目标配准试验报告_CN.md,6,3.2 有卫星、正常姿态和轻干扰,140,12,关联覆盖度,6.0%,research_modules/independent_experiments/center_terminal_cv_campaign/outputs/center_handover_sensor_error_20260820/aggregate_metrics.csv,data_row:92,91,"[""binding_recall_mean""]","{""binding_recall_mean"": ""0.06""}",6.0%,match
deliverables/leadership_report/中心航迹与拦截无人机目标配准试验报告_CN.md,6,3.2 有卫星、正常姿态和轻干扰,140,12,处理耗时P95,2.099秒,research_modules/independent_experiments/center_terminal_cv_campaign/outputs/center_handover_sensor_error_20260820/aggregate_metrics.csv,data_row:92,91,"[""runtime_s_p95""]","{""runtime_s_p95"": ""2.0994601959959254""}",2.099秒,match
deliverables/leadership_report/中心航迹与拦截无人机目标配准试验报告_CN.md,6,3.2 有卫星、正常姿态和轻干扰,140,12,达到80%的批数,0/10,research_modules/independent_experiments/center_terminal_cv_campaign/outputs/center_handover_sensor_error_20260820/aggregate_metrics.csv,data_row:92,91,"[""seeds_precision_and_recall_gte_0_80"", ""seed_count""]","{""seeds_precision_and_recall_gte_0_80"": ""0"", ""seed_count"": ""10""}",0/10,match
deliverables/leadership_report/中心航迹与拦截无人机目标配准试验报告_CN.md,7,3.3 无卫星、强降级姿态和轻干扰,165,1,关联准确度,93.6%,research_modules/independent_experiments/center_terminal_cv_campaign/outputs/center_handover_sensor_error_20260820/aggregate_metrics.csv,data_row:7,6,"[""binding_precision_mean""]","{""binding_precision_mean"": ""0.9355452356381149""}",93.6%,match
deliverables/leadership_report/中心航迹与拦截无人机目标配准试验报告_CN.md,7,3.3 无卫星、强降级姿态和轻干扰,165,1,关联覆盖度,86.0%,research_modules/independent_experiments/center_terminal_cv_campaign/outputs/center_handover_sensor_error_20260820/aggregate_metrics.csv,data_row:7,6,"[""binding_recall_mean""]","{""binding_recall_mean"": ""0.8600000000000001""}",86.0%,match
deliverables/leadership_report/中心航迹与拦截无人机目标配准试验报告_CN.md,7,3.3 无卫星、强降级姿态和轻干扰,165,1,处理耗时P95,0.751秒,research_modules/independent_experiments/center_terminal_cv_campaign/outputs/center_handover_sensor_error_20260820/aggregate_metrics.csv,data_row:7,6,"[""runtime_s_p95""]","{""runtime_s_p95"": ""0.7509740737019456""}",0.751秒,match
deliverables/leadership_report/中心航迹与拦截无人机目标配准试验报告_CN.md,7,3.3 无卫星、强降级姿态和轻干扰,165,1,达到80%的批数,9/10,research_modules/independent_experiments/center_terminal_cv_campaign/outputs/center_handover_sensor_error_20260820/aggregate_metrics.csv,data_row:7,6,"[""seeds_precision_and_recall_gte_0_80"", ""seed_count""]","{""seeds_precision_and_recall_gte_0_80"": ""9"", ""seed_count"": ""10""}",9/10,match
deliverables/leadership_report/中心航迹与拦截无人机目标配准试验报告_CN.md,7,3.3 无卫星、强降级姿态和轻干扰,165,2,关联准确度,10.0%,research_modules/independent_experiments/center_terminal_cv_campaign/outputs/center_handover_sensor_error_20260820/aggregate_metrics.csv,data_row:8,7,"[""binding_precision_mean""]","{""binding_precision_mean"": ""0.1""}",10.0%,match
deliverables/leadership_report/中心航迹与拦截无人机目标配准试验报告_CN.md,7,3.3 无卫星、强降级姿态和轻干扰,165,2,关联覆盖度,0.5%,research_modules/independent_experiments/center_terminal_cv_campaign/outputs/center_handover_sensor_error_20260820/aggregate_metrics.csv,data_row:8,7,"[""binding_recall_mean""]","{""binding_recall_mean"": ""0.005""}",0.5%,match
deliverables/leadership_report/中心航迹与拦截无人机目标配准试验报告_CN.md,7,3.3 无卫星、强降级姿态和轻干扰,165,2,处理耗时P95,0.194秒,research_modules/independent_experiments/center_terminal_cv_campaign/outputs/center_handover_sensor_error_20260820/aggregate_metrics.csv,data_row:8,7,"[""runtime_s_p95""]","{""runtime_s_p95"": ""0.19444396394756036""}",0.194秒,match
deliverables/leadership_report/中心航迹与拦截无人机目标配准试验报告_CN.md,7,3.3 无卫星、强降级姿态和轻干扰,165,2,达到80%的批数,0/10,research_modules/independent_experiments/center_terminal_cv_campaign/outputs/center_handover_sensor_error_20260820/aggregate_metrics.csv,data_row:8,7,"[""seeds_precision_and_recall_gte_0_80"", ""seed_count""]","{""seeds_precision_and_recall_gte_0_80"": ""0"", ""seed_count"": ""10""}",0/10,match
deliverables/leadership_report/中心航迹与拦截无人机目标配准试验报告_CN.md,7,3.3 无卫星、强降级姿态和轻干扰,165,3,关联准确度,98.9%,research_modules/independent_experiments/center_terminal_cv_campaign/outputs/center_handover_sensor_error_20260820/aggregate_metrics.csv,data_row:23,22,"[""binding_precision_mean""]","{""binding_precision_mean"": ""0.9894736842105264""}",98.9%,match
deliverables/leadership_report/中心航迹与拦截无人机目标配准试验报告_CN.md,7,3.3 无卫星、强降级姿态和轻干扰,165,3,关联覆盖度,93.5%,research_modules/independent_experiments/center_terminal_cv_campaign/outputs/center_handover_sensor_error_20260820/aggregate_metrics.csv,data_row:23,22,"[""binding_recall_mean""]","{""binding_recall_mean"": ""0.9349999999999999""}",93.5%,match
deliverables/leadership_report/中心航迹与拦截无人机目标配准试验报告_CN.md,7,3.3 无卫星、强降级姿态和轻干扰,165,3,处理耗时P95,0.739秒,research_modules/independent_experiments/center_terminal_cv_campaign/outputs/center_handover_sensor_error_20260820/aggregate_metrics.csv,data_row:23,22,"[""runtime_s_p95""]","{""runtime_s_p95"": ""0.7386078869043559""}",0.739秒,match
deliverables/leadership_report/中心航迹与拦截无人机目标配准试验报告_CN.md,7,3.3 无卫星、强降级姿态和轻干扰,165,3,达到80%的批数,10/10,research_modules/independent_experiments/center_terminal_cv_campaign/outputs/center_handover_sensor_error_20260820/aggregate_metrics.csv,data_row:23,22,"[""seeds_precision_and_recall_gte_0_80"", ""seed_count""]","{""seeds_precision_and_recall_gte_0_80"": ""10"", ""seed_count"": ""10""}",10/10,match
deliverables/leadership_report/中心航迹与拦截无人机目标配准试验报告_CN.md,7,3.3 无卫星、强降级姿态和轻干扰,165,4,关联准确度,10.0%,research_modules/independent_experiments/center_terminal_cv_campaign/outputs/center_handover_sensor_error_20260820/aggregate_metrics.csv,data_row:24,23,"[""binding_precision_mean""]","{""binding_precision_mean"": ""0.1""}",10.0%,match
deliverables/leadership_report/中心航迹与拦截无人机目标配准试验报告_CN.md,7,3.3 无卫星、强降级姿态和轻干扰,165,4,关联覆盖度,0.5%,research_modules/independent_experiments/center_terminal_cv_campaign/outputs/center_handover_sensor_error_20260820/aggregate_metrics.csv,data_row:24,23,"[""binding_recall_mean""]","{""binding_recall_mean"": ""0.005""}",0.5%,match
deliverables/leadership_report/中心航迹与拦截无人机目标配准试验报告_CN.md,7,3.3 无卫星、强降级姿态和轻干扰,165,4,处理耗时P95,0.202秒,research_modules/independent_experiments/center_terminal_cv_campaign/outputs/center_handover_sensor_error_20260820/aggregate_metrics.csv,data_row:24,23,"[""runtime_s_p95""]","{""runtime_s_p95"": ""0.2022837343036371""}",0.202秒,match
deliverables/leadership_report/中心航迹与拦截无人机目标配准试验报告_CN.md,7,3.3 无卫星、强降级姿态和轻干扰,165,4,达到80%的批数,0/10,research_modules/independent_experiments/center_terminal_cv_campaign/outputs/center_handover_sensor_error_20260820/aggregate_metrics.csv,data_row:24,23,"[""seeds_precision_and_recall_gte_0_80"", ""seed_count""]","{""seeds_precision_and_recall_gte_0_80"": ""0"", ""seed_count"": ""10""}",0/10,match
deliverables/leadership_report/中心航迹与拦截无人机目标配准试验报告_CN.md,7,3.3 无卫星、强降级姿态和轻干扰,165,5,关联准确度,81.5%,research_modules/independent_experiments/center_terminal_cv_campaign/outputs/center_handover_sensor_error_20260820/aggregate_metrics.csv,data_row:39,38,"[""binding_precision_mean""]","{""binding_precision_mean"": ""0.8148862171817329""}",81.5%,match
deliverables/leadership_report/中心航迹与拦截无人机目标配准试验报告_CN.md,7,3.3 无卫星、强降级姿态和轻干扰,165,5,关联覆盖度,71.0%,research_modules/independent_experiments/center_terminal_cv_campaign/outputs/center_handover_sensor_error_20260820/aggregate_metrics.csv,data_row:39,38,"[""binding_recall_mean""]","{""binding_recall_mean"": ""0.71""}",71.0%,match
deliverables/leadership_report/中心航迹与拦截无人机目标配准试验报告_CN.md,7,3.3 无卫星、强降级姿态和轻干扰,165,5,处理耗时P95,2.952秒,research_modules/independent_experiments/center_terminal_cv_campaign/outputs/center_handover_sensor_error_20260820/aggregate_metrics.csv,data_row:39,38,"[""runtime_s_p95""]","{""runtime_s_p95"": ""2.9519080878511885""}",2.952秒,match
deliverables/leadership_report/中心航迹与拦截无人机目标配准试验报告_CN.md,7,3.3 无卫星、强降级姿态和轻干扰,165,5,达到80%的批数,1/10,research_modules/independent_experiments/center_terminal_cv_campaign/outputs/center_handover_sensor_error_20260820/aggregate_metrics.csv,data_row:39,38,"[""seeds_precision_and_recall_gte_0_80"", ""seed_count""]","{""seeds_precision_and_recall_gte_0_80"": ""1"", ""seed_count"": ""10""}",1/10,match
deliverables/leadership_report/中心航迹与拦截无人机目标配准试验报告_CN.md,7,3.3 无卫星、强降级姿态和轻干扰,165,6,关联准确度,45.0%,research_modules/independent_experiments/center_terminal_cv_campaign/outputs/center_handover_sensor_error_20260820/aggregate_metrics.csv,data_row:40,39,"[""binding_precision_mean""]","{""binding_precision_mean"": ""0.45""}",45.0%,match
deliverables/leadership_report/中心航迹与拦截无人机目标配准试验报告_CN.md,7,3.3 无卫星、强降级姿态和轻干扰,165,6,关联覆盖度,1.2%,research_modules/independent_experiments/center_terminal_cv_campaign/outputs/center_handover_sensor_error_20260820/aggregate_metrics.csv,data_row:40,39,"[""binding_recall_mean""]","{""binding_recall_mean"": ""0.0125""}",1.2%,match
deliverables/leadership_report/中心航迹与拦截无人机目标配准试验报告_CN.md,7,3.3 无卫星、强降级姿态和轻干扰,165,6,处理耗时P95,0.639秒,research_modules/independent_experiments/center_terminal_cv_campaign/outputs/center_handover_sensor_error_20260820/aggregate_metrics.csv,data_row:40,39,"[""runtime_s_p95""]","{""runtime_s_p95"": ""0.6393811090514646""}",0.639秒,match
deliverables/leadership_report/中心航迹与拦截无人机目标配准试验报告_CN.md,7,3.3 无卫星、强降级姿态和轻干扰,165,6,达到80%的批数,0/10,research_modules/independent_experiments/center_terminal_cv_campaign/outputs/center_handover_sensor_error_20260820/aggregate_metrics.csv,data_row:40,39,"[""seeds_precision_and_recall_gte_0_80"", ""seed_count""]","{""seeds_precision_and_recall_gte_0_80"": ""0"", ""seed_count"": ""10""}",0/10,match
deliverables/leadership_report/中心航迹与拦截无人机目标配准试验报告_CN.md,7,3.3 无卫星、强降级姿态和轻干扰,165,7,关联准确度,98.9%,research_modules/independent_experiments/center_terminal_cv_campaign/outputs/center_handover_sensor_error_20260820/aggregate_metrics.csv,data_row:55,54,"[""binding_precision_mean""]","{""binding_precision_mean"": ""0.988796992481203""}",98.9%,match
deliverables/leadership_report/中心航迹与拦截无人机目标配准试验报告_CN.md,7,3.3 无卫星、强降级姿态和轻干扰,165,7,关联覆盖度,92.0%,research_modules/independent_experiments/center_terminal_cv_campaign/outputs/center_handover_sensor_error_20260820/aggregate_metrics.csv,data_row:55,54,"[""binding_recall_mean""]","{""binding_recall_mean"": ""0.9200000000000002""}",92.0%,match
deliverables/leadership_report/中心航迹与拦截无人机目标配准试验报告_CN.md,7,3.3 无卫星、强降级姿态和轻干扰,165,7,处理耗时P95,2.929秒,research_modules/independent_experiments/center_terminal_cv_campaign/outputs/center_handover_sensor_error_20260820/aggregate_metrics.csv,data_row:55,54,"[""runtime_s_p95""]","{""runtime_s_p95"": ""2.9289436128929083""}",2.929秒,match
deliverables/leadership_report/中心航迹与拦截无人机目标配准试验报告_CN.md,7,3.3 无卫星、强降级姿态和轻干扰,165,7,达到80%的批数,10/10,research_modules/independent_experiments/center_terminal_cv_campaign/outputs/center_handover_sensor_error_20260820/aggregate_metrics.csv,data_row:55,54,"[""seeds_precision_and_recall_gte_0_80"", ""seed_count""]","{""seeds_precision_and_recall_gte_0_80"": ""10"", ""seed_count"": ""10""}",10/10,match
deliverables/leadership_report/中心航迹与拦截无人机目标配准试验报告_CN.md,7,3.3 无卫星、强降级姿态和轻干扰,165,8,关联准确度,45.0%,research_modules/independent_experiments/center_terminal_cv_campaign/outputs/center_handover_sensor_error_20260820/aggregate_metrics.csv,data_row:56,55,"[""binding_precision_mean""]","{""binding_precision_mean"": ""0.45""}",45.0%,match
deliverables/leadership_report/中心航迹与拦截无人机目标配准试验报告_CN.md,7,3.3 无卫星、强降级姿态和轻干扰,165,8,关联覆盖度,1.2%,research_modules/independent_experiments/center_terminal_cv_campaign/outputs/center_handover_sensor_error_20260820/aggregate_metrics.csv,data_row:56,55,"[""binding_recall_mean""]","{""binding_recall_mean"": ""0.0125""}",1.2%,match
deliverables/leadership_report/中心航迹与拦截无人机目标配准试验报告_CN.md,7,3.3 无卫星、强降级姿态和轻干扰,165,8,处理耗时P95,0.634秒,research_modules/independent_experiments/center_terminal_cv_campaign/outputs/center_handover_sensor_error_20260820/aggregate_metrics.csv,data_row:56,55,"[""runtime_s_p95""]","{""runtime_s_p95"": ""0.6340921503542631""}",0.634秒,match
deliverables/leadership_report/中心航迹与拦截无人机目标配准试验报告_CN.md,7,3.3 无卫星、强降级姿态和轻干扰,165,8,达到80%的批数,0/10,research_modules/independent_experiments/center_terminal_cv_campaign/outputs/center_handover_sensor_error_20260820/aggregate_metrics.csv,data_row:56,55,"[""seeds_precision_and_recall_gte_0_80"", ""seed_count""]","{""seeds_precision_and_recall_gte_0_80"": ""0"", ""seed_count"": ""10""}",0/10,match
deliverables/leadership_report/中心航迹与拦截无人机目标配准试验报告_CN.md,7,3.3 无卫星、强降级姿态和轻干扰,165,9,关联准确度,74.3%,research_modules/independent_experiments/center_terminal_cv_campaign/outputs/center_handover_sensor_error_20260820/aggregate_metrics.csv,data_row:71,70,"[""binding_precision_mean""]","{""binding_precision_mean"": ""0.7427044204155091""}",74.3%,match
deliverables/leadership_report/中心航迹与拦截无人机目标配准试验报告_CN.md,7,3.3 无卫星、强降级姿态和轻干扰,165,9,关联覆盖度,61.5%,research_modules/independent_experiments/center_terminal_cv_campaign/outputs/center_handover_sensor_error_20260820/aggregate_metrics.csv,data_row:71,70,"[""binding_recall_mean""]","{""binding_recall_mean"": ""0.615""}",61.5%,match
deliverables/leadership_report/中心航迹与拦截无人机目标配准试验报告_CN.md,7,3.3 无卫星、强降级姿态和轻干扰,165,9,处理耗时P95,7.065秒,research_modules/independent_experiments/center_terminal_cv_campaign/outputs/center_handover_sensor_error_20260820/aggregate_metrics.csv,data_row:71,70,"[""runtime_s_p95""]","{""runtime_s_p95"": ""7.065024816905497""}",7.065秒,match
deliverables/leadership_report/中心航迹与拦截无人机目标配准试验报告_CN.md,7,3.3 无卫星、强降级姿态和轻干扰,165,9,达到80%的批数,0/10,research_modules/independent_experiments/center_terminal_cv_campaign/outputs/center_handover_sensor_error_20260820/aggregate_metrics.csv,data_row:71,70,"[""seeds_precision_and_recall_gte_0_80"", ""seed_count""]","{""seeds_precision_and_recall_gte_0_80"": ""0"", ""seed_count"": ""10""}",0/10,match
deliverables/leadership_report/中心航迹与拦截无人机目标配准试验报告_CN.md,7,3.3 无卫星、强降级姿态和轻干扰,165,10,关联准确度,23.3%,research_modules/independent_experiments/center_terminal_cv_campaign/outputs/center_handover_sensor_error_20260820/aggregate_metrics.csv,data_row:72,71,"[""binding_precision_mean""]","{""binding_precision_mean"": ""0.23333333333333334""}",23.3%,match
deliverables/leadership_report/中心航迹与拦截无人机目标配准试验报告_CN.md,7,3.3 无卫星、强降级姿态和轻干扰,165,10,关联覆盖度,0.7%,research_modules/independent_experiments/center_terminal_cv_campaign/outputs/center_handover_sensor_error_20260820/aggregate_metrics.csv,data_row:72,71,"[""binding_recall_mean""]","{""binding_recall_mean"": ""0.006666666666666666""}",0.7%,match
deliverables/leadership_report/中心航迹与拦截无人机目标配准试验报告_CN.md,7,3.3 无卫星、强降级姿态和轻干扰,165,10,处理耗时P95,1.397秒,research_modules/independent_experiments/center_terminal_cv_campaign/outputs/center_handover_sensor_error_20260820/aggregate_metrics.csv,data_row:72,71,"[""runtime_s_p95""]","{""runtime_s_p95"": ""1.3969946016535686""}",1.397秒,match
deliverables/leadership_report/中心航迹与拦截无人机目标配准试验报告_CN.md,7,3.3 无卫星、强降级姿态和轻干扰,165,10,达到80%的批数,0/10,research_modules/independent_experiments/center_terminal_cv_campaign/outputs/center_handover_sensor_error_20260820/aggregate_metrics.csv,data_row:72,71,"[""seeds_precision_and_recall_gte_0_80"", ""seed_count""]","{""seeds_precision_and_recall_gte_0_80"": ""0"", ""seed_count"": ""10""}",0/10,match
deliverables/leadership_report/中心航迹与拦截无人机目标配准试验报告_CN.md,7,3.3 无卫星、强降级姿态和轻干扰,165,11,关联准确度,95.0%,research_modules/independent_experiments/center_terminal_cv_campaign/outputs/center_handover_sensor_error_20260820/aggregate_metrics.csv,data_row:87,86,"[""binding_precision_mean""]","{""binding_precision_mean"": ""0.9496863859227315""}",95.0%,match
deliverables/leadership_report/中心航迹与拦截无人机目标配准试验报告_CN.md,7,3.3 无卫星、强降级姿态和轻干扰,165,11,关联覆盖度,85.5%,research_modules/independent_experiments/center_terminal_cv_campaign/outputs/center_handover_sensor_error_20260820/aggregate_metrics.csv,data_row:87,86,"[""binding_recall_mean""]","{""binding_recall_mean"": ""0.8550000000000001""}",85.5%,match
deliverables/leadership_report/中心航迹与拦截无人机目标配准试验报告_CN.md,7,3.3 无卫星、强降级姿态和轻干扰,165,11,处理耗时P95,6.507秒,research_modules/independent_experiments/center_terminal_cv_campaign/outputs/center_handover_sensor_error_20260820/aggregate_metrics.csv,data_row:87,86,"[""runtime_s_p95""]","{""runtime_s_p95"": ""6.506606447349623""}",6.507秒,match
deliverables/leadership_report/中心航迹与拦截无人机目标配准试验报告_CN.md,7,3.3 无卫星、强降级姿态和轻干扰,165,11,达到80%的批数,8/10,research_modules/independent_experiments/center_terminal_cv_campaign/outputs/center_handover_sensor_error_20260820/aggregate_metrics.csv,data_row:87,86,"[""seeds_precision_and_recall_gte_0_80"", ""seed_count""]","{""seeds_precision_and_recall_gte_0_80"": ""8"", ""seed_count"": ""10""}",8/10,match
deliverables/leadership_report/中心航迹与拦截无人机目标配准试验报告_CN.md,7,3.3 无卫星、强降级姿态和轻干扰,165,12,关联准确度,23.3%,research_modules/independent_experiments/center_terminal_cv_campaign/outputs/center_handover_sensor_error_20260820/aggregate_metrics.csv,data_row:88,87,"[""binding_precision_mean""]","{""binding_precision_mean"": ""0.23333333333333334""}",23.3%,match
deliverables/leadership_report/中心航迹与拦截无人机目标配准试验报告_CN.md,7,3.3 无卫星、强降级姿态和轻干扰,165,12,关联覆盖度,0.7%,research_modules/independent_experiments/center_terminal_cv_campaign/outputs/center_handover_sensor_error_20260820/aggregate_metrics.csv,data_row:88,87,"[""binding_recall_mean""]","{""binding_recall_mean"": ""0.006666666666666666""}",0.7%,match
deliverables/leadership_report/中心航迹与拦截无人机目标配准试验报告_CN.md,7,3.3 无卫星、强降级姿态和轻干扰,165,12,处理耗时P95,1.267秒,research_modules/independent_experiments/center_terminal_cv_campaign/outputs/center_handover_sensor_error_20260820/aggregate_metrics.csv,data_row:88,87,"[""runtime_s_p95""]","{""runtime_s_p95"": ""1.2668764945017756""}",1.267秒,match
deliverables/leadership_report/中心航迹与拦截无人机目标配准试验报告_CN.md,7,3.3 无卫星、强降级姿态和轻干扰,165,12,达到80%的批数,0/10,research_modules/independent_experiments/center_terminal_cv_campaign/outputs/center_handover_sensor_error_20260820/aggregate_metrics.csv,data_row:88,87,"[""seeds_precision_and_recall_gte_0_80"", ""seed_count""]","{""seeds_precision_and_recall_gte_0_80"": ""0"", ""seed_count"": ""10""}",0/10,match
deliverables/leadership_report/中心航迹与拦截无人机目标配准试验报告_CN.md,8,3.5 AirSim接口代表试验,198,1,关联准确度,94.1%,research_modules/independent_experiments/center_terminal_cv_campaign/outputs/center_handover_sensor_error_airsim_20260820_n20_retry01/summary_metrics.csv,data_row:1,0,"[""binding_precision""]","{""binding_precision"": ""0.9411764705882353""}",94.1%,match
deliverables/leadership_report/中心航迹与拦截无人机目标配准试验报告_CN.md,8,3.5 AirSim接口代表试验,198,1,关联覆盖度,80.0%,research_modules/independent_experiments/center_terminal_cv_campaign/outputs/center_handover_sensor_error_airsim_20260820_n20_retry01/summary_metrics.csv,data_row:1,0,"[""binding_recall""]","{""binding_recall"": ""0.8""}",80.0%,match
deliverables/leadership_report/中心航迹与拦截无人机目标配准试验报告_CN.md,8,3.5 AirSim接口代表试验,198,1,正确/错误关系,16/1,research_modules/independent_experiments/center_terminal_cv_campaign/outputs/center_handover_sensor_error_airsim_20260820_n20_retry01/summary_metrics.csv,data_row:1,0,"[""true_binding_count"", ""false_binding_count""]","{""true_binding_count"": ""16"", ""false_binding_count"": ""1""}",16/1,match
deliverables/leadership_report/中心航迹与拦截无人机目标配准试验报告_CN.md,8,3.5 AirSim接口代表试验,198,1,运行时长,1.800秒,research_modules/independent_experiments/center_terminal_cv_campaign/outputs/center_handover_sensor_error_airsim_20260820_n20_retry01/summary_metrics.csv,data_row:1,0,"[""runtime_s""]","{""runtime_s"": ""1.8004527779994532""}",1.800秒,match
deliverables/leadership_report/中心航迹与拦截无人机目标配准试验报告_CN.md,8,3.5 AirSim接口代表试验,198,2,关联准确度,100.0%,research_modules/independent_experiments/center_terminal_cv_campaign/outputs/center_handover_sensor_error_airsim_20260820_n20_retry01/summary_metrics.csv,data_row:2,1,"[""binding_precision""]","{""binding_precision"": ""1.0""}",100.0%,match
deliverables/leadership_report/中心航迹与拦截无人机目标配准试验报告_CN.md,8,3.5 AirSim接口代表试验,198,2,关联覆盖度,5.0%,research_modules/independent_experiments/center_terminal_cv_campaign/outputs/center_handover_sensor_error_airsim_20260820_n20_retry01/summary_metrics.csv,data_row:2,1,"[""binding_recall""]","{""binding_recall"": ""0.05""}",5.0%,match
deliverables/leadership_report/中心航迹与拦截无人机目标配准试验报告_CN.md,8,3.5 AirSim接口代表试验,198,2,正确/错误关系,1/0,research_modules/independent_experiments/center_terminal_cv_campaign/outputs/center_handover_sensor_error_airsim_20260820_n20_retry01/summary_metrics.csv,data_row:2,1,"[""true_binding_count"", ""false_binding_count""]","{""true_binding_count"": ""1"", ""false_binding_count"": ""0""}",1/0,match
deliverables/leadership_report/中心航迹与拦截无人机目标配准试验报告_CN.md,8,3.5 AirSim接口代表试验,198,2,运行时长,2.004秒,research_modules/independent_experiments/center_terminal_cv_campaign/outputs/center_handover_sensor_error_airsim_20260820_n20_retry01/summary_metrics.csv,data_row:2,1,"[""runtime_s""]","{""runtime_s"": ""2.004326189009589""}",2.004秒,match
deliverables/leadership_report/中心航迹与拦截无人机目标配准试验报告_CN.md,8,3.5 AirSim接口代表试验,198,3,关联准确度,64.7%,research_modules/independent_experiments/center_terminal_cv_campaign/outputs/center_handover_sensor_error_airsim_20260820_n20_retry01/summary_metrics.csv,data_row:3,2,"[""binding_precision""]","{""binding_precision"": ""0.6470588235294118""}",64.7%,match
deliverables/leadership_report/中心航迹与拦截无人机目标配准试验报告_CN.md,8,3.5 AirSim接口代表试验,198,3,关联覆盖度,55.0%,research_modules/independent_experiments/center_terminal_cv_campaign/outputs/center_handover_sensor_error_airsim_20260820_n20_retry01/summary_metrics.csv,data_row:3,2,"[""binding_recall""]","{""binding_recall"": ""0.55""}",55.0%,match
deliverables/leadership_report/中心航迹与拦截无人机目标配准试验报告_CN.md,8,3.5 AirSim接口代表试验,198,3,正确/错误关系,11/6,research_modules/independent_experiments/center_terminal_cv_campaign/outputs/center_handover_sensor_error_airsim_20260820_n20_retry01/summary_metrics.csv,data_row:3,2,"[""true_binding_count"", ""false_binding_count""]","{""true_binding_count"": ""11"", ""false_binding_count"": ""6""}",11/6,match
deliverables/leadership_report/中心航迹与拦截无人机目标配准试验报告_CN.md,8,3.5 AirSim接口代表试验,198,3,运行时长,1.808秒,research_modules/independent_experiments/center_terminal_cv_campaign/outputs/center_handover_sensor_error_airsim_20260820_n20_retry01/summary_metrics.csv,data_row:3,2,"[""runtime_s""]","{""runtime_s"": ""1.8079420309950365""}",1.808秒,match
deliverables/leadership_report/中心航迹与拦截无人机目标配准试验报告_CN.md,8,3.5 AirSim接口代表试验,198,4,关联准确度,0.0%,research_modules/independent_experiments/center_terminal_cv_campaign/outputs/center_handover_sensor_error_airsim_20260820_n20_retry01/summary_metrics.csv,data_row:4,3,"[""binding_precision""]","{""binding_precision"": ""0.0""}",0.0%,match
deliverables/leadership_report/中心航迹与拦截无人机目标配准试验报告_CN.md,8,3.5 AirSim接口代表试验,198,4,关联覆盖度,0.0%,research_modules/independent_experiments/center_terminal_cv_campaign/outputs/center_handover_sensor_error_airsim_20260820_n20_retry01/summary_metrics.csv,data_row:4,3,"[""binding_recall""]","{""binding_recall"": ""0.0""}",0.0%,match
deliverables/leadership_report/中心航迹与拦截无人机目标配准试验报告_CN.md,8,3.5 AirSim接口代表试验,198,4,正确/错误关系,0/0,research_modules/independent_experiments/center_terminal_cv_campaign/outputs/center_handover_sensor_error_airsim_20260820_n20_retry01/summary_metrics.csv,data_row:4,3,"[""true_binding_count"", ""false_binding_count""]","{""true_binding_count"": ""0"", ""false_binding_count"": ""0""}",0/0,match
deliverables/leadership_report/中心航迹与拦截无人机目标配准试验报告_CN.md,8,3.5 AirSim接口代表试验,198,4,运行时长,1.955秒,research_modules/independent_experiments/center_terminal_cv_campaign/outputs/center_handover_sensor_error_airsim_20260820_n20_retry01/summary_metrics.csv,data_row:4,3,"[""runtime_s""]","{""runtime_s"": ""1.9554252980015008""}",1.955秒,match
deliverables/leadership_report/中心航迹与拦截无人机目标配准试验报告_CN.md,8,3.5 AirSim接口代表试验,198,5,关联准确度,96.9%,research_modules/independent_experiments/center_terminal_cv_campaign/outputs/center_handover_sensor_error_airsim_20260820_n40/summary_metrics.csv,data_row:1,4,"[""binding_precision""]","{""binding_precision"": ""0.96875""}",96.9%,match
deliverables/leadership_report/中心航迹与拦截无人机目标配准试验报告_CN.md,8,3.5 AirSim接口代表试验,198,5,关联覆盖度,77.5%,research_modules/independent_experiments/center_terminal_cv_campaign/outputs/center_handover_sensor_error_airsim_20260820_n40/summary_metrics.csv,data_row:1,4,"[""binding_recall""]","{""binding_recall"": ""0.775""}",77.5%,match
deliverables/leadership_report/中心航迹与拦截无人机目标配准试验报告_CN.md,8,3.5 AirSim接口代表试验,198,5,正确/错误关系,31/1,research_modules/independent_experiments/center_terminal_cv_campaign/outputs/center_handover_sensor_error_airsim_20260820_n40/summary_metrics.csv,data_row:1,4,"[""true_binding_count"", ""false_binding_count""]","{""true_binding_count"": ""31"", ""false_binding_count"": ""1""}",31/1,match
deliverables/leadership_report/中心航迹与拦截无人机目标配准试验报告_CN.md,8,3.5 AirSim接口代表试验,198,5,运行时长,5.822秒,research_modules/independent_experiments/center_terminal_cv_campaign/outputs/center_handover_sensor_error_airsim_20260820_n40/summary_metrics.csv,data_row:1,4,"[""runtime_s""]","{""runtime_s"": ""5.821907015008037""}",5.822秒,match
deliverables/leadership_report/中心航迹与拦截无人机目标配准试验报告_CN.md,8,3.5 AirSim接口代表试验,198,6,关联准确度,100.0%,research_modules/independent_experiments/center_terminal_cv_campaign/outputs/center_handover_sensor_error_airsim_20260820_n40/summary_metrics.csv,data_row:2,5,"[""binding_precision""]","{""binding_precision"": ""1.0""}",100.0%,match
deliverables/leadership_report/中心航迹与拦截无人机目标配准试验报告_CN.md,8,3.5 AirSim接口代表试验,198,6,关联覆盖度,7.5%,research_modules/independent_experiments/center_terminal_cv_campaign/outputs/center_handover_sensor_error_airsim_20260820_n40/summary_metrics.csv,data_row:2,5,"[""binding_recall""]","{""binding_recall"": ""0.075""}",7.5%,match
deliverables/leadership_report/中心航迹与拦截无人机目标配准试验报告_CN.md,8,3.5 AirSim接口代表试验,198,6,正确/错误关系,3/0,research_modules/independent_experiments/center_terminal_cv_campaign/outputs/center_handover_sensor_error_airsim_20260820_n40/summary_metrics.csv,data_row:2,5,"[""true_binding_count"", ""false_binding_count""]","{""true_binding_count"": ""3"", ""false_binding_count"": ""0""}",3/0,match
deliverables/leadership_report/中心航迹与拦截无人机目标配准试验报告_CN.md,8,3.5 AirSim接口代表试验,198,6,运行时长,6.205秒,research_modules/independent_experiments/center_terminal_cv_campaign/outputs/center_handover_sensor_error_airsim_20260820_n40/summary_metrics.csv,data_row:2,5,"[""runtime_s""]","{""runtime_s"": ""6.205471641005715""}",6.205秒,match
deliverables/leadership_report/中心航迹与拦截无人机目标配准试验报告_CN.md,8,3.5 AirSim接口代表试验,198,7,关联准确度,74.3%,research_modules/independent_experiments/center_terminal_cv_campaign/outputs/center_handover_sensor_error_airsim_20260820_n40/summary_metrics.csv,data_row:3,6,"[""binding_precision""]","{""binding_precision"": ""0.7428571428571429""}",74.3%,match
deliverables/leadership_report/中心航迹与拦截无人机目标配准试验报告_CN.md,8,3.5 AirSim接口代表试验,198,7,关联覆盖度,65.0%,research_modules/independent_experiments/center_terminal_cv_campaign/outputs/center_handover_sensor_error_airsim_20260820_n40/summary_metrics.csv,data_row:3,6,"[""binding_recall""]","{""binding_recall"": ""0.65""}",65.0%,match
deliverables/leadership_report/中心航迹与拦截无人机目标配准试验报告_CN.md,8,3.5 AirSim接口代表试验,198,7,正确/错误关系,26/9,research_modules/independent_experiments/center_terminal_cv_campaign/outputs/center_handover_sensor_error_airsim_20260820_n40/summary_metrics.csv,data_row:3,6,"[""true_binding_count"", ""false_binding_count""]","{""true_binding_count"": ""26"", ""false_binding_count"": ""9""}",26/9,match
deliverables/leadership_report/中心航迹与拦截无人机目标配准试验报告_CN.md,8,3.5 AirSim接口代表试验,198,7,运行时长,5.678秒,research_modules/independent_experiments/center_terminal_cv_campaign/outputs/center_handover_sensor_error_airsim_20260820_n40/summary_metrics.csv,data_row:3,6,"[""runtime_s""]","{""runtime_s"": ""5.6777951560070505""}",5.678秒,match
deliverables/leadership_report/中心航迹与拦截无人机目标配准试验报告_CN.md,8,3.5 AirSim接口代表试验,198,8,关联准确度,0.0%,research_modules/independent_experiments/center_terminal_cv_campaign/outputs/center_handover_sensor_error_airsim_20260820_n40/summary_metrics.csv,data_row:4,7,"[""binding_precision""]","{""binding_precision"": ""0.0""}",0.0%,match
deliverables/leadership_report/中心航迹与拦截无人机目标配准试验报告_CN.md,8,3.5 AirSim接口代表试验,198,8,关联覆盖度,0.0%,research_modules/independent_experiments/center_terminal_cv_campaign/outputs/center_handover_sensor_error_airsim_20260820_n40/summary_metrics.csv,data_row:4,7,"[""binding_recall""]","{""binding_recall"": ""0.0""}",0.0%,match
deliverables/leadership_report/中心航迹与拦截无人机目标配准试验报告_CN.md,8,3.5 AirSim接口代表试验,198,8,正确/错误关系,0/0,research_modules/independent_experiments/center_terminal_cv_campaign/outputs/center_handover_sensor_error_airsim_20260820_n40/summary_metrics.csv,data_row:4,7,"[""true_binding_count"", ""false_binding_count""]","{""true_binding_count"": ""0"", ""false_binding_count"": ""0""}",0/0,match
deliverables/leadership_report/中心航迹与拦截无人机目标配准试验报告_CN.md,8,3.5 AirSim接口代表试验,198,8,运行时长,5.780秒,research_modules/independent_experiments/center_terminal_cv_campaign/outputs/center_handover_sensor_error_airsim_20260820_n40/summary_metrics.csv,data_row:4,7,"[""runtime_s""]","{""runtime_s"": ""5.779792279994581""}",5.780秒,match
deliverables/leadership_report/中心航迹与拦截无人机目标配准试验报告_CN.md,8,3.5 AirSim接口代表试验,198,9,关联准确度,87.0%,research_modules/independent_experiments/center_terminal_cv_campaign/outputs/center_handover_sensor_error_airsim_20260820_n60/summary_metrics.csv,data_row:1,8,"[""binding_precision""]","{""binding_precision"": ""0.8695652173913043""}",87.0%,match
deliverables/leadership_report/中心航迹与拦截无人机目标配准试验报告_CN.md,8,3.5 AirSim接口代表试验,198,9,关联覆盖度,66.7%,research_modules/independent_experiments/center_terminal_cv_campaign/outputs/center_handover_sensor_error_airsim_20260820_n60/summary_metrics.csv,data_row:1,8,"[""binding_recall""]","{""binding_recall"": ""0.6666666666666666""}",66.7%,match
deliverables/leadership_report/中心航迹与拦截无人机目标配准试验报告_CN.md,8,3.5 AirSim接口代表试验,198,9,正确/错误关系,40/6,research_modules/independent_experiments/center_terminal_cv_campaign/outputs/center_handover_sensor_error_airsim_20260820_n60/summary_metrics.csv,data_row:1,8,"[""true_binding_count"", ""false_binding_count""]","{""true_binding_count"": ""40"", ""false_binding_count"": ""6""}",40/6,match
deliverables/leadership_report/中心航迹与拦截无人机目标配准试验报告_CN.md,8,3.5 AirSim接口代表试验,198,9,运行时长,11.272秒,research_modules/independent_experiments/center_terminal_cv_campaign/outputs/center_handover_sensor_error_airsim_20260820_n60/summary_metrics.csv,data_row:1,8,"[""runtime_s""]","{""runtime_s"": ""11.27192728400405""}",11.272秒,match
deliverables/leadership_report/中心航迹与拦截无人机目标配准试验报告_CN.md,8,3.5 AirSim接口代表试验,198,10,关联准确度,100.0%,research_modules/independent_experiments/center_terminal_cv_campaign/outputs/center_handover_sensor_error_airsim_20260820_n60/summary_metrics.csv,data_row:2,9,"[""binding_precision""]","{""binding_precision"": ""1.0""}",100.0%,match
deliverables/leadership_report/中心航迹与拦截无人机目标配准试验报告_CN.md,8,3.5 AirSim接口代表试验,198,10,关联覆盖度,5.0%,research_modules/independent_experiments/center_terminal_cv_campaign/outputs/center_handover_sensor_error_airsim_20260820_n60/summary_metrics.csv,data_row:2,9,"[""binding_recall""]","{""binding_recall"": ""0.05""}",5.0%,match
deliverables/leadership_report/中心航迹与拦截无人机目标配准试验报告_CN.md,8,3.5 AirSim接口代表试验,198,10,正确/错误关系,3/0,research_modules/independent_experiments/center_terminal_cv_campaign/outputs/center_handover_sensor_error_airsim_20260820_n60/summary_metrics.csv,data_row:2,9,"[""true_binding_count"", ""false_binding_count""]","{""true_binding_count"": ""3"", ""false_binding_count"": ""0""}",3/0,match
deliverables/leadership_report/中心航迹与拦截无人机目标配准试验报告_CN.md,8,3.5 AirSim接口代表试验,198,10,运行时长,11.720秒,research_modules/independent_experiments/center_terminal_cv_campaign/outputs/center_handover_sensor_error_airsim_20260820_n60/summary_metrics.csv,data_row:2,9,"[""runtime_s""]","{""runtime_s"": ""11.7199218809983""}",11.720秒,match
deliverables/leadership_report/中心航迹与拦截无人机目标配准试验报告_CN.md,8,3.5 AirSim接口代表试验,198,11,关联准确度,70.8%,research_modules/independent_experiments/center_terminal_cv_campaign/outputs/center_handover_sensor_error_airsim_20260820_n60/summary_metrics.csv,data_row:3,10,"[""binding_precision""]","{""binding_precision"": ""0.7083333333333334""}",70.8%,match
deliverables/leadership_report/中心航迹与拦截无人机目标配准试验报告_CN.md,8,3.5 AirSim接口代表试验,198,11,关联覆盖度,56.7%,research_modules/independent_experiments/center_terminal_cv_campaign/outputs/center_handover_sensor_error_airsim_20260820_n60/summary_metrics.csv,data_row:3,10,"[""binding_recall""]","{""binding_recall"": ""0.5666666666666667""}",56.7%,match
deliverables/leadership_report/中心航迹与拦截无人机目标配准试验报告_CN.md,8,3.5 AirSim接口代表试验,198,11,正确/错误关系,34/14,research_modules/independent_experiments/center_terminal_cv_campaign/outputs/center_handover_sensor_error_airsim_20260820_n60/summary_metrics.csv,data_row:3,10,"[""true_binding_count"", ""false_binding_count""]","{""true_binding_count"": ""34"", ""false_binding_count"": ""14""}",34/14,match
deliverables/leadership_report/中心航迹与拦截无人机目标配准试验报告_CN.md,8,3.5 AirSim接口代表试验,198,11,运行时长,11.395秒,research_modules/independent_experiments/center_terminal_cv_campaign/outputs/center_handover_sensor_error_airsim_20260820_n60/summary_metrics.csv,data_row:3,10,"[""runtime_s""]","{""runtime_s"": ""11.394961321988376""}",11.395秒,match
deliverables/leadership_report/中心航迹与拦截无人机目标配准试验报告_CN.md,8,3.5 AirSim接口代表试验,198,12,关联准确度,0.0%,research_modules/independent_experiments/center_terminal_cv_campaign/outputs/center_handover_sensor_error_airsim_20260820_n60/summary_metrics.csv,data_row:4,11,"[""binding_precision""]","{""binding_precision"": ""0.0""}",0.0%,match
deliverables/leadership_report/中心航迹与拦截无人机目标配准试验报告_CN.md,8,3.5 AirSim接口代表试验,198,12,关联覆盖度,0.0%,research_modules/independent_experiments/center_terminal_cv_campaign/outputs/center_handover_sensor_error_airsim_20260820_n60/summary_metrics.csv,data_row:4,11,"[""binding_recall""]","{""binding_recall"": ""0.0""}",0.0%,match
deliverables/leadership_report/中心航迹与拦截无人机目标配准试验报告_CN.md,8,3.5 AirSim接口代表试验,198,12,正确/错误关系,0/0,research_modules/independent_experiments/center_terminal_cv_campaign/outputs/center_handover_sensor_error_airsim_20260820_n60/summary_metrics.csv,data_row:4,11,"[""true_binding_count"", ""false_binding_count""]","{""true_binding_count"": ""0"", ""false_binding_count"": ""0""}",0/0,match
deliverables/leadership_report/中心航迹与拦截无人机目标配准试验报告_CN.md,8,3.5 AirSim接口代表试验,198,12,运行时长,10.929秒,research_modules/independent_experiments/center_terminal_cv_campaign/outputs/center_handover_sensor_error_airsim_20260820_n60/summary_metrics.csv,data_row:4,11,"[""runtime_s""]","{""runtime_s"": ""10.929322105002939""}",10.929秒,match
deliverables/leadership_report/中心航迹与拦截无人机目标配准试验报告_CN.docx,5,3.1 强干扰组合工况,,1,关联准确度,98.9%,research_modules/independent_experiments/center_terminal_cv_campaign/outputs/center_handover_sensor_error_20260820/aggregate_metrics.csv,data_row:23,22,"[""binding_precision_mean""]","{""binding_precision_mean"": ""0.9894736842105264""}",98.9%,match
deliverables/leadership_report/中心航迹与拦截无人机目标配准试验报告_CN.docx,5,3.1 强干扰组合工况,,1,关联覆盖度,93.5%,research_modules/independent_experiments/center_terminal_cv_campaign/outputs/center_handover_sensor_error_20260820/aggregate_metrics.csv,data_row:23,22,"[""binding_recall_mean""]","{""binding_recall_mean"": ""0.9349999999999999""}",93.5%,match
deliverables/leadership_report/中心航迹与拦截无人机目标配准试验报告_CN.docx,5,3.1 强干扰组合工况,,1,达到80%的批数,10/10,research_modules/independent_experiments/center_terminal_cv_campaign/outputs/center_handover_sensor_error_20260820/aggregate_metrics.csv,data_row:23,22,"[""seeds_precision_and_recall_gte_0_80"", ""seed_count""]","{""seeds_precision_and_recall_gte_0_80"": ""10"", ""seed_count"": ""10""}",10/10,match
deliverables/leadership_report/中心航迹与拦截无人机目标配准试验报告_CN.docx,5,3.1 强干扰组合工况,,2,关联准确度,10.0%,research_modules/independent_experiments/center_terminal_cv_campaign/outputs/center_handover_sensor_error_20260820/aggregate_metrics.csv,data_row:24,23,"[""binding_precision_mean""]","{""binding_precision_mean"": ""0.1""}",10.0%,match
deliverables/leadership_report/中心航迹与拦截无人机目标配准试验报告_CN.docx,5,3.1 强干扰组合工况,,2,关联覆盖度,0.5%,research_modules/independent_experiments/center_terminal_cv_campaign/outputs/center_handover_sensor_error_20260820/aggregate_metrics.csv,data_row:24,23,"[""binding_recall_mean""]","{""binding_recall_mean"": ""0.005""}",0.5%,match
deliverables/leadership_report/中心航迹与拦截无人机目标配准试验报告_CN.docx,5,3.1 强干扰组合工况,,2,达到80%的批数,0/10,research_modules/independent_experiments/center_terminal_cv_campaign/outputs/center_handover_sensor_error_20260820/aggregate_metrics.csv,data_row:24,23,"[""seeds_precision_and_recall_gte_0_80"", ""seed_count""]","{""seeds_precision_and_recall_gte_0_80"": ""0"", ""seed_count"": ""10""}",0/10,match
deliverables/leadership_report/中心航迹与拦截无人机目标配准试验报告_CN.docx,5,3.1 强干扰组合工况,,3,关联准确度,98.9%,research_modules/independent_experiments/center_terminal_cv_campaign/outputs/center_handover_sensor_error_20260820/aggregate_metrics.csv,data_row:55,54,"[""binding_precision_mean""]","{""binding_precision_mean"": ""0.988796992481203""}",98.9%,match
deliverables/leadership_report/中心航迹与拦截无人机目标配准试验报告_CN.docx,5,3.1 强干扰组合工况,,3,关联覆盖度,92.0%,research_modules/independent_experiments/center_terminal_cv_campaign/outputs/center_handover_sensor_error_20260820/aggregate_metrics.csv,data_row:55,54,"[""binding_recall_mean""]","{""binding_recall_mean"": ""0.9200000000000002""}",92.0%,match
deliverables/leadership_report/中心航迹与拦截无人机目标配准试验报告_CN.docx,5,3.1 强干扰组合工况,,3,达到80%的批数,10/10,research_modules/independent_experiments/center_terminal_cv_campaign/outputs/center_handover_sensor_error_20260820/aggregate_metrics.csv,data_row:55,54,"[""seeds_precision_and_recall_gte_0_80"", ""seed_count""]","{""seeds_precision_and_recall_gte_0_80"": ""10"", ""seed_count"": ""10""}",10/10,match
deliverables/leadership_report/中心航迹与拦截无人机目标配准试验报告_CN.docx,5,3.1 强干扰组合工况,,4,关联准确度,45.0%,research_modules/independent_experiments/center_terminal_cv_campaign/outputs/center_handover_sensor_error_20260820/aggregate_metrics.csv,data_row:56,55,"[""binding_precision_mean""]","{""binding_precision_mean"": ""0.45""}",45.0%,match
deliverables/leadership_report/中心航迹与拦截无人机目标配准试验报告_CN.docx,5,3.1 强干扰组合工况,,4,关联覆盖度,1.2%,research_modules/independent_experiments/center_terminal_cv_campaign/outputs/center_handover_sensor_error_20260820/aggregate_metrics.csv,data_row:56,55,"[""binding_recall_mean""]","{""binding_recall_mean"": ""0.0125""}",1.2%,match
deliverables/leadership_report/中心航迹与拦截无人机目标配准试验报告_CN.docx,5,3.1 强干扰组合工况,,4,达到80%的批数,0/10,research_modules/independent_experiments/center_terminal_cv_campaign/outputs/center_handover_sensor_error_20260820/aggregate_metrics.csv,data_row:56,55,"[""seeds_precision_and_recall_gte_0_80"", ""seed_count""]","{""seeds_precision_and_recall_gte_0_80"": ""0"", ""seed_count"": ""10""}",0/10,match
deliverables/leadership_report/中心航迹与拦截无人机目标配准试验报告_CN.docx,5,3.1 强干扰组合工况,,5,关联准确度,95.0%,research_modules/independent_experiments/center_terminal_cv_campaign/outputs/center_handover_sensor_error_20260820/aggregate_metrics.csv,data_row:87,86,"[""binding_precision_mean""]","{""binding_precision_mean"": ""0.9496863859227315""}",95.0%,match
deliverables/leadership_report/中心航迹与拦截无人机目标配准试验报告_CN.docx,5,3.1 强干扰组合工况,,5,关联覆盖度,85.5%,research_modules/independent_experiments/center_terminal_cv_campaign/outputs/center_handover_sensor_error_20260820/aggregate_metrics.csv,data_row:87,86,"[""binding_recall_mean""]","{""binding_recall_mean"": ""0.8550000000000001""}",85.5%,match
deliverables/leadership_report/中心航迹与拦截无人机目标配准试验报告_CN.docx,5,3.1 强干扰组合工况,,5,达到80%的批数,8/10,research_modules/independent_experiments/center_terminal_cv_campaign/outputs/center_handover_sensor_error_20260820/aggregate_metrics.csv,data_row:87,86,"[""seeds_precision_and_recall_gte_0_80"", ""seed_count""]","{""seeds_precision_and_recall_gte_0_80"": ""8"", ""seed_count"": ""10""}",8/10,match
deliverables/leadership_report/中心航迹与拦截无人机目标配准试验报告_CN.docx,5,3.1 强干扰组合工况,,6,关联准确度,23.3%,research_modules/independent_experiments/center_terminal_cv_campaign/outputs/center_handover_sensor_error_20260820/aggregate_metrics.csv,data_row:88,87,"[""binding_precision_mean""]","{""binding_precision_mean"": ""0.23333333333333334""}",23.3%,match
deliverables/leadership_report/中心航迹与拦截无人机目标配准试验报告_CN.docx,5,3.1 强干扰组合工况,,6,关联覆盖度,0.7%,research_modules/independent_experiments/center_terminal_cv_campaign/outputs/center_handover_sensor_error_20260820/aggregate_metrics.csv,data_row:88,87,"[""binding_recall_mean""]","{""binding_recall_mean"": ""0.006666666666666666""}",0.7%,match
deliverables/leadership_report/中心航迹与拦截无人机目标配准试验报告_CN.docx,5,3.1 强干扰组合工况,,6,达到80%的批数,0/10,research_modules/independent_experiments/center_terminal_cv_campaign/outputs/center_handover_sensor_error_20260820/aggregate_metrics.csv,data_row:88,87,"[""seeds_precision_and_recall_gte_0_80"", ""seed_count""]","{""seeds_precision_and_recall_gte_0_80"": ""0"", ""seed_count"": ""10""}",0/10,match
deliverables/leadership_report/协同搜索试验报告_CN.md,4,3.1 20目标与8架无人机,100,1,发现率（平均/最差）,100.0%/100.0%,research_modules/independent_experiments/center_terminal_cv_campaign/outputs/offline_search_100pct_cues_20260819/matrix_summary.json,aggregates.3,3,"[""target_discovery_rate_mean"", ""target_discovery_rate_min""]","{""target_discovery_rate_mean"": 1.0, ""target_discovery_rate_min"": 1.0}",100.0%/100.0%,match
deliverables/leadership_report/协同搜索试验报告_CN.md,4,3.1 20目标与8架无人机,100,1,连续确认率（平均/最差）,100.0%/100.0%,research_modules/independent_experiments/center_terminal_cv_campaign/outputs/offline_search_100pct_cues_20260819/matrix_summary.json,aggregates.3,3,"[""continuous_confirmation_rate_mean"", ""continuous_confirmation_rate_min""]","{""continuous_confirmation_rate_mean"": 1.0, ""continuous_confirmation_rate_min"": 1.0}",100.0%/100.0%,match
deliverables/leadership_report/协同搜索试验报告_CN.md,4,3.1 20目标与8架无人机,100,1,视锥概率覆盖,74.0%,research_modules/independent_experiments/center_terminal_cv_campaign/outputs/offline_search_100pct_cues_20260819/matrix_summary.json,aggregates.3,3,"[""true_frustum_probability_mass_coverage_rate_mean""]","{""true_frustum_probability_mass_coverage_rate_mean"": 0.74}",74.0%,match
deliverables/leadership_report/协同搜索试验报告_CN.md,4,3.1 20目标与8架无人机,100,1,未执行任务均值,0.0,research_modules/independent_experiments/center_terminal_cv_campaign/outputs/offline_search_100pct_cues_20260819/matrix_summary.json,aggregates.3,3,"[""unexecuted_task_count_mean""]","{""unexecuted_task_count_mean"": 0.0}",0.0,match
deliverables/leadership_report/协同搜索试验报告_CN.md,4,3.1 20目标与8架无人机,100,2,发现率（平均/最差）,97.0%/90.0%,research_modules/independent_experiments/center_terminal_cv_campaign/outputs/offline_search_100pct_cues_20260819/matrix_summary.json,aggregates.4,4,"[""target_discovery_rate_mean"", ""target_discovery_rate_min""]","{""target_discovery_rate_mean"": 0.97, ""target_discovery_rate_min"": 0.9}",97.0%/90.0%,match
deliverables/leadership_report/协同搜索试验报告_CN.md,4,3.1 20目标与8架无人机,100,2,连续确认率（平均/最差）,97.0%/90.0%,research_modules/independent_experiments/center_terminal_cv_campaign/outputs/offline_search_100pct_cues_20260819/matrix_summary.json,aggregates.4,4,"[""continuous_confirmation_rate_mean"", ""continuous_confirmation_rate_min""]","{""continuous_confirmation_rate_mean"": 0.97, ""continuous_confirmation_rate_min"": 0.9}",97.0%/90.0%,match
deliverables/leadership_report/协同搜索试验报告_CN.md,4,3.1 20目标与8架无人机,100,2,视锥概率覆盖,46.5%,research_modules/independent_experiments/center_terminal_cv_campaign/outputs/offline_search_100pct_cues_20260819/matrix_summary.json,aggregates.4,4,"[""true_frustum_probability_mass_coverage_rate_mean""]","{""true_frustum_probability_mass_coverage_rate_mean"": 0.46502184202003216}",46.5%,match
deliverables/leadership_report/协同搜索试验报告_CN.md,4,3.1 20目标与8架无人机,100,2,未执行任务均值,0.0,research_modules/independent_experiments/center_terminal_cv_campaign/outputs/offline_search_100pct_cues_20260819/matrix_summary.json,aggregates.4,4,"[""unexecuted_task_count_mean""]","{""unexecuted_task_count_mean"": 0.0}",0.0,match
deliverables/leadership_report/协同搜索试验报告_CN.md,4,3.1 20目标与8架无人机,100,3,发现率（平均/最差）,92.0%/80.0%,research_modules/independent_experiments/center_terminal_cv_campaign/outputs/offline_search_100pct_cues_20260819/matrix_summary.json,aggregates.5,5,"[""target_discovery_rate_mean"", ""target_discovery_rate_min""]","{""target_discovery_rate_mean"": 0.9200000000000002, ""target_discovery_rate_min"": 0.8}",92.0%/80.0%,match
deliverables/leadership_report/协同搜索试验报告_CN.md,4,3.1 20目标与8架无人机,100,3,连续确认率（平均/最差）,91.0%/80.0%,research_modules/independent_experiments/center_terminal_cv_campaign/outputs/offline_search_100pct_cues_20260819/matrix_summary.json,aggregates.5,5,"[""continuous_confirmation_rate_mean"", ""continuous_confirmation_rate_min""]","{""continuous_confirmation_rate_mean"": 0.9099999999999999, ""continuous_confirmation_rate_min"": 0.8}",91.0%/80.0%,match
deliverables/leadership_report/协同搜索试验报告_CN.md,4,3.1 20目标与8架无人机,100,3,视锥概率覆盖,33.8%,research_modules/independent_experiments/center_terminal_cv_campaign/outputs/offline_search_100pct_cues_20260819/matrix_summary.json,aggregates.5,5,"[""true_frustum_probability_mass_coverage_rate_mean""]","{""true_frustum_probability_mass_coverage_rate_mean"": 0.3376028948392788}",33.8%,match
deliverables/leadership_report/协同搜索试验报告_CN.md,4,3.1 20目标与8架无人机,100,3,未执行任务均值,24.6,research_modules/independent_experiments/center_terminal_cv_campaign/outputs/offline_search_100pct_cues_20260819/matrix_summary.json,aggregates.5,5,"[""unexecuted_task_count_mean""]","{""unexecuted_task_count_mean"": 24.6}",24.6,match
deliverables/leadership_report/协同搜索试验报告_CN.md,5,3.2 20目标与30架无人机,112,1,发现率（平均/最差）,100.0%/100.0%,research_modules/independent_experiments/center_terminal_cv_campaign/outputs/offline_search_100pct_cues_20260819/matrix_summary.json,aggregates.0,0,"[""target_discovery_rate_mean"", ""target_discovery_rate_min""]","{""target_discovery_rate_mean"": 1.0, ""target_discovery_rate_min"": 1.0}",100.0%/100.0%,match
deliverables/leadership_report/协同搜索试验报告_CN.md,5,3.2 20目标与30架无人机,112,1,连续确认率（平均/最差）,100.0%/100.0%,research_modules/independent_experiments/center_terminal_cv_campaign/outputs/offline_search_100pct_cues_20260819/matrix_summary.json,aggregates.0,0,"[""continuous_confirmation_rate_mean"", ""continuous_confirmation_rate_min""]","{""continuous_confirmation_rate_mean"": 1.0, ""continuous_confirmation_rate_min"": 1.0}",100.0%/100.0%,match
deliverables/leadership_report/协同搜索试验报告_CN.md,5,3.2 20目标与30架无人机,112,1,视锥概率覆盖,99.5%,research_modules/independent_experiments/center_terminal_cv_campaign/outputs/offline_search_100pct_cues_20260819/matrix_summary.json,aggregates.0,0,"[""true_frustum_probability_mass_coverage_rate_mean""]","{""true_frustum_probability_mass_coverage_rate_mean"": 0.9949999999999999}",99.5%,match
deliverables/leadership_report/协同搜索试验报告_CN.md,5,3.2 20目标与30架无人机,112,1,未执行任务均值,0.0,research_modules/independent_experiments/center_terminal_cv_campaign/outputs/offline_search_100pct_cues_20260819/matrix_summary.json,aggregates.0,0,"[""unexecuted_task_count_mean""]","{""unexecuted_task_count_mean"": 0.0}",0.0,match
deliverables/leadership_report/协同搜索试验报告_CN.md,5,3.2 20目标与30架无人机,112,2,发现率（平均/最差）,100.0%/100.0%,research_modules/independent_experiments/center_terminal_cv_campaign/outputs/offline_search_100pct_cues_20260819/matrix_summary.json,aggregates.1,1,"[""target_discovery_rate_mean"", ""target_discovery_rate_min""]","{""target_discovery_rate_mean"": 1.0, ""target_discovery_rate_min"": 1.0}",100.0%/100.0%,match
deliverables/leadership_report/协同搜索试验报告_CN.md,5,3.2 20目标与30架无人机,112,2,连续确认率（平均/最差）,100.0%/100.0%,research_modules/independent_experiments/center_terminal_cv_campaign/outputs/offline_search_100pct_cues_20260819/matrix_summary.json,aggregates.1,1,"[""continuous_confirmation_rate_mean"", ""continuous_confirmation_rate_min""]","{""continuous_confirmation_rate_mean"": 1.0, ""continuous_confirmation_rate_min"": 1.0}",100.0%/100.0%,match
deliverables/leadership_report/协同搜索试验报告_CN.md,5,3.2 20目标与30架无人机,112,2,视锥概率覆盖,81.7%,research_modules/independent_experiments/center_terminal_cv_campaign/outputs/offline_search_100pct_cues_20260819/matrix_summary.json,aggregates.1,1,"[""true_frustum_probability_mass_coverage_rate_mean""]","{""true_frustum_probability_mass_coverage_rate_mean"": 0.8166736256053}",81.7%,match
deliverables/leadership_report/协同搜索试验报告_CN.md,5,3.2 20目标与30架无人机,112,2,未执行任务均值,0.0,research_modules/independent_experiments/center_terminal_cv_campaign/outputs/offline_search_100pct_cues_20260819/matrix_summary.json,aggregates.1,1,"[""unexecuted_task_count_mean""]","{""unexecuted_task_count_mean"": 0.0}",0.0,match
deliverables/leadership_report/协同搜索试验报告_CN.md,5,3.2 20目标与30架无人机,112,3,发现率（平均/最差）,100.0%/100.0%,research_modules/independent_experiments/center_terminal_cv_campaign/outputs/offline_search_100pct_cues_20260819/matrix_summary.json,aggregates.2,2,"[""target_discovery_rate_mean"", ""target_discovery_rate_min""]","{""target_discovery_rate_mean"": 1.0, ""target_discovery_rate_min"": 1.0}",100.0%/100.0%,match
deliverables/leadership_report/协同搜索试验报告_CN.md,5,3.2 20目标与30架无人机,112,3,连续确认率（平均/最差）,100.0%/100.0%,research_modules/independent_experiments/center_terminal_cv_campaign/outputs/offline_search_100pct_cues_20260819/matrix_summary.json,aggregates.2,2,"[""continuous_confirmation_rate_mean"", ""continuous_confirmation_rate_min""]","{""continuous_confirmation_rate_mean"": 1.0, ""continuous_confirmation_rate_min"": 1.0}",100.0%/100.0%,match
deliverables/leadership_report/协同搜索试验报告_CN.md,5,3.2 20目标与30架无人机,112,3,视锥概率覆盖,61.3%,research_modules/independent_experiments/center_terminal_cv_campaign/outputs/offline_search_100pct_cues_20260819/matrix_summary.json,aggregates.2,2,"[""true_frustum_probability_mass_coverage_rate_mean""]","{""true_frustum_probability_mass_coverage_rate_mean"": 0.613053936906643}",61.3%,match
deliverables/leadership_report/协同搜索试验报告_CN.md,5,3.2 20目标与30架无人机,112,3,未执行任务均值,0.0,research_modules/independent_experiments/center_terminal_cv_campaign/outputs/offline_search_100pct_cues_20260819/matrix_summary.json,aggregates.2,2,"[""unexecuted_task_count_mean""]","{""unexecuted_task_count_mean"": 0.0}",0.0,match
deliverables/leadership_report/协同搜索试验报告_CN.md,6,3.3 40目标与50架无人机,124,1,发现率（平均/最差）,100.0%/100.0%,research_modules/independent_experiments/center_terminal_cv_campaign/outputs/offline_search_100pct_cues_20260819/matrix_summary.json,aggregates.6,6,"[""target_discovery_rate_mean"", ""target_discovery_rate_min""]","{""target_discovery_rate_mean"": 1.0, ""target_discovery_rate_min"": 1.0}",100.0%/100.0%,match
deliverables/leadership_report/协同搜索试验报告_CN.md,6,3.3 40目标与50架无人机,124,1,连续确认率（平均/最差）,100.0%/100.0%,research_modules/independent_experiments/center_terminal_cv_campaign/outputs/offline_search_100pct_cues_20260819/matrix_summary.json,aggregates.6,6,"[""continuous_confirmation_rate_mean"", ""continuous_confirmation_rate_min""]","{""continuous_confirmation_rate_mean"": 1.0, ""continuous_confirmation_rate_min"": 1.0}",100.0%/100.0%,match
deliverables/leadership_report/协同搜索试验报告_CN.md,6,3.3 40目标与50架无人机,124,1,视锥概率覆盖,99.8%,research_modules/independent_experiments/center_terminal_cv_campaign/outputs/offline_search_100pct_cues_20260819/matrix_summary.json,aggregates.6,6,"[""true_frustum_probability_mass_coverage_rate_mean""]","{""true_frustum_probability_mass_coverage_rate_mean"": 0.9974999999999999}",99.8%,match
deliverables/leadership_report/协同搜索试验报告_CN.md,6,3.3 40目标与50架无人机,124,1,未执行任务均值,0.0,research_modules/independent_experiments/center_terminal_cv_campaign/outputs/offline_search_100pct_cues_20260819/matrix_summary.json,aggregates.6,6,"[""unexecuted_task_count_mean""]","{""unexecuted_task_count_mean"": 0.0}",0.0,match
deliverables/leadership_report/协同搜索试验报告_CN.md,6,3.3 40目标与50架无人机,124,2,发现率（平均/最差）,100.0%/100.0%,research_modules/independent_experiments/center_terminal_cv_campaign/outputs/offline_search_100pct_cues_20260819/matrix_summary.json,aggregates.7,7,"[""target_discovery_rate_mean"", ""target_discovery_rate_min""]","{""target_discovery_rate_mean"": 1.0, ""target_discovery_rate_min"": 1.0}",100.0%/100.0%,match
deliverables/leadership_report/协同搜索试验报告_CN.md,6,3.3 40目标与50架无人机,124,2,连续确认率（平均/最差）,100.0%/100.0%,research_modules/independent_experiments/center_terminal_cv_campaign/outputs/offline_search_100pct_cues_20260819/matrix_summary.json,aggregates.7,7,"[""continuous_confirmation_rate_mean"", ""continuous_confirmation_rate_min""]","{""continuous_confirmation_rate_mean"": 1.0, ""continuous_confirmation_rate_min"": 1.0}",100.0%/100.0%,match
deliverables/leadership_report/协同搜索试验报告_CN.md,6,3.3 40目标与50架无人机,124,2,视锥概率覆盖,80.4%,research_modules/independent_experiments/center_terminal_cv_campaign/outputs/offline_search_100pct_cues_20260819/matrix_summary.json,aggregates.7,7,"[""true_frustum_probability_mass_coverage_rate_mean""]","{""true_frustum_probability_mass_coverage_rate_mean"": 0.8039855554246957}",80.4%,match
deliverables/leadership_report/协同搜索试验报告_CN.md,6,3.3 40目标与50架无人机,124,2,未执行任务均值,0.0,research_modules/independent_experiments/center_terminal_cv_campaign/outputs/offline_search_100pct_cues_20260819/matrix_summary.json,aggregates.7,7,"[""unexecuted_task_count_mean""]","{""unexecuted_task_count_mean"": 0.0}",0.0,match
deliverables/leadership_report/协同搜索试验报告_CN.md,6,3.3 40目标与50架无人机,124,3,发现率（平均/最差）,100.0%/100.0%,research_modules/independent_experiments/center_terminal_cv_campaign/outputs/offline_search_100pct_cues_20260819/matrix_summary.json,aggregates.8,8,"[""target_discovery_rate_mean"", ""target_discovery_rate_min""]","{""target_discovery_rate_mean"": 1.0, ""target_discovery_rate_min"": 1.0}",100.0%/100.0%,match
deliverables/leadership_report/协同搜索试验报告_CN.md,6,3.3 40目标与50架无人机,124,3,连续确认率（平均/最差）,100.0%/100.0%,research_modules/independent_experiments/center_terminal_cv_campaign/outputs/offline_search_100pct_cues_20260819/matrix_summary.json,aggregates.8,8,"[""continuous_confirmation_rate_mean"", ""continuous_confirmation_rate_min""]","{""continuous_confirmation_rate_mean"": 1.0, ""continuous_confirmation_rate_min"": 1.0}",100.0%/100.0%,match
deliverables/leadership_report/协同搜索试验报告_CN.md,6,3.3 40目标与50架无人机,124,3,视锥概率覆盖,59.6%,research_modules/independent_experiments/center_terminal_cv_campaign/outputs/offline_search_100pct_cues_20260819/matrix_summary.json,aggregates.8,8,"[""true_frustum_probability_mass_coverage_rate_mean""]","{""true_frustum_probability_mass_coverage_rate_mean"": 0.5958843318652334}",59.6%,match
deliverables/leadership_report/协同搜索试验报告_CN.md,6,3.3 40目标与50架无人机,124,3,未执行任务均值,0.0,research_modules/independent_experiments/center_terminal_cv_campaign/outputs/offline_search_100pct_cues_20260819/matrix_summary.json,aggregates.8,8,"[""unexecuted_task_count_mean""]","{""unexecuted_task_count_mean"": 0.0}",0.0,match
deliverables/leadership_report/协同搜索试验报告_CN.md,7,3.5 首次发现与计算时间,144,1,首次发现均值,1.25秒,research_modules/independent_experiments/center_terminal_cv_campaign/outputs/offline_search_100pct_cues_20260819/matrix_summary.json,aggregates.3,3,"[""first_discovery_mean_s""]","{""first_discovery_mean_s"": 1.2502232984271249}",1.25秒,match
deliverables/leadership_report/协同搜索试验报告_CN.md,7,3.5 首次发现与计算时间,144,1,规划95%耗时均值,2.12毫秒,research_modules/independent_experiments/center_terminal_cv_campaign/outputs/offline_search_100pct_cues_20260819/matrix_summary.json,aggregates.3,3,"[""planner_compute_p95_ms_mean""]","{""planner_compute_p95_ms_mean"": 2.122606540360721}",2.12毫秒,match
deliverables/leadership_report/协同搜索试验报告_CN.md,7,3.5 首次发现与计算时间,144,2,首次发现均值,1.82秒,research_modules/independent_experiments/center_terminal_cv_campaign/outputs/offline_search_100pct_cues_20260819/matrix_summary.json,aggregates.4,4,"[""first_discovery_mean_s""]","{""first_discovery_mean_s"": 1.8168364466333773}",1.82秒,match
deliverables/leadership_report/协同搜索试验报告_CN.md,7,3.5 首次发现与计算时间,144,2,规划95%耗时均值,9.93毫秒,research_modules/independent_experiments/center_terminal_cv_campaign/outputs/offline_search_100pct_cues_20260819/matrix_summary.json,aggregates.4,4,"[""planner_compute_p95_ms_mean""]","{""planner_compute_p95_ms_mean"": 9.92869882938976}",9.93毫秒,match
deliverables/leadership_report/协同搜索试验报告_CN.md,7,3.5 首次发现与计算时间,144,3,首次发现均值,1.67秒,research_modules/independent_experiments/center_terminal_cv_campaign/outputs/offline_search_100pct_cues_20260819/matrix_summary.json,aggregates.5,5,"[""first_discovery_mean_s""]","{""first_discovery_mean_s"": 1.6722294398092838}",1.67秒,match
deliverables/leadership_report/协同搜索试验报告_CN.md,7,3.5 首次发现与计算时间,144,3,规划95%耗时均值,24.48毫秒,research_modules/independent_experiments/center_terminal_cv_campaign/outputs/offline_search_100pct_cues_20260819/matrix_summary.json,aggregates.5,5,"[""planner_compute_p95_ms_mean""]","{""planner_compute_p95_ms_mean"": 24.47847546984121}",24.48毫秒,match
deliverables/leadership_report/协同搜索试验报告_CN.md,7,3.5 首次发现与计算时间,144,4,首次发现均值,0.60秒,research_modules/independent_experiments/center_terminal_cv_campaign/outputs/offline_search_100pct_cues_20260819/matrix_summary.json,aggregates.0,0,"[""first_discovery_mean_s""]","{""first_discovery_mean_s"": 0.6032761293959136}",0.60秒,match
deliverables/leadership_report/协同搜索试验报告_CN.md,7,3.5 首次发现与计算时间,144,4,规划95%耗时均值,35.10毫秒,research_modules/independent_experiments/center_terminal_cv_campaign/outputs/offline_search_100pct_cues_20260819/matrix_summary.json,aggregates.0,0,"[""planner_compute_p95_ms_mean""]","{""planner_compute_p95_ms_mean"": 35.09557681965815}",35.10毫秒,match
deliverables/leadership_report/协同搜索试验报告_CN.md,7,3.5 首次发现与计算时间,144,5,首次发现均值,0.54秒,research_modules/independent_experiments/center_terminal_cv_campaign/outputs/offline_search_100pct_cues_20260819/matrix_summary.json,aggregates.1,1,"[""first_discovery_mean_s""]","{""first_discovery_mean_s"": 0.5427471557698109}",0.54秒,match
deliverables/leadership_report/协同搜索试验报告_CN.md,7,3.5 首次发现与计算时间,144,5,规划95%耗时均值,6.78毫秒,research_modules/independent_experiments/center_terminal_cv_campaign/outputs/offline_search_100pct_cues_20260819/matrix_summary.json,aggregates.1,1,"[""planner_compute_p95_ms_mean""]","{""planner_compute_p95_ms_mean"": 6.784154429187765}",6.78毫秒,match
deliverables/leadership_report/协同搜索试验报告_CN.md,7,3.5 首次发现与计算时间,144,6,首次发现均值,0.72秒,research_modules/independent_experiments/center_terminal_cv_campaign/outputs/offline_search_100pct_cues_20260819/matrix_summary.json,aggregates.2,2,"[""first_discovery_mean_s""]","{""first_discovery_mean_s"": 0.715991187284135}",0.72秒,match
deliverables/leadership_report/协同搜索试验报告_CN.md,7,3.5 首次发现与计算时间,144,6,规划95%耗时均值,21.39毫秒,research_modules/independent_experiments/center_terminal_cv_campaign/outputs/offline_search_100pct_cues_20260819/matrix_summary.json,aggregates.2,2,"[""planner_compute_p95_ms_mean""]","{""planner_compute_p95_ms_mean"": 21.386116069588745}",21.39毫秒,match
deliverables/leadership_report/协同搜索试验报告_CN.md,7,3.5 首次发现与计算时间,144,7,首次发现均值,0.29秒,research_modules/independent_experiments/center_terminal_cv_campaign/outputs/offline_search_100pct_cues_20260819/matrix_summary.json,aggregates.6,6,"[""first_discovery_mean_s""]","{""first_discovery_mean_s"": 0.29250342449147526}",0.29秒,match
deliverables/leadership_report/协同搜索试验报告_CN.md,7,3.5 首次发现与计算时间,144,7,规划95%耗时均值,1.94毫秒,research_modules/independent_experiments/center_terminal_cv_campaign/outputs/offline_search_100pct_cues_20260819/matrix_summary.json,aggregates.6,6,"[""planner_compute_p95_ms_mean""]","{""planner_compute_p95_ms_mean"": 1.9433647899859348}",1.94毫秒,match
deliverables/leadership_report/协同搜索试验报告_CN.md,7,3.5 首次发现与计算时间,144,8,首次发现均值,0.26秒,research_modules/independent_experiments/center_terminal_cv_campaign/outputs/offline_search_100pct_cues_20260819/matrix_summary.json,aggregates.7,7,"[""first_discovery_mean_s""]","{""first_discovery_mean_s"": 0.25863190483030246}",0.26秒,match
deliverables/leadership_report/协同搜索试验报告_CN.md,7,3.5 首次发现与计算时间,144,8,规划95%耗时均值,12.86毫秒,research_modules/independent_experiments/center_terminal_cv_campaign/outputs/offline_search_100pct_cues_20260819/matrix_summary.json,aggregates.7,7,"[""planner_compute_p95_ms_mean""]","{""planner_compute_p95_ms_mean"": 12.855982180772116}",12.86毫秒,match
deliverables/leadership_report/协同搜索试验报告_CN.md,7,3.5 首次发现与计算时间,144,9,首次发现均值,0.41秒,research_modules/independent_experiments/center_terminal_cv_campaign/outputs/offline_search_100pct_cues_20260819/matrix_summary.json,aggregates.8,8,"[""first_discovery_mean_s""]","{""first_discovery_mean_s"": 0.40888474202832353}",0.41秒,match
deliverables/leadership_report/协同搜索试验报告_CN.md,7,3.5 首次发现与计算时间,144,9,规划95%耗时均值,31.90毫秒,research_modules/independent_experiments/center_terminal_cv_campaign/outputs/offline_search_100pct_cues_20260819/matrix_summary.json,aggregates.8,8,"[""planner_compute_p95_ms_mean""]","{""planner_compute_p95_ms_mean"": 31.902066829352407}",31.90毫秒,match
deliverables/leadership_report/协同搜索试验报告_CN.docx,4,3.1 20目标与8架无人机,,1,发现率（平均/最差）,100.0%/100.0%,research_modules/independent_experiments/center_terminal_cv_campaign/outputs/offline_search_100pct_cues_20260819/matrix_summary.json,aggregates.3,3,"[""target_discovery_rate_mean"", ""target_discovery_rate_min""]","{""target_discovery_rate_mean"": 1.0, ""target_discovery_rate_min"": 1.0}",100.0%/100.0%,match
deliverables/leadership_report/协同搜索试验报告_CN.docx,4,3.1 20目标与8架无人机,,1,连续确认率（平均/最差）,100.0%/100.0%,research_modules/independent_experiments/center_terminal_cv_campaign/outputs/offline_search_100pct_cues_20260819/matrix_summary.json,aggregates.3,3,"[""continuous_confirmation_rate_mean"", ""continuous_confirmation_rate_min""]","{""continuous_confirmation_rate_mean"": 1.0, ""continuous_confirmation_rate_min"": 1.0}",100.0%/100.0%,match
deliverables/leadership_report/协同搜索试验报告_CN.docx,4,3.1 20目标与8架无人机,,1,视锥概率覆盖,74.0%,research_modules/independent_experiments/center_terminal_cv_campaign/outputs/offline_search_100pct_cues_20260819/matrix_summary.json,aggregates.3,3,"[""true_frustum_probability_mass_coverage_rate_mean""]","{""true_frustum_probability_mass_coverage_rate_mean"": 0.74}",74.0%,match
deliverables/leadership_report/协同搜索试验报告_CN.docx,4,3.1 20目标与8架无人机,,1,未执行任务均值,0.0,research_modules/independent_experiments/center_terminal_cv_campaign/outputs/offline_search_100pct_cues_20260819/matrix_summary.json,aggregates.3,3,"[""unexecuted_task_count_mean""]","{""unexecuted_task_count_mean"": 0.0}",0.0,match
deliverables/leadership_report/协同搜索试验报告_CN.docx,4,3.1 20目标与8架无人机,,2,发现率（平均/最差）,97.0%/90.0%,research_modules/independent_experiments/center_terminal_cv_campaign/outputs/offline_search_100pct_cues_20260819/matrix_summary.json,aggregates.4,4,"[""target_discovery_rate_mean"", ""target_discovery_rate_min""]","{""target_discovery_rate_mean"": 0.97, ""target_discovery_rate_min"": 0.9}",97.0%/90.0%,match
deliverables/leadership_report/协同搜索试验报告_CN.docx,4,3.1 20目标与8架无人机,,2,连续确认率（平均/最差）,97.0%/90.0%,research_modules/independent_experiments/center_terminal_cv_campaign/outputs/offline_search_100pct_cues_20260819/matrix_summary.json,aggregates.4,4,"[""continuous_confirmation_rate_mean"", ""continuous_confirmation_rate_min""]","{""continuous_confirmation_rate_mean"": 0.97, ""continuous_confirmation_rate_min"": 0.9}",97.0%/90.0%,match
deliverables/leadership_report/协同搜索试验报告_CN.docx,4,3.1 20目标与8架无人机,,2,视锥概率覆盖,46.5%,research_modules/independent_experiments/center_terminal_cv_campaign/outputs/offline_search_100pct_cues_20260819/matrix_summary.json,aggregates.4,4,"[""true_frustum_probability_mass_coverage_rate_mean""]","{""true_frustum_probability_mass_coverage_rate_mean"": 0.46502184202003216}",46.5%,match
deliverables/leadership_report/协同搜索试验报告_CN.docx,4,3.1 20目标与8架无人机,,2,未执行任务均值,0.0,research_modules/independent_experiments/center_terminal_cv_campaign/outputs/offline_search_100pct_cues_20260819/matrix_summary.json,aggregates.4,4,"[""unexecuted_task_count_mean""]","{""unexecuted_task_count_mean"": 0.0}",0.0,match
deliverables/leadership_report/协同搜索试验报告_CN.docx,4,3.1 20目标与8架无人机,,3,发现率（平均/最差）,92.0%/80.0%,research_modules/independent_experiments/center_terminal_cv_campaign/outputs/offline_search_100pct_cues_20260819/matrix_summary.json,aggregates.5,5,"[""target_discovery_rate_mean"", ""target_discovery_rate_min""]","{""target_discovery_rate_mean"": 0.9200000000000002, ""target_discovery_rate_min"": 0.8}",92.0%/80.0%,match
deliverables/leadership_report/协同搜索试验报告_CN.docx,4,3.1 20目标与8架无人机,,3,连续确认率（平均/最差）,91.0%/80.0%,research_modules/independent_experiments/center_terminal_cv_campaign/outputs/offline_search_100pct_cues_20260819/matrix_summary.json,aggregates.5,5,"[""continuous_confirmation_rate_mean"", ""continuous_confirmation_rate_min""]","{""continuous_confirmation_rate_mean"": 0.9099999999999999, ""continuous_confirmation_rate_min"": 0.8}",91.0%/80.0%,match
deliverables/leadership_report/协同搜索试验报告_CN.docx,4,3.1 20目标与8架无人机,,3,视锥概率覆盖,33.8%,research_modules/independent_experiments/center_terminal_cv_campaign/outputs/offline_search_100pct_cues_20260819/matrix_summary.json,aggregates.5,5,"[""true_frustum_probability_mass_coverage_rate_mean""]","{""true_frustum_probability_mass_coverage_rate_mean"": 0.3376028948392788}",33.8%,match
deliverables/leadership_report/协同搜索试验报告_CN.docx,4,3.1 20目标与8架无人机,,3,未执行任务均值,24.6,research_modules/independent_experiments/center_terminal_cv_campaign/outputs/offline_search_100pct_cues_20260819/matrix_summary.json,aggregates.5,5,"[""unexecuted_task_count_mean""]","{""unexecuted_task_count_mean"": 24.6}",24.6,match
deliverables/leadership_report/协同搜索试验报告_CN.docx,5,3.2 20目标与30架无人机,,1,发现率（平均/最差）,100.0%/100.0%,research_modules/independent_experiments/center_terminal_cv_campaign/outputs/offline_search_100pct_cues_20260819/matrix_summary.json,aggregates.0,0,"[""target_discovery_rate_mean"", ""target_discovery_rate_min""]","{""target_discovery_rate_mean"": 1.0, ""target_discovery_rate_min"": 1.0}",100.0%/100.0%,match
deliverables/leadership_report/协同搜索试验报告_CN.docx,5,3.2 20目标与30架无人机,,1,连续确认率（平均/最差）,100.0%/100.0%,research_modules/independent_experiments/center_terminal_cv_campaign/outputs/offline_search_100pct_cues_20260819/matrix_summary.json,aggregates.0,0,"[""continuous_confirmation_rate_mean"", ""continuous_confirmation_rate_min""]","{""continuous_confirmation_rate_mean"": 1.0, ""continuous_confirmation_rate_min"": 1.0}",100.0%/100.0%,match
deliverables/leadership_report/协同搜索试验报告_CN.docx,5,3.2 20目标与30架无人机,,1,视锥概率覆盖,99.5%,research_modules/independent_experiments/center_terminal_cv_campaign/outputs/offline_search_100pct_cues_20260819/matrix_summary.json,aggregates.0,0,"[""true_frustum_probability_mass_coverage_rate_mean""]","{""true_frustum_probability_mass_coverage_rate_mean"": 0.9949999999999999}",99.5%,match
deliverables/leadership_report/协同搜索试验报告_CN.docx,5,3.2 20目标与30架无人机,,1,未执行任务均值,0.0,research_modules/independent_experiments/center_terminal_cv_campaign/outputs/offline_search_100pct_cues_20260819/matrix_summary.json,aggregates.0,0,"[""unexecuted_task_count_mean""]","{""unexecuted_task_count_mean"": 0.0}",0.0,match
deliverables/leadership_report/协同搜索试验报告_CN.docx,5,3.2 20目标与30架无人机,,2,发现率（平均/最差）,100.0%/100.0%,research_modules/independent_experiments/center_terminal_cv_campaign/outputs/offline_search_100pct_cues_20260819/matrix_summary.json,aggregates.1,1,"[""target_discovery_rate_mean"", ""target_discovery_rate_min""]","{""target_discovery_rate_mean"": 1.0, ""target_discovery_rate_min"": 1.0}",100.0%/100.0%,match
deliverables/leadership_report/协同搜索试验报告_CN.docx,5,3.2 20目标与30架无人机,,2,连续确认率（平均/最差）,100.0%/100.0%,research_modules/independent_experiments/center_terminal_cv_campaign/outputs/offline_search_100pct_cues_20260819/matrix_summary.json,aggregates.1,1,"[""continuous_confirmation_rate_mean"", ""continuous_confirmation_rate_min""]","{""continuous_confirmation_rate_mean"": 1.0, ""continuous_confirmation_rate_min"": 1.0}",100.0%/100.0%,match
deliverables/leadership_report/协同搜索试验报告_CN.docx,5,3.2 20目标与30架无人机,,2,视锥概率覆盖,81.7%,research_modules/independent_experiments/center_terminal_cv_campaign/outputs/offline_search_100pct_cues_20260819/matrix_summary.json,aggregates.1,1,"[""true_frustum_probability_mass_coverage_rate_mean""]","{""true_frustum_probability_mass_coverage_rate_mean"": 0.8166736256053}",81.7%,match
deliverables/leadership_report/协同搜索试验报告_CN.docx,5,3.2 20目标与30架无人机,,2,未执行任务均值,0.0,research_modules/independent_experiments/center_terminal_cv_campaign/outputs/offline_search_100pct_cues_20260819/matrix_summary.json,aggregates.1,1,"[""unexecuted_task_count_mean""]","{""unexecuted_task_count_mean"": 0.0}",0.0,match
deliverables/leadership_report/协同搜索试验报告_CN.docx,5,3.2 20目标与30架无人机,,3,发现率（平均/最差）,100.0%/100.0%,research_modules/independent_experiments/center_terminal_cv_campaign/outputs/offline_search_100pct_cues_20260819/matrix_summary.json,aggregates.2,2,"[""target_discovery_rate_mean"", ""target_discovery_rate_min""]","{""target_discovery_rate_mean"": 1.0, ""target_discovery_rate_min"": 1.0}",100.0%/100.0%,match
deliverables/leadership_report/协同搜索试验报告_CN.docx,5,3.2 20目标与30架无人机,,3,连续确认率（平均/最差）,100.0%/100.0%,research_modules/independent_experiments/center_terminal_cv_campaign/outputs/offline_search_100pct_cues_20260819/matrix_summary.json,aggregates.2,2,"[""continuous_confirmation_rate_mean"", ""continuous_confirmation_rate_min""]","{""continuous_confirmation_rate_mean"": 1.0, ""continuous_confirmation_rate_min"": 1.0}",100.0%/100.0%,match
deliverables/leadership_report/协同搜索试验报告_CN.docx,5,3.2 20目标与30架无人机,,3,视锥概率覆盖,61.3%,research_modules/independent_experiments/center_terminal_cv_campaign/outputs/offline_search_100pct_cues_20260819/matrix_summary.json,aggregates.2,2,"[""true_frustum_probability_mass_coverage_rate_mean""]","{""true_frustum_probability_mass_coverage_rate_mean"": 0.613053936906643}",61.3%,match
deliverables/leadership_report/协同搜索试验报告_CN.docx,5,3.2 20目标与30架无人机,,3,未执行任务均值,0.0,research_modules/independent_experiments/center_terminal_cv_campaign/outputs/offline_search_100pct_cues_20260819/matrix_summary.json,aggregates.2,2,"[""unexecuted_task_count_mean""]","{""unexecuted_task_count_mean"": 0.0}",0.0,match
deliverables/leadership_report/协同搜索试验报告_CN.docx,6,3.3 40目标与50架无人机,,1,发现率（平均/最差）,100.0%/100.0%,research_modules/independent_experiments/center_terminal_cv_campaign/outputs/offline_search_100pct_cues_20260819/matrix_summary.json,aggregates.6,6,"[""target_discovery_rate_mean"", ""target_discovery_rate_min""]","{""target_discovery_rate_mean"": 1.0, ""target_discovery_rate_min"": 1.0}",100.0%/100.0%,match
deliverables/leadership_report/协同搜索试验报告_CN.docx,6,3.3 40目标与50架无人机,,1,连续确认率（平均/最差）,100.0%/100.0%,research_modules/independent_experiments/center_terminal_cv_campaign/outputs/offline_search_100pct_cues_20260819/matrix_summary.json,aggregates.6,6,"[""continuous_confirmation_rate_mean"", ""continuous_confirmation_rate_min""]","{""continuous_confirmation_rate_mean"": 1.0, ""continuous_confirmation_rate_min"": 1.0}",100.0%/100.0%,match
deliverables/leadership_report/协同搜索试验报告_CN.docx,6,3.3 40目标与50架无人机,,1,视锥概率覆盖,99.8%,research_modules/independent_experiments/center_terminal_cv_campaign/outputs/offline_search_100pct_cues_20260819/matrix_summary.json,aggregates.6,6,"[""true_frustum_probability_mass_coverage_rate_mean""]","{""true_frustum_probability_mass_coverage_rate_mean"": 0.9974999999999999}",99.8%,match
deliverables/leadership_report/协同搜索试验报告_CN.docx,6,3.3 40目标与50架无人机,,1,未执行任务均值,0.0,research_modules/independent_experiments/center_terminal_cv_campaign/outputs/offline_search_100pct_cues_20260819/matrix_summary.json,aggregates.6,6,"[""unexecuted_task_count_mean""]","{""unexecuted_task_count_mean"": 0.0}",0.0,match
deliverables/leadership_report/协同搜索试验报告_CN.docx,6,3.3 40目标与50架无人机,,2,发现率（平均/最差）,100.0%/100.0%,research_modules/independent_experiments/center_terminal_cv_campaign/outputs/offline_search_100pct_cues_20260819/matrix_summary.json,aggregates.7,7,"[""target_discovery_rate_mean"", ""target_discovery_rate_min""]","{""target_discovery_rate_mean"": 1.0, ""target_discovery_rate_min"": 1.0}",100.0%/100.0%,match
deliverables/leadership_report/协同搜索试验报告_CN.docx,6,3.3 40目标与50架无人机,,2,连续确认率（平均/最差）,100.0%/100.0%,research_modules/independent_experiments/center_terminal_cv_campaign/outputs/offline_search_100pct_cues_20260819/matrix_summary.json,aggregates.7,7,"[""continuous_confirmation_rate_mean"", ""continuous_confirmation_rate_min""]","{""continuous_confirmation_rate_mean"": 1.0, ""continuous_confirmation_rate_min"": 1.0}",100.0%/100.0%,match
deliverables/leadership_report/协同搜索试验报告_CN.docx,6,3.3 40目标与50架无人机,,2,视锥概率覆盖,80.4%,research_modules/independent_experiments/center_terminal_cv_campaign/outputs/offline_search_100pct_cues_20260819/matrix_summary.json,aggregates.7,7,"[""true_frustum_probability_mass_coverage_rate_mean""]","{""true_frustum_probability_mass_coverage_rate_mean"": 0.8039855554246957}",80.4%,match
deliverables/leadership_report/协同搜索试验报告_CN.docx,6,3.3 40目标与50架无人机,,2,未执行任务均值,0.0,research_modules/independent_experiments/center_terminal_cv_campaign/outputs/offline_search_100pct_cues_20260819/matrix_summary.json,aggregates.7,7,"[""unexecuted_task_count_mean""]","{""unexecuted_task_count_mean"": 0.0}",0.0,match
deliverables/leadership_report/协同搜索试验报告_CN.docx,6,3.3 40目标与50架无人机,,3,发现率（平均/最差）,100.0%/100.0%,research_modules/independent_experiments/center_terminal_cv_campaign/outputs/offline_search_100pct_cues_20260819/matrix_summary.json,aggregates.8,8,"[""target_discovery_rate_mean"", ""target_discovery_rate_min""]","{""target_discovery_rate_mean"": 1.0, ""target_discovery_rate_min"": 1.0}",100.0%/100.0%,match
deliverables/leadership_report/协同搜索试验报告_CN.docx,6,3.3 40目标与50架无人机,,3,连续确认率（平均/最差）,100.0%/100.0%,research_modules/independent_experiments/center_terminal_cv_campaign/outputs/offline_search_100pct_cues_20260819/matrix_summary.json,aggregates.8,8,"[""continuous_confirmation_rate_mean"", ""continuous_confirmation_rate_min""]","{""continuous_confirmation_rate_mean"": 1.0, ""continuous_confirmation_rate_min"": 1.0}",100.0%/100.0%,match
deliverables/leadership_report/协同搜索试验报告_CN.docx,6,3.3 40目标与50架无人机,,3,视锥概率覆盖,59.6%,research_modules/independent_experiments/center_terminal_cv_campaign/outputs/offline_search_100pct_cues_20260819/matrix_summary.json,aggregates.8,8,"[""true_frustum_probability_mass_coverage_rate_mean""]","{""true_frustum_probability_mass_coverage_rate_mean"": 0.5958843318652334}",59.6%,match
deliverables/leadership_report/协同搜索试验报告_CN.docx,6,3.3 40目标与50架无人机,,3,未执行任务均值,0.0,research_modules/independent_experiments/center_terminal_cv_campaign/outputs/offline_search_100pct_cues_20260819/matrix_summary.json,aggregates.8,8,"[""unexecuted_task_count_mean""]","{""unexecuted_task_count_mean"": 0.0}",0.0,match
deliverables/leadership_report/协同搜索试验报告_CN.docx,7,3.5 首次发现与计算时间,,1,首次发现均值,1.25秒,research_modules/independent_experiments/center_terminal_cv_campaign/outputs/offline_search_100pct_cues_20260819/matrix_summary.json,aggregates.3,3,"[""first_discovery_mean_s""]","{""first_discovery_mean_s"": 1.2502232984271249}",1.25秒,match
deliverables/leadership_report/协同搜索试验报告_CN.docx,7,3.5 首次发现与计算时间,,1,规划95%耗时均值,2.12毫秒,research_modules/independent_experiments/center_terminal_cv_campaign/outputs/offline_search_100pct_cues_20260819/matrix_summary.json,aggregates.3,3,"[""planner_compute_p95_ms_mean""]","{""planner_compute_p95_ms_mean"": 2.122606540360721}",2.12毫秒,match
deliverables/leadership_report/协同搜索试验报告_CN.docx,7,3.5 首次发现与计算时间,,2,首次发现均值,1.82秒,research_modules/independent_experiments/center_terminal_cv_campaign/outputs/offline_search_100pct_cues_20260819/matrix_summary.json,aggregates.4,4,"[""first_discovery_mean_s""]","{""first_discovery_mean_s"": 1.8168364466333773}",1.82秒,match
deliverables/leadership_report/协同搜索试验报告_CN.docx,7,3.5 首次发现与计算时间,,2,规划95%耗时均值,9.93毫秒,research_modules/independent_experiments/center_terminal_cv_campaign/outputs/offline_search_100pct_cues_20260819/matrix_summary.json,aggregates.4,4,"[""planner_compute_p95_ms_mean""]","{""planner_compute_p95_ms_mean"": 9.92869882938976}",9.93毫秒,match
deliverables/leadership_report/协同搜索试验报告_CN.docx,7,3.5 首次发现与计算时间,,3,首次发现均值,1.67秒,research_modules/independent_experiments/center_terminal_cv_campaign/outputs/offline_search_100pct_cues_20260819/matrix_summary.json,aggregates.5,5,"[""first_discovery_mean_s""]","{""first_discovery_mean_s"": 1.6722294398092838}",1.67秒,match
deliverables/leadership_report/协同搜索试验报告_CN.docx,7,3.5 首次发现与计算时间,,3,规划95%耗时均值,24.48毫秒,research_modules/independent_experiments/center_terminal_cv_campaign/outputs/offline_search_100pct_cues_20260819/matrix_summary.json,aggregates.5,5,"[""planner_compute_p95_ms_mean""]","{""planner_compute_p95_ms_mean"": 24.47847546984121}",24.48毫秒,match
deliverables/leadership_report/协同搜索试验报告_CN.docx,7,3.5 首次发现与计算时间,,4,首次发现均值,0.60秒,research_modules/independent_experiments/center_terminal_cv_campaign/outputs/offline_search_100pct_cues_20260819/matrix_summary.json,aggregates.0,0,"[""first_discovery_mean_s""]","{""first_discovery_mean_s"": 0.6032761293959136}",0.60秒,match
deliverables/leadership_report/协同搜索试验报告_CN.docx,7,3.5 首次发现与计算时间,,4,规划95%耗时均值,35.10毫秒,research_modules/independent_experiments/center_terminal_cv_campaign/outputs/offline_search_100pct_cues_20260819/matrix_summary.json,aggregates.0,0,"[""planner_compute_p95_ms_mean""]","{""planner_compute_p95_ms_mean"": 35.09557681965815}",35.10毫秒,match
deliverables/leadership_report/协同搜索试验报告_CN.docx,7,3.5 首次发现与计算时间,,5,首次发现均值,0.54秒,research_modules/independent_experiments/center_terminal_cv_campaign/outputs/offline_search_100pct_cues_20260819/matrix_summary.json,aggregates.1,1,"[""first_discovery_mean_s""]","{""first_discovery_mean_s"": 0.5427471557698109}",0.54秒,match
deliverables/leadership_report/协同搜索试验报告_CN.docx,7,3.5 首次发现与计算时间,,5,规划95%耗时均值,6.78毫秒,research_modules/independent_experiments/center_terminal_cv_campaign/outputs/offline_search_100pct_cues_20260819/matrix_summary.json,aggregates.1,1,"[""planner_compute_p95_ms_mean""]","{""planner_compute_p95_ms_mean"": 6.784154429187765}",6.78毫秒,match
deliverables/leadership_report/协同搜索试验报告_CN.docx,7,3.5 首次发现与计算时间,,6,首次发现均值,0.72秒,research_modules/independent_experiments/center_terminal_cv_campaign/outputs/offline_search_100pct_cues_20260819/matrix_summary.json,aggregates.2,2,"[""first_discovery_mean_s""]","{""first_discovery_mean_s"": 0.715991187284135}",0.72秒,match
deliverables/leadership_report/协同搜索试验报告_CN.docx,7,3.5 首次发现与计算时间,,6,规划95%耗时均值,21.39毫秒,research_modules/independent_experiments/center_terminal_cv_campaign/outputs/offline_search_100pct_cues_20260819/matrix_summary.json,aggregates.2,2,"[""planner_compute_p95_ms_mean""]","{""planner_compute_p95_ms_mean"": 21.386116069588745}",21.39毫秒,match
deliverables/leadership_report/协同搜索试验报告_CN.docx,7,3.5 首次发现与计算时间,,7,首次发现均值,0.29秒,research_modules/independent_experiments/center_terminal_cv_campaign/outputs/offline_search_100pct_cues_20260819/matrix_summary.json,aggregates.6,6,"[""first_discovery_mean_s""]","{""first_discovery_mean_s"": 0.29250342449147526}",0.29秒,match
deliverables/leadership_report/协同搜索试验报告_CN.docx,7,3.5 首次发现与计算时间,,7,规划95%耗时均值,1.94毫秒,research_modules/independent_experiments/center_terminal_cv_campaign/outputs/offline_search_100pct_cues_20260819/matrix_summary.json,aggregates.6,6,"[""planner_compute_p95_ms_mean""]","{""planner_compute_p95_ms_mean"": 1.9433647899859348}",1.94毫秒,match
deliverables/leadership_report/协同搜索试验报告_CN.docx,7,3.5 首次发现与计算时间,,8,首次发现均值,0.26秒,research_modules/independent_experiments/center_terminal_cv_campaign/outputs/offline_search_100pct_cues_20260819/matrix_summary.json,aggregates.7,7,"[""first_discovery_mean_s""]","{""first_discovery_mean_s"": 0.25863190483030246}",0.26秒,match
deliverables/leadership_report/协同搜索试验报告_CN.docx,7,3.5 首次发现与计算时间,,8,规划95%耗时均值,12.86毫秒,research_modules/independent_experiments/center_terminal_cv_campaign/outputs/offline_search_100pct_cues_20260819/matrix_summary.json,aggregates.7,7,"[""planner_compute_p95_ms_mean""]","{""planner_compute_p95_ms_mean"": 12.855982180772116}",12.86毫秒,match
deliverables/leadership_report/协同搜索试验报告_CN.docx,7,3.5 首次发现与计算时间,,9,首次发现均值,0.41秒,research_modules/independent_experiments/center_terminal_cv_campaign/outputs/offline_search_100pct_cues_20260819/matrix_summary.json,aggregates.8,8,"[""first_discovery_mean_s""]","{""first_discovery_mean_s"": 0.40888474202832353}",0.41秒,match
deliverables/leadership_report/协同搜索试验报告_CN.docx,7,3.5 首次发现与计算时间,,9,规划95%耗时均值,31.90毫秒,research_modules/independent_experiments/center_terminal_cv_campaign/outputs/offline_search_100pct_cues_20260819/matrix_summary.json,aggregates.8,8,"[""planner_compute_p95_ms_mean""]","{""planner_compute_p95_ms_mean"": 31.902066829352407}",31.90毫秒,match
deliverables/leadership_report/双光电多目标轨迹配准与交汇定位试验报告_CN.md,4,3.1 360度理想单站条件,110,1,质量精度,98.9%,research_modules/independent_experiments/dual_optical_online_benchmark/outputs/report_replay_20260819_v2/combined_summary.json,summary.24,24,"[""offline_completed_precision""]","{""offline_completed_precision"": 0.9893617021276596}",98.9%,match
deliverables/leadership_report/双光电多目标轨迹配准与交汇定位试验报告_CN.md,4,3.1 360度理想单站条件,110,1,质量覆盖度,93.0%,research_modules/independent_experiments/dual_optical_online_benchmark/outputs/report_replay_20260819_v2/combined_summary.json,summary.24,24,"[""offline_completed_coverage""]","{""offline_completed_coverage"": 0.93}",93.0%,match
deliverables/leadership_report/双光电多目标轨迹配准与交汇定位试验报告_CN.md,4,3.1 360度理想单站条件,110,1,按时覆盖度,0.0%,research_modules/independent_experiments/dual_optical_online_benchmark/outputs/report_replay_20260819_v2/combined_summary.json,summary.24,24,"[""on_time_coverage""]","{""on_time_coverage"": 0.0}",0.0%,match
deliverables/leadership_report/双光电多目标轨迹配准与交汇定位试验报告_CN.md,4,3.1 360度理想单站条件,110,1,处理耗时P95,1557.4毫秒,research_modules/independent_experiments/dual_optical_online_benchmark/outputs/report_replay_20260819_v2/combined_summary.json,summary.24,24,"[""latency_p95_ms""]","{""latency_p95_ms"": 1557.4478809976426}",1557.4毫秒,match
deliverables/leadership_report/双光电多目标轨迹配准与交汇定位试验报告_CN.md,4,3.1 360度理想单站条件,110,1,超时数,5/5,research_modules/independent_experiments/dual_optical_online_benchmark/outputs/report_replay_20260819_v2/combined_summary.json,summary.24,24,"[""timeout_count"", ""sample_count""]","{""timeout_count"": 5, ""sample_count"": 5}",5/5,match
deliverables/leadership_report/双光电多目标轨迹配准与交汇定位试验报告_CN.md,4,3.1 360度理想单站条件,110,2,质量精度,91.1%,research_modules/independent_experiments/dual_optical_online_benchmark/outputs/report_replay_20260819_v2/combined_summary.json,summary.25,25,"[""offline_completed_precision""]","{""offline_completed_precision"": 0.9111111111111111}",91.1%,match
deliverables/leadership_report/双光电多目标轨迹配准与交汇定位试验报告_CN.md,4,3.1 360度理想单站条件,110,2,质量覆盖度,82.0%,research_modules/independent_experiments/dual_optical_online_benchmark/outputs/report_replay_20260819_v2/combined_summary.json,summary.25,25,"[""offline_completed_coverage""]","{""offline_completed_coverage"": 0.82}",82.0%,match
deliverables/leadership_report/双光电多目标轨迹配准与交汇定位试验报告_CN.md,4,3.1 360度理想单站条件,110,2,按时覆盖度,82.0%,research_modules/independent_experiments/dual_optical_online_benchmark/outputs/report_replay_20260819_v2/combined_summary.json,summary.25,25,"[""on_time_coverage""]","{""on_time_coverage"": 0.82}",82.0%,match
deliverables/leadership_report/双光电多目标轨迹配准与交汇定位试验报告_CN.md,4,3.1 360度理想单站条件,110,2,处理耗时P95,70.9毫秒,research_modules/independent_experiments/dual_optical_online_benchmark/outputs/report_replay_20260819_v2/combined_summary.json,summary.25,25,"[""latency_p95_ms""]","{""latency_p95_ms"": 70.90040700131794}",70.9毫秒,match
deliverables/leadership_report/双光电多目标轨迹配准与交汇定位试验报告_CN.md,4,3.1 360度理想单站条件,110,2,超时数,0/5,research_modules/independent_experiments/dual_optical_online_benchmark/outputs/report_replay_20260819_v2/combined_summary.json,summary.25,25,"[""timeout_count"", ""sample_count""]","{""timeout_count"": 0, ""sample_count"": 5}",0/5,match
deliverables/leadership_report/双光电多目标轨迹配准与交汇定位试验报告_CN.md,4,3.1 360度理想单站条件,110,3,质量精度,89.3%,research_modules/independent_experiments/dual_optical_online_benchmark/outputs/report_replay_20260819_v2/combined_summary.json,summary.26,26,"[""offline_completed_precision""]","{""offline_completed_precision"": 0.8928571428571429}",89.3%,match
deliverables/leadership_report/双光电多目标轨迹配准与交汇定位试验报告_CN.md,4,3.1 360度理想单站条件,110,3,质量覆盖度,87.5%,research_modules/independent_experiments/dual_optical_online_benchmark/outputs/report_replay_20260819_v2/combined_summary.json,summary.26,26,"[""offline_completed_coverage""]","{""offline_completed_coverage"": 0.875}",87.5%,match
deliverables/leadership_report/双光电多目标轨迹配准与交汇定位试验报告_CN.md,4,3.1 360度理想单站条件,110,3,按时覆盖度,0.0%,research_modules/independent_experiments/dual_optical_online_benchmark/outputs/report_replay_20260819_v2/combined_summary.json,summary.26,26,"[""on_time_coverage""]","{""on_time_coverage"": 0.0}",0.0%,match
deliverables/leadership_report/双光电多目标轨迹配准与交汇定位试验报告_CN.md,4,3.1 360度理想单站条件,110,3,处理耗时P95,4190.8毫秒,research_modules/independent_experiments/dual_optical_online_benchmark/outputs/report_replay_20260819_v2/combined_summary.json,summary.26,26,"[""latency_p95_ms""]","{""latency_p95_ms"": 4190.773432997958}",4190.8毫秒,match
deliverables/leadership_report/双光电多目标轨迹配准与交汇定位试验报告_CN.md,4,3.1 360度理想单站条件,110,3,超时数,5/5,research_modules/independent_experiments/dual_optical_online_benchmark/outputs/report_replay_20260819_v2/combined_summary.json,summary.26,26,"[""timeout_count"", ""sample_count""]","{""timeout_count"": 5, ""sample_count"": 5}",5/5,match
deliverables/leadership_report/双光电多目标轨迹配准与交汇定位试验报告_CN.md,4,3.1 360度理想单站条件,110,4,质量精度,92.4%,research_modules/independent_experiments/dual_optical_online_benchmark/outputs/report_replay_20260819_v2/combined_summary.json,summary.27,27,"[""offline_completed_precision""]","{""offline_completed_precision"": 0.9244186046511628}",92.4%,match
deliverables/leadership_report/双光电多目标轨迹配准与交汇定位试验报告_CN.md,4,3.1 360度理想单站条件,110,4,质量覆盖度,79.5%,research_modules/independent_experiments/dual_optical_online_benchmark/outputs/report_replay_20260819_v2/combined_summary.json,summary.27,27,"[""offline_completed_coverage""]","{""offline_completed_coverage"": 0.795}",79.5%,match
deliverables/leadership_report/双光电多目标轨迹配准与交汇定位试验报告_CN.md,4,3.1 360度理想单站条件,110,4,按时覆盖度,79.5%,research_modules/independent_experiments/dual_optical_online_benchmark/outputs/report_replay_20260819_v2/combined_summary.json,summary.27,27,"[""on_time_coverage""]","{""on_time_coverage"": 0.795}",79.5%,match
deliverables/leadership_report/双光电多目标轨迹配准与交汇定位试验报告_CN.md,4,3.1 360度理想单站条件,110,4,处理耗时P95,178.8毫秒,research_modules/independent_experiments/dual_optical_online_benchmark/outputs/report_replay_20260819_v2/combined_summary.json,summary.27,27,"[""latency_p95_ms""]","{""latency_p95_ms"": 178.77210000006016}",178.8毫秒,match
deliverables/leadership_report/双光电多目标轨迹配准与交汇定位试验报告_CN.md,4,3.1 360度理想单站条件,110,4,超时数,0/5,research_modules/independent_experiments/dual_optical_online_benchmark/outputs/report_replay_20260819_v2/combined_summary.json,summary.27,27,"[""timeout_count"", ""sample_count""]","{""timeout_count"": 0, ""sample_count"": 5}",0/5,match
deliverables/leadership_report/双光电多目标轨迹配准与交汇定位试验报告_CN.md,4,3.1 360度理想单站条件,110,5,质量精度,87.2%,research_modules/independent_experiments/dual_optical_online_benchmark/outputs/report_replay_20260819_v2/combined_summary.json,summary.28,28,"[""offline_completed_precision""]","{""offline_completed_precision"": 0.8719723183391004}",87.2%,match
deliverables/leadership_report/双光电多目标轨迹配准与交汇定位试验报告_CN.md,4,3.1 360度理想单站条件,110,5,质量覆盖度,84.0%,research_modules/independent_experiments/dual_optical_online_benchmark/outputs/report_replay_20260819_v2/combined_summary.json,summary.28,28,"[""offline_completed_coverage""]","{""offline_completed_coverage"": 0.84}",84.0%,match
deliverables/leadership_report/双光电多目标轨迹配准与交汇定位试验报告_CN.md,4,3.1 360度理想单站条件,110,5,按时覆盖度,0.0%,research_modules/independent_experiments/dual_optical_online_benchmark/outputs/report_replay_20260819_v2/combined_summary.json,summary.28,28,"[""on_time_coverage""]","{""on_time_coverage"": 0.0}",0.0%,match
deliverables/leadership_report/双光电多目标轨迹配准与交汇定位试验报告_CN.md,4,3.1 360度理想单站条件,110,5,处理耗时P95,6253.9毫秒,research_modules/independent_experiments/dual_optical_online_benchmark/outputs/report_replay_20260819_v2/combined_summary.json,summary.28,28,"[""latency_p95_ms""]","{""latency_p95_ms"": 6253.914154000086}",6253.9毫秒,match
deliverables/leadership_report/双光电多目标轨迹配准与交汇定位试验报告_CN.md,4,3.1 360度理想单站条件,110,5,超时数,5/5,research_modules/independent_experiments/dual_optical_online_benchmark/outputs/report_replay_20260819_v2/combined_summary.json,summary.28,28,"[""timeout_count"", ""sample_count""]","{""timeout_count"": 5, ""sample_count"": 5}",5/5,match
deliverables/leadership_report/双光电多目标轨迹配准与交汇定位试验报告_CN.md,4,3.1 360度理想单站条件,110,6,质量精度,99.3%,research_modules/independent_experiments/dual_optical_online_benchmark/outputs/report_replay_20260819_v2/combined_summary.json,summary.29,29,"[""offline_completed_precision""]","{""offline_completed_precision"": 0.9932885906040269}",99.3%,match
deliverables/leadership_report/双光电多目标轨迹配准与交汇定位试验报告_CN.md,4,3.1 360度理想单站条件,110,6,质量覆盖度,98.7%,research_modules/independent_experiments/dual_optical_online_benchmark/outputs/report_replay_20260819_v2/combined_summary.json,summary.29,29,"[""offline_completed_coverage""]","{""offline_completed_coverage"": 0.9866666666666667}",98.7%,match
deliverables/leadership_report/双光电多目标轨迹配准与交汇定位试验报告_CN.md,4,3.1 360度理想单站条件,110,6,按时覆盖度,98.7%,research_modules/independent_experiments/dual_optical_online_benchmark/outputs/report_replay_20260819_v2/combined_summary.json,summary.29,29,"[""on_time_coverage""]","{""on_time_coverage"": 0.9866666666666667}",98.7%,match
deliverables/leadership_report/双光电多目标轨迹配准与交汇定位试验报告_CN.md,4,3.1 360度理想单站条件,110,6,处理耗时P95,332.0毫秒,research_modules/independent_experiments/dual_optical_online_benchmark/outputs/report_replay_20260819_v2/combined_summary.json,summary.29,29,"[""latency_p95_ms""]","{""latency_p95_ms"": 332.0409539992397}",332.0毫秒,match
deliverables/leadership_report/双光电多目标轨迹配准与交汇定位试验报告_CN.md,4,3.1 360度理想单站条件,110,6,超时数,0/5,research_modules/independent_experiments/dual_optical_online_benchmark/outputs/report_replay_20260819_v2/combined_summary.json,summary.29,29,"[""timeout_count"", ""sample_count""]","{""timeout_count"": 0, ""sample_count"": 5}",0/5,match
deliverables/leadership_report/双光电多目标轨迹配准与交汇定位试验报告_CN.md,5,3.2.2 单站航迹结果,133,1,单站精度,94.7%,research_modules/independent_experiments/dual_optical_online_benchmark/outputs/report_replay_20260819_v2/combined_summary.json,summary.0,0,"[""single_station_precision""]","{""single_station_precision"": 0.9467802022352315}",94.7%,match
deliverables/leadership_report/双光电多目标轨迹配准与交汇定位试验报告_CN.md,5,3.2.2 单站航迹结果,133,1,单站覆盖度,91.5%,research_modules/independent_experiments/dual_optical_online_benchmark/outputs/report_replay_20260819_v2/combined_summary.json,summary.0,0,"[""single_station_coverage""]","{""single_station_coverage"": 0.915}",91.5%,match
deliverables/leadership_report/双光电多目标轨迹配准与交汇定位试验报告_CN.md,5,3.2.2 单站航迹结果,133,1,重复航迹,4,research_modules/independent_experiments/dual_optical_online_benchmark/outputs/report_replay_20260819_v2/combined_summary.json,summary.0,0,"[""single_station_duplicate_track_count""]","{""single_station_duplicate_track_count"": 4}",4,match
deliverables/leadership_report/双光电多目标轨迹配准与交汇定位试验报告_CN.md,5,3.2.2 单站航迹结果,133,1,混合航迹,38,research_modules/independent_experiments/dual_optical_online_benchmark/outputs/report_replay_20260819_v2/combined_summary.json,summary.0,0,"[""single_station_mixed_track_count""]","{""single_station_mixed_track_count"": 38}",38,match
deliverables/leadership_report/双光电多目标轨迹配准与交汇定位试验报告_CN.md,5,3.2.2 单站航迹结果,133,1,缺失身份机会,17,research_modules/independent_experiments/dual_optical_online_benchmark/outputs/report_replay_20260819_v2/combined_summary.json,summary.0,0,"[""single_station_missing_identity_count""]","{""single_station_missing_identity_count"": 17}",17,match
deliverables/leadership_report/双光电多目标轨迹配准与交汇定位试验报告_CN.md,5,3.2.2 单站航迹结果,133,2,单站精度,80.2%,research_modules/independent_experiments/dual_optical_online_benchmark/outputs/report_replay_20260819_v2/combined_summary.json,summary.4,4,"[""single_station_precision""]","{""single_station_precision"": 0.8020446096654275}",80.2%,match
deliverables/leadership_report/双光电多目标轨迹配准与交汇定位试验报告_CN.md,5,3.2.2 单站航迹结果,133,2,单站覆盖度,86.5%,research_modules/independent_experiments/dual_optical_online_benchmark/outputs/report_replay_20260819_v2/combined_summary.json,summary.4,4,"[""single_station_coverage""]","{""single_station_coverage"": 0.865}",86.5%,match
deliverables/leadership_report/双光电多目标轨迹配准与交汇定位试验报告_CN.md,5,3.2.2 单站航迹结果,133,2,重复航迹,2,research_modules/independent_experiments/dual_optical_online_benchmark/outputs/report_replay_20260819_v2/combined_summary.json,summary.4,4,"[""single_station_duplicate_track_count""]","{""single_station_duplicate_track_count"": 2}",2,match
deliverables/leadership_report/双光电多目标轨迹配准与交汇定位试验报告_CN.md,5,3.2.2 单站航迹结果,133,2,混合航迹,52,research_modules/independent_experiments/dual_optical_online_benchmark/outputs/report_replay_20260819_v2/combined_summary.json,summary.4,4,"[""single_station_mixed_track_count""]","{""single_station_mixed_track_count"": 52}",52,match
deliverables/leadership_report/双光电多目标轨迹配准与交汇定位试验报告_CN.md,5,3.2.2 单站航迹结果,133,2,缺失身份机会,27,research_modules/independent_experiments/dual_optical_online_benchmark/outputs/report_replay_20260819_v2/combined_summary.json,summary.4,4,"[""single_station_missing_identity_count""]","{""single_station_missing_identity_count"": 27}",27,match
deliverables/leadership_report/双光电多目标轨迹配准与交汇定位试验报告_CN.md,5,3.2.2 单站航迹结果,133,3,单站精度,64.8%,research_modules/independent_experiments/dual_optical_online_benchmark/outputs/report_replay_20260819_v2/combined_summary.json,summary.6,6,"[""single_station_precision""]","{""single_station_precision"": 0.6484312148028962}",64.8%,match
deliverables/leadership_report/双光电多目标轨迹配准与交汇定位试验报告_CN.md,5,3.2.2 单站航迹结果,133,3,单站覆盖度,84.0%,research_modules/independent_experiments/dual_optical_online_benchmark/outputs/report_replay_20260819_v2/combined_summary.json,summary.6,6,"[""single_station_coverage""]","{""single_station_coverage"": 0.84}",84.0%,match
deliverables/leadership_report/双光电多目标轨迹配准与交汇定位试验报告_CN.md,5,3.2.2 单站航迹结果,133,3,重复航迹,1,research_modules/independent_experiments/dual_optical_online_benchmark/outputs/report_replay_20260819_v2/combined_summary.json,summary.6,6,"[""single_station_duplicate_track_count""]","{""single_station_duplicate_track_count"": 1}",1,match
deliverables/leadership_report/双光电多目标轨迹配准与交汇定位试验报告_CN.md,5,3.2.2 单站航迹结果,133,3,混合航迹,72,research_modules/independent_experiments/dual_optical_online_benchmark/outputs/report_replay_20260819_v2/combined_summary.json,summary.6,6,"[""single_station_mixed_track_count""]","{""single_station_mixed_track_count"": 72}",72,match
deliverables/leadership_report/双光电多目标轨迹配准与交汇定位试验报告_CN.md,5,3.2.2 单站航迹结果,133,3,缺失身份机会,32,research_modules/independent_experiments/dual_optical_online_benchmark/outputs/report_replay_20260819_v2/combined_summary.json,summary.6,6,"[""single_station_missing_identity_count""]","{""single_station_missing_identity_count"": 32}",32,match
deliverables/leadership_report/双光电多目标轨迹配准与交汇定位试验报告_CN.md,5,3.2.2 单站航迹结果,133,4,单站精度,47.4%,research_modules/independent_experiments/dual_optical_online_benchmark/outputs/report_replay_20260819_v2/combined_summary.json,summary.2,2,"[""single_station_precision""]","{""single_station_precision"": 0.47432216905901115}",47.4%,match
deliverables/leadership_report/双光电多目标轨迹配准与交汇定位试验报告_CN.md,5,3.2.2 单站航迹结果,133,4,单站覆盖度,78.5%,research_modules/independent_experiments/dual_optical_online_benchmark/outputs/report_replay_20260819_v2/combined_summary.json,summary.2,2,"[""single_station_coverage""]","{""single_station_coverage"": 0.785}",78.5%,match
deliverables/leadership_report/双光电多目标轨迹配准与交汇定位试验报告_CN.md,5,3.2.2 单站航迹结果,133,4,重复航迹,2,research_modules/independent_experiments/dual_optical_online_benchmark/outputs/report_replay_20260819_v2/combined_summary.json,summary.2,2,"[""single_station_duplicate_track_count""]","{""single_station_duplicate_track_count"": 2}",2,match
deliverables/leadership_report/双光电多目标轨迹配准与交汇定位试验报告_CN.md,5,3.2.2 单站航迹结果,133,4,混合航迹,89,research_modules/independent_experiments/dual_optical_online_benchmark/outputs/report_replay_20260819_v2/combined_summary.json,summary.2,2,"[""single_station_mixed_track_count""]","{""single_station_mixed_track_count"": 89}",89,match
deliverables/leadership_report/双光电多目标轨迹配准与交汇定位试验报告_CN.md,5,3.2.2 单站航迹结果,133,4,缺失身份机会,43,research_modules/independent_experiments/dual_optical_online_benchmark/outputs/report_replay_20260819_v2/combined_summary.json,summary.2,2,"[""single_station_missing_identity_count""]","{""single_station_missing_identity_count"": 43}",43,match
deliverables/leadership_report/双光电多目标轨迹配准与交汇定位试验报告_CN.md,5,3.2.2 单站航迹结果,133,5,单站精度,88.9%,research_modules/independent_experiments/dual_optical_online_benchmark/outputs/report_replay_20260819_v2/combined_summary.json,summary.8,8,"[""single_station_precision""]","{""single_station_precision"": 0.8892998678996037}",88.9%,match
deliverables/leadership_report/双光电多目标轨迹配准与交汇定位试验报告_CN.md,5,3.2.2 单站航迹结果,133,5,单站覆盖度,80.2%,research_modules/independent_experiments/dual_optical_online_benchmark/outputs/report_replay_20260819_v2/combined_summary.json,summary.8,8,"[""single_station_coverage""]","{""single_station_coverage"": 0.8025}",80.2%,match
deliverables/leadership_report/双光电多目标轨迹配准与交汇定位试验报告_CN.md,5,3.2.2 单站航迹结果,133,5,重复航迹,5,research_modules/independent_experiments/dual_optical_online_benchmark/outputs/report_replay_20260819_v2/combined_summary.json,summary.8,8,"[""single_station_duplicate_track_count""]","{""single_station_duplicate_track_count"": 5}",5,match
deliverables/leadership_report/双光电多目标轨迹配准与交汇定位试验报告_CN.md,5,3.2.2 单站航迹结果,133,5,混合航迹,137,research_modules/independent_experiments/dual_optical_online_benchmark/outputs/report_replay_20260819_v2/combined_summary.json,summary.8,8,"[""single_station_mixed_track_count""]","{""single_station_mixed_track_count"": 137}",137,match
deliverables/leadership_report/双光电多目标轨迹配准与交汇定位试验报告_CN.md,5,3.2.2 单站航迹结果,133,5,缺失身份机会,79,research_modules/independent_experiments/dual_optical_online_benchmark/outputs/report_replay_20260819_v2/combined_summary.json,summary.8,8,"[""single_station_missing_identity_count""]","{""single_station_missing_identity_count"": 79}",79,match
deliverables/leadership_report/双光电多目标轨迹配准与交汇定位试验报告_CN.md,5,3.2.2 单站航迹结果,133,6,单站精度,82.1%,research_modules/independent_experiments/dual_optical_online_benchmark/outputs/report_replay_20260819_v2/combined_summary.json,summary.12,12,"[""single_station_precision""]","{""single_station_precision"": 0.8210262828535669}",82.1%,match
deliverables/leadership_report/双光电多目标轨迹配准与交汇定位试验报告_CN.md,5,3.2.2 单站航迹结果,133,6,单站覆盖度,78.2%,research_modules/independent_experiments/dual_optical_online_benchmark/outputs/report_replay_20260819_v2/combined_summary.json,summary.12,12,"[""single_station_coverage""]","{""single_station_coverage"": 0.7825}",78.2%,match
deliverables/leadership_report/双光电多目标轨迹配准与交汇定位试验报告_CN.md,5,3.2.2 单站航迹结果,133,6,重复航迹,5,research_modules/independent_experiments/dual_optical_online_benchmark/outputs/report_replay_20260819_v2/combined_summary.json,summary.12,12,"[""single_station_duplicate_track_count""]","{""single_station_duplicate_track_count"": 5}",5,match
deliverables/leadership_report/双光电多目标轨迹配准与交汇定位试验报告_CN.md,5,3.2.2 单站航迹结果,133,6,混合航迹,156,research_modules/independent_experiments/dual_optical_online_benchmark/outputs/report_replay_20260819_v2/combined_summary.json,summary.12,12,"[""single_station_mixed_track_count""]","{""single_station_mixed_track_count"": 156}",156,match
deliverables/leadership_report/双光电多目标轨迹配准与交汇定位试验报告_CN.md,5,3.2.2 单站航迹结果,133,6,缺失身份机会,87,research_modules/independent_experiments/dual_optical_online_benchmark/outputs/report_replay_20260819_v2/combined_summary.json,summary.12,12,"[""single_station_missing_identity_count""]","{""single_station_missing_identity_count"": 87}",87,match
deliverables/leadership_report/双光电多目标轨迹配准与交汇定位试验报告_CN.md,5,3.2.2 单站航迹结果,133,7,单站精度,67.6%,research_modules/independent_experiments/dual_optical_online_benchmark/outputs/report_replay_20260819_v2/combined_summary.json,summary.14,14,"[""single_station_precision""]","{""single_station_precision"": 0.6757396449704142}",67.6%,match
deliverables/leadership_report/双光电多目标轨迹配准与交汇定位试验报告_CN.md,5,3.2.2 单站航迹结果,133,7,单站覆盖度,66.2%,research_modules/independent_experiments/dual_optical_online_benchmark/outputs/report_replay_20260819_v2/combined_summary.json,summary.14,14,"[""single_station_coverage""]","{""single_station_coverage"": 0.6625}",66.2%,match
deliverables/leadership_report/双光电多目标轨迹配准与交汇定位试验报告_CN.md,5,3.2.2 单站航迹结果,133,7,重复航迹,3,research_modules/independent_experiments/dual_optical_online_benchmark/outputs/report_replay_20260819_v2/combined_summary.json,summary.14,14,"[""single_station_duplicate_track_count""]","{""single_station_duplicate_track_count"": 3}",3,match
deliverables/leadership_report/双光电多目标轨迹配准与交汇定位试验报告_CN.md,5,3.2.2 单站航迹结果,133,7,混合航迹,213,research_modules/independent_experiments/dual_optical_online_benchmark/outputs/report_replay_20260819_v2/combined_summary.json,summary.14,14,"[""single_station_mixed_track_count""]","{""single_station_mixed_track_count"": 213}",213,match
deliverables/leadership_report/双光电多目标轨迹配准与交汇定位试验报告_CN.md,5,3.2.2 单站航迹结果,133,7,缺失身份机会,135,research_modules/independent_experiments/dual_optical_online_benchmark/outputs/report_replay_20260819_v2/combined_summary.json,summary.14,14,"[""single_station_missing_identity_count""]","{""single_station_missing_identity_count"": 135}",135,match
deliverables/leadership_report/双光电多目标轨迹配准与交汇定位试验报告_CN.md,5,3.2.2 单站航迹结果,133,8,单站精度,57.5%,research_modules/independent_experiments/dual_optical_online_benchmark/outputs/report_replay_20260819_v2/combined_summary.json,summary.10,10,"[""single_station_precision""]","{""single_station_precision"": 0.5754991680532446}",57.5%,match
deliverables/leadership_report/双光电多目标轨迹配准与交汇定位试验报告_CN.md,5,3.2.2 单站航迹结果,133,8,单站覆盖度,67.2%,research_modules/independent_experiments/dual_optical_online_benchmark/outputs/report_replay_20260819_v2/combined_summary.json,summary.10,10,"[""single_station_coverage""]","{""single_station_coverage"": 0.6725}",67.2%,match
deliverables/leadership_report/双光电多目标轨迹配准与交汇定位试验报告_CN.md,5,3.2.2 单站航迹结果,133,8,重复航迹,3,research_modules/independent_experiments/dual_optical_online_benchmark/outputs/report_replay_20260819_v2/combined_summary.json,summary.10,10,"[""single_station_duplicate_track_count""]","{""single_station_duplicate_track_count"": 3}",3,match
deliverables/leadership_report/双光电多目标轨迹配准与交汇定位试验报告_CN.md,5,3.2.2 单站航迹结果,133,8,混合航迹,219,research_modules/independent_experiments/dual_optical_online_benchmark/outputs/report_replay_20260819_v2/combined_summary.json,summary.10,10,"[""single_station_mixed_track_count""]","{""single_station_mixed_track_count"": 219}",219,match
deliverables/leadership_report/双光电多目标轨迹配准与交汇定位试验报告_CN.md,5,3.2.2 单站航迹结果,133,8,缺失身份机会,131,research_modules/independent_experiments/dual_optical_online_benchmark/outputs/report_replay_20260819_v2/combined_summary.json,summary.10,10,"[""single_station_missing_identity_count""]","{""single_station_missing_identity_count"": 131}",131,match
deliverables/leadership_report/双光电多目标轨迹配准与交汇定位试验报告_CN.md,5,3.2.2 单站航迹结果,133,9,单站精度,85.2%,research_modules/independent_experiments/dual_optical_online_benchmark/outputs/report_replay_20260819_v2/combined_summary.json,summary.16,16,"[""single_station_precision""]","{""single_station_precision"": 0.8516695957820738}",85.2%,match
deliverables/leadership_report/双光电多目标轨迹配准与交汇定位试验报告_CN.md,5,3.2.2 单站航迹结果,133,9,单站覆盖度,73.2%,research_modules/independent_experiments/dual_optical_online_benchmark/outputs/report_replay_20260819_v2/combined_summary.json,summary.16,16,"[""single_station_coverage""]","{""single_station_coverage"": 0.7316666666666667}",73.2%,match
deliverables/leadership_report/双光电多目标轨迹配准与交汇定位试验报告_CN.md,5,3.2.2 单站航迹结果,133,9,重复航迹,4,research_modules/independent_experiments/dual_optical_online_benchmark/outputs/report_replay_20260819_v2/combined_summary.json,summary.16,16,"[""single_station_duplicate_track_count""]","{""single_station_duplicate_track_count"": 4}",4,match
deliverables/leadership_report/双光电多目标轨迹配准与交汇定位试验报告_CN.md,5,3.2.2 单站航迹结果,133,9,混合航迹,249,research_modules/independent_experiments/dual_optical_online_benchmark/outputs/report_replay_20260819_v2/combined_summary.json,summary.16,16,"[""single_station_mixed_track_count""]","{""single_station_mixed_track_count"": 249}",249,match
deliverables/leadership_report/双光电多目标轨迹配准与交汇定位试验报告_CN.md,5,3.2.2 单站航迹结果,133,9,缺失身份机会,161,research_modules/independent_experiments/dual_optical_online_benchmark/outputs/report_replay_20260819_v2/combined_summary.json,summary.16,16,"[""single_station_missing_identity_count""]","{""single_station_missing_identity_count"": 161}",161,match
deliverables/leadership_report/双光电多目标轨迹配准与交汇定位试验报告_CN.md,5,3.2.2 单站航迹结果,133,10,单站精度,78.5%,research_modules/independent_experiments/dual_optical_online_benchmark/outputs/report_replay_20260819_v2/combined_summary.json,summary.20,20,"[""single_station_precision""]","{""single_station_precision"": 0.7851622874806801}",78.5%,match
deliverables/leadership_report/双光电多目标轨迹配准与交汇定位试验报告_CN.md,5,3.2.2 单站航迹结果,133,10,单站覆盖度,71.2%,research_modules/independent_experiments/dual_optical_online_benchmark/outputs/report_replay_20260819_v2/combined_summary.json,summary.20,20,"[""single_station_coverage""]","{""single_station_coverage"": 0.7116666666666667}",71.2%,match
deliverables/leadership_report/双光电多目标轨迹配准与交汇定位试验报告_CN.md,5,3.2.2 单站航迹结果,133,10,重复航迹,1,research_modules/independent_experiments/dual_optical_online_benchmark/outputs/report_replay_20260819_v2/combined_summary.json,summary.20,20,"[""single_station_duplicate_track_count""]","{""single_station_duplicate_track_count"": 1}",1,match
deliverables/leadership_report/双光电多目标轨迹配准与交汇定位试验报告_CN.md,5,3.2.2 单站航迹结果,133,10,混合航迹,278,research_modules/independent_experiments/dual_optical_online_benchmark/outputs/report_replay_20260819_v2/combined_summary.json,summary.20,20,"[""single_station_mixed_track_count""]","{""single_station_mixed_track_count"": 278}",278,match
deliverables/leadership_report/双光电多目标轨迹配准与交汇定位试验报告_CN.md,5,3.2.2 单站航迹结果,133,10,缺失身份机会,173,research_modules/independent_experiments/dual_optical_online_benchmark/outputs/report_replay_20260819_v2/combined_summary.json,summary.20,20,"[""single_station_missing_identity_count""]","{""single_station_missing_identity_count"": 173}",173,match
deliverables/leadership_report/双光电多目标轨迹配准与交汇定位试验报告_CN.md,5,3.2.2 单站航迹结果,133,11,单站精度,72.2%,research_modules/independent_experiments/dual_optical_online_benchmark/outputs/report_replay_20260819_v2/combined_summary.json,summary.22,22,"[""single_station_precision""]","{""single_station_precision"": 0.7221945963865407}",72.2%,match
deliverables/leadership_report/双光电多目标轨迹配准与交汇定位试验报告_CN.md,5,3.2.2 单站航迹结果,133,11,单站覆盖度,71.3%,research_modules/independent_experiments/dual_optical_online_benchmark/outputs/report_replay_20260819_v2/combined_summary.json,summary.22,22,"[""single_station_coverage""]","{""single_station_coverage"": 0.7133333333333334}",71.3%,match
deliverables/leadership_report/双光电多目标轨迹配准与交汇定位试验报告_CN.md,5,3.2.2 单站航迹结果,133,11,重复航迹,2,research_modules/independent_experiments/dual_optical_online_benchmark/outputs/report_replay_20260819_v2/combined_summary.json,summary.22,22,"[""single_station_duplicate_track_count""]","{""single_station_duplicate_track_count"": 2}",2,match
deliverables/leadership_report/双光电多目标轨迹配准与交汇定位试验报告_CN.md,5,3.2.2 单站航迹结果,133,11,混合航迹,276,research_modules/independent_experiments/dual_optical_online_benchmark/outputs/report_replay_20260819_v2/combined_summary.json,summary.22,22,"[""single_station_mixed_track_count""]","{""single_station_mixed_track_count"": 276}",276,match
deliverables/leadership_report/双光电多目标轨迹配准与交汇定位试验报告_CN.md,5,3.2.2 单站航迹结果,133,11,缺失身份机会,172,research_modules/independent_experiments/dual_optical_online_benchmark/outputs/report_replay_20260819_v2/combined_summary.json,summary.22,22,"[""single_station_missing_identity_count""]","{""single_station_missing_identity_count"": 172}",172,match
deliverables/leadership_report/双光电多目标轨迹配准与交汇定位试验报告_CN.md,5,3.2.2 单站航迹结果,133,12,单站精度,62.0%,research_modules/independent_experiments/dual_optical_online_benchmark/outputs/report_replay_20260819_v2/combined_summary.json,summary.18,18,"[""single_station_precision""]","{""single_station_precision"": 0.6202786377708979}",62.0%,match
deliverables/leadership_report/双光电多目标轨迹配准与交汇定位试验报告_CN.md,5,3.2.2 单站航迹结果,133,12,单站覆盖度,63.2%,research_modules/independent_experiments/dual_optical_online_benchmark/outputs/report_replay_20260819_v2/combined_summary.json,summary.18,18,"[""single_station_coverage""]","{""single_station_coverage"": 0.6316666666666667}",63.2%,match
deliverables/leadership_report/双光电多目标轨迹配准与交汇定位试验报告_CN.md,5,3.2.2 单站航迹结果,133,12,重复航迹,3,research_modules/independent_experiments/dual_optical_online_benchmark/outputs/report_replay_20260819_v2/combined_summary.json,summary.18,18,"[""single_station_duplicate_track_count""]","{""single_station_duplicate_track_count"": 3}",3,match
deliverables/leadership_report/双光电多目标轨迹配准与交汇定位试验报告_CN.md,5,3.2.2 单站航迹结果,133,12,混合航迹,338,research_modules/independent_experiments/dual_optical_online_benchmark/outputs/report_replay_20260819_v2/combined_summary.json,summary.18,18,"[""single_station_mixed_track_count""]","{""single_station_mixed_track_count"": 338}",338,match
deliverables/leadership_report/双光电多目标轨迹配准与交汇定位试验报告_CN.md,5,3.2.2 单站航迹结果,133,12,缺失身份机会,221,research_modules/independent_experiments/dual_optical_online_benchmark/outputs/report_replay_20260819_v2/combined_summary.json,summary.18,18,"[""single_station_missing_identity_count""]","{""single_station_missing_identity_count"": 221}",221,match
deliverables/leadership_report/双光电多目标轨迹配准与交汇定位试验报告_CN.md,6,3.2.3 双站配准结果,156,1,质量精度,85.7%,research_modules/independent_experiments/dual_optical_online_benchmark/outputs/report_replay_20260819_v2/combined_summary.json,summary.0,0,"[""offline_completed_precision""]","{""offline_completed_precision"": 0.8571428571428571}",85.7%,match
deliverables/leadership_report/双光电多目标轨迹配准与交汇定位试验报告_CN.md,6,3.2.3 双站配准结果,156,1,质量覆盖度,66.0%,research_modules/independent_experiments/dual_optical_online_benchmark/outputs/report_replay_20260819_v2/combined_summary.json,summary.0,0,"[""offline_completed_coverage""]","{""offline_completed_coverage"": 0.66}",66.0%,match
deliverables/leadership_report/双光电多目标轨迹配准与交汇定位试验报告_CN.md,6,3.2.3 双站配准结果,156,1,按时覆盖度,0.0%,research_modules/independent_experiments/dual_optical_online_benchmark/outputs/report_replay_20260819_v2/combined_summary.json,summary.0,0,"[""on_time_coverage""]","{""on_time_coverage"": 0.0}",0.0%,match
deliverables/leadership_report/双光电多目标轨迹配准与交汇定位试验报告_CN.md,6,3.2.3 双站配准结果,156,1,处理耗时P95,1702.2毫秒,research_modules/independent_experiments/dual_optical_online_benchmark/outputs/report_replay_20260819_v2/combined_summary.json,summary.0,0,"[""latency_p95_ms""]","{""latency_p95_ms"": 1702.225114000612}",1702.2毫秒,match
deliverables/leadership_report/双光电多目标轨迹配准与交汇定位试验报告_CN.md,6,3.2.3 双站配准结果,156,1,超时数,5/5,research_modules/independent_experiments/dual_optical_online_benchmark/outputs/report_replay_20260819_v2/combined_summary.json,summary.0,0,"[""timeout_count"", ""sample_count""]","{""timeout_count"": 5, ""sample_count"": 5}",5/5,match
deliverables/leadership_report/双光电多目标轨迹配准与交汇定位试验报告_CN.md,6,3.2.3 双站配准结果,156,2,质量精度,74.7%,research_modules/independent_experiments/dual_optical_online_benchmark/outputs/report_replay_20260819_v2/combined_summary.json,summary.1,1,"[""offline_completed_precision""]","{""offline_completed_precision"": 0.7466666666666667}",74.7%,match
deliverables/leadership_report/双光电多目标轨迹配准与交汇定位试验报告_CN.md,6,3.2.3 双站配准结果,156,2,质量覆盖度,56.0%,research_modules/independent_experiments/dual_optical_online_benchmark/outputs/report_replay_20260819_v2/combined_summary.json,summary.1,1,"[""offline_completed_coverage""]","{""offline_completed_coverage"": 0.56}",56.0%,match
deliverables/leadership_report/双光电多目标轨迹配准与交汇定位试验报告_CN.md,6,3.2.3 双站配准结果,156,2,按时覆盖度,56.0%,research_modules/independent_experiments/dual_optical_online_benchmark/outputs/report_replay_20260819_v2/combined_summary.json,summary.1,1,"[""on_time_coverage""]","{""on_time_coverage"": 0.56}",56.0%,match
deliverables/leadership_report/双光电多目标轨迹配准与交汇定位试验报告_CN.md,6,3.2.3 双站配准结果,156,2,处理耗时P95,76.6毫秒,research_modules/independent_experiments/dual_optical_online_benchmark/outputs/report_replay_20260819_v2/combined_summary.json,summary.1,1,"[""latency_p95_ms""]","{""latency_p95_ms"": 76.64294500136748}",76.6毫秒,match
deliverables/leadership_report/双光电多目标轨迹配准与交汇定位试验报告_CN.md,6,3.2.3 双站配准结果,156,2,超时数,0/5,research_modules/independent_experiments/dual_optical_online_benchmark/outputs/report_replay_20260819_v2/combined_summary.json,summary.1,1,"[""timeout_count"", ""sample_count""]","{""timeout_count"": 0, ""sample_count"": 5}",0/5,match
deliverables/leadership_report/双光电多目标轨迹配准与交汇定位试验报告_CN.md,6,3.2.3 双站配准结果,156,3,质量精度,88.1%,research_modules/independent_experiments/dual_optical_online_benchmark/outputs/report_replay_20260819_v2/combined_summary.json,summary.4,4,"[""offline_completed_precision""]","{""offline_completed_precision"": 0.8805970149253731}",88.1%,match
deliverables/leadership_report/双光电多目标轨迹配准与交汇定位试验报告_CN.md,6,3.2.3 双站配准结果,156,3,质量覆盖度,59.0%,research_modules/independent_experiments/dual_optical_online_benchmark/outputs/report_replay_20260819_v2/combined_summary.json,summary.4,4,"[""offline_completed_coverage""]","{""offline_completed_coverage"": 0.59}",59.0%,match
deliverables/leadership_report/双光电多目标轨迹配准与交汇定位试验报告_CN.md,6,3.2.3 双站配准结果,156,3,按时覆盖度,0.0%,research_modules/independent_experiments/dual_optical_online_benchmark/outputs/report_replay_20260819_v2/combined_summary.json,summary.4,4,"[""on_time_coverage""]","{""on_time_coverage"": 0.0}",0.0%,match
deliverables/leadership_report/双光电多目标轨迹配准与交汇定位试验报告_CN.md,6,3.2.3 双站配准结果,156,3,处理耗时P95,1983.1毫秒,research_modules/independent_experiments/dual_optical_online_benchmark/outputs/report_replay_20260819_v2/combined_summary.json,summary.4,4,"[""latency_p95_ms""]","{""latency_p95_ms"": 1983.148554001673}",1983.1毫秒,match
deliverables/leadership_report/双光电多目标轨迹配准与交汇定位试验报告_CN.md,6,3.2.3 双站配准结果,156,3,超时数,5/5,research_modules/independent_experiments/dual_optical_online_benchmark/outputs/report_replay_20260819_v2/combined_summary.json,summary.4,4,"[""timeout_count"", ""sample_count""]","{""timeout_count"": 5, ""sample_count"": 5}",5/5,match
deliverables/leadership_report/双光电多目标轨迹配准与交汇定位试验报告_CN.md,6,3.2.3 双站配准结果,156,4,质量精度,69.9%,research_modules/independent_experiments/dual_optical_online_benchmark/outputs/report_replay_20260819_v2/combined_summary.json,summary.5,5,"[""offline_completed_precision""]","{""offline_completed_precision"": 0.6986301369863014}",69.9%,match
deliverables/leadership_report/双光电多目标轨迹配准与交汇定位试验报告_CN.md,6,3.2.3 双站配准结果,156,4,质量覆盖度,51.0%,research_modules/independent_experiments/dual_optical_online_benchmark/outputs/report_replay_20260819_v2/combined_summary.json,summary.5,5,"[""offline_completed_coverage""]","{""offline_completed_coverage"": 0.51}",51.0%,match
deliverables/leadership_report/双光电多目标轨迹配准与交汇定位试验报告_CN.md,6,3.2.3 双站配准结果,156,4,按时覆盖度,51.0%,research_modules/independent_experiments/dual_optical_online_benchmark/outputs/report_replay_20260819_v2/combined_summary.json,summary.5,5,"[""on_time_coverage""]","{""on_time_coverage"": 0.51}",51.0%,match
deliverables/leadership_report/双光电多目标轨迹配准与交汇定位试验报告_CN.md,6,3.2.3 双站配准结果,156,4,处理耗时P95,94.2毫秒,research_modules/independent_experiments/dual_optical_online_benchmark/outputs/report_replay_20260819_v2/combined_summary.json,summary.5,5,"[""latency_p95_ms""]","{""latency_p95_ms"": 94.22590299800504}",94.2毫秒,match
deliverables/leadership_report/双光电多目标轨迹配准与交汇定位试验报告_CN.md,6,3.2.3 双站配准结果,156,4,超时数,0/5,research_modules/independent_experiments/dual_optical_online_benchmark/outputs/report_replay_20260819_v2/combined_summary.json,summary.5,5,"[""timeout_count"", ""sample_count""]","{""timeout_count"": 0, ""sample_count"": 5}",0/5,match
deliverables/leadership_report/双光电多目标轨迹配准与交汇定位试验报告_CN.md,6,3.2.3 双站配准结果,156,5,质量精度,82.3%,research_modules/independent_experiments/dual_optical_online_benchmark/outputs/report_replay_20260819_v2/combined_summary.json,summary.6,6,"[""offline_completed_precision""]","{""offline_completed_precision"": 0.8225806451612904}",82.3%,match
deliverables/leadership_report/双光电多目标轨迹配准与交汇定位试验报告_CN.md,6,3.2.3 双站配准结果,156,5,质量覆盖度,51.0%,research_modules/independent_experiments/dual_optical_online_benchmark/outputs/report_replay_20260819_v2/combined_summary.json,summary.6,6,"[""offline_completed_coverage""]","{""offline_completed_coverage"": 0.51}",51.0%,match
deliverables/leadership_report/双光电多目标轨迹配准与交汇定位试验报告_CN.md,6,3.2.3 双站配准结果,156,5,按时覆盖度,0.0%,research_modules/independent_experiments/dual_optical_online_benchmark/outputs/report_replay_20260819_v2/combined_summary.json,summary.6,6,"[""on_time_coverage""]","{""on_time_coverage"": 0.0}",0.0%,match
deliverables/leadership_report/双光电多目标轨迹配准与交汇定位试验报告_CN.md,6,3.2.3 双站配准结果,156,5,处理耗时P95,2421.2毫秒,research_modules/independent_experiments/dual_optical_online_benchmark/outputs/report_replay_20260819_v2/combined_summary.json,summary.6,6,"[""latency_p95_ms""]","{""latency_p95_ms"": 2421.1869870014198}",2421.2毫秒,match
deliverables/leadership_report/双光电多目标轨迹配准与交汇定位试验报告_CN.md,6,3.2.3 双站配准结果,156,5,超时数,5/5,research_modules/independent_experiments/dual_optical_online_benchmark/outputs/report_replay_20260819_v2/combined_summary.json,summary.6,6,"[""timeout_count"", ""sample_count""]","{""timeout_count"": 5, ""sample_count"": 5}",5/5,match
deliverables/leadership_report/双光电多目标轨迹配准与交汇定位试验报告_CN.md,6,3.2.3 双站配准结果,156,6,质量精度,59.7%,research_modules/independent_experiments/dual_optical_online_benchmark/outputs/report_replay_20260819_v2/combined_summary.json,summary.7,7,"[""offline_completed_precision""]","{""offline_completed_precision"": 0.5970149253731343}",59.7%,match
deliverables/leadership_report/双光电多目标轨迹配准与交汇定位试验报告_CN.md,6,3.2.3 双站配准结果,156,6,质量覆盖度,40.0%,research_modules/independent_experiments/dual_optical_online_benchmark/outputs/report_replay_20260819_v2/combined_summary.json,summary.7,7,"[""offline_completed_coverage""]","{""offline_completed_coverage"": 0.4}",40.0%,match
deliverables/leadership_report/双光电多目标轨迹配准与交汇定位试验报告_CN.md,6,3.2.3 双站配准结果,156,6,按时覆盖度,40.0%,research_modules/independent_experiments/dual_optical_online_benchmark/outputs/report_replay_20260819_v2/combined_summary.json,summary.7,7,"[""on_time_coverage""]","{""on_time_coverage"": 0.4}",40.0%,match
deliverables/leadership_report/双光电多目标轨迹配准与交汇定位试验报告_CN.md,6,3.2.3 双站配准结果,156,6,处理耗时P95,121.4毫秒,research_modules/independent_experiments/dual_optical_online_benchmark/outputs/report_replay_20260819_v2/combined_summary.json,summary.7,7,"[""latency_p95_ms""]","{""latency_p95_ms"": 121.35436400058097}",121.4毫秒,match
deliverables/leadership_report/双光电多目标轨迹配准与交汇定位试验报告_CN.md,6,3.2.3 双站配准结果,156,6,超时数,0/5,research_modules/independent_experiments/dual_optical_online_benchmark/outputs/report_replay_20260819_v2/combined_summary.json,summary.7,7,"[""timeout_count"", ""sample_count""]","{""timeout_count"": 0, ""sample_count"": 5}",0/5,match
deliverables/leadership_report/双光电多目标轨迹配准与交汇定位试验报告_CN.md,6,3.2.3 双站配准结果,156,7,质量精度,74.1%,research_modules/independent_experiments/dual_optical_online_benchmark/outputs/report_replay_20260819_v2/combined_summary.json,summary.2,2,"[""offline_completed_precision""]","{""offline_completed_precision"": 0.7407407407407407}",74.1%,match
deliverables/leadership_report/双光电多目标轨迹配准与交汇定位试验报告_CN.md,6,3.2.3 双站配准结果,156,7,质量覆盖度,40.0%,research_modules/independent_experiments/dual_optical_online_benchmark/outputs/report_replay_20260819_v2/combined_summary.json,summary.2,2,"[""offline_completed_coverage""]","{""offline_completed_coverage"": 0.4}",40.0%,match
deliverables/leadership_report/双光电多目标轨迹配准与交汇定位试验报告_CN.md,6,3.2.3 双站配准结果,156,7,按时覆盖度,0.0%,research_modules/independent_experiments/dual_optical_online_benchmark/outputs/report_replay_20260819_v2/combined_summary.json,summary.2,2,"[""on_time_coverage""]","{""on_time_coverage"": 0.0}",0.0%,match
deliverables/leadership_report/双光电多目标轨迹配准与交汇定位试验报告_CN.md,6,3.2.3 双站配准结果,156,7,处理耗时P95,3162.8毫秒,research_modules/independent_experiments/dual_optical_online_benchmark/outputs/report_replay_20260819_v2/combined_summary.json,summary.2,2,"[""latency_p95_ms""]","{""latency_p95_ms"": 3162.7678770018974}",3162.8毫秒,match
deliverables/leadership_report/双光电多目标轨迹配准与交汇定位试验报告_CN.md,6,3.2.3 双站配准结果,156,7,超时数,5/5,research_modules/independent_experiments/dual_optical_online_benchmark/outputs/report_replay_20260819_v2/combined_summary.json,summary.2,2,"[""timeout_count"", ""sample_count""]","{""timeout_count"": 5, ""sample_count"": 5}",5/5,match
deliverables/leadership_report/双光电多目标轨迹配准与交汇定位试验报告_CN.md,6,3.2.3 双站配准结果,156,8,质量精度,54.8%,research_modules/independent_experiments/dual_optical_online_benchmark/outputs/report_replay_20260819_v2/combined_summary.json,summary.3,3,"[""offline_completed_precision""]","{""offline_completed_precision"": 0.5483870967741935}",54.8%,match
deliverables/leadership_report/双光电多目标轨迹配准与交汇定位试验报告_CN.md,6,3.2.3 双站配准结果,156,8,质量覆盖度,34.0%,research_modules/independent_experiments/dual_optical_online_benchmark/outputs/report_replay_20260819_v2/combined_summary.json,summary.3,3,"[""offline_completed_coverage""]","{""offline_completed_coverage"": 0.34}",34.0%,match
deliverables/leadership_report/双光电多目标轨迹配准与交汇定位试验报告_CN.md,6,3.2.3 双站配准结果,156,8,按时覆盖度,34.0%,research_modules/independent_experiments/dual_optical_online_benchmark/outputs/report_replay_20260819_v2/combined_summary.json,summary.3,3,"[""on_time_coverage""]","{""on_time_coverage"": 0.34}",34.0%,match
deliverables/leadership_report/双光电多目标轨迹配准与交汇定位试验报告_CN.md,6,3.2.3 双站配准结果,156,8,处理耗时P95,165.8毫秒,research_modules/independent_experiments/dual_optical_online_benchmark/outputs/report_replay_20260819_v2/combined_summary.json,summary.3,3,"[""latency_p95_ms""]","{""latency_p95_ms"": 165.76083499967353}",165.8毫秒,match
deliverables/leadership_report/双光电多目标轨迹配准与交汇定位试验报告_CN.md,6,3.2.3 双站配准结果,156,8,超时数,0/5,research_modules/independent_experiments/dual_optical_online_benchmark/outputs/report_replay_20260819_v2/combined_summary.json,summary.3,3,"[""timeout_count"", ""sample_count""]","{""timeout_count"": 0, ""sample_count"": 5}",0/5,match
deliverables/leadership_report/双光电多目标轨迹配准与交汇定位试验报告_CN.md,6,3.2.3 双站配准结果,156,9,质量精度,59.7%,research_modules/independent_experiments/dual_optical_online_benchmark/outputs/report_replay_20260819_v2/combined_summary.json,summary.8,8,"[""offline_completed_precision""]","{""offline_completed_precision"": 0.5971223021582733}",59.7%,match
deliverables/leadership_report/双光电多目标轨迹配准与交汇定位试验报告_CN.md,6,3.2.3 双站配准结果,156,9,质量覆盖度,41.5%,research_modules/independent_experiments/dual_optical_online_benchmark/outputs/report_replay_20260819_v2/combined_summary.json,summary.8,8,"[""offline_completed_coverage""]","{""offline_completed_coverage"": 0.415}",41.5%,match
deliverables/leadership_report/双光电多目标轨迹配准与交汇定位试验报告_CN.md,6,3.2.3 双站配准结果,156,9,按时覆盖度,0.0%,research_modules/independent_experiments/dual_optical_online_benchmark/outputs/report_replay_20260819_v2/combined_summary.json,summary.8,8,"[""on_time_coverage""]","{""on_time_coverage"": 0.0}",0.0%,match
deliverables/leadership_report/双光电多目标轨迹配准与交汇定位试验报告_CN.md,6,3.2.3 双站配准结果,156,9,处理耗时P95,4111.0毫秒,research_modules/independent_experiments/dual_optical_online_benchmark/outputs/report_replay_20260819_v2/combined_summary.json,summary.8,8,"[""latency_p95_ms""]","{""latency_p95_ms"": 4111.028073002672}",4111.0毫秒,match
deliverables/leadership_report/双光电多目标轨迹配准与交汇定位试验报告_CN.md,6,3.2.3 双站配准结果,156,9,超时数,5/5,research_modules/independent_experiments/dual_optical_online_benchmark/outputs/report_replay_20260819_v2/combined_summary.json,summary.8,8,"[""timeout_count"", ""sample_count""]","{""timeout_count"": 5, ""sample_count"": 5}",5/5,match
deliverables/leadership_report/双光电多目标轨迹配准与交汇定位试验报告_CN.md,6,3.2.3 双站配准结果,156,10,质量精度,76.5%,research_modules/independent_experiments/dual_optical_online_benchmark/outputs/report_replay_20260819_v2/combined_summary.json,summary.9,9,"[""offline_completed_precision""]","{""offline_completed_precision"": 0.7651515151515151}",76.5%,match
deliverables/leadership_report/双光电多目标轨迹配准与交汇定位试验报告_CN.md,6,3.2.3 双站配准结果,156,10,质量覆盖度,50.5%,research_modules/independent_experiments/dual_optical_online_benchmark/outputs/report_replay_20260819_v2/combined_summary.json,summary.9,9,"[""offline_completed_coverage""]","{""offline_completed_coverage"": 0.505}",50.5%,match
deliverables/leadership_report/双光电多目标轨迹配准与交汇定位试验报告_CN.md,6,3.2.3 双站配准结果,156,10,按时覆盖度,50.5%,research_modules/independent_experiments/dual_optical_online_benchmark/outputs/report_replay_20260819_v2/combined_summary.json,summary.9,9,"[""on_time_coverage""]","{""on_time_coverage"": 0.505}",50.5%,match
deliverables/leadership_report/双光电多目标轨迹配准与交汇定位试验报告_CN.md,6,3.2.3 双站配准结果,156,10,处理耗时P95,199.8毫秒,research_modules/independent_experiments/dual_optical_online_benchmark/outputs/report_replay_20260819_v2/combined_summary.json,summary.9,9,"[""latency_p95_ms""]","{""latency_p95_ms"": 199.8295830017014}",199.8毫秒,match
deliverables/leadership_report/双光电多目标轨迹配准与交汇定位试验报告_CN.md,6,3.2.3 双站配准结果,156,10,超时数,0/5,research_modules/independent_experiments/dual_optical_online_benchmark/outputs/report_replay_20260819_v2/combined_summary.json,summary.9,9,"[""timeout_count"", ""sample_count""]","{""timeout_count"": 0, ""sample_count"": 5}",0/5,match
deliverables/leadership_report/双光电多目标轨迹配准与交汇定位试验报告_CN.md,6,3.2.3 双站配准结果,156,11,质量精度,64.3%,research_modules/independent_experiments/dual_optical_online_benchmark/outputs/report_replay_20260819_v2/combined_summary.json,summary.12,12,"[""offline_completed_precision""]","{""offline_completed_precision"": 0.6434782608695652}",64.3%,match
deliverables/leadership_report/双光电多目标轨迹配准与交汇定位试验报告_CN.md,6,3.2.3 双站配准结果,156,11,质量覆盖度,37.0%,research_modules/independent_experiments/dual_optical_online_benchmark/outputs/report_replay_20260819_v2/combined_summary.json,summary.12,12,"[""offline_completed_coverage""]","{""offline_completed_coverage"": 0.37}",37.0%,match
deliverables/leadership_report/双光电多目标轨迹配准与交汇定位试验报告_CN.md,6,3.2.3 双站配准结果,156,11,按时覆盖度,0.0%,research_modules/independent_experiments/dual_optical_online_benchmark/outputs/report_replay_20260819_v2/combined_summary.json,summary.12,12,"[""on_time_coverage""]","{""on_time_coverage"": 0.0}",0.0%,match
deliverables/leadership_report/双光电多目标轨迹配准与交汇定位试验报告_CN.md,6,3.2.3 双站配准结果,156,11,处理耗时P95,4358.2毫秒,research_modules/independent_experiments/dual_optical_online_benchmark/outputs/report_replay_20260819_v2/combined_summary.json,summary.12,12,"[""latency_p95_ms""]","{""latency_p95_ms"": 4358.182985000894}",4358.2毫秒,match
deliverables/leadership_report/双光电多目标轨迹配准与交汇定位试验报告_CN.md,6,3.2.3 双站配准结果,156,11,超时数,5/5,research_modules/independent_experiments/dual_optical_online_benchmark/outputs/report_replay_20260819_v2/combined_summary.json,summary.12,12,"[""timeout_count"", ""sample_count""]","{""timeout_count"": 5, ""sample_count"": 5}",5/5,match
deliverables/leadership_report/双光电多目标轨迹配准与交汇定位试验报告_CN.md,6,3.2.3 双站配准结果,156,12,质量精度,65.6%,research_modules/independent_experiments/dual_optical_online_benchmark/outputs/report_replay_20260819_v2/combined_summary.json,summary.13,13,"[""offline_completed_precision""]","{""offline_completed_precision"": 0.65625}",65.6%,match
deliverables/leadership_report/双光电多目标轨迹配准与交汇定位试验报告_CN.md,6,3.2.3 双站配准结果,156,12,质量覆盖度,42.0%,research_modules/independent_experiments/dual_optical_online_benchmark/outputs/report_replay_20260819_v2/combined_summary.json,summary.13,13,"[""offline_completed_coverage""]","{""offline_completed_coverage"": 0.42}",42.0%,match
deliverables/leadership_report/双光电多目标轨迹配准与交汇定位试验报告_CN.md,6,3.2.3 双站配准结果,156,12,按时覆盖度,42.0%,research_modules/independent_experiments/dual_optical_online_benchmark/outputs/report_replay_20260819_v2/combined_summary.json,summary.13,13,"[""on_time_coverage""]","{""on_time_coverage"": 0.42}",42.0%,match
deliverables/leadership_report/双光电多目标轨迹配准与交汇定位试验报告_CN.md,6,3.2.3 双站配准结果,156,12,处理耗时P95,211.3毫秒,research_modules/independent_experiments/dual_optical_online_benchmark/outputs/report_replay_20260819_v2/combined_summary.json,summary.13,13,"[""latency_p95_ms""]","{""latency_p95_ms"": 211.33936700061895}",211.3毫秒,match
deliverables/leadership_report/双光电多目标轨迹配准与交汇定位试验报告_CN.md,6,3.2.3 双站配准结果,156,12,超时数,0/5,research_modules/independent_experiments/dual_optical_online_benchmark/outputs/report_replay_20260819_v2/combined_summary.json,summary.13,13,"[""timeout_count"", ""sample_count""]","{""timeout_count"": 0, ""sample_count"": 5}",0/5,match
deliverables/leadership_report/双光电多目标轨迹配准与交汇定位试验报告_CN.md,6,3.2.3 双站配准结果,156,13,质量精度,61.2%,research_modules/independent_experiments/dual_optical_online_benchmark/outputs/report_replay_20260819_v2/combined_summary.json,summary.14,14,"[""offline_completed_precision""]","{""offline_completed_precision"": 0.611764705882353}",61.2%,match
deliverables/leadership_report/双光电多目标轨迹配准与交汇定位试验报告_CN.md,6,3.2.3 双站配准结果,156,13,质量覆盖度,26.0%,research_modules/independent_experiments/dual_optical_online_benchmark/outputs/report_replay_20260819_v2/combined_summary.json,summary.14,14,"[""offline_completed_coverage""]","{""offline_completed_coverage"": 0.26}",26.0%,match
deliverables/leadership_report/双光电多目标轨迹配准与交汇定位试验报告_CN.md,6,3.2.3 双站配准结果,156,13,按时覆盖度,0.0%,research_modules/independent_experiments/dual_optical_online_benchmark/outputs/report_replay_20260819_v2/combined_summary.json,summary.14,14,"[""on_time_coverage""]","{""on_time_coverage"": 0.0}",0.0%,match
deliverables/leadership_report/双光电多目标轨迹配准与交汇定位试验报告_CN.md,6,3.2.3 双站配准结果,156,13,处理耗时P95,4971.4毫秒,research_modules/independent_experiments/dual_optical_online_benchmark/outputs/report_replay_20260819_v2/combined_summary.json,summary.14,14,"[""latency_p95_ms""]","{""latency_p95_ms"": 4971.422718001122}",4971.4毫秒,match
deliverables/leadership_report/双光电多目标轨迹配准与交汇定位试验报告_CN.md,6,3.2.3 双站配准结果,156,13,超时数,5/5,research_modules/independent_experiments/dual_optical_online_benchmark/outputs/report_replay_20260819_v2/combined_summary.json,summary.14,14,"[""timeout_count"", ""sample_count""]","{""timeout_count"": 5, ""sample_count"": 5}",5/5,match
deliverables/leadership_report/双光电多目标轨迹配准与交汇定位试验报告_CN.md,6,3.2.3 双站配准结果,156,14,质量精度,55.9%,research_modules/independent_experiments/dual_optical_online_benchmark/outputs/report_replay_20260819_v2/combined_summary.json,summary.15,15,"[""offline_completed_precision""]","{""offline_completed_precision"": 0.5591397849462365}",55.9%,match
deliverables/leadership_report/双光电多目标轨迹配准与交汇定位试验报告_CN.md,6,3.2.3 双站配准结果,156,14,质量覆盖度,26.0%,research_modules/independent_experiments/dual_optical_online_benchmark/outputs/report_replay_20260819_v2/combined_summary.json,summary.15,15,"[""offline_completed_coverage""]","{""offline_completed_coverage"": 0.26}",26.0%,match
deliverables/leadership_report/双光电多目标轨迹配准与交汇定位试验报告_CN.md,6,3.2.3 双站配准结果,156,14,按时覆盖度,26.0%,research_modules/independent_experiments/dual_optical_online_benchmark/outputs/report_replay_20260819_v2/combined_summary.json,summary.15,15,"[""on_time_coverage""]","{""on_time_coverage"": 0.26}",26.0%,match
deliverables/leadership_report/双光电多目标轨迹配准与交汇定位试验报告_CN.md,6,3.2.3 双站配准结果,156,14,处理耗时P95,234.6毫秒,research_modules/independent_experiments/dual_optical_online_benchmark/outputs/report_replay_20260819_v2/combined_summary.json,summary.15,15,"[""latency_p95_ms""]","{""latency_p95_ms"": 234.58898499666248}",234.6毫秒,match
deliverables/leadership_report/双光电多目标轨迹配准与交汇定位试验报告_CN.md,6,3.2.3 双站配准结果,156,14,超时数,0/5,research_modules/independent_experiments/dual_optical_online_benchmark/outputs/report_replay_20260819_v2/combined_summary.json,summary.15,15,"[""timeout_count"", ""sample_count""]","{""timeout_count"": 0, ""sample_count"": 5}",0/5,match
deliverables/leadership_report/双光电多目标轨迹配准与交汇定位试验报告_CN.md,6,3.2.3 双站配准结果,156,15,质量精度,60.2%,research_modules/independent_experiments/dual_optical_online_benchmark/outputs/report_replay_20260819_v2/combined_summary.json,summary.10,10,"[""offline_completed_precision""]","{""offline_completed_precision"": 0.6024096385542169}",60.2%,match
deliverables/leadership_report/双光电多目标轨迹配准与交汇定位试验报告_CN.md,6,3.2.3 双站配准结果,156,15,质量覆盖度,25.0%,research_modules/independent_experiments/dual_optical_online_benchmark/outputs/report_replay_20260819_v2/combined_summary.json,summary.10,10,"[""offline_completed_coverage""]","{""offline_completed_coverage"": 0.25}",25.0%,match
deliverables/leadership_report/双光电多目标轨迹配准与交汇定位试验报告_CN.md,6,3.2.3 双站配准结果,156,15,按时覆盖度,0.0%,research_modules/independent_experiments/dual_optical_online_benchmark/outputs/report_replay_20260819_v2/combined_summary.json,summary.10,10,"[""on_time_coverage""]","{""on_time_coverage"": 0.0}",0.0%,match
deliverables/leadership_report/双光电多目标轨迹配准与交汇定位试验报告_CN.md,6,3.2.3 双站配准结果,156,15,处理耗时P95,5775.8毫秒,research_modules/independent_experiments/dual_optical_online_benchmark/outputs/report_replay_20260819_v2/combined_summary.json,summary.10,10,"[""latency_p95_ms""]","{""latency_p95_ms"": 5775.8221680014685}",5775.8毫秒,match
deliverables/leadership_report/双光电多目标轨迹配准与交汇定位试验报告_CN.md,6,3.2.3 双站配准结果,156,15,超时数,5/5,research_modules/independent_experiments/dual_optical_online_benchmark/outputs/report_replay_20260819_v2/combined_summary.json,summary.10,10,"[""timeout_count"", ""sample_count""]","{""timeout_count"": 5, ""sample_count"": 5}",5/5,match
deliverables/leadership_report/双光电多目标轨迹配准与交汇定位试验报告_CN.md,6,3.2.3 双站配准结果,156,16,质量精度,46.9%,research_modules/independent_experiments/dual_optical_online_benchmark/outputs/report_replay_20260819_v2/combined_summary.json,summary.11,11,"[""offline_completed_precision""]","{""offline_completed_precision"": 0.4691358024691358}",46.9%,match
deliverables/leadership_report/双光电多目标轨迹配准与交汇定位试验报告_CN.md,6,3.2.3 双站配准结果,156,16,质量覆盖度,19.0%,research_modules/independent_experiments/dual_optical_online_benchmark/outputs/report_replay_20260819_v2/combined_summary.json,summary.11,11,"[""offline_completed_coverage""]","{""offline_completed_coverage"": 0.19}",19.0%,match
deliverables/leadership_report/双光电多目标轨迹配准与交汇定位试验报告_CN.md,6,3.2.3 双站配准结果,156,16,按时覆盖度,19.0%,research_modules/independent_experiments/dual_optical_online_benchmark/outputs/report_replay_20260819_v2/combined_summary.json,summary.11,11,"[""on_time_coverage""]","{""on_time_coverage"": 0.19}",19.0%,match
deliverables/leadership_report/双光电多目标轨迹配准与交汇定位试验报告_CN.md,6,3.2.3 双站配准结果,156,16,处理耗时P95,270.6毫秒,research_modules/independent_experiments/dual_optical_online_benchmark/outputs/report_replay_20260819_v2/combined_summary.json,summary.11,11,"[""latency_p95_ms""]","{""latency_p95_ms"": 270.551465000608}",270.6毫秒,match
deliverables/leadership_report/双光电多目标轨迹配准与交汇定位试验报告_CN.md,6,3.2.3 双站配准结果,156,16,超时数,0/5,research_modules/independent_experiments/dual_optical_online_benchmark/outputs/report_replay_20260819_v2/combined_summary.json,summary.11,11,"[""timeout_count"", ""sample_count""]","{""timeout_count"": 0, ""sample_count"": 5}",0/5,match
deliverables/leadership_report/双光电多目标轨迹配准与交汇定位试验报告_CN.md,6,3.2.3 双站配准结果,156,17,质量精度,61.1%,research_modules/independent_experiments/dual_optical_online_benchmark/outputs/report_replay_20260819_v2/combined_summary.json,summary.16,16,"[""offline_completed_precision""]","{""offline_completed_precision"": 0.6111111111111112}",61.1%,match
deliverables/leadership_report/双光电多目标轨迹配准与交汇定位试验报告_CN.md,6,3.2.3 双站配准结果,156,17,质量覆盖度,36.7%,research_modules/independent_experiments/dual_optical_online_benchmark/outputs/report_replay_20260819_v2/combined_summary.json,summary.16,16,"[""offline_completed_coverage""]","{""offline_completed_coverage"": 0.36666666666666664}",36.7%,match
deliverables/leadership_report/双光电多目标轨迹配准与交汇定位试验报告_CN.md,6,3.2.3 双站配准结果,156,17,按时覆盖度,0.0%,research_modules/independent_experiments/dual_optical_online_benchmark/outputs/report_replay_20260819_v2/combined_summary.json,summary.16,16,"[""on_time_coverage""]","{""on_time_coverage"": 0.0}",0.0%,match
deliverables/leadership_report/双光电多目标轨迹配准与交汇定位试验报告_CN.md,6,3.2.3 双站配准结果,156,17,处理耗时P95,7269.4毫秒,research_modules/independent_experiments/dual_optical_online_benchmark/outputs/report_replay_20260819_v2/combined_summary.json,summary.16,16,"[""latency_p95_ms""]","{""latency_p95_ms"": 7269.393623999349}",7269.4毫秒,match
deliverables/leadership_report/双光电多目标轨迹配准与交汇定位试验报告_CN.md,6,3.2.3 双站配准结果,156,17,超时数,5/5,research_modules/independent_experiments/dual_optical_online_benchmark/outputs/report_replay_20260819_v2/combined_summary.json,summary.16,16,"[""timeout_count"", ""sample_count""]","{""timeout_count"": 5, ""sample_count"": 5}",5/5,match
deliverables/leadership_report/双光电多目标轨迹配准与交汇定位试验报告_CN.md,6,3.2.3 双站配准结果,156,18,质量精度,71.4%,research_modules/independent_experiments/dual_optical_online_benchmark/outputs/report_replay_20260819_v2/combined_summary.json,summary.17,17,"[""offline_completed_precision""]","{""offline_completed_precision"": 0.7142857142857143}",71.4%,match
deliverables/leadership_report/双光电多目标轨迹配准与交汇定位试验报告_CN.md,6,3.2.3 双站配准结果,156,18,质量覆盖度,41.7%,research_modules/independent_experiments/dual_optical_online_benchmark/outputs/report_replay_20260819_v2/combined_summary.json,summary.17,17,"[""offline_completed_coverage""]","{""offline_completed_coverage"": 0.4166666666666667}",41.7%,match
deliverables/leadership_report/双光电多目标轨迹配准与交汇定位试验报告_CN.md,6,3.2.3 双站配准结果,156,18,按时覆盖度,41.7%,research_modules/independent_experiments/dual_optical_online_benchmark/outputs/report_replay_20260819_v2/combined_summary.json,summary.17,17,"[""on_time_coverage""]","{""on_time_coverage"": 0.4166666666666667}",41.7%,match
deliverables/leadership_report/双光电多目标轨迹配准与交汇定位试验报告_CN.md,6,3.2.3 双站配准结果,156,18,处理耗时P95,312.1毫秒,research_modules/independent_experiments/dual_optical_online_benchmark/outputs/report_replay_20260819_v2/combined_summary.json,summary.17,17,"[""latency_p95_ms""]","{""latency_p95_ms"": 312.088237998978}",312.1毫秒,match
deliverables/leadership_report/双光电多目标轨迹配准与交汇定位试验报告_CN.md,6,3.2.3 双站配准结果,156,18,超时数,0/5,research_modules/independent_experiments/dual_optical_online_benchmark/outputs/report_replay_20260819_v2/combined_summary.json,summary.17,17,"[""timeout_count"", ""sample_count""]","{""timeout_count"": 0, ""sample_count"": 5}",0/5,match
deliverables/leadership_report/双光电多目标轨迹配准与交汇定位试验报告_CN.md,6,3.2.3 双站配准结果,156,19,质量精度,54.3%,research_modules/independent_experiments/dual_optical_online_benchmark/outputs/report_replay_20260819_v2/combined_summary.json,summary.20,20,"[""offline_completed_precision""]","{""offline_completed_precision"": 0.543046357615894}",54.3%,match
deliverables/leadership_report/双光电多目标轨迹配准与交汇定位试验报告_CN.md,6,3.2.3 双站配准结果,156,19,质量覆盖度,27.3%,research_modules/independent_experiments/dual_optical_online_benchmark/outputs/report_replay_20260819_v2/combined_summary.json,summary.20,20,"[""offline_completed_coverage""]","{""offline_completed_coverage"": 0.2733333333333333}",27.3%,match
deliverables/leadership_report/双光电多目标轨迹配准与交汇定位试验报告_CN.md,6,3.2.3 双站配准结果,156,19,按时覆盖度,0.0%,research_modules/independent_experiments/dual_optical_online_benchmark/outputs/report_replay_20260819_v2/combined_summary.json,summary.20,20,"[""on_time_coverage""]","{""on_time_coverage"": 0.0}",0.0%,match
deliverables/leadership_report/双光电多目标轨迹配准与交汇定位试验报告_CN.md,6,3.2.3 双站配准结果,156,19,处理耗时P95,7564.8毫秒,research_modules/independent_experiments/dual_optical_online_benchmark/outputs/report_replay_20260819_v2/combined_summary.json,summary.20,20,"[""latency_p95_ms""]","{""latency_p95_ms"": 7564.756396997836}",7564.8毫秒,match
deliverables/leadership_report/双光电多目标轨迹配准与交汇定位试验报告_CN.md,6,3.2.3 双站配准结果,156,19,超时数,5/5,research_modules/independent_experiments/dual_optical_online_benchmark/outputs/report_replay_20260819_v2/combined_summary.json,summary.20,20,"[""timeout_count"", ""sample_count""]","{""timeout_count"": 5, ""sample_count"": 5}",5/5,match
deliverables/leadership_report/双光电多目标轨迹配准与交汇定位试验报告_CN.md,6,3.2.3 双站配准结果,156,20,质量精度,56.4%,research_modules/independent_experiments/dual_optical_online_benchmark/outputs/report_replay_20260819_v2/combined_summary.json,summary.21,21,"[""offline_completed_precision""]","{""offline_completed_precision"": 0.5641025641025641}",56.4%,match
deliverables/leadership_report/双光电多目标轨迹配准与交汇定位试验报告_CN.md,6,3.2.3 双站配准结果,156,20,质量覆盖度,29.3%,research_modules/independent_experiments/dual_optical_online_benchmark/outputs/report_replay_20260819_v2/combined_summary.json,summary.21,21,"[""offline_completed_coverage""]","{""offline_completed_coverage"": 0.29333333333333333}",29.3%,match
deliverables/leadership_report/双光电多目标轨迹配准与交汇定位试验报告_CN.md,6,3.2.3 双站配准结果,156,20,按时覆盖度,29.3%,research_modules/independent_experiments/dual_optical_online_benchmark/outputs/report_replay_20260819_v2/combined_summary.json,summary.21,21,"[""on_time_coverage""]","{""on_time_coverage"": 0.29333333333333333}",29.3%,match
deliverables/leadership_report/双光电多目标轨迹配准与交汇定位试验报告_CN.md,6,3.2.3 双站配准结果,156,20,处理耗时P95,354.1毫秒,research_modules/independent_experiments/dual_optical_online_benchmark/outputs/report_replay_20260819_v2/combined_summary.json,summary.21,21,"[""latency_p95_ms""]","{""latency_p95_ms"": 354.0808309990098}",354.1毫秒,match
deliverables/leadership_report/双光电多目标轨迹配准与交汇定位试验报告_CN.md,6,3.2.3 双站配准结果,156,20,超时数,0/5,research_modules/independent_experiments/dual_optical_online_benchmark/outputs/report_replay_20260819_v2/combined_summary.json,summary.21,21,"[""timeout_count"", ""sample_count""]","{""timeout_count"": 0, ""sample_count"": 5}",0/5,match
deliverables/leadership_report/双光电多目标轨迹配准与交汇定位试验报告_CN.md,6,3.2.3 双站配准结果,156,21,质量精度,56.6%,research_modules/independent_experiments/dual_optical_online_benchmark/outputs/report_replay_20260819_v2/combined_summary.json,summary.22,22,"[""offline_completed_precision""]","{""offline_completed_precision"": 0.5657142857142857}",56.6%,match
deliverables/leadership_report/双光电多目标轨迹配准与交汇定位试验报告_CN.md,6,3.2.3 双站配准结果,156,21,质量覆盖度,33.0%,research_modules/independent_experiments/dual_optical_online_benchmark/outputs/report_replay_20260819_v2/combined_summary.json,summary.22,22,"[""offline_completed_coverage""]","{""offline_completed_coverage"": 0.33}",33.0%,match
deliverables/leadership_report/双光电多目标轨迹配准与交汇定位试验报告_CN.md,6,3.2.3 双站配准结果,156,21,按时覆盖度,0.0%,research_modules/independent_experiments/dual_optical_online_benchmark/outputs/report_replay_20260819_v2/combined_summary.json,summary.22,22,"[""on_time_coverage""]","{""on_time_coverage"": 0.0}",0.0%,match
deliverables/leadership_report/双光电多目标轨迹配准与交汇定位试验报告_CN.md,6,3.2.3 双站配准结果,156,21,处理耗时P95,8080.1毫秒,research_modules/independent_experiments/dual_optical_online_benchmark/outputs/report_replay_20260819_v2/combined_summary.json,summary.22,22,"[""latency_p95_ms""]","{""latency_p95_ms"": 8080.141358997935}",8080.1毫秒,match
deliverables/leadership_report/双光电多目标轨迹配准与交汇定位试验报告_CN.md,6,3.2.3 双站配准结果,156,21,超时数,5/5,research_modules/independent_experiments/dual_optical_online_benchmark/outputs/report_replay_20260819_v2/combined_summary.json,summary.22,22,"[""timeout_count"", ""sample_count""]","{""timeout_count"": 5, ""sample_count"": 5}",5/5,match
deliverables/leadership_report/双光电多目标轨迹配准与交汇定位试验报告_CN.md,6,3.2.3 双站配准结果,156,22,质量精度,58.3%,research_modules/independent_experiments/dual_optical_online_benchmark/outputs/report_replay_20260819_v2/combined_summary.json,summary.23,23,"[""offline_completed_precision""]","{""offline_completed_precision"": 0.5833333333333334}",58.3%,match
deliverables/leadership_report/双光电多目标轨迹配准与交汇定位试验报告_CN.md,6,3.2.3 双站配准结果,156,22,质量覆盖度,30.3%,research_modules/independent_experiments/dual_optical_online_benchmark/outputs/report_replay_20260819_v2/combined_summary.json,summary.23,23,"[""offline_completed_coverage""]","{""offline_completed_coverage"": 0.30333333333333334}",30.3%,match
deliverables/leadership_report/双光电多目标轨迹配准与交汇定位试验报告_CN.md,6,3.2.3 双站配准结果,156,22,按时覆盖度,30.3%,research_modules/independent_experiments/dual_optical_online_benchmark/outputs/report_replay_20260819_v2/combined_summary.json,summary.23,23,"[""on_time_coverage""]","{""on_time_coverage"": 0.30333333333333334}",30.3%,match
deliverables/leadership_report/双光电多目标轨迹配准与交汇定位试验报告_CN.md,6,3.2.3 双站配准结果,156,22,处理耗时P95,360.4毫秒,research_modules/independent_experiments/dual_optical_online_benchmark/outputs/report_replay_20260819_v2/combined_summary.json,summary.23,23,"[""latency_p95_ms""]","{""latency_p95_ms"": 360.43639200215694}",360.4毫秒,match
deliverables/leadership_report/双光电多目标轨迹配准与交汇定位试验报告_CN.md,6,3.2.3 双站配准结果,156,22,超时数,0/5,research_modules/independent_experiments/dual_optical_online_benchmark/outputs/report_replay_20260819_v2/combined_summary.json,summary.23,23,"[""timeout_count"", ""sample_count""]","{""timeout_count"": 0, ""sample_count"": 5}",0/5,match
deliverables/leadership_report/双光电多目标轨迹配准与交汇定位试验报告_CN.md,6,3.2.3 双站配准结果,156,23,质量精度,47.6%,research_modules/independent_experiments/dual_optical_online_benchmark/outputs/report_replay_20260819_v2/combined_summary.json,summary.18,18,"[""offline_completed_precision""]","{""offline_completed_precision"": 0.4755244755244755}",47.6%,match
deliverables/leadership_report/双光电多目标轨迹配准与交汇定位试验报告_CN.md,6,3.2.3 双站配准结果,156,23,质量覆盖度,22.7%,research_modules/independent_experiments/dual_optical_online_benchmark/outputs/report_replay_20260819_v2/combined_summary.json,summary.18,18,"[""offline_completed_coverage""]","{""offline_completed_coverage"": 0.22666666666666666}",22.7%,match
deliverables/leadership_report/双光电多目标轨迹配准与交汇定位试验报告_CN.md,6,3.2.3 双站配准结果,156,23,按时覆盖度,0.0%,research_modules/independent_experiments/dual_optical_online_benchmark/outputs/report_replay_20260819_v2/combined_summary.json,summary.18,18,"[""on_time_coverage""]","{""on_time_coverage"": 0.0}",0.0%,match
deliverables/leadership_report/双光电多目标轨迹配准与交汇定位试验报告_CN.md,6,3.2.3 双站配准结果,156,23,处理耗时P95,8932.2毫秒,research_modules/independent_experiments/dual_optical_online_benchmark/outputs/report_replay_20260819_v2/combined_summary.json,summary.18,18,"[""latency_p95_ms""]","{""latency_p95_ms"": 8932.193082000595}",8932.2毫秒,match
deliverables/leadership_report/双光电多目标轨迹配准与交汇定位试验报告_CN.md,6,3.2.3 双站配准结果,156,23,超时数,5/5,research_modules/independent_experiments/dual_optical_online_benchmark/outputs/report_replay_20260819_v2/combined_summary.json,summary.18,18,"[""timeout_count"", ""sample_count""]","{""timeout_count"": 5, ""sample_count"": 5}",5/5,match
deliverables/leadership_report/双光电多目标轨迹配准与交汇定位试验报告_CN.md,6,3.2.3 双站配准结果,156,24,质量精度,56.3%,research_modules/independent_experiments/dual_optical_online_benchmark/outputs/report_replay_20260819_v2/combined_summary.json,summary.19,19,"[""offline_completed_precision""]","{""offline_completed_precision"": 0.5630252100840336}",56.3%,match
deliverables/leadership_report/双光电多目标轨迹配准与交汇定位试验报告_CN.md,6,3.2.3 双站配准结果,156,24,质量覆盖度,22.3%,research_modules/independent_experiments/dual_optical_online_benchmark/outputs/report_replay_20260819_v2/combined_summary.json,summary.19,19,"[""offline_completed_coverage""]","{""offline_completed_coverage"": 0.22333333333333333}",22.3%,match
deliverables/leadership_report/双光电多目标轨迹配准与交汇定位试验报告_CN.md,6,3.2.3 双站配准结果,156,24,按时覆盖度,22.3%,research_modules/independent_experiments/dual_optical_online_benchmark/outputs/report_replay_20260819_v2/combined_summary.json,summary.19,19,"[""on_time_coverage""]","{""on_time_coverage"": 0.22333333333333333}",22.3%,match
deliverables/leadership_report/双光电多目标轨迹配准与交汇定位试验报告_CN.md,6,3.2.3 双站配准结果,156,24,处理耗时P95,395.6毫秒,research_modules/independent_experiments/dual_optical_online_benchmark/outputs/report_replay_20260819_v2/combined_summary.json,summary.19,19,"[""latency_p95_ms""]","{""latency_p95_ms"": 395.58916900205077}",395.6毫秒,match
deliverables/leadership_report/双光电多目标轨迹配准与交汇定位试验报告_CN.md,6,3.2.3 双站配准结果,156,24,超时数,0/5,research_modules/independent_experiments/dual_optical_online_benchmark/outputs/report_replay_20260819_v2/combined_summary.json,summary.19,19,"[""timeout_count"", ""sample_count""]","{""timeout_count"": 0, ""sample_count"": 5}",0/5,match
deliverables/leadership_report/双光电多目标轨迹配准与交汇定位试验报告_CN.md,7,3.3.1 单站航迹结果,197,1,单站精度,99.4%,research_modules/independent_experiments/dual_optical_online_benchmark/outputs/report_replay_20260819_v2/combined_summary.json,summary.30,30,"[""single_station_precision""]","{""single_station_precision"": 0.9940010432968179}",99.4%,match
deliverables/leadership_report/双光电多目标轨迹配准与交汇定位试验报告_CN.md,7,3.3.1 单站航迹结果,197,1,单站覆盖度,100.0%,research_modules/independent_experiments/dual_optical_online_benchmark/outputs/report_replay_20260819_v2/combined_summary.json,summary.30,30,"[""single_station_coverage""]","{""single_station_coverage"": 1.0}",100.0%,match
deliverables/leadership_report/双光电多目标轨迹配准与交汇定位试验报告_CN.md,7,3.3.1 单站航迹结果,197,1,重复航迹,0,research_modules/independent_experiments/dual_optical_online_benchmark/outputs/report_replay_20260819_v2/combined_summary.json,summary.30,30,"[""single_station_duplicate_track_count""]","{""single_station_duplicate_track_count"": 0}",0,match
deliverables/leadership_report/双光电多目标轨迹配准与交汇定位试验报告_CN.md,7,3.3.1 单站航迹结果,197,1,混合航迹,0,research_modules/independent_experiments/dual_optical_online_benchmark/outputs/report_replay_20260819_v2/combined_summary.json,summary.30,30,"[""single_station_mixed_track_count""]","{""single_station_mixed_track_count"": 0}",0,match
deliverables/leadership_report/双光电多目标轨迹配准与交汇定位试验报告_CN.md,7,3.3.1 单站航迹结果,197,1,缺失身份机会,0,research_modules/independent_experiments/dual_optical_online_benchmark/outputs/report_replay_20260819_v2/combined_summary.json,summary.30,30,"[""single_station_missing_identity_count""]","{""single_station_missing_identity_count"": 0}",0,match
deliverables/leadership_report/双光电多目标轨迹配准与交汇定位试验报告_CN.md,7,3.3.1 单站航迹结果,197,2,单站精度,96.7%,research_modules/independent_experiments/dual_optical_online_benchmark/outputs/report_replay_20260819_v2/combined_summary.json,summary.34,34,"[""single_station_precision""]","{""single_station_precision"": 0.9673684210526315}",96.7%,match
deliverables/leadership_report/双光电多目标轨迹配准与交汇定位试验报告_CN.md,7,3.3.1 单站航迹结果,197,2,单站覆盖度,100.0%,research_modules/independent_experiments/dual_optical_online_benchmark/outputs/report_replay_20260819_v2/combined_summary.json,summary.34,34,"[""single_station_coverage""]","{""single_station_coverage"": 1.0}",100.0%,match
deliverables/leadership_report/双光电多目标轨迹配准与交汇定位试验报告_CN.md,7,3.3.1 单站航迹结果,197,2,重复航迹,0,research_modules/independent_experiments/dual_optical_online_benchmark/outputs/report_replay_20260819_v2/combined_summary.json,summary.34,34,"[""single_station_duplicate_track_count""]","{""single_station_duplicate_track_count"": 0}",0,match
deliverables/leadership_report/双光电多目标轨迹配准与交汇定位试验报告_CN.md,7,3.3.1 单站航迹结果,197,2,混合航迹,12,research_modules/independent_experiments/dual_optical_online_benchmark/outputs/report_replay_20260819_v2/combined_summary.json,summary.34,34,"[""single_station_mixed_track_count""]","{""single_station_mixed_track_count"": 12}",12,match
deliverables/leadership_report/双光电多目标轨迹配准与交汇定位试验报告_CN.md,7,3.3.1 单站航迹结果,197,2,缺失身份机会,0,research_modules/independent_experiments/dual_optical_online_benchmark/outputs/report_replay_20260819_v2/combined_summary.json,summary.34,34,"[""single_station_missing_identity_count""]","{""single_station_missing_identity_count"": 0}",0,match
deliverables/leadership_report/双光电多目标轨迹配准与交汇定位试验报告_CN.md,7,3.3.1 单站航迹结果,197,3,单站精度,92.2%,research_modules/independent_experiments/dual_optical_online_benchmark/outputs/report_replay_20260819_v2/combined_summary.json,summary.36,36,"[""single_station_precision""]","{""single_station_precision"": 0.9217043941411451}",92.2%,match
deliverables/leadership_report/双光电多目标轨迹配准与交汇定位试验报告_CN.md,7,3.3.1 单站航迹结果,197,3,单站覆盖度,100.0%,research_modules/independent_experiments/dual_optical_online_benchmark/outputs/report_replay_20260819_v2/combined_summary.json,summary.36,36,"[""single_station_coverage""]","{""single_station_coverage"": 1.0}",100.0%,match
deliverables/leadership_report/双光电多目标轨迹配准与交汇定位试验报告_CN.md,7,3.3.1 单站航迹结果,197,3,重复航迹,0,research_modules/independent_experiments/dual_optical_online_benchmark/outputs/report_replay_20260819_v2/combined_summary.json,summary.36,36,"[""single_station_duplicate_track_count""]","{""single_station_duplicate_track_count"": 0}",0,match
deliverables/leadership_report/双光电多目标轨迹配准与交汇定位试验报告_CN.md,7,3.3.1 单站航迹结果,197,3,混合航迹,11,research_modules/independent_experiments/dual_optical_online_benchmark/outputs/report_replay_20260819_v2/combined_summary.json,summary.36,36,"[""single_station_mixed_track_count""]","{""single_station_mixed_track_count"": 11}",11,match
deliverables/leadership_report/双光电多目标轨迹配准与交汇定位试验报告_CN.md,7,3.3.1 单站航迹结果,197,3,缺失身份机会,0,research_modules/independent_experiments/dual_optical_online_benchmark/outputs/report_replay_20260819_v2/combined_summary.json,summary.36,36,"[""single_station_missing_identity_count""]","{""single_station_missing_identity_count"": 0}",0,match
deliverables/leadership_report/双光电多目标轨迹配准与交汇定位试验报告_CN.md,7,3.3.1 单站航迹结果,197,4,单站精度,82.9%,research_modules/independent_experiments/dual_optical_online_benchmark/outputs/report_replay_20260819_v2/combined_summary.json,summary.32,32,"[""single_station_precision""]","{""single_station_precision"": 0.829136690647482}",82.9%,match
deliverables/leadership_report/双光电多目标轨迹配准与交汇定位试验报告_CN.md,7,3.3.1 单站航迹结果,197,4,单站覆盖度,99.0%,research_modules/independent_experiments/dual_optical_online_benchmark/outputs/report_replay_20260819_v2/combined_summary.json,summary.32,32,"[""single_station_coverage""]","{""single_station_coverage"": 0.99}",99.0%,match
deliverables/leadership_report/双光电多目标轨迹配准与交汇定位试验报告_CN.md,7,3.3.1 单站航迹结果,197,4,重复航迹,0,research_modules/independent_experiments/dual_optical_online_benchmark/outputs/report_replay_20260819_v2/combined_summary.json,summary.32,32,"[""single_station_duplicate_track_count""]","{""single_station_duplicate_track_count"": 0}",0,match
deliverables/leadership_report/双光电多目标轨迹配准与交汇定位试验报告_CN.md,7,3.3.1 单站航迹结果,197,4,混合航迹,35,research_modules/independent_experiments/dual_optical_online_benchmark/outputs/report_replay_20260819_v2/combined_summary.json,summary.32,32,"[""single_station_mixed_track_count""]","{""single_station_mixed_track_count"": 35}",35,match
deliverables/leadership_report/双光电多目标轨迹配准与交汇定位试验报告_CN.md,7,3.3.1 单站航迹结果,197,4,缺失身份机会,2,research_modules/independent_experiments/dual_optical_online_benchmark/outputs/report_replay_20260819_v2/combined_summary.json,summary.32,32,"[""single_station_missing_identity_count""]","{""single_station_missing_identity_count"": 2}",2,match
deliverables/leadership_report/双光电多目标轨迹配准与交汇定位试验报告_CN.md,7,3.3.1 单站航迹结果,197,5,单站精度,97.0%,research_modules/independent_experiments/dual_optical_online_benchmark/outputs/report_replay_20260819_v2/combined_summary.json,summary.38,38,"[""single_station_precision""]","{""single_station_precision"": 0.969633232548968}",97.0%,match
deliverables/leadership_report/双光电多目标轨迹配准与交汇定位试验报告_CN.md,7,3.3.1 单站航迹结果,197,5,单站覆盖度,94.0%,research_modules/independent_experiments/dual_optical_online_benchmark/outputs/report_replay_20260819_v2/combined_summary.json,summary.38,38,"[""single_station_coverage""]","{""single_station_coverage"": 0.94}",94.0%,match
deliverables/leadership_report/双光电多目标轨迹配准与交汇定位试验报告_CN.md,7,3.3.1 单站航迹结果,197,5,重复航迹,0,research_modules/independent_experiments/dual_optical_online_benchmark/outputs/report_replay_20260819_v2/combined_summary.json,summary.38,38,"[""single_station_duplicate_track_count""]","{""single_station_duplicate_track_count"": 0}",0,match
deliverables/leadership_report/双光电多目标轨迹配准与交汇定位试验报告_CN.md,7,3.3.1 单站航迹结果,197,5,混合航迹,23,research_modules/independent_experiments/dual_optical_online_benchmark/outputs/report_replay_20260819_v2/combined_summary.json,summary.38,38,"[""single_station_mixed_track_count""]","{""single_station_mixed_track_count"": 23}",23,match
deliverables/leadership_report/双光电多目标轨迹配准与交汇定位试验报告_CN.md,7,3.3.1 单站航迹结果,197,5,缺失身份机会,24,research_modules/independent_experiments/dual_optical_online_benchmark/outputs/report_replay_20260819_v2/combined_summary.json,summary.38,38,"[""single_station_missing_identity_count""]","{""single_station_missing_identity_count"": 24}",24,match
deliverables/leadership_report/双光电多目标轨迹配准与交汇定位试验报告_CN.md,7,3.3.1 单站航迹结果,197,6,单站精度,95.4%,research_modules/independent_experiments/dual_optical_online_benchmark/outputs/report_replay_20260819_v2/combined_summary.json,summary.42,42,"[""single_station_precision""]","{""single_station_precision"": 0.9543557290965397}",95.4%,match
deliverables/leadership_report/双光电多目标轨迹配准与交汇定位试验报告_CN.md,7,3.3.1 单站航迹结果,197,6,单站覆盖度,95.0%,research_modules/independent_experiments/dual_optical_online_benchmark/outputs/report_replay_20260819_v2/combined_summary.json,summary.42,42,"[""single_station_coverage""]","{""single_station_coverage"": 0.95}",95.0%,match
deliverables/leadership_report/双光电多目标轨迹配准与交汇定位试验报告_CN.md,7,3.3.1 单站航迹结果,197,6,重复航迹,0,research_modules/independent_experiments/dual_optical_online_benchmark/outputs/report_replay_20260819_v2/combined_summary.json,summary.42,42,"[""single_station_duplicate_track_count""]","{""single_station_duplicate_track_count"": 0}",0,match
deliverables/leadership_report/双光电多目标轨迹配准与交汇定位试验报告_CN.md,7,3.3.1 单站航迹结果,197,6,混合航迹,28,research_modules/independent_experiments/dual_optical_online_benchmark/outputs/report_replay_20260819_v2/combined_summary.json,summary.42,42,"[""single_station_mixed_track_count""]","{""single_station_mixed_track_count"": 28}",28,match
deliverables/leadership_report/双光电多目标轨迹配准与交汇定位试验报告_CN.md,7,3.3.1 单站航迹结果,197,6,缺失身份机会,20,research_modules/independent_experiments/dual_optical_online_benchmark/outputs/report_replay_20260819_v2/combined_summary.json,summary.42,42,"[""single_station_missing_identity_count""]","{""single_station_missing_identity_count"": 20}",20,match
deliverables/leadership_report/双光电多目标轨迹配准与交汇定位试验报告_CN.md,7,3.3.1 单站航迹结果,197,7,单站精度,92.4%,research_modules/independent_experiments/dual_optical_online_benchmark/outputs/report_replay_20260819_v2/combined_summary.json,summary.44,44,"[""single_station_precision""]","{""single_station_precision"": 0.9244845008876144}",92.4%,match
deliverables/leadership_report/双光电多目标轨迹配准与交汇定位试验报告_CN.md,7,3.3.1 单站航迹结果,197,7,单站覆盖度,95.8%,research_modules/independent_experiments/dual_optical_online_benchmark/outputs/report_replay_20260819_v2/combined_summary.json,summary.44,44,"[""single_station_coverage""]","{""single_station_coverage"": 0.9575}",95.8%,match
deliverables/leadership_report/双光电多目标轨迹配准与交汇定位试验报告_CN.md,7,3.3.1 单站航迹结果,197,7,重复航迹,0,research_modules/independent_experiments/dual_optical_online_benchmark/outputs/report_replay_20260819_v2/combined_summary.json,summary.44,44,"[""single_station_duplicate_track_count""]","{""single_station_duplicate_track_count"": 0}",0,match
deliverables/leadership_report/双光电多目标轨迹配准与交汇定位试验报告_CN.md,7,3.3.1 单站航迹结果,197,7,混合航迹,34,research_modules/independent_experiments/dual_optical_online_benchmark/outputs/report_replay_20260819_v2/combined_summary.json,summary.44,44,"[""single_station_mixed_track_count""]","{""single_station_mixed_track_count"": 34}",34,match
deliverables/leadership_report/双光电多目标轨迹配准与交汇定位试验报告_CN.md,7,3.3.1 单站航迹结果,197,7,缺失身份机会,17,research_modules/independent_experiments/dual_optical_online_benchmark/outputs/report_replay_20260819_v2/combined_summary.json,summary.44,44,"[""single_station_missing_identity_count""]","{""single_station_missing_identity_count"": 17}",17,match
deliverables/leadership_report/双光电多目标轨迹配准与交汇定位试验报告_CN.md,7,3.3.1 单站航迹结果,197,8,单站精度,88.5%,research_modules/independent_experiments/dual_optical_online_benchmark/outputs/report_replay_20260819_v2/combined_summary.json,summary.40,40,"[""single_station_precision""]","{""single_station_precision"": 0.8853359628116636}",88.5%,match
deliverables/leadership_report/双光电多目标轨迹配准与交汇定位试验报告_CN.md,7,3.3.1 单站航迹结果,197,8,单站覆盖度,92.8%,research_modules/independent_experiments/dual_optical_online_benchmark/outputs/report_replay_20260819_v2/combined_summary.json,summary.40,40,"[""single_station_coverage""]","{""single_station_coverage"": 0.9275}",92.8%,match
deliverables/leadership_report/双光电多目标轨迹配准与交汇定位试验报告_CN.md,7,3.3.1 单站航迹结果,197,8,重复航迹,0,research_modules/independent_experiments/dual_optical_online_benchmark/outputs/report_replay_20260819_v2/combined_summary.json,summary.40,40,"[""single_station_duplicate_track_count""]","{""single_station_duplicate_track_count"": 0}",0,match
deliverables/leadership_report/双光电多目标轨迹配准与交汇定位试验报告_CN.md,7,3.3.1 单站航迹结果,197,8,混合航迹,50,research_modules/independent_experiments/dual_optical_online_benchmark/outputs/report_replay_20260819_v2/combined_summary.json,summary.40,40,"[""single_station_mixed_track_count""]","{""single_station_mixed_track_count"": 50}",50,match
deliverables/leadership_report/双光电多目标轨迹配准与交汇定位试验报告_CN.md,7,3.3.1 单站航迹结果,197,8,缺失身份机会,29,research_modules/independent_experiments/dual_optical_online_benchmark/outputs/report_replay_20260819_v2/combined_summary.json,summary.40,40,"[""single_station_missing_identity_count""]","{""single_station_missing_identity_count"": 29}",29,match
deliverables/leadership_report/双光电多目标轨迹配准与交汇定位试验报告_CN.md,7,3.3.1 单站航迹结果,197,9,单站精度,95.6%,research_modules/independent_experiments/dual_optical_online_benchmark/outputs/report_replay_20260819_v2/combined_summary.json,summary.46,46,"[""single_station_precision""]","{""single_station_precision"": 0.9556823168056165}",95.6%,match
deliverables/leadership_report/双光电多目标轨迹配准与交汇定位试验报告_CN.md,7,3.3.1 单站航迹结果,197,9,单站覆盖度,92.8%,research_modules/independent_experiments/dual_optical_online_benchmark/outputs/report_replay_20260819_v2/combined_summary.json,summary.46,46,"[""single_station_coverage""]","{""single_station_coverage"": 0.9283333333333333}",92.8%,match
deliverables/leadership_report/双光电多目标轨迹配准与交汇定位试验报告_CN.md,7,3.3.1 单站航迹结果,197,9,重复航迹,0,research_modules/independent_experiments/dual_optical_online_benchmark/outputs/report_replay_20260819_v2/combined_summary.json,summary.46,46,"[""single_station_duplicate_track_count""]","{""single_station_duplicate_track_count"": 0}",0,match
deliverables/leadership_report/双光电多目标轨迹配准与交汇定位试验报告_CN.md,7,3.3.1 单站航迹结果,197,9,混合航迹,48,research_modules/independent_experiments/dual_optical_online_benchmark/outputs/report_replay_20260819_v2/combined_summary.json,summary.46,46,"[""single_station_mixed_track_count""]","{""single_station_mixed_track_count"": 48}",48,match
deliverables/leadership_report/双光电多目标轨迹配准与交汇定位试验报告_CN.md,7,3.3.1 单站航迹结果,197,9,缺失身份机会,43,research_modules/independent_experiments/dual_optical_online_benchmark/outputs/report_replay_20260819_v2/combined_summary.json,summary.46,46,"[""single_station_missing_identity_count""]","{""single_station_missing_identity_count"": 43}",43,match
deliverables/leadership_report/双光电多目标轨迹配准与交汇定位试验报告_CN.md,7,3.3.1 单站航迹结果,197,10,单站精度,94.0%,research_modules/independent_experiments/dual_optical_online_benchmark/outputs/report_replay_20260819_v2/combined_summary.json,summary.50,50,"[""single_station_precision""]","{""single_station_precision"": 0.9403847890886099}",94.0%,match
deliverables/leadership_report/双光电多目标轨迹配准与交汇定位试验报告_CN.md,7,3.3.1 单站航迹结果,197,10,单站覆盖度,89.0%,research_modules/independent_experiments/dual_optical_online_benchmark/outputs/report_replay_20260819_v2/combined_summary.json,summary.50,50,"[""single_station_coverage""]","{""single_station_coverage"": 0.89}",89.0%,match
deliverables/leadership_report/双光电多目标轨迹配准与交汇定位试验报告_CN.md,7,3.3.1 单站航迹结果,197,10,重复航迹,1,research_modules/independent_experiments/dual_optical_online_benchmark/outputs/report_replay_20260819_v2/combined_summary.json,summary.50,50,"[""single_station_duplicate_track_count""]","{""single_station_duplicate_track_count"": 1}",1,match
deliverables/leadership_report/双光电多目标轨迹配准与交汇定位试验报告_CN.md,7,3.3.1 单站航迹结果,197,10,混合航迹,83,research_modules/independent_experiments/dual_optical_online_benchmark/outputs/report_replay_20260819_v2/combined_summary.json,summary.50,50,"[""single_station_mixed_track_count""]","{""single_station_mixed_track_count"": 83}",83,match
deliverables/leadership_report/双光电多目标轨迹配准与交汇定位试验报告_CN.md,7,3.3.1 单站航迹结果,197,10,缺失身份机会,66,research_modules/independent_experiments/dual_optical_online_benchmark/outputs/report_replay_20260819_v2/combined_summary.json,summary.50,50,"[""single_station_missing_identity_count""]","{""single_station_missing_identity_count"": 66}",66,match
deliverables/leadership_report/双光电多目标轨迹配准与交汇定位试验报告_CN.md,7,3.3.1 单站航迹结果,197,11,单站精度,92.3%,research_modules/independent_experiments/dual_optical_online_benchmark/outputs/report_replay_20260819_v2/combined_summary.json,summary.52,52,"[""single_station_precision""]","{""single_station_precision"": 0.9230057375532111}",92.3%,match
deliverables/leadership_report/双光电多目标轨迹配准与交汇定位试验报告_CN.md,7,3.3.1 单站航迹结果,197,11,单站覆盖度,90.5%,research_modules/independent_experiments/dual_optical_online_benchmark/outputs/report_replay_20260819_v2/combined_summary.json,summary.52,52,"[""single_station_coverage""]","{""single_station_coverage"": 0.905}",90.5%,match
deliverables/leadership_report/双光电多目标轨迹配准与交汇定位试验报告_CN.md,7,3.3.1 单站航迹结果,197,11,重复航迹,1,research_modules/independent_experiments/dual_optical_online_benchmark/outputs/report_replay_20260819_v2/combined_summary.json,summary.52,52,"[""single_station_duplicate_track_count""]","{""single_station_duplicate_track_count"": 1}",1,match
deliverables/leadership_report/双光电多目标轨迹配准与交汇定位试验报告_CN.md,7,3.3.1 单站航迹结果,197,11,混合航迹,78,research_modules/independent_experiments/dual_optical_online_benchmark/outputs/report_replay_20260819_v2/combined_summary.json,summary.52,52,"[""single_station_mixed_track_count""]","{""single_station_mixed_track_count"": 78}",78,match
deliverables/leadership_report/双光电多目标轨迹配准与交汇定位试验报告_CN.md,7,3.3.1 单站航迹结果,197,11,缺失身份机会,57,research_modules/independent_experiments/dual_optical_online_benchmark/outputs/report_replay_20260819_v2/combined_summary.json,summary.52,52,"[""single_station_missing_identity_count""]","{""single_station_missing_identity_count"": 57}",57,match
deliverables/leadership_report/双光电多目标轨迹配准与交汇定位试验报告_CN.md,7,3.3.1 单站航迹结果,197,12,单站精度,88.6%,research_modules/independent_experiments/dual_optical_online_benchmark/outputs/report_replay_20260819_v2/combined_summary.json,summary.48,48,"[""single_station_precision""]","{""single_station_precision"": 0.8859757841548289}",88.6%,match
deliverables/leadership_report/双光电多目标轨迹配准与交汇定位试验报告_CN.md,7,3.3.1 单站航迹结果,197,12,单站覆盖度,89.2%,research_modules/independent_experiments/dual_optical_online_benchmark/outputs/report_replay_20260819_v2/combined_summary.json,summary.48,48,"[""single_station_coverage""]","{""single_station_coverage"": 0.8916666666666667}",89.2%,match
deliverables/leadership_report/双光电多目标轨迹配准与交汇定位试验报告_CN.md,7,3.3.1 单站航迹结果,197,12,重复航迹,1,research_modules/independent_experiments/dual_optical_online_benchmark/outputs/report_replay_20260819_v2/combined_summary.json,summary.48,48,"[""single_station_duplicate_track_count""]","{""single_station_duplicate_track_count"": 1}",1,match
deliverables/leadership_report/双光电多目标轨迹配准与交汇定位试验报告_CN.md,7,3.3.1 单站航迹结果,197,12,混合航迹,109,research_modules/independent_experiments/dual_optical_online_benchmark/outputs/report_replay_20260819_v2/combined_summary.json,summary.48,48,"[""single_station_mixed_track_count""]","{""single_station_mixed_track_count"": 109}",109,match
deliverables/leadership_report/双光电多目标轨迹配准与交汇定位试验报告_CN.md,7,3.3.1 单站航迹结果,197,12,缺失身份机会,65,research_modules/independent_experiments/dual_optical_online_benchmark/outputs/report_replay_20260819_v2/combined_summary.json,summary.48,48,"[""single_station_missing_identity_count""]","{""single_station_missing_identity_count"": 65}",65,match
deliverables/leadership_report/双光电多目标轨迹配准与交汇定位试验报告_CN.md,8,3.3.2 双站配准结果,218,1,质量精度,99.0%,research_modules/independent_experiments/dual_optical_online_benchmark/outputs/report_replay_20260819_v2/combined_summary.json,summary.30,30,"[""offline_completed_precision""]","{""offline_completed_precision"": 0.9895833333333334}",99.0%,match
deliverables/leadership_report/双光电多目标轨迹配准与交汇定位试验报告_CN.md,8,3.3.2 双站配准结果,218,1,质量覆盖度,95.0%,research_modules/independent_experiments/dual_optical_online_benchmark/outputs/report_replay_20260819_v2/combined_summary.json,summary.30,30,"[""offline_completed_coverage""]","{""offline_completed_coverage"": 0.95}",95.0%,match
deliverables/leadership_report/双光电多目标轨迹配准与交汇定位试验报告_CN.md,8,3.3.2 双站配准结果,218,1,按时覆盖度,0.0%,research_modules/independent_experiments/dual_optical_online_benchmark/outputs/report_replay_20260819_v2/combined_summary.json,summary.30,30,"[""on_time_coverage""]","{""on_time_coverage"": 0.0}",0.0%,match
deliverables/leadership_report/双光电多目标轨迹配准与交汇定位试验报告_CN.md,8,3.3.2 双站配准结果,218,1,处理耗时P95,3446.6毫秒,research_modules/independent_experiments/dual_optical_online_benchmark/outputs/report_replay_20260819_v2/combined_summary.json,summary.30,30,"[""latency_p95_ms""]","{""latency_p95_ms"": 3446.6487579993554}",3446.6毫秒,match
deliverables/leadership_report/双光电多目标轨迹配准与交汇定位试验报告_CN.md,8,3.3.2 双站配准结果,218,1,超时数,5/5,research_modules/independent_experiments/dual_optical_online_benchmark/outputs/report_replay_20260819_v2/combined_summary.json,summary.30,30,"[""timeout_count"", ""sample_count""]","{""timeout_count"": 5, ""sample_count"": 5}",5/5,match
deliverables/leadership_report/双光电多目标轨迹配准与交汇定位试验报告_CN.md,8,3.3.2 双站配准结果,218,2,质量精度,97.8%,research_modules/independent_experiments/dual_optical_online_benchmark/outputs/report_replay_20260819_v2/combined_summary.json,summary.31,31,"[""offline_completed_precision""]","{""offline_completed_precision"": 0.978021978021978}",97.8%,match
deliverables/leadership_report/双光电多目标轨迹配准与交汇定位试验报告_CN.md,8,3.3.2 双站配准结果,218,2,质量覆盖度,89.0%,research_modules/independent_experiments/dual_optical_online_benchmark/outputs/report_replay_20260819_v2/combined_summary.json,summary.31,31,"[""offline_completed_coverage""]","{""offline_completed_coverage"": 0.89}",89.0%,match
deliverables/leadership_report/双光电多目标轨迹配准与交汇定位试验报告_CN.md,8,3.3.2 双站配准结果,218,2,按时覆盖度,89.0%,research_modules/independent_experiments/dual_optical_online_benchmark/outputs/report_replay_20260819_v2/combined_summary.json,summary.31,31,"[""on_time_coverage""]","{""on_time_coverage"": 0.89}",89.0%,match
deliverables/leadership_report/双光电多目标轨迹配准与交汇定位试验报告_CN.md,8,3.3.2 双站配准结果,218,2,处理耗时P95,136.2毫秒,research_modules/independent_experiments/dual_optical_online_benchmark/outputs/report_replay_20260819_v2/combined_summary.json,summary.31,31,"[""latency_p95_ms""]","{""latency_p95_ms"": 136.21047599735903}",136.2毫秒,match
deliverables/leadership_report/双光电多目标轨迹配准与交汇定位试验报告_CN.md,8,3.3.2 双站配准结果,218,2,超时数,0/5,research_modules/independent_experiments/dual_optical_online_benchmark/outputs/report_replay_20260819_v2/combined_summary.json,summary.31,31,"[""timeout_count"", ""sample_count""]","{""timeout_count"": 0, ""sample_count"": 5}",0/5,match
deliverables/leadership_report/双光电多目标轨迹配准与交汇定位试验报告_CN.md,8,3.3.2 双站配准结果,218,3,质量精度,96.9%,research_modules/independent_experiments/dual_optical_online_benchmark/outputs/report_replay_20260819_v2/combined_summary.json,summary.34,34,"[""offline_completed_precision""]","{""offline_completed_precision"": 0.9693877551020408}",96.9%,match
deliverables/leadership_report/双光电多目标轨迹配准与交汇定位试验报告_CN.md,8,3.3.2 双站配准结果,218,3,质量覆盖度,95.0%,research_modules/independent_experiments/dual_optical_online_benchmark/outputs/report_replay_20260819_v2/combined_summary.json,summary.34,34,"[""offline_completed_coverage""]","{""offline_completed_coverage"": 0.95}",95.0%,match
deliverables/leadership_report/双光电多目标轨迹配准与交汇定位试验报告_CN.md,8,3.3.2 双站配准结果,218,3,按时覆盖度,0.0%,research_modules/independent_experiments/dual_optical_online_benchmark/outputs/report_replay_20260819_v2/combined_summary.json,summary.34,34,"[""on_time_coverage""]","{""on_time_coverage"": 0.0}",0.0%,match
deliverables/leadership_report/双光电多目标轨迹配准与交汇定位试验报告_CN.md,8,3.3.2 双站配准结果,218,3,处理耗时P95,3248.3毫秒,research_modules/independent_experiments/dual_optical_online_benchmark/outputs/report_replay_20260819_v2/combined_summary.json,summary.34,34,"[""latency_p95_ms""]","{""latency_p95_ms"": 3248.3151399974304}",3248.3毫秒,match
deliverables/leadership_report/双光电多目标轨迹配准与交汇定位试验报告_CN.md,8,3.3.2 双站配准结果,218,3,超时数,5/5,research_modules/independent_experiments/dual_optical_online_benchmark/outputs/report_replay_20260819_v2/combined_summary.json,summary.34,34,"[""timeout_count"", ""sample_count""]","{""timeout_count"": 5, ""sample_count"": 5}",5/5,match
deliverables/leadership_report/双光电多目标轨迹配准与交汇定位试验报告_CN.md,8,3.3.2 双站配准结果,218,4,质量精度,83.9%,research_modules/independent_experiments/dual_optical_online_benchmark/outputs/report_replay_20260819_v2/combined_summary.json,summary.35,35,"[""offline_completed_precision""]","{""offline_completed_precision"": 0.8390804597701149}",83.9%,match
deliverables/leadership_report/双光电多目标轨迹配准与交汇定位试验报告_CN.md,8,3.3.2 双站配准结果,218,4,质量覆盖度,73.0%,research_modules/independent_experiments/dual_optical_online_benchmark/outputs/report_replay_20260819_v2/combined_summary.json,summary.35,35,"[""offline_completed_coverage""]","{""offline_completed_coverage"": 0.73}",73.0%,match
deliverables/leadership_report/双光电多目标轨迹配准与交汇定位试验报告_CN.md,8,3.3.2 双站配准结果,218,4,按时覆盖度,73.0%,research_modules/independent_experiments/dual_optical_online_benchmark/outputs/report_replay_20260819_v2/combined_summary.json,summary.35,35,"[""on_time_coverage""]","{""on_time_coverage"": 0.73}",73.0%,match
deliverables/leadership_report/双光电多目标轨迹配准与交汇定位试验报告_CN.md,8,3.3.2 双站配准结果,218,4,处理耗时P95,96.9毫秒,research_modules/independent_experiments/dual_optical_online_benchmark/outputs/report_replay_20260819_v2/combined_summary.json,summary.35,35,"[""latency_p95_ms""]","{""latency_p95_ms"": 96.8999270007771}",96.9毫秒,match
deliverables/leadership_report/双光电多目标轨迹配准与交汇定位试验报告_CN.md,8,3.3.2 双站配准结果,218,4,超时数,0/5,research_modules/independent_experiments/dual_optical_online_benchmark/outputs/report_replay_20260819_v2/combined_summary.json,summary.35,35,"[""timeout_count"", ""sample_count""]","{""timeout_count"": 0, ""sample_count"": 5}",0/5,match
deliverables/leadership_report/双光电多目标轨迹配准与交汇定位试验报告_CN.md,8,3.3.2 双站配准结果,218,5,质量精度,94.8%,research_modules/independent_experiments/dual_optical_online_benchmark/outputs/report_replay_20260819_v2/combined_summary.json,summary.36,36,"[""offline_completed_precision""]","{""offline_completed_precision"": 0.9479166666666666}",94.8%,match
deliverables/leadership_report/双光电多目标轨迹配准与交汇定位试验报告_CN.md,8,3.3.2 双站配准结果,218,5,质量覆盖度,91.0%,research_modules/independent_experiments/dual_optical_online_benchmark/outputs/report_replay_20260819_v2/combined_summary.json,summary.36,36,"[""offline_completed_coverage""]","{""offline_completed_coverage"": 0.91}",91.0%,match
deliverables/leadership_report/双光电多目标轨迹配准与交汇定位试验报告_CN.md,8,3.3.2 双站配准结果,218,5,按时覆盖度,0.0%,research_modules/independent_experiments/dual_optical_online_benchmark/outputs/report_replay_20260819_v2/combined_summary.json,summary.36,36,"[""on_time_coverage""]","{""on_time_coverage"": 0.0}",0.0%,match
deliverables/leadership_report/双光电多目标轨迹配准与交汇定位试验报告_CN.md,8,3.3.2 双站配准结果,218,5,处理耗时P95,2930.1毫秒,research_modules/independent_experiments/dual_optical_online_benchmark/outputs/report_replay_20260819_v2/combined_summary.json,summary.36,36,"[""latency_p95_ms""]","{""latency_p95_ms"": 2930.0849190003646}",2930.1毫秒,match
deliverables/leadership_report/双光电多目标轨迹配准与交汇定位试验报告_CN.md,8,3.3.2 双站配准结果,218,5,超时数,5/5,research_modules/independent_experiments/dual_optical_online_benchmark/outputs/report_replay_20260819_v2/combined_summary.json,summary.36,36,"[""timeout_count"", ""sample_count""]","{""timeout_count"": 5, ""sample_count"": 5}",5/5,match
deliverables/leadership_report/双光电多目标轨迹配准与交汇定位试验报告_CN.md,8,3.3.2 双站配准结果,218,6,质量精度,84.7%,research_modules/independent_experiments/dual_optical_online_benchmark/outputs/report_replay_20260819_v2/combined_summary.json,summary.37,37,"[""offline_completed_precision""]","{""offline_completed_precision"": 0.8472222222222222}",84.7%,match
deliverables/leadership_report/双光电多目标轨迹配准与交汇定位试验报告_CN.md,8,3.3.2 双站配准结果,218,6,质量覆盖度,61.0%,research_modules/independent_experiments/dual_optical_online_benchmark/outputs/report_replay_20260819_v2/combined_summary.json,summary.37,37,"[""offline_completed_coverage""]","{""offline_completed_coverage"": 0.61}",61.0%,match
deliverables/leadership_report/双光电多目标轨迹配准与交汇定位试验报告_CN.md,8,3.3.2 双站配准结果,218,6,按时覆盖度,61.0%,research_modules/independent_experiments/dual_optical_online_benchmark/outputs/report_replay_20260819_v2/combined_summary.json,summary.37,37,"[""on_time_coverage""]","{""on_time_coverage"": 0.61}",61.0%,match
deliverables/leadership_report/双光电多目标轨迹配准与交汇定位试验报告_CN.md,8,3.3.2 双站配准结果,218,6,处理耗时P95,105.3毫秒,research_modules/independent_experiments/dual_optical_online_benchmark/outputs/report_replay_20260819_v2/combined_summary.json,summary.37,37,"[""latency_p95_ms""]","{""latency_p95_ms"": 105.34701600045082}",105.3毫秒,match
deliverables/leadership_report/双光电多目标轨迹配准与交汇定位试验报告_CN.md,8,3.3.2 双站配准结果,218,6,超时数,0/5,research_modules/independent_experiments/dual_optical_online_benchmark/outputs/report_replay_20260819_v2/combined_summary.json,summary.37,37,"[""timeout_count"", ""sample_count""]","{""timeout_count"": 0, ""sample_count"": 5}",0/5,match
deliverables/leadership_report/双光电多目标轨迹配准与交汇定位试验报告_CN.md,8,3.3.2 双站配准结果,218,7,质量精度,96.6%,research_modules/independent_experiments/dual_optical_online_benchmark/outputs/report_replay_20260819_v2/combined_summary.json,summary.32,32,"[""offline_completed_precision""]","{""offline_completed_precision"": 0.9655172413793104}",96.6%,match
deliverables/leadership_report/双光电多目标轨迹配准与交汇定位试验报告_CN.md,8,3.3.2 双站配准结果,218,7,质量覆盖度,84.0%,research_modules/independent_experiments/dual_optical_online_benchmark/outputs/report_replay_20260819_v2/combined_summary.json,summary.32,32,"[""offline_completed_coverage""]","{""offline_completed_coverage"": 0.84}",84.0%,match
deliverables/leadership_report/双光电多目标轨迹配准与交汇定位试验报告_CN.md,8,3.3.2 双站配准结果,218,7,按时覆盖度,0.0%,research_modules/independent_experiments/dual_optical_online_benchmark/outputs/report_replay_20260819_v2/combined_summary.json,summary.32,32,"[""on_time_coverage""]","{""on_time_coverage"": 0.0}",0.0%,match
deliverables/leadership_report/双光电多目标轨迹配准与交汇定位试验报告_CN.md,8,3.3.2 双站配准结果,218,7,处理耗时P95,3336.2毫秒,research_modules/independent_experiments/dual_optical_online_benchmark/outputs/report_replay_20260819_v2/combined_summary.json,summary.32,32,"[""latency_p95_ms""]","{""latency_p95_ms"": 3336.247540999466}",3336.2毫秒,match
deliverables/leadership_report/双光电多目标轨迹配准与交汇定位试验报告_CN.md,8,3.3.2 双站配准结果,218,7,超时数,5/5,research_modules/independent_experiments/dual_optical_online_benchmark/outputs/report_replay_20260819_v2/combined_summary.json,summary.32,32,"[""timeout_count"", ""sample_count""]","{""timeout_count"": 5, ""sample_count"": 5}",5/5,match
deliverables/leadership_report/双光电多目标轨迹配准与交汇定位试验报告_CN.md,8,3.3.2 双站配准结果,218,8,质量精度,76.5%,research_modules/independent_experiments/dual_optical_online_benchmark/outputs/report_replay_20260819_v2/combined_summary.json,summary.33,33,"[""offline_completed_precision""]","{""offline_completed_precision"": 0.7654320987654321}",76.5%,match
deliverables/leadership_report/双光电多目标轨迹配准与交汇定位试验报告_CN.md,8,3.3.2 双站配准结果,218,8,质量覆盖度,62.0%,research_modules/independent_experiments/dual_optical_online_benchmark/outputs/report_replay_20260819_v2/combined_summary.json,summary.33,33,"[""offline_completed_coverage""]","{""offline_completed_coverage"": 0.62}",62.0%,match
deliverables/leadership_report/双光电多目标轨迹配准与交汇定位试验报告_CN.md,8,3.3.2 双站配准结果,218,8,按时覆盖度,62.0%,research_modules/independent_experiments/dual_optical_online_benchmark/outputs/report_replay_20260819_v2/combined_summary.json,summary.33,33,"[""on_time_coverage""]","{""on_time_coverage"": 0.62}",62.0%,match
deliverables/leadership_report/双光电多目标轨迹配准与交汇定位试验报告_CN.md,8,3.3.2 双站配准结果,218,8,处理耗时P95,122.3毫秒,research_modules/independent_experiments/dual_optical_online_benchmark/outputs/report_replay_20260819_v2/combined_summary.json,summary.33,33,"[""latency_p95_ms""]","{""latency_p95_ms"": 122.25543100066716}",122.3毫秒,match
deliverables/leadership_report/双光电多目标轨迹配准与交汇定位试验报告_CN.md,8,3.3.2 双站配准结果,218,8,超时数,0/5,research_modules/independent_experiments/dual_optical_online_benchmark/outputs/report_replay_20260819_v2/combined_summary.json,summary.33,33,"[""timeout_count"", ""sample_count""]","{""timeout_count"": 0, ""sample_count"": 5}",0/5,match
deliverables/leadership_report/双光电多目标轨迹配准与交汇定位试验报告_CN.md,8,3.3.2 双站配准结果,218,9,质量精度,80.9%,research_modules/independent_experiments/dual_optical_online_benchmark/outputs/report_replay_20260819_v2/combined_summary.json,summary.38,38,"[""offline_completed_precision""]","{""offline_completed_precision"": 0.8087431693989071}",80.9%,match
deliverables/leadership_report/双光电多目标轨迹配准与交汇定位试验报告_CN.md,8,3.3.2 双站配准结果,218,9,质量覆盖度,74.0%,research_modules/independent_experiments/dual_optical_online_benchmark/outputs/report_replay_20260819_v2/combined_summary.json,summary.38,38,"[""offline_completed_coverage""]","{""offline_completed_coverage"": 0.74}",74.0%,match
deliverables/leadership_report/双光电多目标轨迹配准与交汇定位试验报告_CN.md,8,3.3.2 双站配准结果,218,9,按时覆盖度,0.0%,research_modules/independent_experiments/dual_optical_online_benchmark/outputs/report_replay_20260819_v2/combined_summary.json,summary.38,38,"[""on_time_coverage""]","{""on_time_coverage"": 0.0}",0.0%,match
deliverables/leadership_report/双光电多目标轨迹配准与交汇定位试验报告_CN.md,8,3.3.2 双站配准结果,218,9,处理耗时P95,8825.8毫秒,research_modules/independent_experiments/dual_optical_online_benchmark/outputs/report_replay_20260819_v2/combined_summary.json,summary.38,38,"[""latency_p95_ms""]","{""latency_p95_ms"": 8825.816997999937}",8825.8毫秒,match
deliverables/leadership_report/双光电多目标轨迹配准与交汇定位试验报告_CN.md,8,3.3.2 双站配准结果,218,9,超时数,5/5,research_modules/independent_experiments/dual_optical_online_benchmark/outputs/report_replay_20260819_v2/combined_summary.json,summary.38,38,"[""timeout_count"", ""sample_count""]","{""timeout_count"": 5, ""sample_count"": 5}",5/5,match
deliverables/leadership_report/双光电多目标轨迹配准与交汇定位试验报告_CN.md,8,3.3.2 双站配准结果,218,10,质量精度,84.6%,research_modules/independent_experiments/dual_optical_online_benchmark/outputs/report_replay_20260819_v2/combined_summary.json,summary.39,39,"[""offline_completed_precision""]","{""offline_completed_precision"": 0.8461538461538461}",84.6%,match
deliverables/leadership_report/双光电多目标轨迹配准与交汇定位试验报告_CN.md,8,3.3.2 双站配准结果,218,10,质量覆盖度,77.0%,research_modules/independent_experiments/dual_optical_online_benchmark/outputs/report_replay_20260819_v2/combined_summary.json,summary.39,39,"[""offline_completed_coverage""]","{""offline_completed_coverage"": 0.77}",77.0%,match
deliverables/leadership_report/双光电多目标轨迹配准与交汇定位试验报告_CN.md,8,3.3.2 双站配准结果,218,10,按时覆盖度,77.0%,research_modules/independent_experiments/dual_optical_online_benchmark/outputs/report_replay_20260819_v2/combined_summary.json,summary.39,39,"[""on_time_coverage""]","{""on_time_coverage"": 0.77}",77.0%,match
deliverables/leadership_report/双光电多目标轨迹配准与交汇定位试验报告_CN.md,8,3.3.2 双站配准结果,218,10,处理耗时P95,241.9毫秒,research_modules/independent_experiments/dual_optical_online_benchmark/outputs/report_replay_20260819_v2/combined_summary.json,summary.39,39,"[""latency_p95_ms""]","{""latency_p95_ms"": 241.85962000046857}",241.9毫秒,match
deliverables/leadership_report/双光电多目标轨迹配准与交汇定位试验报告_CN.md,8,3.3.2 双站配准结果,218,10,超时数,0/5,research_modules/independent_experiments/dual_optical_online_benchmark/outputs/report_replay_20260819_v2/combined_summary.json,summary.39,39,"[""timeout_count"", ""sample_count""]","{""timeout_count"": 0, ""sample_count"": 5}",0/5,match
deliverables/leadership_report/双光电多目标轨迹配准与交汇定位试验报告_CN.md,8,3.3.2 双站配准结果,218,11,质量精度,81.4%,research_modules/independent_experiments/dual_optical_online_benchmark/outputs/report_replay_20260819_v2/combined_summary.json,summary.42,42,"[""offline_completed_precision""]","{""offline_completed_precision"": 0.813953488372093}",81.4%,match
deliverables/leadership_report/双光电多目标轨迹配准与交汇定位试验报告_CN.md,8,3.3.2 双站配准结果,218,11,质量覆盖度,70.0%,research_modules/independent_experiments/dual_optical_online_benchmark/outputs/report_replay_20260819_v2/combined_summary.json,summary.42,42,"[""offline_completed_coverage""]","{""offline_completed_coverage"": 0.7}",70.0%,match
deliverables/leadership_report/双光电多目标轨迹配准与交汇定位试验报告_CN.md,8,3.3.2 双站配准结果,218,11,按时覆盖度,0.0%,research_modules/independent_experiments/dual_optical_online_benchmark/outputs/report_replay_20260819_v2/combined_summary.json,summary.42,42,"[""on_time_coverage""]","{""on_time_coverage"": 0.0}",0.0%,match
deliverables/leadership_report/双光电多目标轨迹配准与交汇定位试验报告_CN.md,8,3.3.2 双站配准结果,218,11,处理耗时P95,8135.0毫秒,research_modules/independent_experiments/dual_optical_online_benchmark/outputs/report_replay_20260819_v2/combined_summary.json,summary.42,42,"[""latency_p95_ms""]","{""latency_p95_ms"": 8135.018979999586}",8135.0毫秒,match
deliverables/leadership_report/双光电多目标轨迹配准与交汇定位试验报告_CN.md,8,3.3.2 双站配准结果,218,11,超时数,5/5,research_modules/independent_experiments/dual_optical_online_benchmark/outputs/report_replay_20260819_v2/combined_summary.json,summary.42,42,"[""timeout_count"", ""sample_count""]","{""timeout_count"": 5, ""sample_count"": 5}",5/5,match
deliverables/leadership_report/双光电多目标轨迹配准与交汇定位试验报告_CN.md,8,3.3.2 双站配准结果,218,12,质量精度,85.5%,research_modules/independent_experiments/dual_optical_online_benchmark/outputs/report_replay_20260819_v2/combined_summary.json,summary.43,43,"[""offline_completed_precision""]","{""offline_completed_precision"": 0.8553459119496856}",85.5%,match
deliverables/leadership_report/双光电多目标轨迹配准与交汇定位试验报告_CN.md,8,3.3.2 双站配准结果,218,12,质量覆盖度,68.0%,research_modules/independent_experiments/dual_optical_online_benchmark/outputs/report_replay_20260819_v2/combined_summary.json,summary.43,43,"[""offline_completed_coverage""]","{""offline_completed_coverage"": 0.68}",68.0%,match
deliverables/leadership_report/双光电多目标轨迹配准与交汇定位试验报告_CN.md,8,3.3.2 双站配准结果,218,12,按时覆盖度,68.0%,research_modules/independent_experiments/dual_optical_online_benchmark/outputs/report_replay_20260819_v2/combined_summary.json,summary.43,43,"[""on_time_coverage""]","{""on_time_coverage"": 0.68}",68.0%,match
deliverables/leadership_report/双光电多目标轨迹配准与交汇定位试验报告_CN.md,8,3.3.2 双站配准结果,218,12,处理耗时P95,253.4毫秒,research_modules/independent_experiments/dual_optical_online_benchmark/outputs/report_replay_20260819_v2/combined_summary.json,summary.43,43,"[""latency_p95_ms""]","{""latency_p95_ms"": 253.35705100224004}",253.4毫秒,match
deliverables/leadership_report/双光电多目标轨迹配准与交汇定位试验报告_CN.md,8,3.3.2 双站配准结果,218,12,超时数,0/5,research_modules/independent_experiments/dual_optical_online_benchmark/outputs/report_replay_20260819_v2/combined_summary.json,summary.43,43,"[""timeout_count"", ""sample_count""]","{""timeout_count"": 0, ""sample_count"": 5}",0/5,match
deliverables/leadership_report/双光电多目标轨迹配准与交汇定位试验报告_CN.md,8,3.3.2 双站配准结果,218,13,质量精度,82.8%,research_modules/independent_experiments/dual_optical_online_benchmark/outputs/report_replay_20260819_v2/combined_summary.json,summary.44,44,"[""offline_completed_precision""]","{""offline_completed_precision"": 0.8282208588957055}",82.8%,match
deliverables/leadership_report/双光电多目标轨迹配准与交汇定位试验报告_CN.md,8,3.3.2 双站配准结果,218,13,质量覆盖度,67.5%,research_modules/independent_experiments/dual_optical_online_benchmark/outputs/report_replay_20260819_v2/combined_summary.json,summary.44,44,"[""offline_completed_coverage""]","{""offline_completed_coverage"": 0.675}",67.5%,match
deliverables/leadership_report/双光电多目标轨迹配准与交汇定位试验报告_CN.md,8,3.3.2 双站配准结果,218,13,按时覆盖度,0.0%,research_modules/independent_experiments/dual_optical_online_benchmark/outputs/report_replay_20260819_v2/combined_summary.json,summary.44,44,"[""on_time_coverage""]","{""on_time_coverage"": 0.0}",0.0%,match
deliverables/leadership_report/双光电多目标轨迹配准与交汇定位试验报告_CN.md,8,3.3.2 双站配准结果,218,13,处理耗时P95,8477.2毫秒,research_modules/independent_experiments/dual_optical_online_benchmark/outputs/report_replay_20260819_v2/combined_summary.json,summary.44,44,"[""latency_p95_ms""]","{""latency_p95_ms"": 8477.237316001265}",8477.2毫秒,match
deliverables/leadership_report/双光电多目标轨迹配准与交汇定位试验报告_CN.md,8,3.3.2 双站配准结果,218,13,超时数,5/5,research_modules/independent_experiments/dual_optical_online_benchmark/outputs/report_replay_20260819_v2/combined_summary.json,summary.44,44,"[""timeout_count"", ""sample_count""]","{""timeout_count"": 5, ""sample_count"": 5}",5/5,match
deliverables/leadership_report/双光电多目标轨迹配准与交汇定位试验报告_CN.md,8,3.3.2 双站配准结果,218,14,质量精度,79.6%,research_modules/independent_experiments/dual_optical_online_benchmark/outputs/report_replay_20260819_v2/combined_summary.json,summary.45,45,"[""offline_completed_precision""]","{""offline_completed_precision"": 0.7962962962962963}",79.6%,match
deliverables/leadership_report/双光电多目标轨迹配准与交汇定位试验报告_CN.md,8,3.3.2 双站配准结果,218,14,质量覆盖度,64.5%,research_modules/independent_experiments/dual_optical_online_benchmark/outputs/report_replay_20260819_v2/combined_summary.json,summary.45,45,"[""offline_completed_coverage""]","{""offline_completed_coverage"": 0.645}",64.5%,match
deliverables/leadership_report/双光电多目标轨迹配准与交汇定位试验报告_CN.md,8,3.3.2 双站配准结果,218,14,按时覆盖度,64.5%,research_modules/independent_experiments/dual_optical_online_benchmark/outputs/report_replay_20260819_v2/combined_summary.json,summary.45,45,"[""on_time_coverage""]","{""on_time_coverage"": 0.645}",64.5%,match
deliverables/leadership_report/双光电多目标轨迹配准与交汇定位试验报告_CN.md,8,3.3.2 双站配准结果,218,14,处理耗时P95,257.9毫秒,research_modules/independent_experiments/dual_optical_online_benchmark/outputs/report_replay_20260819_v2/combined_summary.json,summary.45,45,"[""latency_p95_ms""]","{""latency_p95_ms"": 257.89206999979797}",257.9毫秒,match
deliverables/leadership_report/双光电多目标轨迹配准与交汇定位试验报告_CN.md,8,3.3.2 双站配准结果,218,14,超时数,0/5,research_modules/independent_experiments/dual_optical_online_benchmark/outputs/report_replay_20260819_v2/combined_summary.json,summary.45,45,"[""timeout_count"", ""sample_count""]","{""timeout_count"": 0, ""sample_count"": 5}",0/5,match
deliverables/leadership_report/双光电多目标轨迹配准与交汇定位试验报告_CN.md,8,3.3.2 双站配准结果,218,15,质量精度,76.2%,research_modules/independent_experiments/dual_optical_online_benchmark/outputs/report_replay_20260819_v2/combined_summary.json,summary.40,40,"[""offline_completed_precision""]","{""offline_completed_precision"": 0.7625}",76.2%,match
deliverables/leadership_report/双光电多目标轨迹配准与交汇定位试验报告_CN.md,8,3.3.2 双站配准结果,218,15,质量覆盖度,61.0%,research_modules/independent_experiments/dual_optical_online_benchmark/outputs/report_replay_20260819_v2/combined_summary.json,summary.40,40,"[""offline_completed_coverage""]","{""offline_completed_coverage"": 0.61}",61.0%,match
deliverables/leadership_report/双光电多目标轨迹配准与交汇定位试验报告_CN.md,8,3.3.2 双站配准结果,218,15,按时覆盖度,0.0%,research_modules/independent_experiments/dual_optical_online_benchmark/outputs/report_replay_20260819_v2/combined_summary.json,summary.40,40,"[""on_time_coverage""]","{""on_time_coverage"": 0.0}",0.0%,match
deliverables/leadership_report/双光电多目标轨迹配准与交汇定位试验报告_CN.md,8,3.3.2 双站配准结果,218,15,处理耗时P95,7619.8毫秒,research_modules/independent_experiments/dual_optical_online_benchmark/outputs/report_replay_20260819_v2/combined_summary.json,summary.40,40,"[""latency_p95_ms""]","{""latency_p95_ms"": 7619.758379001723}",7619.8毫秒,match
deliverables/leadership_report/双光电多目标轨迹配准与交汇定位试验报告_CN.md,8,3.3.2 双站配准结果,218,15,超时数,5/5,research_modules/independent_experiments/dual_optical_online_benchmark/outputs/report_replay_20260819_v2/combined_summary.json,summary.40,40,"[""timeout_count"", ""sample_count""]","{""timeout_count"": 5, ""sample_count"": 5}",5/5,match
deliverables/leadership_report/双光电多目标轨迹配准与交汇定位试验报告_CN.md,8,3.3.2 双站配准结果,218,16,质量精度,72.0%,research_modules/independent_experiments/dual_optical_online_benchmark/outputs/report_replay_20260819_v2/combined_summary.json,summary.41,41,"[""offline_completed_precision""]","{""offline_completed_precision"": 0.72}",72.0%,match
deliverables/leadership_report/双光电多目标轨迹配准与交汇定位试验报告_CN.md,8,3.3.2 双站配准结果,218,16,质量覆盖度,54.0%,research_modules/independent_experiments/dual_optical_online_benchmark/outputs/report_replay_20260819_v2/combined_summary.json,summary.41,41,"[""offline_completed_coverage""]","{""offline_completed_coverage"": 0.54}",54.0%,match
deliverables/leadership_report/双光电多目标轨迹配准与交汇定位试验报告_CN.md,8,3.3.2 双站配准结果,218,16,按时覆盖度,54.0%,research_modules/independent_experiments/dual_optical_online_benchmark/outputs/report_replay_20260819_v2/combined_summary.json,summary.41,41,"[""on_time_coverage""]","{""on_time_coverage"": 0.54}",54.0%,match
deliverables/leadership_report/双光电多目标轨迹配准与交汇定位试验报告_CN.md,8,3.3.2 双站配准结果,218,16,处理耗时P95,269.5毫秒,research_modules/independent_experiments/dual_optical_online_benchmark/outputs/report_replay_20260819_v2/combined_summary.json,summary.41,41,"[""latency_p95_ms""]","{""latency_p95_ms"": 269.47944299899973}",269.5毫秒,match
deliverables/leadership_report/双光电多目标轨迹配准与交汇定位试验报告_CN.md,8,3.3.2 双站配准结果,218,16,超时数,0/5,research_modules/independent_experiments/dual_optical_online_benchmark/outputs/report_replay_20260819_v2/combined_summary.json,summary.41,41,"[""timeout_count"", ""sample_count""]","{""timeout_count"": 0, ""sample_count"": 5}",0/5,match
deliverables/leadership_report/双光电多目标轨迹配准与交汇定位试验报告_CN.md,8,3.3.2 双站配准结果,218,17,质量精度,82.7%,research_modules/independent_experiments/dual_optical_online_benchmark/outputs/report_replay_20260819_v2/combined_summary.json,summary.46,46,"[""offline_completed_precision""]","{""offline_completed_precision"": 0.8270676691729323}",82.7%,match
deliverables/leadership_report/双光电多目标轨迹配准与交汇定位试验报告_CN.md,8,3.3.2 双站配准结果,218,17,质量覆盖度,73.3%,research_modules/independent_experiments/dual_optical_online_benchmark/outputs/report_replay_20260819_v2/combined_summary.json,summary.46,46,"[""offline_completed_coverage""]","{""offline_completed_coverage"": 0.7333333333333333}",73.3%,match
deliverables/leadership_report/双光电多目标轨迹配准与交汇定位试验报告_CN.md,8,3.3.2 双站配准结果,218,17,按时覆盖度,0.0%,research_modules/independent_experiments/dual_optical_online_benchmark/outputs/report_replay_20260819_v2/combined_summary.json,summary.46,46,"[""on_time_coverage""]","{""on_time_coverage"": 0.0}",0.0%,match
deliverables/leadership_report/双光电多目标轨迹配准与交汇定位试验报告_CN.md,8,3.3.2 双站配准结果,218,17,处理耗时P95,15358.4毫秒,research_modules/independent_experiments/dual_optical_online_benchmark/outputs/report_replay_20260819_v2/combined_summary.json,summary.46,46,"[""latency_p95_ms""]","{""latency_p95_ms"": 15358.416416002001}",15358.4毫秒,match
deliverables/leadership_report/双光电多目标轨迹配准与交汇定位试验报告_CN.md,8,3.3.2 双站配准结果,218,17,超时数,5/5,research_modules/independent_experiments/dual_optical_online_benchmark/outputs/report_replay_20260819_v2/combined_summary.json,summary.46,46,"[""timeout_count"", ""sample_count""]","{""timeout_count"": 5, ""sample_count"": 5}",5/5,match
deliverables/leadership_report/双光电多目标轨迹配准与交汇定位试验报告_CN.md,8,3.3.2 双站配准结果,218,18,质量精度,85.6%,research_modules/independent_experiments/dual_optical_online_benchmark/outputs/report_replay_20260819_v2/combined_summary.json,summary.47,47,"[""offline_completed_precision""]","{""offline_completed_precision"": 0.8556338028169014}",85.6%,match
deliverables/leadership_report/双光电多目标轨迹配准与交汇定位试验报告_CN.md,8,3.3.2 双站配准结果,218,18,质量覆盖度,81.0%,research_modules/independent_experiments/dual_optical_online_benchmark/outputs/report_replay_20260819_v2/combined_summary.json,summary.47,47,"[""offline_completed_coverage""]","{""offline_completed_coverage"": 0.81}",81.0%,match
deliverables/leadership_report/双光电多目标轨迹配准与交汇定位试验报告_CN.md,8,3.3.2 双站配准结果,218,18,按时覆盖度,81.0%,research_modules/independent_experiments/dual_optical_online_benchmark/outputs/report_replay_20260819_v2/combined_summary.json,summary.47,47,"[""on_time_coverage""]","{""on_time_coverage"": 0.81}",81.0%,match
deliverables/leadership_report/双光电多目标轨迹配准与交汇定位试验报告_CN.md,8,3.3.2 双站配准结果,218,18,处理耗时P95,468.7毫秒,research_modules/independent_experiments/dual_optical_online_benchmark/outputs/report_replay_20260819_v2/combined_summary.json,summary.47,47,"[""latency_p95_ms""]","{""latency_p95_ms"": 468.6792749998858}",468.7毫秒,match
deliverables/leadership_report/双光电多目标轨迹配准与交汇定位试验报告_CN.md,8,3.3.2 双站配准结果,218,18,超时数,0/5,research_modules/independent_experiments/dual_optical_online_benchmark/outputs/report_replay_20260819_v2/combined_summary.json,summary.47,47,"[""timeout_count"", ""sample_count""]","{""timeout_count"": 0, ""sample_count"": 5}",0/5,match
deliverables/leadership_report/双光电多目标轨迹配准与交汇定位试验报告_CN.md,8,3.3.2 双站配准结果,218,19,质量精度,80.2%,research_modules/independent_experiments/dual_optical_online_benchmark/outputs/report_replay_20260819_v2/combined_summary.json,summary.50,50,"[""offline_completed_precision""]","{""offline_completed_precision"": 0.8016877637130801}",80.2%,match
deliverables/leadership_report/双光电多目标轨迹配准与交汇定位试验报告_CN.md,8,3.3.2 双站配准结果,218,19,质量覆盖度,63.3%,research_modules/independent_experiments/dual_optical_online_benchmark/outputs/report_replay_20260819_v2/combined_summary.json,summary.50,50,"[""offline_completed_coverage""]","{""offline_completed_coverage"": 0.6333333333333333}",63.3%,match
deliverables/leadership_report/双光电多目标轨迹配准与交汇定位试验报告_CN.md,8,3.3.2 双站配准结果,218,19,按时覆盖度,0.0%,research_modules/independent_experiments/dual_optical_online_benchmark/outputs/report_replay_20260819_v2/combined_summary.json,summary.50,50,"[""on_time_coverage""]","{""on_time_coverage"": 0.0}",0.0%,match
deliverables/leadership_report/双光电多目标轨迹配准与交汇定位试验报告_CN.md,8,3.3.2 双站配准结果,218,19,处理耗时P95,14684.6毫秒,research_modules/independent_experiments/dual_optical_online_benchmark/outputs/report_replay_20260819_v2/combined_summary.json,summary.50,50,"[""latency_p95_ms""]","{""latency_p95_ms"": 14684.631472999172}",14684.6毫秒,match
deliverables/leadership_report/双光电多目标轨迹配准与交汇定位试验报告_CN.md,8,3.3.2 双站配准结果,218,19,超时数,5/5,research_modules/independent_experiments/dual_optical_online_benchmark/outputs/report_replay_20260819_v2/combined_summary.json,summary.50,50,"[""timeout_count"", ""sample_count""]","{""timeout_count"": 5, ""sample_count"": 5}",5/5,match
deliverables/leadership_report/双光电多目标轨迹配准与交汇定位试验报告_CN.md,8,3.3.2 双站配准结果,218,20,质量精度,81.9%,research_modules/independent_experiments/dual_optical_online_benchmark/outputs/report_replay_20260819_v2/combined_summary.json,summary.51,51,"[""offline_completed_precision""]","{""offline_completed_precision"": 0.8192307692307692}",81.9%,match
deliverables/leadership_report/双光电多目标轨迹配准与交汇定位试验报告_CN.md,8,3.3.2 双站配准结果,218,20,质量覆盖度,71.0%,research_modules/independent_experiments/dual_optical_online_benchmark/outputs/report_replay_20260819_v2/combined_summary.json,summary.51,51,"[""offline_completed_coverage""]","{""offline_completed_coverage"": 0.71}",71.0%,match
deliverables/leadership_report/双光电多目标轨迹配准与交汇定位试验报告_CN.md,8,3.3.2 双站配准结果,218,20,按时覆盖度,71.0%,research_modules/independent_experiments/dual_optical_online_benchmark/outputs/report_replay_20260819_v2/combined_summary.json,summary.51,51,"[""on_time_coverage""]","{""on_time_coverage"": 0.71}",71.0%,match
deliverables/leadership_report/双光电多目标轨迹配准与交汇定位试验报告_CN.md,8,3.3.2 双站配准结果,218,20,处理耗时P95,479.4毫秒,research_modules/independent_experiments/dual_optical_online_benchmark/outputs/report_replay_20260819_v2/combined_summary.json,summary.51,51,"[""latency_p95_ms""]","{""latency_p95_ms"": 479.4315950020973}",479.4毫秒,match
deliverables/leadership_report/双光电多目标轨迹配准与交汇定位试验报告_CN.md,8,3.3.2 双站配准结果,218,20,超时数,0/5,research_modules/independent_experiments/dual_optical_online_benchmark/outputs/report_replay_20260819_v2/combined_summary.json,summary.51,51,"[""timeout_count"", ""sample_count""]","{""timeout_count"": 0, ""sample_count"": 5}",0/5,match
deliverables/leadership_report/双光电多目标轨迹配准与交汇定位试验报告_CN.md,8,3.3.2 双站配准结果,218,21,质量精度,79.8%,research_modules/independent_experiments/dual_optical_online_benchmark/outputs/report_replay_20260819_v2/combined_summary.json,summary.52,52,"[""offline_completed_precision""]","{""offline_completed_precision"": 0.7984189723320159}",79.8%,match
deliverables/leadership_report/双光电多目标轨迹配准与交汇定位试验报告_CN.md,8,3.3.2 双站配准结果,218,21,质量覆盖度,67.3%,research_modules/independent_experiments/dual_optical_online_benchmark/outputs/report_replay_20260819_v2/combined_summary.json,summary.52,52,"[""offline_completed_coverage""]","{""offline_completed_coverage"": 0.6733333333333333}",67.3%,match
deliverables/leadership_report/双光电多目标轨迹配准与交汇定位试验报告_CN.md,8,3.3.2 双站配准结果,218,21,按时覆盖度,0.0%,research_modules/independent_experiments/dual_optical_online_benchmark/outputs/report_replay_20260819_v2/combined_summary.json,summary.52,52,"[""on_time_coverage""]","{""on_time_coverage"": 0.0}",0.0%,match
deliverables/leadership_report/双光电多目标轨迹配准与交汇定位试验报告_CN.md,8,3.3.2 双站配准结果,218,21,处理耗时P95,14075.0毫秒,research_modules/independent_experiments/dual_optical_online_benchmark/outputs/report_replay_20260819_v2/combined_summary.json,summary.52,52,"[""latency_p95_ms""]","{""latency_p95_ms"": 14074.960669997381}",14075.0毫秒,match
deliverables/leadership_report/双光电多目标轨迹配准与交汇定位试验报告_CN.md,8,3.3.2 双站配准结果,218,21,超时数,5/5,research_modules/independent_experiments/dual_optical_online_benchmark/outputs/report_replay_20260819_v2/combined_summary.json,summary.52,52,"[""timeout_count"", ""sample_count""]","{""timeout_count"": 5, ""sample_count"": 5}",5/5,match
deliverables/leadership_report/双光电多目标轨迹配准与交汇定位试验报告_CN.md,8,3.3.2 双站配准结果,218,22,质量精度,79.2%,research_modules/independent_experiments/dual_optical_online_benchmark/outputs/report_replay_20260819_v2/combined_summary.json,summary.53,53,"[""offline_completed_precision""]","{""offline_completed_precision"": 0.7923076923076923}",79.2%,match
deliverables/leadership_report/双光电多目标轨迹配准与交汇定位试验报告_CN.md,8,3.3.2 双站配准结果,218,22,质量覆盖度,68.7%,research_modules/independent_experiments/dual_optical_online_benchmark/outputs/report_replay_20260819_v2/combined_summary.json,summary.53,53,"[""offline_completed_coverage""]","{""offline_completed_coverage"": 0.6866666666666666}",68.7%,match
deliverables/leadership_report/双光电多目标轨迹配准与交汇定位试验报告_CN.md,8,3.3.2 双站配准结果,218,22,按时覆盖度,68.7%,research_modules/independent_experiments/dual_optical_online_benchmark/outputs/report_replay_20260819_v2/combined_summary.json,summary.53,53,"[""on_time_coverage""]","{""on_time_coverage"": 0.6866666666666666}",68.7%,match
deliverables/leadership_report/双光电多目标轨迹配准与交汇定位试验报告_CN.md,8,3.3.2 双站配准结果,218,22,处理耗时P95,494.3毫秒,research_modules/independent_experiments/dual_optical_online_benchmark/outputs/report_replay_20260819_v2/combined_summary.json,summary.53,53,"[""latency_p95_ms""]","{""latency_p95_ms"": 494.2903769988334}",494.3毫秒,match
deliverables/leadership_report/双光电多目标轨迹配准与交汇定位试验报告_CN.md,8,3.3.2 双站配准结果,218,22,超时数,0/5,research_modules/independent_experiments/dual_optical_online_benchmark/outputs/report_replay_20260819_v2/combined_summary.json,summary.53,53,"[""timeout_count"", ""sample_count""]","{""timeout_count"": 0, ""sample_count"": 5}",0/5,match
deliverables/leadership_report/双光电多目标轨迹配准与交汇定位试验报告_CN.md,8,3.3.2 双站配准结果,218,23,质量精度,73.7%,research_modules/independent_experiments/dual_optical_online_benchmark/outputs/report_replay_20260819_v2/combined_summary.json,summary.48,48,"[""offline_completed_precision""]","{""offline_completed_precision"": 0.7372881355932204}",73.7%,match
deliverables/leadership_report/双光电多目标轨迹配准与交汇定位试验报告_CN.md,8,3.3.2 双站配准结果,218,23,质量覆盖度,58.0%,research_modules/independent_experiments/dual_optical_online_benchmark/outputs/report_replay_20260819_v2/combined_summary.json,summary.48,48,"[""offline_completed_coverage""]","{""offline_completed_coverage"": 0.58}",58.0%,match
deliverables/leadership_report/双光电多目标轨迹配准与交汇定位试验报告_CN.md,8,3.3.2 双站配准结果,218,23,按时覆盖度,0.0%,research_modules/independent_experiments/dual_optical_online_benchmark/outputs/report_replay_20260819_v2/combined_summary.json,summary.48,48,"[""on_time_coverage""]","{""on_time_coverage"": 0.0}",0.0%,match
deliverables/leadership_report/双光电多目标轨迹配准与交汇定位试验报告_CN.md,8,3.3.2 双站配准结果,218,23,处理耗时P95,13276.5毫秒,research_modules/independent_experiments/dual_optical_online_benchmark/outputs/report_replay_20260819_v2/combined_summary.json,summary.48,48,"[""latency_p95_ms""]","{""latency_p95_ms"": 13276.503594999667}",13276.5毫秒,match
deliverables/leadership_report/双光电多目标轨迹配准与交汇定位试验报告_CN.md,8,3.3.2 双站配准结果,218,23,超时数,5/5,research_modules/independent_experiments/dual_optical_online_benchmark/outputs/report_replay_20260819_v2/combined_summary.json,summary.48,48,"[""timeout_count"", ""sample_count""]","{""timeout_count"": 5, ""sample_count"": 5}",5/5,match
deliverables/leadership_report/双光电多目标轨迹配准与交汇定位试验报告_CN.md,8,3.3.2 双站配准结果,218,24,质量精度,81.3%,research_modules/independent_experiments/dual_optical_online_benchmark/outputs/report_replay_20260819_v2/combined_summary.json,summary.49,49,"[""offline_completed_precision""]","{""offline_completed_precision"": 0.8130841121495327}",81.3%,match
deliverables/leadership_report/双光电多目标轨迹配准与交汇定位试验报告_CN.md,8,3.3.2 双站配准结果,218,24,质量覆盖度,58.0%,research_modules/independent_experiments/dual_optical_online_benchmark/outputs/report_replay_20260819_v2/combined_summary.json,summary.49,49,"[""offline_completed_coverage""]","{""offline_completed_coverage"": 0.58}",58.0%,match
deliverables/leadership_report/双光电多目标轨迹配准与交汇定位试验报告_CN.md,8,3.3.2 双站配准结果,218,24,按时覆盖度,58.0%,research_modules/independent_experiments/dual_optical_online_benchmark/outputs/report_replay_20260819_v2/combined_summary.json,summary.49,49,"[""on_time_coverage""]","{""on_time_coverage"": 0.58}",58.0%,match
deliverables/leadership_report/双光电多目标轨迹配准与交汇定位试验报告_CN.md,8,3.3.2 双站配准结果,218,24,处理耗时P95,473.7毫秒,research_modules/independent_experiments/dual_optical_online_benchmark/outputs/report_replay_20260819_v2/combined_summary.json,summary.49,49,"[""latency_p95_ms""]","{""latency_p95_ms"": 473.72465299849864}",473.7毫秒,match
deliverables/leadership_report/双光电多目标轨迹配准与交汇定位试验报告_CN.md,8,3.3.2 双站配准结果,218,24,超时数,0/5,research_modules/independent_experiments/dual_optical_online_benchmark/outputs/report_replay_20260819_v2/combined_summary.json,summary.49,49,"[""timeout_count"", ""sample_count""]","{""timeout_count"": 0, ""sample_count"": 5}",0/5,match
deliverables/leadership_report/双光电多目标轨迹配准与交汇定位试验报告_CN.md,9,3.4 交汇定位演示,259,1,结果,20260810,research_modules/independent_experiments/dual_optical_40target/outputs/airsim_seed_20260810_run11/metrics.json,,0,"[""seed""]","{""seed"": 20260810}",20260810,match
deliverables/leadership_report/双光电多目标轨迹配准与交汇定位试验报告_CN.md,9,3.4 交汇定位演示,259,2,结果,40,research_modules/independent_experiments/dual_optical_40target/outputs/airsim_seed_20260810_run11/metrics.json,,0,"[""target_count""]","{""target_count"": 40}",40,match
deliverables/leadership_report/双光电多目标轨迹配准与交汇定位试验报告_CN.md,9,3.4 交汇定位演示,259,3,结果,36/1,research_modules/independent_experiments/dual_optical_40target/outputs/airsim_seed_20260810_run11/metrics.json,,0,"[""correct_match_count"", ""false_match_count""]","{""correct_match_count"": 36, ""false_match_count"": 1}",36/1,match
deliverables/leadership_report/双光电多目标轨迹配准与交汇定位试验报告_CN.md,9,3.4 交汇定位演示,259,4,结果,97.3%,research_modules/independent_experiments/dual_optical_40target/outputs/airsim_seed_20260810_run11/metrics.json,,0,"[""association_precision""]","{""association_precision"": 0.972972972972973}",97.3%,match
deliverables/leadership_report/双光电多目标轨迹配准与交汇定位试验报告_CN.md,9,3.4 交汇定位演示,259,5,结果,90.0%,research_modules/independent_experiments/dual_optical_40target/outputs/airsim_seed_20260810_run11/metrics.json,,0,"[""association_full_target_recall""]","{""association_full_target_recall"": 0.9}",90.0%,match
deliverables/leadership_report/双光电多目标轨迹配准与交汇定位试验报告_CN.md,9,3.4 交汇定位演示,259,6,结果,0.080米 / 0.091米,research_modules/independent_experiments/dual_optical_40target/outputs/airsim_seed_20260810_run11/metrics.json,,0,"[""position_error_mean_m"", ""position_error_p95_m""]","{""position_error_mean_m"": 0.08030544908018379, ""position_error_p95_m"": 0.09140807343853961}",0.080米 / 0.091米,match
deliverables/leadership_report/双光电多目标轨迹配准与交汇定位试验报告_CN.md,9,3.4 交汇定位演示,259,7,结果,0.008米/秒 / 0.020米/秒,research_modules/independent_experiments/dual_optical_40target/outputs/airsim_seed_20260810_run11/metrics.json,,0,"[""velocity_error_mean_mps"", ""velocity_error_p95_mps""]","{""velocity_error_mean_mps"": 0.008106441752602696, ""velocity_error_p95_mps"": 0.019719089744373565}",0.008米/秒 / 0.020米/秒,match
deliverables/leadership_report/双光电多目标轨迹配准与交汇定位试验报告_CN.docx,4,3.1 360度理想单站条件,,1,质量精度,98.9%,research_modules/independent_experiments/dual_optical_online_benchmark/outputs/report_replay_20260819_v2/combined_summary.json,summary.24,24,"[""offline_completed_precision""]","{""offline_completed_precision"": 0.9893617021276596}",98.9%,match
deliverables/leadership_report/双光电多目标轨迹配准与交汇定位试验报告_CN.docx,4,3.1 360度理想单站条件,,1,质量覆盖度,93.0%,research_modules/independent_experiments/dual_optical_online_benchmark/outputs/report_replay_20260819_v2/combined_summary.json,summary.24,24,"[""offline_completed_coverage""]","{""offline_completed_coverage"": 0.93}",93.0%,match
deliverables/leadership_report/双光电多目标轨迹配准与交汇定位试验报告_CN.docx,4,3.1 360度理想单站条件,,1,按时覆盖度,0.0%,research_modules/independent_experiments/dual_optical_online_benchmark/outputs/report_replay_20260819_v2/combined_summary.json,summary.24,24,"[""on_time_coverage""]","{""on_time_coverage"": 0.0}",0.0%,match
deliverables/leadership_report/双光电多目标轨迹配准与交汇定位试验报告_CN.docx,4,3.1 360度理想单站条件,,1,处理耗时P95,1557.4毫秒,research_modules/independent_experiments/dual_optical_online_benchmark/outputs/report_replay_20260819_v2/combined_summary.json,summary.24,24,"[""latency_p95_ms""]","{""latency_p95_ms"": 1557.4478809976426}",1557.4毫秒,match
deliverables/leadership_report/双光电多目标轨迹配准与交汇定位试验报告_CN.docx,4,3.1 360度理想单站条件,,1,超时数,5/5,research_modules/independent_experiments/dual_optical_online_benchmark/outputs/report_replay_20260819_v2/combined_summary.json,summary.24,24,"[""timeout_count"", ""sample_count""]","{""timeout_count"": 5, ""sample_count"": 5}",5/5,match
deliverables/leadership_report/双光电多目标轨迹配准与交汇定位试验报告_CN.docx,4,3.1 360度理想单站条件,,2,质量精度,91.1%,research_modules/independent_experiments/dual_optical_online_benchmark/outputs/report_replay_20260819_v2/combined_summary.json,summary.25,25,"[""offline_completed_precision""]","{""offline_completed_precision"": 0.9111111111111111}",91.1%,match
deliverables/leadership_report/双光电多目标轨迹配准与交汇定位试验报告_CN.docx,4,3.1 360度理想单站条件,,2,质量覆盖度,82.0%,research_modules/independent_experiments/dual_optical_online_benchmark/outputs/report_replay_20260819_v2/combined_summary.json,summary.25,25,"[""offline_completed_coverage""]","{""offline_completed_coverage"": 0.82}",82.0%,match
deliverables/leadership_report/双光电多目标轨迹配准与交汇定位试验报告_CN.docx,4,3.1 360度理想单站条件,,2,按时覆盖度,82.0%,research_modules/independent_experiments/dual_optical_online_benchmark/outputs/report_replay_20260819_v2/combined_summary.json,summary.25,25,"[""on_time_coverage""]","{""on_time_coverage"": 0.82}",82.0%,match
deliverables/leadership_report/双光电多目标轨迹配准与交汇定位试验报告_CN.docx,4,3.1 360度理想单站条件,,2,处理耗时P95,70.9毫秒,research_modules/independent_experiments/dual_optical_online_benchmark/outputs/report_replay_20260819_v2/combined_summary.json,summary.25,25,"[""latency_p95_ms""]","{""latency_p95_ms"": 70.90040700131794}",70.9毫秒,match
deliverables/leadership_report/双光电多目标轨迹配准与交汇定位试验报告_CN.docx,4,3.1 360度理想单站条件,,2,超时数,0/5,research_modules/independent_experiments/dual_optical_online_benchmark/outputs/report_replay_20260819_v2/combined_summary.json,summary.25,25,"[""timeout_count"", ""sample_count""]","{""timeout_count"": 0, ""sample_count"": 5}",0/5,match
deliverables/leadership_report/双光电多目标轨迹配准与交汇定位试验报告_CN.docx,4,3.1 360度理想单站条件,,3,质量精度,89.3%,research_modules/independent_experiments/dual_optical_online_benchmark/outputs/report_replay_20260819_v2/combined_summary.json,summary.26,26,"[""offline_completed_precision""]","{""offline_completed_precision"": 0.8928571428571429}",89.3%,match
deliverables/leadership_report/双光电多目标轨迹配准与交汇定位试验报告_CN.docx,4,3.1 360度理想单站条件,,3,质量覆盖度,87.5%,research_modules/independent_experiments/dual_optical_online_benchmark/outputs/report_replay_20260819_v2/combined_summary.json,summary.26,26,"[""offline_completed_coverage""]","{""offline_completed_coverage"": 0.875}",87.5%,match
deliverables/leadership_report/双光电多目标轨迹配准与交汇定位试验报告_CN.docx,4,3.1 360度理想单站条件,,3,按时覆盖度,0.0%,research_modules/independent_experiments/dual_optical_online_benchmark/outputs/report_replay_20260819_v2/combined_summary.json,summary.26,26,"[""on_time_coverage""]","{""on_time_coverage"": 0.0}",0.0%,match
deliverables/leadership_report/双光电多目标轨迹配准与交汇定位试验报告_CN.docx,4,3.1 360度理想单站条件,,3,处理耗时P95,4190.8毫秒,research_modules/independent_experiments/dual_optical_online_benchmark/outputs/report_replay_20260819_v2/combined_summary.json,summary.26,26,"[""latency_p95_ms""]","{""latency_p95_ms"": 4190.773432997958}",4190.8毫秒,match
deliverables/leadership_report/双光电多目标轨迹配准与交汇定位试验报告_CN.docx,4,3.1 360度理想单站条件,,3,超时数,5/5,research_modules/independent_experiments/dual_optical_online_benchmark/outputs/report_replay_20260819_v2/combined_summary.json,summary.26,26,"[""timeout_count"", ""sample_count""]","{""timeout_count"": 5, ""sample_count"": 5}",5/5,match
deliverables/leadership_report/双光电多目标轨迹配准与交汇定位试验报告_CN.docx,4,3.1 360度理想单站条件,,4,质量精度,92.4%,research_modules/independent_experiments/dual_optical_online_benchmark/outputs/report_replay_20260819_v2/combined_summary.json,summary.27,27,"[""offline_completed_precision""]","{""offline_completed_precision"": 0.9244186046511628}",92.4%,match
deliverables/leadership_report/双光电多目标轨迹配准与交汇定位试验报告_CN.docx,4,3.1 360度理想单站条件,,4,质量覆盖度,79.5%,research_modules/independent_experiments/dual_optical_online_benchmark/outputs/report_replay_20260819_v2/combined_summary.json,summary.27,27,"[""offline_completed_coverage""]","{""offline_completed_coverage"": 0.795}",79.5%,match
deliverables/leadership_report/双光电多目标轨迹配准与交汇定位试验报告_CN.docx,4,3.1 360度理想单站条件,,4,按时覆盖度,79.5%,research_modules/independent_experiments/dual_optical_online_benchmark/outputs/report_replay_20260819_v2/combined_summary.json,summary.27,27,"[""on_time_coverage""]","{""on_time_coverage"": 0.795}",79.5%,match
deliverables/leadership_report/双光电多目标轨迹配准与交汇定位试验报告_CN.docx,4,3.1 360度理想单站条件,,4,处理耗时P95,178.8毫秒,research_modules/independent_experiments/dual_optical_online_benchmark/outputs/report_replay_20260819_v2/combined_summary.json,summary.27,27,"[""latency_p95_ms""]","{""latency_p95_ms"": 178.77210000006016}",178.8毫秒,match
deliverables/leadership_report/双光电多目标轨迹配准与交汇定位试验报告_CN.docx,4,3.1 360度理想单站条件,,4,超时数,0/5,research_modules/independent_experiments/dual_optical_online_benchmark/outputs/report_replay_20260819_v2/combined_summary.json,summary.27,27,"[""timeout_count"", ""sample_count""]","{""timeout_count"": 0, ""sample_count"": 5}",0/5,match
deliverables/leadership_report/双光电多目标轨迹配准与交汇定位试验报告_CN.docx,4,3.1 360度理想单站条件,,5,质量精度,87.2%,research_modules/independent_experiments/dual_optical_online_benchmark/outputs/report_replay_20260819_v2/combined_summary.json,summary.28,28,"[""offline_completed_precision""]","{""offline_completed_precision"": 0.8719723183391004}",87.2%,match
deliverables/leadership_report/双光电多目标轨迹配准与交汇定位试验报告_CN.docx,4,3.1 360度理想单站条件,,5,质量覆盖度,84.0%,research_modules/independent_experiments/dual_optical_online_benchmark/outputs/report_replay_20260819_v2/combined_summary.json,summary.28,28,"[""offline_completed_coverage""]","{""offline_completed_coverage"": 0.84}",84.0%,match
deliverables/leadership_report/双光电多目标轨迹配准与交汇定位试验报告_CN.docx,4,3.1 360度理想单站条件,,5,按时覆盖度,0.0%,research_modules/independent_experiments/dual_optical_online_benchmark/outputs/report_replay_20260819_v2/combined_summary.json,summary.28,28,"[""on_time_coverage""]","{""on_time_coverage"": 0.0}",0.0%,match
deliverables/leadership_report/双光电多目标轨迹配准与交汇定位试验报告_CN.docx,4,3.1 360度理想单站条件,,5,处理耗时P95,6253.9毫秒,research_modules/independent_experiments/dual_optical_online_benchmark/outputs/report_replay_20260819_v2/combined_summary.json,summary.28,28,"[""latency_p95_ms""]","{""latency_p95_ms"": 6253.914154000086}",6253.9毫秒,match
deliverables/leadership_report/双光电多目标轨迹配准与交汇定位试验报告_CN.docx,4,3.1 360度理想单站条件,,5,超时数,5/5,research_modules/independent_experiments/dual_optical_online_benchmark/outputs/report_replay_20260819_v2/combined_summary.json,summary.28,28,"[""timeout_count"", ""sample_count""]","{""timeout_count"": 5, ""sample_count"": 5}",5/5,match
deliverables/leadership_report/双光电多目标轨迹配准与交汇定位试验报告_CN.docx,4,3.1 360度理想单站条件,,6,质量精度,99.3%,research_modules/independent_experiments/dual_optical_online_benchmark/outputs/report_replay_20260819_v2/combined_summary.json,summary.29,29,"[""offline_completed_precision""]","{""offline_completed_precision"": 0.9932885906040269}",99.3%,match
deliverables/leadership_report/双光电多目标轨迹配准与交汇定位试验报告_CN.docx,4,3.1 360度理想单站条件,,6,质量覆盖度,98.7%,research_modules/independent_experiments/dual_optical_online_benchmark/outputs/report_replay_20260819_v2/combined_summary.json,summary.29,29,"[""offline_completed_coverage""]","{""offline_completed_coverage"": 0.9866666666666667}",98.7%,match
deliverables/leadership_report/双光电多目标轨迹配准与交汇定位试验报告_CN.docx,4,3.1 360度理想单站条件,,6,按时覆盖度,98.7%,research_modules/independent_experiments/dual_optical_online_benchmark/outputs/report_replay_20260819_v2/combined_summary.json,summary.29,29,"[""on_time_coverage""]","{""on_time_coverage"": 0.9866666666666667}",98.7%,match
deliverables/leadership_report/双光电多目标轨迹配准与交汇定位试验报告_CN.docx,4,3.1 360度理想单站条件,,6,处理耗时P95,332.0毫秒,research_modules/independent_experiments/dual_optical_online_benchmark/outputs/report_replay_20260819_v2/combined_summary.json,summary.29,29,"[""latency_p95_ms""]","{""latency_p95_ms"": 332.0409539992397}",332.0毫秒,match
deliverables/leadership_report/双光电多目标轨迹配准与交汇定位试验报告_CN.docx,4,3.1 360度理想单站条件,,6,超时数,0/5,research_modules/independent_experiments/dual_optical_online_benchmark/outputs/report_replay_20260819_v2/combined_summary.json,summary.29,29,"[""timeout_count"", ""sample_count""]","{""timeout_count"": 0, ""sample_count"": 5}",0/5,match
deliverables/leadership_report/双光电多目标轨迹配准与交汇定位试验报告_CN.docx,5,3.2.2 单站航迹结果,,1,单站精度,94.7%,research_modules/independent_experiments/dual_optical_online_benchmark/outputs/report_replay_20260819_v2/combined_summary.json,summary.0,0,"[""single_station_precision""]","{""single_station_precision"": 0.9467802022352315}",94.7%,match
deliverables/leadership_report/双光电多目标轨迹配准与交汇定位试验报告_CN.docx,5,3.2.2 单站航迹结果,,1,单站覆盖度,91.5%,research_modules/independent_experiments/dual_optical_online_benchmark/outputs/report_replay_20260819_v2/combined_summary.json,summary.0,0,"[""single_station_coverage""]","{""single_station_coverage"": 0.915}",91.5%,match
deliverables/leadership_report/双光电多目标轨迹配准与交汇定位试验报告_CN.docx,5,3.2.2 单站航迹结果,,1,重复航迹,4,research_modules/independent_experiments/dual_optical_online_benchmark/outputs/report_replay_20260819_v2/combined_summary.json,summary.0,0,"[""single_station_duplicate_track_count""]","{""single_station_duplicate_track_count"": 4}",4,match
deliverables/leadership_report/双光电多目标轨迹配准与交汇定位试验报告_CN.docx,5,3.2.2 单站航迹结果,,1,混合航迹,38,research_modules/independent_experiments/dual_optical_online_benchmark/outputs/report_replay_20260819_v2/combined_summary.json,summary.0,0,"[""single_station_mixed_track_count""]","{""single_station_mixed_track_count"": 38}",38,match
deliverables/leadership_report/双光电多目标轨迹配准与交汇定位试验报告_CN.docx,5,3.2.2 单站航迹结果,,1,缺失身份机会,17,research_modules/independent_experiments/dual_optical_online_benchmark/outputs/report_replay_20260819_v2/combined_summary.json,summary.0,0,"[""single_station_missing_identity_count""]","{""single_station_missing_identity_count"": 17}",17,match
deliverables/leadership_report/双光电多目标轨迹配准与交汇定位试验报告_CN.docx,5,3.2.2 单站航迹结果,,2,单站精度,80.2%,research_modules/independent_experiments/dual_optical_online_benchmark/outputs/report_replay_20260819_v2/combined_summary.json,summary.4,4,"[""single_station_precision""]","{""single_station_precision"": 0.8020446096654275}",80.2%,match
deliverables/leadership_report/双光电多目标轨迹配准与交汇定位试验报告_CN.docx,5,3.2.2 单站航迹结果,,2,单站覆盖度,86.5%,research_modules/independent_experiments/dual_optical_online_benchmark/outputs/report_replay_20260819_v2/combined_summary.json,summary.4,4,"[""single_station_coverage""]","{""single_station_coverage"": 0.865}",86.5%,match
deliverables/leadership_report/双光电多目标轨迹配准与交汇定位试验报告_CN.docx,5,3.2.2 单站航迹结果,,2,重复航迹,2,research_modules/independent_experiments/dual_optical_online_benchmark/outputs/report_replay_20260819_v2/combined_summary.json,summary.4,4,"[""single_station_duplicate_track_count""]","{""single_station_duplicate_track_count"": 2}",2,match
deliverables/leadership_report/双光电多目标轨迹配准与交汇定位试验报告_CN.docx,5,3.2.2 单站航迹结果,,2,混合航迹,52,research_modules/independent_experiments/dual_optical_online_benchmark/outputs/report_replay_20260819_v2/combined_summary.json,summary.4,4,"[""single_station_mixed_track_count""]","{""single_station_mixed_track_count"": 52}",52,match
deliverables/leadership_report/双光电多目标轨迹配准与交汇定位试验报告_CN.docx,5,3.2.2 单站航迹结果,,2,缺失身份机会,27,research_modules/independent_experiments/dual_optical_online_benchmark/outputs/report_replay_20260819_v2/combined_summary.json,summary.4,4,"[""single_station_missing_identity_count""]","{""single_station_missing_identity_count"": 27}",27,match
deliverables/leadership_report/双光电多目标轨迹配准与交汇定位试验报告_CN.docx,5,3.2.2 单站航迹结果,,3,单站精度,64.8%,research_modules/independent_experiments/dual_optical_online_benchmark/outputs/report_replay_20260819_v2/combined_summary.json,summary.6,6,"[""single_station_precision""]","{""single_station_precision"": 0.6484312148028962}",64.8%,match
deliverables/leadership_report/双光电多目标轨迹配准与交汇定位试验报告_CN.docx,5,3.2.2 单站航迹结果,,3,单站覆盖度,84.0%,research_modules/independent_experiments/dual_optical_online_benchmark/outputs/report_replay_20260819_v2/combined_summary.json,summary.6,6,"[""single_station_coverage""]","{""single_station_coverage"": 0.84}",84.0%,match
deliverables/leadership_report/双光电多目标轨迹配准与交汇定位试验报告_CN.docx,5,3.2.2 单站航迹结果,,3,重复航迹,1,research_modules/independent_experiments/dual_optical_online_benchmark/outputs/report_replay_20260819_v2/combined_summary.json,summary.6,6,"[""single_station_duplicate_track_count""]","{""single_station_duplicate_track_count"": 1}",1,match
deliverables/leadership_report/双光电多目标轨迹配准与交汇定位试验报告_CN.docx,5,3.2.2 单站航迹结果,,3,混合航迹,72,research_modules/independent_experiments/dual_optical_online_benchmark/outputs/report_replay_20260819_v2/combined_summary.json,summary.6,6,"[""single_station_mixed_track_count""]","{""single_station_mixed_track_count"": 72}",72,match
deliverables/leadership_report/双光电多目标轨迹配准与交汇定位试验报告_CN.docx,5,3.2.2 单站航迹结果,,3,缺失身份机会,32,research_modules/independent_experiments/dual_optical_online_benchmark/outputs/report_replay_20260819_v2/combined_summary.json,summary.6,6,"[""single_station_missing_identity_count""]","{""single_station_missing_identity_count"": 32}",32,match
deliverables/leadership_report/双光电多目标轨迹配准与交汇定位试验报告_CN.docx,5,3.2.2 单站航迹结果,,4,单站精度,47.4%,research_modules/independent_experiments/dual_optical_online_benchmark/outputs/report_replay_20260819_v2/combined_summary.json,summary.2,2,"[""single_station_precision""]","{""single_station_precision"": 0.47432216905901115}",47.4%,match
deliverables/leadership_report/双光电多目标轨迹配准与交汇定位试验报告_CN.docx,5,3.2.2 单站航迹结果,,4,单站覆盖度,78.5%,research_modules/independent_experiments/dual_optical_online_benchmark/outputs/report_replay_20260819_v2/combined_summary.json,summary.2,2,"[""single_station_coverage""]","{""single_station_coverage"": 0.785}",78.5%,match
deliverables/leadership_report/双光电多目标轨迹配准与交汇定位试验报告_CN.docx,5,3.2.2 单站航迹结果,,4,重复航迹,2,research_modules/independent_experiments/dual_optical_online_benchmark/outputs/report_replay_20260819_v2/combined_summary.json,summary.2,2,"[""single_station_duplicate_track_count""]","{""single_station_duplicate_track_count"": 2}",2,match
deliverables/leadership_report/双光电多目标轨迹配准与交汇定位试验报告_CN.docx,5,3.2.2 单站航迹结果,,4,混合航迹,89,research_modules/independent_experiments/dual_optical_online_benchmark/outputs/report_replay_20260819_v2/combined_summary.json,summary.2,2,"[""single_station_mixed_track_count""]","{""single_station_mixed_track_count"": 89}",89,match
deliverables/leadership_report/双光电多目标轨迹配准与交汇定位试验报告_CN.docx,5,3.2.2 单站航迹结果,,4,缺失身份机会,43,research_modules/independent_experiments/dual_optical_online_benchmark/outputs/report_replay_20260819_v2/combined_summary.json,summary.2,2,"[""single_station_missing_identity_count""]","{""single_station_missing_identity_count"": 43}",43,match
deliverables/leadership_report/双光电多目标轨迹配准与交汇定位试验报告_CN.docx,5,3.2.2 单站航迹结果,,5,单站精度,88.9%,research_modules/independent_experiments/dual_optical_online_benchmark/outputs/report_replay_20260819_v2/combined_summary.json,summary.8,8,"[""single_station_precision""]","{""single_station_precision"": 0.8892998678996037}",88.9%,match
deliverables/leadership_report/双光电多目标轨迹配准与交汇定位试验报告_CN.docx,5,3.2.2 单站航迹结果,,5,单站覆盖度,80.2%,research_modules/independent_experiments/dual_optical_online_benchmark/outputs/report_replay_20260819_v2/combined_summary.json,summary.8,8,"[""single_station_coverage""]","{""single_station_coverage"": 0.8025}",80.2%,match
deliverables/leadership_report/双光电多目标轨迹配准与交汇定位试验报告_CN.docx,5,3.2.2 单站航迹结果,,5,重复航迹,5,research_modules/independent_experiments/dual_optical_online_benchmark/outputs/report_replay_20260819_v2/combined_summary.json,summary.8,8,"[""single_station_duplicate_track_count""]","{""single_station_duplicate_track_count"": 5}",5,match
deliverables/leadership_report/双光电多目标轨迹配准与交汇定位试验报告_CN.docx,5,3.2.2 单站航迹结果,,5,混合航迹,137,research_modules/independent_experiments/dual_optical_online_benchmark/outputs/report_replay_20260819_v2/combined_summary.json,summary.8,8,"[""single_station_mixed_track_count""]","{""single_station_mixed_track_count"": 137}",137,match
deliverables/leadership_report/双光电多目标轨迹配准与交汇定位试验报告_CN.docx,5,3.2.2 单站航迹结果,,5,缺失身份机会,79,research_modules/independent_experiments/dual_optical_online_benchmark/outputs/report_replay_20260819_v2/combined_summary.json,summary.8,8,"[""single_station_missing_identity_count""]","{""single_station_missing_identity_count"": 79}",79,match
deliverables/leadership_report/双光电多目标轨迹配准与交汇定位试验报告_CN.docx,5,3.2.2 单站航迹结果,,6,单站精度,82.1%,research_modules/independent_experiments/dual_optical_online_benchmark/outputs/report_replay_20260819_v2/combined_summary.json,summary.12,12,"[""single_station_precision""]","{""single_station_precision"": 0.8210262828535669}",82.1%,match
deliverables/leadership_report/双光电多目标轨迹配准与交汇定位试验报告_CN.docx,5,3.2.2 单站航迹结果,,6,单站覆盖度,78.2%,research_modules/independent_experiments/dual_optical_online_benchmark/outputs/report_replay_20260819_v2/combined_summary.json,summary.12,12,"[""single_station_coverage""]","{""single_station_coverage"": 0.7825}",78.2%,match
deliverables/leadership_report/双光电多目标轨迹配准与交汇定位试验报告_CN.docx,5,3.2.2 单站航迹结果,,6,重复航迹,5,research_modules/independent_experiments/dual_optical_online_benchmark/outputs/report_replay_20260819_v2/combined_summary.json,summary.12,12,"[""single_station_duplicate_track_count""]","{""single_station_duplicate_track_count"": 5}",5,match
deliverables/leadership_report/双光电多目标轨迹配准与交汇定位试验报告_CN.docx,5,3.2.2 单站航迹结果,,6,混合航迹,156,research_modules/independent_experiments/dual_optical_online_benchmark/outputs/report_replay_20260819_v2/combined_summary.json,summary.12,12,"[""single_station_mixed_track_count""]","{""single_station_mixed_track_count"": 156}",156,match
deliverables/leadership_report/双光电多目标轨迹配准与交汇定位试验报告_CN.docx,5,3.2.2 单站航迹结果,,6,缺失身份机会,87,research_modules/independent_experiments/dual_optical_online_benchmark/outputs/report_replay_20260819_v2/combined_summary.json,summary.12,12,"[""single_station_missing_identity_count""]","{""single_station_missing_identity_count"": 87}",87,match
deliverables/leadership_report/双光电多目标轨迹配准与交汇定位试验报告_CN.docx,5,3.2.2 单站航迹结果,,7,单站精度,67.6%,research_modules/independent_experiments/dual_optical_online_benchmark/outputs/report_replay_20260819_v2/combined_summary.json,summary.14,14,"[""single_station_precision""]","{""single_station_precision"": 0.6757396449704142}",67.6%,match
deliverables/leadership_report/双光电多目标轨迹配准与交汇定位试验报告_CN.docx,5,3.2.2 单站航迹结果,,7,单站覆盖度,66.2%,research_modules/independent_experiments/dual_optical_online_benchmark/outputs/report_replay_20260819_v2/combined_summary.json,summary.14,14,"[""single_station_coverage""]","{""single_station_coverage"": 0.6625}",66.2%,match
deliverables/leadership_report/双光电多目标轨迹配准与交汇定位试验报告_CN.docx,5,3.2.2 单站航迹结果,,7,重复航迹,3,research_modules/independent_experiments/dual_optical_online_benchmark/outputs/report_replay_20260819_v2/combined_summary.json,summary.14,14,"[""single_station_duplicate_track_count""]","{""single_station_duplicate_track_count"": 3}",3,match
deliverables/leadership_report/双光电多目标轨迹配准与交汇定位试验报告_CN.docx,5,3.2.2 单站航迹结果,,7,混合航迹,213,research_modules/independent_experiments/dual_optical_online_benchmark/outputs/report_replay_20260819_v2/combined_summary.json,summary.14,14,"[""single_station_mixed_track_count""]","{""single_station_mixed_track_count"": 213}",213,match
deliverables/leadership_report/双光电多目标轨迹配准与交汇定位试验报告_CN.docx,5,3.2.2 单站航迹结果,,7,缺失身份机会,135,research_modules/independent_experiments/dual_optical_online_benchmark/outputs/report_replay_20260819_v2/combined_summary.json,summary.14,14,"[""single_station_missing_identity_count""]","{""single_station_missing_identity_count"": 135}",135,match
deliverables/leadership_report/双光电多目标轨迹配准与交汇定位试验报告_CN.docx,5,3.2.2 单站航迹结果,,8,单站精度,57.5%,research_modules/independent_experiments/dual_optical_online_benchmark/outputs/report_replay_20260819_v2/combined_summary.json,summary.10,10,"[""single_station_precision""]","{""single_station_precision"": 0.5754991680532446}",57.5%,match
deliverables/leadership_report/双光电多目标轨迹配准与交汇定位试验报告_CN.docx,5,3.2.2 单站航迹结果,,8,单站覆盖度,67.2%,research_modules/independent_experiments/dual_optical_online_benchmark/outputs/report_replay_20260819_v2/combined_summary.json,summary.10,10,"[""single_station_coverage""]","{""single_station_coverage"": 0.6725}",67.2%,match
deliverables/leadership_report/双光电多目标轨迹配准与交汇定位试验报告_CN.docx,5,3.2.2 单站航迹结果,,8,重复航迹,3,research_modules/independent_experiments/dual_optical_online_benchmark/outputs/report_replay_20260819_v2/combined_summary.json,summary.10,10,"[""single_station_duplicate_track_count""]","{""single_station_duplicate_track_count"": 3}",3,match
deliverables/leadership_report/双光电多目标轨迹配准与交汇定位试验报告_CN.docx,5,3.2.2 单站航迹结果,,8,混合航迹,219,research_modules/independent_experiments/dual_optical_online_benchmark/outputs/report_replay_20260819_v2/combined_summary.json,summary.10,10,"[""single_station_mixed_track_count""]","{""single_station_mixed_track_count"": 219}",219,match
deliverables/leadership_report/双光电多目标轨迹配准与交汇定位试验报告_CN.docx,5,3.2.2 单站航迹结果,,8,缺失身份机会,131,research_modules/independent_experiments/dual_optical_online_benchmark/outputs/report_replay_20260819_v2/combined_summary.json,summary.10,10,"[""single_station_missing_identity_count""]","{""single_station_missing_identity_count"": 131}",131,match
deliverables/leadership_report/双光电多目标轨迹配准与交汇定位试验报告_CN.docx,5,3.2.2 单站航迹结果,,9,单站精度,85.2%,research_modules/independent_experiments/dual_optical_online_benchmark/outputs/report_replay_20260819_v2/combined_summary.json,summary.16,16,"[""single_station_precision""]","{""single_station_precision"": 0.8516695957820738}",85.2%,match
deliverables/leadership_report/双光电多目标轨迹配准与交汇定位试验报告_CN.docx,5,3.2.2 单站航迹结果,,9,单站覆盖度,73.2%,research_modules/independent_experiments/dual_optical_online_benchmark/outputs/report_replay_20260819_v2/combined_summary.json,summary.16,16,"[""single_station_coverage""]","{""single_station_coverage"": 0.7316666666666667}",73.2%,match
deliverables/leadership_report/双光电多目标轨迹配准与交汇定位试验报告_CN.docx,5,3.2.2 单站航迹结果,,9,重复航迹,4,research_modules/independent_experiments/dual_optical_online_benchmark/outputs/report_replay_20260819_v2/combined_summary.json,summary.16,16,"[""single_station_duplicate_track_count""]","{""single_station_duplicate_track_count"": 4}",4,match
deliverables/leadership_report/双光电多目标轨迹配准与交汇定位试验报告_CN.docx,5,3.2.2 单站航迹结果,,9,混合航迹,249,research_modules/independent_experiments/dual_optical_online_benchmark/outputs/report_replay_20260819_v2/combined_summary.json,summary.16,16,"[""single_station_mixed_track_count""]","{""single_station_mixed_track_count"": 249}",249,match
deliverables/leadership_report/双光电多目标轨迹配准与交汇定位试验报告_CN.docx,5,3.2.2 单站航迹结果,,9,缺失身份机会,161,research_modules/independent_experiments/dual_optical_online_benchmark/outputs/report_replay_20260819_v2/combined_summary.json,summary.16,16,"[""single_station_missing_identity_count""]","{""single_station_missing_identity_count"": 161}",161,match
deliverables/leadership_report/双光电多目标轨迹配准与交汇定位试验报告_CN.docx,5,3.2.2 单站航迹结果,,10,单站精度,78.5%,research_modules/independent_experiments/dual_optical_online_benchmark/outputs/report_replay_20260819_v2/combined_summary.json,summary.20,20,"[""single_station_precision""]","{""single_station_precision"": 0.7851622874806801}",78.5%,match
deliverables/leadership_report/双光电多目标轨迹配准与交汇定位试验报告_CN.docx,5,3.2.2 单站航迹结果,,10,单站覆盖度,71.2%,research_modules/independent_experiments/dual_optical_online_benchmark/outputs/report_replay_20260819_v2/combined_summary.json,summary.20,20,"[""single_station_coverage""]","{""single_station_coverage"": 0.7116666666666667}",71.2%,match
deliverables/leadership_report/双光电多目标轨迹配准与交汇定位试验报告_CN.docx,5,3.2.2 单站航迹结果,,10,重复航迹,1,research_modules/independent_experiments/dual_optical_online_benchmark/outputs/report_replay_20260819_v2/combined_summary.json,summary.20,20,"[""single_station_duplicate_track_count""]","{""single_station_duplicate_track_count"": 1}",1,match
deliverables/leadership_report/双光电多目标轨迹配准与交汇定位试验报告_CN.docx,5,3.2.2 单站航迹结果,,10,混合航迹,278,research_modules/independent_experiments/dual_optical_online_benchmark/outputs/report_replay_20260819_v2/combined_summary.json,summary.20,20,"[""single_station_mixed_track_count""]","{""single_station_mixed_track_count"": 278}",278,match
deliverables/leadership_report/双光电多目标轨迹配准与交汇定位试验报告_CN.docx,5,3.2.2 单站航迹结果,,10,缺失身份机会,173,research_modules/independent_experiments/dual_optical_online_benchmark/outputs/report_replay_20260819_v2/combined_summary.json,summary.20,20,"[""single_station_missing_identity_count""]","{""single_station_missing_identity_count"": 173}",173,match
deliverables/leadership_report/双光电多目标轨迹配准与交汇定位试验报告_CN.docx,5,3.2.2 单站航迹结果,,11,单站精度,72.2%,research_modules/independent_experiments/dual_optical_online_benchmark/outputs/report_replay_20260819_v2/combined_summary.json,summary.22,22,"[""single_station_precision""]","{""single_station_precision"": 0.7221945963865407}",72.2%,match
deliverables/leadership_report/双光电多目标轨迹配准与交汇定位试验报告_CN.docx,5,3.2.2 单站航迹结果,,11,单站覆盖度,71.3%,research_modules/independent_experiments/dual_optical_online_benchmark/outputs/report_replay_20260819_v2/combined_summary.json,summary.22,22,"[""single_station_coverage""]","{""single_station_coverage"": 0.7133333333333334}",71.3%,match
deliverables/leadership_report/双光电多目标轨迹配准与交汇定位试验报告_CN.docx,5,3.2.2 单站航迹结果,,11,重复航迹,2,research_modules/independent_experiments/dual_optical_online_benchmark/outputs/report_replay_20260819_v2/combined_summary.json,summary.22,22,"[""single_station_duplicate_track_count""]","{""single_station_duplicate_track_count"": 2}",2,match
deliverables/leadership_report/双光电多目标轨迹配准与交汇定位试验报告_CN.docx,5,3.2.2 单站航迹结果,,11,混合航迹,276,research_modules/independent_experiments/dual_optical_online_benchmark/outputs/report_replay_20260819_v2/combined_summary.json,summary.22,22,"[""single_station_mixed_track_count""]","{""single_station_mixed_track_count"": 276}",276,match
deliverables/leadership_report/双光电多目标轨迹配准与交汇定位试验报告_CN.docx,5,3.2.2 单站航迹结果,,11,缺失身份机会,172,research_modules/independent_experiments/dual_optical_online_benchmark/outputs/report_replay_20260819_v2/combined_summary.json,summary.22,22,"[""single_station_missing_identity_count""]","{""single_station_missing_identity_count"": 172}",172,match
deliverables/leadership_report/双光电多目标轨迹配准与交汇定位试验报告_CN.docx,5,3.2.2 单站航迹结果,,12,单站精度,62.0%,research_modules/independent_experiments/dual_optical_online_benchmark/outputs/report_replay_20260819_v2/combined_summary.json,summary.18,18,"[""single_station_precision""]","{""single_station_precision"": 0.6202786377708979}",62.0%,match
deliverables/leadership_report/双光电多目标轨迹配准与交汇定位试验报告_CN.docx,5,3.2.2 单站航迹结果,,12,单站覆盖度,63.2%,research_modules/independent_experiments/dual_optical_online_benchmark/outputs/report_replay_20260819_v2/combined_summary.json,summary.18,18,"[""single_station_coverage""]","{""single_station_coverage"": 0.6316666666666667}",63.2%,match
deliverables/leadership_report/双光电多目标轨迹配准与交汇定位试验报告_CN.docx,5,3.2.2 单站航迹结果,,12,重复航迹,3,research_modules/independent_experiments/dual_optical_online_benchmark/outputs/report_replay_20260819_v2/combined_summary.json,summary.18,18,"[""single_station_duplicate_track_count""]","{""single_station_duplicate_track_count"": 3}",3,match
deliverables/leadership_report/双光电多目标轨迹配准与交汇定位试验报告_CN.docx,5,3.2.2 单站航迹结果,,12,混合航迹,338,research_modules/independent_experiments/dual_optical_online_benchmark/outputs/report_replay_20260819_v2/combined_summary.json,summary.18,18,"[""single_station_mixed_track_count""]","{""single_station_mixed_track_count"": 338}",338,match
deliverables/leadership_report/双光电多目标轨迹配准与交汇定位试验报告_CN.docx,5,3.2.2 单站航迹结果,,12,缺失身份机会,221,research_modules/independent_experiments/dual_optical_online_benchmark/outputs/report_replay_20260819_v2/combined_summary.json,summary.18,18,"[""single_station_missing_identity_count""]","{""single_station_missing_identity_count"": 221}",221,match
deliverables/leadership_report/双光电多目标轨迹配准与交汇定位试验报告_CN.docx,6,3.2.3 双站配准结果,,1,质量精度,85.7%,research_modules/independent_experiments/dual_optical_online_benchmark/outputs/report_replay_20260819_v2/combined_summary.json,summary.0,0,"[""offline_completed_precision""]","{""offline_completed_precision"": 0.8571428571428571}",85.7%,match
deliverables/leadership_report/双光电多目标轨迹配准与交汇定位试验报告_CN.docx,6,3.2.3 双站配准结果,,1,质量覆盖度,66.0%,research_modules/independent_experiments/dual_optical_online_benchmark/outputs/report_replay_20260819_v2/combined_summary.json,summary.0,0,"[""offline_completed_coverage""]","{""offline_completed_coverage"": 0.66}",66.0%,match
deliverables/leadership_report/双光电多目标轨迹配准与交汇定位试验报告_CN.docx,6,3.2.3 双站配准结果,,1,按时覆盖度,0.0%,research_modules/independent_experiments/dual_optical_online_benchmark/outputs/report_replay_20260819_v2/combined_summary.json,summary.0,0,"[""on_time_coverage""]","{""on_time_coverage"": 0.0}",0.0%,match
deliverables/leadership_report/双光电多目标轨迹配准与交汇定位试验报告_CN.docx,6,3.2.3 双站配准结果,,1,处理耗时P95,1702.2毫秒,research_modules/independent_experiments/dual_optical_online_benchmark/outputs/report_replay_20260819_v2/combined_summary.json,summary.0,0,"[""latency_p95_ms""]","{""latency_p95_ms"": 1702.225114000612}",1702.2毫秒,match
deliverables/leadership_report/双光电多目标轨迹配准与交汇定位试验报告_CN.docx,6,3.2.3 双站配准结果,,1,超时数,5/5,research_modules/independent_experiments/dual_optical_online_benchmark/outputs/report_replay_20260819_v2/combined_summary.json,summary.0,0,"[""timeout_count"", ""sample_count""]","{""timeout_count"": 5, ""sample_count"": 5}",5/5,match
deliverables/leadership_report/双光电多目标轨迹配准与交汇定位试验报告_CN.docx,6,3.2.3 双站配准结果,,2,质量精度,74.7%,research_modules/independent_experiments/dual_optical_online_benchmark/outputs/report_replay_20260819_v2/combined_summary.json,summary.1,1,"[""offline_completed_precision""]","{""offline_completed_precision"": 0.7466666666666667}",74.7%,match
deliverables/leadership_report/双光电多目标轨迹配准与交汇定位试验报告_CN.docx,6,3.2.3 双站配准结果,,2,质量覆盖度,56.0%,research_modules/independent_experiments/dual_optical_online_benchmark/outputs/report_replay_20260819_v2/combined_summary.json,summary.1,1,"[""offline_completed_coverage""]","{""offline_completed_coverage"": 0.56}",56.0%,match
deliverables/leadership_report/双光电多目标轨迹配准与交汇定位试验报告_CN.docx,6,3.2.3 双站配准结果,,2,按时覆盖度,56.0%,research_modules/independent_experiments/dual_optical_online_benchmark/outputs/report_replay_20260819_v2/combined_summary.json,summary.1,1,"[""on_time_coverage""]","{""on_time_coverage"": 0.56}",56.0%,match
deliverables/leadership_report/双光电多目标轨迹配准与交汇定位试验报告_CN.docx,6,3.2.3 双站配准结果,,2,处理耗时P95,76.6毫秒,research_modules/independent_experiments/dual_optical_online_benchmark/outputs/report_replay_20260819_v2/combined_summary.json,summary.1,1,"[""latency_p95_ms""]","{""latency_p95_ms"": 76.64294500136748}",76.6毫秒,match
deliverables/leadership_report/双光电多目标轨迹配准与交汇定位试验报告_CN.docx,6,3.2.3 双站配准结果,,2,超时数,0/5,research_modules/independent_experiments/dual_optical_online_benchmark/outputs/report_replay_20260819_v2/combined_summary.json,summary.1,1,"[""timeout_count"", ""sample_count""]","{""timeout_count"": 0, ""sample_count"": 5}",0/5,match
deliverables/leadership_report/双光电多目标轨迹配准与交汇定位试验报告_CN.docx,6,3.2.3 双站配准结果,,3,质量精度,88.1%,research_modules/independent_experiments/dual_optical_online_benchmark/outputs/report_replay_20260819_v2/combined_summary.json,summary.4,4,"[""offline_completed_precision""]","{""offline_completed_precision"": 0.8805970149253731}",88.1%,match
deliverables/leadership_report/双光电多目标轨迹配准与交汇定位试验报告_CN.docx,6,3.2.3 双站配准结果,,3,质量覆盖度,59.0%,research_modules/independent_experiments/dual_optical_online_benchmark/outputs/report_replay_20260819_v2/combined_summary.json,summary.4,4,"[""offline_completed_coverage""]","{""offline_completed_coverage"": 0.59}",59.0%,match
deliverables/leadership_report/双光电多目标轨迹配准与交汇定位试验报告_CN.docx,6,3.2.3 双站配准结果,,3,按时覆盖度,0.0%,research_modules/independent_experiments/dual_optical_online_benchmark/outputs/report_replay_20260819_v2/combined_summary.json,summary.4,4,"[""on_time_coverage""]","{""on_time_coverage"": 0.0}",0.0%,match
deliverables/leadership_report/双光电多目标轨迹配准与交汇定位试验报告_CN.docx,6,3.2.3 双站配准结果,,3,处理耗时P95,1983.1毫秒,research_modules/independent_experiments/dual_optical_online_benchmark/outputs/report_replay_20260819_v2/combined_summary.json,summary.4,4,"[""latency_p95_ms""]","{""latency_p95_ms"": 1983.148554001673}",1983.1毫秒,match
deliverables/leadership_report/双光电多目标轨迹配准与交汇定位试验报告_CN.docx,6,3.2.3 双站配准结果,,3,超时数,5/5,research_modules/independent_experiments/dual_optical_online_benchmark/outputs/report_replay_20260819_v2/combined_summary.json,summary.4,4,"[""timeout_count"", ""sample_count""]","{""timeout_count"": 5, ""sample_count"": 5}",5/5,match
deliverables/leadership_report/双光电多目标轨迹配准与交汇定位试验报告_CN.docx,6,3.2.3 双站配准结果,,4,质量精度,69.9%,research_modules/independent_experiments/dual_optical_online_benchmark/outputs/report_replay_20260819_v2/combined_summary.json,summary.5,5,"[""offline_completed_precision""]","{""offline_completed_precision"": 0.6986301369863014}",69.9%,match
deliverables/leadership_report/双光电多目标轨迹配准与交汇定位试验报告_CN.docx,6,3.2.3 双站配准结果,,4,质量覆盖度,51.0%,research_modules/independent_experiments/dual_optical_online_benchmark/outputs/report_replay_20260819_v2/combined_summary.json,summary.5,5,"[""offline_completed_coverage""]","{""offline_completed_coverage"": 0.51}",51.0%,match
deliverables/leadership_report/双光电多目标轨迹配准与交汇定位试验报告_CN.docx,6,3.2.3 双站配准结果,,4,按时覆盖度,51.0%,research_modules/independent_experiments/dual_optical_online_benchmark/outputs/report_replay_20260819_v2/combined_summary.json,summary.5,5,"[""on_time_coverage""]","{""on_time_coverage"": 0.51}",51.0%,match
deliverables/leadership_report/双光电多目标轨迹配准与交汇定位试验报告_CN.docx,6,3.2.3 双站配准结果,,4,处理耗时P95,94.2毫秒,research_modules/independent_experiments/dual_optical_online_benchmark/outputs/report_replay_20260819_v2/combined_summary.json,summary.5,5,"[""latency_p95_ms""]","{""latency_p95_ms"": 94.22590299800504}",94.2毫秒,match
deliverables/leadership_report/双光电多目标轨迹配准与交汇定位试验报告_CN.docx,6,3.2.3 双站配准结果,,4,超时数,0/5,research_modules/independent_experiments/dual_optical_online_benchmark/outputs/report_replay_20260819_v2/combined_summary.json,summary.5,5,"[""timeout_count"", ""sample_count""]","{""timeout_count"": 0, ""sample_count"": 5}",0/5,match
deliverables/leadership_report/双光电多目标轨迹配准与交汇定位试验报告_CN.docx,6,3.2.3 双站配准结果,,5,质量精度,82.3%,research_modules/independent_experiments/dual_optical_online_benchmark/outputs/report_replay_20260819_v2/combined_summary.json,summary.6,6,"[""offline_completed_precision""]","{""offline_completed_precision"": 0.8225806451612904}",82.3%,match
deliverables/leadership_report/双光电多目标轨迹配准与交汇定位试验报告_CN.docx,6,3.2.3 双站配准结果,,5,质量覆盖度,51.0%,research_modules/independent_experiments/dual_optical_online_benchmark/outputs/report_replay_20260819_v2/combined_summary.json,summary.6,6,"[""offline_completed_coverage""]","{""offline_completed_coverage"": 0.51}",51.0%,match
deliverables/leadership_report/双光电多目标轨迹配准与交汇定位试验报告_CN.docx,6,3.2.3 双站配准结果,,5,按时覆盖度,0.0%,research_modules/independent_experiments/dual_optical_online_benchmark/outputs/report_replay_20260819_v2/combined_summary.json,summary.6,6,"[""on_time_coverage""]","{""on_time_coverage"": 0.0}",0.0%,match
deliverables/leadership_report/双光电多目标轨迹配准与交汇定位试验报告_CN.docx,6,3.2.3 双站配准结果,,5,处理耗时P95,2421.2毫秒,research_modules/independent_experiments/dual_optical_online_benchmark/outputs/report_replay_20260819_v2/combined_summary.json,summary.6,6,"[""latency_p95_ms""]","{""latency_p95_ms"": 2421.1869870014198}",2421.2毫秒,match
deliverables/leadership_report/双光电多目标轨迹配准与交汇定位试验报告_CN.docx,6,3.2.3 双站配准结果,,5,超时数,5/5,research_modules/independent_experiments/dual_optical_online_benchmark/outputs/report_replay_20260819_v2/combined_summary.json,summary.6,6,"[""timeout_count"", ""sample_count""]","{""timeout_count"": 5, ""sample_count"": 5}",5/5,match
deliverables/leadership_report/双光电多目标轨迹配准与交汇定位试验报告_CN.docx,6,3.2.3 双站配准结果,,6,质量精度,59.7%,research_modules/independent_experiments/dual_optical_online_benchmark/outputs/report_replay_20260819_v2/combined_summary.json,summary.7,7,"[""offline_completed_precision""]","{""offline_completed_precision"": 0.5970149253731343}",59.7%,match
deliverables/leadership_report/双光电多目标轨迹配准与交汇定位试验报告_CN.docx,6,3.2.3 双站配准结果,,6,质量覆盖度,40.0%,research_modules/independent_experiments/dual_optical_online_benchmark/outputs/report_replay_20260819_v2/combined_summary.json,summary.7,7,"[""offline_completed_coverage""]","{""offline_completed_coverage"": 0.4}",40.0%,match
deliverables/leadership_report/双光电多目标轨迹配准与交汇定位试验报告_CN.docx,6,3.2.3 双站配准结果,,6,按时覆盖度,40.0%,research_modules/independent_experiments/dual_optical_online_benchmark/outputs/report_replay_20260819_v2/combined_summary.json,summary.7,7,"[""on_time_coverage""]","{""on_time_coverage"": 0.4}",40.0%,match
deliverables/leadership_report/双光电多目标轨迹配准与交汇定位试验报告_CN.docx,6,3.2.3 双站配准结果,,6,处理耗时P95,121.4毫秒,research_modules/independent_experiments/dual_optical_online_benchmark/outputs/report_replay_20260819_v2/combined_summary.json,summary.7,7,"[""latency_p95_ms""]","{""latency_p95_ms"": 121.35436400058097}",121.4毫秒,match
deliverables/leadership_report/双光电多目标轨迹配准与交汇定位试验报告_CN.docx,6,3.2.3 双站配准结果,,6,超时数,0/5,research_modules/independent_experiments/dual_optical_online_benchmark/outputs/report_replay_20260819_v2/combined_summary.json,summary.7,7,"[""timeout_count"", ""sample_count""]","{""timeout_count"": 0, ""sample_count"": 5}",0/5,match
deliverables/leadership_report/双光电多目标轨迹配准与交汇定位试验报告_CN.docx,6,3.2.3 双站配准结果,,7,质量精度,74.1%,research_modules/independent_experiments/dual_optical_online_benchmark/outputs/report_replay_20260819_v2/combined_summary.json,summary.2,2,"[""offline_completed_precision""]","{""offline_completed_precision"": 0.7407407407407407}",74.1%,match
deliverables/leadership_report/双光电多目标轨迹配准与交汇定位试验报告_CN.docx,6,3.2.3 双站配准结果,,7,质量覆盖度,40.0%,research_modules/independent_experiments/dual_optical_online_benchmark/outputs/report_replay_20260819_v2/combined_summary.json,summary.2,2,"[""offline_completed_coverage""]","{""offline_completed_coverage"": 0.4}",40.0%,match
deliverables/leadership_report/双光电多目标轨迹配准与交汇定位试验报告_CN.docx,6,3.2.3 双站配准结果,,7,按时覆盖度,0.0%,research_modules/independent_experiments/dual_optical_online_benchmark/outputs/report_replay_20260819_v2/combined_summary.json,summary.2,2,"[""on_time_coverage""]","{""on_time_coverage"": 0.0}",0.0%,match
deliverables/leadership_report/双光电多目标轨迹配准与交汇定位试验报告_CN.docx,6,3.2.3 双站配准结果,,7,处理耗时P95,3162.8毫秒,research_modules/independent_experiments/dual_optical_online_benchmark/outputs/report_replay_20260819_v2/combined_summary.json,summary.2,2,"[""latency_p95_ms""]","{""latency_p95_ms"": 3162.7678770018974}",3162.8毫秒,match
deliverables/leadership_report/双光电多目标轨迹配准与交汇定位试验报告_CN.docx,6,3.2.3 双站配准结果,,7,超时数,5/5,research_modules/independent_experiments/dual_optical_online_benchmark/outputs/report_replay_20260819_v2/combined_summary.json,summary.2,2,"[""timeout_count"", ""sample_count""]","{""timeout_count"": 5, ""sample_count"": 5}",5/5,match
deliverables/leadership_report/双光电多目标轨迹配准与交汇定位试验报告_CN.docx,6,3.2.3 双站配准结果,,8,质量精度,54.8%,research_modules/independent_experiments/dual_optical_online_benchmark/outputs/report_replay_20260819_v2/combined_summary.json,summary.3,3,"[""offline_completed_precision""]","{""offline_completed_precision"": 0.5483870967741935}",54.8%,match
deliverables/leadership_report/双光电多目标轨迹配准与交汇定位试验报告_CN.docx,6,3.2.3 双站配准结果,,8,质量覆盖度,34.0%,research_modules/independent_experiments/dual_optical_online_benchmark/outputs/report_replay_20260819_v2/combined_summary.json,summary.3,3,"[""offline_completed_coverage""]","{""offline_completed_coverage"": 0.34}",34.0%,match
deliverables/leadership_report/双光电多目标轨迹配准与交汇定位试验报告_CN.docx,6,3.2.3 双站配准结果,,8,按时覆盖度,34.0%,research_modules/independent_experiments/dual_optical_online_benchmark/outputs/report_replay_20260819_v2/combined_summary.json,summary.3,3,"[""on_time_coverage""]","{""on_time_coverage"": 0.34}",34.0%,match
deliverables/leadership_report/双光电多目标轨迹配准与交汇定位试验报告_CN.docx,6,3.2.3 双站配准结果,,8,处理耗时P95,165.8毫秒,research_modules/independent_experiments/dual_optical_online_benchmark/outputs/report_replay_20260819_v2/combined_summary.json,summary.3,3,"[""latency_p95_ms""]","{""latency_p95_ms"": 165.76083499967353}",165.8毫秒,match
deliverables/leadership_report/双光电多目标轨迹配准与交汇定位试验报告_CN.docx,6,3.2.3 双站配准结果,,8,超时数,0/5,research_modules/independent_experiments/dual_optical_online_benchmark/outputs/report_replay_20260819_v2/combined_summary.json,summary.3,3,"[""timeout_count"", ""sample_count""]","{""timeout_count"": 0, ""sample_count"": 5}",0/5,match
deliverables/leadership_report/双光电多目标轨迹配准与交汇定位试验报告_CN.docx,6,3.2.3 双站配准结果,,9,质量精度,59.7%,research_modules/independent_experiments/dual_optical_online_benchmark/outputs/report_replay_20260819_v2/combined_summary.json,summary.8,8,"[""offline_completed_precision""]","{""offline_completed_precision"": 0.5971223021582733}",59.7%,match
deliverables/leadership_report/双光电多目标轨迹配准与交汇定位试验报告_CN.docx,6,3.2.3 双站配准结果,,9,质量覆盖度,41.5%,research_modules/independent_experiments/dual_optical_online_benchmark/outputs/report_replay_20260819_v2/combined_summary.json,summary.8,8,"[""offline_completed_coverage""]","{""offline_completed_coverage"": 0.415}",41.5%,match
deliverables/leadership_report/双光电多目标轨迹配准与交汇定位试验报告_CN.docx,6,3.2.3 双站配准结果,,9,按时覆盖度,0.0%,research_modules/independent_experiments/dual_optical_online_benchmark/outputs/report_replay_20260819_v2/combined_summary.json,summary.8,8,"[""on_time_coverage""]","{""on_time_coverage"": 0.0}",0.0%,match
deliverables/leadership_report/双光电多目标轨迹配准与交汇定位试验报告_CN.docx,6,3.2.3 双站配准结果,,9,处理耗时P95,4111.0毫秒,research_modules/independent_experiments/dual_optical_online_benchmark/outputs/report_replay_20260819_v2/combined_summary.json,summary.8,8,"[""latency_p95_ms""]","{""latency_p95_ms"": 4111.028073002672}",4111.0毫秒,match
deliverables/leadership_report/双光电多目标轨迹配准与交汇定位试验报告_CN.docx,6,3.2.3 双站配准结果,,9,超时数,5/5,research_modules/independent_experiments/dual_optical_online_benchmark/outputs/report_replay_20260819_v2/combined_summary.json,summary.8,8,"[""timeout_count"", ""sample_count""]","{""timeout_count"": 5, ""sample_count"": 5}",5/5,match
deliverables/leadership_report/双光电多目标轨迹配准与交汇定位试验报告_CN.docx,6,3.2.3 双站配准结果,,10,质量精度,76.5%,research_modules/independent_experiments/dual_optical_online_benchmark/outputs/report_replay_20260819_v2/combined_summary.json,summary.9,9,"[""offline_completed_precision""]","{""offline_completed_precision"": 0.7651515151515151}",76.5%,match
deliverables/leadership_report/双光电多目标轨迹配准与交汇定位试验报告_CN.docx,6,3.2.3 双站配准结果,,10,质量覆盖度,50.5%,research_modules/independent_experiments/dual_optical_online_benchmark/outputs/report_replay_20260819_v2/combined_summary.json,summary.9,9,"[""offline_completed_coverage""]","{""offline_completed_coverage"": 0.505}",50.5%,match
deliverables/leadership_report/双光电多目标轨迹配准与交汇定位试验报告_CN.docx,6,3.2.3 双站配准结果,,10,按时覆盖度,50.5%,research_modules/independent_experiments/dual_optical_online_benchmark/outputs/report_replay_20260819_v2/combined_summary.json,summary.9,9,"[""on_time_coverage""]","{""on_time_coverage"": 0.505}",50.5%,match
deliverables/leadership_report/双光电多目标轨迹配准与交汇定位试验报告_CN.docx,6,3.2.3 双站配准结果,,10,处理耗时P95,199.8毫秒,research_modules/independent_experiments/dual_optical_online_benchmark/outputs/report_replay_20260819_v2/combined_summary.json,summary.9,9,"[""latency_p95_ms""]","{""latency_p95_ms"": 199.8295830017014}",199.8毫秒,match
deliverables/leadership_report/双光电多目标轨迹配准与交汇定位试验报告_CN.docx,6,3.2.3 双站配准结果,,10,超时数,0/5,research_modules/independent_experiments/dual_optical_online_benchmark/outputs/report_replay_20260819_v2/combined_summary.json,summary.9,9,"[""timeout_count"", ""sample_count""]","{""timeout_count"": 0, ""sample_count"": 5}",0/5,match
deliverables/leadership_report/双光电多目标轨迹配准与交汇定位试验报告_CN.docx,6,3.2.3 双站配准结果,,11,质量精度,64.3%,research_modules/independent_experiments/dual_optical_online_benchmark/outputs/report_replay_20260819_v2/combined_summary.json,summary.12,12,"[""offline_completed_precision""]","{""offline_completed_precision"": 0.6434782608695652}",64.3%,match
deliverables/leadership_report/双光电多目标轨迹配准与交汇定位试验报告_CN.docx,6,3.2.3 双站配准结果,,11,质量覆盖度,37.0%,research_modules/independent_experiments/dual_optical_online_benchmark/outputs/report_replay_20260819_v2/combined_summary.json,summary.12,12,"[""offline_completed_coverage""]","{""offline_completed_coverage"": 0.37}",37.0%,match
deliverables/leadership_report/双光电多目标轨迹配准与交汇定位试验报告_CN.docx,6,3.2.3 双站配准结果,,11,按时覆盖度,0.0%,research_modules/independent_experiments/dual_optical_online_benchmark/outputs/report_replay_20260819_v2/combined_summary.json,summary.12,12,"[""on_time_coverage""]","{""on_time_coverage"": 0.0}",0.0%,match
deliverables/leadership_report/双光电多目标轨迹配准与交汇定位试验报告_CN.docx,6,3.2.3 双站配准结果,,11,处理耗时P95,4358.2毫秒,research_modules/independent_experiments/dual_optical_online_benchmark/outputs/report_replay_20260819_v2/combined_summary.json,summary.12,12,"[""latency_p95_ms""]","{""latency_p95_ms"": 4358.182985000894}",4358.2毫秒,match
deliverables/leadership_report/双光电多目标轨迹配准与交汇定位试验报告_CN.docx,6,3.2.3 双站配准结果,,11,超时数,5/5,research_modules/independent_experiments/dual_optical_online_benchmark/outputs/report_replay_20260819_v2/combined_summary.json,summary.12,12,"[""timeout_count"", ""sample_count""]","{""timeout_count"": 5, ""sample_count"": 5}",5/5,match
deliverables/leadership_report/双光电多目标轨迹配准与交汇定位试验报告_CN.docx,6,3.2.3 双站配准结果,,12,质量精度,65.6%,research_modules/independent_experiments/dual_optical_online_benchmark/outputs/report_replay_20260819_v2/combined_summary.json,summary.13,13,"[""offline_completed_precision""]","{""offline_completed_precision"": 0.65625}",65.6%,match
deliverables/leadership_report/双光电多目标轨迹配准与交汇定位试验报告_CN.docx,6,3.2.3 双站配准结果,,12,质量覆盖度,42.0%,research_modules/independent_experiments/dual_optical_online_benchmark/outputs/report_replay_20260819_v2/combined_summary.json,summary.13,13,"[""offline_completed_coverage""]","{""offline_completed_coverage"": 0.42}",42.0%,match
deliverables/leadership_report/双光电多目标轨迹配准与交汇定位试验报告_CN.docx,6,3.2.3 双站配准结果,,12,按时覆盖度,42.0%,research_modules/independent_experiments/dual_optical_online_benchmark/outputs/report_replay_20260819_v2/combined_summary.json,summary.13,13,"[""on_time_coverage""]","{""on_time_coverage"": 0.42}",42.0%,match
deliverables/leadership_report/双光电多目标轨迹配准与交汇定位试验报告_CN.docx,6,3.2.3 双站配准结果,,12,处理耗时P95,211.3毫秒,research_modules/independent_experiments/dual_optical_online_benchmark/outputs/report_replay_20260819_v2/combined_summary.json,summary.13,13,"[""latency_p95_ms""]","{""latency_p95_ms"": 211.33936700061895}",211.3毫秒,match
deliverables/leadership_report/双光电多目标轨迹配准与交汇定位试验报告_CN.docx,6,3.2.3 双站配准结果,,12,超时数,0/5,research_modules/independent_experiments/dual_optical_online_benchmark/outputs/report_replay_20260819_v2/combined_summary.json,summary.13,13,"[""timeout_count"", ""sample_count""]","{""timeout_count"": 0, ""sample_count"": 5}",0/5,match
deliverables/leadership_report/双光电多目标轨迹配准与交汇定位试验报告_CN.docx,6,3.2.3 双站配准结果,,13,质量精度,61.2%,research_modules/independent_experiments/dual_optical_online_benchmark/outputs/report_replay_20260819_v2/combined_summary.json,summary.14,14,"[""offline_completed_precision""]","{""offline_completed_precision"": 0.611764705882353}",61.2%,match
deliverables/leadership_report/双光电多目标轨迹配准与交汇定位试验报告_CN.docx,6,3.2.3 双站配准结果,,13,质量覆盖度,26.0%,research_modules/independent_experiments/dual_optical_online_benchmark/outputs/report_replay_20260819_v2/combined_summary.json,summary.14,14,"[""offline_completed_coverage""]","{""offline_completed_coverage"": 0.26}",26.0%,match
deliverables/leadership_report/双光电多目标轨迹配准与交汇定位试验报告_CN.docx,6,3.2.3 双站配准结果,,13,按时覆盖度,0.0%,research_modules/independent_experiments/dual_optical_online_benchmark/outputs/report_replay_20260819_v2/combined_summary.json,summary.14,14,"[""on_time_coverage""]","{""on_time_coverage"": 0.0}",0.0%,match
deliverables/leadership_report/双光电多目标轨迹配准与交汇定位试验报告_CN.docx,6,3.2.3 双站配准结果,,13,处理耗时P95,4971.4毫秒,research_modules/independent_experiments/dual_optical_online_benchmark/outputs/report_replay_20260819_v2/combined_summary.json,summary.14,14,"[""latency_p95_ms""]","{""latency_p95_ms"": 4971.422718001122}",4971.4毫秒,match
deliverables/leadership_report/双光电多目标轨迹配准与交汇定位试验报告_CN.docx,6,3.2.3 双站配准结果,,13,超时数,5/5,research_modules/independent_experiments/dual_optical_online_benchmark/outputs/report_replay_20260819_v2/combined_summary.json,summary.14,14,"[""timeout_count"", ""sample_count""]","{""timeout_count"": 5, ""sample_count"": 5}",5/5,match
deliverables/leadership_report/双光电多目标轨迹配准与交汇定位试验报告_CN.docx,6,3.2.3 双站配准结果,,14,质量精度,55.9%,research_modules/independent_experiments/dual_optical_online_benchmark/outputs/report_replay_20260819_v2/combined_summary.json,summary.15,15,"[""offline_completed_precision""]","{""offline_completed_precision"": 0.5591397849462365}",55.9%,match
deliverables/leadership_report/双光电多目标轨迹配准与交汇定位试验报告_CN.docx,6,3.2.3 双站配准结果,,14,质量覆盖度,26.0%,research_modules/independent_experiments/dual_optical_online_benchmark/outputs/report_replay_20260819_v2/combined_summary.json,summary.15,15,"[""offline_completed_coverage""]","{""offline_completed_coverage"": 0.26}",26.0%,match
deliverables/leadership_report/双光电多目标轨迹配准与交汇定位试验报告_CN.docx,6,3.2.3 双站配准结果,,14,按时覆盖度,26.0%,research_modules/independent_experiments/dual_optical_online_benchmark/outputs/report_replay_20260819_v2/combined_summary.json,summary.15,15,"[""on_time_coverage""]","{""on_time_coverage"": 0.26}",26.0%,match
deliverables/leadership_report/双光电多目标轨迹配准与交汇定位试验报告_CN.docx,6,3.2.3 双站配准结果,,14,处理耗时P95,234.6毫秒,research_modules/independent_experiments/dual_optical_online_benchmark/outputs/report_replay_20260819_v2/combined_summary.json,summary.15,15,"[""latency_p95_ms""]","{""latency_p95_ms"": 234.58898499666248}",234.6毫秒,match
deliverables/leadership_report/双光电多目标轨迹配准与交汇定位试验报告_CN.docx,6,3.2.3 双站配准结果,,14,超时数,0/5,research_modules/independent_experiments/dual_optical_online_benchmark/outputs/report_replay_20260819_v2/combined_summary.json,summary.15,15,"[""timeout_count"", ""sample_count""]","{""timeout_count"": 0, ""sample_count"": 5}",0/5,match
deliverables/leadership_report/双光电多目标轨迹配准与交汇定位试验报告_CN.docx,6,3.2.3 双站配准结果,,15,质量精度,60.2%,research_modules/independent_experiments/dual_optical_online_benchmark/outputs/report_replay_20260819_v2/combined_summary.json,summary.10,10,"[""offline_completed_precision""]","{""offline_completed_precision"": 0.6024096385542169}",60.2%,match
deliverables/leadership_report/双光电多目标轨迹配准与交汇定位试验报告_CN.docx,6,3.2.3 双站配准结果,,15,质量覆盖度,25.0%,research_modules/independent_experiments/dual_optical_online_benchmark/outputs/report_replay_20260819_v2/combined_summary.json,summary.10,10,"[""offline_completed_coverage""]","{""offline_completed_coverage"": 0.25}",25.0%,match
deliverables/leadership_report/双光电多目标轨迹配准与交汇定位试验报告_CN.docx,6,3.2.3 双站配准结果,,15,按时覆盖度,0.0%,research_modules/independent_experiments/dual_optical_online_benchmark/outputs/report_replay_20260819_v2/combined_summary.json,summary.10,10,"[""on_time_coverage""]","{""on_time_coverage"": 0.0}",0.0%,match
deliverables/leadership_report/双光电多目标轨迹配准与交汇定位试验报告_CN.docx,6,3.2.3 双站配准结果,,15,处理耗时P95,5775.8毫秒,research_modules/independent_experiments/dual_optical_online_benchmark/outputs/report_replay_20260819_v2/combined_summary.json,summary.10,10,"[""latency_p95_ms""]","{""latency_p95_ms"": 5775.8221680014685}",5775.8毫秒,match
deliverables/leadership_report/双光电多目标轨迹配准与交汇定位试验报告_CN.docx,6,3.2.3 双站配准结果,,15,超时数,5/5,research_modules/independent_experiments/dual_optical_online_benchmark/outputs/report_replay_20260819_v2/combined_summary.json,summary.10,10,"[""timeout_count"", ""sample_count""]","{""timeout_count"": 5, ""sample_count"": 5}",5/5,match
deliverables/leadership_report/双光电多目标轨迹配准与交汇定位试验报告_CN.docx,6,3.2.3 双站配准结果,,16,质量精度,46.9%,research_modules/independent_experiments/dual_optical_online_benchmark/outputs/report_replay_20260819_v2/combined_summary.json,summary.11,11,"[""offline_completed_precision""]","{""offline_completed_precision"": 0.4691358024691358}",46.9%,match
deliverables/leadership_report/双光电多目标轨迹配准与交汇定位试验报告_CN.docx,6,3.2.3 双站配准结果,,16,质量覆盖度,19.0%,research_modules/independent_experiments/dual_optical_online_benchmark/outputs/report_replay_20260819_v2/combined_summary.json,summary.11,11,"[""offline_completed_coverage""]","{""offline_completed_coverage"": 0.19}",19.0%,match
deliverables/leadership_report/双光电多目标轨迹配准与交汇定位试验报告_CN.docx,6,3.2.3 双站配准结果,,16,按时覆盖度,19.0%,research_modules/independent_experiments/dual_optical_online_benchmark/outputs/report_replay_20260819_v2/combined_summary.json,summary.11,11,"[""on_time_coverage""]","{""on_time_coverage"": 0.19}",19.0%,match
deliverables/leadership_report/双光电多目标轨迹配准与交汇定位试验报告_CN.docx,6,3.2.3 双站配准结果,,16,处理耗时P95,270.6毫秒,research_modules/independent_experiments/dual_optical_online_benchmark/outputs/report_replay_20260819_v2/combined_summary.json,summary.11,11,"[""latency_p95_ms""]","{""latency_p95_ms"": 270.551465000608}",270.6毫秒,match
deliverables/leadership_report/双光电多目标轨迹配准与交汇定位试验报告_CN.docx,6,3.2.3 双站配准结果,,16,超时数,0/5,research_modules/independent_experiments/dual_optical_online_benchmark/outputs/report_replay_20260819_v2/combined_summary.json,summary.11,11,"[""timeout_count"", ""sample_count""]","{""timeout_count"": 0, ""sample_count"": 5}",0/5,match
deliverables/leadership_report/双光电多目标轨迹配准与交汇定位试验报告_CN.docx,6,3.2.3 双站配准结果,,17,质量精度,61.1%,research_modules/independent_experiments/dual_optical_online_benchmark/outputs/report_replay_20260819_v2/combined_summary.json,summary.16,16,"[""offline_completed_precision""]","{""offline_completed_precision"": 0.6111111111111112}",61.1%,match
deliverables/leadership_report/双光电多目标轨迹配准与交汇定位试验报告_CN.docx,6,3.2.3 双站配准结果,,17,质量覆盖度,36.7%,research_modules/independent_experiments/dual_optical_online_benchmark/outputs/report_replay_20260819_v2/combined_summary.json,summary.16,16,"[""offline_completed_coverage""]","{""offline_completed_coverage"": 0.36666666666666664}",36.7%,match
deliverables/leadership_report/双光电多目标轨迹配准与交汇定位试验报告_CN.docx,6,3.2.3 双站配准结果,,17,按时覆盖度,0.0%,research_modules/independent_experiments/dual_optical_online_benchmark/outputs/report_replay_20260819_v2/combined_summary.json,summary.16,16,"[""on_time_coverage""]","{""on_time_coverage"": 0.0}",0.0%,match
deliverables/leadership_report/双光电多目标轨迹配准与交汇定位试验报告_CN.docx,6,3.2.3 双站配准结果,,17,处理耗时P95,7269.4毫秒,research_modules/independent_experiments/dual_optical_online_benchmark/outputs/report_replay_20260819_v2/combined_summary.json,summary.16,16,"[""latency_p95_ms""]","{""latency_p95_ms"": 7269.393623999349}",7269.4毫秒,match
deliverables/leadership_report/双光电多目标轨迹配准与交汇定位试验报告_CN.docx,6,3.2.3 双站配准结果,,17,超时数,5/5,research_modules/independent_experiments/dual_optical_online_benchmark/outputs/report_replay_20260819_v2/combined_summary.json,summary.16,16,"[""timeout_count"", ""sample_count""]","{""timeout_count"": 5, ""sample_count"": 5}",5/5,match
deliverables/leadership_report/双光电多目标轨迹配准与交汇定位试验报告_CN.docx,6,3.2.3 双站配准结果,,18,质量精度,71.4%,research_modules/independent_experiments/dual_optical_online_benchmark/outputs/report_replay_20260819_v2/combined_summary.json,summary.17,17,"[""offline_completed_precision""]","{""offline_completed_precision"": 0.7142857142857143}",71.4%,match
deliverables/leadership_report/双光电多目标轨迹配准与交汇定位试验报告_CN.docx,6,3.2.3 双站配准结果,,18,质量覆盖度,41.7%,research_modules/independent_experiments/dual_optical_online_benchmark/outputs/report_replay_20260819_v2/combined_summary.json,summary.17,17,"[""offline_completed_coverage""]","{""offline_completed_coverage"": 0.4166666666666667}",41.7%,match
deliverables/leadership_report/双光电多目标轨迹配准与交汇定位试验报告_CN.docx,6,3.2.3 双站配准结果,,18,按时覆盖度,41.7%,research_modules/independent_experiments/dual_optical_online_benchmark/outputs/report_replay_20260819_v2/combined_summary.json,summary.17,17,"[""on_time_coverage""]","{""on_time_coverage"": 0.4166666666666667}",41.7%,match
deliverables/leadership_report/双光电多目标轨迹配准与交汇定位试验报告_CN.docx,6,3.2.3 双站配准结果,,18,处理耗时P95,312.1毫秒,research_modules/independent_experiments/dual_optical_online_benchmark/outputs/report_replay_20260819_v2/combined_summary.json,summary.17,17,"[""latency_p95_ms""]","{""latency_p95_ms"": 312.088237998978}",312.1毫秒,match
deliverables/leadership_report/双光电多目标轨迹配准与交汇定位试验报告_CN.docx,6,3.2.3 双站配准结果,,18,超时数,0/5,research_modules/independent_experiments/dual_optical_online_benchmark/outputs/report_replay_20260819_v2/combined_summary.json,summary.17,17,"[""timeout_count"", ""sample_count""]","{""timeout_count"": 0, ""sample_count"": 5}",0/5,match
deliverables/leadership_report/双光电多目标轨迹配准与交汇定位试验报告_CN.docx,6,3.2.3 双站配准结果,,19,质量精度,54.3%,research_modules/independent_experiments/dual_optical_online_benchmark/outputs/report_replay_20260819_v2/combined_summary.json,summary.20,20,"[""offline_completed_precision""]","{""offline_completed_precision"": 0.543046357615894}",54.3%,match
deliverables/leadership_report/双光电多目标轨迹配准与交汇定位试验报告_CN.docx,6,3.2.3 双站配准结果,,19,质量覆盖度,27.3%,research_modules/independent_experiments/dual_optical_online_benchmark/outputs/report_replay_20260819_v2/combined_summary.json,summary.20,20,"[""offline_completed_coverage""]","{""offline_completed_coverage"": 0.2733333333333333}",27.3%,match
deliverables/leadership_report/双光电多目标轨迹配准与交汇定位试验报告_CN.docx,6,3.2.3 双站配准结果,,19,按时覆盖度,0.0%,research_modules/independent_experiments/dual_optical_online_benchmark/outputs/report_replay_20260819_v2/combined_summary.json,summary.20,20,"[""on_time_coverage""]","{""on_time_coverage"": 0.0}",0.0%,match
deliverables/leadership_report/双光电多目标轨迹配准与交汇定位试验报告_CN.docx,6,3.2.3 双站配准结果,,19,处理耗时P95,7564.8毫秒,research_modules/independent_experiments/dual_optical_online_benchmark/outputs/report_replay_20260819_v2/combined_summary.json,summary.20,20,"[""latency_p95_ms""]","{""latency_p95_ms"": 7564.756396997836}",7564.8毫秒,match
deliverables/leadership_report/双光电多目标轨迹配准与交汇定位试验报告_CN.docx,6,3.2.3 双站配准结果,,19,超时数,5/5,research_modules/independent_experiments/dual_optical_online_benchmark/outputs/report_replay_20260819_v2/combined_summary.json,summary.20,20,"[""timeout_count"", ""sample_count""]","{""timeout_count"": 5, ""sample_count"": 5}",5/5,match
deliverables/leadership_report/双光电多目标轨迹配准与交汇定位试验报告_CN.docx,6,3.2.3 双站配准结果,,20,质量精度,56.4%,research_modules/independent_experiments/dual_optical_online_benchmark/outputs/report_replay_20260819_v2/combined_summary.json,summary.21,21,"[""offline_completed_precision""]","{""offline_completed_precision"": 0.5641025641025641}",56.4%,match
deliverables/leadership_report/双光电多目标轨迹配准与交汇定位试验报告_CN.docx,6,3.2.3 双站配准结果,,20,质量覆盖度,29.3%,research_modules/independent_experiments/dual_optical_online_benchmark/outputs/report_replay_20260819_v2/combined_summary.json,summary.21,21,"[""offline_completed_coverage""]","{""offline_completed_coverage"": 0.29333333333333333}",29.3%,match
deliverables/leadership_report/双光电多目标轨迹配准与交汇定位试验报告_CN.docx,6,3.2.3 双站配准结果,,20,按时覆盖度,29.3%,research_modules/independent_experiments/dual_optical_online_benchmark/outputs/report_replay_20260819_v2/combined_summary.json,summary.21,21,"[""on_time_coverage""]","{""on_time_coverage"": 0.29333333333333333}",29.3%,match
deliverables/leadership_report/双光电多目标轨迹配准与交汇定位试验报告_CN.docx,6,3.2.3 双站配准结果,,20,处理耗时P95,354.1毫秒,research_modules/independent_experiments/dual_optical_online_benchmark/outputs/report_replay_20260819_v2/combined_summary.json,summary.21,21,"[""latency_p95_ms""]","{""latency_p95_ms"": 354.0808309990098}",354.1毫秒,match
deliverables/leadership_report/双光电多目标轨迹配准与交汇定位试验报告_CN.docx,6,3.2.3 双站配准结果,,20,超时数,0/5,research_modules/independent_experiments/dual_optical_online_benchmark/outputs/report_replay_20260819_v2/combined_summary.json,summary.21,21,"[""timeout_count"", ""sample_count""]","{""timeout_count"": 0, ""sample_count"": 5}",0/5,match
deliverables/leadership_report/双光电多目标轨迹配准与交汇定位试验报告_CN.docx,6,3.2.3 双站配准结果,,21,质量精度,56.6%,research_modules/independent_experiments/dual_optical_online_benchmark/outputs/report_replay_20260819_v2/combined_summary.json,summary.22,22,"[""offline_completed_precision""]","{""offline_completed_precision"": 0.5657142857142857}",56.6%,match
deliverables/leadership_report/双光电多目标轨迹配准与交汇定位试验报告_CN.docx,6,3.2.3 双站配准结果,,21,质量覆盖度,33.0%,research_modules/independent_experiments/dual_optical_online_benchmark/outputs/report_replay_20260819_v2/combined_summary.json,summary.22,22,"[""offline_completed_coverage""]","{""offline_completed_coverage"": 0.33}",33.0%,match
deliverables/leadership_report/双光电多目标轨迹配准与交汇定位试验报告_CN.docx,6,3.2.3 双站配准结果,,21,按时覆盖度,0.0%,research_modules/independent_experiments/dual_optical_online_benchmark/outputs/report_replay_20260819_v2/combined_summary.json,summary.22,22,"[""on_time_coverage""]","{""on_time_coverage"": 0.0}",0.0%,match
deliverables/leadership_report/双光电多目标轨迹配准与交汇定位试验报告_CN.docx,6,3.2.3 双站配准结果,,21,处理耗时P95,8080.1毫秒,research_modules/independent_experiments/dual_optical_online_benchmark/outputs/report_replay_20260819_v2/combined_summary.json,summary.22,22,"[""latency_p95_ms""]","{""latency_p95_ms"": 8080.141358997935}",8080.1毫秒,match
deliverables/leadership_report/双光电多目标轨迹配准与交汇定位试验报告_CN.docx,6,3.2.3 双站配准结果,,21,超时数,5/5,research_modules/independent_experiments/dual_optical_online_benchmark/outputs/report_replay_20260819_v2/combined_summary.json,summary.22,22,"[""timeout_count"", ""sample_count""]","{""timeout_count"": 5, ""sample_count"": 5}",5/5,match
deliverables/leadership_report/双光电多目标轨迹配准与交汇定位试验报告_CN.docx,6,3.2.3 双站配准结果,,22,质量精度,58.3%,research_modules/independent_experiments/dual_optical_online_benchmark/outputs/report_replay_20260819_v2/combined_summary.json,summary.23,23,"[""offline_completed_precision""]","{""offline_completed_precision"": 0.5833333333333334}",58.3%,match
deliverables/leadership_report/双光电多目标轨迹配准与交汇定位试验报告_CN.docx,6,3.2.3 双站配准结果,,22,质量覆盖度,30.3%,research_modules/independent_experiments/dual_optical_online_benchmark/outputs/report_replay_20260819_v2/combined_summary.json,summary.23,23,"[""offline_completed_coverage""]","{""offline_completed_coverage"": 0.30333333333333334}",30.3%,match
deliverables/leadership_report/双光电多目标轨迹配准与交汇定位试验报告_CN.docx,6,3.2.3 双站配准结果,,22,按时覆盖度,30.3%,research_modules/independent_experiments/dual_optical_online_benchmark/outputs/report_replay_20260819_v2/combined_summary.json,summary.23,23,"[""on_time_coverage""]","{""on_time_coverage"": 0.30333333333333334}",30.3%,match
deliverables/leadership_report/双光电多目标轨迹配准与交汇定位试验报告_CN.docx,6,3.2.3 双站配准结果,,22,处理耗时P95,360.4毫秒,research_modules/independent_experiments/dual_optical_online_benchmark/outputs/report_replay_20260819_v2/combined_summary.json,summary.23,23,"[""latency_p95_ms""]","{""latency_p95_ms"": 360.43639200215694}",360.4毫秒,match
deliverables/leadership_report/双光电多目标轨迹配准与交汇定位试验报告_CN.docx,6,3.2.3 双站配准结果,,22,超时数,0/5,research_modules/independent_experiments/dual_optical_online_benchmark/outputs/report_replay_20260819_v2/combined_summary.json,summary.23,23,"[""timeout_count"", ""sample_count""]","{""timeout_count"": 0, ""sample_count"": 5}",0/5,match
deliverables/leadership_report/双光电多目标轨迹配准与交汇定位试验报告_CN.docx,6,3.2.3 双站配准结果,,23,质量精度,47.6%,research_modules/independent_experiments/dual_optical_online_benchmark/outputs/report_replay_20260819_v2/combined_summary.json,summary.18,18,"[""offline_completed_precision""]","{""offline_completed_precision"": 0.4755244755244755}",47.6%,match
deliverables/leadership_report/双光电多目标轨迹配准与交汇定位试验报告_CN.docx,6,3.2.3 双站配准结果,,23,质量覆盖度,22.7%,research_modules/independent_experiments/dual_optical_online_benchmark/outputs/report_replay_20260819_v2/combined_summary.json,summary.18,18,"[""offline_completed_coverage""]","{""offline_completed_coverage"": 0.22666666666666666}",22.7%,match
deliverables/leadership_report/双光电多目标轨迹配准与交汇定位试验报告_CN.docx,6,3.2.3 双站配准结果,,23,按时覆盖度,0.0%,research_modules/independent_experiments/dual_optical_online_benchmark/outputs/report_replay_20260819_v2/combined_summary.json,summary.18,18,"[""on_time_coverage""]","{""on_time_coverage"": 0.0}",0.0%,match
deliverables/leadership_report/双光电多目标轨迹配准与交汇定位试验报告_CN.docx,6,3.2.3 双站配准结果,,23,处理耗时P95,8932.2毫秒,research_modules/independent_experiments/dual_optical_online_benchmark/outputs/report_replay_20260819_v2/combined_summary.json,summary.18,18,"[""latency_p95_ms""]","{""latency_p95_ms"": 8932.193082000595}",8932.2毫秒,match
deliverables/leadership_report/双光电多目标轨迹配准与交汇定位试验报告_CN.docx,6,3.2.3 双站配准结果,,23,超时数,5/5,research_modules/independent_experiments/dual_optical_online_benchmark/outputs/report_replay_20260819_v2/combined_summary.json,summary.18,18,"[""timeout_count"", ""sample_count""]","{""timeout_count"": 5, ""sample_count"": 5}",5/5,match
deliverables/leadership_report/双光电多目标轨迹配准与交汇定位试验报告_CN.docx,6,3.2.3 双站配准结果,,24,质量精度,56.3%,research_modules/independent_experiments/dual_optical_online_benchmark/outputs/report_replay_20260819_v2/combined_summary.json,summary.19,19,"[""offline_completed_precision""]","{""offline_completed_precision"": 0.5630252100840336}",56.3%,match
deliverables/leadership_report/双光电多目标轨迹配准与交汇定位试验报告_CN.docx,6,3.2.3 双站配准结果,,24,质量覆盖度,22.3%,research_modules/independent_experiments/dual_optical_online_benchmark/outputs/report_replay_20260819_v2/combined_summary.json,summary.19,19,"[""offline_completed_coverage""]","{""offline_completed_coverage"": 0.22333333333333333}",22.3%,match
deliverables/leadership_report/双光电多目标轨迹配准与交汇定位试验报告_CN.docx,6,3.2.3 双站配准结果,,24,按时覆盖度,22.3%,research_modules/independent_experiments/dual_optical_online_benchmark/outputs/report_replay_20260819_v2/combined_summary.json,summary.19,19,"[""on_time_coverage""]","{""on_time_coverage"": 0.22333333333333333}",22.3%,match
deliverables/leadership_report/双光电多目标轨迹配准与交汇定位试验报告_CN.docx,6,3.2.3 双站配准结果,,24,处理耗时P95,395.6毫秒,research_modules/independent_experiments/dual_optical_online_benchmark/outputs/report_replay_20260819_v2/combined_summary.json,summary.19,19,"[""latency_p95_ms""]","{""latency_p95_ms"": 395.58916900205077}",395.6毫秒,match
deliverables/leadership_report/双光电多目标轨迹配准与交汇定位试验报告_CN.docx,6,3.2.3 双站配准结果,,24,超时数,0/5,research_modules/independent_experiments/dual_optical_online_benchmark/outputs/report_replay_20260819_v2/combined_summary.json,summary.19,19,"[""timeout_count"", ""sample_count""]","{""timeout_count"": 0, ""sample_count"": 5}",0/5,match
deliverables/leadership_report/双光电多目标轨迹配准与交汇定位试验报告_CN.docx,7,3.3.1 单站航迹结果,,1,单站精度,99.4%,research_modules/independent_experiments/dual_optical_online_benchmark/outputs/report_replay_20260819_v2/combined_summary.json,summary.30,30,"[""single_station_precision""]","{""single_station_precision"": 0.9940010432968179}",99.4%,match
deliverables/leadership_report/双光电多目标轨迹配准与交汇定位试验报告_CN.docx,7,3.3.1 单站航迹结果,,1,单站覆盖度,100.0%,research_modules/independent_experiments/dual_optical_online_benchmark/outputs/report_replay_20260819_v2/combined_summary.json,summary.30,30,"[""single_station_coverage""]","{""single_station_coverage"": 1.0}",100.0%,match
deliverables/leadership_report/双光电多目标轨迹配准与交汇定位试验报告_CN.docx,7,3.3.1 单站航迹结果,,1,重复航迹,0,research_modules/independent_experiments/dual_optical_online_benchmark/outputs/report_replay_20260819_v2/combined_summary.json,summary.30,30,"[""single_station_duplicate_track_count""]","{""single_station_duplicate_track_count"": 0}",0,match
deliverables/leadership_report/双光电多目标轨迹配准与交汇定位试验报告_CN.docx,7,3.3.1 单站航迹结果,,1,混合航迹,0,research_modules/independent_experiments/dual_optical_online_benchmark/outputs/report_replay_20260819_v2/combined_summary.json,summary.30,30,"[""single_station_mixed_track_count""]","{""single_station_mixed_track_count"": 0}",0,match
deliverables/leadership_report/双光电多目标轨迹配准与交汇定位试验报告_CN.docx,7,3.3.1 单站航迹结果,,1,缺失身份机会,0,research_modules/independent_experiments/dual_optical_online_benchmark/outputs/report_replay_20260819_v2/combined_summary.json,summary.30,30,"[""single_station_missing_identity_count""]","{""single_station_missing_identity_count"": 0}",0,match
deliverables/leadership_report/双光电多目标轨迹配准与交汇定位试验报告_CN.docx,7,3.3.1 单站航迹结果,,2,单站精度,96.7%,research_modules/independent_experiments/dual_optical_online_benchmark/outputs/report_replay_20260819_v2/combined_summary.json,summary.34,34,"[""single_station_precision""]","{""single_station_precision"": 0.9673684210526315}",96.7%,match
deliverables/leadership_report/双光电多目标轨迹配准与交汇定位试验报告_CN.docx,7,3.3.1 单站航迹结果,,2,单站覆盖度,100.0%,research_modules/independent_experiments/dual_optical_online_benchmark/outputs/report_replay_20260819_v2/combined_summary.json,summary.34,34,"[""single_station_coverage""]","{""single_station_coverage"": 1.0}",100.0%,match
deliverables/leadership_report/双光电多目标轨迹配准与交汇定位试验报告_CN.docx,7,3.3.1 单站航迹结果,,2,重复航迹,0,research_modules/independent_experiments/dual_optical_online_benchmark/outputs/report_replay_20260819_v2/combined_summary.json,summary.34,34,"[""single_station_duplicate_track_count""]","{""single_station_duplicate_track_count"": 0}",0,match
deliverables/leadership_report/双光电多目标轨迹配准与交汇定位试验报告_CN.docx,7,3.3.1 单站航迹结果,,2,混合航迹,12,research_modules/independent_experiments/dual_optical_online_benchmark/outputs/report_replay_20260819_v2/combined_summary.json,summary.34,34,"[""single_station_mixed_track_count""]","{""single_station_mixed_track_count"": 12}",12,match
deliverables/leadership_report/双光电多目标轨迹配准与交汇定位试验报告_CN.docx,7,3.3.1 单站航迹结果,,2,缺失身份机会,0,research_modules/independent_experiments/dual_optical_online_benchmark/outputs/report_replay_20260819_v2/combined_summary.json,summary.34,34,"[""single_station_missing_identity_count""]","{""single_station_missing_identity_count"": 0}",0,match
deliverables/leadership_report/双光电多目标轨迹配准与交汇定位试验报告_CN.docx,7,3.3.1 单站航迹结果,,3,单站精度,92.2%,research_modules/independent_experiments/dual_optical_online_benchmark/outputs/report_replay_20260819_v2/combined_summary.json,summary.36,36,"[""single_station_precision""]","{""single_station_precision"": 0.9217043941411451}",92.2%,match
deliverables/leadership_report/双光电多目标轨迹配准与交汇定位试验报告_CN.docx,7,3.3.1 单站航迹结果,,3,单站覆盖度,100.0%,research_modules/independent_experiments/dual_optical_online_benchmark/outputs/report_replay_20260819_v2/combined_summary.json,summary.36,36,"[""single_station_coverage""]","{""single_station_coverage"": 1.0}",100.0%,match
deliverables/leadership_report/双光电多目标轨迹配准与交汇定位试验报告_CN.docx,7,3.3.1 单站航迹结果,,3,重复航迹,0,research_modules/independent_experiments/dual_optical_online_benchmark/outputs/report_replay_20260819_v2/combined_summary.json,summary.36,36,"[""single_station_duplicate_track_count""]","{""single_station_duplicate_track_count"": 0}",0,match
deliverables/leadership_report/双光电多目标轨迹配准与交汇定位试验报告_CN.docx,7,3.3.1 单站航迹结果,,3,混合航迹,11,research_modules/independent_experiments/dual_optical_online_benchmark/outputs/report_replay_20260819_v2/combined_summary.json,summary.36,36,"[""single_station_mixed_track_count""]","{""single_station_mixed_track_count"": 11}",11,match
deliverables/leadership_report/双光电多目标轨迹配准与交汇定位试验报告_CN.docx,7,3.3.1 单站航迹结果,,3,缺失身份机会,0,research_modules/independent_experiments/dual_optical_online_benchmark/outputs/report_replay_20260819_v2/combined_summary.json,summary.36,36,"[""single_station_missing_identity_count""]","{""single_station_missing_identity_count"": 0}",0,match
deliverables/leadership_report/双光电多目标轨迹配准与交汇定位试验报告_CN.docx,7,3.3.1 单站航迹结果,,4,单站精度,82.9%,research_modules/independent_experiments/dual_optical_online_benchmark/outputs/report_replay_20260819_v2/combined_summary.json,summary.32,32,"[""single_station_precision""]","{""single_station_precision"": 0.829136690647482}",82.9%,match
deliverables/leadership_report/双光电多目标轨迹配准与交汇定位试验报告_CN.docx,7,3.3.1 单站航迹结果,,4,单站覆盖度,99.0%,research_modules/independent_experiments/dual_optical_online_benchmark/outputs/report_replay_20260819_v2/combined_summary.json,summary.32,32,"[""single_station_coverage""]","{""single_station_coverage"": 0.99}",99.0%,match
deliverables/leadership_report/双光电多目标轨迹配准与交汇定位试验报告_CN.docx,7,3.3.1 单站航迹结果,,4,重复航迹,0,research_modules/independent_experiments/dual_optical_online_benchmark/outputs/report_replay_20260819_v2/combined_summary.json,summary.32,32,"[""single_station_duplicate_track_count""]","{""single_station_duplicate_track_count"": 0}",0,match
deliverables/leadership_report/双光电多目标轨迹配准与交汇定位试验报告_CN.docx,7,3.3.1 单站航迹结果,,4,混合航迹,35,research_modules/independent_experiments/dual_optical_online_benchmark/outputs/report_replay_20260819_v2/combined_summary.json,summary.32,32,"[""single_station_mixed_track_count""]","{""single_station_mixed_track_count"": 35}",35,match
deliverables/leadership_report/双光电多目标轨迹配准与交汇定位试验报告_CN.docx,7,3.3.1 单站航迹结果,,4,缺失身份机会,2,research_modules/independent_experiments/dual_optical_online_benchmark/outputs/report_replay_20260819_v2/combined_summary.json,summary.32,32,"[""single_station_missing_identity_count""]","{""single_station_missing_identity_count"": 2}",2,match
deliverables/leadership_report/双光电多目标轨迹配准与交汇定位试验报告_CN.docx,7,3.3.1 单站航迹结果,,5,单站精度,97.0%,research_modules/independent_experiments/dual_optical_online_benchmark/outputs/report_replay_20260819_v2/combined_summary.json,summary.38,38,"[""single_station_precision""]","{""single_station_precision"": 0.969633232548968}",97.0%,match
deliverables/leadership_report/双光电多目标轨迹配准与交汇定位试验报告_CN.docx,7,3.3.1 单站航迹结果,,5,单站覆盖度,94.0%,research_modules/independent_experiments/dual_optical_online_benchmark/outputs/report_replay_20260819_v2/combined_summary.json,summary.38,38,"[""single_station_coverage""]","{""single_station_coverage"": 0.94}",94.0%,match
deliverables/leadership_report/双光电多目标轨迹配准与交汇定位试验报告_CN.docx,7,3.3.1 单站航迹结果,,5,重复航迹,0,research_modules/independent_experiments/dual_optical_online_benchmark/outputs/report_replay_20260819_v2/combined_summary.json,summary.38,38,"[""single_station_duplicate_track_count""]","{""single_station_duplicate_track_count"": 0}",0,match
deliverables/leadership_report/双光电多目标轨迹配准与交汇定位试验报告_CN.docx,7,3.3.1 单站航迹结果,,5,混合航迹,23,research_modules/independent_experiments/dual_optical_online_benchmark/outputs/report_replay_20260819_v2/combined_summary.json,summary.38,38,"[""single_station_mixed_track_count""]","{""single_station_mixed_track_count"": 23}",23,match
deliverables/leadership_report/双光电多目标轨迹配准与交汇定位试验报告_CN.docx,7,3.3.1 单站航迹结果,,5,缺失身份机会,24,research_modules/independent_experiments/dual_optical_online_benchmark/outputs/report_replay_20260819_v2/combined_summary.json,summary.38,38,"[""single_station_missing_identity_count""]","{""single_station_missing_identity_count"": 24}",24,match
deliverables/leadership_report/双光电多目标轨迹配准与交汇定位试验报告_CN.docx,7,3.3.1 单站航迹结果,,6,单站精度,95.4%,research_modules/independent_experiments/dual_optical_online_benchmark/outputs/report_replay_20260819_v2/combined_summary.json,summary.42,42,"[""single_station_precision""]","{""single_station_precision"": 0.9543557290965397}",95.4%,match
deliverables/leadership_report/双光电多目标轨迹配准与交汇定位试验报告_CN.docx,7,3.3.1 单站航迹结果,,6,单站覆盖度,95.0%,research_modules/independent_experiments/dual_optical_online_benchmark/outputs/report_replay_20260819_v2/combined_summary.json,summary.42,42,"[""single_station_coverage""]","{""single_station_coverage"": 0.95}",95.0%,match
deliverables/leadership_report/双光电多目标轨迹配准与交汇定位试验报告_CN.docx,7,3.3.1 单站航迹结果,,6,重复航迹,0,research_modules/independent_experiments/dual_optical_online_benchmark/outputs/report_replay_20260819_v2/combined_summary.json,summary.42,42,"[""single_station_duplicate_track_count""]","{""single_station_duplicate_track_count"": 0}",0,match
deliverables/leadership_report/双光电多目标轨迹配准与交汇定位试验报告_CN.docx,7,3.3.1 单站航迹结果,,6,混合航迹,28,research_modules/independent_experiments/dual_optical_online_benchmark/outputs/report_replay_20260819_v2/combined_summary.json,summary.42,42,"[""single_station_mixed_track_count""]","{""single_station_mixed_track_count"": 28}",28,match
deliverables/leadership_report/双光电多目标轨迹配准与交汇定位试验报告_CN.docx,7,3.3.1 单站航迹结果,,6,缺失身份机会,20,research_modules/independent_experiments/dual_optical_online_benchmark/outputs/report_replay_20260819_v2/combined_summary.json,summary.42,42,"[""single_station_missing_identity_count""]","{""single_station_missing_identity_count"": 20}",20,match
deliverables/leadership_report/双光电多目标轨迹配准与交汇定位试验报告_CN.docx,7,3.3.1 单站航迹结果,,7,单站精度,92.4%,research_modules/independent_experiments/dual_optical_online_benchmark/outputs/report_replay_20260819_v2/combined_summary.json,summary.44,44,"[""single_station_precision""]","{""single_station_precision"": 0.9244845008876144}",92.4%,match
deliverables/leadership_report/双光电多目标轨迹配准与交汇定位试验报告_CN.docx,7,3.3.1 单站航迹结果,,7,单站覆盖度,95.8%,research_modules/independent_experiments/dual_optical_online_benchmark/outputs/report_replay_20260819_v2/combined_summary.json,summary.44,44,"[""single_station_coverage""]","{""single_station_coverage"": 0.9575}",95.8%,match
deliverables/leadership_report/双光电多目标轨迹配准与交汇定位试验报告_CN.docx,7,3.3.1 单站航迹结果,,7,重复航迹,0,research_modules/independent_experiments/dual_optical_online_benchmark/outputs/report_replay_20260819_v2/combined_summary.json,summary.44,44,"[""single_station_duplicate_track_count""]","{""single_station_duplicate_track_count"": 0}",0,match
deliverables/leadership_report/双光电多目标轨迹配准与交汇定位试验报告_CN.docx,7,3.3.1 单站航迹结果,,7,混合航迹,34,research_modules/independent_experiments/dual_optical_online_benchmark/outputs/report_replay_20260819_v2/combined_summary.json,summary.44,44,"[""single_station_mixed_track_count""]","{""single_station_mixed_track_count"": 34}",34,match
deliverables/leadership_report/双光电多目标轨迹配准与交汇定位试验报告_CN.docx,7,3.3.1 单站航迹结果,,7,缺失身份机会,17,research_modules/independent_experiments/dual_optical_online_benchmark/outputs/report_replay_20260819_v2/combined_summary.json,summary.44,44,"[""single_station_missing_identity_count""]","{""single_station_missing_identity_count"": 17}",17,match
deliverables/leadership_report/双光电多目标轨迹配准与交汇定位试验报告_CN.docx,7,3.3.1 单站航迹结果,,8,单站精度,88.5%,research_modules/independent_experiments/dual_optical_online_benchmark/outputs/report_replay_20260819_v2/combined_summary.json,summary.40,40,"[""single_station_precision""]","{""single_station_precision"": 0.8853359628116636}",88.5%,match
deliverables/leadership_report/双光电多目标轨迹配准与交汇定位试验报告_CN.docx,7,3.3.1 单站航迹结果,,8,单站覆盖度,92.8%,research_modules/independent_experiments/dual_optical_online_benchmark/outputs/report_replay_20260819_v2/combined_summary.json,summary.40,40,"[""single_station_coverage""]","{""single_station_coverage"": 0.9275}",92.8%,match
deliverables/leadership_report/双光电多目标轨迹配准与交汇定位试验报告_CN.docx,7,3.3.1 单站航迹结果,,8,重复航迹,0,research_modules/independent_experiments/dual_optical_online_benchmark/outputs/report_replay_20260819_v2/combined_summary.json,summary.40,40,"[""single_station_duplicate_track_count""]","{""single_station_duplicate_track_count"": 0}",0,match
deliverables/leadership_report/双光电多目标轨迹配准与交汇定位试验报告_CN.docx,7,3.3.1 单站航迹结果,,8,混合航迹,50,research_modules/independent_experiments/dual_optical_online_benchmark/outputs/report_replay_20260819_v2/combined_summary.json,summary.40,40,"[""single_station_mixed_track_count""]","{""single_station_mixed_track_count"": 50}",50,match
deliverables/leadership_report/双光电多目标轨迹配准与交汇定位试验报告_CN.docx,7,3.3.1 单站航迹结果,,8,缺失身份机会,29,research_modules/independent_experiments/dual_optical_online_benchmark/outputs/report_replay_20260819_v2/combined_summary.json,summary.40,40,"[""single_station_missing_identity_count""]","{""single_station_missing_identity_count"": 29}",29,match
deliverables/leadership_report/双光电多目标轨迹配准与交汇定位试验报告_CN.docx,7,3.3.1 单站航迹结果,,9,单站精度,95.6%,research_modules/independent_experiments/dual_optical_online_benchmark/outputs/report_replay_20260819_v2/combined_summary.json,summary.46,46,"[""single_station_precision""]","{""single_station_precision"": 0.9556823168056165}",95.6%,match
deliverables/leadership_report/双光电多目标轨迹配准与交汇定位试验报告_CN.docx,7,3.3.1 单站航迹结果,,9,单站覆盖度,92.8%,research_modules/independent_experiments/dual_optical_online_benchmark/outputs/report_replay_20260819_v2/combined_summary.json,summary.46,46,"[""single_station_coverage""]","{""single_station_coverage"": 0.9283333333333333}",92.8%,match
deliverables/leadership_report/双光电多目标轨迹配准与交汇定位试验报告_CN.docx,7,3.3.1 单站航迹结果,,9,重复航迹,0,research_modules/independent_experiments/dual_optical_online_benchmark/outputs/report_replay_20260819_v2/combined_summary.json,summary.46,46,"[""single_station_duplicate_track_count""]","{""single_station_duplicate_track_count"": 0}",0,match
deliverables/leadership_report/双光电多目标轨迹配准与交汇定位试验报告_CN.docx,7,3.3.1 单站航迹结果,,9,混合航迹,48,research_modules/independent_experiments/dual_optical_online_benchmark/outputs/report_replay_20260819_v2/combined_summary.json,summary.46,46,"[""single_station_mixed_track_count""]","{""single_station_mixed_track_count"": 48}",48,match
deliverables/leadership_report/双光电多目标轨迹配准与交汇定位试验报告_CN.docx,7,3.3.1 单站航迹结果,,9,缺失身份机会,43,research_modules/independent_experiments/dual_optical_online_benchmark/outputs/report_replay_20260819_v2/combined_summary.json,summary.46,46,"[""single_station_missing_identity_count""]","{""single_station_missing_identity_count"": 43}",43,match
deliverables/leadership_report/双光电多目标轨迹配准与交汇定位试验报告_CN.docx,7,3.3.1 单站航迹结果,,10,单站精度,94.0%,research_modules/independent_experiments/dual_optical_online_benchmark/outputs/report_replay_20260819_v2/combined_summary.json,summary.50,50,"[""single_station_precision""]","{""single_station_precision"": 0.9403847890886099}",94.0%,match
deliverables/leadership_report/双光电多目标轨迹配准与交汇定位试验报告_CN.docx,7,3.3.1 单站航迹结果,,10,单站覆盖度,89.0%,research_modules/independent_experiments/dual_optical_online_benchmark/outputs/report_replay_20260819_v2/combined_summary.json,summary.50,50,"[""single_station_coverage""]","{""single_station_coverage"": 0.89}",89.0%,match
deliverables/leadership_report/双光电多目标轨迹配准与交汇定位试验报告_CN.docx,7,3.3.1 单站航迹结果,,10,重复航迹,1,research_modules/independent_experiments/dual_optical_online_benchmark/outputs/report_replay_20260819_v2/combined_summary.json,summary.50,50,"[""single_station_duplicate_track_count""]","{""single_station_duplicate_track_count"": 1}",1,match
deliverables/leadership_report/双光电多目标轨迹配准与交汇定位试验报告_CN.docx,7,3.3.1 单站航迹结果,,10,混合航迹,83,research_modules/independent_experiments/dual_optical_online_benchmark/outputs/report_replay_20260819_v2/combined_summary.json,summary.50,50,"[""single_station_mixed_track_count""]","{""single_station_mixed_track_count"": 83}",83,match
deliverables/leadership_report/双光电多目标轨迹配准与交汇定位试验报告_CN.docx,7,3.3.1 单站航迹结果,,10,缺失身份机会,66,research_modules/independent_experiments/dual_optical_online_benchmark/outputs/report_replay_20260819_v2/combined_summary.json,summary.50,50,"[""single_station_missing_identity_count""]","{""single_station_missing_identity_count"": 66}",66,match
deliverables/leadership_report/双光电多目标轨迹配准与交汇定位试验报告_CN.docx,7,3.3.1 单站航迹结果,,11,单站精度,92.3%,research_modules/independent_experiments/dual_optical_online_benchmark/outputs/report_replay_20260819_v2/combined_summary.json,summary.52,52,"[""single_station_precision""]","{""single_station_precision"": 0.9230057375532111}",92.3%,match
deliverables/leadership_report/双光电多目标轨迹配准与交汇定位试验报告_CN.docx,7,3.3.1 单站航迹结果,,11,单站覆盖度,90.5%,research_modules/independent_experiments/dual_optical_online_benchmark/outputs/report_replay_20260819_v2/combined_summary.json,summary.52,52,"[""single_station_coverage""]","{""single_station_coverage"": 0.905}",90.5%,match
deliverables/leadership_report/双光电多目标轨迹配准与交汇定位试验报告_CN.docx,7,3.3.1 单站航迹结果,,11,重复航迹,1,research_modules/independent_experiments/dual_optical_online_benchmark/outputs/report_replay_20260819_v2/combined_summary.json,summary.52,52,"[""single_station_duplicate_track_count""]","{""single_station_duplicate_track_count"": 1}",1,match
deliverables/leadership_report/双光电多目标轨迹配准与交汇定位试验报告_CN.docx,7,3.3.1 单站航迹结果,,11,混合航迹,78,research_modules/independent_experiments/dual_optical_online_benchmark/outputs/report_replay_20260819_v2/combined_summary.json,summary.52,52,"[""single_station_mixed_track_count""]","{""single_station_mixed_track_count"": 78}",78,match
deliverables/leadership_report/双光电多目标轨迹配准与交汇定位试验报告_CN.docx,7,3.3.1 单站航迹结果,,11,缺失身份机会,57,research_modules/independent_experiments/dual_optical_online_benchmark/outputs/report_replay_20260819_v2/combined_summary.json,summary.52,52,"[""single_station_missing_identity_count""]","{""single_station_missing_identity_count"": 57}",57,match
deliverables/leadership_report/双光电多目标轨迹配准与交汇定位试验报告_CN.docx,7,3.3.1 单站航迹结果,,12,单站精度,88.6%,research_modules/independent_experiments/dual_optical_online_benchmark/outputs/report_replay_20260819_v2/combined_summary.json,summary.48,48,"[""single_station_precision""]","{""single_station_precision"": 0.8859757841548289}",88.6%,match
deliverables/leadership_report/双光电多目标轨迹配准与交汇定位试验报告_CN.docx,7,3.3.1 单站航迹结果,,12,单站覆盖度,89.2%,research_modules/independent_experiments/dual_optical_online_benchmark/outputs/report_replay_20260819_v2/combined_summary.json,summary.48,48,"[""single_station_coverage""]","{""single_station_coverage"": 0.8916666666666667}",89.2%,match
deliverables/leadership_report/双光电多目标轨迹配准与交汇定位试验报告_CN.docx,7,3.3.1 单站航迹结果,,12,重复航迹,1,research_modules/independent_experiments/dual_optical_online_benchmark/outputs/report_replay_20260819_v2/combined_summary.json,summary.48,48,"[""single_station_duplicate_track_count""]","{""single_station_duplicate_track_count"": 1}",1,match
deliverables/leadership_report/双光电多目标轨迹配准与交汇定位试验报告_CN.docx,7,3.3.1 单站航迹结果,,12,混合航迹,109,research_modules/independent_experiments/dual_optical_online_benchmark/outputs/report_replay_20260819_v2/combined_summary.json,summary.48,48,"[""single_station_mixed_track_count""]","{""single_station_mixed_track_count"": 109}",109,match
deliverables/leadership_report/双光电多目标轨迹配准与交汇定位试验报告_CN.docx,7,3.3.1 单站航迹结果,,12,缺失身份机会,65,research_modules/independent_experiments/dual_optical_online_benchmark/outputs/report_replay_20260819_v2/combined_summary.json,summary.48,48,"[""single_station_missing_identity_count""]","{""single_station_missing_identity_count"": 65}",65,match
deliverables/leadership_report/双光电多目标轨迹配准与交汇定位试验报告_CN.docx,8,3.3.2 双站配准结果,,1,质量精度,99.0%,research_modules/independent_experiments/dual_optical_online_benchmark/outputs/report_replay_20260819_v2/combined_summary.json,summary.30,30,"[""offline_completed_precision""]","{""offline_completed_precision"": 0.9895833333333334}",99.0%,match
deliverables/leadership_report/双光电多目标轨迹配准与交汇定位试验报告_CN.docx,8,3.3.2 双站配准结果,,1,质量覆盖度,95.0%,research_modules/independent_experiments/dual_optical_online_benchmark/outputs/report_replay_20260819_v2/combined_summary.json,summary.30,30,"[""offline_completed_coverage""]","{""offline_completed_coverage"": 0.95}",95.0%,match
deliverables/leadership_report/双光电多目标轨迹配准与交汇定位试验报告_CN.docx,8,3.3.2 双站配准结果,,1,按时覆盖度,0.0%,research_modules/independent_experiments/dual_optical_online_benchmark/outputs/report_replay_20260819_v2/combined_summary.json,summary.30,30,"[""on_time_coverage""]","{""on_time_coverage"": 0.0}",0.0%,match
deliverables/leadership_report/双光电多目标轨迹配准与交汇定位试验报告_CN.docx,8,3.3.2 双站配准结果,,1,处理耗时P95,3446.6毫秒,research_modules/independent_experiments/dual_optical_online_benchmark/outputs/report_replay_20260819_v2/combined_summary.json,summary.30,30,"[""latency_p95_ms""]","{""latency_p95_ms"": 3446.6487579993554}",3446.6毫秒,match
deliverables/leadership_report/双光电多目标轨迹配准与交汇定位试验报告_CN.docx,8,3.3.2 双站配准结果,,1,超时数,5/5,research_modules/independent_experiments/dual_optical_online_benchmark/outputs/report_replay_20260819_v2/combined_summary.json,summary.30,30,"[""timeout_count"", ""sample_count""]","{""timeout_count"": 5, ""sample_count"": 5}",5/5,match
deliverables/leadership_report/双光电多目标轨迹配准与交汇定位试验报告_CN.docx,8,3.3.2 双站配准结果,,2,质量精度,97.8%,research_modules/independent_experiments/dual_optical_online_benchmark/outputs/report_replay_20260819_v2/combined_summary.json,summary.31,31,"[""offline_completed_precision""]","{""offline_completed_precision"": 0.978021978021978}",97.8%,match
deliverables/leadership_report/双光电多目标轨迹配准与交汇定位试验报告_CN.docx,8,3.3.2 双站配准结果,,2,质量覆盖度,89.0%,research_modules/independent_experiments/dual_optical_online_benchmark/outputs/report_replay_20260819_v2/combined_summary.json,summary.31,31,"[""offline_completed_coverage""]","{""offline_completed_coverage"": 0.89}",89.0%,match
deliverables/leadership_report/双光电多目标轨迹配准与交汇定位试验报告_CN.docx,8,3.3.2 双站配准结果,,2,按时覆盖度,89.0%,research_modules/independent_experiments/dual_optical_online_benchmark/outputs/report_replay_20260819_v2/combined_summary.json,summary.31,31,"[""on_time_coverage""]","{""on_time_coverage"": 0.89}",89.0%,match
deliverables/leadership_report/双光电多目标轨迹配准与交汇定位试验报告_CN.docx,8,3.3.2 双站配准结果,,2,处理耗时P95,136.2毫秒,research_modules/independent_experiments/dual_optical_online_benchmark/outputs/report_replay_20260819_v2/combined_summary.json,summary.31,31,"[""latency_p95_ms""]","{""latency_p95_ms"": 136.21047599735903}",136.2毫秒,match
deliverables/leadership_report/双光电多目标轨迹配准与交汇定位试验报告_CN.docx,8,3.3.2 双站配准结果,,2,超时数,0/5,research_modules/independent_experiments/dual_optical_online_benchmark/outputs/report_replay_20260819_v2/combined_summary.json,summary.31,31,"[""timeout_count"", ""sample_count""]","{""timeout_count"": 0, ""sample_count"": 5}",0/5,match
deliverables/leadership_report/双光电多目标轨迹配准与交汇定位试验报告_CN.docx,8,3.3.2 双站配准结果,,3,质量精度,96.9%,research_modules/independent_experiments/dual_optical_online_benchmark/outputs/report_replay_20260819_v2/combined_summary.json,summary.34,34,"[""offline_completed_precision""]","{""offline_completed_precision"": 0.9693877551020408}",96.9%,match
deliverables/leadership_report/双光电多目标轨迹配准与交汇定位试验报告_CN.docx,8,3.3.2 双站配准结果,,3,质量覆盖度,95.0%,research_modules/independent_experiments/dual_optical_online_benchmark/outputs/report_replay_20260819_v2/combined_summary.json,summary.34,34,"[""offline_completed_coverage""]","{""offline_completed_coverage"": 0.95}",95.0%,match
deliverables/leadership_report/双光电多目标轨迹配准与交汇定位试验报告_CN.docx,8,3.3.2 双站配准结果,,3,按时覆盖度,0.0%,research_modules/independent_experiments/dual_optical_online_benchmark/outputs/report_replay_20260819_v2/combined_summary.json,summary.34,34,"[""on_time_coverage""]","{""on_time_coverage"": 0.0}",0.0%,match
deliverables/leadership_report/双光电多目标轨迹配准与交汇定位试验报告_CN.docx,8,3.3.2 双站配准结果,,3,处理耗时P95,3248.3毫秒,research_modules/independent_experiments/dual_optical_online_benchmark/outputs/report_replay_20260819_v2/combined_summary.json,summary.34,34,"[""latency_p95_ms""]","{""latency_p95_ms"": 3248.3151399974304}",3248.3毫秒,match
deliverables/leadership_report/双光电多目标轨迹配准与交汇定位试验报告_CN.docx,8,3.3.2 双站配准结果,,3,超时数,5/5,research_modules/independent_experiments/dual_optical_online_benchmark/outputs/report_replay_20260819_v2/combined_summary.json,summary.34,34,"[""timeout_count"", ""sample_count""]","{""timeout_count"": 5, ""sample_count"": 5}",5/5,match
deliverables/leadership_report/双光电多目标轨迹配准与交汇定位试验报告_CN.docx,8,3.3.2 双站配准结果,,4,质量精度,83.9%,research_modules/independent_experiments/dual_optical_online_benchmark/outputs/report_replay_20260819_v2/combined_summary.json,summary.35,35,"[""offline_completed_precision""]","{""offline_completed_precision"": 0.8390804597701149}",83.9%,match
deliverables/leadership_report/双光电多目标轨迹配准与交汇定位试验报告_CN.docx,8,3.3.2 双站配准结果,,4,质量覆盖度,73.0%,research_modules/independent_experiments/dual_optical_online_benchmark/outputs/report_replay_20260819_v2/combined_summary.json,summary.35,35,"[""offline_completed_coverage""]","{""offline_completed_coverage"": 0.73}",73.0%,match
deliverables/leadership_report/双光电多目标轨迹配准与交汇定位试验报告_CN.docx,8,3.3.2 双站配准结果,,4,按时覆盖度,73.0%,research_modules/independent_experiments/dual_optical_online_benchmark/outputs/report_replay_20260819_v2/combined_summary.json,summary.35,35,"[""on_time_coverage""]","{""on_time_coverage"": 0.73}",73.0%,match
deliverables/leadership_report/双光电多目标轨迹配准与交汇定位试验报告_CN.docx,8,3.3.2 双站配准结果,,4,处理耗时P95,96.9毫秒,research_modules/independent_experiments/dual_optical_online_benchmark/outputs/report_replay_20260819_v2/combined_summary.json,summary.35,35,"[""latency_p95_ms""]","{""latency_p95_ms"": 96.8999270007771}",96.9毫秒,match
deliverables/leadership_report/双光电多目标轨迹配准与交汇定位试验报告_CN.docx,8,3.3.2 双站配准结果,,4,超时数,0/5,research_modules/independent_experiments/dual_optical_online_benchmark/outputs/report_replay_20260819_v2/combined_summary.json,summary.35,35,"[""timeout_count"", ""sample_count""]","{""timeout_count"": 0, ""sample_count"": 5}",0/5,match
deliverables/leadership_report/双光电多目标轨迹配准与交汇定位试验报告_CN.docx,8,3.3.2 双站配准结果,,5,质量精度,94.8%,research_modules/independent_experiments/dual_optical_online_benchmark/outputs/report_replay_20260819_v2/combined_summary.json,summary.36,36,"[""offline_completed_precision""]","{""offline_completed_precision"": 0.9479166666666666}",94.8%,match
deliverables/leadership_report/双光电多目标轨迹配准与交汇定位试验报告_CN.docx,8,3.3.2 双站配准结果,,5,质量覆盖度,91.0%,research_modules/independent_experiments/dual_optical_online_benchmark/outputs/report_replay_20260819_v2/combined_summary.json,summary.36,36,"[""offline_completed_coverage""]","{""offline_completed_coverage"": 0.91}",91.0%,match
deliverables/leadership_report/双光电多目标轨迹配准与交汇定位试验报告_CN.docx,8,3.3.2 双站配准结果,,5,按时覆盖度,0.0%,research_modules/independent_experiments/dual_optical_online_benchmark/outputs/report_replay_20260819_v2/combined_summary.json,summary.36,36,"[""on_time_coverage""]","{""on_time_coverage"": 0.0}",0.0%,match
deliverables/leadership_report/双光电多目标轨迹配准与交汇定位试验报告_CN.docx,8,3.3.2 双站配准结果,,5,处理耗时P95,2930.1毫秒,research_modules/independent_experiments/dual_optical_online_benchmark/outputs/report_replay_20260819_v2/combined_summary.json,summary.36,36,"[""latency_p95_ms""]","{""latency_p95_ms"": 2930.0849190003646}",2930.1毫秒,match
deliverables/leadership_report/双光电多目标轨迹配准与交汇定位试验报告_CN.docx,8,3.3.2 双站配准结果,,5,超时数,5/5,research_modules/independent_experiments/dual_optical_online_benchmark/outputs/report_replay_20260819_v2/combined_summary.json,summary.36,36,"[""timeout_count"", ""sample_count""]","{""timeout_count"": 5, ""sample_count"": 5}",5/5,match
deliverables/leadership_report/双光电多目标轨迹配准与交汇定位试验报告_CN.docx,8,3.3.2 双站配准结果,,6,质量精度,84.7%,research_modules/independent_experiments/dual_optical_online_benchmark/outputs/report_replay_20260819_v2/combined_summary.json,summary.37,37,"[""offline_completed_precision""]","{""offline_completed_precision"": 0.8472222222222222}",84.7%,match
deliverables/leadership_report/双光电多目标轨迹配准与交汇定位试验报告_CN.docx,8,3.3.2 双站配准结果,,6,质量覆盖度,61.0%,research_modules/independent_experiments/dual_optical_online_benchmark/outputs/report_replay_20260819_v2/combined_summary.json,summary.37,37,"[""offline_completed_coverage""]","{""offline_completed_coverage"": 0.61}",61.0%,match
deliverables/leadership_report/双光电多目标轨迹配准与交汇定位试验报告_CN.docx,8,3.3.2 双站配准结果,,6,按时覆盖度,61.0%,research_modules/independent_experiments/dual_optical_online_benchmark/outputs/report_replay_20260819_v2/combined_summary.json,summary.37,37,"[""on_time_coverage""]","{""on_time_coverage"": 0.61}",61.0%,match
deliverables/leadership_report/双光电多目标轨迹配准与交汇定位试验报告_CN.docx,8,3.3.2 双站配准结果,,6,处理耗时P95,105.3毫秒,research_modules/independent_experiments/dual_optical_online_benchmark/outputs/report_replay_20260819_v2/combined_summary.json,summary.37,37,"[""latency_p95_ms""]","{""latency_p95_ms"": 105.34701600045082}",105.3毫秒,match
deliverables/leadership_report/双光电多目标轨迹配准与交汇定位试验报告_CN.docx,8,3.3.2 双站配准结果,,6,超时数,0/5,research_modules/independent_experiments/dual_optical_online_benchmark/outputs/report_replay_20260819_v2/combined_summary.json,summary.37,37,"[""timeout_count"", ""sample_count""]","{""timeout_count"": 0, ""sample_count"": 5}",0/5,match
deliverables/leadership_report/双光电多目标轨迹配准与交汇定位试验报告_CN.docx,8,3.3.2 双站配准结果,,7,质量精度,96.6%,research_modules/independent_experiments/dual_optical_online_benchmark/outputs/report_replay_20260819_v2/combined_summary.json,summary.32,32,"[""offline_completed_precision""]","{""offline_completed_precision"": 0.9655172413793104}",96.6%,match
deliverables/leadership_report/双光电多目标轨迹配准与交汇定位试验报告_CN.docx,8,3.3.2 双站配准结果,,7,质量覆盖度,84.0%,research_modules/independent_experiments/dual_optical_online_benchmark/outputs/report_replay_20260819_v2/combined_summary.json,summary.32,32,"[""offline_completed_coverage""]","{""offline_completed_coverage"": 0.84}",84.0%,match
deliverables/leadership_report/双光电多目标轨迹配准与交汇定位试验报告_CN.docx,8,3.3.2 双站配准结果,,7,按时覆盖度,0.0%,research_modules/independent_experiments/dual_optical_online_benchmark/outputs/report_replay_20260819_v2/combined_summary.json,summary.32,32,"[""on_time_coverage""]","{""on_time_coverage"": 0.0}",0.0%,match
deliverables/leadership_report/双光电多目标轨迹配准与交汇定位试验报告_CN.docx,8,3.3.2 双站配准结果,,7,处理耗时P95,3336.2毫秒,research_modules/independent_experiments/dual_optical_online_benchmark/outputs/report_replay_20260819_v2/combined_summary.json,summary.32,32,"[""latency_p95_ms""]","{""latency_p95_ms"": 3336.247540999466}",3336.2毫秒,match
deliverables/leadership_report/双光电多目标轨迹配准与交汇定位试验报告_CN.docx,8,3.3.2 双站配准结果,,7,超时数,5/5,research_modules/independent_experiments/dual_optical_online_benchmark/outputs/report_replay_20260819_v2/combined_summary.json,summary.32,32,"[""timeout_count"", ""sample_count""]","{""timeout_count"": 5, ""sample_count"": 5}",5/5,match
deliverables/leadership_report/双光电多目标轨迹配准与交汇定位试验报告_CN.docx,8,3.3.2 双站配准结果,,8,质量精度,76.5%,research_modules/independent_experiments/dual_optical_online_benchmark/outputs/report_replay_20260819_v2/combined_summary.json,summary.33,33,"[""offline_completed_precision""]","{""offline_completed_precision"": 0.7654320987654321}",76.5%,match
deliverables/leadership_report/双光电多目标轨迹配准与交汇定位试验报告_CN.docx,8,3.3.2 双站配准结果,,8,质量覆盖度,62.0%,research_modules/independent_experiments/dual_optical_online_benchmark/outputs/report_replay_20260819_v2/combined_summary.json,summary.33,33,"[""offline_completed_coverage""]","{""offline_completed_coverage"": 0.62}",62.0%,match
deliverables/leadership_report/双光电多目标轨迹配准与交汇定位试验报告_CN.docx,8,3.3.2 双站配准结果,,8,按时覆盖度,62.0%,research_modules/independent_experiments/dual_optical_online_benchmark/outputs/report_replay_20260819_v2/combined_summary.json,summary.33,33,"[""on_time_coverage""]","{""on_time_coverage"": 0.62}",62.0%,match
deliverables/leadership_report/双光电多目标轨迹配准与交汇定位试验报告_CN.docx,8,3.3.2 双站配准结果,,8,处理耗时P95,122.3毫秒,research_modules/independent_experiments/dual_optical_online_benchmark/outputs/report_replay_20260819_v2/combined_summary.json,summary.33,33,"[""latency_p95_ms""]","{""latency_p95_ms"": 122.25543100066716}",122.3毫秒,match
deliverables/leadership_report/双光电多目标轨迹配准与交汇定位试验报告_CN.docx,8,3.3.2 双站配准结果,,8,超时数,0/5,research_modules/independent_experiments/dual_optical_online_benchmark/outputs/report_replay_20260819_v2/combined_summary.json,summary.33,33,"[""timeout_count"", ""sample_count""]","{""timeout_count"": 0, ""sample_count"": 5}",0/5,match
deliverables/leadership_report/双光电多目标轨迹配准与交汇定位试验报告_CN.docx,8,3.3.2 双站配准结果,,9,质量精度,80.9%,research_modules/independent_experiments/dual_optical_online_benchmark/outputs/report_replay_20260819_v2/combined_summary.json,summary.38,38,"[""offline_completed_precision""]","{""offline_completed_precision"": 0.8087431693989071}",80.9%,match
deliverables/leadership_report/双光电多目标轨迹配准与交汇定位试验报告_CN.docx,8,3.3.2 双站配准结果,,9,质量覆盖度,74.0%,research_modules/independent_experiments/dual_optical_online_benchmark/outputs/report_replay_20260819_v2/combined_summary.json,summary.38,38,"[""offline_completed_coverage""]","{""offline_completed_coverage"": 0.74}",74.0%,match
deliverables/leadership_report/双光电多目标轨迹配准与交汇定位试验报告_CN.docx,8,3.3.2 双站配准结果,,9,按时覆盖度,0.0%,research_modules/independent_experiments/dual_optical_online_benchmark/outputs/report_replay_20260819_v2/combined_summary.json,summary.38,38,"[""on_time_coverage""]","{""on_time_coverage"": 0.0}",0.0%,match
deliverables/leadership_report/双光电多目标轨迹配准与交汇定位试验报告_CN.docx,8,3.3.2 双站配准结果,,9,处理耗时P95,8825.8毫秒,research_modules/independent_experiments/dual_optical_online_benchmark/outputs/report_replay_20260819_v2/combined_summary.json,summary.38,38,"[""latency_p95_ms""]","{""latency_p95_ms"": 8825.816997999937}",8825.8毫秒,match
deliverables/leadership_report/双光电多目标轨迹配准与交汇定位试验报告_CN.docx,8,3.3.2 双站配准结果,,9,超时数,5/5,research_modules/independent_experiments/dual_optical_online_benchmark/outputs/report_replay_20260819_v2/combined_summary.json,summary.38,38,"[""timeout_count"", ""sample_count""]","{""timeout_count"": 5, ""sample_count"": 5}",5/5,match
deliverables/leadership_report/双光电多目标轨迹配准与交汇定位试验报告_CN.docx,8,3.3.2 双站配准结果,,10,质量精度,84.6%,research_modules/independent_experiments/dual_optical_online_benchmark/outputs/report_replay_20260819_v2/combined_summary.json,summary.39,39,"[""offline_completed_precision""]","{""offline_completed_precision"": 0.8461538461538461}",84.6%,match
deliverables/leadership_report/双光电多目标轨迹配准与交汇定位试验报告_CN.docx,8,3.3.2 双站配准结果,,10,质量覆盖度,77.0%,research_modules/independent_experiments/dual_optical_online_benchmark/outputs/report_replay_20260819_v2/combined_summary.json,summary.39,39,"[""offline_completed_coverage""]","{""offline_completed_coverage"": 0.77}",77.0%,match
deliverables/leadership_report/双光电多目标轨迹配准与交汇定位试验报告_CN.docx,8,3.3.2 双站配准结果,,10,按时覆盖度,77.0%,research_modules/independent_experiments/dual_optical_online_benchmark/outputs/report_replay_20260819_v2/combined_summary.json,summary.39,39,"[""on_time_coverage""]","{""on_time_coverage"": 0.77}",77.0%,match
deliverables/leadership_report/双光电多目标轨迹配准与交汇定位试验报告_CN.docx,8,3.3.2 双站配准结果,,10,处理耗时P95,241.9毫秒,research_modules/independent_experiments/dual_optical_online_benchmark/outputs/report_replay_20260819_v2/combined_summary.json,summary.39,39,"[""latency_p95_ms""]","{""latency_p95_ms"": 241.85962000046857}",241.9毫秒,match
deliverables/leadership_report/双光电多目标轨迹配准与交汇定位试验报告_CN.docx,8,3.3.2 双站配准结果,,10,超时数,0/5,research_modules/independent_experiments/dual_optical_online_benchmark/outputs/report_replay_20260819_v2/combined_summary.json,summary.39,39,"[""timeout_count"", ""sample_count""]","{""timeout_count"": 0, ""sample_count"": 5}",0/5,match
deliverables/leadership_report/双光电多目标轨迹配准与交汇定位试验报告_CN.docx,8,3.3.2 双站配准结果,,11,质量精度,81.4%,research_modules/independent_experiments/dual_optical_online_benchmark/outputs/report_replay_20260819_v2/combined_summary.json,summary.42,42,"[""offline_completed_precision""]","{""offline_completed_precision"": 0.813953488372093}",81.4%,match
deliverables/leadership_report/双光电多目标轨迹配准与交汇定位试验报告_CN.docx,8,3.3.2 双站配准结果,,11,质量覆盖度,70.0%,research_modules/independent_experiments/dual_optical_online_benchmark/outputs/report_replay_20260819_v2/combined_summary.json,summary.42,42,"[""offline_completed_coverage""]","{""offline_completed_coverage"": 0.7}",70.0%,match
deliverables/leadership_report/双光电多目标轨迹配准与交汇定位试验报告_CN.docx,8,3.3.2 双站配准结果,,11,按时覆盖度,0.0%,research_modules/independent_experiments/dual_optical_online_benchmark/outputs/report_replay_20260819_v2/combined_summary.json,summary.42,42,"[""on_time_coverage""]","{""on_time_coverage"": 0.0}",0.0%,match
deliverables/leadership_report/双光电多目标轨迹配准与交汇定位试验报告_CN.docx,8,3.3.2 双站配准结果,,11,处理耗时P95,8135.0毫秒,research_modules/independent_experiments/dual_optical_online_benchmark/outputs/report_replay_20260819_v2/combined_summary.json,summary.42,42,"[""latency_p95_ms""]","{""latency_p95_ms"": 8135.018979999586}",8135.0毫秒,match
deliverables/leadership_report/双光电多目标轨迹配准与交汇定位试验报告_CN.docx,8,3.3.2 双站配准结果,,11,超时数,5/5,research_modules/independent_experiments/dual_optical_online_benchmark/outputs/report_replay_20260819_v2/combined_summary.json,summary.42,42,"[""timeout_count"", ""sample_count""]","{""timeout_count"": 5, ""sample_count"": 5}",5/5,match
deliverables/leadership_report/双光电多目标轨迹配准与交汇定位试验报告_CN.docx,8,3.3.2 双站配准结果,,12,质量精度,85.5%,research_modules/independent_experiments/dual_optical_online_benchmark/outputs/report_replay_20260819_v2/combined_summary.json,summary.43,43,"[""offline_completed_precision""]","{""offline_completed_precision"": 0.8553459119496856}",85.5%,match
deliverables/leadership_report/双光电多目标轨迹配准与交汇定位试验报告_CN.docx,8,3.3.2 双站配准结果,,12,质量覆盖度,68.0%,research_modules/independent_experiments/dual_optical_online_benchmark/outputs/report_replay_20260819_v2/combined_summary.json,summary.43,43,"[""offline_completed_coverage""]","{""offline_completed_coverage"": 0.68}",68.0%,match
deliverables/leadership_report/双光电多目标轨迹配准与交汇定位试验报告_CN.docx,8,3.3.2 双站配准结果,,12,按时覆盖度,68.0%,research_modules/independent_experiments/dual_optical_online_benchmark/outputs/report_replay_20260819_v2/combined_summary.json,summary.43,43,"[""on_time_coverage""]","{""on_time_coverage"": 0.68}",68.0%,match
deliverables/leadership_report/双光电多目标轨迹配准与交汇定位试验报告_CN.docx,8,3.3.2 双站配准结果,,12,处理耗时P95,253.4毫秒,research_modules/independent_experiments/dual_optical_online_benchmark/outputs/report_replay_20260819_v2/combined_summary.json,summary.43,43,"[""latency_p95_ms""]","{""latency_p95_ms"": 253.35705100224004}",253.4毫秒,match
deliverables/leadership_report/双光电多目标轨迹配准与交汇定位试验报告_CN.docx,8,3.3.2 双站配准结果,,12,超时数,0/5,research_modules/independent_experiments/dual_optical_online_benchmark/outputs/report_replay_20260819_v2/combined_summary.json,summary.43,43,"[""timeout_count"", ""sample_count""]","{""timeout_count"": 0, ""sample_count"": 5}",0/5,match
deliverables/leadership_report/双光电多目标轨迹配准与交汇定位试验报告_CN.docx,8,3.3.2 双站配准结果,,13,质量精度,82.8%,research_modules/independent_experiments/dual_optical_online_benchmark/outputs/report_replay_20260819_v2/combined_summary.json,summary.44,44,"[""offline_completed_precision""]","{""offline_completed_precision"": 0.8282208588957055}",82.8%,match
deliverables/leadership_report/双光电多目标轨迹配准与交汇定位试验报告_CN.docx,8,3.3.2 双站配准结果,,13,质量覆盖度,67.5%,research_modules/independent_experiments/dual_optical_online_benchmark/outputs/report_replay_20260819_v2/combined_summary.json,summary.44,44,"[""offline_completed_coverage""]","{""offline_completed_coverage"": 0.675}",67.5%,match
deliverables/leadership_report/双光电多目标轨迹配准与交汇定位试验报告_CN.docx,8,3.3.2 双站配准结果,,13,按时覆盖度,0.0%,research_modules/independent_experiments/dual_optical_online_benchmark/outputs/report_replay_20260819_v2/combined_summary.json,summary.44,44,"[""on_time_coverage""]","{""on_time_coverage"": 0.0}",0.0%,match
deliverables/leadership_report/双光电多目标轨迹配准与交汇定位试验报告_CN.docx,8,3.3.2 双站配准结果,,13,处理耗时P95,8477.2毫秒,research_modules/independent_experiments/dual_optical_online_benchmark/outputs/report_replay_20260819_v2/combined_summary.json,summary.44,44,"[""latency_p95_ms""]","{""latency_p95_ms"": 8477.237316001265}",8477.2毫秒,match
deliverables/leadership_report/双光电多目标轨迹配准与交汇定位试验报告_CN.docx,8,3.3.2 双站配准结果,,13,超时数,5/5,research_modules/independent_experiments/dual_optical_online_benchmark/outputs/report_replay_20260819_v2/combined_summary.json,summary.44,44,"[""timeout_count"", ""sample_count""]","{""timeout_count"": 5, ""sample_count"": 5}",5/5,match
deliverables/leadership_report/双光电多目标轨迹配准与交汇定位试验报告_CN.docx,8,3.3.2 双站配准结果,,14,质量精度,79.6%,research_modules/independent_experiments/dual_optical_online_benchmark/outputs/report_replay_20260819_v2/combined_summary.json,summary.45,45,"[""offline_completed_precision""]","{""offline_completed_precision"": 0.7962962962962963}",79.6%,match
deliverables/leadership_report/双光电多目标轨迹配准与交汇定位试验报告_CN.docx,8,3.3.2 双站配准结果,,14,质量覆盖度,64.5%,research_modules/independent_experiments/dual_optical_online_benchmark/outputs/report_replay_20260819_v2/combined_summary.json,summary.45,45,"[""offline_completed_coverage""]","{""offline_completed_coverage"": 0.645}",64.5%,match
deliverables/leadership_report/双光电多目标轨迹配准与交汇定位试验报告_CN.docx,8,3.3.2 双站配准结果,,14,按时覆盖度,64.5%,research_modules/independent_experiments/dual_optical_online_benchmark/outputs/report_replay_20260819_v2/combined_summary.json,summary.45,45,"[""on_time_coverage""]","{""on_time_coverage"": 0.645}",64.5%,match
deliverables/leadership_report/双光电多目标轨迹配准与交汇定位试验报告_CN.docx,8,3.3.2 双站配准结果,,14,处理耗时P95,257.9毫秒,research_modules/independent_experiments/dual_optical_online_benchmark/outputs/report_replay_20260819_v2/combined_summary.json,summary.45,45,"[""latency_p95_ms""]","{""latency_p95_ms"": 257.89206999979797}",257.9毫秒,match
deliverables/leadership_report/双光电多目标轨迹配准与交汇定位试验报告_CN.docx,8,3.3.2 双站配准结果,,14,超时数,0/5,research_modules/independent_experiments/dual_optical_online_benchmark/outputs/report_replay_20260819_v2/combined_summary.json,summary.45,45,"[""timeout_count"", ""sample_count""]","{""timeout_count"": 0, ""sample_count"": 5}",0/5,match
deliverables/leadership_report/双光电多目标轨迹配准与交汇定位试验报告_CN.docx,8,3.3.2 双站配准结果,,15,质量精度,76.2%,research_modules/independent_experiments/dual_optical_online_benchmark/outputs/report_replay_20260819_v2/combined_summary.json,summary.40,40,"[""offline_completed_precision""]","{""offline_completed_precision"": 0.7625}",76.2%,match
deliverables/leadership_report/双光电多目标轨迹配准与交汇定位试验报告_CN.docx,8,3.3.2 双站配准结果,,15,质量覆盖度,61.0%,research_modules/independent_experiments/dual_optical_online_benchmark/outputs/report_replay_20260819_v2/combined_summary.json,summary.40,40,"[""offline_completed_coverage""]","{""offline_completed_coverage"": 0.61}",61.0%,match
deliverables/leadership_report/双光电多目标轨迹配准与交汇定位试验报告_CN.docx,8,3.3.2 双站配准结果,,15,按时覆盖度,0.0%,research_modules/independent_experiments/dual_optical_online_benchmark/outputs/report_replay_20260819_v2/combined_summary.json,summary.40,40,"[""on_time_coverage""]","{""on_time_coverage"": 0.0}",0.0%,match
deliverables/leadership_report/双光电多目标轨迹配准与交汇定位试验报告_CN.docx,8,3.3.2 双站配准结果,,15,处理耗时P95,7619.8毫秒,research_modules/independent_experiments/dual_optical_online_benchmark/outputs/report_replay_20260819_v2/combined_summary.json,summary.40,40,"[""latency_p95_ms""]","{""latency_p95_ms"": 7619.758379001723}",7619.8毫秒,match
deliverables/leadership_report/双光电多目标轨迹配准与交汇定位试验报告_CN.docx,8,3.3.2 双站配准结果,,15,超时数,5/5,research_modules/independent_experiments/dual_optical_online_benchmark/outputs/report_replay_20260819_v2/combined_summary.json,summary.40,40,"[""timeout_count"", ""sample_count""]","{""timeout_count"": 5, ""sample_count"": 5}",5/5,match
deliverables/leadership_report/双光电多目标轨迹配准与交汇定位试验报告_CN.docx,8,3.3.2 双站配准结果,,16,质量精度,72.0%,research_modules/independent_experiments/dual_optical_online_benchmark/outputs/report_replay_20260819_v2/combined_summary.json,summary.41,41,"[""offline_completed_precision""]","{""offline_completed_precision"": 0.72}",72.0%,match
deliverables/leadership_report/双光电多目标轨迹配准与交汇定位试验报告_CN.docx,8,3.3.2 双站配准结果,,16,质量覆盖度,54.0%,research_modules/independent_experiments/dual_optical_online_benchmark/outputs/report_replay_20260819_v2/combined_summary.json,summary.41,41,"[""offline_completed_coverage""]","{""offline_completed_coverage"": 0.54}",54.0%,match
deliverables/leadership_report/双光电多目标轨迹配准与交汇定位试验报告_CN.docx,8,3.3.2 双站配准结果,,16,按时覆盖度,54.0%,research_modules/independent_experiments/dual_optical_online_benchmark/outputs/report_replay_20260819_v2/combined_summary.json,summary.41,41,"[""on_time_coverage""]","{""on_time_coverage"": 0.54}",54.0%,match
deliverables/leadership_report/双光电多目标轨迹配准与交汇定位试验报告_CN.docx,8,3.3.2 双站配准结果,,16,处理耗时P95,269.5毫秒,research_modules/independent_experiments/dual_optical_online_benchmark/outputs/report_replay_20260819_v2/combined_summary.json,summary.41,41,"[""latency_p95_ms""]","{""latency_p95_ms"": 269.47944299899973}",269.5毫秒,match
deliverables/leadership_report/双光电多目标轨迹配准与交汇定位试验报告_CN.docx,8,3.3.2 双站配准结果,,16,超时数,0/5,research_modules/independent_experiments/dual_optical_online_benchmark/outputs/report_replay_20260819_v2/combined_summary.json,summary.41,41,"[""timeout_count"", ""sample_count""]","{""timeout_count"": 0, ""sample_count"": 5}",0/5,match
deliverables/leadership_report/双光电多目标轨迹配准与交汇定位试验报告_CN.docx,8,3.3.2 双站配准结果,,17,质量精度,82.7%,research_modules/independent_experiments/dual_optical_online_benchmark/outputs/report_replay_20260819_v2/combined_summary.json,summary.46,46,"[""offline_completed_precision""]","{""offline_completed_precision"": 0.8270676691729323}",82.7%,match
deliverables/leadership_report/双光电多目标轨迹配准与交汇定位试验报告_CN.docx,8,3.3.2 双站配准结果,,17,质量覆盖度,73.3%,research_modules/independent_experiments/dual_optical_online_benchmark/outputs/report_replay_20260819_v2/combined_summary.json,summary.46,46,"[""offline_completed_coverage""]","{""offline_completed_coverage"": 0.7333333333333333}",73.3%,match
deliverables/leadership_report/双光电多目标轨迹配准与交汇定位试验报告_CN.docx,8,3.3.2 双站配准结果,,17,按时覆盖度,0.0%,research_modules/independent_experiments/dual_optical_online_benchmark/outputs/report_replay_20260819_v2/combined_summary.json,summary.46,46,"[""on_time_coverage""]","{""on_time_coverage"": 0.0}",0.0%,match
deliverables/leadership_report/双光电多目标轨迹配准与交汇定位试验报告_CN.docx,8,3.3.2 双站配准结果,,17,处理耗时P95,15358.4毫秒,research_modules/independent_experiments/dual_optical_online_benchmark/outputs/report_replay_20260819_v2/combined_summary.json,summary.46,46,"[""latency_p95_ms""]","{""latency_p95_ms"": 15358.416416002001}",15358.4毫秒,match
deliverables/leadership_report/双光电多目标轨迹配准与交汇定位试验报告_CN.docx,8,3.3.2 双站配准结果,,17,超时数,5/5,research_modules/independent_experiments/dual_optical_online_benchmark/outputs/report_replay_20260819_v2/combined_summary.json,summary.46,46,"[""timeout_count"", ""sample_count""]","{""timeout_count"": 5, ""sample_count"": 5}",5/5,match
deliverables/leadership_report/双光电多目标轨迹配准与交汇定位试验报告_CN.docx,8,3.3.2 双站配准结果,,18,质量精度,85.6%,research_modules/independent_experiments/dual_optical_online_benchmark/outputs/report_replay_20260819_v2/combined_summary.json,summary.47,47,"[""offline_completed_precision""]","{""offline_completed_precision"": 0.8556338028169014}",85.6%,match
deliverables/leadership_report/双光电多目标轨迹配准与交汇定位试验报告_CN.docx,8,3.3.2 双站配准结果,,18,质量覆盖度,81.0%,research_modules/independent_experiments/dual_optical_online_benchmark/outputs/report_replay_20260819_v2/combined_summary.json,summary.47,47,"[""offline_completed_coverage""]","{""offline_completed_coverage"": 0.81}",81.0%,match
deliverables/leadership_report/双光电多目标轨迹配准与交汇定位试验报告_CN.docx,8,3.3.2 双站配准结果,,18,按时覆盖度,81.0%,research_modules/independent_experiments/dual_optical_online_benchmark/outputs/report_replay_20260819_v2/combined_summary.json,summary.47,47,"[""on_time_coverage""]","{""on_time_coverage"": 0.81}",81.0%,match
deliverables/leadership_report/双光电多目标轨迹配准与交汇定位试验报告_CN.docx,8,3.3.2 双站配准结果,,18,处理耗时P95,468.7毫秒,research_modules/independent_experiments/dual_optical_online_benchmark/outputs/report_replay_20260819_v2/combined_summary.json,summary.47,47,"[""latency_p95_ms""]","{""latency_p95_ms"": 468.6792749998858}",468.7毫秒,match
deliverables/leadership_report/双光电多目标轨迹配准与交汇定位试验报告_CN.docx,8,3.3.2 双站配准结果,,18,超时数,0/5,research_modules/independent_experiments/dual_optical_online_benchmark/outputs/report_replay_20260819_v2/combined_summary.json,summary.47,47,"[""timeout_count"", ""sample_count""]","{""timeout_count"": 0, ""sample_count"": 5}",0/5,match
deliverables/leadership_report/双光电多目标轨迹配准与交汇定位试验报告_CN.docx,8,3.3.2 双站配准结果,,19,质量精度,80.2%,research_modules/independent_experiments/dual_optical_online_benchmark/outputs/report_replay_20260819_v2/combined_summary.json,summary.50,50,"[""offline_completed_precision""]","{""offline_completed_precision"": 0.8016877637130801}",80.2%,match
deliverables/leadership_report/双光电多目标轨迹配准与交汇定位试验报告_CN.docx,8,3.3.2 双站配准结果,,19,质量覆盖度,63.3%,research_modules/independent_experiments/dual_optical_online_benchmark/outputs/report_replay_20260819_v2/combined_summary.json,summary.50,50,"[""offline_completed_coverage""]","{""offline_completed_coverage"": 0.6333333333333333}",63.3%,match
deliverables/leadership_report/双光电多目标轨迹配准与交汇定位试验报告_CN.docx,8,3.3.2 双站配准结果,,19,按时覆盖度,0.0%,research_modules/independent_experiments/dual_optical_online_benchmark/outputs/report_replay_20260819_v2/combined_summary.json,summary.50,50,"[""on_time_coverage""]","{""on_time_coverage"": 0.0}",0.0%,match
deliverables/leadership_report/双光电多目标轨迹配准与交汇定位试验报告_CN.docx,8,3.3.2 双站配准结果,,19,处理耗时P95,14684.6毫秒,research_modules/independent_experiments/dual_optical_online_benchmark/outputs/report_replay_20260819_v2/combined_summary.json,summary.50,50,"[""latency_p95_ms""]","{""latency_p95_ms"": 14684.631472999172}",14684.6毫秒,match
deliverables/leadership_report/双光电多目标轨迹配准与交汇定位试验报告_CN.docx,8,3.3.2 双站配准结果,,19,超时数,5/5,research_modules/independent_experiments/dual_optical_online_benchmark/outputs/report_replay_20260819_v2/combined_summary.json,summary.50,50,"[""timeout_count"", ""sample_count""]","{""timeout_count"": 5, ""sample_count"": 5}",5/5,match
deliverables/leadership_report/双光电多目标轨迹配准与交汇定位试验报告_CN.docx,8,3.3.2 双站配准结果,,20,质量精度,81.9%,research_modules/independent_experiments/dual_optical_online_benchmark/outputs/report_replay_20260819_v2/combined_summary.json,summary.51,51,"[""offline_completed_precision""]","{""offline_completed_precision"": 0.8192307692307692}",81.9%,match
deliverables/leadership_report/双光电多目标轨迹配准与交汇定位试验报告_CN.docx,8,3.3.2 双站配准结果,,20,质量覆盖度,71.0%,research_modules/independent_experiments/dual_optical_online_benchmark/outputs/report_replay_20260819_v2/combined_summary.json,summary.51,51,"[""offline_completed_coverage""]","{""offline_completed_coverage"": 0.71}",71.0%,match
deliverables/leadership_report/双光电多目标轨迹配准与交汇定位试验报告_CN.docx,8,3.3.2 双站配准结果,,20,按时覆盖度,71.0%,research_modules/independent_experiments/dual_optical_online_benchmark/outputs/report_replay_20260819_v2/combined_summary.json,summary.51,51,"[""on_time_coverage""]","{""on_time_coverage"": 0.71}",71.0%,match
deliverables/leadership_report/双光电多目标轨迹配准与交汇定位试验报告_CN.docx,8,3.3.2 双站配准结果,,20,处理耗时P95,479.4毫秒,research_modules/independent_experiments/dual_optical_online_benchmark/outputs/report_replay_20260819_v2/combined_summary.json,summary.51,51,"[""latency_p95_ms""]","{""latency_p95_ms"": 479.4315950020973}",479.4毫秒,match
deliverables/leadership_report/双光电多目标轨迹配准与交汇定位试验报告_CN.docx,8,3.3.2 双站配准结果,,20,超时数,0/5,research_modules/independent_experiments/dual_optical_online_benchmark/outputs/report_replay_20260819_v2/combined_summary.json,summary.51,51,"[""timeout_count"", ""sample_count""]","{""timeout_count"": 0, ""sample_count"": 5}",0/5,match
deliverables/leadership_report/双光电多目标轨迹配准与交汇定位试验报告_CN.docx,8,3.3.2 双站配准结果,,21,质量精度,79.8%,research_modules/independent_experiments/dual_optical_online_benchmark/outputs/report_replay_20260819_v2/combined_summary.json,summary.52,52,"[""offline_completed_precision""]","{""offline_completed_precision"": 0.7984189723320159}",79.8%,match
deliverables/leadership_report/双光电多目标轨迹配准与交汇定位试验报告_CN.docx,8,3.3.2 双站配准结果,,21,质量覆盖度,67.3%,research_modules/independent_experiments/dual_optical_online_benchmark/outputs/report_replay_20260819_v2/combined_summary.json,summary.52,52,"[""offline_completed_coverage""]","{""offline_completed_coverage"": 0.6733333333333333}",67.3%,match
deliverables/leadership_report/双光电多目标轨迹配准与交汇定位试验报告_CN.docx,8,3.3.2 双站配准结果,,21,按时覆盖度,0.0%,research_modules/independent_experiments/dual_optical_online_benchmark/outputs/report_replay_20260819_v2/combined_summary.json,summary.52,52,"[""on_time_coverage""]","{""on_time_coverage"": 0.0}",0.0%,match
deliverables/leadership_report/双光电多目标轨迹配准与交汇定位试验报告_CN.docx,8,3.3.2 双站配准结果,,21,处理耗时P95,14075.0毫秒,research_modules/independent_experiments/dual_optical_online_benchmark/outputs/report_replay_20260819_v2/combined_summary.json,summary.52,52,"[""latency_p95_ms""]","{""latency_p95_ms"": 14074.960669997381}",14075.0毫秒,match
deliverables/leadership_report/双光电多目标轨迹配准与交汇定位试验报告_CN.docx,8,3.3.2 双站配准结果,,21,超时数,5/5,research_modules/independent_experiments/dual_optical_online_benchmark/outputs/report_replay_20260819_v2/combined_summary.json,summary.52,52,"[""timeout_count"", ""sample_count""]","{""timeout_count"": 5, ""sample_count"": 5}",5/5,match
deliverables/leadership_report/双光电多目标轨迹配准与交汇定位试验报告_CN.docx,8,3.3.2 双站配准结果,,22,质量精度,79.2%,research_modules/independent_experiments/dual_optical_online_benchmark/outputs/report_replay_20260819_v2/combined_summary.json,summary.53,53,"[""offline_completed_precision""]","{""offline_completed_precision"": 0.7923076923076923}",79.2%,match
deliverables/leadership_report/双光电多目标轨迹配准与交汇定位试验报告_CN.docx,8,3.3.2 双站配准结果,,22,质量覆盖度,68.7%,research_modules/independent_experiments/dual_optical_online_benchmark/outputs/report_replay_20260819_v2/combined_summary.json,summary.53,53,"[""offline_completed_coverage""]","{""offline_completed_coverage"": 0.6866666666666666}",68.7%,match
deliverables/leadership_report/双光电多目标轨迹配准与交汇定位试验报告_CN.docx,8,3.3.2 双站配准结果,,22,按时覆盖度,68.7%,research_modules/independent_experiments/dual_optical_online_benchmark/outputs/report_replay_20260819_v2/combined_summary.json,summary.53,53,"[""on_time_coverage""]","{""on_time_coverage"": 0.6866666666666666}",68.7%,match
deliverables/leadership_report/双光电多目标轨迹配准与交汇定位试验报告_CN.docx,8,3.3.2 双站配准结果,,22,处理耗时P95,494.3毫秒,research_modules/independent_experiments/dual_optical_online_benchmark/outputs/report_replay_20260819_v2/combined_summary.json,summary.53,53,"[""latency_p95_ms""]","{""latency_p95_ms"": 494.2903769988334}",494.3毫秒,match
deliverables/leadership_report/双光电多目标轨迹配准与交汇定位试验报告_CN.docx,8,3.3.2 双站配准结果,,22,超时数,0/5,research_modules/independent_experiments/dual_optical_online_benchmark/outputs/report_replay_20260819_v2/combined_summary.json,summary.53,53,"[""timeout_count"", ""sample_count""]","{""timeout_count"": 0, ""sample_count"": 5}",0/5,match
deliverables/leadership_report/双光电多目标轨迹配准与交汇定位试验报告_CN.docx,8,3.3.2 双站配准结果,,23,质量精度,73.7%,research_modules/independent_experiments/dual_optical_online_benchmark/outputs/report_replay_20260819_v2/combined_summary.json,summary.48,48,"[""offline_completed_precision""]","{""offline_completed_precision"": 0.7372881355932204}",73.7%,match
deliverables/leadership_report/双光电多目标轨迹配准与交汇定位试验报告_CN.docx,8,3.3.2 双站配准结果,,23,质量覆盖度,58.0%,research_modules/independent_experiments/dual_optical_online_benchmark/outputs/report_replay_20260819_v2/combined_summary.json,summary.48,48,"[""offline_completed_coverage""]","{""offline_completed_coverage"": 0.58}",58.0%,match
deliverables/leadership_report/双光电多目标轨迹配准与交汇定位试验报告_CN.docx,8,3.3.2 双站配准结果,,23,按时覆盖度,0.0%,research_modules/independent_experiments/dual_optical_online_benchmark/outputs/report_replay_20260819_v2/combined_summary.json,summary.48,48,"[""on_time_coverage""]","{""on_time_coverage"": 0.0}",0.0%,match
deliverables/leadership_report/双光电多目标轨迹配准与交汇定位试验报告_CN.docx,8,3.3.2 双站配准结果,,23,处理耗时P95,13276.5毫秒,research_modules/independent_experiments/dual_optical_online_benchmark/outputs/report_replay_20260819_v2/combined_summary.json,summary.48,48,"[""latency_p95_ms""]","{""latency_p95_ms"": 13276.503594999667}",13276.5毫秒,match
deliverables/leadership_report/双光电多目标轨迹配准与交汇定位试验报告_CN.docx,8,3.3.2 双站配准结果,,23,超时数,5/5,research_modules/independent_experiments/dual_optical_online_benchmark/outputs/report_replay_20260819_v2/combined_summary.json,summary.48,48,"[""timeout_count"", ""sample_count""]","{""timeout_count"": 5, ""sample_count"": 5}",5/5,match
deliverables/leadership_report/双光电多目标轨迹配准与交汇定位试验报告_CN.docx,8,3.3.2 双站配准结果,,24,质量精度,81.3%,research_modules/independent_experiments/dual_optical_online_benchmark/outputs/report_replay_20260819_v2/combined_summary.json,summary.49,49,"[""offline_completed_precision""]","{""offline_completed_precision"": 0.8130841121495327}",81.3%,match
deliverables/leadership_report/双光电多目标轨迹配准与交汇定位试验报告_CN.docx,8,3.3.2 双站配准结果,,24,质量覆盖度,58.0%,research_modules/independent_experiments/dual_optical_online_benchmark/outputs/report_replay_20260819_v2/combined_summary.json,summary.49,49,"[""offline_completed_coverage""]","{""offline_completed_coverage"": 0.58}",58.0%,match
deliverables/leadership_report/双光电多目标轨迹配准与交汇定位试验报告_CN.docx,8,3.3.2 双站配准结果,,24,按时覆盖度,58.0%,research_modules/independent_experiments/dual_optical_online_benchmark/outputs/report_replay_20260819_v2/combined_summary.json,summary.49,49,"[""on_time_coverage""]","{""on_time_coverage"": 0.58}",58.0%,match
deliverables/leadership_report/双光电多目标轨迹配准与交汇定位试验报告_CN.docx,8,3.3.2 双站配准结果,,24,处理耗时P95,473.7毫秒,research_modules/independent_experiments/dual_optical_online_benchmark/outputs/report_replay_20260819_v2/combined_summary.json,summary.49,49,"[""latency_p95_ms""]","{""latency_p95_ms"": 473.72465299849864}",473.7毫秒,match
deliverables/leadership_report/双光电多目标轨迹配准与交汇定位试验报告_CN.docx,8,3.3.2 双站配准结果,,24,超时数,0/5,research_modules/independent_experiments/dual_optical_online_benchmark/outputs/report_replay_20260819_v2/combined_summary.json,summary.49,49,"[""timeout_count"", ""sample_count""]","{""timeout_count"": 0, ""sample_count"": 5}",0/5,match
deliverables/leadership_report/双光电多目标轨迹配准与交汇定位试验报告_CN.docx,9,3.4 交汇定位演示,,1,结果,20260810,research_modules/independent_experiments/dual_optical_40target/outputs/airsim_seed_20260810_run11/metrics.json,,0,"[""seed""]","{""seed"": 20260810}",20260810,match
deliverables/leadership_report/双光电多目标轨迹配准与交汇定位试验报告_CN.docx,9,3.4 交汇定位演示,,2,结果,40,research_modules/independent_experiments/dual_optical_40target/outputs/airsim_seed_20260810_run11/metrics.json,,0,"[""target_count""]","{""target_count"": 40}",40,match
deliverables/leadership_report/双光电多目标轨迹配准与交汇定位试验报告_CN.docx,9,3.4 交汇定位演示,,3,结果,36/1,research_modules/independent_experiments/dual_optical_40target/outputs/airsim_seed_20260810_run11/metrics.json,,0,"[""correct_match_count"", ""false_match_count""]","{""correct_match_count"": 36, ""false_match_count"": 1}",36/1,match
deliverables/leadership_report/双光电多目标轨迹配准与交汇定位试验报告_CN.docx,9,3.4 交汇定位演示,,4,结果,97.3%,research_modules/independent_experiments/dual_optical_40target/outputs/airsim_seed_20260810_run11/metrics.json,,0,"[""association_precision""]","{""association_precision"": 0.972972972972973}",97.3%,match
deliverables/leadership_report/双光电多目标轨迹配准与交汇定位试验报告_CN.docx,9,3.4 交汇定位演示,,5,结果,90.0%,research_modules/independent_experiments/dual_optical_40target/outputs/airsim_seed_20260810_run11/metrics.json,,0,"[""association_full_target_recall""]","{""association_full_target_recall"": 0.9}",90.0%,match
deliverables/leadership_report/双光电多目标轨迹配准与交汇定位试验报告_CN.docx,9,3.4 交汇定位演示,,6,结果,0.080米 / 0.091米,research_modules/independent_experiments/dual_optical_40target/outputs/airsim_seed_20260810_run11/metrics.json,,0,"[""position_error_mean_m"", ""position_error_p95_m""]","{""position_error_mean_m"": 0.08030544908018379, ""position_error_p95_m"": 0.09140807343853961}",0.080米 / 0.091米,match
deliverables/leadership_report/双光电多目标轨迹配准与交汇定位试验报告_CN.docx,9,3.4 交汇定位演示,,7,结果,0.008米/秒 / 0.020米/秒,research_modules/independent_experiments/dual_optical_40target/outputs/airsim_seed_20260810_run11/metrics.json,,0,"[""velocity_error_mean_mps"", ""velocity_error_p95_mps""]","{""velocity_error_mean_mps"": 0.008106441752602696, ""velocity_error_p95_mps"": 0.019719089744373565}",0.008米/秒 / 0.020米/秒,match
deliverables/leadership_report/末端目标配准试验报告_CN.md,3,5.1 中心航迹与无人机交接,161,1,正确绑定,16,research_modules/independent_experiments/center_terminal_cv_campaign/outputs/gnn_offline_benchmark_20260816/benchmark_summary.json,results.0,0,"[""metrics.true_binding_count""]","{""metrics.true_binding_count"": 16}",16,match
deliverables/leadership_report/末端目标配准试验报告_CN.md,3,5.1 中心航迹与无人机交接,161,1,错误绑定,0,research_modules/independent_experiments/center_terminal_cv_campaign/outputs/gnn_offline_benchmark_20260816/benchmark_summary.json,results.0,0,"[""metrics.false_binding_count""]","{""metrics.false_binding_count"": 0}",0,match
deliverables/leadership_report/末端目标配准试验报告_CN.md,3,5.1 中心航迹与无人机交接,161,1,绑定精度,1.0000,research_modules/independent_experiments/center_terminal_cv_campaign/outputs/gnn_offline_benchmark_20260816/benchmark_summary.json,results.0,0,"[""metrics.binding_precision""]","{""metrics.binding_precision"": 1.0}",1.0000,match
deliverables/leadership_report/末端目标配准试验报告_CN.md,3,5.1 中心航迹与无人机交接,161,1,绑定覆盖度,1.0000,research_modules/independent_experiments/center_terminal_cv_campaign/outputs/gnn_offline_benchmark_20260816/benchmark_summary.json,results.0,0,"[""metrics.binding_recall""]","{""metrics.binding_recall"": 1.0}",1.0000,match
deliverables/leadership_report/末端目标配准试验报告_CN.md,3,5.1 中心航迹与无人机交接,161,1,复算耗时中位数,2.391秒,research_modules/independent_experiments/center_terminal_cv_campaign/outputs/gnn_offline_benchmark_20260816/benchmark_summary.json,results.0,0,"[""timing.median_wall_duration_s""]","{""timing.median_wall_duration_s"": 2.391136183985509}",2.391秒,match
deliverables/leadership_report/末端目标配准试验报告_CN.md,3,5.1 中心航迹与无人机交接,161,2,正确绑定,16,research_modules/independent_experiments/center_terminal_cv_campaign/outputs/gnn_offline_benchmark_20260816/benchmark_summary.json,results.1,1,"[""metrics.true_binding_count""]","{""metrics.true_binding_count"": 16}",16,match
deliverables/leadership_report/末端目标配准试验报告_CN.md,3,5.1 中心航迹与无人机交接,161,2,错误绑定,0,research_modules/independent_experiments/center_terminal_cv_campaign/outputs/gnn_offline_benchmark_20260816/benchmark_summary.json,results.1,1,"[""metrics.false_binding_count""]","{""metrics.false_binding_count"": 0}",0,match
deliverables/leadership_report/末端目标配准试验报告_CN.md,3,5.1 中心航迹与无人机交接,161,2,绑定精度,1.0000,research_modules/independent_experiments/center_terminal_cv_campaign/outputs/gnn_offline_benchmark_20260816/benchmark_summary.json,results.1,1,"[""metrics.binding_precision""]","{""metrics.binding_precision"": 1.0}",1.0000,match
deliverables/leadership_report/末端目标配准试验报告_CN.md,3,5.1 中心航迹与无人机交接,161,2,绑定覆盖度,1.0000,research_modules/independent_experiments/center_terminal_cv_campaign/outputs/gnn_offline_benchmark_20260816/benchmark_summary.json,results.1,1,"[""metrics.binding_recall""]","{""metrics.binding_recall"": 1.0}",1.0000,match
deliverables/leadership_report/末端目标配准试验报告_CN.md,3,5.1 中心航迹与无人机交接,161,2,复算耗时中位数,2.460秒,research_modules/independent_experiments/center_terminal_cv_campaign/outputs/gnn_offline_benchmark_20260816/benchmark_summary.json,results.1,1,"[""timing.median_wall_duration_s""]","{""timing.median_wall_duration_s"": 2.460221348912455}",2.460秒,match
deliverables/leadership_report/末端目标配准试验报告_CN.md,3,5.1 中心航迹与无人机交接,161,3,正确绑定,14,research_modules/independent_experiments/center_terminal_cv_campaign/outputs/gnn_offline_benchmark_20260816/benchmark_summary.json,results.6,6,"[""metrics.true_binding_count""]","{""metrics.true_binding_count"": 14}",14,match
deliverables/leadership_report/末端目标配准试验报告_CN.md,3,5.1 中心航迹与无人机交接,161,3,错误绑定,0,research_modules/independent_experiments/center_terminal_cv_campaign/outputs/gnn_offline_benchmark_20260816/benchmark_summary.json,results.6,6,"[""metrics.false_binding_count""]","{""metrics.false_binding_count"": 0}",0,match
deliverables/leadership_report/末端目标配准试验报告_CN.md,3,5.1 中心航迹与无人机交接,161,3,绑定精度,1.0000,research_modules/independent_experiments/center_terminal_cv_campaign/outputs/gnn_offline_benchmark_20260816/benchmark_summary.json,results.6,6,"[""metrics.binding_precision""]","{""metrics.binding_precision"": 1.0}",1.0000,match
deliverables/leadership_report/末端目标配准试验报告_CN.md,3,5.1 中心航迹与无人机交接,161,3,绑定覆盖度,0.8750,research_modules/independent_experiments/center_terminal_cv_campaign/outputs/gnn_offline_benchmark_20260816/benchmark_summary.json,results.6,6,"[""metrics.binding_recall""]","{""metrics.binding_recall"": 0.875}",0.8750,match
deliverables/leadership_report/末端目标配准试验报告_CN.md,3,5.1 中心航迹与无人机交接,161,3,复算耗时中位数,2.751秒,research_modules/independent_experiments/center_terminal_cv_campaign/outputs/gnn_offline_benchmark_20260816/benchmark_summary.json,results.6,6,"[""timing.median_wall_duration_s""]","{""timing.median_wall_duration_s"": 2.7513748599449173}",2.751秒,match
deliverables/leadership_report/末端目标配准试验报告_CN.md,3,5.1 中心航迹与无人机交接,161,4,正确绑定,14,research_modules/independent_experiments/center_terminal_cv_campaign/outputs/gnn_offline_benchmark_20260816/benchmark_summary.json,results.7,7,"[""metrics.true_binding_count""]","{""metrics.true_binding_count"": 14}",14,match
deliverables/leadership_report/末端目标配准试验报告_CN.md,3,5.1 中心航迹与无人机交接,161,4,错误绑定,0,research_modules/independent_experiments/center_terminal_cv_campaign/outputs/gnn_offline_benchmark_20260816/benchmark_summary.json,results.7,7,"[""metrics.false_binding_count""]","{""metrics.false_binding_count"": 0}",0,match
deliverables/leadership_report/末端目标配准试验报告_CN.md,3,5.1 中心航迹与无人机交接,161,4,绑定精度,1.0000,research_modules/independent_experiments/center_terminal_cv_campaign/outputs/gnn_offline_benchmark_20260816/benchmark_summary.json,results.7,7,"[""metrics.binding_precision""]","{""metrics.binding_precision"": 1.0}",1.0000,match
deliverables/leadership_report/末端目标配准试验报告_CN.md,3,5.1 中心航迹与无人机交接,161,4,绑定覆盖度,0.8750,research_modules/independent_experiments/center_terminal_cv_campaign/outputs/gnn_offline_benchmark_20260816/benchmark_summary.json,results.7,7,"[""metrics.binding_recall""]","{""metrics.binding_recall"": 0.875}",0.8750,match
deliverables/leadership_report/末端目标配准试验报告_CN.md,3,5.1 中心航迹与无人机交接,161,4,复算耗时中位数,2.882秒,research_modules/independent_experiments/center_terminal_cv_campaign/outputs/gnn_offline_benchmark_20260816/benchmark_summary.json,results.7,7,"[""timing.median_wall_duration_s""]","{""timing.median_wall_duration_s"": 2.881589047028683}",2.882秒,match
deliverables/leadership_report/末端目标配准试验报告_CN.md,3,5.1 中心航迹与无人机交接,161,5,正确绑定,31,research_modules/independent_experiments/center_terminal_cv_campaign/outputs/gnn_offline_benchmark_20260816/benchmark_summary.json,results.12,12,"[""metrics.true_binding_count""]","{""metrics.true_binding_count"": 31}",31,match
deliverables/leadership_report/末端目标配准试验报告_CN.md,3,5.1 中心航迹与无人机交接,161,5,错误绑定,1,research_modules/independent_experiments/center_terminal_cv_campaign/outputs/gnn_offline_benchmark_20260816/benchmark_summary.json,results.12,12,"[""metrics.false_binding_count""]","{""metrics.false_binding_count"": 1}",1,match
deliverables/leadership_report/末端目标配准试验报告_CN.md,3,5.1 中心航迹与无人机交接,161,5,绑定精度,0.9688,research_modules/independent_experiments/center_terminal_cv_campaign/outputs/gnn_offline_benchmark_20260816/benchmark_summary.json,results.12,12,"[""metrics.binding_precision""]","{""metrics.binding_precision"": 0.96875}",0.9688,match
deliverables/leadership_report/末端目标配准试验报告_CN.md,3,5.1 中心航迹与无人机交接,161,5,绑定覆盖度,0.9688,research_modules/independent_experiments/center_terminal_cv_campaign/outputs/gnn_offline_benchmark_20260816/benchmark_summary.json,results.12,12,"[""metrics.binding_recall""]","{""metrics.binding_recall"": 0.96875}",0.9688,match
deliverables/leadership_report/末端目标配准试验报告_CN.md,3,5.1 中心航迹与无人机交接,161,5,复算耗时中位数,15.819秒,research_modules/independent_experiments/center_terminal_cv_campaign/outputs/gnn_offline_benchmark_20260816/benchmark_summary.json,results.12,12,"[""timing.median_wall_duration_s""]","{""timing.median_wall_duration_s"": 15.819126129033975}",15.819秒,match
deliverables/leadership_report/末端目标配准试验报告_CN.md,3,5.1 中心航迹与无人机交接,161,6,正确绑定,31,research_modules/independent_experiments/center_terminal_cv_campaign/outputs/gnn_offline_benchmark_20260816/benchmark_summary.json,results.13,13,"[""metrics.true_binding_count""]","{""metrics.true_binding_count"": 31}",31,match
deliverables/leadership_report/末端目标配准试验报告_CN.md,3,5.1 中心航迹与无人机交接,161,6,错误绑定,0,research_modules/independent_experiments/center_terminal_cv_campaign/outputs/gnn_offline_benchmark_20260816/benchmark_summary.json,results.13,13,"[""metrics.false_binding_count""]","{""metrics.false_binding_count"": 0}",0,match
deliverables/leadership_report/末端目标配准试验报告_CN.md,3,5.1 中心航迹与无人机交接,161,6,绑定精度,1.0000,research_modules/independent_experiments/center_terminal_cv_campaign/outputs/gnn_offline_benchmark_20260816/benchmark_summary.json,results.13,13,"[""metrics.binding_precision""]","{""metrics.binding_precision"": 1.0}",1.0000,match
deliverables/leadership_report/末端目标配准试验报告_CN.md,3,5.1 中心航迹与无人机交接,161,6,绑定覆盖度,0.9688,research_modules/independent_experiments/center_terminal_cv_campaign/outputs/gnn_offline_benchmark_20260816/benchmark_summary.json,results.13,13,"[""metrics.binding_recall""]","{""metrics.binding_recall"": 0.96875}",0.9688,match
deliverables/leadership_report/末端目标配准试验报告_CN.md,3,5.1 中心航迹与无人机交接,161,6,复算耗时中位数,15.862秒,research_modules/independent_experiments/center_terminal_cv_campaign/outputs/gnn_offline_benchmark_20260816/benchmark_summary.json,results.13,13,"[""timing.median_wall_duration_s""]","{""timing.median_wall_duration_s"": 15.862329819006845}",15.862秒,match
deliverables/leadership_report/末端目标配准试验报告_CN.md,4,5.2 拦截无人机之间的配准,186,1,机会目标,20,research_modules/independent_experiments/center_terminal_cv_campaign/outputs/terminal_gnn_diagnostic_selection_20260819_v2/selection_summary.json,geometry_scenario_metrics.0,0,"[""opportunity_target_count""]","{""opportunity_target_count"": 20}",20,match
deliverables/leadership_report/末端目标配准试验报告_CN.md,4,5.2 拦截无人机之间的配准,186,1,关系精度,1.0000,research_modules/independent_experiments/center_terminal_cv_campaign/outputs/terminal_gnn_diagnostic_selection_20260819_v2/selection_summary.json,geometry_scenario_metrics.0,0,"[""association_precision""]","{""association_precision"": 1.0}",1.0000,match
deliverables/leadership_report/末端目标配准试验报告_CN.md,4,5.2 拦截无人机之间的配准,186,1,关系覆盖度,0.9375,research_modules/independent_experiments/center_terminal_cv_campaign/outputs/terminal_gnn_diagnostic_selection_20260819_v2/selection_summary.json,geometry_scenario_metrics.0,0,"[""association_recall""]","{""association_recall"": 0.9375}",0.9375,match
deliverables/leadership_report/末端目标配准试验报告_CN.md,4,5.2 拦截无人机之间的配准,186,1,目标等权纯度,1.0000,research_modules/independent_experiments/center_terminal_cv_campaign/outputs/terminal_gnn_diagnostic_selection_20260819_v2/selection_summary.json,geometry_scenario_metrics.0,0,"[""target_equal_mean_purity""]","{""target_equal_mean_purity"": 1.0}",1.0000,match
deliverables/leadership_report/末端目标配准试验报告_CN.md,4,5.2 拦截无人机之间的配准,186,1,目标等权完整度,0.9667,research_modules/independent_experiments/center_terminal_cv_campaign/outputs/terminal_gnn_diagnostic_selection_20260819_v2/selection_summary.json,geometry_scenario_metrics.0,0,"[""target_equal_mean_completeness""]","{""target_equal_mean_completeness"": 0.9666666666666666}",0.9667,match
deliverables/leadership_report/末端目标配准试验报告_CN.md,4,5.2 拦截无人机之间的配准,186,1,独立正确成簇比例,0.9000,research_modules/independent_experiments/center_terminal_cv_campaign/outputs/terminal_gnn_diagnostic_selection_20260819_v2/selection_summary.json,geometry_scenario_metrics.0,0,"[""independently_correct_target_rate""]","{""independently_correct_target_rate"": 0.9}",0.9000,match
deliverables/leadership_report/末端目标配准试验报告_CN.md,4,5.2 拦截无人机之间的配准,186,1,身份混合目标,0,research_modules/independent_experiments/center_terminal_cv_campaign/outputs/terminal_gnn_diagnostic_selection_20260819_v2/selection_summary.json,geometry_scenario_metrics.0,0,"[""mixed_identity_target_count""]","{""mixed_identity_target_count"": 0}",0,match
deliverables/leadership_report/末端目标配准试验报告_CN.md,4,5.2 拦截无人机之间的配准,186,1,未完成目标,0,research_modules/independent_experiments/center_terminal_cv_campaign/outputs/terminal_gnn_diagnostic_selection_20260819_v2/selection_summary.json,geometry_scenario_metrics.0,0,"[""unregistered_opportunity_target_count""]","{""unregistered_opportunity_target_count"": 0}",0,match
deliverables/leadership_report/末端目标配准试验报告_CN.md,4,5.2 拦截无人机之间的配准,186,2,机会目标,20,research_modules/independent_experiments/center_terminal_cv_campaign/outputs/terminal_gnn_diagnostic_selection_20260819_v2/selection_summary.json,selected_cold_scenario_metrics.0,3,"[""opportunity_target_count""]","{""opportunity_target_count"": 20}",20,match
deliverables/leadership_report/末端目标配准试验报告_CN.md,4,5.2 拦截无人机之间的配准,186,2,关系精度,1.0000,research_modules/independent_experiments/center_terminal_cv_campaign/outputs/terminal_gnn_diagnostic_selection_20260819_v2/selection_summary.json,selected_cold_scenario_metrics.0,3,"[""association_precision""]","{""association_precision"": 1.0}",1.0000,match
deliverables/leadership_report/末端目标配准试验报告_CN.md,4,5.2 拦截无人机之间的配准,186,2,关系覆盖度,0.1562,research_modules/independent_experiments/center_terminal_cv_campaign/outputs/terminal_gnn_diagnostic_selection_20260819_v2/selection_summary.json,selected_cold_scenario_metrics.0,3,"[""association_recall""]","{""association_recall"": 0.15625}",0.1562,match
deliverables/leadership_report/末端目标配准试验报告_CN.md,4,5.2 拦截无人机之间的配准,186,2,目标等权纯度,0.2500,research_modules/independent_experiments/center_terminal_cv_campaign/outputs/terminal_gnn_diagnostic_selection_20260819_v2/selection_summary.json,selected_cold_scenario_metrics.0,3,"[""target_equal_mean_purity""]","{""target_equal_mean_purity"": 0.25}",0.2500,match
deliverables/leadership_report/末端目标配准试验报告_CN.md,4,5.2 拦截无人机之间的配准,186,2,目标等权完整度,0.2500,research_modules/independent_experiments/center_terminal_cv_campaign/outputs/terminal_gnn_diagnostic_selection_20260819_v2/selection_summary.json,selected_cold_scenario_metrics.0,3,"[""target_equal_mean_completeness""]","{""target_equal_mean_completeness"": 0.25}",0.2500,match
deliverables/leadership_report/末端目标配准试验报告_CN.md,4,5.2 拦截无人机之间的配准,186,2,独立正确成簇比例,0.2500,research_modules/independent_experiments/center_terminal_cv_campaign/outputs/terminal_gnn_diagnostic_selection_20260819_v2/selection_summary.json,selected_cold_scenario_metrics.0,3,"[""independently_correct_target_rate""]","{""independently_correct_target_rate"": 0.25}",0.2500,match
deliverables/leadership_report/末端目标配准试验报告_CN.md,4,5.2 拦截无人机之间的配准,186,2,身份混合目标,0,research_modules/independent_experiments/center_terminal_cv_campaign/outputs/terminal_gnn_diagnostic_selection_20260819_v2/selection_summary.json,selected_cold_scenario_metrics.0,3,"[""mixed_identity_target_count""]","{""mixed_identity_target_count"": 0}",0,match
deliverables/leadership_report/末端目标配准试验报告_CN.md,4,5.2 拦截无人机之间的配准,186,2,未完成目标,15,research_modules/independent_experiments/center_terminal_cv_campaign/outputs/terminal_gnn_diagnostic_selection_20260819_v2/selection_summary.json,selected_cold_scenario_metrics.0,3,"[""unregistered_opportunity_target_count""]","{""unregistered_opportunity_target_count"": 15}",15,match
deliverables/leadership_report/末端目标配准试验报告_CN.md,4,5.2 拦截无人机之间的配准,186,3,机会目标,20,research_modules/independent_experiments/center_terminal_cv_campaign/outputs/terminal_gnn_diagnostic_selection_20260819_v2/selection_summary.json,geometry_scenario_metrics.1,1,"[""opportunity_target_count""]","{""opportunity_target_count"": 20}",20,match
deliverables/leadership_report/末端目标配准试验报告_CN.md,4,5.2 拦截无人机之间的配准,186,3,关系精度,0.7402,research_modules/independent_experiments/center_terminal_cv_campaign/outputs/terminal_gnn_diagnostic_selection_20260819_v2/selection_summary.json,geometry_scenario_metrics.1,1,"[""association_precision""]","{""association_precision"": 0.7401574803149606}",0.7402,match
deliverables/leadership_report/末端目标配准试验报告_CN.md,4,5.2 拦截无人机之间的配准,186,3,关系覆盖度,0.8967,research_modules/independent_experiments/center_terminal_cv_campaign/outputs/terminal_gnn_diagnostic_selection_20260819_v2/selection_summary.json,geometry_scenario_metrics.1,1,"[""association_recall""]","{""association_recall"": 0.8966613672496025}",0.8967,match
deliverables/leadership_report/末端目标配准试验报告_CN.md,4,5.2 拦截无人机之间的配准,186,3,目标等权纯度,0.8438,research_modules/independent_experiments/center_terminal_cv_campaign/outputs/terminal_gnn_diagnostic_selection_20260819_v2/selection_summary.json,geometry_scenario_metrics.1,1,"[""target_equal_mean_purity""]","{""target_equal_mean_purity"": 0.84375}",0.8438,match
deliverables/leadership_report/末端目标配准试验报告_CN.md,4,5.2 拦截无人机之间的配准,186,3,目标等权完整度,0.9737,research_modules/independent_experiments/center_terminal_cv_campaign/outputs/terminal_gnn_diagnostic_selection_20260819_v2/selection_summary.json,geometry_scenario_metrics.1,1,"[""target_equal_mean_completeness""]","{""target_equal_mean_completeness"": 0.9736904761904762}",0.9737,match
deliverables/leadership_report/末端目标配准试验报告_CN.md,4,5.2 拦截无人机之间的配准,186,3,独立正确成簇比例,0.5000,research_modules/independent_experiments/center_terminal_cv_campaign/outputs/terminal_gnn_diagnostic_selection_20260819_v2/selection_summary.json,geometry_scenario_metrics.1,1,"[""independently_correct_target_rate""]","{""independently_correct_target_rate"": 0.5}",0.5000,match
deliverables/leadership_report/末端目标配准试验报告_CN.md,4,5.2 拦截无人机之间的配准,186,3,身份混合目标,7,research_modules/independent_experiments/center_terminal_cv_campaign/outputs/terminal_gnn_diagnostic_selection_20260819_v2/selection_summary.json,geometry_scenario_metrics.1,1,"[""mixed_identity_target_count""]","{""mixed_identity_target_count"": 7}",7,match
deliverables/leadership_report/末端目标配准试验报告_CN.md,4,5.2 拦截无人机之间的配准,186,3,未完成目标,0,research_modules/independent_experiments/center_terminal_cv_campaign/outputs/terminal_gnn_diagnostic_selection_20260819_v2/selection_summary.json,geometry_scenario_metrics.1,1,"[""unregistered_opportunity_target_count""]","{""unregistered_opportunity_target_count"": 0}",0,match
deliverables/leadership_report/末端目标配准试验报告_CN.md,4,5.2 拦截无人机之间的配准,186,4,机会目标,20,research_modules/independent_experiments/center_terminal_cv_campaign/outputs/terminal_gnn_diagnostic_selection_20260819_v2/selection_summary.json,selected_cold_scenario_metrics.1,4,"[""opportunity_target_count""]","{""opportunity_target_count"": 20}",20,match
deliverables/leadership_report/末端目标配准试验报告_CN.md,4,5.2 拦截无人机之间的配准,186,4,关系精度,0.9736,research_modules/independent_experiments/center_terminal_cv_campaign/outputs/terminal_gnn_diagnostic_selection_20260819_v2/selection_summary.json,selected_cold_scenario_metrics.1,4,"[""association_precision""]","{""association_precision"": 0.9735849056603774}",0.9736,match
deliverables/leadership_report/末端目标配准试验报告_CN.md,4,5.2 拦截无人机之间的配准,186,4,关系覆盖度,0.8203,research_modules/independent_experiments/center_terminal_cv_campaign/outputs/terminal_gnn_diagnostic_selection_20260819_v2/selection_summary.json,selected_cold_scenario_metrics.1,4,"[""association_recall""]","{""association_recall"": 0.8203497615262321}",0.8203,match
deliverables/leadership_report/末端目标配准试验报告_CN.md,4,5.2 拦截无人机之间的配准,186,4,目标等权纯度,1.0000,research_modules/independent_experiments/center_terminal_cv_campaign/outputs/terminal_gnn_diagnostic_selection_20260819_v2/selection_summary.json,selected_cold_scenario_metrics.1,4,"[""target_equal_mean_purity""]","{""target_equal_mean_purity"": 1.0}",1.0000,match
deliverables/leadership_report/末端目标配准试验报告_CN.md,4,5.2 拦截无人机之间的配准,186,4,目标等权完整度,0.9587,research_modules/independent_experiments/center_terminal_cv_campaign/outputs/terminal_gnn_diagnostic_selection_20260819_v2/selection_summary.json,selected_cold_scenario_metrics.1,4,"[""target_equal_mean_completeness""]","{""target_equal_mean_completeness"": 0.95875}",0.9587,match
deliverables/leadership_report/末端目标配准试验报告_CN.md,4,5.2 拦截无人机之间的配准,186,4,独立正确成簇比例,0.7500,research_modules/independent_experiments/center_terminal_cv_campaign/outputs/terminal_gnn_diagnostic_selection_20260819_v2/selection_summary.json,selected_cold_scenario_metrics.1,4,"[""independently_correct_target_rate""]","{""independently_correct_target_rate"": 0.75}",0.7500,match
deliverables/leadership_report/末端目标配准试验报告_CN.md,4,5.2 拦截无人机之间的配准,186,4,身份混合目标,0,research_modules/independent_experiments/center_terminal_cv_campaign/outputs/terminal_gnn_diagnostic_selection_20260819_v2/selection_summary.json,selected_cold_scenario_metrics.1,4,"[""mixed_identity_target_count""]","{""mixed_identity_target_count"": 0}",0,match
deliverables/leadership_report/末端目标配准试验报告_CN.md,4,5.2 拦截无人机之间的配准,186,4,未完成目标,0,research_modules/independent_experiments/center_terminal_cv_campaign/outputs/terminal_gnn_diagnostic_selection_20260819_v2/selection_summary.json,selected_cold_scenario_metrics.1,4,"[""unregistered_opportunity_target_count""]","{""unregistered_opportunity_target_count"": 0}",0,match
deliverables/leadership_report/末端目标配准试验报告_CN.md,4,5.2 拦截无人机之间的配准,186,5,机会目标,40,research_modules/independent_experiments/center_terminal_cv_campaign/outputs/terminal_gnn_diagnostic_selection_20260819_v2/selection_summary.json,geometry_scenario_metrics.2,2,"[""opportunity_target_count""]","{""opportunity_target_count"": 40}",40,match
deliverables/leadership_report/末端目标配准试验报告_CN.md,4,5.2 拦截无人机之间的配准,186,5,关系精度,0.9960,research_modules/independent_experiments/center_terminal_cv_campaign/outputs/terminal_gnn_diagnostic_selection_20260819_v2/selection_summary.json,geometry_scenario_metrics.2,2,"[""association_precision""]","{""association_precision"": 0.996046454163578}",0.9960,match
deliverables/leadership_report/末端目标配准试验报告_CN.md,4,5.2 拦截无人机之间的配准,186,5,关系覆盖度,0.9305,research_modules/independent_experiments/center_terminal_cv_campaign/outputs/terminal_gnn_diagnostic_selection_20260819_v2/selection_summary.json,geometry_scenario_metrics.2,2,"[""association_recall""]","{""association_recall"": 0.9305170821791321}",0.9305,match
deliverables/leadership_report/末端目标配准试验报告_CN.md,4,5.2 拦截无人机之间的配准,186,5,目标等权纯度,1.0000,research_modules/independent_experiments/center_terminal_cv_campaign/outputs/terminal_gnn_diagnostic_selection_20260819_v2/selection_summary.json,geometry_scenario_metrics.2,2,"[""target_equal_mean_purity""]","{""target_equal_mean_purity"": 1.0}",1.0000,match
deliverables/leadership_report/末端目标配准试验报告_CN.md,4,5.2 拦截无人机之间的配准,186,5,目标等权完整度,0.9710,research_modules/independent_experiments/center_terminal_cv_campaign/outputs/terminal_gnn_diagnostic_selection_20260819_v2/selection_summary.json,geometry_scenario_metrics.2,2,"[""target_equal_mean_completeness""]","{""target_equal_mean_completeness"": 0.9709627953745601}",0.9710,match
deliverables/leadership_report/末端目标配准试验报告_CN.md,4,5.2 拦截无人机之间的配准,186,5,独立正确成簇比例,0.7250,research_modules/independent_experiments/center_terminal_cv_campaign/outputs/terminal_gnn_diagnostic_selection_20260819_v2/selection_summary.json,geometry_scenario_metrics.2,2,"[""independently_correct_target_rate""]","{""independently_correct_target_rate"": 0.725}",0.7250,match
deliverables/leadership_report/末端目标配准试验报告_CN.md,4,5.2 拦截无人机之间的配准,186,5,身份混合目标,0,research_modules/independent_experiments/center_terminal_cv_campaign/outputs/terminal_gnn_diagnostic_selection_20260819_v2/selection_summary.json,geometry_scenario_metrics.2,2,"[""mixed_identity_target_count""]","{""mixed_identity_target_count"": 0}",0,match
deliverables/leadership_report/末端目标配准试验报告_CN.md,4,5.2 拦截无人机之间的配准,186,5,未完成目标,0,research_modules/independent_experiments/center_terminal_cv_campaign/outputs/terminal_gnn_diagnostic_selection_20260819_v2/selection_summary.json,geometry_scenario_metrics.2,2,"[""unregistered_opportunity_target_count""]","{""unregistered_opportunity_target_count"": 0}",0,match
deliverables/leadership_report/末端目标配准试验报告_CN.md,4,5.2 拦截无人机之间的配准,186,6,机会目标,40,research_modules/independent_experiments/center_terminal_cv_campaign/outputs/terminal_gnn_diagnostic_selection_20260819_v2/selection_summary.json,selected_cold_scenario_metrics.2,5,"[""opportunity_target_count""]","{""opportunity_target_count"": 40}",40,match
deliverables/leadership_report/末端目标配准试验报告_CN.md,4,5.2 拦截无人机之间的配准,186,6,关系精度,0.9971,research_modules/independent_experiments/center_terminal_cv_campaign/outputs/terminal_gnn_diagnostic_selection_20260819_v2/selection_summary.json,selected_cold_scenario_metrics.2,5,"[""association_precision""]","{""association_precision"": 0.9971247843588269}",0.9971,match
deliverables/leadership_report/末端目标配准试验报告_CN.md,4,5.2 拦截无人机之间的配准,186,6,关系覆盖度,0.4003,research_modules/independent_experiments/center_terminal_cv_campaign/outputs/terminal_gnn_diagnostic_selection_20260819_v2/selection_summary.json,selected_cold_scenario_metrics.2,5,"[""association_recall""]","{""association_recall"": 0.4002770083102493}",0.4003,match
deliverables/leadership_report/末端目标配准试验报告_CN.md,4,5.2 拦截无人机之间的配准,186,6,目标等权纯度,1.0000,research_modules/independent_experiments/center_terminal_cv_campaign/outputs/terminal_gnn_diagnostic_selection_20260819_v2/selection_summary.json,selected_cold_scenario_metrics.2,5,"[""target_equal_mean_purity""]","{""target_equal_mean_purity"": 1.0}",1.0000,match
deliverables/leadership_report/末端目标配准试验报告_CN.md,4,5.2 拦截无人机之间的配准,186,6,目标等权完整度,0.5666,research_modules/independent_experiments/center_terminal_cv_campaign/outputs/terminal_gnn_diagnostic_selection_20260819_v2/selection_summary.json,selected_cold_scenario_metrics.2,5,"[""target_equal_mean_completeness""]","{""target_equal_mean_completeness"": 0.5666353581059463}",0.5666,match
deliverables/leadership_report/末端目标配准试验报告_CN.md,4,5.2 拦截无人机之间的配准,186,6,独立正确成簇比例,0.1500,research_modules/independent_experiments/center_terminal_cv_campaign/outputs/terminal_gnn_diagnostic_selection_20260819_v2/selection_summary.json,selected_cold_scenario_metrics.2,5,"[""independently_correct_target_rate""]","{""independently_correct_target_rate"": 0.15}",0.1500,match
deliverables/leadership_report/末端目标配准试验报告_CN.md,4,5.2 拦截无人机之间的配准,186,6,身份混合目标,0,research_modules/independent_experiments/center_terminal_cv_campaign/outputs/terminal_gnn_diagnostic_selection_20260819_v2/selection_summary.json,selected_cold_scenario_metrics.2,5,"[""mixed_identity_target_count""]","{""mixed_identity_target_count"": 0}",0,match
deliverables/leadership_report/末端目标配准试验报告_CN.md,4,5.2 拦截无人机之间的配准,186,6,未完成目标,0,research_modules/independent_experiments/center_terminal_cv_campaign/outputs/terminal_gnn_diagnostic_selection_20260819_v2/selection_summary.json,selected_cold_scenario_metrics.2,5,"[""unregistered_opportunity_target_count""]","{""unregistered_opportunity_target_count"": 0}",0,match
deliverables/leadership_report/末端目标配准试验报告_CN.md,5,5.2 拦截无人机之间的配准,197,1,视场区相机对,16,research_modules/independent_experiments/center_terminal_cv_campaign/outputs/terminal_gnn_diagnostic_selection_20260819_v2/selection_summary.json,geometry_scenario_metrics.0,0,"[""retained_camera_pair_count""]","{""retained_camera_pair_count"": 16}",16,match
deliverables/leadership_report/末端目标配准试验报告_CN.md,5,5.2 拦截无人机之间的配准,197,1,候选关系,3296,research_modules/independent_experiments/center_terminal_cv_campaign/outputs/terminal_gnn_diagnostic_selection_20260819_v2/selection_summary.json,geometry_scenario_metrics.0,0,"[""candidate_edge_count""]","{""candidate_edge_count"": 3296}",3296,match
deliverables/leadership_report/末端目标配准试验报告_CN.md,5,5.2 拦截无人机之间的配准,197,1,无缓存耗时,1.03秒,research_modules/independent_experiments/center_terminal_cv_campaign/outputs/terminal_gnn_diagnostic_selection_20260819_v2/selection_summary.json,geometry_scenario_metrics.0,0,"[""elapsed_s""]","{""elapsed_s"": 1.0324074150012166}",1.03秒,match
deliverables/leadership_report/末端目标配准试验报告_CN.md,5,5.2 拦截无人机之间的配准,197,2,视场区相机对,16,research_modules/independent_experiments/center_terminal_cv_campaign/outputs/terminal_gnn_diagnostic_selection_20260819_v2/selection_summary.json,selected_cold_scenario_metrics.0,3,"[""retained_camera_pair_count""]","{""retained_camera_pair_count"": 16}",16,match
deliverables/leadership_report/末端目标配准试验报告_CN.md,5,5.2 拦截无人机之间的配准,197,2,候选关系,3296,research_modules/independent_experiments/center_terminal_cv_campaign/outputs/terminal_gnn_diagnostic_selection_20260819_v2/selection_summary.json,selected_cold_scenario_metrics.0,3,"[""candidate_edge_count""]","{""candidate_edge_count"": 3296}",3296,match
deliverables/leadership_report/末端目标配准试验报告_CN.md,5,5.2 拦截无人机之间的配准,197,2,无缓存耗时,1.18秒,research_modules/independent_experiments/center_terminal_cv_campaign/outputs/terminal_gnn_diagnostic_selection_20260819_v2/selection_summary.json,selected_cold_scenario_metrics.0,3,"[""elapsed_s""]","{""elapsed_s"": 1.1762436249991879}",1.18秒,match
deliverables/leadership_report/末端目标配准试验报告_CN.md,5,5.2 拦截无人机之间的配准,197,3,视场区相机对,267,research_modules/independent_experiments/center_terminal_cv_campaign/outputs/terminal_gnn_diagnostic_selection_20260819_v2/selection_summary.json,geometry_scenario_metrics.1,1,"[""retained_camera_pair_count""]","{""retained_camera_pair_count"": 267}",267,match
deliverables/leadership_report/末端目标配准试验报告_CN.md,5,5.2 拦截无人机之间的配准,197,3,候选关系,52635,research_modules/independent_experiments/center_terminal_cv_campaign/outputs/terminal_gnn_diagnostic_selection_20260819_v2/selection_summary.json,geometry_scenario_metrics.1,1,"[""candidate_edge_count""]","{""candidate_edge_count"": 52635}",52635,match
deliverables/leadership_report/末端目标配准试验报告_CN.md,5,5.2 拦截无人机之间的配准,197,3,无缓存耗时,16.39秒,research_modules/independent_experiments/center_terminal_cv_campaign/outputs/terminal_gnn_diagnostic_selection_20260819_v2/selection_summary.json,geometry_scenario_metrics.1,1,"[""elapsed_s""]","{""elapsed_s"": 16.392466400000558}",16.39秒,match
deliverables/leadership_report/末端目标配准试验报告_CN.md,5,5.2 拦截无人机之间的配准,197,4,视场区相机对,267,research_modules/independent_experiments/center_terminal_cv_campaign/outputs/terminal_gnn_diagnostic_selection_20260819_v2/selection_summary.json,selected_cold_scenario_metrics.1,4,"[""retained_camera_pair_count""]","{""retained_camera_pair_count"": 267}",267,match
deliverables/leadership_report/末端目标配准试验报告_CN.md,5,5.2 拦截无人机之间的配准,197,4,候选关系,52635,research_modules/independent_experiments/center_terminal_cv_campaign/outputs/terminal_gnn_diagnostic_selection_20260819_v2/selection_summary.json,selected_cold_scenario_metrics.1,4,"[""candidate_edge_count""]","{""candidate_edge_count"": 52635}",52635,match
deliverables/leadership_report/末端目标配准试验报告_CN.md,5,5.2 拦截无人机之间的配准,197,4,无缓存耗时,18.55秒,research_modules/independent_experiments/center_terminal_cv_campaign/outputs/terminal_gnn_diagnostic_selection_20260819_v2/selection_summary.json,selected_cold_scenario_metrics.1,4,"[""elapsed_s""]","{""elapsed_s"": 18.547808360999625}",18.55秒,match
deliverables/leadership_report/末端目标配准试验报告_CN.md,5,5.2 拦截无人机之间的配准,197,5,视场区相机对,403,research_modules/independent_experiments/center_terminal_cv_campaign/outputs/terminal_gnn_diagnostic_selection_20260819_v2/selection_summary.json,geometry_scenario_metrics.2,2,"[""retained_camera_pair_count""]","{""retained_camera_pair_count"": 403}",403,match
deliverables/leadership_report/末端目标配准试验报告_CN.md,5,5.2 拦截无人机之间的配准,197,5,候选关系,375236,research_modules/independent_experiments/center_terminal_cv_campaign/outputs/terminal_gnn_diagnostic_selection_20260819_v2/selection_summary.json,geometry_scenario_metrics.2,2,"[""candidate_edge_count""]","{""candidate_edge_count"": 375236}",375236,match
deliverables/leadership_report/末端目标配准试验报告_CN.md,5,5.2 拦截无人机之间的配准,197,5,无缓存耗时,122.69秒,research_modules/independent_experiments/center_terminal_cv_campaign/outputs/terminal_gnn_diagnostic_selection_20260819_v2/selection_summary.json,geometry_scenario_metrics.2,2,"[""elapsed_s""]","{""elapsed_s"": 122.68911314900106}",122.69秒,match
deliverables/leadership_report/末端目标配准试验报告_CN.md,5,5.2 拦截无人机之间的配准,197,6,视场区相机对,403,research_modules/independent_experiments/center_terminal_cv_campaign/outputs/terminal_gnn_diagnostic_selection_20260819_v2/selection_summary.json,selected_cold_scenario_metrics.2,5,"[""retained_camera_pair_count""]","{""retained_camera_pair_count"": 403}",403,match
deliverables/leadership_report/末端目标配准试验报告_CN.md,5,5.2 拦截无人机之间的配准,197,6,候选关系,375236,research_modules/independent_experiments/center_terminal_cv_campaign/outputs/terminal_gnn_diagnostic_selection_20260819_v2/selection_summary.json,selected_cold_scenario_metrics.2,5,"[""candidate_edge_count""]","{""candidate_edge_count"": 375236}",375236,match
deliverables/leadership_report/末端目标配准试验报告_CN.md,5,5.2 拦截无人机之间的配准,197,6,无缓存耗时,131.01秒,research_modules/independent_experiments/center_terminal_cv_campaign/outputs/terminal_gnn_diagnostic_selection_20260819_v2/selection_summary.json,selected_cold_scenario_metrics.2,5,"[""elapsed_s""]","{""elapsed_s"": 131.01444587399965}",131.01秒,match
deliverables/leadership_report/末端目标配准试验报告_CN.docx,3,5.1 中心航迹与无人机交接,,1,正确绑定,16,research_modules/independent_experiments/center_terminal_cv_campaign/outputs/gnn_offline_benchmark_20260816/benchmark_summary.json,results.0,0,"[""metrics.true_binding_count""]","{""metrics.true_binding_count"": 16}",16,match
deliverables/leadership_report/末端目标配准试验报告_CN.docx,3,5.1 中心航迹与无人机交接,,1,错误绑定,0,research_modules/independent_experiments/center_terminal_cv_campaign/outputs/gnn_offline_benchmark_20260816/benchmark_summary.json,results.0,0,"[""metrics.false_binding_count""]","{""metrics.false_binding_count"": 0}",0,match
deliverables/leadership_report/末端目标配准试验报告_CN.docx,3,5.1 中心航迹与无人机交接,,1,绑定精度,1.0000,research_modules/independent_experiments/center_terminal_cv_campaign/outputs/gnn_offline_benchmark_20260816/benchmark_summary.json,results.0,0,"[""metrics.binding_precision""]","{""metrics.binding_precision"": 1.0}",1.0000,match
deliverables/leadership_report/末端目标配准试验报告_CN.docx,3,5.1 中心航迹与无人机交接,,1,绑定覆盖度,1.0000,research_modules/independent_experiments/center_terminal_cv_campaign/outputs/gnn_offline_benchmark_20260816/benchmark_summary.json,results.0,0,"[""metrics.binding_recall""]","{""metrics.binding_recall"": 1.0}",1.0000,match
deliverables/leadership_report/末端目标配准试验报告_CN.docx,3,5.1 中心航迹与无人机交接,,1,复算耗时中位数,2.391秒,research_modules/independent_experiments/center_terminal_cv_campaign/outputs/gnn_offline_benchmark_20260816/benchmark_summary.json,results.0,0,"[""timing.median_wall_duration_s""]","{""timing.median_wall_duration_s"": 2.391136183985509}",2.391秒,match
deliverables/leadership_report/末端目标配准试验报告_CN.docx,3,5.1 中心航迹与无人机交接,,2,正确绑定,16,research_modules/independent_experiments/center_terminal_cv_campaign/outputs/gnn_offline_benchmark_20260816/benchmark_summary.json,results.1,1,"[""metrics.true_binding_count""]","{""metrics.true_binding_count"": 16}",16,match
deliverables/leadership_report/末端目标配准试验报告_CN.docx,3,5.1 中心航迹与无人机交接,,2,错误绑定,0,research_modules/independent_experiments/center_terminal_cv_campaign/outputs/gnn_offline_benchmark_20260816/benchmark_summary.json,results.1,1,"[""metrics.false_binding_count""]","{""metrics.false_binding_count"": 0}",0,match
deliverables/leadership_report/末端目标配准试验报告_CN.docx,3,5.1 中心航迹与无人机交接,,2,绑定精度,1.0000,research_modules/independent_experiments/center_terminal_cv_campaign/outputs/gnn_offline_benchmark_20260816/benchmark_summary.json,results.1,1,"[""metrics.binding_precision""]","{""metrics.binding_precision"": 1.0}",1.0000,match
deliverables/leadership_report/末端目标配准试验报告_CN.docx,3,5.1 中心航迹与无人机交接,,2,绑定覆盖度,1.0000,research_modules/independent_experiments/center_terminal_cv_campaign/outputs/gnn_offline_benchmark_20260816/benchmark_summary.json,results.1,1,"[""metrics.binding_recall""]","{""metrics.binding_recall"": 1.0}",1.0000,match
deliverables/leadership_report/末端目标配准试验报告_CN.docx,3,5.1 中心航迹与无人机交接,,2,复算耗时中位数,2.460秒,research_modules/independent_experiments/center_terminal_cv_campaign/outputs/gnn_offline_benchmark_20260816/benchmark_summary.json,results.1,1,"[""timing.median_wall_duration_s""]","{""timing.median_wall_duration_s"": 2.460221348912455}",2.460秒,match
deliverables/leadership_report/末端目标配准试验报告_CN.docx,3,5.1 中心航迹与无人机交接,,3,正确绑定,14,research_modules/independent_experiments/center_terminal_cv_campaign/outputs/gnn_offline_benchmark_20260816/benchmark_summary.json,results.6,6,"[""metrics.true_binding_count""]","{""metrics.true_binding_count"": 14}",14,match
deliverables/leadership_report/末端目标配准试验报告_CN.docx,3,5.1 中心航迹与无人机交接,,3,错误绑定,0,research_modules/independent_experiments/center_terminal_cv_campaign/outputs/gnn_offline_benchmark_20260816/benchmark_summary.json,results.6,6,"[""metrics.false_binding_count""]","{""metrics.false_binding_count"": 0}",0,match
deliverables/leadership_report/末端目标配准试验报告_CN.docx,3,5.1 中心航迹与无人机交接,,3,绑定精度,1.0000,research_modules/independent_experiments/center_terminal_cv_campaign/outputs/gnn_offline_benchmark_20260816/benchmark_summary.json,results.6,6,"[""metrics.binding_precision""]","{""metrics.binding_precision"": 1.0}",1.0000,match
deliverables/leadership_report/末端目标配准试验报告_CN.docx,3,5.1 中心航迹与无人机交接,,3,绑定覆盖度,0.8750,research_modules/independent_experiments/center_terminal_cv_campaign/outputs/gnn_offline_benchmark_20260816/benchmark_summary.json,results.6,6,"[""metrics.binding_recall""]","{""metrics.binding_recall"": 0.875}",0.8750,match
deliverables/leadership_report/末端目标配准试验报告_CN.docx,3,5.1 中心航迹与无人机交接,,3,复算耗时中位数,2.751秒,research_modules/independent_experiments/center_terminal_cv_campaign/outputs/gnn_offline_benchmark_20260816/benchmark_summary.json,results.6,6,"[""timing.median_wall_duration_s""]","{""timing.median_wall_duration_s"": 2.7513748599449173}",2.751秒,match
deliverables/leadership_report/末端目标配准试验报告_CN.docx,3,5.1 中心航迹与无人机交接,,4,正确绑定,14,research_modules/independent_experiments/center_terminal_cv_campaign/outputs/gnn_offline_benchmark_20260816/benchmark_summary.json,results.7,7,"[""metrics.true_binding_count""]","{""metrics.true_binding_count"": 14}",14,match
deliverables/leadership_report/末端目标配准试验报告_CN.docx,3,5.1 中心航迹与无人机交接,,4,错误绑定,0,research_modules/independent_experiments/center_terminal_cv_campaign/outputs/gnn_offline_benchmark_20260816/benchmark_summary.json,results.7,7,"[""metrics.false_binding_count""]","{""metrics.false_binding_count"": 0}",0,match
deliverables/leadership_report/末端目标配准试验报告_CN.docx,3,5.1 中心航迹与无人机交接,,4,绑定精度,1.0000,research_modules/independent_experiments/center_terminal_cv_campaign/outputs/gnn_offline_benchmark_20260816/benchmark_summary.json,results.7,7,"[""metrics.binding_precision""]","{""metrics.binding_precision"": 1.0}",1.0000,match
deliverables/leadership_report/末端目标配准试验报告_CN.docx,3,5.1 中心航迹与无人机交接,,4,绑定覆盖度,0.8750,research_modules/independent_experiments/center_terminal_cv_campaign/outputs/gnn_offline_benchmark_20260816/benchmark_summary.json,results.7,7,"[""metrics.binding_recall""]","{""metrics.binding_recall"": 0.875}",0.8750,match
deliverables/leadership_report/末端目标配准试验报告_CN.docx,3,5.1 中心航迹与无人机交接,,4,复算耗时中位数,2.882秒,research_modules/independent_experiments/center_terminal_cv_campaign/outputs/gnn_offline_benchmark_20260816/benchmark_summary.json,results.7,7,"[""timing.median_wall_duration_s""]","{""timing.median_wall_duration_s"": 2.881589047028683}",2.882秒,match
deliverables/leadership_report/末端目标配准试验报告_CN.docx,3,5.1 中心航迹与无人机交接,,5,正确绑定,31,research_modules/independent_experiments/center_terminal_cv_campaign/outputs/gnn_offline_benchmark_20260816/benchmark_summary.json,results.12,12,"[""metrics.true_binding_count""]","{""metrics.true_binding_count"": 31}",31,match
deliverables/leadership_report/末端目标配准试验报告_CN.docx,3,5.1 中心航迹与无人机交接,,5,错误绑定,1,research_modules/independent_experiments/center_terminal_cv_campaign/outputs/gnn_offline_benchmark_20260816/benchmark_summary.json,results.12,12,"[""metrics.false_binding_count""]","{""metrics.false_binding_count"": 1}",1,match
deliverables/leadership_report/末端目标配准试验报告_CN.docx,3,5.1 中心航迹与无人机交接,,5,绑定精度,0.9688,research_modules/independent_experiments/center_terminal_cv_campaign/outputs/gnn_offline_benchmark_20260816/benchmark_summary.json,results.12,12,"[""metrics.binding_precision""]","{""metrics.binding_precision"": 0.96875}",0.9688,match
deliverables/leadership_report/末端目标配准试验报告_CN.docx,3,5.1 中心航迹与无人机交接,,5,绑定覆盖度,0.9688,research_modules/independent_experiments/center_terminal_cv_campaign/outputs/gnn_offline_benchmark_20260816/benchmark_summary.json,results.12,12,"[""metrics.binding_recall""]","{""metrics.binding_recall"": 0.96875}",0.9688,match
deliverables/leadership_report/末端目标配准试验报告_CN.docx,3,5.1 中心航迹与无人机交接,,5,复算耗时中位数,15.819秒,research_modules/independent_experiments/center_terminal_cv_campaign/outputs/gnn_offline_benchmark_20260816/benchmark_summary.json,results.12,12,"[""timing.median_wall_duration_s""]","{""timing.median_wall_duration_s"": 15.819126129033975}",15.819秒,match
deliverables/leadership_report/末端目标配准试验报告_CN.docx,3,5.1 中心航迹与无人机交接,,6,正确绑定,31,research_modules/independent_experiments/center_terminal_cv_campaign/outputs/gnn_offline_benchmark_20260816/benchmark_summary.json,results.13,13,"[""metrics.true_binding_count""]","{""metrics.true_binding_count"": 31}",31,match
deliverables/leadership_report/末端目标配准试验报告_CN.docx,3,5.1 中心航迹与无人机交接,,6,错误绑定,0,research_modules/independent_experiments/center_terminal_cv_campaign/outputs/gnn_offline_benchmark_20260816/benchmark_summary.json,results.13,13,"[""metrics.false_binding_count""]","{""metrics.false_binding_count"": 0}",0,match
deliverables/leadership_report/末端目标配准试验报告_CN.docx,3,5.1 中心航迹与无人机交接,,6,绑定精度,1.0000,research_modules/independent_experiments/center_terminal_cv_campaign/outputs/gnn_offline_benchmark_20260816/benchmark_summary.json,results.13,13,"[""metrics.binding_precision""]","{""metrics.binding_precision"": 1.0}",1.0000,match
deliverables/leadership_report/末端目标配准试验报告_CN.docx,3,5.1 中心航迹与无人机交接,,6,绑定覆盖度,0.9688,research_modules/independent_experiments/center_terminal_cv_campaign/outputs/gnn_offline_benchmark_20260816/benchmark_summary.json,results.13,13,"[""metrics.binding_recall""]","{""metrics.binding_recall"": 0.96875}",0.9688,match
deliverables/leadership_report/末端目标配准试验报告_CN.docx,3,5.1 中心航迹与无人机交接,,6,复算耗时中位数,15.862秒,research_modules/independent_experiments/center_terminal_cv_campaign/outputs/gnn_offline_benchmark_20260816/benchmark_summary.json,results.13,13,"[""timing.median_wall_duration_s""]","{""timing.median_wall_duration_s"": 15.862329819006845}",15.862秒,match
deliverables/leadership_report/末端目标配准试验报告_CN.docx,4,5.2 拦截无人机之间的配准,,1,机会目标,20,research_modules/independent_experiments/center_terminal_cv_campaign/outputs/terminal_gnn_diagnostic_selection_20260819_v2/selection_summary.json,geometry_scenario_metrics.0,0,"[""opportunity_target_count""]","{""opportunity_target_count"": 20}",20,match
deliverables/leadership_report/末端目标配准试验报告_CN.docx,4,5.2 拦截无人机之间的配准,,1,关系精度,1.0000,research_modules/independent_experiments/center_terminal_cv_campaign/outputs/terminal_gnn_diagnostic_selection_20260819_v2/selection_summary.json,geometry_scenario_metrics.0,0,"[""association_precision""]","{""association_precision"": 1.0}",1.0000,match
deliverables/leadership_report/末端目标配准试验报告_CN.docx,4,5.2 拦截无人机之间的配准,,1,关系覆盖度,0.9375,research_modules/independent_experiments/center_terminal_cv_campaign/outputs/terminal_gnn_diagnostic_selection_20260819_v2/selection_summary.json,geometry_scenario_metrics.0,0,"[""association_recall""]","{""association_recall"": 0.9375}",0.9375,match
deliverables/leadership_report/末端目标配准试验报告_CN.docx,4,5.2 拦截无人机之间的配准,,1,目标等权纯度,1.0000,research_modules/independent_experiments/center_terminal_cv_campaign/outputs/terminal_gnn_diagnostic_selection_20260819_v2/selection_summary.json,geometry_scenario_metrics.0,0,"[""target_equal_mean_purity""]","{""target_equal_mean_purity"": 1.0}",1.0000,match
deliverables/leadership_report/末端目标配准试验报告_CN.docx,4,5.2 拦截无人机之间的配准,,1,目标等权完整度,0.9667,research_modules/independent_experiments/center_terminal_cv_campaign/outputs/terminal_gnn_diagnostic_selection_20260819_v2/selection_summary.json,geometry_scenario_metrics.0,0,"[""target_equal_mean_completeness""]","{""target_equal_mean_completeness"": 0.9666666666666666}",0.9667,match
deliverables/leadership_report/末端目标配准试验报告_CN.docx,4,5.2 拦截无人机之间的配准,,1,独立正确成簇比例,0.9000,research_modules/independent_experiments/center_terminal_cv_campaign/outputs/terminal_gnn_diagnostic_selection_20260819_v2/selection_summary.json,geometry_scenario_metrics.0,0,"[""independently_correct_target_rate""]","{""independently_correct_target_rate"": 0.9}",0.9000,match
deliverables/leadership_report/末端目标配准试验报告_CN.docx,4,5.2 拦截无人机之间的配准,,1,身份混合目标,0,research_modules/independent_experiments/center_terminal_cv_campaign/outputs/terminal_gnn_diagnostic_selection_20260819_v2/selection_summary.json,geometry_scenario_metrics.0,0,"[""mixed_identity_target_count""]","{""mixed_identity_target_count"": 0}",0,match
deliverables/leadership_report/末端目标配准试验报告_CN.docx,4,5.2 拦截无人机之间的配准,,1,未完成目标,0,research_modules/independent_experiments/center_terminal_cv_campaign/outputs/terminal_gnn_diagnostic_selection_20260819_v2/selection_summary.json,geometry_scenario_metrics.0,0,"[""unregistered_opportunity_target_count""]","{""unregistered_opportunity_target_count"": 0}",0,match
deliverables/leadership_report/末端目标配准试验报告_CN.docx,4,5.2 拦截无人机之间的配准,,2,机会目标,20,research_modules/independent_experiments/center_terminal_cv_campaign/outputs/terminal_gnn_diagnostic_selection_20260819_v2/selection_summary.json,selected_cold_scenario_metrics.0,3,"[""opportunity_target_count""]","{""opportunity_target_count"": 20}",20,match
deliverables/leadership_report/末端目标配准试验报告_CN.docx,4,5.2 拦截无人机之间的配准,,2,关系精度,1.0000,research_modules/independent_experiments/center_terminal_cv_campaign/outputs/terminal_gnn_diagnostic_selection_20260819_v2/selection_summary.json,selected_cold_scenario_metrics.0,3,"[""association_precision""]","{""association_precision"": 1.0}",1.0000,match
deliverables/leadership_report/末端目标配准试验报告_CN.docx,4,5.2 拦截无人机之间的配准,,2,关系覆盖度,0.1562,research_modules/independent_experiments/center_terminal_cv_campaign/outputs/terminal_gnn_diagnostic_selection_20260819_v2/selection_summary.json,selected_cold_scenario_metrics.0,3,"[""association_recall""]","{""association_recall"": 0.15625}",0.1562,match
deliverables/leadership_report/末端目标配准试验报告_CN.docx,4,5.2 拦截无人机之间的配准,,2,目标等权纯度,0.2500,research_modules/independent_experiments/center_terminal_cv_campaign/outputs/terminal_gnn_diagnostic_selection_20260819_v2/selection_summary.json,selected_cold_scenario_metrics.0,3,"[""target_equal_mean_purity""]","{""target_equal_mean_purity"": 0.25}",0.2500,match
deliverables/leadership_report/末端目标配准试验报告_CN.docx,4,5.2 拦截无人机之间的配准,,2,目标等权完整度,0.2500,research_modules/independent_experiments/center_terminal_cv_campaign/outputs/terminal_gnn_diagnostic_selection_20260819_v2/selection_summary.json,selected_cold_scenario_metrics.0,3,"[""target_equal_mean_completeness""]","{""target_equal_mean_completeness"": 0.25}",0.2500,match
deliverables/leadership_report/末端目标配准试验报告_CN.docx,4,5.2 拦截无人机之间的配准,,2,独立正确成簇比例,0.2500,research_modules/independent_experiments/center_terminal_cv_campaign/outputs/terminal_gnn_diagnostic_selection_20260819_v2/selection_summary.json,selected_cold_scenario_metrics.0,3,"[""independently_correct_target_rate""]","{""independently_correct_target_rate"": 0.25}",0.2500,match
deliverables/leadership_report/末端目标配准试验报告_CN.docx,4,5.2 拦截无人机之间的配准,,2,身份混合目标,0,research_modules/independent_experiments/center_terminal_cv_campaign/outputs/terminal_gnn_diagnostic_selection_20260819_v2/selection_summary.json,selected_cold_scenario_metrics.0,3,"[""mixed_identity_target_count""]","{""mixed_identity_target_count"": 0}",0,match
deliverables/leadership_report/末端目标配准试验报告_CN.docx,4,5.2 拦截无人机之间的配准,,2,未完成目标,15,research_modules/independent_experiments/center_terminal_cv_campaign/outputs/terminal_gnn_diagnostic_selection_20260819_v2/selection_summary.json,selected_cold_scenario_metrics.0,3,"[""unregistered_opportunity_target_count""]","{""unregistered_opportunity_target_count"": 15}",15,match
deliverables/leadership_report/末端目标配准试验报告_CN.docx,4,5.2 拦截无人机之间的配准,,3,机会目标,20,research_modules/independent_experiments/center_terminal_cv_campaign/outputs/terminal_gnn_diagnostic_selection_20260819_v2/selection_summary.json,geometry_scenario_metrics.1,1,"[""opportunity_target_count""]","{""opportunity_target_count"": 20}",20,match
deliverables/leadership_report/末端目标配准试验报告_CN.docx,4,5.2 拦截无人机之间的配准,,3,关系精度,0.7402,research_modules/independent_experiments/center_terminal_cv_campaign/outputs/terminal_gnn_diagnostic_selection_20260819_v2/selection_summary.json,geometry_scenario_metrics.1,1,"[""association_precision""]","{""association_precision"": 0.7401574803149606}",0.7402,match
deliverables/leadership_report/末端目标配准试验报告_CN.docx,4,5.2 拦截无人机之间的配准,,3,关系覆盖度,0.8967,research_modules/independent_experiments/center_terminal_cv_campaign/outputs/terminal_gnn_diagnostic_selection_20260819_v2/selection_summary.json,geometry_scenario_metrics.1,1,"[""association_recall""]","{""association_recall"": 0.8966613672496025}",0.8967,match
deliverables/leadership_report/末端目标配准试验报告_CN.docx,4,5.2 拦截无人机之间的配准,,3,目标等权纯度,0.8438,research_modules/independent_experiments/center_terminal_cv_campaign/outputs/terminal_gnn_diagnostic_selection_20260819_v2/selection_summary.json,geometry_scenario_metrics.1,1,"[""target_equal_mean_purity""]","{""target_equal_mean_purity"": 0.84375}",0.8438,match
deliverables/leadership_report/末端目标配准试验报告_CN.docx,4,5.2 拦截无人机之间的配准,,3,目标等权完整度,0.9737,research_modules/independent_experiments/center_terminal_cv_campaign/outputs/terminal_gnn_diagnostic_selection_20260819_v2/selection_summary.json,geometry_scenario_metrics.1,1,"[""target_equal_mean_completeness""]","{""target_equal_mean_completeness"": 0.9736904761904762}",0.9737,match
deliverables/leadership_report/末端目标配准试验报告_CN.docx,4,5.2 拦截无人机之间的配准,,3,独立正确成簇比例,0.5000,research_modules/independent_experiments/center_terminal_cv_campaign/outputs/terminal_gnn_diagnostic_selection_20260819_v2/selection_summary.json,geometry_scenario_metrics.1,1,"[""independently_correct_target_rate""]","{""independently_correct_target_rate"": 0.5}",0.5000,match
deliverables/leadership_report/末端目标配准试验报告_CN.docx,4,5.2 拦截无人机之间的配准,,3,身份混合目标,7,research_modules/independent_experiments/center_terminal_cv_campaign/outputs/terminal_gnn_diagnostic_selection_20260819_v2/selection_summary.json,geometry_scenario_metrics.1,1,"[""mixed_identity_target_count""]","{""mixed_identity_target_count"": 7}",7,match
deliverables/leadership_report/末端目标配准试验报告_CN.docx,4,5.2 拦截无人机之间的配准,,3,未完成目标,0,research_modules/independent_experiments/center_terminal_cv_campaign/outputs/terminal_gnn_diagnostic_selection_20260819_v2/selection_summary.json,geometry_scenario_metrics.1,1,"[""unregistered_opportunity_target_count""]","{""unregistered_opportunity_target_count"": 0}",0,match
deliverables/leadership_report/末端目标配准试验报告_CN.docx,4,5.2 拦截无人机之间的配准,,4,机会目标,20,research_modules/independent_experiments/center_terminal_cv_campaign/outputs/terminal_gnn_diagnostic_selection_20260819_v2/selection_summary.json,selected_cold_scenario_metrics.1,4,"[""opportunity_target_count""]","{""opportunity_target_count"": 20}",20,match
deliverables/leadership_report/末端目标配准试验报告_CN.docx,4,5.2 拦截无人机之间的配准,,4,关系精度,0.9736,research_modules/independent_experiments/center_terminal_cv_campaign/outputs/terminal_gnn_diagnostic_selection_20260819_v2/selection_summary.json,selected_cold_scenario_metrics.1,4,"[""association_precision""]","{""association_precision"": 0.9735849056603774}",0.9736,match
deliverables/leadership_report/末端目标配准试验报告_CN.docx,4,5.2 拦截无人机之间的配准,,4,关系覆盖度,0.8203,research_modules/independent_experiments/center_terminal_cv_campaign/outputs/terminal_gnn_diagnostic_selection_20260819_v2/selection_summary.json,selected_cold_scenario_metrics.1,4,"[""association_recall""]","{""association_recall"": 0.8203497615262321}",0.8203,match
deliverables/leadership_report/末端目标配准试验报告_CN.docx,4,5.2 拦截无人机之间的配准,,4,目标等权纯度,1.0000,research_modules/independent_experiments/center_terminal_cv_campaign/outputs/terminal_gnn_diagnostic_selection_20260819_v2/selection_summary.json,selected_cold_scenario_metrics.1,4,"[""target_equal_mean_purity""]","{""target_equal_mean_purity"": 1.0}",1.0000,match
deliverables/leadership_report/末端目标配准试验报告_CN.docx,4,5.2 拦截无人机之间的配准,,4,目标等权完整度,0.9587,research_modules/independent_experiments/center_terminal_cv_campaign/outputs/terminal_gnn_diagnostic_selection_20260819_v2/selection_summary.json,selected_cold_scenario_metrics.1,4,"[""target_equal_mean_completeness""]","{""target_equal_mean_completeness"": 0.95875}",0.9587,match
deliverables/leadership_report/末端目标配准试验报告_CN.docx,4,5.2 拦截无人机之间的配准,,4,独立正确成簇比例,0.7500,research_modules/independent_experiments/center_terminal_cv_campaign/outputs/terminal_gnn_diagnostic_selection_20260819_v2/selection_summary.json,selected_cold_scenario_metrics.1,4,"[""independently_correct_target_rate""]","{""independently_correct_target_rate"": 0.75}",0.7500,match
deliverables/leadership_report/末端目标配准试验报告_CN.docx,4,5.2 拦截无人机之间的配准,,4,身份混合目标,0,research_modules/independent_experiments/center_terminal_cv_campaign/outputs/terminal_gnn_diagnostic_selection_20260819_v2/selection_summary.json,selected_cold_scenario_metrics.1,4,"[""mixed_identity_target_count""]","{""mixed_identity_target_count"": 0}",0,match
deliverables/leadership_report/末端目标配准试验报告_CN.docx,4,5.2 拦截无人机之间的配准,,4,未完成目标,0,research_modules/independent_experiments/center_terminal_cv_campaign/outputs/terminal_gnn_diagnostic_selection_20260819_v2/selection_summary.json,selected_cold_scenario_metrics.1,4,"[""unregistered_opportunity_target_count""]","{""unregistered_opportunity_target_count"": 0}",0,match
deliverables/leadership_report/末端目标配准试验报告_CN.docx,4,5.2 拦截无人机之间的配准,,5,机会目标,40,research_modules/independent_experiments/center_terminal_cv_campaign/outputs/terminal_gnn_diagnostic_selection_20260819_v2/selection_summary.json,geometry_scenario_metrics.2,2,"[""opportunity_target_count""]","{""opportunity_target_count"": 40}",40,match
deliverables/leadership_report/末端目标配准试验报告_CN.docx,4,5.2 拦截无人机之间的配准,,5,关系精度,0.9960,research_modules/independent_experiments/center_terminal_cv_campaign/outputs/terminal_gnn_diagnostic_selection_20260819_v2/selection_summary.json,geometry_scenario_metrics.2,2,"[""association_precision""]","{""association_precision"": 0.996046454163578}",0.9960,match
deliverables/leadership_report/末端目标配准试验报告_CN.docx,4,5.2 拦截无人机之间的配准,,5,关系覆盖度,0.9305,research_modules/independent_experiments/center_terminal_cv_campaign/outputs/terminal_gnn_diagnostic_selection_20260819_v2/selection_summary.json,geometry_scenario_metrics.2,2,"[""association_recall""]","{""association_recall"": 0.9305170821791321}",0.9305,match
deliverables/leadership_report/末端目标配准试验报告_CN.docx,4,5.2 拦截无人机之间的配准,,5,目标等权纯度,1.0000,research_modules/independent_experiments/center_terminal_cv_campaign/outputs/terminal_gnn_diagnostic_selection_20260819_v2/selection_summary.json,geometry_scenario_metrics.2,2,"[""target_equal_mean_purity""]","{""target_equal_mean_purity"": 1.0}",1.0000,match
deliverables/leadership_report/末端目标配准试验报告_CN.docx,4,5.2 拦截无人机之间的配准,,5,目标等权完整度,0.9710,research_modules/independent_experiments/center_terminal_cv_campaign/outputs/terminal_gnn_diagnostic_selection_20260819_v2/selection_summary.json,geometry_scenario_metrics.2,2,"[""target_equal_mean_completeness""]","{""target_equal_mean_completeness"": 0.9709627953745601}",0.9710,match
deliverables/leadership_report/末端目标配准试验报告_CN.docx,4,5.2 拦截无人机之间的配准,,5,独立正确成簇比例,0.7250,research_modules/independent_experiments/center_terminal_cv_campaign/outputs/terminal_gnn_diagnostic_selection_20260819_v2/selection_summary.json,geometry_scenario_metrics.2,2,"[""independently_correct_target_rate""]","{""independently_correct_target_rate"": 0.725}",0.7250,match
deliverables/leadership_report/末端目标配准试验报告_CN.docx,4,5.2 拦截无人机之间的配准,,5,身份混合目标,0,research_modules/independent_experiments/center_terminal_cv_campaign/outputs/terminal_gnn_diagnostic_selection_20260819_v2/selection_summary.json,geometry_scenario_metrics.2,2,"[""mixed_identity_target_count""]","{""mixed_identity_target_count"": 0}",0,match
deliverables/leadership_report/末端目标配准试验报告_CN.docx,4,5.2 拦截无人机之间的配准,,5,未完成目标,0,research_modules/independent_experiments/center_terminal_cv_campaign/outputs/terminal_gnn_diagnostic_selection_20260819_v2/selection_summary.json,geometry_scenario_metrics.2,2,"[""unregistered_opportunity_target_count""]","{""unregistered_opportunity_target_count"": 0}",0,match
deliverables/leadership_report/末端目标配准试验报告_CN.docx,4,5.2 拦截无人机之间的配准,,6,机会目标,40,research_modules/independent_experiments/center_terminal_cv_campaign/outputs/terminal_gnn_diagnostic_selection_20260819_v2/selection_summary.json,selected_cold_scenario_metrics.2,5,"[""opportunity_target_count""]","{""opportunity_target_count"": 40}",40,match
deliverables/leadership_report/末端目标配准试验报告_CN.docx,4,5.2 拦截无人机之间的配准,,6,关系精度,0.9971,research_modules/independent_experiments/center_terminal_cv_campaign/outputs/terminal_gnn_diagnostic_selection_20260819_v2/selection_summary.json,selected_cold_scenario_metrics.2,5,"[""association_precision""]","{""association_precision"": 0.9971247843588269}",0.9971,match
deliverables/leadership_report/末端目标配准试验报告_CN.docx,4,5.2 拦截无人机之间的配准,,6,关系覆盖度,0.4003,research_modules/independent_experiments/center_terminal_cv_campaign/outputs/terminal_gnn_diagnostic_selection_20260819_v2/selection_summary.json,selected_cold_scenario_metrics.2,5,"[""association_recall""]","{""association_recall"": 0.4002770083102493}",0.4003,match
deliverables/leadership_report/末端目标配准试验报告_CN.docx,4,5.2 拦截无人机之间的配准,,6,目标等权纯度,1.0000,research_modules/independent_experiments/center_terminal_cv_campaign/outputs/terminal_gnn_diagnostic_selection_20260819_v2/selection_summary.json,selected_cold_scenario_metrics.2,5,"[""target_equal_mean_purity""]","{""target_equal_mean_purity"": 1.0}",1.0000,match
deliverables/leadership_report/末端目标配准试验报告_CN.docx,4,5.2 拦截无人机之间的配准,,6,目标等权完整度,0.5666,research_modules/independent_experiments/center_terminal_cv_campaign/outputs/terminal_gnn_diagnostic_selection_20260819_v2/selection_summary.json,selected_cold_scenario_metrics.2,5,"[""target_equal_mean_completeness""]","{""target_equal_mean_completeness"": 0.5666353581059463}",0.5666,match
deliverables/leadership_report/末端目标配准试验报告_CN.docx,4,5.2 拦截无人机之间的配准,,6,独立正确成簇比例,0.1500,research_modules/independent_experiments/center_terminal_cv_campaign/outputs/terminal_gnn_diagnostic_selection_20260819_v2/selection_summary.json,selected_cold_scenario_metrics.2,5,"[""independently_correct_target_rate""]","{""independently_correct_target_rate"": 0.15}",0.1500,match
deliverables/leadership_report/末端目标配准试验报告_CN.docx,4,5.2 拦截无人机之间的配准,,6,身份混合目标,0,research_modules/independent_experiments/center_terminal_cv_campaign/outputs/terminal_gnn_diagnostic_selection_20260819_v2/selection_summary.json,selected_cold_scenario_metrics.2,5,"[""mixed_identity_target_count""]","{""mixed_identity_target_count"": 0}",0,match
deliverables/leadership_report/末端目标配准试验报告_CN.docx,4,5.2 拦截无人机之间的配准,,6,未完成目标,0,research_modules/independent_experiments/center_terminal_cv_campaign/outputs/terminal_gnn_diagnostic_selection_20260819_v2/selection_summary.json,selected_cold_scenario_metrics.2,5,"[""unregistered_opportunity_target_count""]","{""unregistered_opportunity_target_count"": 0}",0,match
deliverables/leadership_report/末端目标配准试验报告_CN.docx,5,5.2 拦截无人机之间的配准,,1,视场区相机对,16,research_modules/independent_experiments/center_terminal_cv_campaign/outputs/terminal_gnn_diagnostic_selection_20260819_v2/selection_summary.json,geometry_scenario_metrics.0,0,"[""retained_camera_pair_count""]","{""retained_camera_pair_count"": 16}",16,match
deliverables/leadership_report/末端目标配准试验报告_CN.docx,5,5.2 拦截无人机之间的配准,,1,候选关系,3296,research_modules/independent_experiments/center_terminal_cv_campaign/outputs/terminal_gnn_diagnostic_selection_20260819_v2/selection_summary.json,geometry_scenario_metrics.0,0,"[""candidate_edge_count""]","{""candidate_edge_count"": 3296}",3296,match
deliverables/leadership_report/末端目标配准试验报告_CN.docx,5,5.2 拦截无人机之间的配准,,1,无缓存耗时,1.03秒,research_modules/independent_experiments/center_terminal_cv_campaign/outputs/terminal_gnn_diagnostic_selection_20260819_v2/selection_summary.json,geometry_scenario_metrics.0,0,"[""elapsed_s""]","{""elapsed_s"": 1.0324074150012166}",1.03秒,match
deliverables/leadership_report/末端目标配准试验报告_CN.docx,5,5.2 拦截无人机之间的配准,,2,视场区相机对,16,research_modules/independent_experiments/center_terminal_cv_campaign/outputs/terminal_gnn_diagnostic_selection_20260819_v2/selection_summary.json,selected_cold_scenario_metrics.0,3,"[""retained_camera_pair_count""]","{""retained_camera_pair_count"": 16}",16,match
deliverables/leadership_report/末端目标配准试验报告_CN.docx,5,5.2 拦截无人机之间的配准,,2,候选关系,3296,research_modules/independent_experiments/center_terminal_cv_campaign/outputs/terminal_gnn_diagnostic_selection_20260819_v2/selection_summary.json,selected_cold_scenario_metrics.0,3,"[""candidate_edge_count""]","{""candidate_edge_count"": 3296}",3296,match
deliverables/leadership_report/末端目标配准试验报告_CN.docx,5,5.2 拦截无人机之间的配准,,2,无缓存耗时,1.18秒,research_modules/independent_experiments/center_terminal_cv_campaign/outputs/terminal_gnn_diagnostic_selection_20260819_v2/selection_summary.json,selected_cold_scenario_metrics.0,3,"[""elapsed_s""]","{""elapsed_s"": 1.1762436249991879}",1.18秒,match
deliverables/leadership_report/末端目标配准试验报告_CN.docx,5,5.2 拦截无人机之间的配准,,3,视场区相机对,267,research_modules/independent_experiments/center_terminal_cv_campaign/outputs/terminal_gnn_diagnostic_selection_20260819_v2/selection_summary.json,geometry_scenario_metrics.1,1,"[""retained_camera_pair_count""]","{""retained_camera_pair_count"": 267}",267,match
deliverables/leadership_report/末端目标配准试验报告_CN.docx,5,5.2 拦截无人机之间的配准,,3,候选关系,52635,research_modules/independent_experiments/center_terminal_cv_campaign/outputs/terminal_gnn_diagnostic_selection_20260819_v2/selection_summary.json,geometry_scenario_metrics.1,1,"[""candidate_edge_count""]","{""candidate_edge_count"": 52635}",52635,match
deliverables/leadership_report/末端目标配准试验报告_CN.docx,5,5.2 拦截无人机之间的配准,,3,无缓存耗时,16.39秒,research_modules/independent_experiments/center_terminal_cv_campaign/outputs/terminal_gnn_diagnostic_selection_20260819_v2/selection_summary.json,geometry_scenario_metrics.1,1,"[""elapsed_s""]","{""elapsed_s"": 16.392466400000558}",16.39秒,match
deliverables/leadership_report/末端目标配准试验报告_CN.docx,5,5.2 拦截无人机之间的配准,,4,视场区相机对,267,research_modules/independent_experiments/center_terminal_cv_campaign/outputs/terminal_gnn_diagnostic_selection_20260819_v2/selection_summary.json,selected_cold_scenario_metrics.1,4,"[""retained_camera_pair_count""]","{""retained_camera_pair_count"": 267}",267,match
deliverables/leadership_report/末端目标配准试验报告_CN.docx,5,5.2 拦截无人机之间的配准,,4,候选关系,52635,research_modules/independent_experiments/center_terminal_cv_campaign/outputs/terminal_gnn_diagnostic_selection_20260819_v2/selection_summary.json,selected_cold_scenario_metrics.1,4,"[""candidate_edge_count""]","{""candidate_edge_count"": 52635}",52635,match
deliverables/leadership_report/末端目标配准试验报告_CN.docx,5,5.2 拦截无人机之间的配准,,4,无缓存耗时,18.55秒,research_modules/independent_experiments/center_terminal_cv_campaign/outputs/terminal_gnn_diagnostic_selection_20260819_v2/selection_summary.json,selected_cold_scenario_metrics.1,4,"[""elapsed_s""]","{""elapsed_s"": 18.547808360999625}",18.55秒,match
deliverables/leadership_report/末端目标配准试验报告_CN.docx,5,5.2 拦截无人机之间的配准,,5,视场区相机对,403,research_modules/independent_experiments/center_terminal_cv_campaign/outputs/terminal_gnn_diagnostic_selection_20260819_v2/selection_summary.json,geometry_scenario_metrics.2,2,"[""retained_camera_pair_count""]","{""retained_camera_pair_count"": 403}",403,match
deliverables/leadership_report/末端目标配准试验报告_CN.docx,5,5.2 拦截无人机之间的配准,,5,候选关系,375236,research_modules/independent_experiments/center_terminal_cv_campaign/outputs/terminal_gnn_diagnostic_selection_20260819_v2/selection_summary.json,geometry_scenario_metrics.2,2,"[""candidate_edge_count""]","{""candidate_edge_count"": 375236}",375236,match
deliverables/leadership_report/末端目标配准试验报告_CN.docx,5,5.2 拦截无人机之间的配准,,5,无缓存耗时,122.69秒,research_modules/independent_experiments/center_terminal_cv_campaign/outputs/terminal_gnn_diagnostic_selection_20260819_v2/selection_summary.json,geometry_scenario_metrics.2,2,"[""elapsed_s""]","{""elapsed_s"": 122.68911314900106}",122.69秒,match
deliverables/leadership_report/末端目标配准试验报告_CN.docx,5,5.2 拦截无人机之间的配准,,6,视场区相机对,403,research_modules/independent_experiments/center_terminal_cv_campaign/outputs/terminal_gnn_diagnostic_selection_20260819_v2/selection_summary.json,selected_cold_scenario_metrics.2,5,"[""retained_camera_pair_count""]","{""retained_camera_pair_count"": 403}",403,match
deliverables/leadership_report/末端目标配准试验报告_CN.docx,5,5.2 拦截无人机之间的配准,,6,候选关系,375236,research_modules/independent_experiments/center_terminal_cv_campaign/outputs/terminal_gnn_diagnostic_selection_20260819_v2/selection_summary.json,selected_cold_scenario_metrics.2,5,"[""candidate_edge_count""]","{""candidate_edge_count"": 375236}",375236,match
deliverables/leadership_report/末端目标配准试验报告_CN.docx,5,5.2 拦截无人机之间的配准,,6,无缓存耗时,131.01秒,research_modules/independent_experiments/center_terminal_cv_campaign/outputs/terminal_gnn_diagnostic_selection_20260819_v2/selection_summary.json,selected_cold_scenario_metrics.2,5,"[""elapsed_s""]","{""elapsed_s"": 131.01444587399965}",131.01秒,match
