frame_id,timestamp,resource_id,camera_id,local_track_id,global_track_id,truth_global_track_id,mahalanobis_d2,pixel_error_px,gate_passed,selected,stable_cross_view_support,decision_state,reject_reasons,id_match
d5_cv_5v5_multicamera_formal_20260716_yolo_bytetrack:0000:D5_Primary_1:0,0.0,INT-01,D5_Primary_1:0,D5_Primary_1:0/yolov8_bytetrack:track:1,G-101,G-101,0.005133761327187794,5.104326687831523,True,True,False,candidate,stability_window_failed,True
d5_cv_5v5_multicamera_formal_20260716_yolo_bytetrack:0000:D5_Primary_1:0,0.0,INT-01,D5_Primary_1:0,D5_Primary_1:0/yolov8_bytetrack:track:2,G-101,,152.55614624673981,879.9043585845919,False,False,False,rejected,geometry_gate_rejected,
d5_cv_5v5_multicamera_formal_20260716_yolo_bytetrack:0000:D5_Primary_1:0,0.0,INT-01,D5_Primary_1:0,D5_Primary_1:0/yolov8_bytetrack:track:3,G-101,G-103,148.65045293331718,868.5678156254568,False,False,False,rejected,geometry_gate_rejected,
d5_cv_5v5_multicamera_formal_20260716_yolo_bytetrack:0000:D5_Primary_1:0,0.0,INT-01,D5_Primary_1:0,D5_Primary_1:0/yolov8_bytetrack:track:1,G-102,G-101,38.287491474306194,441.47550795665586,False,False,False,rejected,geometry_gate_rejected,
d5_cv_5v5_multicamera_formal_20260716_yolo_bytetrack:0000:D5_Primary_1:0,0.0,INT-01,D5_Primary_1:0,D5_Primary_1:0/yolov8_bytetrack:track:2,G-102,,38.184889624355556,440.8826949286058,False,False,False,rejected,geometry_gate_rejected,
d5_cv_5v5_multicamera_formal_20260716_yolo_bytetrack:0000:D5_Primary_1:0,0.0,INT-01,D5_Primary_1:0,D5_Primary_1:0/yolov8_bytetrack:track:3,G-102,G-103,36.243342910649865,429.52802911934197,False,False,False,rejected,geometry_gate_rejected,
d5_cv_5v5_multicamera_formal_20260716_yolo_bytetrack:0000:D5_Primary_1:0,0.0,INT-01,D5_Primary_1:0,D5_Primary_1:0/yolov8_bytetrack:track:1,G-103,G-101,156.97881260817223,897.4623357529956,False,False,False,rejected,geometry_gate_rejected,
d5_cv_5v5_multicamera_formal_20260716_yolo_bytetrack:0000:D5_Primary_1:0,0.0,INT-01,D5_Primary_1:0,D5_Primary_1:0/yolov8_bytetrack:track:2,G-103,,0.05008811198111775,16.023517435163356,True,True,False,candidate,stability_window_failed,
d5_cv_5v5_multicamera_formal_20260716_yolo_bytetrack:0000:D5_Primary_1:0,0.0,INT-01,D5_Primary_1:0,D5_Primary_1:0/yolov8_bytetrack:track:3,G-103,G-103,0.14070763026611766,26.86679182452148,True,False,False,candidate,,
d5_cv_5v5_multicamera_formal_20260716_yolo_bytetrack:0000:D5_Primary_1:0,0.0,INT-01,D5_Primary_1:0,D5_Primary_1:0/yolov8_bytetrack:track:1,G-104,G-101,,1338.1971711671404,False,False,False,rejected,projection_invalid,
d5_cv_5v5_multicamera_formal_20260716_yolo_bytetrack:0000:D5_Primary_1:0,0.0,INT-01,D5_Primary_1:0,D5_Primary_1:0/yolov8_bytetrack:track:2,G-104,,,456.062535439377,False,False,False,rejected,projection_invalid,
d5_cv_5v5_multicamera_formal_20260716_yolo_bytetrack:0000:D5_Primary_1:0,0.0,INT-01,D5_Primary_1:0,D5_Primary_1:0/yolov8_bytetrack:track:3,G-104,G-103,,467.4033367328286,False,False,False,rejected,projection_invalid,
d5_cv_5v5_multicamera_formal_20260716_yolo_bytetrack:0000:D5_Primary_1:0,0.0,INT-01,D5_Primary_1:0,D5_Primary_1:0/yolov8_bytetrack:track:1,G-105,G-101,,1764.7131082193303,False,False,False,rejected,projection_invalid,
d5_cv_5v5_multicamera_formal_20260716_yolo_bytetrack:0000:D5_Primary_1:0,0.0,INT-01,D5_Primary_1:0,D5_Primary_1:0/yolov8_bytetrack:track:2,G-105,,,882.5714509407512,False,False,False,rejected,projection_invalid,
d5_cv_5v5_multicamera_formal_20260716_yolo_bytetrack:0000:D5_Primary_1:0,0.0,INT-01,D5_Primary_1:0,D5_Primary_1:0/yolov8_bytetrack:track:3,G-105,G-103,,893.9043424311136,False,False,False,rejected,projection_invalid,
d5_cv_5v5_multicamera_formal_20260716_yolo_bytetrack:0000:D5_Primary_2:0,0.0,INT-02,D5_Primary_2:0,D5_Primary_2:0/yolov8_bytetrack:track:1,G-101,,38.26086710306849,441.2400033456038,False,False,False,rejected,geometry_gate_rejected,
d5_cv_5v5_multicamera_formal_20260716_yolo_bytetrack:0000:D5_Primary_2:0,0.0,INT-02,D5_Primary_2:0,D5_Primary_2:0/yolov8_bytetrack:track:2,G-101,G-101,0.01063745692060623,7.349844689028272,True,True,False,candidate,stability_window_failed,True
d5_cv_5v5_multicamera_formal_20260716_yolo_bytetrack:0000:D5_Primary_2:0,0.0,INT-02,D5_Primary_2:0,D5_Primary_2:0/yolov8_bytetrack:track:3,G-101,G-104,344.1054979059032,1323.2542318110445,False,False,False,rejected,geometry_gate_rejected,
d5_cv_5v5_multicamera_formal_20260716_yolo_bytetrack:0000:D5_Primary_2:0,0.0,INT-02,D5_Primary_2:0,D5_Primary_2:0/yolov8_bytetrack:track:1,G-102,,0.025374161882250206,11.349858345730965,True,True,False,candidate,stability_window_failed,
d5_cv_5v5_multicamera_formal_20260716_yolo_bytetrack:0000:D5_Primary_2:0,0.0,INT-02,D5_Primary_2:0,D5_Primary_2:0/yolov8_bytetrack:track:2,G-102,G-101,38.29641655243947,440.93385723095435,False,False,False,rejected,geometry_gate_rejected,
d5_cv_5v5_multicamera_formal_20260716_yolo_bytetrack:0000:D5_Primary_2:0,0.0,INT-02,D5_Primary_2:0,D5_Primary_2:0/yolov8_bytetrack:track:3,G-102,G-104,154.68547576554366,886.1743066705276,False,False,False,rejected,geometry_gate_rejected,
d5_cv_5v5_multicamera_formal_20260716_yolo_bytetrack:0000:D5_Primary_2:0,0.0,INT-02,D5_Primary_2:0,D5_Primary_2:0/yolov8_bytetrack:track:1,G-103,,40.528247386289344,454.1580649791861,False,False,False,rejected,geometry_gate_rejected,
d5_cv_5v5_multicamera_formal_20260716_yolo_bytetrack:0000:D5_Primary_2:0,0.0,INT-02,D5_Primary_2:0,D5_Primary_2:0/yolov8_bytetrack:track:2,G-103,G-101,158.8063145459625,899.0048164553353,False,False,False,rejected,geometry_gate_rejected,
d5_cv_5v5_multicamera_formal_20260716_yolo_bytetrack:0000:D5_Primary_2:0,0.0,INT-02,D5_Primary_2:0,D5_Primary_2:0/yolov8_bytetrack:track:3,G-103,G-104,35.98537462648288,427.94790296046364,False,False,False,rejected,geometry_gate_rejected,
d5_cv_5v5_multicamera_formal_20260716_yolo_bytetrack:0000:D5_Primary_2:0,0.0,INT-02,D5_Primary_2:0,D5_Primary_2:0/yolov8_bytetrack:track:1,G-104,,155.51005543267297,893.3575509526677,False,False,False,rejected,geometry_gate_rejected,
d5_cv_5v5_multicamera_formal_20260716_yolo_bytetrack:0000:D5_Primary_2:0,0.0,INT-02,D5_Primary_2:0,D5_Primary_2:0/yolov8_bytetrack:track:2,G-104,G-101,348.94570490018674,1338.212176509621,False,False,False,rejected,geometry_gate_rejected,
d5_cv_5v5_multicamera_formal_20260716_yolo_bytetrack:0000:D5_Primary_2:0,0.0,INT-02,D5_Primary_2:0,D5_Primary_2:0/yolov8_bytetrack:track:3,G-104,G-104,0.026057450847343115,11.56158775544686,True,True,False,candidate,stability_window_failed,True
d5_cv_5v5_multicamera_formal_20260716_yolo_bytetrack:0000:D5_Primary_2:0,0.0,INT-02,D5_Primary_2:0,D5_Primary_2:0/yolov8_bytetrack:track:1,G-105,,,1321.487464964664,False,False,False,rejected,projection_invalid,
d5_cv_5v5_multicamera_formal_20260716_yolo_bytetrack:0000:D5_Primary_2:0,0.0,INT-02,D5_Primary_2:0,D5_Primary_2:0/yolov8_bytetrack:track:2,G-105,G-101,,1766.3447672420052,False,False,False,rejected,projection_invalid,
d5_cv_5v5_multicamera_formal_20260716_yolo_bytetrack:0000:D5_Primary_2:0,0.0,INT-02,D5_Primary_2:0,D5_Primary_2:0/yolov8_bytetrack:track:3,G-105,G-104,,439.4510707914215,False,False,False,rejected,projection_invalid,
d5_cv_5v5_multicamera_formal_20260716_yolo_bytetrack:0000:D5_Primary_3:0,0.0,INT-03,D5_Primary_3:0,D5_Primary_3:0/yolov8_bytetrack:track:1,G-101,G-103,152.56554420952548,884.6268198064151,False,False,False,rejected,geometry_gate_rejected,
d5_cv_5v5_multicamera_formal_20260716_yolo_bytetrack:0000:D5_Primary_3:0,0.0,INT-03,D5_Primary_3:0,D5_Primary_3:0/yolov8_bytetrack:track:2,G-101,G-102,37.72158765053933,439.8722233473668,False,False,False,rejected,geometry_gate_rejected,
d5_cv_5v5_multicamera_formal_20260716_yolo_bytetrack:0000:D5_Primary_3:0,0.0,INT-03,D5_Primary_3:0,D5_Primary_3:0/yolov8_bytetrack:track:1,G-102,G-103,39.70667977510943,449.60399632242627,False,False,False,rejected,geometry_gate_rejected,
d5_cv_5v5_multicamera_formal_20260716_yolo_bytetrack:0000:D5_Primary_3:0,0.0,INT-03,D5_Primary_3:0,D5_Primary_3:0/yolov8_bytetrack:track:2,G-102,G-102,0.034488494647656465,13.234720211539251,True,True,False,candidate,stability_window_failed,True
d5_cv_5v5_multicamera_formal_20260716_yolo_bytetrack:0000:D5_Primary_3:0,0.0,INT-03,D5_Primary_3:0,D5_Primary_3:0/yolov8_bytetrack:track:1,G-103,G-103,0.031228583258723783,12.58903102153868,True,True,False,candidate,stability_window_failed,True
d5_cv_5v5_multicamera_formal_20260716_yolo_bytetrack:0000:D5_Primary_3:0,0.0,INT-03,D5_Primary_3:0,D5_Primary_3:0/yolov8_bytetrack:track:2,G-103,G-102,40.92038270116752,455.7072884228641,False,False,False,rejected,geometry_gate_rejected,
d5_cv_5v5_multicamera_formal_20260716_yolo_bytetrack:0000:D5_Primary_3:0,0.0,INT-03,D5_Primary_3:0,D5_Primary_3:0/yolov8_bytetrack:track:1,G-104,G-103,39.52994292025032,448.5764180579283,False,False,False,rejected,geometry_gate_rejected,
d5_cv_5v5_multicamera_formal_20260716_yolo_bytetrack:0000:D5_Primary_3:0,0.0,INT-03,D5_Primary_3:0,D5_Primary_3:0/yolov8_bytetrack:track:2,G-104,G-102,156.78760541636933,893.3655211540199,False,False,False,rejected,geometry_gate_rejected,
d5_cv_5v5_multicamera_formal_20260716_yolo_bytetrack:0000:D5_Primary_3:0,0.0,INT-03,D5_Primary_3:0,D5_Primary_3:0/yolov8_bytetrack:track:1,G-105,G-103,150.42617786546273,878.3207611575499,False,False,False,rejected,geometry_gate_rejected,
d5_cv_5v5_multicamera_formal_20260716_yolo_bytetrack:0000:D5_Primary_3:0,0.0,INT-03,D5_Primary_3:0,D5_Primary_3:0/yolov8_bytetrack:track:2,G-105,G-102,341.35877198681084,1323.1130924954778,False,False,False,rejected,geometry_gate_rejected,
d5_cv_5v5_multicamera_formal_20260716_yolo_bytetrack:0000:D5_Primary_4:0,0.0,INT-04,D5_Primary_4:0,D5_Primary_4:0/yolov8_bytetrack:track:1,G-101,G-104,,1328.0337414319115,False,False,False,rejected,projection_invalid,
d5_cv_5v5_multicamera_formal_20260716_yolo_bytetrack:0000:D5_Primary_4:0,0.0,INT-04,D5_Primary_4:0,D5_Primary_4:0/yolov8_bytetrack:track:2,G-101,G-103,,883.2456931115053,False,False,False,rejected,projection_invalid,
d5_cv_5v5_multicamera_formal_20260716_yolo_bytetrack:0000:D5_Primary_4:0,0.0,INT-04,D5_Primary_4:0,D5_Primary_4:0/yolov8_bytetrack:track:1,G-102,G-104,156.03686610222366,894.9387956665673,False,False,False,rejected,geometry_gate_rejected,
d5_cv_5v5_multicamera_formal_20260716_yolo_bytetrack:0000:D5_Primary_4:0,0.0,INT-04,D5_Primary_4:0,D5_Primary_4:0/yolov8_bytetrack:track:2,G-102,G-103,39.494562806427105,450.2436495349916,False,False,False,rejected,geometry_gate_rejected,
d5_cv_5v5_multicamera_formal_20260716_yolo_bytetrack:0000:D5_Primary_4:0,0.0,INT-04,D5_Primary_4:0,D5_Primary_4:0/yolov8_bytetrack:track:1,G-103,G-104,36.76189305911859,432.4825205951348,False,False,False,rejected,geometry_gate_rejected,
d5_cv_5v5_multicamera_formal_20260716_yolo_bytetrack:0000:D5_Primary_4:0,0.0,INT-04,D5_Primary_4:0,D5_Primary_4:0/yolov8_bytetrack:track:2,G-103,G-103,0.04332041743191553,14.840268967897728,True,True,False,candidate,stability_window_failed,True
d5_cv_5v5_multicamera_formal_20260716_yolo_bytetrack:0000:D5_Primary_4:0,0.0,INT-04,D5_Primary_4:0,D5_Primary_4:0/yolov8_bytetrack:track:1,G-104,G-104,0.0029118521526037234,3.8446483609098934,True,True,False,candidate,stability_window_failed,True
d5_cv_5v5_multicamera_formal_20260716_yolo_bytetrack:0000:D5_Primary_4:0,0.0,INT-04,D5_Primary_4:0,D5_Primary_4:0/yolov8_bytetrack:track:2,G-104,G-103,39.64146098806771,448.5870976985421,False,False,False,rejected,geometry_gate_rejected,
d5_cv_5v5_multicamera_formal_20260716_yolo_bytetrack:0000:D5_Primary_4:0,0.0,INT-04,D5_Primary_4:0,D5_Primary_4:0/yolov8_bytetrack:track:1,G-105,G-104,37.215031713802695,435.14431511716583,False,False,False,rejected,geometry_gate_rejected,
d5_cv_5v5_multicamera_formal_20260716_yolo_bytetrack:0000:D5_Primary_4:0,0.0,INT-04,D5_Primary_4:0,D5_Primary_4:0/yolov8_bytetrack:track:2,G-105,G-103,152.18392448614907,879.9510458650612,False,False,False,rejected,geometry_gate_rejected,
d5_cv_5v5_multicamera_formal_20260716_yolo_bytetrack:0000:D5_Primary_5:0,0.0,INT-05,D5_Primary_5:0,D5_Primary_5:0/yolov8_bytetrack:track:1,G-101,G-105,,1771.455909520897,False,False,False,rejected,projection_invalid,
d5_cv_5v5_multicamera_formal_20260716_yolo_bytetrack:0000:D5_Primary_5:0,0.0,INT-05,D5_Primary_5:0,D5_Primary_5:0/yolov8_bytetrack:track:2,G-101,G-104,,1326.6556124880674,False,False,False,rejected,projection_invalid,
d5_cv_5v5_multicamera_formal_20260716_yolo_bytetrack:0000:D5_Primary_5:0,0.0,INT-05,D5_Primary_5:0,D5_Primary_5:0/yolov8_bytetrack:track:1,G-102,G-105,,1340.328392105719,False,False,False,rejected,projection_invalid,
d5_cv_5v5_multicamera_formal_20260716_yolo_bytetrack:0000:D5_Primary_5:0,0.0,INT-05,D5_Primary_5:0,D5_Primary_5:0/yolov8_bytetrack:track:2,G-102,G-104,,895.5622195015598,False,False,False,rejected,projection_invalid,
d5_cv_5v5_multicamera_formal_20260716_yolo_bytetrack:0000:D5_Primary_5:0,0.0,INT-05,D5_Primary_5:0,D5_Primary_5:0/yolov8_bytetrack:track:1,G-103,G-105,149.55583398905594,875.7524010507476,False,False,False,rejected,geometry_gate_rejected,
d5_cv_5v5_multicamera_formal_20260716_yolo_bytetrack:0000:D5_Primary_5:0,0.0,INT-05,D5_Primary_5:0,D5_Primary_5:0/yolov8_bytetrack:track:2,G-103,G-104,36.22344251543799,430.9968237043792,False,False,False,rejected,geometry_gate_rejected,
d5_cv_5v5_multicamera_formal_20260716_yolo_bytetrack:0000:D5_Primary_5:0,0.0,INT-05,D5_Primary_5:0,D5_Primary_5:0/yolov8_bytetrack:track:1,G-104,G-105,38.21402007974386,441.0248311987191,False,False,False,rejected,geometry_gate_rejected,
d5_cv_5v5_multicamera_formal_20260716_yolo_bytetrack:0000:D5_Primary_5:0,0.0,INT-05,D5_Primary_5:0,D5_Primary_5:0/yolov8_bytetrack:track:2,G-104,G-104,0.003054279412494571,3.9424191150288657,True,True,False,candidate,stability_window_failed,True
d5_cv_5v5_multicamera_formal_20260716_yolo_bytetrack:0000:D5_Primary_5:0,0.0,INT-05,D5_Primary_5:0,D5_Primary_5:0/yolov8_bytetrack:track:1,G-105,G-105,0.014079802472329669,8.452992635096596,True,True,False,candidate,stability_window_failed,True
d5_cv_5v5_multicamera_formal_20260716_yolo_bytetrack:0000:D5_Primary_5:0,0.0,INT-05,D5_Primary_5:0,D5_Primary_5:0/yolov8_bytetrack:track:2,G-105,G-104,37.59156882668036,436.7746735666145,False,False,False,rejected,geometry_gate_rejected,
d5_cv_5v5_multicamera_formal_20260716_yolo_bytetrack:0000:D5_Recon_1:0,0.0,RECON-01,D5_Recon_1:0,D5_Recon_1:0:det:0001,G-101,G-101,3.64809558389056e-05,0.8385095259071395,True,True,False,candidate,stability_window_failed,True
d5_cv_5v5_multicamera_formal_20260716_yolo_bytetrack:0000:D5_Recon_1:0,0.0,RECON-01,D5_Recon_1:0,D5_Recon_1:0:det:0002,G-101,G-102,8.260114828936231,398.9954669519339,True,False,False,candidate,,
d5_cv_5v5_multicamera_formal_20260716_yolo_bytetrack:0000:D5_Recon_1:0,0.0,RECON-01,D5_Recon_1:0,D5_Recon_1:0:det:0003,G-101,G-103,33.1337169597265,799.1163165055132,False,False,False,rejected,geometry_gate_rejected,
d5_cv_5v5_multicamera_formal_20260716_yolo_bytetrack:0000:D5_Recon_1:0,0.0,RECON-01,D5_Recon_1:0,D5_Recon_1:0:det:0004,G-101,G-104,74.62087210989614,1199.2371660963245,False,False,False,rejected,geometry_gate_rejected,
d5_cv_5v5_multicamera_formal_20260716_yolo_bytetrack:0000:D5_Recon_1:0,0.0,RECON-01,D5_Recon_1:0,D5_Recon_1:0:det:0005,G-101,G-105,132.6739536806975,1599.0710283917417,False,False,False,rejected,geometry_gate_rejected,
d5_cv_5v5_multicamera_formal_20260716_yolo_bytetrack:0000:D5_Recon_1:0,0.0,RECON-01,D5_Recon_1:0,D5_Recon_1:0:det:0001,G-102,G-101,8.101983020819935,395.04306731687075,True,False,False,candidate,,
d5_cv_5v5_multicamera_formal_20260716_yolo_bytetrack:0000:D5_Recon_1:0,0.0,RECON-01,D5_Recon_1:0,D5_Recon_1:0:det:0002,G-102,G-102,0.003554647095446295,8.27403330218601,True,True,False,candidate,stability_window_failed,True
d5_cv_5v5_multicamera_formal_20260716_yolo_bytetrack:0000:D5_Recon_1:0,0.0,RECON-01,D5_Recon_1:0,D5_Recon_1:0:det:0003,G-102,G-103,8.516557952627823,405.02411862268104,True,False,False,candidate,,
d5_cv_5v5_multicamera_formal_20260716_yolo_bytetrack:0000:D5_Recon_1:0,0.0,RECON-01,D5_Recon_1:0,D5_Recon_1:0:det:0004,G-102,G-104,33.65276472139141,805.1173841678801,False,False,False,rejected,geometry_gate_rejected,
d5_cv_5v5_multicamera_formal_20260716_yolo_bytetrack:0000:D5_Recon_1:0,0.0,RECON-01,D5_Recon_1:0,D5_Recon_1:0:det:0005,G-102,G-105,75.37626571770669,1204.9419814829837,False,False,False,rejected,geometry_gate_rejected,
d5_cv_5v5_multicamera_formal_20260716_yolo_bytetrack:0000:D5_Recon_1:0,0.0,RECON-01,D5_Recon_1:0,D5_Recon_1:0:det:0001,G-103,G-101,34.07284404536833,810.0302071348812,False,False,False,rejected,geometry_gate_rejected,
d5_cv_5v5_multicamera_formal_20260716_yolo_bytetrack:0000:D5_Recon_1:0,0.0,RECON-01,D5_Recon_1:0,D5_Recon_1:0:det:0002,G-103,G-102,8.7375497183205,410.1964069176535,True,False,False,candidate,,
d5_cv_5v5_multicamera_formal_20260716_yolo_bytetrack:0000:D5_Recon_1:0,0.0,RECON-01,D5_Recon_1:0,D5_Recon_1:0:det:0003,G-103,G-103,0.0052819855851633,10.085458061166095,True,True,False,candidate,stability_window_failed,True
d5_cv_5v5_multicamera_formal_20260716_yolo_bytetrack:0000:D5_Recon_1:0,0.0,RECON-01,D5_Recon_1:0,D5_Recon_1:0:det:0004,G-103,G-104,7.90018346284488,390.0458040598695,True,False,False,candidate,,
d5_cv_5v5_multicamera_formal_20260716_yolo_bytetrack:0000:D5_Recon_1:0,0.0,RECON-01,D5_Recon_1:0,D5_Recon_1:0:det:0005,G-103,G-105,32.39870700194799,789.8795335779193,False,False,False,rejected,geometry_gate_rejected,
d5_cv_5v5_multicamera_formal_20260716_yolo_bytetrack:0000:D5_Recon_1:0,0.0,RECON-01,D5_Recon_1:0,D5_Recon_1:0:det:0001,G-104,G-101,75.20860150917218,1203.5595232761002,False,False,False,rejected,geometry_gate_rejected,
d5_cv_5v5_multicamera_formal_20260716_yolo_bytetrack:0000:D5_Recon_1:0,0.0,RECON-01,D5_Recon_1:0,D5_Recon_1:0:det:0002,G-104,G-102,33.539207860356946,803.730073459398,False,False,False,rejected,geometry_gate_rejected,
d5_cv_5v5_multicamera_formal_20260716_yolo_bytetrack:0000:D5_Recon_1:0,0.0,RECON-01,D5_Recon_1:0,D5_Recon_1:0:det:0003,G-104,G-103,8.458303301534869,403.6225732377767,True,False,False,candidate,,
d5_cv_5v5_multicamera_formal_20260716_yolo_bytetrack:0000:D5_Recon_1:0,0.0,RECON-01,D5_Recon_1:0,D5_Recon_1:0:det:0004,G-104,G-104,0.0017510105355434888,5.806966107676435,True,True,False,candidate,stability_window_failed,True
d5_cv_5v5_multicamera_formal_20260716_yolo_bytetrack:0000:D5_Recon_1:0,0.0,RECON-01,D5_Recon_1:0,D5_Recon_1:0:det:0005,G-104,G-105,8.157734974936176,396.38625900803135,True,False,False,candidate,,
d5_cv_5v5_multicamera_formal_20260716_yolo_bytetrack:0000:D5_Recon_1:0,0.0,RECON-01,D5_Recon_1:0,D5_Recon_1:0:det:0001,G-105,G-101,131.7942665079899,1593.7416665883925,False,False,False,rejected,geometry_gate_rejected,
d5_cv_5v5_multicamera_formal_20260716_yolo_bytetrack:0000:D5_Recon_1:0,0.0,RECON-01,D5_Recon_1:0,D5_Recon_1:0:det:0002,G-105,G-102,73.960910535972,1193.9078090598582,False,False,False,rejected,geometry_gate_rejected,
d5_cv_5v5_multicamera_formal_20260716_yolo_bytetrack:0000:D5_Recon_1:0,0.0,RECON-01,D5_Recon_1:0,D5_Recon_1:0:det:0003,G-105,G-103,32.694050415473654,793.7870916792713,False,False,False,rejected,geometry_gate_rejected,
d5_cv_5v5_multicamera_formal_20260716_yolo_bytetrack:0000:D5_Recon_1:0,0.0,RECON-01,D5_Recon_1:0,D5_Recon_1:0:det:0004,G-105,G-104,8.041145075843223,393.6666430921174,True,False,False,candidate,,
d5_cv_5v5_multicamera_formal_20260716_yolo_bytetrack:0000:D5_Recon_1:0,0.0,RECON-01,D5_Recon_1:0,D5_Recon_1:0:det:0005,G-105,G-105,0.0020065479397243053,6.218584152504064,True,True,False,candidate,stability_window_failed,True
d5_cv_5v5_multicamera_formal_20260716_yolo_bytetrack:0001:D5_Primary_1:0,0.25,INT-01,D5_Primary_1:0,D5_Primary_1:0/yolov8_bytetrack:track:1,G-101,G-101,0.003961647998358894,4.48392631303302,True,True,True,registered,registered_to_global_track,True
d5_cv_5v5_multicamera_formal_20260716_yolo_bytetrack:0001:D5_Primary_1:0,0.25,INT-01,D5_Primary_1:0,D5_Primary_1:0/yolov8_bytetrack:track:1,G-102,G-101,37.5709929332527,437.2874790354252,False,False,False,rejected,geometry_gate_rejected,
d5_cv_5v5_multicamera_formal_20260716_yolo_bytetrack:0001:D5_Primary_1:0,0.25,INT-01,D5_Primary_1:0,D5_Primary_1:0/yolov8_bytetrack:track:1,G-103,G-101,153.67939160007526,887.7474023011821,False,False,False,rejected,geometry_gate_rejected,
d5_cv_5v5_multicamera_formal_20260716_yolo_bytetrack:0001:D5_Primary_1:0,0.25,INT-01,D5_Primary_1:0,D5_Primary_1:0/yolov8_bytetrack:track:1,G-104,G-101,,1321.682537140021,False,False,False,rejected,projection_invalid,
d5_cv_5v5_multicamera_formal_20260716_yolo_bytetrack:0001:D5_Primary_1:0,0.25,INT-01,D5_Primary_1:0,D5_Primary_1:0/yolov8_bytetrack:track:1,G-105,G-101,,1740.277129794967,False,False,False,rejected,projection_invalid,
d5_cv_5v5_multicamera_formal_20260716_yolo_bytetrack:0001:D5_Primary_2:0,0.25,INT-02,D5_Primary_2:0,D5_Primary_2:0/yolov8_bytetrack:track:1,G-101,G-102,37.72998382122776,438.1771598518506,False,False,False,rejected,geometry_gate_rejected,
d5_cv_5v5_multicamera_formal_20260716_yolo_bytetrack:0001:D5_Primary_2:0,0.25,INT-02,D5_Primary_2:0,D5_Primary_2:0/yolov8_bytetrack:track:1,G-102,G-102,0.02362965418310819,10.952754377763673,True,True,True,registered,registered_to_global_track,True
d5_cv_5v5_multicamera_formal_20260716_yolo_bytetrack:0001:D5_Primary_2:0,0.25,INT-02,D5_Primary_2:0,D5_Primary_2:0/yolov8_bytetrack:track:1,G-103,G-102,39.84040242816328,450.2589310757281,False,False,False,rejected,geometry_gate_rejected,
d5_cv_5v5_multicamera_formal_20260716_yolo_bytetrack:0001:D5_Primary_2:0,0.25,INT-02,D5_Primary_2:0,D5_Primary_2:0/yolov8_bytetrack:track:1,G-104,G-102,152.57452192241175,884.7099618265969,False,False,False,rejected,geometry_gate_rejected,
d5_cv_5v5_multicamera_formal_20260716_yolo_bytetrack:0001:D5_Primary_2:0,0.25,INT-02,D5_Primary_2:0,D5_Primary_2:0/yolov8_bytetrack:track:1,G-105,G-102,,1307.3338904559505,False,False,False,rejected,projection_invalid,
d5_cv_5v5_multicamera_formal_20260716_yolo_bytetrack:0001:D5_Primary_3:0,0.25,INT-03,D5_Primary_3:0,D5_Primary_3:0/yolov8_bytetrack:track:1,G-101,G-103,150.45201854327354,878.4481231634306,False,False,False,rejected,geometry_gate_rejected,
d5_cv_5v5_multicamera_formal_20260716_yolo_bytetrack:0001:D5_Primary_3:0,0.25,INT-03,D5_Primary_3:0,D5_Primary_3:0/yolov8_bytetrack:track:1,G-102,G-103,39.130905842063,446.3308804181703,False,False,False,rejected,geometry_gate_rejected,
d5_cv_5v5_multicamera_formal_20260716_yolo_bytetrack:0001:D5_Primary_3:0,0.25,INT-03,D5_Primary_3:0,D5_Primary_3:0/yolov8_bytetrack:track:1,G-103,G-103,0.03132540626307046,12.608531782520906,True,True,True,registered,registered_to_global_track,True
d5_cv_5v5_multicamera_formal_20260716_yolo_bytetrack:0001:D5_Primary_3:0,0.25,INT-03,D5_Primary_3:0,D5_Primary_3:0/yolov8_bytetrack:track:1,G-104,G-103,38.88737614017887,444.8980762267475,False,False,False,rejected,geometry_gate_rejected,
d5_cv_5v5_multicamera_formal_20260716_yolo_bytetrack:0001:D5_Primary_3:0,0.25,INT-03,D5_Primary_3:0,D5_Primary_3:0/yolov8_bytetrack:track:1,G-105,G-103,147.84993235295153,870.6537249067314,False,False,False,rejected,geometry_gate_rejected,
d5_cv_5v5_multicamera_formal_20260716_yolo_bytetrack:0001:D5_Primary_4:0,0.25,INT-04,D5_Primary_4:0,D5_Primary_4:0/yolov8_bytetrack:track:1,G-101,G-104,,1317.164305524198,False,False,False,rejected,projection_invalid,
d5_cv_5v5_multicamera_formal_20260716_yolo_bytetrack:0001:D5_Primary_4:0,0.25,INT-04,D5_Primary_4:0,D5_Primary_4:0/yolov8_bytetrack:track:1,G-102,G-104,153.58761804326483,887.7981627821454,False,False,False,rejected,geometry_gate_rejected,
d5_cv_5v5_multicamera_formal_20260716_yolo_bytetrack:0001:D5_Primary_4:0,0.25,INT-04,D5_Primary_4:0,D5_Primary_4:0/yolov8_bytetrack:track:1,G-103,G-104,36.17583121906802,429.0104505972932,False,False,False,rejected,geometry_gate_rejected,
d5_cv_5v5_multicamera_formal_20260716_yolo_bytetrack:0001:D5_Primary_4:0,0.25,INT-04,D5_Primary_4:0,D5_Primary_4:0/yolov8_bytetrack:track:1,G-104,G-104,0.0027584257174968784,3.7419905447413973,True,True,True,registered,registered_to_global_track,True
d5_cv_5v5_multicamera_formal_20260716_yolo_bytetrack:0001:D5_Primary_4:0,0.25,INT-04,D5_Primary_4:0,D5_Primary_4:0/yolov8_bytetrack:track:1,G-105,G-104,36.630538997343756,431.7070436343132,False,False,False,rejected,geometry_gate_rejected,
d5_cv_5v5_multicamera_formal_20260716_yolo_bytetrack:0001:D5_Primary_5:0,0.25,INT-05,D5_Primary_5:0,D5_Primary_5:0/yolov8_bytetrack:track:1,G-101,G-105,,1752.8980407175616,False,False,False,rejected,projection_invalid,
d5_cv_5v5_multicamera_formal_20260716_yolo_bytetrack:0001:D5_Primary_5:0,0.25,INT-05,D5_Primary_5:0,D5_Primary_5:0/yolov8_bytetrack:track:1,G-102,G-105,,1327.2422018107475,False,False,False,rejected,projection_invalid,
d5_cv_5v5_multicamera_formal_20260716_yolo_bytetrack:0001:D5_Primary_5:0,0.25,INT-05,D5_Primary_5:0,D5_Primary_5:0/yolov8_bytetrack:track:1,G-103,G-105,146.87136200041456,867.7195679715952,False,False,False,rejected,geometry_gate_rejected,
d5_cv_5v5_multicamera_formal_20260716_yolo_bytetrack:0001:D5_Primary_5:0,0.25,INT-05,D5_Primary_5:0,D5_Primary_5:0/yolov8_bytetrack:track:1,G-104,G-105,37.57898641112804,437.323276758702,False,False,False,rejected,geometry_gate_rejected,
d5_cv_5v5_multicamera_formal_20260716_yolo_bytetrack:0001:D5_Primary_5:0,0.25,INT-05,D5_Primary_5:0,D5_Primary_5:0/yolov8_bytetrack:track:1,G-105,G-105,0.014678269685065389,8.630765557683171,True,True,True,registered,registered_to_global_track,True
d5_cv_5v5_multicamera_formal_20260716_yolo_bytetrack:0001:D5_Recon_1:0,0.25,RECON-01,D5_Recon_1:0,D5_Recon_1:0:det:0001,G-101,G-101,3.8003431697845144e-05,0.8558219655948379,True,True,True,registered,registered_to_global_track,True
d5_cv_5v5_multicamera_formal_20260716_yolo_bytetrack:0001:D5_Recon_1:0,0.25,RECON-01,D5_Recon_1:0,D5_Recon_1:0:det:0002,G-101,G-102,8.130657080677784,395.8538848060109,True,False,False,candidate,,
d5_cv_5v5_multicamera_formal_20260716_yolo_bytetrack:0001:D5_Recon_1:0,0.25,RECON-01,D5_Recon_1:0,D5_Recon_1:0:det:0003,G-101,G-103,32.61679967059375,792.8531612842359,False,False,False,rejected,geometry_gate_rejected,
d5_cv_5v5_multicamera_formal_20260716_yolo_bytetrack:0001:D5_Recon_1:0,0.25,RECON-01,D5_Recon_1:0,D5_Recon_1:0:det:0004,G-101,G-104,73.4584129330025,1189.8517663060998,False,False,False,rejected,geometry_gate_rejected,
d5_cv_5v5_multicamera_formal_20260716_yolo_bytetrack:0001:D5_Recon_1:0,0.25,RECON-01,D5_Recon_1:0,D5_Recon_1:0:det:0005,G-101,G-105,130.60757644668112,1586.5591731938212,False,False,False,rejected,geometry_gate_rejected,
d5_cv_5v5_multicamera_formal_20260716_yolo_bytetrack:0001:D5_Recon_1:0,0.25,RECON-01,D5_Recon_1:0,D5_Recon_1:0:det:0001,G-102,G-101,7.974491996191941,391.92195599621533,True,False,False,candidate,,
d5_cv_5v5_multicamera_formal_20260716_yolo_bytetrack:0001:D5_Recon_1:0,0.25,RECON-01,D5_Recon_1:0,D5_Recon_1:0:det:0002,G-102,G-102,0.0035545784403004472,8.273948505705757,True,True,True,registered,registered_to_global_track,True
d5_cv_5v5_multicamera_formal_20260716_yolo_bytetrack:0001:D5_Recon_1:0,0.25,RECON-01,D5_Recon_1:0,D5_Recon_1:0:det:0003,G-102,G-103,8.385717325519089,401.9002183350676,True,False,False,candidate,,
d5_cv_5v5_multicamera_formal_20260716_yolo_bytetrack:0001:D5_Recon_1:0,0.25,RECON-01,D5_Recon_1:0,D5_Recon_1:0:det:0004,G-102,G-104,33.13271789697957,798.8710093127673,False,False,False,rejected,geometry_gate_rejected,
d5_cv_5v5_multicamera_formal_20260716_yolo_bytetrack:0001:D5_Recon_1:0,0.25,RECON-01,D5_Recon_1:0,D5_Recon_1:0:det:0005,G-102,G-105,74.20840422268343,1195.5690767767321,False,False,False,rejected,geometry_gate_rejected,
d5_cv_5v5_multicamera_formal_20260716_yolo_bytetrack:0001:D5_Recon_1:0,0.25,RECON-01,D5_Recon_1:0,D5_Recon_1:0:det:0001,G-103,G-101,33.54947144150271,803.7848923930716,False,False,False,rejected,geometry_gate_rejected,
d5_cv_5v5_multicamera_formal_20260716_yolo_bytetrack:0001:D5_Recon_1:0,0.25,RECON-01,D5_Recon_1:0,D5_Recon_1:0:det:0002,G-103,G-102,8.605098228780127,407.0754522382182,True,False,False,candidate,,
d5_cv_5v5_multicamera_formal_20260716_yolo_bytetrack:0001:D5_Recon_1:0,0.25,RECON-01,D5_Recon_1:0,D5_Recon_1:0:det:0003,G-103,G-103,0.005280890854173304,10.08441230663411,True,True,True,registered,registered_to_global_track,True
d5_cv_5v5_multicamera_formal_20260716_yolo_bytetrack:0001:D5_Recon_1:0,0.25,RECON-01,D5_Recon_1:0,D5_Recon_1:0:det:0004,G-103,G-104,7.774183368941633,386.922858815559,True,False,False,candidate,,
d5_cv_5v5_multicamera_formal_20260716_yolo_bytetrack:0001:D5_Recon_1:0,0.25,RECON-01,D5_Recon_1:0,D5_Recon_1:0:det:0005,G-103,G-105,31.888073525559403,783.6301540297461,False,False,False,rejected,geometry_gate_rejected,
d5_cv_5v5_multicamera_formal_20260716_yolo_bytetrack:0001:D5_Recon_1:0,0.25,RECON-01,D5_Recon_1:0,D5_Recon_1:0:det:0001,G-104,G-101,74.04148226653676,1194.1823815245864,False,False,False,rejected,geometry_gate_rejected,
d5_cv_5v5_multicamera_formal_20260716_yolo_bytetrack:0001:D5_Recon_1:0,0.25,RECON-01,D5_Recon_1:0,D5_Recon_1:0:det:0002,G-104,G-102,33.01950913184146,797.4774560905919,False,False,False,rejected,geometry_gate_rejected,
d5_cv_5v5_multicamera_formal_20260716_yolo_bytetrack:0001:D5_Recon_1:0,0.25,RECON-01,D5_Recon_1:0,D5_Recon_1:0:det:0003,G-104,G-103,8.327629012419942,400.4919533774898,True,False,False,candidate,,
d5_cv_5v5_multicamera_formal_20260716_yolo_bytetrack:0001:D5_Recon_1:0,0.25,RECON-01,D5_Recon_1:0,D5_Recon_1:0:det:0004,G-104,G-104,0.0017744065724511601,5.845624639612381,True,True,True,registered,registered_to_global_track,True
d5_cv_5v5_multicamera_formal_20260716_yolo_bytetrack:0001:D5_Recon_1:0,0.25,RECON-01,D5_Recon_1:0,D5_Recon_1:0:det:0005,G-104,G-105,8.029994817080672,393.2699085397516,True,False,False,candidate,,
d5_cv_5v5_multicamera_formal_20260716_yolo_bytetrack:0001:D5_Recon_1:0,0.25,RECON-01,D5_Recon_1:0,D5_Recon_1:0:det:0001,G-105,G-101,129.73556955203958,1581.234842728579,False,False,False,rejected,geometry_gate_rejected,
d5_cv_5v5_multicamera_formal_20260716_yolo_bytetrack:0001:D5_Recon_1:0,0.25,RECON-01,D5_Recon_1:0,D5_Recon_1:0:det:0002,G-105,G-102,72.80396603596236,1184.5253605478817,False,False,False,rejected,geometry_gate_rejected,
d5_cv_5v5_multicamera_formal_20260716_yolo_bytetrack:0001:D5_Recon_1:0,0.25,RECON-01,D5_Recon_1:0,D5_Recon_1:0:det:0003,G-105,G-103,32.18076333254865,787.5262068148567,False,False,False,rejected,geometry_gate_rejected,
d5_cv_5v5_multicamera_formal_20260716_yolo_bytetrack:0001:D5_Recon_1:0,0.25,RECON-01,D5_Recon_1:0,D5_Recon_1:0:det:0004,G-105,G-104,7.913536513519378,390.5279748332807,True,False,False,candidate,,
d5_cv_5v5_multicamera_formal_20260716_yolo_bytetrack:0001:D5_Recon_1:0,0.25,RECON-01,D5_Recon_1:0,D5_Recon_1:0:det:0005,G-105,G-105,0.002011808771296599,6.226694337605058,True,True,True,registered,registered_to_global_track,True
d5_cv_5v5_multicamera_formal_20260716_yolo_bytetrack:0002:D5_Primary_1:0,0.5,INT-01,D5_Primary_1:0,D5_Primary_1:0/yolov8_bytetrack:track:1,G-101,G-101,0.0036007538397294743,4.274813167729494,True,True,True,registered,registered_to_global_track,True
d5_cv_5v5_multicamera_formal_20260716_yolo_bytetrack:0002:D5_Primary_1:0,0.5,INT-01,D5_Primary_1:0,D5_Primary_1:0/yolov8_bytetrack:track:1,G-102,G-101,36.81727456333904,432.8424673824451,False,False,False,rejected,geometry_gate_rejected,
d5_cv_5v5_multicamera_formal_20260716_yolo_bytetrack:0002:D5_Primary_1:0,0.5,INT-01,D5_Primary_1:0,D5_Primary_1:0/yolov8_bytetrack:track:1,G-103,G-101,150.34375278166326,877.8360401842332,False,False,False,rejected,geometry_gate_rejected,
d5_cv_5v5_multicamera_formal_20260716_yolo_bytetrack:0002:D5_Primary_1:0,0.5,INT-01,D5_Primary_1:0,D5_Primary_1:0/yolov8_bytetrack:track:1,G-104,G-101,,1305.1043936095061,False,False,False,rejected,projection_invalid,
d5_cv_5v5_multicamera_formal_20260716_yolo_bytetrack:0002:D5_Primary_1:0,0.5,INT-01,D5_Primary_1:0,D5_Primary_1:0/yolov8_bytetrack:track:1,G-105,G-101,,1715.98925164761,False,False,False,rejected,projection_invalid,
d5_cv_5v5_multicamera_formal_20260716_yolo_bytetrack:0002:D5_Primary_2:0,0.5,INT-02,D5_Primary_2:0,D5_Primary_2:0/yolov8_bytetrack:track:1,G-101,G-102,37.2122330584414,435.1690688045014,False,False,False,rejected,geometry_gate_rejected,
d5_cv_5v5_multicamera_formal_20260716_yolo_bytetrack:0002:D5_Primary_2:0,0.5,INT-02,D5_Primary_2:0,D5_Primary_2:0/yolov8_bytetrack:track:5,G-101,G-103,149.4617216319961,872.1278398422052,False,False,False,rejected,geometry_gate_rejected,
d5_cv_5v5_multicamera_formal_20260716_yolo_bytetrack:0002:D5_Primary_2:0,0.5,INT-02,D5_Primary_2:0,D5_Primary_2:0/yolov8_bytetrack:track:1,G-102,G-102,0.02241903347110879,10.668495675617855,True,True,True,registered,registered_to_global_track,True
d5_cv_5v5_multicamera_formal_20260716_yolo_bytetrack:0002:D5_Primary_2:0,0.5,INT-02,D5_Primary_2:0,D5_Primary_2:0/yolov8_bytetrack:track:5,G-102,G-103,38.34278154236621,441.2008594640967,False,False,False,rejected,geometry_gate_rejected,
d5_cv_5v5_multicamera_formal_20260716_yolo_bytetrack:0002:D5_Primary_2:0,0.5,INT-02,D5_Primary_2:0,D5_Primary_2:0/yolov8_bytetrack:track:1,G-103,G-102,39.14784211256565,446.30032956841586,False,False,False,rejected,geometry_gate_rejected,
d5_cv_5v5_multicamera_formal_20260716_yolo_bytetrack:0002:D5_Primary_2:0,0.5,INT-02,D5_Primary_2:0,D5_Primary_2:0/yolov8_bytetrack:track:5,G-103,G-103,0.02543982561666911,11.372087353236678,True,True,False,candidate,stability_window_failed,True
d5_cv_5v5_multicamera_formal_20260716_yolo_bytetrack:0002:D5_Primary_2:0,0.5,INT-02,D5_Primary_2:0,D5_Primary_2:0/yolov8_bytetrack:track:1,G-104,G-102,149.65739486792802,876.0415036740642,False,False,False,rejected,geometry_gate_rejected,
d5_cv_5v5_multicamera_formal_20260716_yolo_bytetrack:0002:D5_Primary_2:0,0.5,INT-02,D5_Primary_2:0,D5_Primary_2:0/yolov8_bytetrack:track:5,G-104,G-103,37.595144221343425,439.0777852656736,False,False,False,rejected,geometry_gate_rejected,
d5_cv_5v5_multicamera_formal_20260716_yolo_bytetrack:0002:D5_Primary_2:0,0.5,INT-02,D5_Primary_2:0,D5_Primary_2:0/yolov8_bytetrack:track:1,G-105,G-102,,1293.2333130943148,False,False,False,rejected,projection_invalid,
d5_cv_5v5_multicamera_formal_20260716_yolo_bytetrack:0002:D5_Primary_2:0,0.5,INT-02,D5_Primary_2:0,D5_Primary_2:0/yolov8_bytetrack:track:5,G-105,G-103,,856.2734209669934,False,False,False,rejected,projection_invalid,
d5_cv_5v5_multicamera_formal_20260716_yolo_bytetrack:0002:D5_Primary_3:0,0.5,INT-03,D5_Primary_3:0,D5_Primary_3:0/yolov8_bytetrack:track:1,G-101,G-103,148.35053144915167,872.2621192527315,False,False,False,rejected,geometry_gate_rejected,
d5_cv_5v5_multicamera_formal_20260716_yolo_bytetrack:0002:D5_Primary_3:0,0.5,INT-03,D5_Primary_3:0,D5_Primary_3:0/yolov8_bytetrack:track:1,G-102,G-103,38.55900884544742,443.05595495938405,False,False,False,rejected,geometry_gate_rejected,
d5_cv_5v5_multicamera_formal_20260716_yolo_bytetrack:0002:D5_Primary_3:0,0.5,INT-03,D5_Primary_3:0,D5_Primary_3:0/yolov8_bytetrack:track:1,G-103,G-103,0.031119305580599395,12.566985384903818,True,True,True,registered,registered_to_global_track,True
d5_cv_5v5_multicamera_formal_20260716_yolo_bytetrack:0002:D5_Primary_3:0,0.5,INT-03,D5_Primary_3:0,D5_Primary_3:0/yolov8_bytetrack:track:1,G-104,G-103,38.24993312614828,441.21932248288664,False,False,False,rejected,geometry_gate_rejected,
d5_cv_5v5_multicamera_formal_20260716_yolo_bytetrack:0002:D5_Primary_3:0,0.5,INT-03,D5_Primary_3:0,D5_Primary_3:0/yolov8_bytetrack:track:1,G-105,G-103,145.29783972040826,862.995443974781,False,False,False,rejected,geometry_gate_rejected,
d5_cv_5v5_multicamera_formal_20260716_yolo_bytetrack:0002:D5_Primary_4:0,0.5,INT-04,D5_Primary_4:0,D5_Primary_4:0/yolov8_bytetrack:track:1,G-101,G-104,,1306.3680536268487,False,False,False,rejected,projection_invalid,
d5_cv_5v5_multicamera_formal_20260716_yolo_bytetrack:0002:D5_Primary_4:0,0.5,INT-04,D5_Primary_4:0,D5_Primary_4:0/yolov8_bytetrack:track:7,G-101,G-105,,1744.5133309000576,False,False,False,rejected,projection_invalid,
d5_cv_5v5_multicamera_formal_20260716_yolo_bytetrack:0002:D5_Primary_4:0,0.5,INT-04,D5_Primary_4:0,D5_Primary_4:0/yolov8_bytetrack:track:1,G-102,G-104,151.16692541805827,880.6880628826665,False,False,False,rejected,geometry_gate_rejected,
d5_cv_5v5_multicamera_formal_20260716_yolo_bytetrack:0002:D5_Primary_4:0,0.5,INT-04,D5_Primary_4:0,D5_Primary_4:0/yolov8_bytetrack:track:7,G-102,G-105,338.98605855024584,1318.8173832943219,False,False,False,rejected,geometry_gate_rejected,
d5_cv_5v5_multicamera_formal_20260716_yolo_bytetrack:0002:D5_Primary_4:0,0.5,INT-04,D5_Primary_4:0,D5_Primary_4:0/yolov8_bytetrack:track:1,G-103,G-104,35.59515055420523,425.54293580966106,False,False,False,rejected,geometry_gate_rejected,
d5_cv_5v5_multicamera_formal_20260716_yolo_bytetrack:0002:D5_Primary_4:0,0.5,INT-04,D5_Primary_4:0,D5_Primary_4:0/yolov8_bytetrack:track:7,G-103,G-105,146.62103453234343,863.6666150905128,False,False,False,rejected,geometry_gate_rejected,
d5_cv_5v5_multicamera_formal_20260716_yolo_bytetrack:0002:D5_Primary_4:0,0.5,INT-04,D5_Primary_4:0,D5_Primary_4:0/yolov8_bytetrack:track:1,G-104,G-104,0.0026863087962426075,3.692751537238666,True,True,True,registered,registered_to_global_track,True
d5_cv_5v5_multicamera_formal_20260716_yolo_bytetrack:0002:D5_Primary_4:0,0.5,INT-04,D5_Primary_4:0,D5_Primary_4:0/yolov8_bytetrack:track:7,G-104,G-105,37.182975828128626,434.45439081912497,False,False,False,rejected,geometry_gate_rejected,
d5_cv_5v5_multicamera_formal_20260716_yolo_bytetrack:0002:D5_Primary_4:0,0.5,INT-04,D5_Primary_4:0,D5_Primary_4:0/yolov8_bytetrack:track:1,G-105,G-104,36.04857719274993,428.25722359372025,False,False,False,rejected,geometry_gate_rejected,
d5_cv_5v5_multicamera_formal_20260716_yolo_bytetrack:0002:D5_Primary_4:0,0.5,INT-04,D5_Primary_4:0,D5_Primary_4:0/yolov8_bytetrack:track:7,G-105,G-105,0.02241538695523202,10.677189716337532,True,True,False,candidate,stability_window_failed,True
d5_cv_5v5_multicamera_formal_20260716_yolo_bytetrack:0002:D5_Primary_5:0,0.5,INT-05,D5_Primary_5:0,D5_Primary_5:0/yolov8_bytetrack:track:1,G-101,G-105,,1734.2391555014644,False,False,False,rejected,projection_invalid,
d5_cv_5v5_multicamera_formal_20260716_yolo_bytetrack:0002:D5_Primary_5:0,0.5,INT-05,D5_Primary_5:0,D5_Primary_5:0/yolov8_bytetrack:track:1,G-102,G-105,,1313.914059323999,False,False,False,rejected,projection_invalid,
d5_cv_5v5_multicamera_formal_20260716_yolo_bytetrack:0002:D5_Primary_5:0,0.5,INT-05,D5_Primary_5:0,D5_Primary_5:0/yolov8_bytetrack:track:1,G-103,G-105,144.09381939076232,859.3439582699233,False,False,False,rejected,geometry_gate_rejected,
d5_cv_5v5_multicamera_formal_20260716_yolo_bytetrack:0002:D5_Primary_5:0,0.5,INT-05,D5_Primary_5:0,D5_Primary_5:0/yolov8_bytetrack:track:1,G-104,G-105,36.88180920510192,433.226776428863,False,False,False,rejected,geometry_gate_rejected,
d5_cv_5v5_multicamera_formal_20260716_yolo_bytetrack:0002:D5_Primary_5:0,0.5,INT-05,D5_Primary_5:0,D5_Primary_5:0/yolov8_bytetrack:track:1,G-105,G-105,0.013555335494257326,8.294051173747183,True,True,True,registered,registered_to_global_track,True
d5_cv_5v5_multicamera_formal_20260716_yolo_bytetrack:0002:D5_Recon_1:0,0.5,RECON-01,D5_Recon_1:0,D5_Recon_1:0:det:0001,G-101,G-101,3.9623803102572214e-05,0.8738701406271829,True,True,True,registered,registered_to_global_track,True
d5_cv_5v5_multicamera_formal_20260716_yolo_bytetrack:0002:D5_Recon_1:0,0.5,RECON-01,D5_Recon_1:0,D5_Recon_1:0:det:0002,G-101,G-102,8.002154378494819,392.7106759884924,True,False,False,candidate,,
d5_cv_5v5_multicamera_formal_20260716_yolo_bytetrack:0002:D5_Recon_1:0,0.5,RECON-01,D5_Recon_1:0,D5_Recon_1:0:det:0003,G-101,G-103,32.103562490093935,786.5853602941919,False,False,False,rejected,geometry_gate_rejected,
d5_cv_5v5_multicamera_formal_20260716_yolo_bytetrack:0002:D5_Recon_1:0,0.5,RECON-01,D5_Recon_1:0,D5_Recon_1:0:det:0004,G-101,G-104,72.30395830291029,1180.457299047779,False,False,False,rejected,geometry_gate_rejected,
d5_cv_5v5_multicamera_formal_20260716_yolo_bytetrack:0002:D5_Recon_1:0,0.5,RECON-01,D5_Recon_1:0,D5_Recon_1:0:det:0005,G-101,G-105,128.55498629358536,1574.0325472538311,False,False,False,rejected,geometry_gate_rejected,
d5_cv_5v5_multicamera_formal_20260716_yolo_bytetrack:0002:D5_Recon_1:0,0.5,RECON-01,D5_Recon_1:0,D5_Recon_1:0:det:0001,G-102,G-101,7.847942170061415,388.79909430782914,True,False,False,candidate,,
d5_cv_5v5_multicamera_formal_20260716_yolo_bytetrack:0002:D5_Recon_1:0,0.5,RECON-01,D5_Recon_1:0,D5_Recon_1:0:det:0002,G-102,G-102,0.0035543261734592535,8.273649539601358,True,True,True,registered,registered_to_global_track,True
d5_cv_5v5_multicamera_formal_20260716_yolo_bytetrack:0002:D5_Recon_1:0,0.5,RECON-01,D5_Recon_1:0,D5_Recon_1:0:det:0003,G-102,G-103,8.255768732619739,398.7733800197811,True,False,False,candidate,,
d5_cv_5v5_multicamera_formal_20260716_yolo_bytetrack:0002:D5_Recon_1:0,0.5,RECON-01,D5_Recon_1:0,D5_Recon_1:0:det:0004,G-102,G-104,32.616118399928226,792.6172766181801,False,False,False,rejected,geometry_gate_rejected,
d5_cv_5v5_multicamera_formal_20260716_yolo_bytetrack:0002:D5_Recon_1:0,0.5,RECON-01,D5_Recon_1:0,D5_Recon_1:0:det:0005,G-102,G-105,73.04805936087499,1186.1831097341233,False,False,False,rejected,geometry_gate_rejected,
d5_cv_5v5_multicamera_formal_20260716_yolo_bytetrack:0002:D5_Recon_1:0,0.5,RECON-01,D5_Recon_1:0,D5_Recon_1:0:det:0001,G-103,G-101,33.029744769123894,797.5346107388964,False,False,False,rejected,geometry_gate_rejected,
d5_cv_5v5_multicamera_formal_20260716_yolo_bytetrack:0002:D5_Recon_1:0,0.5,RECON-01,D5_Recon_1:0,D5_Recon_1:0:det:0002,G-103,G-102,8.473521959934313,403.9512069234231,True,False,False,candidate,,
d5_cv_5v5_multicamera_formal_20260716_yolo_bytetrack:0002:D5_Recon_1:0,0.5,RECON-01,D5_Recon_1:0,D5_Recon_1:0:det:0003,G-103,G-103,0.005279669009006219,10.08324405089043,True,True,True,registered,registered_to_global_track,True
d5_cv_5v5_multicamera_formal_20260716_yolo_bytetrack:0002:D5_Recon_1:0,0.5,RECON-01,D5_Recon_1:0,D5_Recon_1:0:det:0004,G-103,G-104,7.649032545473417,383.79577082252524,True,False,False,candidate,,
d5_cv_5v5_multicamera_formal_20260716_yolo_bytetrack:0002:D5_Recon_1:0,0.5,RECON-01,D5_Recon_1:0,D5_Recon_1:0:det:0005,G-103,G-105,31.380707301256873,777.370927135437,False,False,False,rejected,geometry_gate_rejected,
d5_cv_5v5_multicamera_formal_20260716_yolo_bytetrack:0002:D5_Recon_1:0,0.5,RECON-01,D5_Recon_1:0,D5_Recon_1:0:det:0001,G-104,G-101,72.88232640897668,1184.7956884085343,False,False,False,rejected,geometry_gate_rejected,
d5_cv_5v5_multicamera_formal_20260716_yolo_bytetrack:0002:D5_Recon_1:0,0.5,RECON-01,D5_Recon_1:0,D5_Recon_1:0:det:0002,G-104,G-102,32.503226608587006,791.2169650962469,False,False,False,rejected,geometry_gate_rejected,
d5_cv_5v5_multicamera_formal_20260716_yolo_bytetrack:0002:D5_Recon_1:0,0.5,RECON-01,D5_Recon_1:0,D5_Recon_1:0:det:0003,G-104,G-103,8.197773327021524,397.3564869063066,True,False,False,candidate,,
d5_cv_5v5_multicamera_formal_20260716_yolo_bytetrack:0002:D5_Recon_1:0,0.5,RECON-01,D5_Recon_1:0,D5_Recon_1:0:det:0004,G-104,G-104,0.001797967259547212,5.8842980595914325,True,True,True,registered,registered_to_global_track,True
d5_cv_5v5_multicamera_formal_20260716_yolo_bytetrack:0002:D5_Recon_1:0,0.5,RECON-01,D5_Recon_1:0,D5_Recon_1:0:det:0005,G-104,G-105,7.9030517392856785,390.14831977749196,True,False,False,candidate,,
d5_cv_5v5_multicamera_formal_20260716_yolo_bytetrack:0002:D5_Recon_1:0,0.5,RECON-01,D5_Recon_1:0,D5_Recon_1:0:det:0001,G-105,G-101,127.69062580642365,1568.7129585176808,False,False,False,rejected,geometry_gate_rejected,
d5_cv_5v5_multicamera_formal_20260716_yolo_bytetrack:0002:D5_Recon_1:0,0.5,RECON-01,D5_Recon_1:0,D5_Recon_1:0:det:0002,G-105,G-102,71.65450899079573,1175.129526568602,False,False,False,rejected,geometry_gate_rejected,
d5_cv_5v5_multicamera_formal_20260716_yolo_bytetrack:0002:D5_Recon_1:0,0.5,RECON-01,D5_Recon_1:0,D5_Recon_1:0:det:0003,G-105,G-103,31.67069667937828,781.2549551057865,False,False,False,rejected,geometry_gate_rejected,
d5_cv_5v5_multicamera_formal_20260716_yolo_bytetrack:0002:D5_Recon_1:0,0.5,RECON-01,D5_Recon_1:0,D5_Recon_1:0:det:0004,G-105,G-104,7.786709542720556,387.38336184375163,True,False,False,candidate,,
d5_cv_5v5_multicamera_formal_20260716_yolo_bytetrack:0002:D5_Recon_1:0,0.5,RECON-01,D5_Recon_1:0,D5_Recon_1:0:det:0005,G-105,G-105,0.0020173640560025904,6.2352480112733835,True,True,True,registered,registered_to_global_track,True
d5_cv_5v5_multicamera_formal_20260716_yolo_bytetrack:0003:D5_Primary_1:0,0.75,INT-01,D5_Primary_1:0,D5_Primary_1:0/yolov8_bytetrack:track:1,G-101,G-101,0.0031145271930438645,3.975725448133519,True,True,True,registered,registered_to_global_track,True
d5_cv_5v5_multicamera_formal_20260716_yolo_bytetrack:0003:D5_Primary_1:0,0.75,INT-01,D5_Primary_1:0,D5_Primary_1:0/yolov8_bytetrack:track:1,G-102,G-101,36.10358048188001,428.59125745505185,False,False,False,rejected,geometry_gate_rejected,
d5_cv_5v5_multicamera_formal_20260716_yolo_bytetrack:0003:D5_Primary_1:0,0.75,INT-01,D5_Primary_1:0,D5_Primary_1:0/yolov8_bytetrack:track:1,G-103,G-101,147.13098733415373,868.1905282511467,False,False,False,rejected,geometry_gate_rejected,
d5_cv_5v5_multicamera_formal_20260716_yolo_bytetrack:0003:D5_Primary_1:0,0.75,INT-01,D5_Primary_1:0,D5_Primary_1:0/yolov8_bytetrack:track:1,G-104,G-101,,1288.9262101949785,False,False,False,rejected,projection_invalid,
d5_cv_5v5_multicamera_formal_20260716_yolo_bytetrack:0003:D5_Primary_1:0,0.75,INT-01,D5_Primary_1:0,D5_Primary_1:0/yolov8_bytetrack:track:1,G-105,G-101,,1692.3023277349378,False,False,False,rejected,projection_invalid,
d5_cv_5v5_multicamera_formal_20260716_yolo_bytetrack:0003:D5_Primary_2:0,0.75,INT-02,D5_Primary_2:0,D5_Primary_2:0/yolov8_bytetrack:track:1,G-101,G-102,36.759250496270774,432.5207836546397,False,False,False,rejected,geometry_gate_rejected,
d5_cv_5v5_multicamera_formal_20260716_yolo_bytetrack:0003:D5_Primary_2:0,0.75,INT-02,D5_Primary_2:0,D5_Primary_2:0/yolov8_bytetrack:track:5,G-101,G-103,147.59075198325564,866.6689446115764,False,False,False,rejected,geometry_gate_rejected,
d5_cv_5v5_multicamera_formal_20260716_yolo_bytetrack:0003:D5_Primary_2:0,0.75,INT-02,D5_Primary_2:0,D5_Primary_2:0/yolov8_bytetrack:track:1,G-102,G-102,0.022045514953793317,10.5792515261341,True,True,True,registered,registered_to_global_track,True
d5_cv_5v5_multicamera_formal_20260716_yolo_bytetrack:0003:D5_Primary_2:0,0.75,INT-02,D5_Primary_2:0,D5_Primary_2:0/yolov8_bytetrack:track:5,G-102,G-103,37.92875191037625,438.81240281310534,False,False,False,rejected,geometry_gate_rejected,
d5_cv_5v5_multicamera_formal_20260716_yolo_bytetrack:0003:D5_Primary_2:0,0.75,INT-02,D5_Primary_2:0,D5_Primary_2:0/yolov8_bytetrack:track:1,G-103,G-102,38.39760922965501,441.97596195700777,False,False,False,rejected,geometry_gate_rejected,
d5_cv_5v5_multicamera_formal_20260716_yolo_bytetrack:0003:D5_Primary_2:0,0.75,INT-02,D5_Primary_2:0,D5_Primary_2:0/yolov8_bytetrack:track:5,G-103,G-103,0.021242818751826122,10.389749330618589,True,True,True,registered,registered_to_global_track,True
d5_cv_5v5_multicamera_formal_20260716_yolo_bytetrack:0003:D5_Primary_2:0,0.75,INT-02,D5_Primary_2:0,D5_Primary_2:0/yolov8_bytetrack:track:1,G-104,G-102,146.65530475011408,867.0456430035002,False,False,False,rejected,geometry_gate_rejected,
d5_cv_5v5_multicamera_formal_20260716_yolo_bytetrack:0003:D5_Primary_2:0,0.75,INT-02,D5_Primary_2:0,D5_Primary_2:0/yolov8_bytetrack:track:5,G-104,G-103,36.557889703346255,432.8960424807995,False,False,False,rejected,geometry_gate_rejected,
d5_cv_5v5_multicamera_formal_20260716_yolo_bytetrack:0003:D5_Primary_2:0,0.75,INT-02,D5_Primary_2:0,D5_Primary_2:0/yolov8_bytetrack:track:1,G-105,G-102,,1278.876919940167,False,False,False,rejected,projection_invalid,
d5_cv_5v5_multicamera_formal_20260716_yolo_bytetrack:0003:D5_Primary_2:0,0.75,INT-02,D5_Primary_2:0,D5_Primary_2:0/yolov8_bytetrack:track:5,G-105,G-103,,844.7334396141051,False,False,False,rejected,projection_invalid,
d5_cv_5v5_multicamera_formal_20260716_yolo_bytetrack:0003:D5_Primary_3:0,0.75,INT-03,D5_Primary_3:0,D5_Primary_3:0/yolov8_bytetrack:track:1,G-101,G-103,146.2581409093133,866.0599260308891,False,False,False,rejected,geometry_gate_rejected,
d5_cv_5v5_multicamera_formal_20260716_yolo_bytetrack:0003:D5_Primary_3:0,0.75,INT-03,D5_Primary_3:0,D5_Primary_3:0/yolov8_bytetrack:track:2,G-101,G-102,34.49652936170489,420.60573463769924,False,False,False,rejected,geometry_gate_rejected,
d5_cv_5v5_multicamera_formal_20260716_yolo_bytetrack:0003:D5_Primary_3:0,0.75,INT-03,D5_Primary_3:0,D5_Primary_3:0/yolov8_bytetrack:track:1,G-102,G-103,37.99000026724407,439.77345425534133,False,False,False,rejected,geometry_gate_rejected,
d5_cv_5v5_multicamera_formal_20260716_yolo_bytetrack:0003:D5_Primary_3:0,0.75,INT-03,D5_Primary_3:0,D5_Primary_3:0/yolov8_bytetrack:track:2,G-102,G-102,0.0403580328938909,14.317558035711443,True,True,True,registered,registered_to_global_track,True
d5_cv_5v5_multicamera_formal_20260716_yolo_bytetrack:0003:D5_Primary_3:0,0.75,INT-03,D5_Primary_3:0,D5_Primary_3:0/yolov8_bytetrack:track:1,G-103,G-103,0.03107826752951922,12.558696415870351,True,True,True,registered,registered_to_global_track,True
d5_cv_5v5_multicamera_formal_20260716_yolo_bytetrack:0003:D5_Primary_3:0,0.75,INT-03,D5_Primary_3:0,D5_Primary_3:0/yolov8_bytetrack:track:2,G-103,G-102,41.04113249558542,456.3791545975405,False,False,False,rejected,geometry_gate_rejected,
d5_cv_5v5_multicamera_formal_20260716_yolo_bytetrack:0003:D5_Primary_3:0,0.75,INT-03,D5_Primary_3:0,D5_Primary_3:0/yolov8_bytetrack:track:1,G-104,G-103,37.61926559190576,437.54973753913197,False,False,False,rejected,geometry_gate_rejected,
d5_cv_5v5_multicamera_formal_20260716_yolo_bytetrack:0003:D5_Primary_3:0,0.75,INT-03,D5_Primary_3:0,D5_Primary_3:0/yolov8_bytetrack:track:2,G-104,G-102,153.22452607019397,883.052219036461,False,False,False,rejected,geometry_gate_rejected,
d5_cv_5v5_multicamera_formal_20260716_yolo_bytetrack:0003:D5_Primary_3:0,0.75,INT-03,D5_Primary_3:0,D5_Primary_3:0/yolov8_bytetrack:track:1,G-105,G-103,142.7733085229348,855.3562360106192,False,False,False,rejected,geometry_gate_rejected,
d5_cv_5v5_multicamera_formal_20260716_yolo_bytetrack:0003:D5_Primary_3:0,0.75,INT-03,D5_Primary_3:0,D5_Primary_3:0/yolov8_bytetrack:track:2,G-105,G-102,330.22976457998544,1300.8631458929476,False,False,False,rejected,geometry_gate_rejected,
d5_cv_5v5_multicamera_formal_20260716_yolo_bytetrack:0003:D5_Primary_4:0,0.75,INT-04,D5_Primary_4:0,D5_Primary_4:0/yolov8_bytetrack:track:1,G-101,G-104,,1295.3200942611843,False,False,False,rejected,projection_invalid,
d5_cv_5v5_multicamera_formal_20260716_yolo_bytetrack:0003:D5_Primary_4:0,0.75,INT-04,D5_Primary_4:0,D5_Primary_4:0/yolov8_bytetrack:track:7,G-101,G-105,,1729.827954520174,False,False,False,rejected,projection_invalid,
d5_cv_5v5_multicamera_formal_20260716_yolo_bytetrack:0003:D5_Primary_4:0,0.75,INT-04,D5_Primary_4:0,D5_Primary_4:0/yolov8_bytetrack:track:1,G-102,G-104,148.6652925621985,873.2874644254031,False,False,False,rejected,geometry_gate_rejected,
d5_cv_5v5_multicamera_formal_20260716_yolo_bytetrack:0003:D5_Primary_4:0,0.75,INT-04,D5_Primary_4:0,D5_Primary_4:0/yolov8_bytetrack:track:7,G-102,G-105,333.3982851087852,1307.7783217253366,False,False,False,rejected,geometry_gate_rejected,
d5_cv_5v5_multicamera_formal_20260716_yolo_bytetrack:0003:D5_Primary_4:0,0.75,INT-04,D5_Primary_4:0,D5_Primary_4:0/yolov8_bytetrack:track:1,G-103,G-104,34.96687072713812,421.76065835822317,False,False,False,rejected,geometry_gate_rejected,
d5_cv_5v5_multicamera_formal_20260716_yolo_bytetrack:0003:D5_Primary_4:0,0.75,INT-04,D5_Primary_4:0,D5_Primary_4:0/yolov8_bytetrack:track:7,G-103,G-105,144.11924638718554,856.2462762529926,False,False,False,rejected,geometry_gate_rejected,
d5_cv_5v5_multicamera_formal_20260716_yolo_bytetrack:0003:D5_Primary_4:0,0.75,INT-04,D5_Primary_4:0,D5_Primary_4:0/yolov8_bytetrack:track:1,G-104,G-104,0.0031056737370983973,3.970544963763481,True,True,True,registered,registered_to_global_track,True
d5_cv_5v5_multicamera_formal_20260716_yolo_bytetrack:0003:D5_Primary_4:0,0.75,INT-04,D5_Primary_4:0,D5_Primary_4:0/yolov8_bytetrack:track:7,G-104,G-105,36.51665896695881,430.5441747816625,False,False,False,rejected,geometry_gate_rejected,
d5_cv_5v5_multicamera_formal_20260716_yolo_bytetrack:0003:D5_Primary_4:0,0.75,INT-04,D5_Primary_4:0,D5_Primary_4:0/yolov8_bytetrack:track:1,G-105,G-104,35.52353930149345,425.12015416194555,False,False,False,rejected,geometry_gate_rejected,
d5_cv_5v5_multicamera_formal_20260716_yolo_bytetrack:0003:D5_Primary_4:0,0.75,INT-04,D5_Primary_4:0,D5_Primary_4:0/yolov8_bytetrack:track:7,G-105,G-105,0.01999803397416845,10.08501285381565,True,True,True,registered,registered_to_global_track,True
d5_cv_5v5_multicamera_formal_20260716_yolo_bytetrack:0003:D5_Primary_5:0,0.75,INT-05,D5_Primary_5:0,D5_Primary_5:0/yolov8_bytetrack:track:1,G-101,G-105,,1716.1130763147953,False,False,False,rejected,projection_invalid,
d5_cv_5v5_multicamera_formal_20260716_yolo_bytetrack:0003:D5_Primary_5:0,0.75,INT-05,D5_Primary_5:0,D5_Primary_5:0/yolov8_bytetrack:track:1,G-102,G-105,,1300.9852513268663,False,False,False,rejected,projection_invalid,
d5_cv_5v5_multicamera_formal_20260716_yolo_bytetrack:0003:D5_Primary_5:0,0.75,INT-05,D5_Primary_5:0,D5_Primary_5:0/yolov8_bytetrack:track:1,G-103,G-105,141.4410574224506,851.2710604630201,False,False,False,rejected,geometry_gate_rejected,
d5_cv_5v5_multicamera_formal_20260716_yolo_bytetrack:0003:D5_Primary_5:0,0.75,INT-05,D5_Primary_5:0,D5_Primary_5:0/yolov8_bytetrack:track:1,G-104,G-105,36.233335080660126,429.3813394318089,False,False,False,rejected,geometry_gate_rejected,
d5_cv_5v5_multicamera_formal_20260716_yolo_bytetrack:0003:D5_Primary_5:0,0.75,INT-05,D5_Primary_5:0,D5_Primary_5:0/yolov8_bytetrack:track:1,G-105,G-105,0.012929635256577816,8.100361590151577,True,True,True,registered,registered_to_global_track,True
d5_cv_5v5_multicamera_formal_20260716_yolo_bytetrack:0003:D5_Recon_1:0,0.75,RECON-01,D5_Recon_1:0,D5_Recon_1:0:det:0001,G-101,G-101,4.133442514228114e-05,0.8925268981852753,True,True,True,registered,registered_to_global_track,True
d5_cv_5v5_multicamera_formal_20260716_yolo_bytetrack:0003:D5_Recon_1:0,0.75,RECON-01,D5_Recon_1:0,D5_Recon_1:0:det:0002,G-101,G-102,7.87461687941729,389.5660513974276,True,False,False,candidate,,
d5_cv_5v5_multicamera_formal_20260716_yolo_bytetrack:0003:D5_Recon_1:0,0.75,RECON-01,D5_Recon_1:0,D5_Recon_1:0:det:0003,G-101,G-103,31.594023817976254,780.3130269494138,False,False,False,rejected,geometry_gate_rejected,
d5_cv_5v5_multicamera_formal_20260716_yolo_bytetrack:0003:D5_Recon_1:0,0.75,RECON-01,D5_Recon_1:0,D5_Recon_1:0:det:0004,G-101,G-104,71.15755166113404,1171.053900872511,False,False,False,rejected,geometry_gate_rejected,
d5_cv_5v5_multicamera_formal_20260716_yolo_bytetrack:0003:D5_Recon_1:0,0.75,RECON-01,D5_Recon_1:0,D5_Recon_1:0:det:0005,G-101,G-105,126.51626742262006,1561.491311232883,False,False,False,rejected,geometry_gate_rejected,
d5_cv_5v5_multicamera_formal_20260716_yolo_bytetrack:0003:D5_Recon_1:0,0.75,RECON-01,D5_Recon_1:0,D5_Recon_1:0:det:0001,G-102,G-101,7.7223379962305,385.67455181975026,True,False,False,candidate,,
d5_cv_5v5_multicamera_formal_20260716_yolo_bytetrack:0003:D5_Recon_1:0,0.75,RECON-01,D5_Recon_1:0,D5_Recon_1:0:det:0002,G-102,G-102,0.0035537545338937067,8.272977732272105,True,True,True,registered,registered_to_global_track,True
d5_cv_5v5_multicamera_formal_20260716_yolo_bytetrack:0003:D5_Recon_1:0,0.75,RECON-01,D5_Recon_1:0,D5_Recon_1:0:det:0003,G-102,G-103,8.126714000632955,395.6435772517432,True,False,False,candidate,,
d5_cv_5v5_multicamera_formal_20260716_yolo_bytetrack:0003:D5_Recon_1:0,0.75,RECON-01,D5_Recon_1:0,D5_Recon_1:0:det:0004,G-102,G-104,32.102980163445594,786.3561797911296,False,False,False,rejected,geometry_gate_rejected,
d5_cv_5v5_multicamera_formal_20260716_yolo_bytetrack:0003:D5_Recon_1:0,0.75,RECON-01,D5_Recon_1:0,D5_Recon_1:0:det:0005,G-102,G-105,71.89527194526545,1176.7841002794833,False,False,False,rejected,geometry_gate_rejected,
d5_cv_5v5_multicamera_formal_20260716_yolo_bytetrack:0003:D5_Recon_1:0,0.75,RECON-01,D5_Recon_1:0,D5_Recon_1:0:det:0001,G-103,G-101,32.51367721882296,791.2794089009622,False,False,False,rejected,geometry_gate_rejected,
d5_cv_5v5_multicamera_formal_20260716_yolo_bytetrack:0003:D5_Recon_1:0,0.75,RECON-01,D5_Recon_1:0,D5_Recon_1:0:det:0002,G-103,G-102,8.342819915109079,400.82357204608667,True,False,False,candidate,,
d5_cv_5v5_multicamera_formal_20260716_yolo_bytetrack:0003:D5_Recon_1:0,0.75,RECON-01,D5_Recon_1:0,D5_Recon_1:0:det:0003,G-103,G-103,0.00527831978793047,10.081953005646119,True,True,True,registered,registered_to_global_track,True
d5_cv_5v5_multicamera_formal_20260716_yolo_bytetrack:0003:D5_Recon_1:0,0.75,RECON-01,D5_Recon_1:0,D5_Recon_1:0:det:0004,G-103,G-104,7.524735956394561,380.66456550215685,True,False,False,candidate,,
d5_cv_5v5_multicamera_formal_20260716_yolo_bytetrack:0003:D5_Recon_1:0,0.75,RECON-01,D5_Recon_1:0,D5_Recon_1:0:det:0005,G-103,G-105,30.876631157190655,771.1019020693943,False,False,False,rejected,geometry_gate_rejected,
d5_cv_5v5_multicamera_formal_20260716_yolo_bytetrack:0003:D5_Recon_1:0,0.75,RECON-01,D5_Recon_1:0,D5_Recon_1:0:det:0001,G-104,G-101,71.73117774057944,1175.3995779428465,False,False,False,rejected,geometry_gate_rejected,
d5_cv_5v5_multicamera_formal_20260716_yolo_bytetrack:0003:D5_Recon_1:0,0.75,RECON-01,D5_Recon_1:0,D5_Recon_1:0:det:0002,G-104,G-102,31.990374466289754,784.9485884084618,False,False,False,rejected,geometry_gate_rejected,
d5_cv_5v5_multicamera_formal_20260716_yolo_bytetrack:0003:D5_Recon_1:0,0.75,RECON-01,D5_Recon_1:0,D5_Recon_1:0:det:0003,G-104,G-103,8.068744500203323,394.2162606851812,True,False,False,candidate,,
d5_cv_5v5_multicamera_formal_20260716_yolo_bytetrack:0003:D5_Recon_1:0,0.75,RECON-01,D5_Recon_1:0,D5_Recon_1:0:det:0004,G-104,G-104,0.0018215187129139742,5.922702955373429,True,True,True,registered,registered_to_global_track,True
d5_cv_5v5_multicamera_formal_20260716_yolo_bytetrack:0003:D5_Recon_1:0,0.75,RECON-01,D5_Recon_1:0,D5_Recon_1:0:det:0005,G-104,G-105,7.776909067856635,387.02145105158627,True,False,False,candidate,,
d5_cv_5v5_multicamera_formal_20260716_yolo_bytetrack:0003:D5_Recon_1:0,0.75,RECON-01,D5_Recon_1:0,D5_Recon_1:0:det:0001,G-105,G-101,125.65957622765052,1556.176533649621,False,False,False,rejected,geometry_gate_rejected,
d5_cv_5v5_multicamera_formal_20260716_yolo_bytetrack:0003:D5_Recon_1:0,0.75,RECON-01,D5_Recon_1:0,D5_Recon_1:0:det:0002,G-105,G-102,70.51262282911371,1165.7206810415114,False,False,False,rejected,geometry_gate_rejected,
d5_cv_5v5_multicamera_formal_20260716_yolo_bytetrack:0003:D5_Recon_1:0,0.75,RECON-01,D5_Recon_1:0,D5_Recon_1:0:det:0003,G-105,G-103,31.1639081632579,774.9738078272813,False,False,False,rejected,geometry_gate_rejected,
d5_cv_5v5_multicamera_formal_20260716_yolo_bytetrack:0003:D5_Recon_1:0,0.75,RECON-01,D5_Recon_1:0,D5_Recon_1:0:det:0004,G-105,G-104,7.660687769051631,384.23325298520814,True,False,False,candidate,,
d5_cv_5v5_multicamera_formal_20260716_yolo_bytetrack:0003:D5_Recon_1:0,0.75,RECON-01,D5_Recon_1:0,D5_Recon_1:0:det:0005,G-105,G-105,0.0020229555346242545,6.24384457785526,True,True,True,registered,registered_to_global_track,True
d5_cv_5v5_multicamera_formal_20260716_yolo_bytetrack:0004:D5_Primary_1:0,1.0,INT-01,D5_Primary_1:0,D5_Primary_1:0/yolov8_bytetrack:track:1,G-101,G-101,0.009471481549392887,6.931529546843029,True,True,True,registered,registered_to_global_track,True
d5_cv_5v5_multicamera_formal_20260716_yolo_bytetrack:0004:D5_Primary_1:0,1.0,INT-01,D5_Primary_1:0,D5_Primary_1:0/yolov8_bytetrack:track:2,G-101,G-103,139.6347281773498,841.6217391483948,False,False,False,rejected,geometry_gate_rejected,
d5_cv_5v5_multicamera_formal_20260716_yolo_bytetrack:0004:D5_Primary_1:0,1.0,INT-01,D5_Primary_1:0,D5_Primary_1:0/yolov8_bytetrack:track:1,G-102,G-101,35.420389083861956,424.4130302775492,False,False,False,rejected,geometry_gate_rejected,
d5_cv_5v5_multicamera_formal_20260716_yolo_bytetrack:0004:D5_Primary_1:0,1.0,INT-01,D5_Primary_1:0,D5_Primary_1:0/yolov8_bytetrack:track:2,G-102,G-103,34.87394131636141,421.125224759515,False,False,False,rejected,geometry_gate_rejected,
d5_cv_5v5_multicamera_formal_20260716_yolo_bytetrack:0004:D5_Primary_1:0,1.0,INT-01,D5_Primary_1:0,D5_Primary_1:0/yolov8_bytetrack:track:1,G-103,G-101,143.6662938601006,857.6020794889765,False,False,False,rejected,geometry_gate_rejected,
d5_cv_5v5_multicamera_formal_20260716_yolo_bytetrack:0004:D5_Primary_1:0,1.0,INT-01,D5_Primary_1:0,D5_Primary_1:0/yolov8_bytetrack:track:2,G-103,G-103,0.040195724411658765,14.327066541245554,True,True,True,registered,registered_to_global_track,True
d5_cv_5v5_multicamera_formal_20260716_yolo_bytetrack:0004:D5_Primary_1:0,1.0,INT-01,D5_Primary_1:0,D5_Primary_1:0/yolov8_bytetrack:track:1,G-104,G-101,,1271.899069203386,False,False,False,rejected,projection_invalid,
d5_cv_5v5_multicamera_formal_20260716_yolo_bytetrack:0004:D5_Primary_1:0,1.0,INT-01,D5_Primary_1:0,D5_Primary_1:0/yolov8_bytetrack:track:2,G-104,G-103,,426.6810199331613,False,False,False,rejected,projection_invalid,
d5_cv_5v5_multicamera_formal_20260716_yolo_bytetrack:0004:D5_Primary_1:0,1.0,INT-01,D5_Primary_1:0,D5_Primary_1:0/yolov8_bytetrack:track:1,G-105,G-101,,1668.9422074405152,False,False,False,rejected,projection_invalid,
d5_cv_5v5_multicamera_formal_20260716_yolo_bytetrack:0004:D5_Primary_1:0,1.0,INT-01,D5_Primary_1:0,D5_Primary_1:0/yolov8_bytetrack:track:2,G-105,G-103,,823.7270417423097,False,False,False,rejected,projection_invalid,
d5_cv_5v5_multicamera_formal_20260716_yolo_bytetrack:0004:D5_Primary_2:0,1.0,INT-02,D5_Primary_2:0,D5_Primary_2:0/yolov8_bytetrack:track:1,G-101,G-102,35.45812383981558,424.6572860686818,False,False,False,rejected,geometry_gate_rejected,
d5_cv_5v5_multicamera_formal_20260716_yolo_bytetrack:0004:D5_Primary_2:0,1.0,INT-02,D5_Primary_2:0,D5_Primary_2:0/yolov8_bytetrack:track:5,G-101,,143.04735275143457,852.9442115535179,False,False,False,rejected,geometry_gate_rejected,
d5_cv_5v5_multicamera_formal_20260716_yolo_bytetrack:0004:D5_Primary_2:0,1.0,INT-02,D5_Primary_2:0,D5_Primary_2:0/yolov8_bytetrack:track:11,G-101,G-103,138.85541264255752,840.3537053859882,False,False,False,rejected,geometry_gate_rejected,
d5_cv_5v5_multicamera_formal_20260716_yolo_bytetrack:0004:D5_Primary_2:0,1.0,INT-02,D5_Primary_2:0,D5_Primary_2:0/yolov8_bytetrack:track:3,G-101,G-104,323.13953370893944,1281.9637605560008,False,False,False,rejected,geometry_gate_rejected,
d5_cv_5v5_multicamera_formal_20260716_yolo_bytetrack:0004:D5_Primary_2:0,1.0,INT-02,D5_Primary_2:0,D5_Primary_2:0/yolov8_bytetrack:track:1,G-102,G-102,0.034317223948880635,13.195943934109591,True,True,True,registered,registered_to_global_track,True
d5_cv_5v5_multicamera_formal_20260716_yolo_bytetrack:0004:D5_Primary_2:0,1.0,INT-02,D5_Primary_2:0,D5_Primary_2:0/yolov8_bytetrack:track:5,G-102,,36.67666946601945,431.39889239140973,False,False,False,rejected,geometry_gate_rejected,
d5_cv_5v5_multicamera_formal_20260716_yolo_bytetrack:0004:D5_Primary_2:0,1.0,INT-02,D5_Primary_2:0,D5_Primary_2:0/yolov8_bytetrack:track:11,G-102,G-103,34.56619528783232,418.80308262021833,False,False,False,rejected,geometry_gate_rejected,
d5_cv_5v5_multicamera_formal_20260716_yolo_bytetrack:0004:D5_Primary_2:0,1.0,INT-02,D5_Primary_2:0,D5_Primary_2:0/yolov8_bytetrack:track:3,G-102,G-104,145.8639776518492,860.3162128945983,False,False,False,rejected,geometry_gate_rejected,
d5_cv_5v5_multicamera_formal_20260716_yolo_bytetrack:0004:D5_Primary_2:0,1.0,INT-02,D5_Primary_2:0,D5_Primary_2:0/yolov8_bytetrack:track:1,G-103,G-102,37.593971707183826,437.20419451882594,False,False,False,rejected,geometry_gate_rejected,
d5_cv_5v5_multicamera_formal_20260716_yolo_bytetrack:0004:D5_Primary_2:0,1.0,INT-02,D5_Primary_2:0,D5_Primary_2:0/yolov8_bytetrack:track:5,G-103,,0.03454276474965626,13.243295451716811,True,True,True,registered,registered_to_global_track,
d5_cv_5v5_multicamera_formal_20260716_yolo_bytetrack:0004:D5_Primary_2:0,1.0,INT-02,D5_Primary_2:0,D5_Primary_2:0/yolov8_bytetrack:track:11,G-103,G-103,0.10746013644623303,23.370250470875735,True,False,False,candidate,,
d5_cv_5v5_multicamera_formal_20260716_yolo_bytetrack:0004:D5_Primary_2:0,1.0,INT-02,D5_Primary_2:0,D5_Primary_2:0/yolov8_bytetrack:track:3,G-103,G-104,34.74894762386646,420.3346807046278,False,False,False,rejected,geometry_gate_rejected,
d5_cv_5v5_multicamera_formal_20260716_yolo_bytetrack:0004:D5_Primary_2:0,1.0,INT-02,D5_Primary_2:0,D5_Primary_2:0/yolov8_bytetrack:track:1,G-104,G-102,142.98338515514175,855.7645361256286,False,False,False,rejected,geometry_gate_rejected,
d5_cv_5v5_multicamera_formal_20260716_yolo_bytetrack:0004:D5_Primary_2:0,1.0,INT-02,D5_Primary_2:0,D5_Primary_2:0/yolov8_bytetrack:track:5,G-104,,35.67663210928106,427.4677183996529,False,False,False,rejected,geometry_gate_rejected,
d5_cv_5v5_multicamera_formal_20260716_yolo_bytetrack:0004:D5_Primary_2:0,1.0,INT-02,D5_Primary_2:0,D5_Primary_2:0/yolov8_bytetrack:track:11,G-104,G-103,37.807946227080116,440.05096581478523,False,False,False,rejected,geometry_gate_rejected,
d5_cv_5v5_multicamera_formal_20260716_yolo_bytetrack:0004:D5_Primary_2:0,1.0,INT-02,D5_Primary_2:0,D5_Primary_2:0/yolov8_bytetrack:track:3,G-104,G-104,0.0020435972170391612,3.223101516925245,True,True,True,registered,registered_to_global_track,True
d5_cv_5v5_multicamera_formal_20260716_yolo_bytetrack:0004:D5_Primary_2:0,1.0,INT-02,D5_Primary_2:0,D5_Primary_2:0/yolov8_bytetrack:track:1,G-105,G-102,,1261.2228423778952,False,False,False,rejected,projection_invalid,
d5_cv_5v5_multicamera_formal_20260716_yolo_bytetrack:0004:D5_Primary_2:0,1.0,INT-02,D5_Primary_2:0,D5_Primary_2:0/yolov8_bytetrack:track:5,G-105,,,832.93058634082,False,False,False,rejected,projection_invalid,
d5_cv_5v5_multicamera_formal_20260716_yolo_bytetrack:0004:D5_Primary_2:0,1.0,INT-02,D5_Primary_2:0,D5_Primary_2:0/yolov8_bytetrack:track:11,G-105,G-103,,845.5133562356699,False,False,False,rejected,projection_invalid,
d5_cv_5v5_multicamera_formal_20260716_yolo_bytetrack:0004:D5_Primary_2:0,1.0,INT-02,D5_Primary_2:0,D5_Primary_2:0/yolov8_bytetrack:track:3,G-105,G-104,,403.9199051984074,False,False,False,rejected,projection_invalid,
d5_cv_5v5_multicamera_formal_20260716_yolo_bytetrack:0004:D5_Primary_3:0,1.0,INT-03,D5_Primary_3:0,D5_Primary_3:0/yolov8_bytetrack:track:1,G-101,G-103,142.2630275493166,853.7786245195807,False,False,False,rejected,geometry_gate_rejected,
d5_cv_5v5_multicamera_formal_20260716_yolo_bytetrack:0004:D5_Primary_3:0,1.0,INT-03,D5_Primary_3:0,D5_Primary_3:0/yolov8_bytetrack:track:12,G-101,G-104,322.99070752714977,1286.4541141843556,False,False,False,rejected,geometry_gate_rejected,
d5_cv_5v5_multicamera_formal_20260716_yolo_bytetrack:0004:D5_Primary_3:0,1.0,INT-03,D5_Primary_3:0,D5_Primary_3:0/yolov8_bytetrack:track:2,G-101,G-102,34.05251401728142,417.70861822591354,False,False,False,rejected,geometry_gate_rejected,
d5_cv_5v5_multicamera_formal_20260716_yolo_bytetrack:0004:D5_Primary_3:0,1.0,INT-03,D5_Primary_3:0,D5_Primary_3:0/yolov8_bytetrack:track:1,G-102,G-103,36.92615358081597,433.43904104828397,False,False,False,rejected,geometry_gate_rejected,
d5_cv_5v5_multicamera_formal_20260716_yolo_bytetrack:0004:D5_Primary_3:0,1.0,INT-03,D5_Primary_3:0,D5_Primary_3:0/yolov8_bytetrack:track:12,G-102,G-104,147.40457811311114,865.9971221772181,False,False,False,rejected,geometry_gate_rejected,
d5_cv_5v5_multicamera_formal_20260716_yolo_bytetrack:0004:D5_Primary_3:0,1.0,INT-03,D5_Primary_3:0,D5_Primary_3:0/yolov8_bytetrack:track:2,G-102,G-102,0.04110094009488935,14.442694402575167,True,True,True,registered,registered_to_global_track,True
d5_cv_5v5_multicamera_formal_20260716_yolo_bytetrack:0004:D5_Primary_3:0,1.0,INT-03,D5_Primary_3:0,D5_Primary_3:0/yolov8_bytetrack:track:1,G-103,G-103,0.04115386660685906,14.447939321509443,True,True,True,registered,registered_to_global_track,True
d5_cv_5v5_multicamera_formal_20260716_yolo_bytetrack:0004:D5_Primary_3:0,1.0,INT-03,D5_Primary_3:0,D5_Primary_3:0/yolov8_bytetrack:track:12,G-103,G-104,35.11126812082351,422.01096996187584,False,False,False,rejected,geometry_gate_rejected,
d5_cv_5v5_multicamera_formal_20260716_yolo_bytetrack:0004:D5_Primary_3:0,1.0,INT-03,D5_Primary_3:0,D5_Primary_3:0/yolov8_bytetrack:track:2,G-103,G-102,39.389238669870224,446.9812360131579,False,False,False,rejected,geometry_gate_rejected,
d5_cv_5v5_multicamera_formal_20260716_yolo_bytetrack:0004:D5_Primary_3:0,1.0,INT-03,D5_Primary_3:0,D5_Primary_3:0/yolov8_bytetrack:track:1,G-104,G-103,36.502643218277875,430.8585253295667,False,False,False,rejected,geometry_gate_rejected,
d5_cv_5v5_multicamera_formal_20260716_yolo_bytetrack:0004:D5_Primary_3:0,1.0,INT-03,D5_Primary_3:0,D5_Primary_3:0/yolov8_bytetrack:track:12,G-104,G-104,0.0007378624559067047,1.9369209212650715,True,True,False,candidate,stability_window_failed,True
d5_cv_5v5_multicamera_formal_20260716_yolo_bytetrack:0004:D5_Primary_3:0,1.0,INT-03,D5_Primary_3:0,D5_Primary_3:0/yolov8_bytetrack:track:2,G-104,G-102,147.79597674011762,866.9695791666123,False,False,False,rejected,geometry_gate_rejected,
d5_cv_5v5_multicamera_formal_20260716_yolo_bytetrack:0004:D5_Primary_3:0,1.0,INT-03,D5_Primary_3:0,D5_Primary_3:0/yolov8_bytetrack:track:1,G-105,G-103,138.4216653049137,841.7750376610236,False,False,False,rejected,geometry_gate_rejected,
d5_cv_5v5_multicamera_formal_20260716_yolo_bytetrack:0004:D5_Primary_3:0,1.0,INT-03,D5_Primary_3:0,D5_Primary_3:0/yolov8_bytetrack:track:12,G-105,G-104,32.69002331089614,409.07371449492484,False,False,False,rejected,geometry_gate_rejected,
d5_cv_5v5_multicamera_formal_20260716_yolo_bytetrack:0004:D5_Primary_3:0,1.0,INT-03,D5_Primary_3:0,D5_Primary_3:0/yolov8_bytetrack:track:2,G-105,G-102,319.00289431835574,1277.8837433427143,False,False,False,rejected,geometry_gate_rejected,
d5_cv_5v5_multicamera_formal_20260716_yolo_bytetrack:0004:D5_Primary_4:0,1.0,INT-04,D5_Primary_4:0,D5_Primary_4:0/yolov8_bytetrack:track:1,G-101,G-104,,1278.1648905464856,False,False,False,rejected,projection_invalid,
d5_cv_5v5_multicamera_formal_20260716_yolo_bytetrack:0004:D5_Primary_4:0,1.0,INT-04,D5_Primary_4:0,D5_Primary_4:0/yolov8_bytetrack:track:7,G-101,G-105,,1708.8541200648024,False,False,False,rejected,projection_invalid,
d5_cv_5v5_multicamera_formal_20260716_yolo_bytetrack:0004:D5_Primary_4:0,1.0,INT-04,D5_Primary_4:0,D5_Primary_4:0/yolov8_bytetrack:track:2,G-101,G-103,,846.8232112484894,False,False,False,rejected,projection_invalid,
d5_cv_5v5_multicamera_formal_20260716_yolo_bytetrack:0004:D5_Primary_4:0,1.0,INT-04,D5_Primary_4:0,D5_Primary_4:0/yolov8_bytetrack:track:1,G-102,G-104,144.8162890445638,861.5583327099839,False,False,False,rejected,geometry_gate_rejected,
d5_cv_5v5_multicamera_formal_20260716_yolo_bytetrack:0004:D5_Primary_4:0,1.0,INT-04,D5_Primary_4:0,D5_Primary_4:0/yolov8_bytetrack:track:7,G-102,G-105,325.77568740282874,1292.2167398090728,False,False,False,rejected,geometry_gate_rejected,
d5_cv_5v5_multicamera_formal_20260716_yolo_bytetrack:0004:D5_Primary_4:0,1.0,INT-04,D5_Primary_4:0,D5_Primary_4:0/yolov8_bytetrack:track:2,G-102,G-103,36.122364713698,430.2921039296477,False,False,False,rejected,geometry_gate_rejected,
d5_cv_5v5_multicamera_formal_20260716_yolo_bytetrack:0004:D5_Primary_4:0,1.0,INT-04,D5_Primary_4:0,D5_Primary_4:0/yolov8_bytetrack:track:1,G-103,G-104,34.069327966101845,416.19111102795176,False,False,False,rejected,geometry_gate_rejected,
d5_cv_5v5_multicamera_formal_20260716_yolo_bytetrack:0004:D5_Primary_4:0,1.0,INT-04,D5_Primary_4:0,D5_Primary_4:0/yolov8_bytetrack:track:7,G-103,G-105,141.04779438259186,846.8260563168024,False,False,False,rejected,geometry_gate_rejected,
d5_cv_5v5_multicamera_formal_20260716_yolo_bytetrack:0004:D5_Primary_4:0,1.0,INT-04,D5_Primary_4:0,D5_Primary_4:0/yolov8_bytetrack:track:2,G-103,G-103,0.061406226640299544,17.663664333461806,True,True,True,registered,registered_to_global_track,True
d5_cv_5v5_multicamera_formal_20260716_yolo_bytetrack:0004:D5_Primary_4:0,1.0,INT-04,D5_Primary_4:0,D5_Primary_4:0/yolov8_bytetrack:track:1,G-104,G-104,0.004016623344072708,4.514168867298095,True,True,True,registered,registered_to_global_track,True
d5_cv_5v5_multicamera_formal_20260716_yolo_bytetrack:0004:D5_Primary_4:0,1.0,INT-04,D5_Primary_4:0,D5_Primary_4:0/yolov8_bytetrack:track:7,G-104,G-105,36.027812901384685,427.52960659329835,False,False,False,rejected,geometry_gate_rejected,
d5_cv_5v5_multicamera_formal_20260716_yolo_bytetrack:0004:D5_Primary_4:0,1.0,INT-04,D5_Primary_4:0,D5_Primary_4:0/yolov8_bytetrack:track:2,G-104,G-103,37.21680145620193,434.52700144942656,False,False,False,rejected,geometry_gate_rejected,
d5_cv_5v5_multicamera_formal_20260716_yolo_bytetrack:0004:D5_Primary_4:0,1.0,INT-04,D5_Primary_4:0,D5_Primary_4:0/yolov8_bytetrack:track:1,G-105,G-104,34.29445604746073,417.53921133274366,False,False,False,rejected,geometry_gate_rejected,
d5_cv_5v5_multicamera_formal_20260716_yolo_bytetrack:0004:D5_Primary_4:0,1.0,INT-04,D5_Primary_4:0,D5_Primary_4:0/yolov8_bytetrack:track:7,G-105,G-105,0.043280944408778735,14.829534446787827,True,True,True,registered,registered_to_global_track,True
d5_cv_5v5_multicamera_formal_20260716_yolo_bytetrack:0004:D5_Primary_4:0,1.0,INT-04,D5_Primary_4:0,D5_Primary_4:0/yolov8_bytetrack:track:2,G-105,G-103,141.73912981313129,848.8485942922084,False,False,False,rejected,geometry_gate_rejected,
d5_cv_5v5_multicamera_formal_20260716_yolo_bytetrack:0004:D5_Primary_5:0,1.0,INT-05,D5_Primary_5:0,D5_Primary_5:0/yolov8_bytetrack:track:1,G-101,G-105,,1696.0158858710845,False,False,False,rejected,projection_invalid,
d5_cv_5v5_multicamera_formal_20260716_yolo_bytetrack:0004:D5_Primary_5:0,1.0,INT-05,D5_Primary_5:0,D5_Primary_5:0/yolov8_bytetrack:track:2,G-101,G-104,,1263.0907895274033,False,False,False,rejected,projection_invalid,
d5_cv_5v5_multicamera_formal_20260716_yolo_bytetrack:0004:D5_Primary_5:0,1.0,INT-05,D5_Primary_5:0,D5_Primary_5:0/yolov8_bytetrack:track:1,G-102,G-105,,1285.5625541976378,False,False,False,rejected,projection_invalid,
d5_cv_5v5_multicamera_formal_20260716_yolo_bytetrack:0004:D5_Primary_5:0,1.0,INT-05,D5_Primary_5:0,D5_Primary_5:0/yolov8_bytetrack:track:2,G-102,G-104,,852.6676271917814,False,False,False,rejected,projection_invalid,
d5_cv_5v5_multicamera_formal_20260716_yolo_bytetrack:0004:D5_Primary_5:0,1.0,INT-05,D5_Primary_5:0,D5_Primary_5:0/yolov8_bytetrack:track:1,G-103,G-105,138.27846073921853,841.3976381211434,False,False,False,rejected,geometry_gate_rejected,
d5_cv_5v5_multicamera_formal_20260716_yolo_bytetrack:0004:D5_Primary_5:0,1.0,INT-05,D5_Primary_5:0,D5_Primary_5:0/yolov8_bytetrack:track:2,G-103,G-104,32.597479820376954,408.52212042971644,False,False,False,rejected,geometry_gate_rejected,
d5_cv_5v5_multicamera_formal_20260716_yolo_bytetrack:0004:D5_Primary_5:0,1.0,INT-05,D5_Primary_5:0,D5_Primary_5:0/yolov8_bytetrack:track:1,G-104,G-105,35.59039697372023,425.43220719358766,False,False,False,rejected,geometry_gate_rejected,
d5_cv_5v5_multicamera_formal_20260716_yolo_bytetrack:0004:D5_Primary_5:0,1.0,INT-05,D5_Primary_5:0,D5_Primary_5:0/yolov8_bytetrack:track:2,G-104,G-104,0.01220913397288363,7.878728505407674,True,True,True,registered,registered_to_global_track,True
d5_cv_5v5_multicamera_formal_20260716_yolo_bytetrack:0004:D5_Primary_5:0,1.0,INT-05,D5_Primary_5:0,D5_Primary_5:0/yolov8_bytetrack:track:1,G-105,G-105,0.02663696528884939,11.623098984116202,True,True,True,registered,registered_to_global_track,True
d5_cv_5v5_multicamera_formal_20260716_yolo_bytetrack:0004:D5_Primary_5:0,1.0,INT-05,D5_Primary_5:0,D5_Primary_5:0/yolov8_bytetrack:track:2,G-105,G-104,35.24408407533133,422.7880775386047,False,False,False,rejected,geometry_gate_rejected,
d5_cv_5v5_multicamera_formal_20260716_yolo_bytetrack:0004:D5_Recon_1:0,1.0,RECON-01,D5_Recon_1:0,D5_Recon_1:0:det:0001,G-101,G-101,4.31256075315215e-05,0.9116524456108274,True,True,True,registered,registered_to_global_track,True
d5_cv_5v5_multicamera_formal_20260716_yolo_bytetrack:0004:D5_Recon_1:0,1.0,RECON-01,D5_Recon_1:0,D5_Recon_1:0:det:0002,G-101,G-102,7.748045536564825,386.42000108289676,True,False,False,candidate,,
d5_cv_5v5_multicamera_formal_20260716_yolo_bytetrack:0004:D5_Recon_1:0,1.0,RECON-01,D5_Recon_1:0,D5_Recon_1:0:det:0003,G-101,G-103,31.08820808564109,774.0363569759912,False,False,False,rejected,geometry_gate_rejected,
d5_cv_5v5_multicamera_formal_20260716_yolo_bytetrack:0004:D5_Recon_1:0,1.0,RECON-01,D5_Recon_1:0,D5_Recon_1:0:det:0004,G-101,G-104,70.01926002460048,1161.641913537656,False,False,False,rejected,geometry_gate_rejected,
d5_cv_5v5_multicamera_formal_20260716_yolo_bytetrack:0004:D5_Recon_1:0,1.0,RECON-01,D5_Recon_1:0,D5_Recon_1:0:det:0005,G-101,G-105,124.49157453869269,1548.9360764171915,False,False,False,rejected,geometry_gate_rejected,
d5_cv_5v5_multicamera_formal_20260716_yolo_bytetrack:0004:D5_Recon_1:0,1.0,RECON-01,D5_Recon_1:0,D5_Recon_1:0:det:0001,G-102,G-101,7.597678857260082,382.5482735549299,True,False,False,candidate,,
d5_cv_5v5_multicamera_formal_20260716_yolo_bytetrack:0004:D5_Recon_1:0,1.0,RECON-01,D5_Recon_1:0,D5_Recon_1:0:det:0002,G-102,G-102,0.0035531235294653466,8.272236338245435,True,True,True,registered,registered_to_global_track,True
d5_cv_5v5_multicamera_formal_20260716_yolo_bytetrack:0004:D5_Recon_1:0,1.0,RECON-01,D5_Recon_1:0,D5_Recon_1:0:det:0003,G-102,G-103,7.998562640225931,392.5109765503893,True,False,False,candidate,,
d5_cv_5v5_multicamera_formal_20260716_yolo_bytetrack:0004:D5_Recon_1:0,1.0,RECON-01,D5_Recon_1:0,D5_Recon_1:0:det:0004,G-102,G-104,31.593342319192885,780.088031640364,False,False,False,rejected,geometry_gate_rejected,
d5_cv_5v5_multicamera_formal_20260716_yolo_bytetrack:0004:D5_Recon_1:0,1.0,RECON-01,D5_Recon_1:0,D5_Recon_1:0:det:0005,G-102,G-105,70.7501495987876,1167.3726312372403,False,False,False,rejected,geometry_gate_rejected,
d5_cv_5v5_multicamera_formal_20260716_yolo_bytetrack:0004:D5_Recon_1:0,1.0,RECON-01,D5_Recon_1:0,D5_Recon_1:0:det:0001,G-103,G-101,32.00129683167037,785.019516808395,False,False,False,rejected,geometry_gate_rejected,
d5_cv_5v5_multicamera_formal_20260716_yolo_bytetrack:0004:D5_Recon_1:0,1.0,RECON-01,D5_Recon_1:0,D5_Recon_1:0:det:0002,G-103,G-102,8.213008756724847,397.6928728560078,True,False,False,candidate,,
d5_cv_5v5_multicamera_formal_20260716_yolo_bytetrack:0004:D5_Recon_1:0,1.0,RECON-01,D5_Recon_1:0,D5_Recon_1:0:det:0003,G-103,G-103,0.005276968870905822,10.080659166303294,True,True,True,registered,registered_to_global_track,True
d5_cv_5v5_multicamera_formal_20260716_yolo_bytetrack:0004:D5_Recon_1:0,1.0,RECON-01,D5_Recon_1:0,D5_Recon_1:0:det:0004,G-103,G-104,7.401298579676014,377.52926918029067,True,False,False,candidate,,
d5_cv_5v5_multicamera_formal_20260716_yolo_bytetrack:0004:D5_Recon_1:0,1.0,RECON-01,D5_Recon_1:0,D5_Recon_1:0:det:0005,G-103,G-105,30.37588743972456,764.823374635238,False,False,False,rejected,geometry_gate_rejected,
d5_cv_5v5_multicamera_formal_20260716_yolo_bytetrack:0004:D5_Recon_1:0,1.0,RECON-01,D5_Recon_1:0,D5_Recon_1:0:det:0001,G-104,G-101,70.58811788333422,1165.9945042057366,False,False,False,rejected,geometry_gate_rejected,
d5_cv_5v5_multicamera_formal_20260716_yolo_bytetrack:0004:D5_Recon_1:0,1.0,RECON-01,D5_Recon_1:0,D5_Recon_1:0:det:0002,G-104,G-102,31.48101229902032,778.672877972958,False,False,False,rejected,geometry_gate_rejected,
d5_cv_5v5_multicamera_formal_20260716_yolo_bytetrack:0004:D5_Recon_1:0,1.0,RECON-01,D5_Recon_1:0,D5_Recon_1:0:det:0003,G-104,G-103,7.940561036714722,391.07161882808384,True,False,False,candidate,,
d5_cv_5v5_multicamera_formal_20260716_yolo_bytetrack:0004:D5_Recon_1:0,1.0,RECON-01,D5_Recon_1:0,D5_Recon_1:0:det:0004,G-104,G-104,0.0018451590883415416,5.961003527572506,True,True,True,registered,registered_to_global_track,True
d5_cv_5v5_multicamera_formal_20260716_yolo_bytetrack:0004:D5_Recon_1:0,1.0,RECON-01,D5_Recon_1:0,D5_Recon_1:0:det:0005,G-104,G-105,7.651574863488413,383.88937704401866,True,False,False,candidate,,
d5_cv_5v5_multicamera_formal_20260716_yolo_bytetrack:0004:D5_Recon_1:0,1.0,RECON-01,D5_Recon_1:0,D5_Recon_1:0:det:0001,G-105,G-101,123.64254952294311,1543.6260187572768,False,False,False,rejected,geometry_gate_rejected,
d5_cv_5v5_multicamera_formal_20260716_yolo_bytetrack:0004:D5_Recon_1:0,1.0,RECON-01,D5_Recon_1:0,D5_Recon_1:0:det:0002,G-105,G-102,69.37841104961663,1156.2993699566698,False,False,False,rejected,geometry_gate_rejected,
d5_cv_5v5_multicamera_formal_20260716_yolo_bytetrack:0004:D5_Recon_1:0,1.0,RECON-01,D5_Recon_1:0,D5_Recon_1:0:det:0003,G-105,G-103,30.660444237476145,768.6831054341853,False,False,False,rejected,geometry_gate_rejected,
d5_cv_5v5_multicamera_formal_20260716_yolo_bytetrack:0004:D5_Recon_1:0,1.0,RECON-01,D5_Recon_1:0,D5_Recon_1:0:det:0004,G-105,G-104,7.535484255332384,381.07784252640903,True,False,False,candidate,,
d5_cv_5v5_multicamera_formal_20260716_yolo_bytetrack:0004:D5_Recon_1:0,1.0,RECON-01,D5_Recon_1:0,D5_Recon_1:0:det:0005,G-105,G-105,0.0020286140661193415,6.252531662774083,True,True,True,registered,registered_to_global_track,True
d5_cv_5v5_multicamera_formal_20260716_yolo_bytetrack:0005:D5_Primary_1:0,1.25,INT-01,D5_Primary_1:0,D5_Primary_1:0/yolov8_bytetrack:track:1,G-101,G-101,0.011464326366900382,7.626058047460659,True,True,True,registered,registered_to_global_track,True
d5_cv_5v5_multicamera_formal_20260716_yolo_bytetrack:0005:D5_Primary_1:0,1.25,INT-01,D5_Primary_1:0,D5_Primary_1:0/yolov8_bytetrack:track:15,G-101,G-102,34.8641067606648,420.54771995751764,False,False,False,rejected,geometry_gate_rejected,
d5_cv_5v5_multicamera_formal_20260716_yolo_bytetrack:0005:D5_Primary_1:0,1.25,INT-01,D5_Primary_1:0,D5_Primary_1:0/yolov8_bytetrack:track:2,G-101,G-103,137.66060003596846,835.6623648074832,False,False,False,rejected,geometry_gate_rejected,
d5_cv_5v5_multicamera_formal_20260716_yolo_bytetrack:0005:D5_Primary_1:0,1.25,INT-01,D5_Primary_1:0,D5_Primary_1:0/yolov8_bytetrack:track:1,G-102,G-101,34.42820055098845,418.40043702947867,False,False,False,rejected,geometry_gate_rejected,
d5_cv_5v5_multicamera_formal_20260716_yolo_bytetrack:0005:D5_Primary_1:0,1.25,INT-01,D5_Primary_1:0,D5_Primary_1:0/yolov8_bytetrack:track:15,G-102,G-102,0.04225384214059855,14.640703414492364,True,True,False,candidate,stability_window_failed,True
d5_cv_5v5_multicamera_formal_20260716_yolo_bytetrack:0005:D5_Primary_1:0,1.25,INT-01,D5_Primary_1:0,D5_Primary_1:0/yolov8_bytetrack:track:2,G-102,G-103,34.54761338200784,419.1236179448241,False,False,False,rejected,geometry_gate_rejected,
d5_cv_5v5_multicamera_formal_20260716_yolo_bytetrack:0005:D5_Primary_1:0,1.25,INT-01,D5_Primary_1:0,D5_Primary_1:0/yolov8_bytetrack:track:1,G-103,G-101,140.01637518985467,846.4587482822983,False,False,False,rejected,geometry_gate_rejected,
d5_cv_5v5_multicamera_formal_20260716_yolo_bytetrack:0005:D5_Primary_1:0,1.25,INT-01,D5_Primary_1:0,D5_Primary_1:0/yolov8_bytetrack:track:15,G-103,G-102,35.23285135944476,424.6095779198803,False,False,False,rejected,geometry_gate_rejected,
d5_cv_5v5_multicamera_formal_20260716_yolo_bytetrack:0005:D5_Primary_1:0,1.25,INT-01,D5_Primary_1:0,D5_Primary_1:0/yolov8_bytetrack:track:2,G-103,G-103,0.036569522024983155,13.645168726616136,True,True,True,registered,registered_to_global_track,True
d5_cv_5v5_multicamera_formal_20260716_yolo_bytetrack:0005:D5_Primary_1:0,1.25,INT-01,D5_Primary_1:0,D5_Primary_1:0/yolov8_bytetrack:track:1,G-104,G-101,,1254.6048697527578,False,False,False,rejected,projection_invalid,
d5_cv_5v5_multicamera_formal_20260716_yolo_bytetrack:0005:D5_Primary_1:0,1.25,INT-01,D5_Primary_1:0,D5_Primary_1:0/yolov8_bytetrack:track:15,G-104,G-102,,832.6920625817702,False,False,False,rejected,projection_invalid,
d5_cv_5v5_multicamera_formal_20260716_yolo_bytetrack:0005:D5_Primary_1:0,1.25,INT-01,D5_Primary_1:0,D5_Primary_1:0/yolov8_bytetrack:track:2,G-104,G-103,,417.54222758145926,False,False,False,rejected,projection_invalid,
d5_cv_5v5_multicamera_formal_20260716_yolo_bytetrack:0005:D5_Primary_1:0,1.25,INT-01,D5_Primary_1:0,D5_Primary_1:0/yolov8_bytetrack:track:1,G-105,G-101,,1644.6404610560924,False,False,False,rejected,projection_invalid,
d5_cv_5v5_multicamera_formal_20260716_yolo_bytetrack:0005:D5_Primary_1:0,1.25,INT-01,D5_Primary_1:0,D5_Primary_1:0/yolov8_bytetrack:track:15,G-105,G-102,,1222.7308534499048,False,False,False,rejected,projection_invalid,
d5_cv_5v5_multicamera_formal_20260716_yolo_bytetrack:0005:D5_Primary_1:0,1.25,INT-01,D5_Primary_1:0,D5_Primary_1:0/yolov8_bytetrack:track:2,G-105,G-103,,807.583491481722,False,False,False,rejected,projection_invalid,
d5_cv_5v5_multicamera_formal_20260716_yolo_bytetrack:0005:D5_Primary_2:0,1.25,INT-02,D5_Primary_2:0,D5_Primary_2:0/yolov8_bytetrack:track:1,G-101,G-102,35.169638238264966,422.93491373522176,False,False,False,rejected,geometry_gate_rejected,
d5_cv_5v5_multicamera_formal_20260716_yolo_bytetrack:0005:D5_Primary_2:0,1.25,INT-02,D5_Primary_2:0,D5_Primary_2:0/yolov8_bytetrack:track:5,G-101,,140.953745078157,846.6967260823455,False,False,False,rejected,geometry_gate_rejected,
d5_cv_5v5_multicamera_formal_20260716_yolo_bytetrack:0005:D5_Primary_2:0,1.25,INT-02,D5_Primary_2:0,D5_Primary_2:0/yolov8_bytetrack:track:11,G-101,G-103,136.7849208449535,834.0818731091617,False,False,False,rejected,geometry_gate_rejected,
d5_cv_5v5_multicamera_formal_20260716_yolo_bytetrack:0005:D5_Primary_2:0,1.25,INT-02,D5_Primary_2:0,D5_Primary_2:0/yolov8_bytetrack:track:3,G-101,G-104,315.8131870194253,1267.3736650094165,False,False,False,rejected,geometry_gate_rejected,
d5_cv_5v5_multicamera_formal_20260716_yolo_bytetrack:0005:D5_Primary_2:0,1.25,INT-02,D5_Primary_2:0,D5_Primary_2:0/yolov8_bytetrack:track:2,G-101,G-101,0.035412180913570644,13.415468466918584,True,True,True,registered,registered_to_global_track,True
d5_cv_5v5_multicamera_formal_20260716_yolo_bytetrack:0005:D5_Primary_2:0,1.25,INT-02,D5_Primary_2:0,D5_Primary_2:0/yolov8_bytetrack:track:1,G-102,G-102,0.040806405993390485,14.389747182999615,True,True,True,registered,registered_to_global_track,True
d5_cv_5v5_multicamera_formal_20260716_yolo_bytetrack:0005:D5_Primary_2:0,1.25,INT-02,D5_Primary_2:0,D5_Primary_2:0/yolov8_bytetrack:track:5,G-102,,36.129946477113116,428.1759418758145,False,False,False,rejected,geometry_gate_rejected,
d5_cv_5v5_multicamera_formal_20260716_yolo_bytetrack:0005:D5_Primary_2:0,1.25,INT-02,D5_Primary_2:0,D5_Primary_2:0/yolov8_bytetrack:track:11,G-102,G-103,34.033196861062606,415.5659688098333,False,False,False,rejected,geometry_gate_rejected,
d5_cv_5v5_multicamera_formal_20260716_yolo_bytetrack:0005:D5_Primary_2:0,1.25,INT-02,D5_Primary_2:0,D5_Primary_2:0/yolov8_bytetrack:track:3,G-102,G-104,141.96567307115254,848.750958630464,False,False,False,rejected,geometry_gate_rejected,
d5_cv_5v5_multicamera_formal_20260716_yolo_bytetrack:0005:D5_Primary_2:0,1.25,INT-02,D5_Primary_2:0,D5_Primary_2:0/yolov8_bytetrack:track:2,G-102,G-101,36.468459090053074,430.1771321474844,False,False,False,rejected,geometry_gate_rejected,
d5_cv_5v5_multicamera_formal_20260716_yolo_bytetrack:0005:D5_Primary_2:0,1.25,INT-02,D5_Primary_2:0,D5_Primary_2:0/yolov8_bytetrack:track:1,G-103,G-102,36.75108396562488,432.2589793321689,False,False,False,rejected,geometry_gate_rejected,
d5_cv_5v5_multicamera_formal_20260716_yolo_bytetrack:0005:D5_Primary_2:0,1.25,INT-02,D5_Primary_2:0,D5_Primary_2:0/yolov8_bytetrack:track:5,G-103,,0.035109310040772335,13.350291762255248,True,True,True,registered,registered_to_global_track,
d5_cv_5v5_multicamera_formal_20260716_yolo_bytetrack:0005:D5_Primary_2:0,1.25,INT-02,D5_Primary_2:0,D5_Primary_2:0/yolov8_bytetrack:track:11,G-103,G-103,0.10757083632316095,23.38059445510551,True,False,False,candidate,,
d5_cv_5v5_multicamera_formal_20260716_yolo_bytetrack:0005:D5_Primary_2:0,1.25,INT-02,D5_Primary_2:0,D5_Primary_2:0/yolov8_bytetrack:track:3,G-103,G-104,33.463790741580524,412.47280350394976,False,False,False,rejected,geometry_gate_rejected,
d5_cv_5v5_multicamera_formal_20260716_yolo_bytetrack:0005:D5_Primary_2:0,1.25,INT-02,D5_Primary_2:0,D5_Primary_2:0/yolov8_bytetrack:track:2,G-103,G-101,147.61431161574308,866.3096218249268,False,False,False,rejected,geometry_gate_rejected,
d5_cv_5v5_multicamera_formal_20260716_yolo_bytetrack:0005:D5_Primary_2:0,1.25,INT-02,D5_Primary_2:0,D5_Primary_2:0/yolov8_bytetrack:track:1,G-104,G-102,139.93666446088523,846.4773393444981,False,False,False,rejected,geometry_gate_rejected,
d5_cv_5v5_multicamera_formal_20260716_yolo_bytetrack:0005:D5_Primary_2:0,1.25,INT-02,D5_Primary_2:0,D5_Primary_2:0/yolov8_bytetrack:track:5,G-104,,34.89467154928714,422.6968931403161,False,False,False,rejected,geometry_gate_rejected,
d5_cv_5v5_multicamera_formal_20260716_yolo_bytetrack:0005:D5_Primary_2:0,1.25,INT-02,D5_Primary_2:0,D5_Primary_2:0/yolov8_bytetrack:track:11,G-104,G-103,37.00831937227725,435.31054802832716,False,False,False,rejected,geometry_gate_rejected,
d5_cv_5v5_multicamera_formal_20260716_yolo_bytetrack:0005:D5_Primary_2:0,1.25,INT-02,D5_Primary_2:0,D5_Primary_2:0/yolov8_bytetrack:track:3,G-104,G-104,0.00402160862597533,4.520179703015953,True,True,True,registered,registered_to_global_track,True
d5_cv_5v5_multicamera_formal_20260716_yolo_bytetrack:0005:D5_Primary_2:0,1.25,INT-02,D5_Primary_2:0,D5_Primary_2:0/yolov8_bytetrack:track:2,G-104,G-101,320.27086606807416,1280.584667218868,False,False,False,rejected,geometry_gate_rejected,
d5_cv_5v5_multicamera_formal_20260716_yolo_bytetrack:0005:D5_Primary_2:0,1.25,INT-02,D5_Primary_2:0,D5_Primary_2:0/yolov8_bytetrack:track:1,G-105,G-102,,1247.0683294235664,False,False,False,rejected,projection_invalid,
d5_cv_5v5_multicamera_formal_20260716_yolo_bytetrack:0005:D5_Primary_2:0,1.25,INT-02,D5_Primary_2:0,D5_Primary_2:0/yolov8_bytetrack:track:5,G-105,,,823.2910504144141,False,False,False,rejected,projection_invalid,
d5_cv_5v5_multicamera_formal_20260716_yolo_bytetrack:0005:D5_Primary_2:0,1.25,INT-02,D5_Primary_2:0,D5_Primary_2:0/yolov8_bytetrack:track:11,G-105,G-103,,835.9047021317482,False,False,False,rejected,projection_invalid,
d5_cv_5v5_multicamera_formal_20260716_yolo_bytetrack:0005:D5_Primary_2:0,1.25,INT-02,D5_Primary_2:0,D5_Primary_2:0/yolov8_bytetrack:track:3,G-105,G-104,,402.6424576923373,False,False,False,rejected,projection_invalid,
d5_cv_5v5_multicamera_formal_20260716_yolo_bytetrack:0005:D5_Primary_2:0,1.25,INT-02,D5_Primary_2:0,D5_Primary_2:0/yolov8_bytetrack:track:2,G-105,G-101,,1681.172811802596,False,False,False,rejected,projection_invalid,
d5_cv_5v5_multicamera_formal_20260716_yolo_bytetrack:0005:D5_Primary_3:0,1.25,INT-03,D5_Primary_3:0,D5_Primary_3:0/yolov8_bytetrack:track:1,G-101,G-103,140.16519181179547,847.4384345786568,False,False,False,rejected,geometry_gate_rejected,
d5_cv_5v5_multicamera_formal_20260716_yolo_bytetrack:0005:D5_Primary_3:0,1.25,INT-03,D5_Primary_3:0,D5_Primary_3:0/yolov8_bytetrack:track:12,G-101,G-104,317.1208618763448,1274.6779726941506,False,False,False,rejected,geometry_gate_rejected,
d5_cv_5v5_multicamera_formal_20260716_yolo_bytetrack:0005:D5_Primary_3:0,1.25,INT-03,D5_Primary_3:0,D5_Primary_3:0/yolov8_bytetrack:track:2,G-101,G-102,34.43598382457357,420.0431153308318,False,False,False,rejected,geometry_gate_rejected,
d5_cv_5v5_multicamera_formal_20260716_yolo_bytetrack:0005:D5_Primary_3:0,1.25,INT-03,D5_Primary_3:0,D5_Primary_3:0/yolov8_bytetrack:track:1,G-102,G-103,36.33747706601597,429.97312156569217,False,False,False,rejected,geometry_gate_rejected,
d5_cv_5v5_multicamera_formal_20260716_yolo_bytetrack:0005:D5_Primary_3:0,1.25,INT-03,D5_Primary_3:0,D5_Primary_3:0/yolov8_bytetrack:track:12,G-102,G-104,144.39484113059905,857.1161690345452,False,False,False,rejected,geometry_gate_rejected,
d5_cv_5v5_multicamera_formal_20260716_yolo_bytetrack:0005:D5_Primary_3:0,1.25,INT-03,D5_Primary_3:0,D5_Primary_3:0/yolov8_bytetrack:track:2,G-102,G-102,0.04762020412411405,15.546360751646251,True,True,True,registered,registered_to_global_track,True
d5_cv_5v5_multicamera_formal_20260716_yolo_bytetrack:0005:D5_Primary_3:0,1.25,INT-03,D5_Primary_3:0,D5_Primary_3:0/yolov8_bytetrack:track:1,G-103,G-103,0.04364222358637333,14.878515845025404,True,True,True,registered,registered_to_global_track,True
d5_cv_5v5_multicamera_formal_20260716_yolo_bytetrack:0005:D5_Primary_3:0,1.25,INT-03,D5_Primary_3:0,D5_Primary_3:0/yolov8_bytetrack:track:12,G-103,G-104,34.16825655995831,416.3105061842365,False,False,False,rejected,geometry_gate_rejected,
d5_cv_5v5_multicamera_formal_20260716_yolo_bytetrack:0005:D5_Primary_3:0,1.25,INT-03,D5_Primary_3:0,D5_Primary_3:0/yolov8_bytetrack:track:2,G-103,G-102,37.938088104430165,438.67583350998217,False,False,False,rejected,geometry_gate_rejected,
d5_cv_5v5_multicamera_formal_20260716_yolo_bytetrack:0005:D5_Primary_3:0,1.25,INT-03,D5_Primary_3:0,D5_Primary_3:0/yolov8_bytetrack:track:1,G-104,G-103,35.97430566992323,427.7213912202029,False,False,False,rejected,geometry_gate_rejected,
d5_cv_5v5_multicamera_formal_20260716_yolo_bytetrack:0005:D5_Primary_3:0,1.25,INT-03,D5_Primary_3:0,D5_Primary_3:0/yolov8_bytetrack:track:12,G-104,G-104,0.002469686660372902,3.5396294844702703,True,True,True,registered,registered_to_global_track,True
d5_cv_5v5_multicamera_formal_20260716_yolo_bytetrack:0005:D5_Primary_3:0,1.25,INT-03,D5_Primary_3:0,D5_Primary_3:0/yolov8_bytetrack:track:2,G-104,G-102,143.80988801956698,855.1831596542813,False,False,False,rejected,geometry_gate_rejected,
d5_cv_5v5_multicamera_formal_20260716_yolo_bytetrack:0005:D5_Primary_3:0,1.25,INT-03,D5_Primary_3:0,D5_Primary_3:0/yolov8_bytetrack:track:1,G-105,G-103,136.206760799105,834.9373611712338,False,False,False,rejected,geometry_gate_rejected,
d5_cv_5v5_multicamera_formal_20260716_yolo_bytetrack:0005:D5_Primary_3:0,1.25,INT-03,D5_Primary_3:0,D5_Primary_3:0/yolov8_bytetrack:track:12,G-105,G-104,32.48014293976214,407.7211980570359,False,False,False,rejected,geometry_gate_rejected,
d5_cv_5v5_multicamera_formal_20260716_yolo_bytetrack:0005:D5_Primary_3:0,1.25,INT-03,D5_Primary_3:0,D5_Primary_3:0/yolov8_bytetrack:track:2,G-105,G-102,311.3748165555316,1262.3980400439366,False,False,False,rejected,geometry_gate_rejected,
d5_cv_5v5_multicamera_formal_20260716_yolo_bytetrack:0005:D5_Primary_4:0,1.25,INT-04,D5_Primary_4:0,D5_Primary_4:0/yolov8_bytetrack:track:1,G-101,G-104,,1266.7423944689333,False,False,False,rejected,projection_invalid,
d5_cv_5v5_multicamera_formal_20260716_yolo_bytetrack:0005:D5_Primary_4:0,1.25,INT-04,D5_Primary_4:0,D5_Primary_4:0/yolov8_bytetrack:track:7,G-101,G-105,,1692.9507572390826,False,False,False,rejected,projection_invalid,
d5_cv_5v5_multicamera_formal_20260716_yolo_bytetrack:0005:D5_Primary_4:0,1.25,INT-04,D5_Primary_4:0,D5_Primary_4:0/yolov8_bytetrack:track:2,G-101,G-103,,841.3575434164284,False,False,False,rejected,projection_invalid,
d5_cv_5v5_multicamera_formal_20260716_yolo_bytetrack:0005:D5_Primary_4:0,1.25,INT-04,D5_Primary_4:0,D5_Primary_4:0/yolov8_bytetrack:track:1,G-102,G-104,142.18556495977808,853.629127378728,False,False,False,rejected,geometry_gate_rejected,
d5_cv_5v5_multicamera_formal_20260716_yolo_bytetrack:0005:D5_Primary_4:0,1.25,INT-04,D5_Primary_4:0,D5_Primary_4:0/yolov8_bytetrack:track:7,G-102,G-105,319.59789857041824,1279.8038798393857,False,False,False,rejected,geometry_gate_rejected,
d5_cv_5v5_multicamera_formal_20260716_yolo_bytetrack:0005:D5_Primary_4:0,1.25,INT-04,D5_Primary_4:0,D5_Primary_4:0/yolov8_bytetrack:track:2,G-102,G-103,35.80276384556953,428.35019071463717,False,False,False,rejected,geometry_gate_rejected,
d5_cv_5v5_multicamera_formal_20260716_yolo_bytetrack:0005:D5_Primary_4:0,1.25,INT-04,D5_Primary_4:0,D5_Primary_4:0/yolov8_bytetrack:track:1,G-103,G-104,33.34970201711185,411.76477657658836,False,False,False,rejected,geometry_gate_rejected,
d5_cv_5v5_multicamera_formal_20260716_yolo_bytetrack:0005:D5_Primary_4:0,1.25,INT-04,D5_Primary_4:0,D5_Primary_4:0/yolov8_bytetrack:track:7,G-103,G-105,138.09887691156945,837.9117337190514,False,False,False,rejected,geometry_gate_rejected,
d5_cv_5v5_multicamera_formal_20260716_yolo_bytetrack:0005:D5_Primary_4:0,1.25,INT-04,D5_Primary_4:0,D5_Primary_4:0/yolov8_bytetrack:track:2,G-103,G-103,0.058840723818733454,17.28807282337915,True,True,True,registered,registered_to_global_track,True
d5_cv_5v5_multicamera_formal_20260716_yolo_bytetrack:0005:D5_Primary_4:0,1.25,INT-04,D5_Primary_4:0,D5_Primary_4:0/yolov8_bytetrack:track:1,G-104,G-104,0.006205998809769845,5.611165880113822,True,True,True,registered,registered_to_global_track,True
d5_cv_5v5_multicamera_formal_20260716_yolo_bytetrack:0005:D5_Primary_4:0,1.25,INT-04,D5_Primary_4:0,D5_Primary_4:0/yolov8_bytetrack:track:7,G-104,G-105,35.112539455559535,422.0640708948573,False,False,False,rejected,geometry_gate_rejected,
d5_cv_5v5_multicamera_formal_20260716_yolo_bytetrack:0005:D5_Primary_4:0,1.25,INT-04,D5_Primary_4:0,D5_Primary_4:0/yolov8_bytetrack:track:2,G-104,G-103,36.37444662342054,429.58139181901913,False,False,False,rejected,geometry_gate_rejected,
d5_cv_5v5_multicamera_formal_20260716_yolo_bytetrack:0005:D5_Primary_4:0,1.25,INT-04,D5_Primary_4:0,D5_Primary_4:0/yolov8_bytetrack:track:1,G-105,G-104,33.90128830570425,415.1307767765743,False,False,False,rejected,geometry_gate_rejected,
d5_cv_5v5_multicamera_formal_20260716_yolo_bytetrack:0005:D5_Primary_4:0,1.25,INT-04,D5_Primary_4:0,D5_Primary_4:0/yolov8_bytetrack:track:7,G-105,G-105,0.03476493705538676,13.289113419414253,True,True,True,registered,registered_to_global_track,True
d5_cv_5v5_multicamera_formal_20260716_yolo_bytetrack:0005:D5_Primary_4:0,1.25,INT-04,D5_Primary_4:0,D5_Primary_4:0/yolov8_bytetrack:track:2,G-105,G-103,138.96900158246441,840.4962952925852,False,False,False,rejected,geometry_gate_rejected,
d5_cv_5v5_multicamera_formal_20260716_yolo_bytetrack:0005:D5_Primary_5:0,1.25,INT-05,D5_Primary_5:0,D5_Primary_5:0/yolov8_bytetrack:track:1,G-101,G-105,,1677.307233908637,False,False,False,rejected,projection_invalid,
d5_cv_5v5_multicamera_formal_20260716_yolo_bytetrack:0005:D5_Primary_5:0,1.25,INT-05,D5_Primary_5:0,D5_Primary_5:0/yolov8_bytetrack:track:2,G-101,G-104,,1257.537695104846,False,False,False,rejected,projection_invalid,
d5_cv_5v5_multicamera_formal_20260716_yolo_bytetrack:0005:D5_Primary_5:0,1.25,INT-05,D5_Primary_5:0,D5_Primary_5:0/yolov8_bytetrack:track:1,G-102,G-105,,1271.4499787885582,False,False,False,rejected,projection_invalid,
d5_cv_5v5_multicamera_formal_20260716_yolo_bytetrack:0005:D5_Primary_5:0,1.25,INT-05,D5_Primary_5:0,D5_Primary_5:0/yolov8_bytetrack:track:2,G-102,G-104,,851.6997750159336,False,False,False,rejected,projection_invalid,
d5_cv_5v5_multicamera_formal_20260716_yolo_bytetrack:0005:D5_Primary_5:0,1.25,INT-05,D5_Primary_5:0,D5_Primary_5:0/yolov8_bytetrack:track:1,G-103,G-105,135.10086525133985,831.5931498445203,False,False,False,rejected,geometry_gate_rejected,
d5_cv_5v5_multicamera_formal_20260716_yolo_bytetrack:0005:D5_Primary_5:0,1.25,INT-05,D5_Primary_5:0,D5_Primary_5:0/yolov8_bytetrack:track:2,G-103,G-104,33.138395715317344,411.85783511049465,False,False,False,rejected,geometry_gate_rejected,
d5_cv_5v5_multicamera_formal_20260716_yolo_bytetrack:0005:D5_Primary_5:0,1.25,INT-05,D5_Primary_5:0,D5_Primary_5:0/yolov8_bytetrack:track:1,G-104,G-105,34.59840489184459,419.4540873534098,False,False,False,rejected,geometry_gate_rejected,
d5_cv_5v5_multicamera_formal_20260716_yolo_bytetrack:0005:D5_Primary_5:0,1.25,INT-05,D5_Primary_5:0,D5_Primary_5:0/yolov8_bytetrack:track:2,G-104,G-104,0.0007823409216629385,1.9921861622388939,True,True,True,registered,registered_to_global_track,True
d5_cv_5v5_multicamera_formal_20260716_yolo_bytetrack:0005:D5_Primary_5:0,1.25,INT-05,D5_Primary_5:0,D5_Primary_5:0/yolov8_bytetrack:track:1,G-105,G-105,0.020007849011370343,10.073652850201585,True,True,True,registered,registered_to_global_track,True
d5_cv_5v5_multicamera_formal_20260716_yolo_bytetrack:0005:D5_Primary_5:0,1.25,INT-05,D5_Primary_5:0,D5_Primary_5:0/yolov8_bytetrack:track:2,G-105,G-104,33.49509137661735,412.1709887702028,False,False,False,rejected,geometry_gate_rejected,
d5_cv_5v5_multicamera_formal_20260716_yolo_bytetrack:0005:D5_Recon_1:0,1.25,RECON-01,D5_Recon_1:0,D5_Recon_1:0:det:0001,G-101,G-101,4.505234770504354e-05,0.9317866980948621,True,True,True,registered,registered_to_global_track,True
d5_cv_5v5_multicamera_formal_20260716_yolo_bytetrack:0005:D5_Recon_1:0,1.25,RECON-01,D5_Recon_1:0,D5_Recon_1:0:det:0002,G-101,G-102,7.622439774474136,383.2724752890086,True,False,False,candidate,,
d5_cv_5v5_multicamera_formal_20260716_yolo_bytetrack:0005:D5_Recon_1:0,1.25,RECON-01,D5_Recon_1:0,D5_Recon_1:0:det:0003,G-101,G-103,30.586146292372916,767.7556327897275,False,False,False,rejected,geometry_gate_rejected,
d5_cv_5v5_multicamera_formal_20260716_yolo_bytetrack:0005:D5_Recon_1:0,1.25,RECON-01,D5_Recon_1:0,D5_Recon_1:0:det:0004,G-101,G-104,68.88919648116577,1152.222071956829,False,False,False,rejected,geometry_gate_rejected,
d5_cv_5v5_multicamera_formal_20260716_yolo_bytetrack:0005:D5_Recon_1:0,1.25,RECON-01,D5_Recon_1:0,D5_Recon_1:0:det:0005,G-101,G-105,122.48111522801581,1536.367801208181,False,False,False,rejected,geometry_gate_rejected,
d5_cv_5v5_multicamera_formal_20260716_yolo_bytetrack:0005:D5_Recon_1:0,1.25,RECON-01,D5_Recon_1:0,D5_Recon_1:0:det:0001,G-102,G-101,7.473989107261607,379.4208360208825,True,False,False,candidate,,
d5_cv_5v5_multicamera_formal_20260716_yolo_bytetrack:0005:D5_Recon_1:0,1.25,RECON-01,D5_Recon_1:0,D5_Recon_1:0:det:0002,G-102,G-102,0.003552906805071872,8.271976522076498,True,True,True,registered,registered_to_global_track,True
d5_cv_5v5_multicamera_formal_20260716_yolo_bytetrack:0005:D5_Recon_1:0,1.25,RECON-01,D5_Recon_1:0,D5_Recon_1:0:det:0003,G-102,G-103,7.871324919659132,389.3757651049949,True,False,False,candidate,,
d5_cv_5v5_multicamera_formal_20260716_yolo_bytetrack:0005:D5_Recon_1:0,1.25,RECON-01,D5_Recon_1:0,D5_Recon_1:0:det:0004,G-102,G-104,31.087269139053184,773.813462497258,False,False,False,rejected,geometry_gate_rejected,
d5_cv_5v5_multicamera_formal_20260716_yolo_bytetrack:0005:D5_Recon_1:0,1.25,RECON-01,D5_Recon_1:0,D5_Recon_1:0:det:0005,G-102,G-105,69.61282686238651,1157.9495205839753,False,False,False,rejected,geometry_gate_rejected,
d5_cv_5v5_multicamera_formal_20260716_yolo_bytetrack:0005:D5_Recon_1:0,1.25,RECON-01,D5_Recon_1:0,D5_Recon_1:0:det:0001,G-103,G-101,31.49266490352512,778.7555830009529,False,False,False,rejected,geometry_gate_rejected,
d5_cv_5v5_multicamera_formal_20260716_yolo_bytetrack:0005:D5_Recon_1:0,1.25,RECON-01,D5_Recon_1:0,D5_Recon_1:0:det:0002,G-103,G-102,8.084102007272039,394.5593682973504,True,False,False,candidate,,
d5_cv_5v5_multicamera_formal_20260716_yolo_bytetrack:0005:D5_Recon_1:0,1.25,RECON-01,D5_Recon_1:0,D5_Recon_1:0:det:0003,G-103,G-103,0.005275509389982757,10.079260444703651,True,True,True,registered,registered_to_global_track,True
d5_cv_5v5_multicamera_formal_20260716_yolo_bytetrack:0005:D5_Recon_1:0,1.25,RECON-01,D5_Recon_1:0,D5_Recon_1:0:det:0004,G-103,G-104,7.278744743590708,374.39040664702793,True,False,False,candidate,,
d5_cv_5v5_multicamera_formal_20260716_yolo_bytetrack:0005:D5_Recon_1:0,1.25,RECON-01,D5_Recon_1:0,D5_Recon_1:0:det:0005,G-103,G-105,29.87855360653559,758.536095891564,False,False,False,rejected,geometry_gate_rejected,
d5_cv_5v5_multicamera_formal_20260716_yolo_bytetrack:0005:D5_Recon_1:0,1.25,RECON-01,D5_Recon_1:0,D5_Recon_1:0:det:0001,G-104,G-101,69.4532672143202,1156.5812557705344,False,False,False,rejected,geometry_gate_rejected,
d5_cv_5v5_multicamera_formal_20260716_yolo_bytetrack:0005:D5_Recon_1:0,1.25,RECON-01,D5_Recon_1:0,D5_Recon_1:0:det:0002,G-104,G-102,30.975186198902943,772.3902329507557,False,False,False,rejected,geometry_gate_rejected,
d5_cv_5v5_multicamera_formal_20260716_yolo_bytetrack:0005:D5_Recon_1:0,1.25,RECON-01,D5_Recon_1:0,D5_Recon_1:0:det:0003,G-104,G-103,7.813230309865796,387.92263853989,True,False,False,candidate,,
d5_cv_5v5_multicamera_formal_20260716_yolo_bytetrack:0005:D5_Recon_1:0,1.25,RECON-01,D5_Recon_1:0,D5_Recon_1:0:det:0004,G-104,G-104,0.001869417179468373,6.0000502116332495,True,True,True,registered,registered_to_global_track,True
d5_cv_5v5_multicamera_formal_20260716_yolo_bytetrack:0005:D5_Recon_1:0,1.25,RECON-01,D5_Recon_1:0,D5_Recon_1:0:det:0005,G-104,G-105,7.527076262111674,380.7526575530309,True,False,False,candidate,,
d5_cv_5v5_multicamera_formal_20260716_yolo_bytetrack:0005:D5_Recon_1:0,1.25,RECON-01,D5_Recon_1:0,D5_Recon_1:0:det:0001,G-105,G-101,121.63976068997833,1531.0624265604774,False,False,False,rejected,geometry_gate_rejected,
d5_cv_5v5_multicamera_formal_20260716_yolo_bytetrack:0005:D5_Recon_1:0,1.25,RECON-01,D5_Recon_1:0,D5_Recon_1:0:det:0002,G-105,G-102,68.25198383147163,1146.866216496637,False,False,False,rejected,geometry_gate_rejected,
d5_cv_5v5_multicamera_formal_20260716_yolo_bytetrack:0005:D5_Recon_1:0,1.25,RECON-01,D5_Recon_1:0,D5_Recon_1:0:det:0003,G-105,G-103,30.160346332304528,762.3831382214319,False,False,False,rejected,geometry_gate_rejected,
d5_cv_5v5_multicamera_formal_20260716_yolo_bytetrack:0005:D5_Recon_1:0,1.25,RECON-01,D5_Recon_1:0,D5_Recon_1:0:det:0004,G-105,G-104,7.411097732857297,377.91696695661886,True,False,False,candidate,,
d5_cv_5v5_multicamera_formal_20260716_yolo_bytetrack:0005:D5_Recon_1:0,1.25,RECON-01,D5_Recon_1:0,D5_Recon_1:0:det:0005,G-105,G-105,0.0020348713121234254,6.262126638979723,True,True,True,registered,registered_to_global_track,True
d5_cv_5v5_multicamera_formal_20260716_yolo_bytetrack:0006:D5_Primary_1:0,1.5,INT-01,D5_Primary_1:0,D5_Primary_1:0/yolov8_bytetrack:track:1,G-101,G-101,0.010508422729978302,7.3012659602234775,True,True,True,registered,registered_to_global_track,True
d5_cv_5v5_multicamera_formal_20260716_yolo_bytetrack:0006:D5_Primary_1:0,1.5,INT-01,D5_Primary_1:0,D5_Primary_1:0/yolov8_bytetrack:track:15,G-101,G-102,34.474867121259116,418.1969810660004,False,False,False,rejected,geometry_gate_rejected,
d5_cv_5v5_multicamera_formal_20260716_yolo_bytetrack:0006:D5_Primary_1:0,1.5,INT-01,D5_Primary_1:0,D5_Primary_1:0/yolov8_bytetrack:track:1,G-102,G-101,33.63833855933062,413.5480363343533,False,False,False,rejected,geometry_gate_rejected,
d5_cv_5v5_multicamera_formal_20260716_yolo_bytetrack:0006:D5_Primary_1:0,1.5,INT-01,D5_Primary_1:0,D5_Primary_1:0/yolov8_bytetrack:track:15,G-102,G-102,0.04692035909304444,15.428232132237873,True,True,True,registered,registered_to_global_track,True
d5_cv_5v5_multicamera_formal_20260716_yolo_bytetrack:0006:D5_Primary_1:0,1.5,INT-01,D5_Primary_1:0,D5_Primary_1:0/yolov8_bytetrack:track:1,G-103,G-101,136.8311823945282,836.6085345893596,False,False,False,rejected,geometry_gate_rejected,
d5_cv_5v5_multicamera_formal_20260716_yolo_bytetrack:0006:D5_Primary_1:0,1.5,INT-01,D5_Primary_1:0,D5_Primary_1:0/yolov8_bytetrack:track:15,G-103,G-102,34.168293868143344,418.062245168251,False,False,False,rejected,geometry_gate_rejected,
d5_cv_5v5_multicamera_formal_20260716_yolo_bytetrack:0006:D5_Primary_1:0,1.5,INT-01,D5_Primary_1:0,D5_Primary_1:0/yolov8_bytetrack:track:1,G-104,G-101,,1238.8282145437163,False,False,False,rejected,projection_invalid,
d5_cv_5v5_multicamera_formal_20260716_yolo_bytetrack:0006:D5_Primary_1:0,1.5,INT-01,D5_Primary_1:0,D5_Primary_1:0/yolov8_bytetrack:track:15,G-104,G-102,,820.2083580559304,False,False,False,rejected,projection_invalid,
d5_cv_5v5_multicamera_formal_20260716_yolo_bytetrack:0006:D5_Primary_1:0,1.5,INT-01,D5_Primary_1:0,D5_Primary_1:0/yolov8_bytetrack:track:1,G-105,G-101,,1622.1719304556934,False,False,False,rejected,projection_invalid,
d5_cv_5v5_multicamera_formal_20260716_yolo_bytetrack:0006:D5_Primary_1:0,1.5,INT-01,D5_Primary_1:0,D5_Primary_1:0/yolov8_bytetrack:track:15,G-105,G-102,,1203.5560889673538,False,False,False,rejected,projection_invalid,
d5_cv_5v5_multicamera_formal_20260716_yolo_bytetrack:0006:D5_Primary_2:0,1.5,INT-02,D5_Primary_2:0,D5_Primary_2:0/yolov8_bytetrack:track:1,G-101,G-102,34.839010399517846,420.9586718267588,False,False,False,rejected,geometry_gate_rejected,
d5_cv_5v5_multicamera_formal_20260716_yolo_bytetrack:0006:D5_Primary_2:0,1.5,INT-02,D5_Primary_2:0,D5_Primary_2:0/yolov8_bytetrack:track:5,G-101,G-103,139.04120975772048,840.9656844517069,False,False,False,rejected,geometry_gate_rejected,
d5_cv_5v5_multicamera_formal_20260716_yolo_bytetrack:0006:D5_Primary_2:0,1.5,INT-02,D5_Primary_2:0,D5_Primary_2:0/yolov8_bytetrack:track:2,G-101,G-101,0.025364654528439588,11.35360136617199,True,True,True,registered,registered_to_global_track,True
d5_cv_5v5_multicamera_formal_20260716_yolo_bytetrack:0006:D5_Primary_2:0,1.5,INT-02,D5_Primary_2:0,D5_Primary_2:0/yolov8_bytetrack:track:1,G-102,G-102,0.037085424972805,13.71818293873397,True,True,True,registered,registered_to_global_track,True
d5_cv_5v5_multicamera_formal_20260716_yolo_bytetrack:0006:D5_Primary_2:0,1.5,INT-02,D5_Primary_2:0,D5_Primary_2:0/yolov8_bytetrack:track:5,G-102,G-103,35.64923552335284,425.3237580309711,False,False,False,rejected,geometry_gate_rejected,
d5_cv_5v5_multicamera_formal_20260716_yolo_bytetrack:0006:D5_Primary_2:0,1.5,INT-02,D5_Primary_2:0,D5_Primary_2:0/yolov8_bytetrack:track:2,G-102,G-101,35.6203336028282,425.1513200156159,False,False,False,rejected,geometry_gate_rejected,
d5_cv_5v5_multicamera_formal_20260716_yolo_bytetrack:0006:D5_Primary_2:0,1.5,INT-02,D5_Primary_2:0,D5_Primary_2:0/yolov8_bytetrack:track:1,G-103,G-102,35.95816714111188,427.5495340524491,False,False,False,rejected,geometry_gate_rejected,
d5_cv_5v5_multicamera_formal_20260716_yolo_bytetrack:0006:D5_Primary_2:0,1.5,INT-02,D5_Primary_2:0,D5_Primary_2:0/yolov8_bytetrack:track:5,G-103,G-103,0.026699870007338714,11.642044498742605,True,True,True,registered,registered_to_global_track,True
d5_cv_5v5_multicamera_formal_20260716_yolo_bytetrack:0006:D5_Primary_2:0,1.5,INT-02,D5_Primary_2:0,D5_Primary_2:0/yolov8_bytetrack:track:2,G-103,G-101,144.66107537528282,857.5578585308417,False,False,False,rejected,geometry_gate_rejected,
d5_cv_5v5_multicamera_formal_20260716_yolo_bytetrack:0006:D5_Primary_2:0,1.5,INT-02,D5_Primary_2:0,D5_Primary_2:0/yolov8_bytetrack:track:1,G-104,G-102,136.96163021454376,837.2881393461321,False,False,False,rejected,geometry_gate_rejected,
d5_cv_5v5_multicamera_formal_20260716_yolo_bytetrack:0006:D5_Primary_2:0,1.5,INT-02,D5_Primary_2:0,D5_Primary_2:0/yolov8_bytetrack:track:5,G-104,G-103,34.0144481979588,417.2604215691146,False,False,False,rejected,geometry_gate_rejected,
d5_cv_5v5_multicamera_formal_20260716_yolo_bytetrack:0006:D5_Primary_2:0,1.5,INT-02,D5_Primary_2:0,D5_Primary_2:0/yolov8_bytetrack:track:2,G-104,G-101,313.7869790251222,1267.3393969219783,False,False,False,rejected,geometry_gate_rejected,
d5_cv_5v5_multicamera_formal_20260716_yolo_bytetrack:0006:D5_Primary_2:0,1.5,INT-02,D5_Primary_2:0,D5_Primary_2:0/yolov8_bytetrack:track:1,G-105,G-102,,1232.7168379303303,False,False,False,rejected,projection_invalid,
d5_cv_5v5_multicamera_formal_20260716_yolo_bytetrack:0006:D5_Primary_2:0,1.5,INT-02,D5_Primary_2:0,D5_Primary_2:0/yolov8_bytetrack:track:5,G-105,G-103,,812.6930859437751,False,False,False,rejected,projection_invalid,
d5_cv_5v5_multicamera_formal_20260716_yolo_bytetrack:0006:D5_Primary_2:0,1.5,INT-02,D5_Primary_2:0,D5_Primary_2:0/yolov8_bytetrack:track:2,G-105,G-101,,1662.7661411604279,False,False,False,rejected,projection_invalid,
d5_cv_5v5_multicamera_formal_20260716_yolo_bytetrack:0006:D5_Primary_3:0,1.5,INT-03,D5_Primary_3:0,D5_Primary_3:0/yolov8_bytetrack:track:1,G-101,G-103,138.32438811083784,841.8410082054465,False,False,False,rejected,geometry_gate_rejected,
d5_cv_5v5_multicamera_formal_20260716_yolo_bytetrack:0006:D5_Primary_3:0,1.5,INT-03,D5_Primary_3:0,D5_Primary_3:0/yolov8_bytetrack:track:12,G-101,G-104,312.09121059526484,1264.5076553142137,False,False,False,rejected,geometry_gate_rejected,
d5_cv_5v5_multicamera_formal_20260716_yolo_bytetrack:0006:D5_Primary_3:0,1.5,INT-03,D5_Primary_3:0,D5_Primary_3:0/yolov8_bytetrack:track:1,G-102,G-103,35.86348375993984,427.16519936675417,False,False,False,rejected,geometry_gate_rejected,
d5_cv_5v5_multicamera_formal_20260716_yolo_bytetrack:0006:D5_Primary_3:0,1.5,INT-03,D5_Primary_3:0,D5_Primary_3:0/yolov8_bytetrack:track:12,G-102,G-104,141.92407836933253,849.7625125669041,False,False,False,rejected,geometry_gate_rejected,
d5_cv_5v5_multicamera_formal_20260716_yolo_bytetrack:0006:D5_Primary_3:0,1.5,INT-03,D5_Primary_3:0,D5_Primary_3:0/yolov8_bytetrack:track:1,G-103,G-103,0.0389179499169052,14.050415593756645,True,True,True,registered,registered_to_global_track,True
d5_cv_5v5_multicamera_formal_20260716_yolo_bytetrack:0006:D5_Primary_3:0,1.5,INT-03,D5_Primary_3:0,D5_Primary_3:0/yolov8_bytetrack:track:12,G-103,G-104,33.47331604274323,412.0626859167747,False,False,False,rejected,geometry_gate_rejected,
d5_cv_5v5_multicamera_formal_20260716_yolo_bytetrack:0006:D5_Primary_3:0,1.5,INT-03,D5_Primary_3:0,D5_Primary_3:0/yolov8_bytetrack:track:1,G-104,G-103,35.35300182682605,424.0070103033112,False,False,False,rejected,geometry_gate_rejected,
d5_cv_5v5_multicamera_formal_20260716_yolo_bytetrack:0006:D5_Primary_3:0,1.5,INT-03,D5_Primary_3:0,D5_Primary_3:0/yolov8_bytetrack:track:12,G-104,G-104,0.0038074639045728147,4.395398975577107,True,True,True,registered,registered_to_global_track,True
d5_cv_5v5_multicamera_formal_20260716_yolo_bytetrack:0006:D5_Primary_3:0,1.5,INT-03,D5_Primary_3:0,D5_Primary_3:0/yolov8_bytetrack:track:1,G-105,G-103,133.84084866056543,827.5865463301624,False,False,False,rejected,geometry_gate_rejected,
d5_cv_5v5_multicamera_formal_20260716_yolo_bytetrack:0006:D5_Primary_3:0,1.5,INT-03,D5_Primary_3:0,D5_Primary_3:0/yolov8_bytetrack:track:12,G-105,G-104,32.04922647331301,404.9744184413087,False,False,False,rejected,geometry_gate_rejected,
d5_cv_5v5_multicamera_formal_20260716_yolo_bytetrack:0006:D5_Primary_4:0,1.5,INT-04,D5_Primary_4:0,D5_Primary_4:0/yolov8_bytetrack:track:1,G-101,G-104,,1256.776640662525,False,False,False,rejected,projection_invalid,
d5_cv_5v5_multicamera_formal_20260716_yolo_bytetrack:0006:D5_Primary_4:0,1.5,INT-04,D5_Primary_4:0,D5_Primary_4:0/yolov8_bytetrack:track:7,G-101,G-105,,1678.3727133248876,False,False,False,rejected,projection_invalid,
d5_cv_5v5_multicamera_formal_20260716_yolo_bytetrack:0006:D5_Primary_4:0,1.5,INT-04,D5_Primary_4:0,D5_Primary_4:0/yolov8_bytetrack:track:1,G-102,G-104,139.9999075969412,846.9918717045896,False,False,False,rejected,geometry_gate_rejected,
d5_cv_5v5_multicamera_formal_20260716_yolo_bytetrack:0006:D5_Primary_4:0,1.5,INT-04,D5_Primary_4:0,D5_Primary_4:0/yolov8_bytetrack:track:7,G-102,G-105,314.04371666457513,1268.5581316144012,False,False,False,rejected,geometry_gate_rejected,
d5_cv_5v5_multicamera_formal_20260716_yolo_bytetrack:0006:D5_Primary_4:0,1.5,INT-04,D5_Primary_4:0,D5_Primary_4:0/yolov8_bytetrack:track:1,G-103,G-104,32.81750911954478,408.46447344704114,False,False,False,rejected,geometry_gate_rejected,
d5_cv_5v5_multicamera_formal_20260716_yolo_bytetrack:0006:D5_Primary_4:0,1.5,INT-04,D5_Primary_4:0,D5_Primary_4:0/yolov8_bytetrack:track:7,G-103,G-105,135.5070962987115,830.0083130642088,False,False,False,rejected,geometry_gate_rejected,
d5_cv_5v5_multicamera_formal_20260716_yolo_bytetrack:0006:D5_Primary_4:0,1.5,INT-04,D5_Primary_4:0,D5_Primary_4:0/yolov8_bytetrack:track:1,G-104,G-104,0.005141929349952082,5.107589018545661,True,True,True,registered,registered_to_global_track,True
d5_cv_5v5_multicamera_formal_20260716_yolo_bytetrack:0006:D5_Primary_4:0,1.5,INT-04,D5_Primary_4:0,D5_Primary_4:0/yolov8_bytetrack:track:7,G-104,G-105,34.35154971012604,417.4707564799704,False,False,False,rejected,geometry_gate_rejected,
d5_cv_5v5_multicamera_formal_20260716_yolo_bytetrack:0006:D5_Primary_4:0,1.5,INT-04,D5_Primary_4:0,D5_Primary_4:0/yolov8_bytetrack:track:1,G-105,G-104,33.363565101528515,411.823258583399,False,False,False,rejected,geometry_gate_rejected,
d5_cv_5v5_multicamera_formal_20260716_yolo_bytetrack:0006:D5_Primary_4:0,1.5,INT-04,D5_Primary_4:0,D5_Primary_4:0/yolov8_bytetrack:track:7,G-105,G-105,0.02764920551563662,11.851080197892312,True,True,True,registered,registered_to_global_track,True
d5_cv_5v5_multicamera_formal_20260716_yolo_bytetrack:0006:D5_Primary_5:0,1.5,INT-05,D5_Primary_5:0,D5_Primary_5:0/yolov8_bytetrack:track:1,G-101,G-105,,1659.319220993801,False,False,False,rejected,projection_invalid,
d5_cv_5v5_multicamera_formal_20260716_yolo_bytetrack:0006:D5_Primary_5:0,1.5,INT-05,D5_Primary_5:0,D5_Primary_5:0/yolov8_bytetrack:track:1,G-102,G-105,,1258.2413983782567,False,False,False,rejected,projection_invalid,
d5_cv_5v5_multicamera_formal_20260716_yolo_bytetrack:0006:D5_Primary_5:0,1.5,INT-05,D5_Primary_5:0,D5_Primary_5:0/yolov8_bytetrack:track:1,G-103,G-105,132.3079509352951,822.8585364730708,False,False,False,rejected,geometry_gate_rejected,
d5_cv_5v5_multicamera_formal_20260716_yolo_bytetrack:0006:D5_Primary_5:0,1.5,INT-05,D5_Primary_5:0,D5_Primary_5:0/yolov8_bytetrack:track:1,G-104,G-105,33.81310491456077,414.65573405477596,False,False,False,rejected,geometry_gate_rejected,
d5_cv_5v5_multicamera_formal_20260716_yolo_bytetrack:0006:D5_Primary_5:0,1.5,INT-05,D5_Primary_5:0,D5_Primary_5:0/yolov8_bytetrack:track:1,G-105,G-105,0.014445425137103519,8.559699113030685,True,True,True,registered,registered_to_global_track,True
d5_cv_5v5_multicamera_formal_20260716_yolo_bytetrack:0006:D5_Recon_1:0,1.5,RECON-01,D5_Recon_1:0,D5_Recon_1:0:det:0001,G-101,G-101,4.704867978796592e-05,0.9521985897513856,True,True,True,registered,registered_to_global_track,True
d5_cv_5v5_multicamera_formal_20260716_yolo_bytetrack:0006:D5_Recon_1:0,1.5,RECON-01,D5_Recon_1:0,D5_Recon_1:0:det:0002,G-101,G-102,7.497806335352424,380.12360776473656,True,False,False,candidate,,
d5_cv_5v5_multicamera_formal_20260716_yolo_bytetrack:0006:D5_Recon_1:0,1.5,RECON-01,D5_Recon_1:0,D5_Recon_1:0:det:0003,G-101,G-103,30.087843189844204,761.4708132495604,False,False,False,rejected,geometry_gate_rejected,
d5_cv_5v5_multicamera_formal_20260716_yolo_bytetrack:0006:D5_Recon_1:0,1.5,RECON-01,D5_Recon_1:0,D5_Recon_1:0:det:0004,G-101,G-104,67.76732768676635,1142.7938994103433,False,False,False,rejected,geometry_gate_rejected,
d5_cv_5v5_multicamera_formal_20260716_yolo_bytetrack:0006:D5_Recon_1:0,1.5,RECON-01,D5_Recon_1:0,D5_Recon_1:0:det:0005,G-101,G-105,120.4848754809074,1523.7860726446725,False,False,False,rejected,geometry_gate_rejected,
d5_cv_5v5_multicamera_formal_20260716_yolo_bytetrack:0006:D5_Recon_1:0,1.5,RECON-01,D5_Recon_1:0,D5_Recon_1:0:det:0001,G-102,G-101,7.351255336561688,376.29186821830973,True,False,False,candidate,,
d5_cv_5v5_multicamera_formal_20260716_yolo_bytetrack:0006:D5_Recon_1:0,1.5,RECON-01,D5_Recon_1:0,D5_Recon_1:0:det:0002,G-102,G-102,0.0035513435691496174,8.270148383849074,True,True,True,registered,registered_to_global_track,True
d5_cv_5v5_multicamera_formal_20260716_yolo_bytetrack:0006:D5_Recon_1:0,1.5,RECON-01,D5_Recon_1:0,D5_Recon_1:0:det:0003,G-102,G-103,7.744982702742486,386.23742780913705,True,False,False,candidate,,
d5_cv_5v5_multicamera_formal_20260716_yolo_bytetrack:0006:D5_Recon_1:0,1.5,RECON-01,D5_Recon_1:0,D5_Recon_1:0:det:0004,G-102,G-104,30.58469770220899,767.5315269128811,False,False,False,rejected,geometry_gate_rejected,
d5_cv_5v5_multicamera_formal_20260716_yolo_bytetrack:0006:D5_Recon_1:0,1.5,RECON-01,D5_Recon_1:0,D5_Recon_1:0:det:0005,G-102,G-105,68.48324367705368,1148.5139805896129,False,False,False,rejected,geometry_gate_rejected,
d5_cv_5v5_multicamera_formal_20260716_yolo_bytetrack:0006:D5_Recon_1:0,1.5,RECON-01,D5_Recon_1:0,D5_Recon_1:0:det:0001,G-103,G-101,30.987769896617646,772.487369113854,False,False,False,rejected,geometry_gate_rejected,
d5_cv_5v5_multicamera_formal_20260716_yolo_bytetrack:0006:D5_Recon_1:0,1.5,RECON-01,D5_Recon_1:0,D5_Recon_1:0:det:0002,G-103,G-102,7.956104164437434,391.4231035216407,True,False,False,candidate,,
d5_cv_5v5_multicamera_formal_20260716_yolo_bytetrack:0006:D5_Recon_1:0,1.5,RECON-01,D5_Recon_1:0,D5_Recon_1:0:det:0003,G-103,G-103,0.005274699936120034,10.078481553739834,True,True,True,registered,registered_to_global_track,True
d5_cv_5v5_multicamera_formal_20260716_yolo_bytetrack:0006:D5_Recon_1:0,1.5,RECON-01,D5_Recon_1:0,D5_Recon_1:0:det:0004,G-103,G-104,7.1570539048061566,371.24735652725707,True,False,False,candidate,,
d5_cv_5v5_multicamera_formal_20260716_yolo_bytetrack:0006:D5_Recon_1:0,1.5,RECON-01,D5_Recon_1:0,D5_Recon_1:0:det:0005,G-103,G-105,29.384601906159265,752.2394949779896,False,False,False,rejected,geometry_gate_rejected,
d5_cv_5v5_multicamera_formal_20260716_yolo_bytetrack:0006:D5_Recon_1:0,1.5,RECON-01,D5_Recon_1:0,D5_Recon_1:0:det:0001,G-104,G-101,68.32663704043291,1147.1597317496937,False,False,False,rejected,geometry_gate_rejected,
d5_cv_5v5_multicamera_formal_20260716_yolo_bytetrack:0006:D5_Recon_1:0,1.5,RECON-01,D5_Recon_1:0,D5_Recon_1:0:det:0002,G-104,G-102,30.47292338777229,766.1008285112792,False,False,False,rejected,geometry_gate_rejected,
d5_cv_5v5_multicamera_formal_20260716_yolo_bytetrack:0006:D5_Recon_1:0,1.5,RECON-01,D5_Recon_1:0,D5_Recon_1:0:det:0003,G-104,G-103,7.686759387600154,384.7693919399641,True,False,False,candidate,,
d5_cv_5v5_multicamera_formal_20260716_yolo_bytetrack:0006:D5_Recon_1:0,1.5,RECON-01,D5_Recon_1:0,D5_Recon_1:0:det:0004,G-104,G-104,0.001871690720527891,6.003689704049175,True,True,True,registered,registered_to_global_track,True
d5_cv_5v5_multicamera_formal_20260716_yolo_bytetrack:0006:D5_Recon_1:0,1.5,RECON-01,D5_Recon_1:0,D5_Recon_1:0:det:0005,G-104,G-105,7.40336303050055,377.6098980150255,True,False,False,candidate,,
d5_cv_5v5_multicamera_formal_20260716_yolo_bytetrack:0006:D5_Recon_1:0,1.5,RECON-01,D5_Recon_1:0,D5_Recon_1:0:det:0001,G-105,G-101,119.65128531355028,1518.4859191679611,False,False,False,rejected,geometry_gate_rejected,
d5_cv_5v5_multicamera_formal_20260716_yolo_bytetrack:0006:D5_Recon_1:0,1.5,RECON-01,D5_Recon_1:0,D5_Recon_1:0:det:0002,G-105,G-102,67.13342786427414,1137.4216657980064,False,False,False,rejected,geometry_gate_rejected,
d5_cv_5v5_multicamera_formal_20260716_yolo_bytetrack:0006:D5_Recon_1:0,1.5,RECON-01,D5_Recon_1:0,D5_Recon_1:0:det:0003,G-105,G-103,29.663682069057216,756.0745400304239,False,False,False,rejected,geometry_gate_rejected,
d5_cv_5v5_multicamera_formal_20260716_yolo_bytetrack:0006:D5_Recon_1:0,1.5,RECON-01,D5_Recon_1:0,D5_Recon_1:0:det:0004,G-105,G-104,7.287577249338296,374.7517509370441,True,False,False,candidate,,
d5_cv_5v5_multicamera_formal_20260716_yolo_bytetrack:0006:D5_Recon_1:0,1.5,RECON-01,D5_Recon_1:0,D5_Recon_1:0:det:0005,G-105,G-105,0.0020444086336591214,6.276739014899583,True,True,True,registered,registered_to_global_track,True
d5_cv_5v5_multicamera_formal_20260716_yolo_bytetrack:0007:D5_Primary_1:0,1.75,INT-01,D5_Primary_1:0,D5_Primary_1:0/yolov8_bytetrack:track:1,G-101,G-101,0.010180297830593594,7.1863993065386635,True,True,True,registered,registered_to_global_track,True
d5_cv_5v5_multicamera_formal_20260716_yolo_bytetrack:0007:D5_Primary_1:0,1.75,INT-01,D5_Primary_1:0,D5_Primary_1:0/yolov8_bytetrack:track:15,G-101,G-102,33.928079058738874,414.8689660784472,False,False,False,rejected,geometry_gate_rejected,
d5_cv_5v5_multicamera_formal_20260716_yolo_bytetrack:0007:D5_Primary_1:0,1.75,INT-01,D5_Primary_1:0,D5_Primary_1:0/yolov8_bytetrack:track:2,G-101,G-103,133.97840074077922,824.4203693095695,False,False,False,rejected,geometry_gate_rejected,
d5_cv_5v5_multicamera_formal_20260716_yolo_bytetrack:0007:D5_Primary_1:0,1.75,INT-01,D5_Primary_1:0,D5_Primary_1:0/yolov8_bytetrack:track:1,G-102,G-101,32.93396315388886,409.1668559108164,False,False,False,rejected,geometry_gate_rejected,
d5_cv_5v5_multicamera_formal_20260716_yolo_bytetrack:0007:D5_Primary_1:0,1.75,INT-01,D5_Primary_1:0,D5_Primary_1:0/yolov8_bytetrack:track:15,G-102,G-102,0.04825100967921517,15.645179009752137,True,True,True,registered,registered_to_global_track,True
d5_cv_5v5_multicamera_formal_20260716_yolo_bytetrack:0007:D5_Primary_1:0,1.75,INT-01,D5_Primary_1:0,D5_Primary_1:0/yolov8_bytetrack:track:2,G-102,G-103,34.00408568391906,415.7593263992817,False,False,False,rejected,geometry_gate_rejected,
d5_cv_5v5_multicamera_formal_20260716_yolo_bytetrack:0007:D5_Primary_1:0,1.75,INT-01,D5_Primary_1:0,D5_Primary_1:0/yolov8_bytetrack:track:1,G-103,G-101,133.81150174194318,827.1495228940745,False,False,False,rejected,geometry_gate_rejected,
d5_cv_5v5_multicamera_formal_20260716_yolo_bytetrack:0007:D5_Primary_1:0,1.75,INT-01,D5_Primary_1:0,D5_Primary_1:0/yolov8_bytetrack:track:15,G-103,G-102,33.25192774774381,412.3303374043689,False,False,False,rejected,geometry_gate_rejected,
d5_cv_5v5_multicamera_formal_20260716_yolo_bytetrack:0007:D5_Primary_1:0,1.75,INT-01,D5_Primary_1:0,D5_Primary_1:0/yolov8_bytetrack:track:2,G-103,G-103,0.01737748292627627,9.386530718465355,True,True,True,registered,registered_to_global_track,True
d5_cv_5v5_multicamera_formal_20260716_yolo_bytetrack:0007:D5_Primary_1:0,1.75,INT-01,D5_Primary_1:0,D5_Primary_1:0/yolov8_bytetrack:track:1,G-104,G-101,,1223.3692688134524,False,False,False,rejected,projection_invalid,
d5_cv_5v5_multicamera_formal_20260716_yolo_bytetrack:0007:D5_Primary_1:0,1.75,INT-01,D5_Primary_1:0,D5_Primary_1:0/yolov8_bytetrack:track:15,G-104,G-102,,808.4748901639999,False,False,False,rejected,projection_invalid,
d5_cv_5v5_multicamera_formal_20260716_yolo_bytetrack:0007:D5_Primary_1:0,1.75,INT-01,D5_Primary_1:0,D5_Primary_1:0/yolov8_bytetrack:track:2,G-104,G-103,,398.865585706542,False,False,False,rejected,projection_invalid,
d5_cv_5v5_multicamera_formal_20260716_yolo_bytetrack:0007:D5_Primary_1:0,1.75,INT-01,D5_Primary_1:0,D5_Primary_1:0/yolov8_bytetrack:track:1,G-105,G-101,,1599.9566845100985,False,False,False,rejected,projection_invalid,
d5_cv_5v5_multicamera_formal_20260716_yolo_bytetrack:0007:D5_Primary_1:0,1.75,INT-01,D5_Primary_1:0,D5_Primary_1:0/yolov8_bytetrack:track:15,G-105,G-102,,1185.0665071861981,False,False,False,rejected,projection_invalid,
d5_cv_5v5_multicamera_formal_20260716_yolo_bytetrack:0007:D5_Primary_1:0,1.75,INT-01,D5_Primary_1:0,D5_Primary_1:0/yolov8_bytetrack:track:2,G-105,G-103,,775.458480156668,False,False,False,rejected,projection_invalid,
d5_cv_5v5_multicamera_formal_20260716_yolo_bytetrack:0007:D5_Primary_2:0,1.75,INT-02,D5_Primary_2:0,D5_Primary_2:0/yolov8_bytetrack:track:1,G-101,G-102,34.45435867445729,418.64547119385065,False,False,False,rejected,geometry_gate_rejected,
d5_cv_5v5_multicamera_formal_20260716_yolo_bytetrack:0007:D5_Primary_2:0,1.75,INT-02,D5_Primary_2:0,D5_Primary_2:0/yolov8_bytetrack:track:5,G-101,G-103,137.07184317094757,835.0229276288748,False,False,False,rejected,geometry_gate_rejected,
d5_cv_5v5_multicamera_formal_20260716_yolo_bytetrack:0007:D5_Primary_2:0,1.75,INT-02,D5_Primary_2:0,D5_Primary_2:0/yolov8_bytetrack:track:2,G-101,G-101,0.021792418657211963,10.524783193186522,True,True,True,registered,registered_to_global_track,True
d5_cv_5v5_multicamera_formal_20260716_yolo_bytetrack:0007:D5_Primary_2:0,1.75,INT-02,D5_Primary_2:0,D5_Primary_2:0/yolov8_bytetrack:track:1,G-102,G-102,0.03536248550309294,13.395854146067595,True,True,True,registered,registered_to_global_track,True
d5_cv_5v5_multicamera_formal_20260716_yolo_bytetrack:0007:D5_Primary_2:0,1.75,INT-02,D5_Primary_2:0,D5_Primary_2:0/yolov8_bytetrack:track:5,G-102,G-103,35.1477159153734,422.32535382689247,False,False,False,rejected,geometry_gate_rejected,
d5_cv_5v5_multicamera_formal_20260716_yolo_bytetrack:0007:D5_Primary_2:0,1.75,INT-02,D5_Primary_2:0,D5_Primary_2:0/yolov8_bytetrack:track:2,G-102,G-101,35.059897246151976,421.7974243758531,False,False,False,rejected,geometry_gate_rejected,
d5_cv_5v5_multicamera_formal_20260716_yolo_bytetrack:0007:D5_Primary_2:0,1.75,INT-02,D5_Primary_2:0,D5_Primary_2:0/yolov8_bytetrack:track:1,G-103,G-102,35.215866989931335,423.0880329285127,False,False,False,rejected,geometry_gate_rejected,
d5_cv_5v5_multicamera_formal_20260716_yolo_bytetrack:0007:D5_Primary_2:0,1.75,INT-02,D5_Primary_2:0,D5_Primary_2:0/yolov8_bytetrack:track:5,G-103,G-103,0.02512642044196839,11.292414201392242,True,True,True,registered,registered_to_global_track,True
d5_cv_5v5_multicamera_formal_20260716_yolo_bytetrack:0007:D5_Primary_2:0,1.75,INT-02,D5_Primary_2:0,D5_Primary_2:0/yolov8_bytetrack:track:2,G-103,G-101,142.27504432518433,850.405053432079,False,False,False,rejected,geometry_gate_rejected,
d5_cv_5v5_multicamera_formal_20260716_yolo_bytetrack:0007:D5_Primary_2:0,1.75,INT-02,D5_Primary_2:0,D5_Primary_2:0/yolov8_bytetrack:track:1,G-104,G-102,134.06287839643775,828.2235116164338,False,False,False,rejected,geometry_gate_rejected,
d5_cv_5v5_multicamera_formal_20260716_yolo_bytetrack:0007:D5_Primary_2:0,1.75,INT-02,D5_Primary_2:0,D5_Primary_2:0/yolov8_bytetrack:track:5,G-104,G-103,33.148781481491845,411.8386126259347,False,False,False,rejected,geometry_gate_rejected,
d5_cv_5v5_multicamera_formal_20260716_yolo_bytetrack:0007:D5_Primary_2:0,1.75,INT-02,D5_Primary_2:0,D5_Primary_2:0/yolov8_bytetrack:track:2,G-104,G-101,308.10761860489555,1255.5803168614511,False,False,False,rejected,geometry_gate_rejected,
d5_cv_5v5_multicamera_formal_20260716_yolo_bytetrack:0007:D5_Primary_2:0,1.75,INT-02,D5_Primary_2:0,D5_Primary_2:0/yolov8_bytetrack:track:1,G-105,G-102,,1218.3437376307932,False,False,False,rejected,projection_invalid,
d5_cv_5v5_multicamera_formal_20260716_yolo_bytetrack:0007:D5_Primary_2:0,1.75,INT-02,D5_Primary_2:0,D5_Primary_2:0/yolov8_bytetrack:track:5,G-105,G-103,,801.9644585293531,False,False,False,rejected,projection_invalid,
d5_cv_5v5_multicamera_formal_20260716_yolo_bytetrack:0007:D5_Primary_2:0,1.75,INT-02,D5_Primary_2:0,D5_Primary_2:0/yolov8_bytetrack:track:2,G-105,G-101,,1645.6983603625617,False,False,False,rejected,projection_invalid,
d5_cv_5v5_multicamera_formal_20260716_yolo_bytetrack:0007:D5_Primary_3:0,1.75,INT-03,D5_Primary_3:0,D5_Primary_3:0/yolov8_bytetrack:track:1,G-101,G-103,136.5227285928834,836.3301349119187,False,False,False,rejected,geometry_gate_rejected,
d5_cv_5v5_multicamera_formal_20260716_yolo_bytetrack:0007:D5_Primary_3:0,1.75,INT-03,D5_Primary_3:0,D5_Primary_3:0/yolov8_bytetrack:track:12,G-101,G-104,307.2901404143225,1254.727955279702,False,False,False,rejected,geometry_gate_rejected,
d5_cv_5v5_multicamera_formal_20260716_yolo_bytetrack:0007:D5_Primary_3:0,1.75,INT-03,D5_Primary_3:0,D5_Primary_3:0/yolov8_bytetrack:track:2,G-101,G-102,32.75276879696929,409.63699587569715,False,False,False,rejected,geometry_gate_rejected,
d5_cv_5v5_multicamera_formal_20260716_yolo_bytetrack:0007:D5_Primary_3:0,1.75,INT-03,D5_Primary_3:0,D5_Primary_3:0/yolov8_bytetrack:track:1,G-102,G-103,35.40553655971646,424.43375976977455,False,False,False,rejected,geometry_gate_rejected,
d5_cv_5v5_multicamera_formal_20260716_yolo_bytetrack:0007:D5_Primary_3:0,1.75,INT-03,D5_Primary_3:0,D5_Primary_3:0/yolov8_bytetrack:track:12,G-102,G-104,139.59618261344258,842.7737407897484,False,False,False,rejected,geometry_gate_rejected,
d5_cv_5v5_multicamera_formal_20260716_yolo_bytetrack:0007:D5_Primary_3:0,1.75,INT-03,D5_Primary_3:0,D5_Primary_3:0/yolov8_bytetrack:track:2,G-102,G-102,0.03247067437230814,12.838111033425148,True,True,True,registered,registered_to_global_track,True
d5_cv_5v5_multicamera_formal_20260716_yolo_bytetrack:0007:D5_Primary_3:0,1.75,INT-03,D5_Primary_3:0,D5_Primary_3:0/yolov8_bytetrack:track:1,G-103,G-103,0.034135488526711256,13.158959471712762,True,True,True,registered,registered_to_global_track,True
d5_cv_5v5_multicamera_formal_20260716_yolo_bytetrack:0007:D5_Primary_3:0,1.75,INT-03,D5_Primary_3:0,D5_Primary_3:0/yolov8_bytetrack:track:12,G-103,G-104,32.85328933892656,408.23256658559563,False,False,False,rejected,geometry_gate_rejected,
d5_cv_5v5_multicamera_formal_20260716_yolo_bytetrack:0007:D5_Primary_3:0,1.75,INT-03,D5_Primary_3:0,D5_Primary_3:0/yolov8_bytetrack:track:2,G-103,G-102,37.663647965827906,437.0986224332109,False,False,False,rejected,geometry_gate_rejected,
d5_cv_5v5_multicamera_formal_20260716_yolo_bytetrack:0007:D5_Primary_3:0,1.75,INT-03,D5_Primary_3:0,D5_Primary_3:0/yolov8_bytetrack:track:1,G-104,G-103,34.69447369427019,420.0278148299715,False,False,False,rejected,geometry_gate_rejected,
d5_cv_5v5_multicamera_formal_20260716_yolo_bytetrack:0007:D5_Primary_3:0,1.75,INT-03,D5_Primary_3:0,D5_Primary_3:0/yolov8_bytetrack:track:12,G-104,G-104,0.0029894098060001097,3.8950525193708234,True,True,True,registered,registered_to_global_track,True
d5_cv_5v5_multicamera_formal_20260716_yolo_bytetrack:0007:D5_Primary_3:0,1.75,INT-03,D5_Primary_3:0,D5_Primary_3:0/yolov8_bytetrack:track:2,G-104,G-102,140.99835168530376,846.7494301613485,False,False,False,rejected,geometry_gate_rejected,
d5_cv_5v5_multicamera_formal_20260716_yolo_bytetrack:0007:D5_Primary_3:0,1.75,INT-03,D5_Primary_3:0,D5_Primary_3:0/yolov8_bytetrack:track:1,G-105,G-103,131.35648844024394,819.7802094678774,False,False,False,rejected,geometry_gate_rejected,
d5_cv_5v5_multicamera_formal_20260716_yolo_bytetrack:0007:D5_Primary_3:0,1.75,INT-03,D5_Primary_3:0,D5_Primary_3:0/yolov8_bytetrack:track:12,G-105,G-104,31.49804204658936,401.4331633394691,False,False,False,rejected,geometry_gate_rejected,
d5_cv_5v5_multicamera_formal_20260716_yolo_bytetrack:0007:D5_Primary_3:0,1.75,INT-03,D5_Primary_3:0,D5_Primary_3:0/yolov8_bytetrack:track:2,G-105,G-102,303.6971031789493,1246.4991179463912,False,False,False,rejected,geometry_gate_rejected,
d5_cv_5v5_multicamera_formal_20260716_yolo_bytetrack:0007:D5_Primary_5:0,1.75,INT-05,D5_Primary_5:0,D5_Primary_5:0/yolov8_bytetrack:track:1,G-101,G-105,,1641.8459755079646,False,False,False,rejected,projection_invalid,
d5_cv_5v5_multicamera_formal_20260716_yolo_bytetrack:0007:D5_Primary_5:0,1.75,INT-05,D5_Primary_5:0,D5_Primary_5:0/yolov8_bytetrack:track:1,G-102,G-105,,1245.6673365740696,False,False,False,rejected,projection_invalid,
d5_cv_5v5_multicamera_formal_20260716_yolo_bytetrack:0007:D5_Primary_5:0,1.75,INT-05,D5_Primary_5:0,D5_Primary_5:0/yolov8_bytetrack:track:1,G-103,G-105,129.79001233528092,814.884416242628,False,False,False,rejected,geometry_gate_rejected,
d5_cv_5v5_multicamera_formal_20260716_yolo_bytetrack:0007:D5_Primary_5:0,1.75,INT-05,D5_Primary_5:0,D5_Primary_5:0/yolov8_bytetrack:track:1,G-104,G-105,33.17635075730188,410.7177050563946,False,False,False,rejected,geometry_gate_rejected,
d5_cv_5v5_multicamera_formal_20260716_yolo_bytetrack:0007:D5_Primary_5:0,1.75,INT-05,D5_Primary_5:0,D5_Primary_5:0/yolov8_bytetrack:track:1,G-105,G-105,0.01232136645554893,7.905444682814451,True,True,True,registered,registered_to_global_track,True
d5_cv_5v5_multicamera_formal_20260716_yolo_bytetrack:0007:D5_Recon_1:0,1.75,RECON-01,D5_Recon_1:0,D5_Recon_1:0:det:0001,G-101,G-101,4.8837145456771716e-05,0.9701210307696385,True,True,True,registered,registered_to_global_track,True
d5_cv_5v5_multicamera_formal_20260716_yolo_bytetrack:0007:D5_Recon_1:0,1.75,RECON-01,D5_Recon_1:0,D5_Recon_1:0:det:0002,G-101,G-102,7.374134196046185,376.9730831068497,True,False,False,candidate,,
d5_cv_5v5_multicamera_formal_20260716_yolo_bytetrack:0007:D5_Recon_1:0,1.75,RECON-01,D5_Recon_1:0,D5_Recon_1:0:det:0003,G-101,G-103,29.593312973315097,755.1819772189411,False,False,False,rejected,geometry_gate_rejected,
d5_cv_5v5_multicamera_formal_20260716_yolo_bytetrack:0007:D5_Recon_1:0,1.75,RECON-01,D5_Recon_1:0,D5_Recon_1:0:det:0004,G-101,G-104,66.653797312826,1133.3584095243154,False,False,False,rejected,geometry_gate_rejected,
d5_cv_5v5_multicamera_formal_20260716_yolo_bytetrack:0007:D5_Recon_1:0,1.75,RECON-01,D5_Recon_1:0,D5_Recon_1:0:det:0005,G-101,G-105,118.50310543013822,1511.1921497691362,False,False,False,rejected,geometry_gate_rejected,
d5_cv_5v5_multicamera_formal_20260716_yolo_bytetrack:0007:D5_Recon_1:0,1.75,RECON-01,D5_Recon_1:0,D5_Recon_1:0:det:0001,G-102,G-101,7.2294854066745,373.16153598175254,True,False,False,candidate,,
d5_cv_5v5_multicamera_formal_20260716_yolo_bytetrack:0007:D5_Recon_1:0,1.75,RECON-01,D5_Recon_1:0,D5_Recon_1:0:det:0002,G-102,G-102,0.003518385143036767,8.231676750491046,True,True,True,registered,registered_to_global_track,True
d5_cv_5v5_multicamera_formal_20260716_yolo_bytetrack:0007:D5_Recon_1:0,1.75,RECON-01,D5_Recon_1:0,D5_Recon_1:0:det:0003,G-102,G-103,7.619532090910586,383.09579136153434,True,False,False,candidate,,
d5_cv_5v5_multicamera_formal_20260716_yolo_bytetrack:0007:D5_Recon_1:0,1.75,RECON-01,D5_Recon_1:0,D5_Recon_1:0:det:0004,G-102,G-104,30.085735993137387,761.2434116824189,False,False,False,rejected,geometry_gate_rejected,
d5_cv_5v5_multicamera_formal_20260716_yolo_bytetrack:0007:D5_Recon_1:0,1.75,RECON-01,D5_Recon_1:0,D5_Recon_1:0:det:0005,G-102,G-105,67.36161114836105,1139.067491803426,False,False,False,rejected,geometry_gate_rejected,
d5_cv_5v5_multicamera_formal_20260716_yolo_bytetrack:0007:D5_Recon_1:0,1.75,RECON-01,D5_Recon_1:0,D5_Recon_1:0:det:0001,G-103,G-101,30.486670587374284,766.215512410008,False,False,False,rejected,geometry_gate_rejected,
d5_cv_5v5_multicamera_formal_20260716_yolo_bytetrack:0007:D5_Recon_1:0,1.75,RECON-01,D5_Recon_1:0,D5_Recon_1:0:det:0002,G-103,G-102,7.829040134728758,388.2846311222526,True,False,False,candidate,,
d5_cv_5v5_multicamera_formal_20260716_yolo_bytetrack:0007:D5_Recon_1:0,1.75,RECON-01,D5_Recon_1:0,D5_Recon_1:0:det:0003,G-103,G-103,0.0052747893194446,10.078560340131968,True,True,True,registered,registered_to_global_track,True
d5_cv_5v5_multicamera_formal_20260716_yolo_bytetrack:0007:D5_Recon_1:0,1.75,RECON-01,D5_Recon_1:0,D5_Recon_1:0:det:0004,G-103,G-104,7.036258911861414,368.10087264460833,True,False,False,candidate,,
d5_cv_5v5_multicamera_formal_20260716_yolo_bytetrack:0007:D5_Recon_1:0,1.75,RECON-01,D5_Recon_1:0,D5_Recon_1:0:det:0005,G-103,G-105,28.89412794963678,745.9345737032157,False,False,False,rejected,geometry_gate_rejected,
d5_cv_5v5_multicamera_formal_20260716_yolo_bytetrack:0007:D5_Recon_1:0,1.75,RECON-01,D5_Recon_1:0,D5_Recon_1:0:det:0001,G-104,G-101,67.2083352457855,1137.7306452207833,False,False,False,rejected,geometry_gate_rejected,
d5_cv_5v5_multicamera_formal_20260716_yolo_bytetrack:0007:D5_Recon_1:0,1.75,RECON-01,D5_Recon_1:0,D5_Recon_1:0:det:0002,G-104,G-102,29.974268988211275,759.8050723833701,False,False,False,rejected,geometry_gate_rejected,
d5_cv_5v5_multicamera_formal_20260716_yolo_bytetrack:0007:D5_Recon_1:0,1.75,RECON-01,D5_Recon_1:0,D5_Recon_1:0:det:0003,G-104,G-103,7.5611596687031195,381.61206283775874,True,False,False,candidate,,
d5_cv_5v5_multicamera_formal_20260716_yolo_bytetrack:0007:D5_Recon_1:0,1.75,RECON-01,D5_Recon_1:0,D5_Recon_1:0:det:0004,G-104,G-104,0.0018675829028937676,5.997089930951049,True,True,True,registered,registered_to_global_track,True
d5_cv_5v5_multicamera_formal_20260716_yolo_bytetrack:0007:D5_Recon_1:0,1.75,RECON-01,D5_Recon_1:0,D5_Recon_1:0:det:0005,G-104,G-105,7.280501859806689,374.462662965441,True,False,False,candidate,,
d5_cv_5v5_multicamera_formal_20260716_yolo_bytetrack:0007:D5_Recon_1:0,1.75,RECON-01,D5_Recon_1:0,D5_Recon_1:0:det:0001,G-105,G-101,117.67732644567236,1505.8974769089452,False,False,False,rejected,geometry_gate_rejected,
d5_cv_5v5_multicamera_formal_20260716_yolo_bytetrack:0007:D5_Recon_1:0,1.75,RECON-01,D5_Recon_1:0,D5_Recon_1:0:det:0002,G-105,G-102,66.02288095425764,1127.9666123443976,False,False,False,rejected,geometry_gate_rejected,
d5_cv_5v5_multicamera_formal_20260716_yolo_bytetrack:0007:D5_Recon_1:0,1.75,RECON-01,D5_Recon_1:0,D5_Recon_1:0:det:0003,G-105,G-103,29.170507167449834,749.7578114830184,False,False,False,rejected,geometry_gate_rejected,
d5_cv_5v5_multicamera_formal_20260716_yolo_bytetrack:0007:D5_Recon_1:0,1.75,RECON-01,D5_Recon_1:0,D5_Recon_1:0:det:0004,G-105,G-104,7.164908221069714,371.5817065867557,True,False,False,candidate,,
d5_cv_5v5_multicamera_formal_20260716_yolo_bytetrack:0007:D5_Recon_1:0,1.75,RECON-01,D5_Recon_1:0,D5_Recon_1:0:det:0005,G-105,G-105,0.0020540046070868993,6.291406286369402,True,True,True,registered,registered_to_global_track,True
d5_cv_5v5_multicamera_formal_20260716_yolo_bytetrack:0008:D5_Primary_1:0,2.0,INT-01,D5_Primary_1:0,D5_Primary_1:0/yolov8_bytetrack:track:1,G-101,G-101,0.009834554436505404,7.063333146706704,True,True,True,registered,registered_to_global_track,True
d5_cv_5v5_multicamera_formal_20260716_yolo_bytetrack:0008:D5_Primary_1:0,2.0,INT-01,D5_Primary_1:0,D5_Primary_1:0/yolov8_bytetrack:track:15,G-101,G-102,32.97195779797002,408.9826572083219,False,False,False,rejected,geometry_gate_rejected,
d5_cv_5v5_multicamera_formal_20260716_yolo_bytetrack:0008:D5_Primary_1:0,2.0,INT-01,D5_Primary_1:0,D5_Primary_1:0/yolov8_bytetrack:track:2,G-101,G-103,130.75647527355852,814.4494446051982,False,False,False,rejected,geometry_gate_rejected,
d5_cv_5v5_multicamera_formal_20260716_yolo_bytetrack:0008:D5_Primary_1:0,2.0,INT-01,D5_Primary_1:0,D5_Primary_1:0/yolov8_bytetrack:track:1,G-102,G-101,32.361052717082,405.5626678575185,False,False,False,rejected,geometry_gate_rejected,
d5_cv_5v5_multicamera_formal_20260716_yolo_bytetrack:0008:D5_Primary_1:0,2.0,INT-01,D5_Primary_1:0,D5_Primary_1:0/yolov8_bytetrack:track:15,G-102,G-102,0.03976824016851371,14.201854862556123,True,True,True,registered,registered_to_global_track,True
d5_cv_5v5_multicamera_formal_20260716_yolo_bytetrack:0008:D5_Primary_1:0,2.0,INT-01,D5_Primary_1:0,D5_Primary_1:0/yolov8_bytetrack:track:2,G-102,G-103,33.04134575315614,409.80145663341534,False,False,False,rejected,geometry_gate_rejected,
d5_cv_5v5_multicamera_formal_20260716_yolo_bytetrack:0008:D5_Primary_1:0,2.0,INT-01,D5_Primary_1:0,D5_Primary_1:0/yolov8_bytetrack:track:1,G-103,G-101,131.07066556961144,818.4567440811555,False,False,False,rejected,geometry_gate_rejected,
d5_cv_5v5_multicamera_formal_20260716_yolo_bytetrack:0008:D5_Primary_1:0,2.0,INT-01,D5_Primary_1:0,D5_Primary_1:0/yolov8_bytetrack:track:15,G-103,G-102,32.744755929130356,409.0849885319827,False,False,False,rejected,geometry_gate_rejected,
d5_cv_5v5_multicamera_formal_20260716_yolo_bytetrack:0008:D5_Primary_1:0,2.0,INT-01,D5_Primary_1:0,D5_Primary_1:0/yolov8_bytetrack:track:2,G-103,G-103,0.01920669613352602,9.869301347090332,True,True,True,registered,registered_to_global_track,True
d5_cv_5v5_multicamera_formal_20260716_yolo_bytetrack:0008:D5_Primary_1:0,2.0,INT-01,D5_Primary_1:0,D5_Primary_1:0/yolov8_bytetrack:track:1,G-104,G-101,,1208.6848144409316,False,False,False,rejected,projection_invalid,
d5_cv_5v5_multicamera_formal_20260716_yolo_bytetrack:0008:D5_Primary_1:0,2.0,INT-01,D5_Primary_1:0,D5_Primary_1:0/yolov8_bytetrack:track:15,G-104,G-102,,799.2537798728079,False,False,False,rejected,projection_invalid,
d5_cv_5v5_multicamera_formal_20260716_yolo_bytetrack:0008:D5_Primary_1:0,2.0,INT-01,D5_Primary_1:0,D5_Primary_1:0/yolov8_bytetrack:track:2,G-104,G-103,,393.75192277716616,False,False,False,rejected,projection_invalid,
d5_cv_5v5_multicamera_formal_20260716_yolo_bytetrack:0008:D5_Primary_1:0,2.0,INT-01,D5_Primary_1:0,D5_Primary_1:0/yolov8_bytetrack:track:1,G-105,G-101,,1578.5476023609033,False,False,False,rejected,projection_invalid,
d5_cv_5v5_multicamera_formal_20260716_yolo_bytetrack:0008:D5_Primary_1:0,2.0,INT-01,D5_Primary_1:0,D5_Primary_1:0/yolov8_bytetrack:track:15,G-105,G-102,,1169.1197727558404,False,False,False,rejected,projection_invalid,
d5_cv_5v5_multicamera_formal_20260716_yolo_bytetrack:0008:D5_Primary_1:0,2.0,INT-01,D5_Primary_1:0,D5_Primary_1:0/yolov8_bytetrack:track:2,G-105,G-103,,763.6207698428381,False,False,False,rejected,projection_invalid,
d5_cv_5v5_multicamera_formal_20260716_yolo_bytetrack:0008:D5_Primary_2:0,2.0,INT-02,D5_Primary_2:0,D5_Primary_2:0/yolov8_bytetrack:track:1,G-101,G-102,34.013642240471235,415.97066156651135,False,False,False,rejected,geometry_gate_rejected,
d5_cv_5v5_multicamera_formal_20260716_yolo_bytetrack:0008:D5_Primary_2:0,2.0,INT-02,D5_Primary_2:0,D5_Primary_2:0/yolov8_bytetrack:track:5,G-101,G-103,133.84644362158645,825.1625797229244,False,False,False,rejected,geometry_gate_rejected,
d5_cv_5v5_multicamera_formal_20260716_yolo_bytetrack:0008:D5_Primary_2:0,2.0,INT-02,D5_Primary_2:0,D5_Primary_2:0/yolov8_bytetrack:track:2,G-101,G-101,0.012109627618896373,7.842542430973202,True,True,True,registered,registered_to_global_track,True
d5_cv_5v5_multicamera_formal_20260716_yolo_bytetrack:0008:D5_Primary_2:0,2.0,INT-02,D5_Primary_2:0,D5_Primary_2:0/yolov8_bytetrack:track:1,G-102,G-102,0.03647886445925908,13.60570675476974,True,True,True,registered,registered_to_global_track,True
d5_cv_5v5_multicamera_formal_20260716_yolo_bytetrack:0008:D5_Primary_2:0,2.0,INT-02,D5_Primary_2:0,D5_Primary_2:0/yolov8_bytetrack:track:5,G-102,G-103,34.02601869248786,415.5331121229696,False,False,False,rejected,geometry_gate_rejected,
d5_cv_5v5_multicamera_formal_20260716_yolo_bytetrack:0008:D5_Primary_2:0,2.0,INT-02,D5_Primary_2:0,D5_Primary_2:0/yolov8_bytetrack:track:2,G-102,G-101,32.44432429745067,405.76019090889775,False,False,False,rejected,geometry_gate_rejected,
d5_cv_5v5_multicamera_formal_20260716_yolo_bytetrack:0008:D5_Primary_2:0,2.0,INT-02,D5_Primary_2:0,D5_Primary_2:0/yolov8_bytetrack:track:1,G-103,G-102,34.521885290765134,418.8737502522668,False,False,False,rejected,geometry_gate_rejected,
d5_cv_5v5_multicamera_formal_20260716_yolo_bytetrack:0008:D5_Primary_2:0,2.0,INT-02,D5_Primary_2:0,D5_Primary_2:0/yolov8_bytetrack:track:5,G-103,G-103,0.036329692278416995,13.580481922868302,True,True,True,registered,registered_to_global_track,True
d5_cv_5v5_multicamera_formal_20260716_yolo_bytetrack:0008:D5_Primary_2:0,2.0,INT-02,D5_Primary_2:0,D5_Primary_2:0/yolov8_bytetrack:track:2,G-103,G-101,135.71167757816968,830.5092010716727,False,False,False,rejected,geometry_gate_rejected,
d5_cv_5v5_multicamera_formal_20260716_yolo_bytetrack:0008:D5_Primary_2:0,2.0,INT-02,D5_Primary_2:0,D5_Primary_2:0/yolov8_bytetrack:track:1,G-104,G-102,131.29068196472124,819.4690286354148,False,False,False,rejected,geometry_gate_rejected,
d5_cv_5v5_multicamera_formal_20260716_yolo_bytetrack:0008:D5_Primary_2:0,2.0,INT-02,D5_Primary_2:0,D5_Primary_2:0/yolov8_bytetrack:track:5,G-104,G-103,32.90949770191072,410.27606468098946,False,False,False,rejected,geometry_gate_rejected,
d5_cv_5v5_multicamera_formal_20260716_yolo_bytetrack:0008:D5_Primary_2:0,2.0,INT-02,D5_Primary_2:0,D5_Primary_2:0/yolov8_bytetrack:track:2,G-104,G-101,296.33476990693833,1231.1384574030396,False,False,False,rejected,geometry_gate_rejected,
d5_cv_5v5_multicamera_formal_20260716_yolo_bytetrack:0008:D5_Primary_2:0,2.0,INT-02,D5_Primary_2:0,D5_Primary_2:0/yolov8_bytetrack:track:1,G-105,G-102,,1204.4479398019835,False,False,False,rejected,projection_invalid,
d5_cv_5v5_multicamera_formal_20260716_yolo_bytetrack:0008:D5_Primary_2:0,2.0,INT-02,D5_Primary_2:0,D5_Primary_2:0/yolov8_bytetrack:track:5,G-105,G-103,,795.2610390367063,False,False,False,rejected,projection_invalid,
d5_cv_5v5_multicamera_formal_20260716_yolo_bytetrack:0008:D5_Primary_2:0,2.0,INT-02,D5_Primary_2:0,D5_Primary_2:0/yolov8_bytetrack:track:2,G-105,G-101,,1616.116397408283,False,False,False,rejected,projection_invalid,
d5_cv_5v5_multicamera_formal_20260716_yolo_bytetrack:0008:D5_Primary_3:0,2.0,INT-03,D5_Primary_3:0,D5_Primary_3:0/yolov8_bytetrack:track:1,G-101,G-103,134.60840414375804,830.4341540747916,False,False,False,rejected,geometry_gate_rejected,
d5_cv_5v5_multicamera_formal_20260716_yolo_bytetrack:0008:D5_Primary_3:0,2.0,INT-03,D5_Primary_3:0,D5_Primary_3:0/yolov8_bytetrack:track:2,G-101,G-102,32.05192802486813,405.2248937093272,False,False,False,rejected,geometry_gate_rejected,
d5_cv_5v5_multicamera_formal_20260716_yolo_bytetrack:0008:D5_Primary_3:0,2.0,INT-03,D5_Primary_3:0,D5_Primary_3:0/yolov8_bytetrack:track:1,G-102,G-103,34.891555607136546,421.3441990293944,False,False,False,rejected,geometry_gate_rejected,
d5_cv_5v5_multicamera_formal_20260716_yolo_bytetrack:0008:D5_Primary_3:0,2.0,INT-03,D5_Primary_3:0,D5_Primary_3:0/yolov8_bytetrack:track:2,G-102,G-102,0.0318277749178793,12.711518397043774,True,True,True,registered,registered_to_global_track,True
d5_cv_5v5_multicamera_formal_20260716_yolo_bytetrack:0008:D5_Primary_3:0,2.0,INT-03,D5_Primary_3:0,D5_Primary_3:0/yolov8_bytetrack:track:1,G-103,G-103,0.03011002800955271,12.3587496493697,True,True,True,registered,registered_to_global_track,True
d5_cv_5v5_multicamera_formal_20260716_yolo_bytetrack:0008:D5_Primary_3:0,2.0,INT-03,D5_Primary_3:0,D5_Primary_3:0/yolov8_bytetrack:track:2,G-103,G-102,37.374902587523195,435.4204007059106,False,False,False,rejected,geometry_gate_rejected,
d5_cv_5v5_multicamera_formal_20260716_yolo_bytetrack:0008:D5_Primary_3:0,2.0,INT-03,D5_Primary_3:0,D5_Primary_3:0/yolov8_bytetrack:track:1,G-104,G-103,34.06887739887834,416.2062640094996,False,False,False,rejected,geometry_gate_rejected,
d5_cv_5v5_multicamera_formal_20260716_yolo_bytetrack:0008:D5_Primary_3:0,2.0,INT-03,D5_Primary_3:0,D5_Primary_3:0/yolov8_bytetrack:track:2,G-104,G-102,139.24879142136044,841.4443927912536,False,False,False,rejected,geometry_gate_rejected,
d5_cv_5v5_multicamera_formal_20260716_yolo_bytetrack:0008:D5_Primary_3:0,2.0,INT-03,D5_Primary_3:0,D5_Primary_3:0/yolov8_bytetrack:track:1,G-105,G-103,128.9018908608278,811.9781013061423,False,False,False,rejected,geometry_gate_rejected,
d5_cv_5v5_multicamera_formal_20260716_yolo_bytetrack:0008:D5_Primary_3:0,2.0,INT-03,D5_Primary_3:0,D5_Primary_3:0/yolov8_bytetrack:track:2,G-105,G-102,299.26888126956055,1237.215764784359,False,False,False,rejected,geometry_gate_rejected,
d5_cv_5v5_multicamera_formal_20260716_yolo_bytetrack:0008:D5_Primary_4:0,2.0,INT-04,D5_Primary_4:0,D5_Primary_4:0/yolov8_bytetrack:track:7,G-101,G-105,,1652.4604737687507,False,False,False,rejected,projection_invalid,
d5_cv_5v5_multicamera_formal_20260716_yolo_bytetrack:0008:D5_Primary_4:0,2.0,INT-04,D5_Primary_4:0,D5_Primary_4:0/yolov8_bytetrack:track:7,G-102,G-105,304.7583826796827,1249.487063038633,False,False,False,rejected,geometry_gate_rejected,
d5_cv_5v5_multicamera_formal_20260716_yolo_bytetrack:0008:D5_Primary_4:0,2.0,INT-04,D5_Primary_4:0,D5_Primary_4:0/yolov8_bytetrack:track:7,G-103,G-105,131.54000578752692,817.7540267668493,False,False,False,rejected,geometry_gate_rejected,
d5_cv_5v5_multicamera_formal_20260716_yolo_bytetrack:0008:D5_Primary_4:0,2.0,INT-04,D5_Primary_4:0,D5_Primary_4:0/yolov8_bytetrack:track:7,G-104,G-105,33.438886138245046,411.8980666218914,False,False,False,rejected,geometry_gate_rejected,
d5_cv_5v5_multicamera_formal_20260716_yolo_bytetrack:0008:D5_Primary_4:0,2.0,INT-04,D5_Primary_4:0,D5_Primary_4:0/yolov8_bytetrack:track:7,G-105,G-105,0.02551265186095842,11.386712585157005,True,True,True,registered,registered_to_global_track,True
d5_cv_5v5_multicamera_formal_20260716_yolo_bytetrack:0008:D5_Primary_5:0,2.0,INT-05,D5_Primary_5:0,D5_Primary_5:0/yolov8_bytetrack:track:1,G-101,G-105,,1623.9469585858692,False,False,False,rejected,projection_invalid,
d5_cv_5v5_multicamera_formal_20260716_yolo_bytetrack:0008:D5_Primary_5:0,2.0,INT-05,D5_Primary_5:0,D5_Primary_5:0/yolov8_bytetrack:track:1,G-102,G-105,,1232.6435488079376,False,False,False,rejected,projection_invalid,
d5_cv_5v5_multicamera_formal_20260716_yolo_bytetrack:0008:D5_Primary_5:0,2.0,INT-05,D5_Primary_5:0,D5_Primary_5:0/yolov8_bytetrack:track:1,G-103,G-105,127.15653298889744,806.4649816943855,False,False,False,rejected,geometry_gate_rejected,
d5_cv_5v5_multicamera_formal_20260716_yolo_bytetrack:0008:D5_Primary_5:0,2.0,INT-05,D5_Primary_5:0,D5_Primary_5:0/yolov8_bytetrack:track:1,G-104,G-105,32.4782651188547,406.3564751633297,False,False,False,rejected,geometry_gate_rejected,
d5_cv_5v5_multicamera_formal_20260716_yolo_bytetrack:0008:D5_Primary_5:0,2.0,INT-05,D5_Primary_5:0,D5_Primary_5:0/yolov8_bytetrack:track:1,G-105,G-105,0.010168352237048754,7.181637018725499,True,True,True,registered,registered_to_global_track,True
d5_cv_5v5_multicamera_formal_20260716_yolo_bytetrack:0008:D5_Recon_1:0,2.0,RECON-01,D5_Recon_1:0,D5_Recon_1:0:det:0001,G-101,G-101,5.0295562591086156e-05,0.984495449567072,True,True,True,registered,registered_to_global_track,True
d5_cv_5v5_multicamera_formal_20260716_yolo_bytetrack:0008:D5_Recon_1:0,2.0,RECON-01,D5_Recon_1:0,D5_Recon_1:0:det:0002,G-101,G-102,7.251441538464087,373.8213278694789,True,False,False,candidate,,
d5_cv_5v5_multicamera_formal_20260716_yolo_bytetrack:0008:D5_Recon_1:0,2.0,RECON-01,D5_Recon_1:0,D5_Recon_1:0:det:0003,G-101,G-103,29.102591013789727,748.8894782753836,False,False,False,rejected,geometry_gate_rejected,
d5_cv_5v5_multicamera_formal_20260716_yolo_bytetrack:0008:D5_Recon_1:0,2.0,RECON-01,D5_Recon_1:0,D5_Recon_1:0:det:0004,G-101,G-104,65.54862476838025,1123.9155839655916,False,False,False,rejected,geometry_gate_rejected,
d5_cv_5v5_multicamera_formal_20260716_yolo_bytetrack:0008:D5_Recon_1:0,2.0,RECON-01,D5_Recon_1:0,D5_Recon_1:0:det:0005,G-101,G-105,116.53587610225374,1498.5861813362983,False,False,False,rejected,geometry_gate_rejected,
d5_cv_5v5_multicamera_formal_20260716_yolo_bytetrack:0008:D5_Recon_1:0,2.0,RECON-01,D5_Recon_1:0,D5_Recon_1:0:det:0001,G-102,G-101,7.1086734855902645,370.029654156487,True,False,False,candidate,,
d5_cv_5v5_multicamera_formal_20260716_yolo_bytetrack:0008:D5_Recon_1:0,2.0,RECON-01,D5_Recon_1:0,D5_Recon_1:0:det:0002,G-102,G-102,0.0034840308970604545,8.191383274140986,True,True,True,registered,registered_to_global_track,True
d5_cv_5v5_multicamera_formal_20260716_yolo_bytetrack:0008:D5_Recon_1:0,2.0,RECON-01,D5_Recon_1:0,D5_Recon_1:0:det:0003,G-102,G-103,7.495007144896224,379.9516385457312,True,False,False,candidate,,
d5_cv_5v5_multicamera_formal_20260716_yolo_bytetrack:0008:D5_Recon_1:0,2.0,RECON-01,D5_Recon_1:0,D5_Recon_1:0:det:0004,G-102,G-104,29.59039537936832,754.9491099818579,False,False,False,rejected,geometry_gate_rejected,
d5_cv_5v5_multicamera_formal_20260716_yolo_bytetrack:0008:D5_Recon_1:0,2.0,RECON-01,D5_Recon_1:0,D5_Recon_1:0:det:0005,G-102,G-105,66.24796736448877,1129.610108126395,False,False,False,rejected,geometry_gate_rejected,
d5_cv_5v5_multicamera_formal_20260716_yolo_bytetrack:0008:D5_Recon_1:0,2.0,RECON-01,D5_Recon_1:0,D5_Recon_1:0:det:0001,G-103,G-101,29.98937632791174,759.9400448772643,False,False,False,rejected,geometry_gate_rejected,
d5_cv_5v5_multicamera_formal_20260716_yolo_bytetrack:0008:D5_Recon_1:0,2.0,RECON-01,D5_Recon_1:0,D5_Recon_1:0:det:0002,G-103,G-102,7.702903486373163,385.1437381854007,True,False,False,candidate,,
d5_cv_5v5_multicamera_formal_20260716_yolo_bytetrack:0008:D5_Recon_1:0,2.0,RECON-01,D5_Recon_1:0,D5_Recon_1:0:det:0003,G-103,G-103,0.005274895492516004,10.078654159834157,True,True,True,registered,registered_to_global_track,True
d5_cv_5v5_multicamera_formal_20260716_yolo_bytetrack:0008:D5_Recon_1:0,2.0,RECON-01,D5_Recon_1:0,D5_Recon_1:0:det:0004,G-103,G-104,6.916353598527029,364.9507053521991,True,False,False,candidate,,
d5_cv_5v5_multicamera_formal_20260716_yolo_bytetrack:0008:D5_Recon_1:0,2.0,RECON-01,D5_Recon_1:0,D5_Recon_1:0:det:0005,G-103,G-105,28.407142185496806,739.6212590265205,False,False,False,rejected,geometry_gate_rejected,
d5_cv_5v5_multicamera_formal_20260716_yolo_bytetrack:0008:D5_Recon_1:0,2.0,RECON-01,D5_Recon_1:0,D5_Recon_1:0:det:0001,G-104,G-101,66.09840284830231,1128.294162082891,False,False,False,rejected,geometry_gate_rejected,
d5_cv_5v5_multicamera_formal_20260716_yolo_bytetrack:0008:D5_Recon_1:0,2.0,RECON-01,D5_Recon_1:0,D5_Recon_1:0:det:0002,G-104,G-102,29.47925414200202,753.5032070410623,False,False,False,rejected,geometry_gate_rejected,
d5_cv_5v5_multicamera_formal_20260716_yolo_bytetrack:0008:D5_Recon_1:0,2.0,RECON-01,D5_Recon_1:0,D5_Recon_1:0:det:0003,G-104,G-103,7.436451631575488,378.45107197748405,True,False,False,candidate,,
d5_cv_5v5_multicamera_formal_20260716_yolo_bytetrack:0008:D5_Recon_1:0,2.0,RECON-01,D5_Recon_1:0,D5_Recon_1:0:det:0004,G-104,G-104,0.001863457821553546,5.990454542967667,True,True,True,registered,registered_to_global_track,True
d5_cv_5v5_multicamera_formal_20260716_yolo_bytetrack:0008:D5_Recon_1:0,2.0,RECON-01,D5_Recon_1:0,D5_Recon_1:0:det:0005,G-104,G-105,7.158487965515466,371.3107163407775,True,False,False,candidate,,
d5_cv_5v5_multicamera_formal_20260716_yolo_bytetrack:0008:D5_Recon_1:0,2.0,RECON-01,D5_Recon_1:0,D5_Recon_1:0:det:0001,G-105,G-101,115.71799092913798,1493.2974923519691,False,False,False,rejected,geometry_gate_rejected,
d5_cv_5v5_multicamera_formal_20260716_yolo_bytetrack:0008:D5_Recon_1:0,2.0,RECON-01,D5_Recon_1:0,D5_Recon_1:0:det:0002,G-105,G-102,64.92039073092401,1118.501203888518,False,False,False,rejected,geometry_gate_rejected,
d5_cv_5v5_multicamera_formal_20260716_yolo_bytetrack:0008:D5_Recon_1:0,2.0,RECON-01,D5_Recon_1:0,D5_Recon_1:0:det:0003,G-105,G-103,28.680853445185534,743.4331602854484,False,False,False,rejected,geometry_gate_rejected,
d5_cv_5v5_multicamera_formal_20260716_yolo_bytetrack:0008:D5_Recon_1:0,2.0,RECON-01,D5_Recon_1:0,D5_Recon_1:0:det:0004,G-105,G-104,7.043117544643862,368.4074140274662,True,False,False,candidate,,
d5_cv_5v5_multicamera_formal_20260716_yolo_bytetrack:0008:D5_Recon_1:0,2.0,RECON-01,D5_Recon_1:0,D5_Recon_1:0:det:0005,G-105,G-105,0.002063406212393348,6.305741434357429,True,True,True,registered,registered_to_global_track,True
d5_cv_5v5_multicamera_formal_20260716_yolo_bytetrack:0009:D5_Primary_1:0,2.25,INT-01,D5_Primary_1:0,D5_Primary_1:0/yolov8_bytetrack:track:1,G-101,G-101,0.009518890945634673,6.949090125758391,True,True,True,registered,registered_to_global_track,True
d5_cv_5v5_multicamera_formal_20260716_yolo_bytetrack:0009:D5_Primary_1:0,2.25,INT-01,D5_Primary_1:0,D5_Primary_1:0/yolov8_bytetrack:track:15,G-101,G-102,32.46234749731119,405.81202332979643,False,False,False,rejected,geometry_gate_rejected,
d5_cv_5v5_multicamera_formal_20260716_yolo_bytetrack:0009:D5_Primary_1:0,2.25,INT-01,D5_Primary_1:0,D5_Primary_1:0/yolov8_bytetrack:track:1,G-102,G-101,31.622425068778725,400.87642899120164,False,False,False,rejected,geometry_gate_rejected,
d5_cv_5v5_multicamera_formal_20260716_yolo_bytetrack:0009:D5_Primary_1:0,2.25,INT-01,D5_Primary_1:0,D5_Primary_1:0/yolov8_bytetrack:track:15,G-102,G-102,0.045274500123658044,15.15278831323721,True,True,True,registered,registered_to_global_track,True
d5_cv_5v5_multicamera_formal_20260716_yolo_bytetrack:0009:D5_Primary_1:0,2.25,INT-01,D5_Primary_1:0,D5_Primary_1:0/yolov8_bytetrack:track:1,G-103,G-101,128.0007685221949,808.6309351301109,False,False,False,rejected,geometry_gate_rejected,
d5_cv_5v5_multicamera_formal_20260716_yolo_bytetrack:0009:D5_Primary_1:0,2.25,INT-01,D5_Primary_1:0,D5_Primary_1:0/yolov8_bytetrack:track:15,G-103,G-102,31.8144597419519,403.140000454754,False,False,False,rejected,geometry_gate_rejected,
d5_cv_5v5_multicamera_formal_20260716_yolo_bytetrack:0009:D5_Primary_1:0,2.25,INT-01,D5_Primary_1:0,D5_Primary_1:0/yolov8_bytetrack:track:1,G-104,G-101,,1192.7892741252945,False,False,False,rejected,projection_invalid,
d5_cv_5v5_multicamera_formal_20260716_yolo_bytetrack:0009:D5_Primary_1:0,2.25,INT-01,D5_Primary_1:0,D5_Primary_1:0/yolov8_bytetrack:track:15,G-104,G-102,,787.2220317657222,False,False,False,rejected,projection_invalid,
d5_cv_5v5_multicamera_formal_20260716_yolo_bytetrack:0009:D5_Primary_1:0,2.25,INT-01,D5_Primary_1:0,D5_Primary_1:0/yolov8_bytetrack:track:1,G-105,G-101,,1555.8331646668346,False,False,False,rejected,projection_invalid,
d5_cv_5v5_multicamera_formal_20260716_yolo_bytetrack:0009:D5_Primary_1:0,2.25,INT-01,D5_Primary_1:0,D5_Primary_1:0/yolov8_bytetrack:track:15,G-105,G-102,,1150.2704476410256,False,False,False,rejected,projection_invalid,
d5_cv_5v5_multicamera_formal_20260716_yolo_bytetrack:0009:D5_Primary_2:0,2.25,INT-02,D5_Primary_2:0,D5_Primary_2:0/yolov8_bytetrack:track:1,G-101,G-102,33.383011159053666,412.1053708766516,False,False,False,rejected,geometry_gate_rejected,
d5_cv_5v5_multicamera_formal_20260716_yolo_bytetrack:0009:D5_Primary_2:0,2.25,INT-02,D5_Primary_2:0,D5_Primary_2:0/yolov8_bytetrack:track:5,G-101,G-103,132.0570755457544,819.6460343010552,False,False,False,rejected,geometry_gate_rejected,
d5_cv_5v5_multicamera_formal_20260716_yolo_bytetrack:0009:D5_Primary_2:0,2.25,INT-02,D5_Primary_2:0,D5_Primary_2:0/yolov8_bytetrack:track:2,G-101,G-101,0.01783834669083669,9.52065085169507,True,True,True,registered,registered_to_global_track,True
d5_cv_5v5_multicamera_formal_20260716_yolo_bytetrack:0009:D5_Primary_2:0,2.25,INT-02,D5_Primary_2:0,D5_Primary_2:0/yolov8_bytetrack:track:1,G-102,G-102,0.036740414421883104,13.654416284829885,True,True,True,registered,registered_to_global_track,True
d5_cv_5v5_multicamera_formal_20260716_yolo_bytetrack:0009:D5_Primary_2:0,2.25,INT-02,D5_Primary_2:0,D5_Primary_2:0/yolov8_bytetrack:track:5,G-102,G-103,33.634133412873865,413.13391261115544,False,False,False,rejected,geometry_gate_rejected,
d5_cv_5v5_multicamera_formal_20260716_yolo_bytetrack:0009:D5_Primary_2:0,2.25,INT-02,D5_Primary_2:0,D5_Primary_2:0/yolov8_bytetrack:track:2,G-102,G-101,31.597915337797986,400.4330729099487,False,False,False,rejected,geometry_gate_rejected,
d5_cv_5v5_multicamera_formal_20260716_yolo_bytetrack:0009:D5_Primary_2:0,2.25,INT-02,D5_Primary_2:0,D5_Primary_2:0/yolov8_bytetrack:track:1,G-103,G-102,34.023499706794034,415.81543158902144,False,False,False,rejected,geometry_gate_rejected,
d5_cv_5v5_multicamera_formal_20260716_yolo_bytetrack:0009:D5_Primary_2:0,2.25,INT-02,D5_Primary_2:0,D5_Primary_2:0/yolov8_bytetrack:track:5,G-103,G-103,0.033079679453282475,12.956663843249066,True,True,True,registered,registered_to_global_track,True
d5_cv_5v5_multicamera_formal_20260716_yolo_bytetrack:0009:D5_Primary_2:0,2.25,INT-02,D5_Primary_2:0,D5_Primary_2:0/yolov8_bytetrack:track:2,G-103,G-101,132.74625375188924,821.3385495475685,False,False,False,rejected,geometry_gate_rejected,
d5_cv_5v5_multicamera_formal_20260716_yolo_bytetrack:0009:D5_Primary_2:0,2.25,INT-02,D5_Primary_2:0,D5_Primary_2:0/yolov8_bytetrack:track:1,G-104,G-102,128.92859608598297,811.9250605173104,False,False,False,rejected,geometry_gate_rejected,
d5_cv_5v5_multicamera_formal_20260716_yolo_bytetrack:0009:D5_Primary_2:0,2.25,INT-02,D5_Primary_2:0,D5_Primary_2:0/yolov8_bytetrack:track:5,G-104,G-103,31.981964600498504,404.3838637035344,False,False,False,rejected,geometry_gate_rejected,
d5_cv_5v5_multicamera_formal_20260716_yolo_bytetrack:0009:D5_Primary_2:0,2.25,INT-02,D5_Primary_2:0,D5_Primary_2:0/yolov8_bytetrack:track:2,G-104,G-101,289.89816379791165,1217.4862129113142,False,False,False,rejected,geometry_gate_rejected,
d5_cv_5v5_multicamera_formal_20260716_yolo_bytetrack:0009:D5_Primary_2:0,2.25,INT-02,D5_Primary_2:0,D5_Primary_2:0/yolov8_bytetrack:track:1,G-105,G-102,,1191.88056556512,False,False,False,rejected,projection_invalid,
d5_cv_5v5_multicamera_formal_20260716_yolo_bytetrack:0009:D5_Primary_2:0,2.25,INT-02,D5_Primary_2:0,D5_Primary_2:0/yolov8_bytetrack:track:5,G-105,G-103,,784.3448727486057,False,False,False,rejected,projection_invalid,
d5_cv_5v5_multicamera_formal_20260716_yolo_bytetrack:0009:D5_Primary_2:0,2.25,INT-02,D5_Primary_2:0,D5_Primary_2:0/yolov8_bytetrack:track:2,G-105,G-101,,1597.4404833046726,False,False,False,rejected,projection_invalid,
d5_cv_5v5_multicamera_formal_20260716_yolo_bytetrack:0009:D5_Primary_3:0,2.25,INT-03,D5_Primary_3:0,D5_Primary_3:0/yolov8_bytetrack:track:1,G-101,G-103,132.62229069229227,824.2664316602119,False,False,False,rejected,geometry_gate_rejected,
d5_cv_5v5_multicamera_formal_20260716_yolo_bytetrack:0009:D5_Primary_3:0,2.25,INT-03,D5_Primary_3:0,D5_Primary_3:0/yolov8_bytetrack:track:2,G-101,G-102,34.07724286820543,417.8221410807722,False,False,False,rejected,geometry_gate_rejected,
d5_cv_5v5_multicamera_formal_20260716_yolo_bytetrack:0009:D5_Primary_3:0,2.25,INT-03,D5_Primary_3:0,D5_Primary_3:0/yolov8_bytetrack:track:1,G-102,G-103,34.35500213636187,418.092672094274,False,False,False,rejected,geometry_gate_rejected,
d5_cv_5v5_multicamera_formal_20260716_yolo_bytetrack:0009:D5_Primary_3:0,2.25,INT-03,D5_Primary_3:0,D5_Primary_3:0/yolov8_bytetrack:track:2,G-102,G-102,0.05686276570866237,16.99897458004851,True,True,True,registered,registered_to_global_track,True
d5_cv_5v5_multicamera_formal_20260716_yolo_bytetrack:0009:D5_Primary_3:0,2.25,INT-03,D5_Primary_3:0,D5_Primary_3:0/yolov8_bytetrack:track:1,G-103,G-103,0.033085934041352544,12.955096971052535,True,True,True,registered,registered_to_global_track,True
d5_cv_5v5_multicamera_formal_20260716_yolo_bytetrack:0009:D5_Primary_3:0,2.25,INT-03,D5_Primary_3:0,D5_Primary_3:0/yolov8_bytetrack:track:2,G-103,G-102,34.2257170891214,416.67270827361,False,False,False,rejected,geometry_gate_rejected,
d5_cv_5v5_multicamera_formal_20260716_yolo_bytetrack:0009:D5_Primary_3:0,2.25,INT-03,D5_Primary_3:0,D5_Primary_3:0/yolov8_bytetrack:track:1,G-104,G-103,33.48091839695038,412.58273441390804,False,False,False,rejected,geometry_gate_rejected,
d5_cv_5v5_multicamera_formal_20260716_yolo_bytetrack:0009:D5_Primary_3:0,2.25,INT-03,D5_Primary_3:0,D5_Primary_3:0/yolov8_bytetrack:track:2,G-104,G-102,131.9474493754481,819.0546258947434,False,False,False,rejected,geometry_gate_rejected,
d5_cv_5v5_multicamera_formal_20260716_yolo_bytetrack:0009:D5_Primary_3:0,2.25,INT-03,D5_Primary_3:0,D5_Primary_3:0/yolov8_bytetrack:track:1,G-105,G-103,126.5458159374802,804.422698536017,False,False,False,rejected,geometry_gate_rejected,
d5_cv_5v5_multicamera_formal_20260716_yolo_bytetrack:0009:D5_Primary_3:0,2.25,INT-03,D5_Primary_3:0,D5_Primary_3:0/yolov8_bytetrack:track:2,G-105,G-102,286.7411765674335,1210.8921035272613,False,False,False,rejected,geometry_gate_rejected,
d5_cv_5v5_multicamera_formal_20260716_yolo_bytetrack:0009:D5_Primary_4:0,2.25,INT-04,D5_Primary_4:0,D5_Primary_4:0/yolov8_bytetrack:track:2,G-101,G-103,,807.1138822023773,False,False,False,rejected,projection_invalid,
d5_cv_5v5_multicamera_formal_20260716_yolo_bytetrack:0009:D5_Primary_4:0,2.25,INT-04,D5_Primary_4:0,D5_Primary_4:0/yolov8_bytetrack:track:1,G-101,G-104,,1225.2720416565594,False,False,False,rejected,projection_invalid,
d5_cv_5v5_multicamera_formal_20260716_yolo_bytetrack:0009:D5_Primary_4:0,2.25,INT-04,D5_Primary_4:0,D5_Primary_4:0/yolov8_bytetrack:track:2,G-102,G-103,32.45049650025131,407.6906545058539,False,False,False,rejected,geometry_gate_rejected,
d5_cv_5v5_multicamera_formal_20260716_yolo_bytetrack:0009:D5_Primary_4:0,2.25,INT-04,D5_Primary_4:0,D5_Primary_4:0/yolov8_bytetrack:track:1,G-102,G-104,133.13992420291572,825.7992646282647,False,False,False,rejected,geometry_gate_rejected,
d5_cv_5v5_multicamera_formal_20260716_yolo_bytetrack:0009:D5_Primary_4:0,2.25,INT-04,D5_Primary_4:0,D5_Primary_4:0/yolov8_bytetrack:track:2,G-103,G-103,0.09428638213464673,21.890478743639974,True,True,True,registered,registered_to_global_track,True
d5_cv_5v5_multicamera_formal_20260716_yolo_bytetrack:0009:D5_Primary_4:0,2.25,INT-04,D5_Primary_4:0,D5_Primary_4:0/yolov8_bytetrack:track:1,G-103,G-104,31.088373537742005,397.54508996608166,False,False,False,rejected,geometry_gate_rejected,
d5_cv_5v5_multicamera_formal_20260716_yolo_bytetrack:0009:D5_Primary_4:0,2.25,INT-04,D5_Primary_4:0,D5_Primary_4:0/yolov8_bytetrack:track:2,G-104,G-103,35.29003789736197,423.14844659072554,False,False,False,rejected,geometry_gate_rejected,
d5_cv_5v5_multicamera_formal_20260716_yolo_bytetrack:0009:D5_Primary_4:0,2.25,INT-04,D5_Primary_4:0,D5_Primary_4:0/yolov8_bytetrack:track:1,G-104,G-104,0.006048999181647176,5.539983270084311,True,True,True,registered,registered_to_global_track,True
d5_cv_5v5_multicamera_formal_20260716_yolo_bytetrack:0009:D5_Primary_4:0,2.25,INT-04,D5_Primary_4:0,D5_Primary_4:0/yolov8_bytetrack:track:2,G-105,G-103,132.58129426452237,820.939539613013,False,False,False,rejected,geometry_gate_rejected,
d5_cv_5v5_multicamera_formal_20260716_yolo_bytetrack:0009:D5_Primary_4:0,2.25,INT-04,D5_Primary_4:0,D5_Primary_4:0/yolov8_bytetrack:track:1,G-105,G-104,31.92143431160135,402.8202481083568,False,False,False,rejected,geometry_gate_rejected,
d5_cv_5v5_multicamera_formal_20260716_yolo_bytetrack:0009:D5_Primary_5:0,2.25,INT-05,D5_Primary_5:0,D5_Primary_5:0/yolov8_bytetrack:track:1,G-101,G-105,,1607.6006348657738,False,False,False,rejected,projection_invalid,
d5_cv_5v5_multicamera_formal_20260716_yolo_bytetrack:0009:D5_Primary_5:0,2.25,INT-05,D5_Primary_5:0,D5_Primary_5:0/yolov8_bytetrack:track:2,G-101,G-104,,1215.4564719461823,False,False,False,rejected,projection_invalid,
d5_cv_5v5_multicamera_formal_20260716_yolo_bytetrack:0009:D5_Primary_5:0,2.25,INT-05,D5_Primary_5:0,D5_Primary_5:0/yolov8_bytetrack:track:1,G-102,G-105,,1221.0629049863628,False,False,False,rejected,projection_invalid,
d5_cv_5v5_multicamera_formal_20260716_yolo_bytetrack:0009:D5_Primary_5:0,2.25,INT-05,D5_Primary_5:0,D5_Primary_5:0/yolov8_bytetrack:track:2,G-102,G-104,,828.9404292458419,False,False,False,rejected,projection_invalid,
d5_cv_5v5_multicamera_formal_20260716_yolo_bytetrack:0009:D5_Primary_5:0,2.25,INT-05,D5_Primary_5:0,D5_Primary_5:0/yolov8_bytetrack:track:1,G-103,G-105,124.97768910290192,799.4183218758631,False,False,False,rejected,geometry_gate_rejected,
d5_cv_5v5_multicamera_formal_20260716_yolo_bytetrack:0009:D5_Primary_5:0,2.25,INT-05,D5_Primary_5:0,D5_Primary_5:0/yolov8_bytetrack:track:2,G-103,G-104,32.44328723872447,407.305359289342,False,False,False,rejected,geometry_gate_rejected,
d5_cv_5v5_multicamera_formal_20260716_yolo_bytetrack:0009:D5_Primary_5:0,2.25,INT-05,D5_Primary_5:0,D5_Primary_5:0/yolov8_bytetrack:track:1,G-104,G-105,32.00096468066657,403.34206785731686,False,False,False,rejected,geometry_gate_rejected,
d5_cv_5v5_multicamera_formal_20260716_yolo_bytetrack:0009:D5_Primary_5:0,2.25,INT-05,D5_Primary_5:0,D5_Primary_5:0/yolov8_bytetrack:track:2,G-104,G-104,0.02480409685012942,11.229251257947531,True,True,True,registered,registered_to_global_track,True
d5_cv_5v5_multicamera_formal_20260716_yolo_bytetrack:0009:D5_Primary_5:0,2.25,INT-05,D5_Primary_5:0,D5_Primary_5:0/yolov8_bytetrack:track:1,G-105,G-105,0.01058933197837849,7.328795263770219,True,True,True,registered,registered_to_global_track,True
d5_cv_5v5_multicamera_formal_20260716_yolo_bytetrack:0009:D5_Primary_5:0,2.25,INT-05,D5_Primary_5:0,D5_Primary_5:0/yolov8_bytetrack:track:2,G-105,G-104,29.429355191947742,386.3569257510573,False,False,False,rejected,geometry_gate_rejected,
d5_cv_5v5_multicamera_formal_20260716_yolo_bytetrack:0009:D5_Recon_1:0,2.25,RECON-01,D5_Recon_1:0,D5_Recon_1:0:det:0001,G-101,G-101,5.1849131674425044e-05,0.9995798297622068,True,True,True,registered,registered_to_global_track,True
d5_cv_5v5_multicamera_formal_20260716_yolo_bytetrack:0009:D5_Recon_1:0,2.25,RECON-01,D5_Recon_1:0,D5_Recon_1:0:det:0002,G-101,G-102,7.129730813545648,370.66837402022327,True,False,False,candidate,,
d5_cv_5v5_multicamera_formal_20260716_yolo_bytetrack:0009:D5_Recon_1:0,2.25,RECON-01,D5_Recon_1:0,D5_Recon_1:0:det:0003,G-101,G-103,28.615701646734433,742.593538419755,False,False,False,rejected,geometry_gate_rejected,
d5_cv_5v5_multicamera_formal_20260716_yolo_bytetrack:0009:D5_Recon_1:0,2.25,RECON-01,D5_Recon_1:0,D5_Recon_1:0:det:0004,G-101,G-104,64.45191635039038,1114.466154394658,False,False,False,rejected,geometry_gate_rejected,
d5_cv_5v5_multicamera_formal_20260716_yolo_bytetrack:0009:D5_Recon_1:0,2.25,RECON-01,D5_Recon_1:0,D5_Recon_1:0:det:0005,G-101,G-105,114.58338994316998,1485.9691723934905,False,False,False,rejected,geometry_gate_rejected,
d5_cv_5v5_multicamera_formal_20260716_yolo_bytetrack:0009:D5_Recon_1:0,2.25,RECON-01,D5_Recon_1:0,D5_Recon_1:0:det:0001,G-102,G-101,6.988846832749172,366.8968995817634,True,False,False,candidate,,
d5_cv_5v5_multicamera_formal_20260716_yolo_bytetrack:0009:D5_Recon_1:0,2.25,RECON-01,D5_Recon_1:0,D5_Recon_1:0:det:0002,G-102,G-102,0.0034502186745572474,8.151530290946985,True,True,True,registered,registered_to_global_track,True
d5_cv_5v5_multicamera_formal_20260716_yolo_bytetrack:0009:D5_Recon_1:0,2.25,RECON-01,D5_Recon_1:0,D5_Recon_1:0:det:0003,G-102,G-103,7.37141612996473,376.805118749701,True,False,False,candidate,,
d5_cv_5v5_multicamera_formal_20260716_yolo_bytetrack:0009:D5_Recon_1:0,2.25,RECON-01,D5_Recon_1:0,D5_Recon_1:0:det:0004,G-102,G-104,29.098738211220706,748.6492701504436,False,False,False,rejected,geometry_gate_rejected,
d5_cv_5v5_multicamera_formal_20260716_yolo_bytetrack:0009:D5_Recon_1:0,2.25,RECON-01,D5_Recon_1:0,D5_Recon_1:0:det:0005,G-102,G-105,65.14245114250362,1120.1427505993831,False,False,False,rejected,geometry_gate_rejected,
d5_cv_5v5_multicamera_formal_20260716_yolo_bytetrack:0009:D5_Recon_1:0,2.25,RECON-01,D5_Recon_1:0,D5_Recon_1:0:det:0001,G-103,G-101,29.495920897075628,753.661311539526,False,False,False,rejected,geometry_gate_rejected,
d5_cv_5v5_multicamera_formal_20260716_yolo_bytetrack:0009:D5_Recon_1:0,2.25,RECON-01,D5_Recon_1:0,D5_Recon_1:0:det:0002,G-103,G-102,7.577703560344958,382.0006022926676,True,False,False,candidate,,
d5_cv_5v5_multicamera_formal_20260716_yolo_bytetrack:0009:D5_Recon_1:0,2.25,RECON-01,D5_Recon_1:0,D5_Recon_1:0:det:0003,G-103,G-103,0.00527498181775953,10.07872801250979,True,True,True,registered,registered_to_global_track,True
d5_cv_5v5_multicamera_formal_20260716_yolo_bytetrack:0009:D5_Recon_1:0,2.25,RECON-01,D5_Recon_1:0,D5_Recon_1:0:det:0004,G-103,G-104,6.797361091571281,361.7973757573271,True,False,False,candidate,,
d5_cv_5v5_multicamera_formal_20260716_yolo_bytetrack:0009:D5_Recon_1:0,2.25,RECON-01,D5_Recon_1:0,D5_Recon_1:0:det:0005,G-103,G-105,27.923721360861652,733.3003455914998,False,False,False,rejected,geometry_gate_rejected,
d5_cv_5v5_multicamera_formal_20260716_yolo_bytetrack:0009:D5_Recon_1:0,2.25,RECON-01,D5_Recon_1:0,D5_Recon_1:0:det:0001,G-104,G-101,64.99693301057006,1118.8509024948182,False,False,False,rejected,geometry_gate_rejected,
d5_cv_5v5_multicamera_formal_20260716_yolo_bytetrack:0009:D5_Recon_1:0,2.25,RECON-01,D5_Recon_1:0,D5_Recon_1:0:det:0002,G-104,G-102,28.987918267876246,747.1955895743639,False,False,False,rejected,geometry_gate_rejected,
d5_cv_5v5_multicamera_formal_20260716_yolo_bytetrack:0009:D5_Recon_1:0,2.25,RECON-01,D5_Recon_1:0,D5_Recon_1:0:det:0003,G-104,G-103,7.312645006343182,375.28657832743517,True,False,False,candidate,,
d5_cv_5v5_multicamera_formal_20260716_yolo_bytetrack:0009:D5_Recon_1:0,2.25,RECON-01,D5_Recon_1:0,D5_Recon_1:0:det:0004,G-104,G-104,0.001859432787125701,5.98397213110455,True,True,True,registered,registered_to_global_track,True
d5_cv_5v5_multicamera_formal_20260716_yolo_bytetrack:0009:D5_Recon_1:0,2.25,RECON-01,D5_Recon_1:0,D5_Recon_1:0:det:0005,G-104,G-105,7.037350508765991,368.1547017651945,True,False,False,candidate,,
d5_cv_5v5_multicamera_formal_20260716_yolo_bytetrack:0009:D5_Recon_1:0,2.25,RECON-01,D5_Recon_1:0,D5_Recon_1:0:det:0001,G-105,G-101,113.773433482979,1480.6866829149849,False,False,False,rejected,geometry_gate_rejected,
d5_cv_5v5_multicamera_formal_20260716_yolo_bytetrack:0009:D5_Recon_1:0,2.25,RECON-01,D5_Recon_1:0,D5_Recon_1:0:det:0002,G-105,G-102,63.826050939577996,1109.0259937884075,False,False,False,rejected,geometry_gate_rejected,
d5_cv_5v5_multicamera_formal_20260716_yolo_bytetrack:0009:D5_Recon_1:0,2.25,RECON-01,D5_Recon_1:0,D5_Recon_1:0:det:0003,G-105,G-103,28.19476407795759,737.1009496059647,False,False,False,rejected,geometry_gate_rejected,
d5_cv_5v5_multicamera_formal_20260716_yolo_bytetrack:0009:D5_Recon_1:0,2.25,RECON-01,D5_Recon_1:0,D5_Recon_1:0:det:0004,G-105,G-104,6.922203809421748,365.22872664351564,True,False,False,candidate,,
d5_cv_5v5_multicamera_formal_20260716_yolo_bytetrack:0009:D5_Recon_1:0,2.25,RECON-01,D5_Recon_1:0,D5_Recon_1:0:det:0005,G-105,G-105,0.0020728395144264376,6.3200914294346635,True,True,True,registered,registered_to_global_track,True
d5_cv_5v5_multicamera_formal_20260716_yolo_bytetrack:0010:D5_Primary_1:0,2.5,INT-01,D5_Primary_1:0,D5_Primary_1:0/yolov8_bytetrack:track:1,G-101,G-101,0.010390078660475317,7.26015109519612,True,True,True,registered,registered_to_global_track,True
d5_cv_5v5_multicamera_formal_20260716_yolo_bytetrack:0010:D5_Primary_1:0,2.5,INT-01,D5_Primary_1:0,D5_Primary_1:0/yolov8_bytetrack:track:2,G-101,G-103,125.38096516709237,797.5394875304343,False,False,False,rejected,geometry_gate_rejected,
d5_cv_5v5_multicamera_formal_20260716_yolo_bytetrack:0010:D5_Primary_1:0,2.5,INT-01,D5_Primary_1:0,D5_Primary_1:0/yolov8_bytetrack:track:1,G-102,G-101,30.99647178424785,396.8587494840991,False,False,False,rejected,geometry_gate_rejected,
d5_cv_5v5_multicamera_formal_20260716_yolo_bytetrack:0010:D5_Primary_1:0,2.5,INT-01,D5_Primary_1:0,D5_Primary_1:0/yolov8_bytetrack:track:2,G-102,G-103,31.630403479051846,400.8948406501102,False,False,False,rejected,geometry_gate_rejected,
d5_cv_5v5_multicamera_formal_20260716_yolo_bytetrack:0010:D5_Primary_1:0,2.5,INT-01,D5_Primary_1:0,D5_Primary_1:0/yolov8_bytetrack:track:1,G-103,G-101,125.1929193144056,799.5369423487645,False,False,False,rejected,geometry_gate_rejected,
d5_cv_5v5_multicamera_formal_20260716_yolo_bytetrack:0010:D5_Primary_1:0,2.5,INT-01,D5_Primary_1:0,D5_Primary_1:0/yolov8_bytetrack:track:2,G-103,G-103,0.014339233867223475,8.523369965550627,True,True,True,registered,registered_to_global_track,True
d5_cv_5v5_multicamera_formal_20260716_yolo_bytetrack:0010:D5_Primary_1:0,2.5,INT-01,D5_Primary_1:0,D5_Primary_1:0/yolov8_bytetrack:track:1,G-104,G-101,,1177.7658713568226,False,False,False,rejected,projection_invalid,
d5_cv_5v5_multicamera_formal_20260716_yolo_bytetrack:0010:D5_Primary_1:0,2.5,INT-01,D5_Primary_1:0,D5_Primary_1:0/yolov8_bytetrack:track:2,G-104,G-103,,380.4224764870907,False,False,False,rejected,projection_invalid,
d5_cv_5v5_multicamera_formal_20260716_yolo_bytetrack:0010:D5_Primary_1:0,2.5,INT-01,D5_Primary_1:0,D5_Primary_1:0/yolov8_bytetrack:track:1,G-105,G-101,,1534.2079468453207,False,False,False,rejected,projection_invalid,
d5_cv_5v5_multicamera_formal_20260716_yolo_bytetrack:0010:D5_Primary_1:0,2.5,INT-01,D5_Primary_1:0,D5_Primary_1:0/yolov8_bytetrack:track:2,G-105,G-103,,736.8687359005221,False,False,False,rejected,projection_invalid,
d5_cv_5v5_multicamera_formal_20260716_yolo_bytetrack:0010:D5_Primary_2:0,2.5,INT-02,D5_Primary_2:0,D5_Primary_2:0/yolov8_bytetrack:track:1,G-101,G-102,33.14839748024322,410.66651207511234,False,False,False,rejected,geometry_gate_rejected,
d5_cv_5v5_multicamera_formal_20260716_yolo_bytetrack:0010:D5_Primary_2:0,2.5,INT-02,D5_Primary_2:0,D5_Primary_2:0/yolov8_bytetrack:track:5,G-101,G-103,130.2341562082509,813.9926166269512,False,False,False,rejected,geometry_gate_rejected,
d5_cv_5v5_multicamera_formal_20260716_yolo_bytetrack:0010:D5_Primary_2:0,2.5,INT-02,D5_Primary_2:0,D5_Primary_2:0/yolov8_bytetrack:track:2,G-101,G-101,0.022078411937593724,10.592962084921426,True,True,True,registered,registered_to_global_track,True
d5_cv_5v5_multicamera_formal_20260716_yolo_bytetrack:0010:D5_Primary_2:0,2.5,INT-02,D5_Primary_2:0,D5_Primary_2:0/yolov8_bytetrack:track:1,G-102,G-102,0.044077272728246325,14.955837803258982,True,True,True,registered,registered_to_global_track,True
d5_cv_5v5_multicamera_formal_20260716_yolo_bytetrack:0010:D5_Primary_2:0,2.5,INT-02,D5_Primary_2:0,D5_Primary_2:0/yolov8_bytetrack:track:5,G-102,G-103,33.21921054492361,410.5798904803924,False,False,False,rejected,geometry_gate_rejected,
d5_cv_5v5_multicamera_formal_20260716_yolo_bytetrack:0010:D5_Primary_2:0,2.5,INT-02,D5_Primary_2:0,D5_Primary_2:0/yolov8_bytetrack:track:2,G-102,G-101,30.933386852653587,396.2020825103541,False,False,False,rejected,geometry_gate_rejected,
d5_cv_5v5_multicamera_formal_20260716_yolo_bytetrack:0010:D5_Primary_2:0,2.5,INT-02,D5_Primary_2:0,D5_Primary_2:0/yolov8_bytetrack:track:1,G-103,G-102,33.1493784731843,410.4164326815633,False,False,False,rejected,geometry_gate_rejected,
d5_cv_5v5_multicamera_formal_20260716_yolo_bytetrack:0010:D5_Primary_2:0,2.5,INT-02,D5_Primary_2:0,D5_Primary_2:0/yolov8_bytetrack:track:5,G-103,G-103,0.03522792143374183,13.368256893265226,True,True,True,registered,registered_to_global_track,True
d5_cv_5v5_multicamera_formal_20260716_yolo_bytetrack:0010:D5_Primary_2:0,2.5,INT-02,D5_Primary_2:0,D5_Primary_2:0/yolov8_bytetrack:track:2,G-103,G-101,130.17410048058306,813.2972562725594,False,False,False,rejected,geometry_gate_rejected,
d5_cv_5v5_multicamera_formal_20260716_yolo_bytetrack:0010:D5_Primary_2:0,2.5,INT-02,D5_Primary_2:0,D5_Primary_2:0/yolov8_bytetrack:track:1,G-104,G-102,125.85667282729663,802.0578977831025,False,False,False,rejected,geometry_gate_rejected,
d5_cv_5v5_multicamera_formal_20260716_yolo_bytetrack:0010:D5_Primary_2:0,2.5,INT-02,D5_Primary_2:0,D5_Primary_2:0/yolov8_bytetrack:track:5,G-104,G-103,31.107042711007736,398.74640879675576,False,False,False,rejected,geometry_gate_rejected,
d5_cv_5v5_multicamera_formal_20260716_yolo_bytetrack:0010:D5_Primary_2:0,2.5,INT-02,D5_Primary_2:0,D5_Primary_2:0/yolov8_bytetrack:track:2,G-104,G-101,284.07273526544066,1204.9870380910147,False,False,False,rejected,geometry_gate_rejected,
d5_cv_5v5_multicamera_formal_20260716_yolo_bytetrack:0010:D5_Primary_2:0,2.5,INT-02,D5_Primary_2:0,D5_Primary_2:0/yolov8_bytetrack:track:1,G-105,G-102,,1177.011905402857,False,False,False,rejected,projection_invalid,
d5_cv_5v5_multicamera_formal_20260716_yolo_bytetrack:0010:D5_Primary_2:0,2.5,INT-02,D5_Primary_2:0,D5_Primary_2:0/yolov8_bytetrack:track:5,G-105,G-103,,773.7039236931082,False,False,False,rejected,projection_invalid,
d5_cv_5v5_multicamera_formal_20260716_yolo_bytetrack:0010:D5_Primary_2:0,2.5,INT-02,D5_Primary_2:0,D5_Primary_2:0/yolov8_bytetrack:track:2,G-105,G-101,,1579.939002111672,False,False,False,rejected,projection_invalid,
d5_cv_5v5_multicamera_formal_20260716_yolo_bytetrack:0010:D5_Primary_3:0,2.5,INT-03,D5_Primary_3:0,D5_Primary_3:0/yolov8_bytetrack:track:1,G-101,G-103,130.51234391589531,817.6579199674258,False,False,False,rejected,geometry_gate_rejected,
d5_cv_5v5_multicamera_formal_20260716_yolo_bytetrack:0010:D5_Primary_3:0,2.5,INT-03,D5_Primary_3:0,D5_Primary_3:0/yolov8_bytetrack:track:2,G-101,G-102,34.60775225849104,421.0487738169361,False,False,False,rejected,geometry_gate_rejected,
d5_cv_5v5_multicamera_formal_20260716_yolo_bytetrack:0010:D5_Primary_3:0,2.5,INT-03,D5_Primary_3:0,D5_Primary_3:0/yolov8_bytetrack:track:12,G-101,G-104,292.32989226474814,1223.7211563651997,False,False,False,rejected,geometry_gate_rejected,
d5_cv_5v5_multicamera_formal_20260716_yolo_bytetrack:0010:D5_Primary_3:0,2.5,INT-03,D5_Primary_3:0,D5_Primary_3:0/yolov8_bytetrack:track:1,G-102,G-103,33.76147123175267,414.46452971982774,False,False,False,rejected,geometry_gate_rejected,
d5_cv_5v5_multicamera_formal_20260716_yolo_bytetrack:0010:D5_Primary_3:0,2.5,INT-03,D5_Primary_3:0,D5_Primary_3:0/yolov8_bytetrack:track:2,G-102,G-102,0.09339370715590618,21.790773820172358,True,True,True,registered,registered_to_global_track,True
d5_cv_5v5_multicamera_formal_20260716_yolo_bytetrack:0010:D5_Primary_3:0,2.5,INT-03,D5_Primary_3:0,D5_Primary_3:0/yolov8_bytetrack:track:12,G-102,G-104,132.29894230475662,820.4550835528906,False,False,False,rejected,geometry_gate_rejected,
d5_cv_5v5_multicamera_formal_20260716_yolo_bytetrack:0010:D5_Primary_3:0,2.5,INT-03,D5_Primary_3:0,D5_Primary_3:0/yolov8_bytetrack:track:1,G-103,G-103,0.03743965330124595,13.781134522805,True,True,True,registered,registered_to_global_track,True
d5_cv_5v5_multicamera_formal_20260716_yolo_bytetrack:0010:D5_Primary_3:0,2.5,INT-03,D5_Primary_3:0,D5_Primary_3:0/yolov8_bytetrack:track:2,G-103,G-102,32.687030175494925,407.19891868680514,False,False,False,rejected,geometry_gate_rejected,
d5_cv_5v5_multicamera_formal_20260716_yolo_bytetrack:0010:D5_Primary_3:0,2.5,INT-03,D5_Primary_3:0,D5_Primary_3:0/yolov8_bytetrack:track:12,G-103,G-104,30.87257526671853,395.7357525674695,False,False,False,rejected,geometry_gate_rejected,
d5_cv_5v5_multicamera_formal_20260716_yolo_bytetrack:0010:D5_Primary_3:0,2.5,INT-03,D5_Primary_3:0,D5_Primary_3:0/yolov8_bytetrack:track:1,G-104,G-103,32.958668140988614,409.3375949294885,False,False,False,rejected,geometry_gate_rejected,
d5_cv_5v5_multicamera_formal_20260716_yolo_bytetrack:0010:D5_Primary_3:0,2.5,INT-03,D5_Primary_3:0,D5_Primary_3:0/yolov8_bytetrack:track:2,G-104,G-102,127.7737690143014,805.9677450372902,False,False,False,rejected,geometry_gate_rejected,
d5_cv_5v5_multicamera_formal_20260716_yolo_bytetrack:0010:D5_Primary_3:0,2.5,INT-03,D5_Primary_3:0,D5_Primary_3:0/yolov8_bytetrack:track:12,G-104,G-104,0.005042107984851155,5.059622867350551,True,True,True,registered,registered_to_global_track,True
d5_cv_5v5_multicamera_formal_20260716_yolo_bytetrack:0010:D5_Primary_3:0,2.5,INT-03,D5_Primary_3:0,D5_Primary_3:0/yolov8_bytetrack:track:1,G-105,G-103,124.34628473277742,797.309250020175,False,False,False,rejected,geometry_gate_rejected,
d5_cv_5v5_multicamera_formal_20260716_yolo_bytetrack:0010:D5_Primary_3:0,2.5,INT-03,D5_Primary_3:0,D5_Primary_3:0/yolov8_bytetrack:track:2,G-105,G-102,278.83093965627745,1193.935528450446,False,False,False,rejected,geometry_gate_rejected,
d5_cv_5v5_multicamera_formal_20260716_yolo_bytetrack:0010:D5_Primary_3:0,2.5,INT-03,D5_Primary_3:0,D5_Primary_3:0/yolov8_bytetrack:track:12,G-105,G-104,29.94945469744814,391.29523804657583,False,False,False,rejected,geometry_gate_rejected,
d5_cv_5v5_multicamera_formal_20260716_yolo_bytetrack:0010:D5_Primary_4:0,2.5,INT-04,D5_Primary_4:0,D5_Primary_4:0/yolov8_bytetrack:track:2,G-101,G-103,,820.3152038493291,False,False,False,rejected,projection_invalid,
d5_cv_5v5_multicamera_formal_20260716_yolo_bytetrack:0010:D5_Primary_4:0,2.5,INT-04,D5_Primary_4:0,D5_Primary_4:0/yolov8_bytetrack:track:1,G-101,G-104,,1217.182252546168,False,False,False,rejected,projection_invalid,
d5_cv_5v5_multicamera_formal_20260716_yolo_bytetrack:0010:D5_Primary_4:0,2.5,INT-04,D5_Primary_4:0,D5_Primary_4:0/yolov8_bytetrack:track:7,G-101,G-105,,1628.4482718148688,False,False,False,rejected,projection_invalid,
d5_cv_5v5_multicamera_formal_20260716_yolo_bytetrack:0010:D5_Primary_4:0,2.5,INT-04,D5_Primary_4:0,D5_Primary_4:0/yolov8_bytetrack:track:2,G-102,G-103,35.071172434006584,423.82387128738253,False,False,False,rejected,geometry_gate_rejected,
d5_cv_5v5_multicamera_formal_20260716_yolo_bytetrack:0010:D5_Primary_4:0,2.5,INT-04,D5_Primary_4:0,D5_Primary_4:0/yolov8_bytetrack:track:1,G-102,G-104,131.48344336048203,820.6275153092377,False,False,False,rejected,geometry_gate_rejected,
d5_cv_5v5_multicamera_formal_20260716_yolo_bytetrack:0010:D5_Primary_4:0,2.5,INT-04,D5_Primary_4:0,D5_Primary_4:0/yolov8_bytetrack:track:7,G-102,G-105,296.2796781042018,1231.8600869959719,False,False,False,rejected,geometry_gate_rejected,
d5_cv_5v5_multicamera_formal_20260716_yolo_bytetrack:0010:D5_Primary_4:0,2.5,INT-04,D5_Primary_4:0,D5_Primary_4:0/yolov8_bytetrack:track:2,G-103,G-103,0.01188495578721878,7.764868650325322,True,True,True,registered,registered_to_global_track,True
d5_cv_5v5_multicamera_formal_20260716_yolo_bytetrack:0010:D5_Primary_4:0,2.5,INT-04,D5_Primary_4:0,D5_Primary_4:0/yolov8_bytetrack:track:1,G-103,G-104,30.759825216143636,395.4435498517399,False,False,False,rejected,geometry_gate_rejected,
d5_cv_5v5_multicamera_formal_20260716_yolo_bytetrack:0010:D5_Primary_4:0,2.5,INT-04,D5_Primary_4:0,D5_Primary_4:0/yolov8_bytetrack:track:7,G-103,G-105,127.99649256208262,806.6618402233962,False,False,False,rejected,geometry_gate_rejected,
d5_cv_5v5_multicamera_formal_20260716_yolo_bytetrack:0010:D5_Primary_4:0,2.5,INT-04,D5_Primary_4:0,D5_Primary_4:0/yolov8_bytetrack:track:2,G-104,G-103,31.649814590523803,400.73651644020424,False,False,False,rejected,geometry_gate_rejected,
d5_cv_5v5_multicamera_formal_20260716_yolo_bytetrack:0010:D5_Primary_4:0,2.5,INT-04,D5_Primary_4:0,D5_Primary_4:0/yolov8_bytetrack:track:1,G-104,G-104,0.003401806960244117,4.154589896375358,True,True,True,registered,registered_to_global_track,True
d5_cv_5v5_multicamera_formal_20260716_yolo_bytetrack:0010:D5_Primary_4:0,2.5,INT-04,D5_Primary_4:0,D5_Primary_4:0/yolov8_bytetrack:track:7,G-104,G-105,32.71232422448197,407.4075139423524,False,False,False,rejected,geometry_gate_rejected,
d5_cv_5v5_multicamera_formal_20260716_yolo_bytetrack:0010:D5_Primary_4:0,2.5,INT-04,D5_Primary_4:0,D5_Primary_4:0/yolov8_bytetrack:track:2,G-105,G-103,124.4033805319457,795.2058643092985,False,False,False,rejected,geometry_gate_rejected,
d5_cv_5v5_multicamera_formal_20260716_yolo_bytetrack:0010:D5_Primary_4:0,2.5,INT-04,D5_Primary_4:0,D5_Primary_4:0/yolov8_bytetrack:track:1,G-105,G-104,31.21873327881347,398.35581138047206,False,False,False,rejected,geometry_gate_rejected,
d5_cv_5v5_multicamera_formal_20260716_yolo_bytetrack:0010:D5_Primary_4:0,2.5,INT-04,D5_Primary_4:0,D5_Primary_4:0/yolov8_bytetrack:track:7,G-105,G-105,0.03589320622650117,13.506081879081494,True,True,True,registered,registered_to_global_track,True
d5_cv_5v5_multicamera_formal_20260716_yolo_bytetrack:0010:D5_Primary_5:0,2.5,INT-05,D5_Primary_5:0,D5_Primary_5:0/yolov8_bytetrack:track:1,G-101,G-105,,1591.591974034917,False,False,False,rejected,projection_invalid,
d5_cv_5v5_multicamera_formal_20260716_yolo_bytetrack:0010:D5_Primary_5:0,2.5,INT-05,D5_Primary_5:0,D5_Primary_5:0/yolov8_bytetrack:track:1,G-102,G-105,,1209.6687014460847,False,False,False,rejected,projection_invalid,
d5_cv_5v5_multicamera_formal_20260716_yolo_bytetrack:0010:D5_Primary_5:0,2.5,INT-05,D5_Primary_5:0,D5_Primary_5:0/yolov8_bytetrack:track:1,G-103,G-105,122.83692847869128,792.4412759771792,False,False,False,rejected,geometry_gate_rejected,
d5_cv_5v5_multicamera_formal_20260716_yolo_bytetrack:0010:D5_Primary_5:0,2.5,INT-05,D5_Primary_5:0,D5_Primary_5:0/yolov8_bytetrack:track:1,G-104,G-105,31.52697521843876,400.32737555630877,False,False,False,rejected,geometry_gate_rejected,
d5_cv_5v5_multicamera_formal_20260716_yolo_bytetrack:0010:D5_Primary_5:0,2.5,INT-05,D5_Primary_5:0,D5_Primary_5:0/yolov8_bytetrack:track:1,G-105,G-105,0.013196886013577023,8.181514871031636,True,True,True,registered,registered_to_global_track,True
d5_cv_5v5_multicamera_formal_20260716_yolo_bytetrack:0010:D5_Recon_1:0,2.5,RECON-01,D5_Recon_1:0,D5_Recon_1:0:det:0001,G-101,G-101,5.344278864944006e-05,1.014820056440335,True,True,True,registered,registered_to_global_track,True
d5_cv_5v5_multicamera_formal_20260716_yolo_bytetrack:0010:D5_Recon_1:0,2.5,RECON-01,D5_Recon_1:0,D5_Recon_1:0:det:0002,G-101,G-102,7.009010414949917,367.51441073173794,True,False,False,candidate,,
d5_cv_5v5_multicamera_formal_20260716_yolo_bytetrack:0010:D5_Recon_1:0,2.5,RECON-01,D5_Recon_1:0,D5_Recon_1:0:det:0003,G-101,G-103,28.13267754925633,736.2944969763084,False,False,False,rejected,geometry_gate_rejected,
d5_cv_5v5_multicamera_formal_20260716_yolo_bytetrack:0010:D5_Recon_1:0,2.5,RECON-01,D5_Recon_1:0,D5_Recon_1:0:det:0004,G-101,G-104,63.363678317189425,1105.010005982236,False,False,False,rejected,geometry_gate_rejected,
d5_cv_5v5_multicamera_formal_20260716_yolo_bytetrack:0010:D5_Recon_1:0,2.5,RECON-01,D5_Recon_1:0,D5_Recon_1:0:det:0005,G-101,G-105,112.64571359793338,1473.3412752551928,False,False,False,rejected,geometry_gate_rejected,
d5_cv_5v5_multicamera_formal_20260716_yolo_bytetrack:0010:D5_Recon_1:0,2.5,RECON-01,D5_Recon_1:0,D5_Recon_1:0:det:0001,G-102,G-101,6.8700003084924965,363.7631149583759,True,False,False,candidate,,
d5_cv_5v5_multicamera_formal_20260716_yolo_bytetrack:0010:D5_Recon_1:0,2.5,RECON-01,D5_Recon_1:0,D5_Recon_1:0:det:0002,G-102,G-102,0.003415553142719692,8.11046798491715,True,True,True,registered,registered_to_global_track,True
d5_cv_5v5_multicamera_formal_20260716_yolo_bytetrack:0010:D5_Recon_1:0,2.5,RECON-01,D5_Recon_1:0,D5_Recon_1:0:det:0003,G-102,G-103,7.2487689680533745,373.6564293801036,True,False,False,candidate,,
d5_cv_5v5_multicamera_formal_20260716_yolo_bytetrack:0010:D5_Recon_1:0,2.5,RECON-01,D5_Recon_1:0,D5_Recon_1:0:det:0004,G-102,G-104,28.610757082870215,742.3436580036195,False,False,False,rejected,geometry_gate_rejected,
d5_cv_5v5_multicamera_formal_20260716_yolo_bytetrack:0010:D5_Recon_1:0,2.5,RECON-01,D5_Recon_1:0,D5_Recon_1:0:det:0005,G-102,G-105,64.04509551761342,1110.6654549392986,False,False,False,rejected,geometry_gate_rejected,
d5_cv_5v5_multicamera_formal_20260716_yolo_bytetrack:0010:D5_Recon_1:0,2.5,RECON-01,D5_Recon_1:0,D5_Recon_1:0:det:0001,G-103,G-101,29.006313099992717,747.3793471537554,False,False,False,rejected,geometry_gate_rejected,
d5_cv_5v5_multicamera_formal_20260716_yolo_bytetrack:0010:D5_Recon_1:0,2.5,RECON-01,D5_Recon_1:0,D5_Recon_1:0:det:0002,G-103,G-102,7.4534449102866045,378.8552851698022,True,False,False,candidate,,
d5_cv_5v5_multicamera_formal_20260716_yolo_bytetrack:0010:D5_Recon_1:0,2.5,RECON-01,D5_Recon_1:0,D5_Recon_1:0:det:0003,G-103,G-103,0.005275011089289569,10.078746355846178,True,True,True,registered,registered_to_global_track,True
d5_cv_5v5_multicamera_formal_20260716_yolo_bytetrack:0010:D5_Recon_1:0,2.5,RECON-01,D5_Recon_1:0,D5_Recon_1:0:det:0004,G-103,G-104,6.679270883897424,358.6405201833094,True,False,False,candidate,,
d5_cv_5v5_multicamera_formal_20260716_yolo_bytetrack:0010:D5_Recon_1:0,2.5,RECON-01,D5_Recon_1:0,D5_Recon_1:0:det:0005,G-103,G-105,27.443872838472597,726.9717363700116,False,False,False,rejected,geometry_gate_rejected,
d5_cv_5v5_multicamera_formal_20260716_yolo_bytetrack:0010:D5_Recon_1:0,2.5,RECON-01,D5_Recon_1:0,D5_Recon_1:0:det:0001,G-104,G-101,63.903966004900546,1109.4010481353855,False,False,False,rejected,geometry_gate_rejected,
d5_cv_5v5_multicamera_formal_20260716_yolo_bytetrack:0010:D5_Recon_1:0,2.5,RECON-01,D5_Recon_1:0,D5_Recon_1:0:det:0002,G-104,G-102,28.500288215432374,740.8824255296925,False,False,False,rejected,geometry_gate_rejected,
d5_cv_5v5_multicamera_formal_20260716_yolo_bytetrack:0010:D5_Recon_1:0,2.5,RECON-01,D5_Recon_1:0,D5_Recon_1:0:det:0003,G-104,G-103,7.189744791017445,372.1186236446036,True,False,False,candidate,,
d5_cv_5v5_multicamera_formal_20260716_yolo_bytetrack:0010:D5_Recon_1:0,2.5,RECON-01,D5_Recon_1:0,D5_Recon_1:0:det:0004,G-104,G-104,0.0018548497050449018,5.976583199758348,True,True,True,registered,registered_to_global_track,True
d5_cv_5v5_multicamera_formal_20260716_yolo_bytetrack:0010:D5_Recon_1:0,2.5,RECON-01,D5_Recon_1:0,D5_Recon_1:0:det:0005,G-104,G-105,6.917082686902147,364.9943359235258,True,False,False,candidate,,
d5_cv_5v5_multicamera_formal_20260716_yolo_bytetrack:0010:D5_Recon_1:0,2.5,RECON-01,D5_Recon_1:0,D5_Recon_1:0:det:0001,G-105,G-101,111.8437528056008,1468.0654210392263,False,False,False,rejected,geometry_gate_rejected,
d5_cv_5v5_multicamera_formal_20260716_yolo_bytetrack:0010:D5_Recon_1:0,2.5,RECON-01,D5_Recon_1:0,D5_Recon_1:0:det:0002,G-105,G-102,62.739935714877724,1099.5413810623263,False,False,False,rejected,geometry_gate_rejected,
d5_cv_5v5_multicamera_formal_20260716_yolo_bytetrack:0010:D5_Recon_1:0,2.5,RECON-01,D5_Recon_1:0,D5_Recon_1:0:det:0003,G-105,G-103,27.712272787013884,730.7614294302041,False,False,False,rejected,geometry_gate_rejected,
d5_cv_5v5_multicamera_formal_20260716_yolo_bytetrack:0010:D5_Recon_1:0,2.5,RECON-01,D5_Recon_1:0,D5_Recon_1:0:det:0004,G-105,G-104,6.802197845648413,362.0463500966175,True,False,False,candidate,,
d5_cv_5v5_multicamera_formal_20260716_yolo_bytetrack:0010:D5_Recon_1:0,2.5,RECON-01,D5_Recon_1:0,D5_Recon_1:0:det:0005,G-105,G-105,0.0020821777376227217,6.334263180629014,True,True,True,registered,registered_to_global_track,True
d5_cv_5v5_multicamera_formal_20260716_yolo_bytetrack:0011:D5_Primary_1:0,2.75,INT-01,D5_Primary_1:0,D5_Primary_1:0/yolov8_bytetrack:track:1,G-101,G-101,0.011570600386763432,7.661521589513983,True,True,True,registered,registered_to_global_track,True
d5_cv_5v5_multicamera_formal_20260716_yolo_bytetrack:0011:D5_Primary_1:0,2.75,INT-01,D5_Primary_1:0,D5_Primary_1:0/yolov8_bytetrack:track:1,G-102,G-101,30.360603069679353,392.73817905253156,False,False,False,rejected,geometry_gate_rejected,
d5_cv_5v5_multicamera_formal_20260716_yolo_bytetrack:0011:D5_Primary_1:0,2.75,INT-01,D5_Primary_1:0,D5_Primary_1:0/yolov8_bytetrack:track:1,G-103,G-101,122.40625183068244,790.422648883439,False,False,False,rejected,geometry_gate_rejected,
d5_cv_5v5_multicamera_formal_20260716_yolo_bytetrack:0011:D5_Primary_1:0,2.75,INT-01,D5_Primary_1:0,D5_Primary_1:0/yolov8_bytetrack:track:1,G-104,G-101,,1162.8778891502016,False,False,False,rejected,projection_invalid,
d5_cv_5v5_multicamera_formal_20260716_yolo_bytetrack:0011:D5_Primary_1:0,2.75,INT-01,D5_Primary_1:0,D5_Primary_1:0/yolov8_bytetrack:track:1,G-105,G-101,,1512.9451860929603,False,False,False,rejected,projection_invalid,
d5_cv_5v5_multicamera_formal_20260716_yolo_bytetrack:0011:D5_Primary_2:0,2.75,INT-02,D5_Primary_2:0,D5_Primary_2:0/yolov8_bytetrack:track:1,G-101,G-102,32.52722229952122,406.810479744378,False,False,False,rejected,geometry_gate_rejected,
d5_cv_5v5_multicamera_formal_20260716_yolo_bytetrack:0011:D5_Primary_2:0,2.75,INT-02,D5_Primary_2:0,D5_Primary_2:0/yolov8_bytetrack:track:2,G-101,G-101,0.019167090767158796,9.86800145694453,True,False,False,candidate,,
d5_cv_5v5_multicamera_formal_20260716_yolo_bytetrack:0011:D5_Primary_2:0,2.75,INT-02,D5_Primary_2:0,D5_Primary_2:0/yolov8_bytetrack:track:38,G-101,,0.01815364274333689,9.601984291541472,True,True,False,candidate,stability_window_failed,
d5_cv_5v5_multicamera_formal_20260716_yolo_bytetrack:0011:D5_Primary_2:0,2.75,INT-02,D5_Primary_2:0,D5_Primary_2:0/yolov8_bytetrack:track:1,G-102,G-102,0.040698713260853975,14.37128159751798,True,True,True,registered,registered_to_global_track,True
d5_cv_5v5_multicamera_formal_20260716_yolo_bytetrack:0011:D5_Primary_2:0,2.75,INT-02,D5_Primary_2:0,D5_Primary_2:0/yolov8_bytetrack:track:2,G-102,G-101,32.59098898351255,406.6806710928907,False,False,False,rejected,geometry_gate_rejected,
d5_cv_5v5_multicamera_formal_20260716_yolo_bytetrack:0011:D5_Primary_2:0,2.75,INT-02,D5_Primary_2:0,D5_Primary_2:0/yolov8_bytetrack:track:38,G-102,,32.34731828259089,405.15751862885946,False,False,False,rejected,geometry_gate_rejected,
d5_cv_5v5_multicamera_formal_20260716_yolo_bytetrack:0011:D5_Primary_2:0,2.75,INT-02,D5_Primary_2:0,D5_Primary_2:0/yolov8_bytetrack:track:1,G-103,G-102,32.66157698692187,407.3638091926263,False,False,False,rejected,geometry_gate_rejected,
d5_cv_5v5_multicamera_formal_20260716_yolo_bytetrack:0011:D5_Primary_2:0,2.75,INT-02,D5_Primary_2:0,D5_Primary_2:0/yolov8_bytetrack:track:2,G-103,G-101,132.33433075467215,819.9740346648342,False,False,False,rejected,geometry_gate_rejected,
d5_cv_5v5_multicamera_formal_20260716_yolo_bytetrack:0011:D5_Primary_2:0,2.75,INT-02,D5_Primary_2:0,D5_Primary_2:0/yolov8_bytetrack:track:38,G-103,,131.83812612406447,818.435303251624,False,False,False,rejected,geometry_gate_rejected,
d5_cv_5v5_multicamera_formal_20260716_yolo_bytetrack:0011:D5_Primary_2:0,2.75,INT-02,D5_Primary_2:0,D5_Primary_2:0/yolov8_bytetrack:track:1,G-104,G-102,123.5708878335733,794.6119099118695,False,False,False,rejected,geometry_gate_rejected,
d5_cv_5v5_multicamera_formal_20260716_yolo_bytetrack:0011:D5_Primary_2:0,2.75,INT-02,D5_Primary_2:0,D5_Primary_2:0/yolov8_bytetrack:track:2,G-104,G-101,285.238373079247,1207.2604187015,False,False,False,rejected,geometry_gate_rejected,
d5_cv_5v5_multicamera_formal_20260716_yolo_bytetrack:0011:D5_Primary_2:0,2.75,INT-02,D5_Primary_2:0,D5_Primary_2:0/yolov8_bytetrack:track:38,G-104,,284.5087244923084,1205.7153199576946,False,False,False,rejected,geometry_gate_rejected,
d5_cv_5v5_multicamera_formal_20260716_yolo_bytetrack:0011:D5_Primary_2:0,2.75,INT-02,D5_Primary_2:0,D5_Primary_2:0/yolov8_bytetrack:track:1,G-105,G-102,,1164.6667603579283,False,False,False,rejected,projection_invalid,
d5_cv_5v5_multicamera_formal_20260716_yolo_bytetrack:0011:D5_Primary_2:0,2.75,INT-02,D5_Primary_2:0,D5_Primary_2:0/yolov8_bytetrack:track:2,G-105,G-101,,1577.3146066268964,False,False,False,rejected,projection_invalid,
d5_cv_5v5_multicamera_formal_20260716_yolo_bytetrack:0011:D5_Primary_2:0,2.75,INT-02,D5_Primary_2:0,D5_Primary_2:0/yolov8_bytetrack:track:38,G-105,,,1575.770421783377,False,False,False,rejected,projection_invalid,
d5_cv_5v5_multicamera_formal_20260716_yolo_bytetrack:0011:D5_Primary_3:0,2.75,INT-03,D5_Primary_3:0,D5_Primary_3:0/yolov8_bytetrack:track:1,G-101,G-103,128.60559206546503,811.6448680565264,False,False,False,rejected,geometry_gate_rejected,
d5_cv_5v5_multicamera_formal_20260716_yolo_bytetrack:0011:D5_Primary_3:0,2.75,INT-03,D5_Primary_3:0,D5_Primary_3:0/yolov8_bytetrack:track:2,G-101,G-102,33.73083043536017,415.67076864180507,False,False,False,rejected,geometry_gate_rejected,
d5_cv_5v5_multicamera_formal_20260716_yolo_bytetrack:0011:D5_Primary_3:0,2.75,INT-03,D5_Primary_3:0,D5_Primary_3:0/yolov8_bytetrack:track:1,G-102,G-103,33.25975552678987,411.37449401844617,False,False,False,rejected,geometry_gate_rejected,
d5_cv_5v5_multicamera_formal_20260716_yolo_bytetrack:0011:D5_Primary_3:0,2.75,INT-03,D5_Primary_3:0,D5_Primary_3:0/yolov8_bytetrack:track:2,G-102,G-102,0.07841802321327578,19.96580210408457,True,True,True,registered,registered_to_global_track,True
d5_cv_5v5_multicamera_formal_20260716_yolo_bytetrack:0011:D5_Primary_3:0,2.75,INT-03,D5_Primary_3:0,D5_Primary_3:0/yolov8_bytetrack:track:1,G-103,G-103,0.03813101253780893,13.907818390967915,True,True,True,registered,registered_to_global_track,True
d5_cv_5v5_multicamera_formal_20260716_yolo_bytetrack:0011:D5_Primary_3:0,2.75,INT-03,D5_Primary_3:0,D5_Primary_3:0/yolov8_bytetrack:track:2,G-103,G-102,32.55919299164422,406.4025948384983,False,False,False,rejected,geometry_gate_rejected,
d5_cv_5v5_multicamera_formal_20260716_yolo_bytetrack:0011:D5_Primary_3:0,2.75,INT-03,D5_Primary_3:0,D5_Primary_3:0/yolov8_bytetrack:track:1,G-104,G-103,32.35781175490267,405.5744419453033,False,False,False,rejected,geometry_gate_rejected,
d5_cv_5v5_multicamera_formal_20260716_yolo_bytetrack:0011:D5_Primary_3:0,2.75,INT-03,D5_Primary_3:0,D5_Primary_3:0/yolov8_bytetrack:track:2,G-104,G-102,126.39172530216425,801.5679268656719,False,False,False,rejected,geometry_gate_rejected,
d5_cv_5v5_multicamera_formal_20260716_yolo_bytetrack:0011:D5_Primary_3:0,2.75,INT-03,D5_Primary_3:0,D5_Primary_3:0/yolov8_bytetrack:track:1,G-105,G-103,122.00243144088513,789.6664395643385,False,False,False,rejected,geometry_gate_rejected,
d5_cv_5v5_multicamera_formal_20260716_yolo_bytetrack:0011:D5_Primary_3:0,2.75,INT-03,D5_Primary_3:0,D5_Primary_3:0/yolov8_bytetrack:track:2,G-105,G-102,275.0415974447427,1185.65579638121,False,False,False,rejected,geometry_gate_rejected,
d5_cv_5v5_multicamera_formal_20260716_yolo_bytetrack:0011:D5_Primary_4:0,2.75,INT-04,D5_Primary_4:0,D5_Primary_4:0/yolov8_bytetrack:track:1,G-101,G-104,,1207.2485540905404,False,False,False,rejected,projection_invalid,
d5_cv_5v5_multicamera_formal_20260716_yolo_bytetrack:0011:D5_Primary_4:0,2.75,INT-04,D5_Primary_4:0,D5_Primary_4:0/yolov8_bytetrack:track:1,G-102,G-104,129.38334561655515,813.9959021301481,False,False,False,rejected,geometry_gate_rejected,
d5_cv_5v5_multicamera_formal_20260716_yolo_bytetrack:0011:D5_Primary_4:0,2.75,INT-04,D5_Primary_4:0,D5_Primary_4:0/yolov8_bytetrack:track:1,G-103,G-104,30.253289569595466,392.1704098636052,False,False,False,rejected,geometry_gate_rejected,
d5_cv_5v5_multicamera_formal_20260716_yolo_bytetrack:0011:D5_Primary_4:0,2.75,INT-04,D5_Primary_4:0,D5_Primary_4:0/yolov8_bytetrack:track:1,G-104,G-104,0.0032031000604679804,4.031451170262981,True,True,True,registered,registered_to_global_track,True
d5_cv_5v5_multicamera_formal_20260716_yolo_bytetrack:0011:D5_Primary_4:0,2.75,INT-04,D5_Primary_4:0,D5_Primary_4:0/yolov8_bytetrack:track:1,G-105,G-104,30.680717436396577,394.9031256389571,False,False,False,rejected,geometry_gate_rejected,
d5_cv_5v5_multicamera_formal_20260716_yolo_bytetrack:0011:D5_Primary_5:0,2.75,INT-05,D5_Primary_5:0,D5_Primary_5:0/yolov8_bytetrack:track:1,G-101,G-105,,1575.8682099395799,False,False,False,rejected,projection_invalid,
d5_cv_5v5_multicamera_formal_20260716_yolo_bytetrack:0011:D5_Primary_5:0,2.75,INT-05,D5_Primary_5:0,D5_Primary_5:0/yolov8_bytetrack:track:1,G-102,G-105,,1198.3080830508684,False,False,False,rejected,projection_invalid,
d5_cv_5v5_multicamera_formal_20260716_yolo_bytetrack:0011:D5_Primary_5:0,2.75,INT-05,D5_Primary_5:0,D5_Primary_5:0/yolov8_bytetrack:track:1,G-103,G-105,120.66260471792579,785.3073808955115,False,False,False,rejected,geometry_gate_rejected,
d5_cv_5v5_multicamera_formal_20260716_yolo_bytetrack:0011:D5_Primary_5:0,2.75,INT-05,D5_Primary_5:0,D5_Primary_5:0/yolov8_bytetrack:track:1,G-104,G-105,31.016030095055438,397.0558591019596,False,False,False,rejected,geometry_gate_rejected,
d5_cv_5v5_multicamera_formal_20260716_yolo_bytetrack:0011:D5_Primary_5:0,2.75,INT-05,D5_Primary_5:0,D5_Primary_5:0/yolov8_bytetrack:track:1,G-105,G-105,0.014267725543910516,8.506965531037894,True,True,True,registered,registered_to_global_track,True
d5_cv_5v5_multicamera_formal_20260716_yolo_bytetrack:0011:D5_Recon_1:0,2.75,RECON-01,D5_Recon_1:0,D5_Recon_1:0:det:0001,G-101,G-101,5.514921921078092e-05,1.0308885971276716,True,True,True,registered,registered_to_global_track,True
d5_cv_5v5_multicamera_formal_20260716_yolo_bytetrack:0011:D5_Recon_1:0,2.75,RECON-01,D5_Recon_1:0,D5_Recon_1:0:det:0002,G-101,G-102,6.889280159372456,364.3594064886269,True,False,False,candidate,,
d5_cv_5v5_multicamera_formal_20260716_yolo_bytetrack:0011:D5_Recon_1:0,2.75,RECON-01,D5_Recon_1:0,D5_Recon_1:0:det:0003,G-101,G-103,27.653538384406566,729.9925323335395,False,False,False,rejected,geometry_gate_rejected,
d5_cv_5v5_multicamera_formal_20260716_yolo_bytetrack:0011:D5_Recon_1:0,2.75,RECON-01,D5_Recon_1:0,D5_Recon_1:0:det:0004,G-101,G-104,62.28405789796116,1095.5482584033414,False,False,False,rejected,geometry_gate_rejected,
d5_cv_5v5_multicamera_formal_20260716_yolo_bytetrack:0011:D5_Recon_1:0,2.75,RECON-01,D5_Recon_1:0,D5_Recon_1:0:det:0005,G-101,G-105,110.72304560128187,1460.7035155890708,False,False,False,rejected,geometry_gate_rejected,
d5_cv_5v5_multicamera_formal_20260716_yolo_bytetrack:0011:D5_Recon_1:0,2.75,RECON-01,D5_Recon_1:0,D5_Recon_1:0:det:0001,G-102,G-101,6.752155572743559,360.6288529526559,True,False,False,candidate,,
d5_cv_5v5_multicamera_formal_20260716_yolo_bytetrack:0011:D5_Recon_1:0,2.75,RECON-01,D5_Recon_1:0,D5_Recon_1:0:det:0002,G-102,G-102,0.0033813749260330215,8.069777659989557,True,True,True,registered,registered_to_global_track,True
d5_cv_5v5_multicamera_formal_20260716_yolo_bytetrack:0011:D5_Recon_1:0,2.75,RECON-01,D5_Recon_1:0,D5_Recon_1:0:det:0003,G-102,G-103,7.127072536406962,370.5056949382113,True,False,False,candidate,,
d5_cv_5v5_multicamera_formal_20260716_yolo_bytetrack:0011:D5_Recon_1:0,2.75,RECON-01,D5_Recon_1:0,D5_Recon_1:0:det:0004,G-102,G-104,28.126543209427155,736.0333208489485,False,False,False,rejected,geometry_gate_rejected,
d5_cv_5v5_multicamera_formal_20260716_yolo_bytetrack:0011:D5_Recon_1:0,2.75,RECON-01,D5_Recon_1:0,D5_Recon_1:0:det:0005,G-102,G-105,62.95603788809476,1101.179169483323,False,False,False,rejected,geometry_gate_rejected,
d5_cv_5v5_multicamera_formal_20260716_yolo_bytetrack:0011:D5_Recon_1:0,2.75,RECON-01,D5_Recon_1:0,D5_Recon_1:0:det:0001,G-103,G-101,28.520607786761172,741.0947858088778,False,False,False,rejected,geometry_gate_rejected,
d5_cv_5v5_multicamera_formal_20260716_yolo_bytetrack:0011:D5_Recon_1:0,2.75,RECON-01,D5_Recon_1:0,D5_Recon_1:0:det:0002,G-103,G-102,7.330139014631228,375.70802802125,True,False,False,candidate,,
d5_cv_5v5_multicamera_formal_20260716_yolo_bytetrack:0011:D5_Recon_1:0,2.75,RECON-01,D5_Recon_1:0,D5_Recon_1:0:det:0003,G-103,G-103,0.005274962611425302,10.07868942076609,True,True,True,registered,registered_to_global_track,True
d5_cv_5v5_multicamera_formal_20260716_yolo_bytetrack:0011:D5_Recon_1:0,2.75,RECON-01,D5_Recon_1:0,D5_Recon_1:0:det:0004,G-103,G-104,6.562119888790611,355.48104634583854,True,False,False,candidate,,
d5_cv_5v5_multicamera_formal_20260716_yolo_bytetrack:0011:D5_Recon_1:0,2.75,RECON-01,D5_Recon_1:0,D5_Recon_1:0:det:0005,G-103,G-105,26.967672473450676,720.6362457848902,False,False,False,rejected,geometry_gate_rejected,
d5_cv_5v5_multicamera_formal_20260716_yolo_bytetrack:0011:D5_Recon_1:0,2.75,RECON-01,D5_Recon_1:0,D5_Recon_1:0:det:0001,G-104,G-101,62.81961272930947,1099.9454052261083,False,False,False,rejected,geometry_gate_rejected,
d5_cv_5v5_multicamera_formal_20260716_yolo_bytetrack:0011:D5_Recon_1:0,2.75,RECON-01,D5_Recon_1:0,D5_Recon_1:0:det:0002,G-104,G-102,28.016406473745914,734.5641324602271,False,False,False,rejected,geometry_gate_rejected,
d5_cv_5v5_multicamera_formal_20260716_yolo_bytetrack:0011:D5_Recon_1:0,2.75,RECON-01,D5_Recon_1:0,D5_Recon_1:0:det:0003,G-104,G-103,7.067762749901114,368.9474276076539,True,False,False,candidate,,
d5_cv_5v5_multicamera_formal_20260716_yolo_bytetrack:0011:D5_Recon_1:0,2.75,RECON-01,D5_Recon_1:0,D5_Recon_1:0:det:0004,G-104,G-104,0.0018503649194835513,5.96934302935084,True,True,True,registered,registered_to_global_track,True
d5_cv_5v5_multicamera_formal_20260716_yolo_bytetrack:0011:D5_Recon_1:0,2.75,RECON-01,D5_Recon_1:0,D5_Recon_1:0:det:0005,G-104,G-105,6.7977141984502785,361.8302970290317,True,False,False,candidate,,
d5_cv_5v5_multicamera_formal_20260716_yolo_bytetrack:0011:D5_Recon_1:0,2.75,RECON-01,D5_Recon_1:0,D5_Recon_1:0:det:0001,G-105,G-101,109.92914301415199,1455.4347248247532,False,False,False,rejected,geometry_gate_rejected,
d5_cv_5v5_multicamera_formal_20260716_yolo_bytetrack:0011:D5_Recon_1:0,2.75,RECON-01,D5_Recon_1:0,D5_Recon_1:0:det:0002,G-105,G-102,61.66214317345482,1090.047991318058,False,False,False,rejected,geometry_gate_rejected,
d5_cv_5v5_multicamera_formal_20260716_yolo_bytetrack:0011:D5_Recon_1:0,2.75,RECON-01,D5_Recon_1:0,D5_Recon_1:0:det:0003,G-105,G-103,27.23342499211642,724.4150145180793,False,False,False,rejected,geometry_gate_rejected,
d5_cv_5v5_multicamera_formal_20260716_yolo_bytetrack:0011:D5_Recon_1:0,2.75,RECON-01,D5_Recon_1:0,D5_Recon_1:0:det:0004,G-105,G-104,6.683083585540001,358.85975612107194,True,False,False,candidate,,
d5_cv_5v5_multicamera_formal_20260716_yolo_bytetrack:0011:D5_Recon_1:0,2.75,RECON-01,D5_Recon_1:0,D5_Recon_1:0:det:0005,G-105,G-105,0.0020915612310959154,6.348471043322093,True,True,True,registered,registered_to_global_track,True
d5_cv_5v5_multicamera_formal_20260716_yolo_bytetrack:0012:D5_Primary_1:0,3.0,INT-01,D5_Primary_1:0,D5_Primary_1:0/yolov8_bytetrack:track:1,G-101,G-101,0.010361151657490145,7.250052160908385,True,True,True,registered,registered_to_global_track,True
d5_cv_5v5_multicamera_formal_20260716_yolo_bytetrack:0012:D5_Primary_1:0,3.0,INT-01,D5_Primary_1:0,D5_Primary_1:0/yolov8_bytetrack:track:2,G-101,G-103,119.54645084293121,778.7633619242388,False,False,False,rejected,geometry_gate_rejected,
d5_cv_5v5_multicamera_formal_20260716_yolo_bytetrack:0012:D5_Primary_1:0,3.0,INT-01,D5_Primary_1:0,D5_Primary_1:0/yolov8_bytetrack:track:1,G-102,G-101,29.882965794945004,389.60966235498563,False,False,False,rejected,geometry_gate_rejected,
d5_cv_5v5_multicamera_formal_20260716_yolo_bytetrack:0012:D5_Primary_1:0,3.0,INT-01,D5_Primary_1:0,D5_Primary_1:0/yolov8_bytetrack:track:2,G-102,G-103,29.962617207550142,390.1268464796078,False,False,False,rejected,geometry_gate_rejected,
d5_cv_5v5_multicamera_formal_20260716_yolo_bytetrack:0012:D5_Primary_1:0,3.0,INT-01,D5_Primary_1:0,D5_Primary_1:0/yolov8_bytetrack:track:1,G-103,G-101,119.98896460850958,782.4255156632755,False,False,False,rejected,geometry_gate_rejected,
d5_cv_5v5_multicamera_formal_20260716_yolo_bytetrack:0012:D5_Primary_1:0,3.0,INT-01,D5_Primary_1:0,D5_Primary_1:0/yolov8_bytetrack:track:2,G-103,G-103,0.017127774875376096,9.315298754542097,True,True,True,registered,registered_to_global_track,True
d5_cv_5v5_multicamera_formal_20260716_yolo_bytetrack:0012:D5_Primary_1:0,3.0,INT-01,D5_Primary_1:0,D5_Primary_1:0/yolov8_bytetrack:track:1,G-104,G-101,,1149.305276710861,False,False,False,rejected,projection_invalid,
d5_cv_5v5_multicamera_formal_20260716_yolo_bytetrack:0012:D5_Primary_1:0,3.0,INT-01,D5_Primary_1:0,D5_Primary_1:0/yolov8_bytetrack:track:2,G-104,G-103,,370.0070744334504,False,False,False,rejected,projection_invalid,
d5_cv_5v5_multicamera_formal_20260716_yolo_bytetrack:0012:D5_Primary_1:0,3.0,INT-01,D5_Primary_1:0,D5_Primary_1:0/yolov8_bytetrack:track:1,G-105,G-101,,1493.266806107827,False,False,False,rejected,projection_invalid,
d5_cv_5v5_multicamera_formal_20260716_yolo_bytetrack:0012:D5_Primary_1:0,3.0,INT-01,D5_Primary_1:0,D5_Primary_1:0/yolov8_bytetrack:track:2,G-105,G-103,,713.9741007796429,False,False,False,rejected,projection_invalid,
d5_cv_5v5_multicamera_formal_20260716_yolo_bytetrack:0012:D5_Primary_2:0,3.0,INT-02,D5_Primary_2:0,D5_Primary_2:0/yolov8_bytetrack:track:1,G-101,G-102,32.06252191470742,403.9050879981898,False,False,False,rejected,geometry_gate_rejected,
d5_cv_5v5_multicamera_formal_20260716_yolo_bytetrack:0012:D5_Primary_2:0,3.0,INT-02,D5_Primary_2:0,D5_Primary_2:0/yolov8_bytetrack:track:2,G-101,G-101,0.03400691995902709,13.1485395283343,True,False,False,candidate,,
d5_cv_5v5_multicamera_formal_20260716_yolo_bytetrack:0012:D5_Primary_2:0,3.0,INT-02,D5_Primary_2:0,D5_Primary_2:0/yolov8_bytetrack:track:38,G-101,,0.01541314170390563,8.847353166963643,True,True,True,registered,registered_to_global_track,
d5_cv_5v5_multicamera_formal_20260716_yolo_bytetrack:0012:D5_Primary_2:0,3.0,INT-02,D5_Primary_2:0,D5_Primary_2:0/yolov8_bytetrack:track:1,G-102,G-102,0.04156597079045341,14.523673461744941,True,True,True,registered,registered_to_global_track,True
d5_cv_5v5_multicamera_formal_20260716_yolo_bytetrack:0012:D5_Primary_2:0,3.0,INT-02,D5_Primary_2:0,D5_Primary_2:0/yolov8_bytetrack:track:2,G-102,G-101,32.81585828012299,408.08345257061535,False,False,False,rejected,geometry_gate_rejected,
d5_cv_5v5_multicamera_formal_20260716_yolo_bytetrack:0012:D5_Primary_2:0,3.0,INT-02,D5_Primary_2:0,D5_Primary_2:0/yolov8_bytetrack:track:38,G-102,,31.699512414160825,401.0822034156177,False,False,False,rejected,geometry_gate_rejected,
d5_cv_5v5_multicamera_formal_20260716_yolo_bytetrack:0012:D5_Primary_2:0,3.0,INT-02,D5_Primary_2:0,D5_Primary_2:0/yolov8_bytetrack:track:1,G-103,G-102,32.03189252340841,403.3966467093407,False,False,False,rejected,geometry_gate_rejected,
d5_cv_5v5_multicamera_formal_20260716_yolo_bytetrack:0012:D5_Primary_2:0,3.0,INT-02,D5_Primary_2:0,D5_Primary_2:0/yolov8_bytetrack:track:2,G-103,G-101,131.58147345454506,817.5951876235921,False,False,False,rejected,geometry_gate_rejected,
d5_cv_5v5_multicamera_formal_20260716_yolo_bytetrack:0012:D5_Primary_2:0,3.0,INT-02,D5_Primary_2:0,D5_Primary_2:0/yolov8_bytetrack:track:38,G-103,,129.33553260777205,810.5874654974054,False,False,False,rejected,geometry_gate_rejected,
d5_cv_5v5_multicamera_formal_20260716_yolo_bytetrack:0012:D5_Primary_2:0,3.0,INT-02,D5_Primary_2:0,D5_Primary_2:0/yolov8_bytetrack:track:1,G-104,G-102,121.02803198559504,786.2669687776774,False,False,False,rejected,geometry_gate_rejected,
d5_cv_5v5_multicamera_formal_20260716_yolo_bytetrack:0012:D5_Primary_2:0,3.0,INT-02,D5_Primary_2:0,D5_Primary_2:0/yolov8_bytetrack:track:2,G-104,G-101,282.1458152101736,1200.5046657282496,False,False,False,rejected,geometry_gate_rejected,
d5_cv_5v5_multicamera_formal_20260716_yolo_bytetrack:0012:D5_Primary_2:0,3.0,INT-02,D5_Primary_2:0,D5_Primary_2:0/yolov8_bytetrack:track:38,G-104,,278.86070429915895,1193.495278575272,False,False,False,rejected,geometry_gate_rejected,
d5_cv_5v5_multicamera_formal_20260716_yolo_bytetrack:0012:D5_Primary_2:0,3.0,INT-02,D5_Primary_2:0,D5_Primary_2:0/yolov8_bytetrack:track:1,G-105,G-102,,1151.4575377854906,False,False,False,rejected,projection_invalid,
d5_cv_5v5_multicamera_formal_20260716_yolo_bytetrack:0012:D5_Primary_2:0,3.0,INT-02,D5_Primary_2:0,D5_Primary_2:0/yolov8_bytetrack:track:2,G-105,G-101,,1565.6945903482517,False,False,False,rejected,projection_invalid,
d5_cv_5v5_multicamera_formal_20260716_yolo_bytetrack:0012:D5_Primary_2:0,3.0,INT-02,D5_Primary_2:0,D5_Primary_2:0/yolov8_bytetrack:track:38,G-105,,,1558.6854093432078,False,False,False,rejected,projection_invalid,
d5_cv_5v5_multicamera_formal_20260716_yolo_bytetrack:0012:D5_Primary_3:0,3.0,INT-03,D5_Primary_3:0,D5_Primary_3:0/yolov8_bytetrack:track:1,G-101,G-103,126.55802062806104,805.1369002577085,False,False,False,rejected,geometry_gate_rejected,
d5_cv_5v5_multicamera_formal_20260716_yolo_bytetrack:0012:D5_Primary_3:0,3.0,INT-03,D5_Primary_3:0,D5_Primary_3:0/yolov8_bytetrack:track:2,G-101,G-102,31.35625776364802,400.7622070028631,False,False,False,rejected,geometry_gate_rejected,
d5_cv_5v5_multicamera_formal_20260716_yolo_bytetrack:0012:D5_Primary_3:0,3.0,INT-03,D5_Primary_3:0,D5_Primary_3:0/yolov8_bytetrack:track:1,G-102,G-103,32.68776573837303,407.8224687381763,False,False,False,rejected,geometry_gate_rejected,
d5_cv_5v5_multicamera_formal_20260716_yolo_bytetrack:0012:D5_Primary_3:0,3.0,INT-03,D5_Primary_3:0,D5_Primary_3:0/yolov8_bytetrack:track:2,G-102,G-102,0.04044346087131843,14.329698674418289,True,True,True,registered,registered_to_global_track,True
d5_cv_5v5_multicamera_formal_20260716_yolo_bytetrack:0012:D5_Primary_3:0,3.0,INT-03,D5_Primary_3:0,D5_Primary_3:0/yolov8_bytetrack:track:1,G-103,G-103,0.04098168619627776,14.418362135884323,True,True,True,registered,registered_to_global_track,True
d5_cv_5v5_multicamera_formal_20260716_yolo_bytetrack:0012:D5_Primary_3:0,3.0,INT-03,D5_Primary_3:0,D5_Primary_3:0/yolov8_bytetrack:track:2,G-103,G-102,33.973021971803156,415.1336147772526,False,False,False,rejected,geometry_gate_rejected,
d5_cv_5v5_multicamera_formal_20260716_yolo_bytetrack:0012:D5_Primary_3:0,3.0,INT-03,D5_Primary_3:0,D5_Primary_3:0/yolov8_bytetrack:track:1,G-104,G-103,31.838567939575356,402.29383391809483,False,False,False,rejected,geometry_gate_rejected,
d5_cv_5v5_multicamera_formal_20260716_yolo_bytetrack:0012:D5_Primary_3:0,3.0,INT-03,D5_Primary_3:0,D5_Primary_3:0/yolov8_bytetrack:track:2,G-104,G-102,128.02504214921407,806.7037585036493,False,False,False,rejected,geometry_gate_rejected,
d5_cv_5v5_multicamera_formal_20260716_yolo_bytetrack:0012:D5_Primary_3:0,3.0,INT-03,D5_Primary_3:0,D5_Primary_3:0/yolov8_bytetrack:track:1,G-105,G-103,119.84072777051405,782.5529132426366,False,False,False,rejected,geometry_gate_rejected,
d5_cv_5v5_multicamera_formal_20260716_yolo_bytetrack:0012:D5_Primary_3:0,3.0,INT-03,D5_Primary_3:0,D5_Primary_3:0/yolov8_bytetrack:track:2,G-105,G-102,275.7078282103023,1186.9598896467567,False,False,False,rejected,geometry_gate_rejected,
d5_cv_5v5_multicamera_formal_20260716_yolo_bytetrack:0012:D5_Primary_4:0,3.0,INT-04,D5_Primary_4:0,D5_Primary_4:0/yolov8_bytetrack:track:1,G-101,G-104,,1195.7547392799227,False,False,False,rejected,projection_invalid,
d5_cv_5v5_multicamera_formal_20260716_yolo_bytetrack:0012:D5_Primary_4:0,3.0,INT-04,D5_Primary_4:0,D5_Primary_4:0/yolov8_bytetrack:track:7,G-101,G-105,,1598.9752985622029,False,False,False,rejected,projection_invalid,
d5_cv_5v5_multicamera_formal_20260716_yolo_bytetrack:0012:D5_Primary_4:0,3.0,INT-04,D5_Primary_4:0,D5_Primary_4:0/yolov8_bytetrack:track:1,G-102,G-104,126.87989424151998,806.012254982113,False,False,False,rejected,geometry_gate_rejected,
d5_cv_5v5_multicamera_formal_20260716_yolo_bytetrack:0012:D5_Primary_4:0,3.0,INT-04,D5_Primary_4:0,D5_Primary_4:0/yolov8_bytetrack:track:7,G-102,G-105,285.56762896609916,1209.2043095258632,False,False,False,rejected,geometry_gate_rejected,
d5_cv_5v5_multicamera_formal_20260716_yolo_bytetrack:0012:D5_Primary_4:0,3.0,INT-04,D5_Primary_4:0,D5_Primary_4:0/yolov8_bytetrack:track:1,G-103,G-104,29.57048486823754,387.71088415297646,False,False,False,rejected,geometry_gate_rejected,
d5_cv_5v5_multicamera_formal_20260716_yolo_bytetrack:0012:D5_Primary_4:0,3.0,INT-04,D5_Primary_4:0,D5_Primary_4:0/yolov8_bytetrack:track:7,G-103,G-105,123.04686245053799,790.8861951433888,False,False,False,rejected,geometry_gate_rejected,
d5_cv_5v5_multicamera_formal_20260716_yolo_bytetrack:0012:D5_Primary_4:0,3.0,INT-04,D5_Primary_4:0,D5_Primary_4:0/yolov8_bytetrack:track:1,G-104,G-104,0.00523182109519457,5.1523176062350995,True,True,True,registered,registered_to_global_track,True
d5_cv_5v5_multicamera_formal_20260716_yolo_bytetrack:0012:D5_Primary_4:0,3.0,INT-04,D5_Primary_4:0,D5_Primary_4:0/yolov8_bytetrack:track:7,G-104,G-105,31.287179939497268,398.43675802342585,False,False,False,rejected,geometry_gate_rejected,
d5_cv_5v5_multicamera_formal_20260716_yolo_bytetrack:0012:D5_Primary_4:0,3.0,INT-04,D5_Primary_4:0,D5_Primary_4:0/yolov8_bytetrack:track:1,G-105,G-104,30.312918566088793,392.5234051886833,False,False,False,rejected,geometry_gate_rejected,
d5_cv_5v5_multicamera_formal_20260716_yolo_bytetrack:0012:D5_Primary_4:0,3.0,INT-04,D5_Primary_4:0,D5_Primary_4:0/yolov8_bytetrack:track:7,G-105,G-105,0.028277341380358992,11.986154302350664,True,True,True,registered,registered_to_global_track,True
d5_cv_5v5_multicamera_formal_20260716_yolo_bytetrack:0012:D5_Primary_5:0,3.0,INT-05,D5_Primary_5:0,D5_Primary_5:0/yolov8_bytetrack:track:1,G-101,G-105,,1560.1685439011592,False,False,False,rejected,projection_invalid,
d5_cv_5v5_multicamera_formal_20260716_yolo_bytetrack:0012:D5_Primary_5:0,3.0,INT-05,D5_Primary_5:0,D5_Primary_5:0/yolov8_bytetrack:track:1,G-102,G-105,,1186.8715594706762,False,False,False,rejected,projection_invalid,
d5_cv_5v5_multicamera_formal_20260716_yolo_bytetrack:0012:D5_Primary_5:0,3.0,INT-05,D5_Primary_5:0,D5_Primary_5:0/yolov8_bytetrack:track:1,G-103,G-105,118.4585582191549,778.017955991165,False,False,False,rejected,geometry_gate_rejected,
d5_cv_5v5_multicamera_formal_20260716_yolo_bytetrack:0012:D5_Primary_5:0,3.0,INT-05,D5_Primary_5:0,D5_Primary_5:0/yolov8_bytetrack:track:1,G-104,G-105,30.477167903150473,393.5784942514045,False,False,False,rejected,geometry_gate_rejected,
d5_cv_5v5_multicamera_formal_20260716_yolo_bytetrack:0012:D5_Primary_5:0,3.0,INT-05,D5_Primary_5:0,D5_Primary_5:0/yolov8_bytetrack:track:1,G-105,G-105,0.014281467780175007,8.51106027652624,True,True,True,registered,registered_to_global_track,True
d5_cv_5v5_multicamera_formal_20260716_yolo_bytetrack:0012:D5_Recon_1:0,3.0,RECON-01,D5_Recon_1:0,D5_Recon_1:0:det:0001,G-101,G-101,5.6904839024287014e-05,1.0471624967286837,True,True,True,registered,registered_to_global_track,True
d5_cv_5v5_multicamera_formal_20260716_yolo_bytetrack:0012:D5_Recon_1:0,3.0,RECON-01,D5_Recon_1:0,D5_Recon_1:0:det:0002,G-101,G-102,6.770549927022317,361.20359715955783,True,False,False,candidate,,
d5_cv_5v5_multicamera_formal_20260716_yolo_bytetrack:0012:D5_Recon_1:0,3.0,RECON-01,D5_Recon_1:0,D5_Recon_1:0:det:0003,G-101,G-103,27.178300938252143,723.687790843728,False,False,False,rejected,geometry_gate_rejected,
d5_cv_5v5_multicamera_formal_20260716_yolo_bytetrack:0012:D5_Recon_1:0,3.0,RECON-01,D5_Recon_1:0,D5_Recon_1:0:det:0004,G-101,G-104,61.213071161753724,1086.0809067741318,False,False,False,rejected,geometry_gate_rejected,
d5_cv_5v5_multicamera_formal_20260716_yolo_bytetrack:0012:D5_Recon_1:0,3.0,RECON-01,D5_Recon_1:0,D5_Recon_1:0:det:0005,G-101,G-105,108.81552153750653,1448.056535933764,False,False,False,rejected,geometry_gate_rejected,
d5_cv_5v5_multicamera_formal_20260716_yolo_bytetrack:0012:D5_Recon_1:0,3.0,RECON-01,D5_Recon_1:0,D5_Recon_1:0:det:0001,G-102,G-101,6.635296817035898,357.493676273574,True,False,False,candidate,,
d5_cv_5v5_multicamera_formal_20260716_yolo_bytetrack:0012:D5_Recon_1:0,3.0,RECON-01,D5_Recon_1:0,D5_Recon_1:0:det:0002,G-102,G-102,0.0033471364090345655,8.028808282630651,True,True,True,registered,registered_to_global_track,True
d5_cv_5v5_multicamera_formal_20260716_yolo_bytetrack:0012:D5_Recon_1:0,3.0,RECON-01,D5_Recon_1:0,D5_Recon_1:0:det:0003,G-102,G-103,7.0063304061428395,367.3529575575489,True,False,False,candidate,,
d5_cv_5v5_multicamera_formal_20260716_yolo_bytetrack:0012:D5_Recon_1:0,3.0,RECON-01,D5_Recon_1:0,D5_Recon_1:0:det:0004,G-102,G-104,27.64609802521119,729.7181573212312,False,False,False,rejected,geometry_gate_rejected,
d5_cv_5v5_multicamera_formal_20260716_yolo_bytetrack:0012:D5_Recon_1:0,3.0,RECON-01,D5_Recon_1:0,D5_Recon_1:0:det:0005,G-102,G-105,61.87536679625723,1091.6844444317976,False,False,False,rejected,geometry_gate_rejected,
d5_cv_5v5_multicamera_formal_20260716_yolo_bytetrack:0012:D5_Recon_1:0,3.0,RECON-01,D5_Recon_1:0,D5_Recon_1:0:det:0001,G-103,G-101,28.038787332959277,734.8073335221336,False,False,False,rejected,geometry_gate_rejected,
d5_cv_5v5_multicamera_formal_20260716_yolo_bytetrack:0012:D5_Recon_1:0,3.0,RECON-01,D5_Recon_1:0,D5_Recon_1:0:det:0002,G-103,G-102,7.207787121154239,372.55881573309637,True,False,False,candidate,,
d5_cv_5v5_multicamera_formal_20260716_yolo_bytetrack:0012:D5_Recon_1:0,3.0,RECON-01,D5_Recon_1:0,D5_Recon_1:0:det:0003,G-103,G-103,0.005274933276009202,10.078649772640697,True,True,True,registered,registered_to_global_track,True
d5_cv_5v5_multicamera_formal_20260716_yolo_bytetrack:0012:D5_Recon_1:0,3.0,RECON-01,D5_Recon_1:0,D5_Recon_1:0:det:0004,G-103,G-104,6.445902391216863,352.31872942385826,True,False,False,candidate,,
d5_cv_5v5_multicamera_formal_20260716_yolo_bytetrack:0012:D5_Recon_1:0,3.0,RECON-01,D5_Recon_1:0,D5_Recon_1:0:det:0005,G-103,G-105,26.49516490051713,714.2942960265782,False,False,False,rejected,geometry_gate_rejected,
d5_cv_5v5_multicamera_formal_20260716_yolo_bytetrack:0012:D5_Recon_1:0,3.0,RECON-01,D5_Recon_1:0,D5_Recon_1:0:det:0001,G-104,G-101,61.74387437908592,1090.483838942179,False,False,False,rejected,geometry_gate_rejected,
d5_cv_5v5_multicamera_formal_20260716_yolo_bytetrack:0012:D5_Recon_1:0,3.0,RECON-01,D5_Recon_1:0,D5_Recon_1:0:det:0002,G-104,G-102,27.53629354078913,728.2408514072116,False,False,False,rejected,geometry_gate_rejected,
d5_cv_5v5_multicamera_formal_20260716_yolo_bytetrack:0012:D5_Recon_1:0,3.0,RECON-01,D5_Recon_1:0,D5_Recon_1:0:det:0003,G-104,G-103,6.9467106394364295,365.7732171826995,True,False,False,candidate,,
d5_cv_5v5_multicamera_formal_20260716_yolo_bytetrack:0012:D5_Recon_1:0,3.0,RECON-01,D5_Recon_1:0,D5_Recon_1:0:det:0004,G-104,G-104,0.0018458053908950137,5.961972765282773,True,True,True,registered,registered_to_global_track,True
d5_cv_5v5_multicamera_formal_20260716_yolo_bytetrack:0012:D5_Recon_1:0,3.0,RECON-01,D5_Recon_1:0,D5_Recon_1:0:det:0005,G-104,G-105,6.6792581700815505,358.66284208290176,True,False,False,candidate,,
d5_cv_5v5_multicamera_formal_20260716_yolo_bytetrack:0012:D5_Recon_1:0,3.0,RECON-01,D5_Recon_1:0,D5_Recon_1:0:det:0001,G-105,G-101,108.02965314282982,1442.7946783540795,False,False,False,rejected,geometry_gate_rejected,
d5_cv_5v5_multicamera_formal_20260716_yolo_bytetrack:0012:D5_Recon_1:0,3.0,RECON-01,D5_Recon_1:0,D5_Recon_1:0:det:0002,G-105,G-102,60.59273957568641,1080.5461874058235,False,False,False,rejected,geometry_gate_rejected,
d5_cv_5v5_multicamera_formal_20260716_yolo_bytetrack:0012:D5_Recon_1:0,3.0,RECON-01,D5_Recon_1:0,D5_Recon_1:0:det:0003,G-105,G-103,26.75826788673464,718.0621575656514,False,False,False,rejected,geometry_gate_rejected,
d5_cv_5v5_multicamera_formal_20260716_yolo_bytetrack:0012:D5_Recon_1:0,3.0,RECON-01,D5_Recon_1:0,D5_Recon_1:0:det:0004,G-105,G-104,6.564887487920167,355.6695492571028,True,False,False,candidate,,
d5_cv_5v5_multicamera_formal_20260716_yolo_bytetrack:0012:D5_Recon_1:0,3.0,RECON-01,D5_Recon_1:0,D5_Recon_1:0:det:0005,G-105,G-105,0.002101032954297484,6.362779809699028,True,True,True,registered,registered_to_global_track,True
d5_cv_5v5_multicamera_formal_20260716_yolo_bytetrack:0013:D5_Primary_1:0,3.25,INT-01,D5_Primary_1:0,D5_Primary_1:0/yolov8_bytetrack:track:1,G-101,G-101,0.010215966442356589,7.199072271103382,True,True,True,registered,registered_to_global_track,True
d5_cv_5v5_multicamera_formal_20260716_yolo_bytetrack:0013:D5_Primary_1:0,3.25,INT-01,D5_Primary_1:0,D5_Primary_1:0/yolov8_bytetrack:track:40,G-101,G-102,30.085489533427687,390.67477410903086,False,False,False,rejected,geometry_gate_rejected,
d5_cv_5v5_multicamera_formal_20260716_yolo_bytetrack:0013:D5_Primary_1:0,3.25,INT-01,D5_Primary_1:0,D5_Primary_1:0/yolov8_bytetrack:track:2,G-101,G-103,116.52824594832927,768.8691498084524,False,False,False,rejected,geometry_gate_rejected,
d5_cv_5v5_multicamera_formal_20260716_yolo_bytetrack:0013:D5_Primary_1:0,3.25,INT-01,D5_Primary_1:0,D5_Primary_1:0/yolov8_bytetrack:track:15,G-101,,29.97585284692664,389.9622805394453,False,False,False,rejected,geometry_gate_rejected,
d5_cv_5v5_multicamera_formal_20260716_yolo_bytetrack:0013:D5_Primary_1:0,3.25,INT-01,D5_Primary_1:0,D5_Primary_1:0/yolov8_bytetrack:track:1,G-102,G-101,29.33563547867974,385.9992570173057,False,False,False,rejected,geometry_gate_rejected,
d5_cv_5v5_multicamera_formal_20260716_yolo_bytetrack:0013:D5_Primary_1:0,3.25,INT-01,D5_Primary_1:0,D5_Primary_1:0/yolov8_bytetrack:track:40,G-102,G-102,0.03643874577359323,13.592371808216066,True,True,False,candidate,stability_window_failed,True
d5_cv_5v5_multicamera_formal_20260716_yolo_bytetrack:0013:D5_Primary_1:0,3.25,INT-01,D5_Primary_1:0,D5_Primary_1:0/yolov8_bytetrack:track:2,G-102,G-103,29.06539391503207,384.21549777556686,False,False,False,rejected,geometry_gate_rejected,
d5_cv_5v5_multicamera_formal_20260716_yolo_bytetrack:0013:D5_Primary_1:0,3.25,INT-01,D5_Primary_1:0,D5_Primary_1:0/yolov8_bytetrack:track:15,G-102,,0.04061475512618118,14.349332954995113,True,False,False,candidate,,
d5_cv_5v5_multicamera_formal_20260716_yolo_bytetrack:0013:D5_Primary_1:0,3.25,INT-01,D5_Primary_1:0,D5_Primary_1:0/yolov8_bytetrack:track:1,G-103,G-101,117.46517371928829,774.0071359061167,False,False,False,rejected,geometry_gate_rejected,
d5_cv_5v5_multicamera_formal_20260716_yolo_bytetrack:0013:D5_Primary_1:0,3.25,INT-01,D5_Primary_1:0,D5_Primary_1:0/yolov8_bytetrack:track:40,G-103,G-102,28.684190591185317,382.4824570751629,False,False,False,rejected,geometry_gate_rejected,
d5_cv_5v5_multicamera_formal_20260716_yolo_bytetrack:0013:D5_Primary_1:0,3.25,INT-01,D5_Primary_1:0,D5_Primary_1:0/yolov8_bytetrack:track:2,G-103,G-103,0.018994194743827422,9.811607975481767,True,True,True,registered,registered_to_global_track,True
d5_cv_5v5_multicamera_formal_20260716_yolo_bytetrack:0013:D5_Primary_1:0,3.25,INT-01,D5_Primary_1:0,D5_Primary_1:0/yolov8_bytetrack:track:15,G-103,,28.7980808137847,383.2409234392743,False,False,False,rejected,geometry_gate_rejected,
d5_cv_5v5_multicamera_formal_20260716_yolo_bytetrack:0013:D5_Primary_1:0,3.25,INT-01,D5_Primary_1:0,D5_Primary_1:0/yolov8_bytetrack:track:1,G-104,G-101,,1135.4321747614756,False,False,False,rejected,projection_invalid,
d5_cv_5v5_multicamera_formal_20260716_yolo_bytetrack:0013:D5_Primary_1:0,3.25,INT-01,D5_Primary_1:0,D5_Primary_1:0/yolov8_bytetrack:track:40,G-104,G-102,,743.8705039440608,False,False,False,rejected,projection_invalid,
d5_cv_5v5_multicamera_formal_20260716_yolo_bytetrack:0013:D5_Primary_1:0,3.25,INT-01,D5_Primary_1:0,D5_Primary_1:0/yolov8_bytetrack:track:2,G-104,G-103,,365.66125351472806,False,False,False,rejected,projection_invalid,
d5_cv_5v5_multicamera_formal_20260716_yolo_bytetrack:0013:D5_Primary_1:0,3.25,INT-01,D5_Primary_1:0,D5_Primary_1:0/yolov8_bytetrack:track:15,G-104,,,744.6064239600864,False,False,False,rejected,projection_invalid,
d5_cv_5v5_multicamera_formal_20260716_yolo_bytetrack:0013:D5_Primary_1:0,3.25,INT-01,D5_Primary_1:0,D5_Primary_1:0/yolov8_bytetrack:track:1,G-105,G-101,,1473.461865663564,False,False,False,rejected,projection_invalid,
d5_cv_5v5_multicamera_formal_20260716_yolo_bytetrack:0013:D5_Primary_1:0,3.25,INT-01,D5_Primary_1:0,D5_Primary_1:0/yolov8_bytetrack:track:40,G-105,G-102,,1081.9010018841868,False,False,False,rejected,projection_invalid,
d5_cv_5v5_multicamera_formal_20260716_yolo_bytetrack:0013:D5_Primary_1:0,3.25,INT-01,D5_Primary_1:0,D5_Primary_1:0/yolov8_bytetrack:track:2,G-105,G-103,,703.6967974097884,False,False,False,rejected,projection_invalid,
d5_cv_5v5_multicamera_formal_20260716_yolo_bytetrack:0013:D5_Primary_1:0,3.25,INT-01,D5_Primary_1:0,D5_Primary_1:0/yolov8_bytetrack:track:15,G-105,,,1082.63917607793,False,False,False,rejected,projection_invalid,
d5_cv_5v5_multicamera_formal_20260716_yolo_bytetrack:0013:D5_Primary_2:0,3.25,INT-02,D5_Primary_2:0,D5_Primary_2:0/yolov8_bytetrack:track:1,G-101,G-102,31.561684531053864,400.7451886117152,False,False,False,rejected,geometry_gate_rejected,
d5_cv_5v5_multicamera_formal_20260716_yolo_bytetrack:0013:D5_Primary_2:0,3.25,INT-02,D5_Primary_2:0,D5_Primary_2:0/yolov8_bytetrack:track:2,G-101,G-101,0.04538210127439832,15.191724260685072,True,False,False,candidate,,
d5_cv_5v5_multicamera_formal_20260716_yolo_bytetrack:0013:D5_Primary_2:0,3.25,INT-02,D5_Primary_2:0,D5_Primary_2:0/yolov8_bytetrack:track:38,G-101,,0.016048430823135694,9.027998510238573,True,True,True,registered,registered_to_global_track,
d5_cv_5v5_multicamera_formal_20260716_yolo_bytetrack:0013:D5_Primary_2:0,3.25,INT-02,D5_Primary_2:0,D5_Primary_2:0/yolov8_bytetrack:track:11,G-101,G-103,124.61177573778686,796.2835284468251,False,False,False,rejected,geometry_gate_rejected,
d5_cv_5v5_multicamera_formal_20260716_yolo_bytetrack:0013:D5_Primary_2:0,3.25,INT-02,D5_Primary_2:0,D5_Primary_2:0/yolov8_bytetrack:track:3,G-101,G-104,271.85647109601337,1176.1372676368846,False,False,False,rejected,geometry_gate_rejected,
d5_cv_5v5_multicamera_formal_20260716_yolo_bytetrack:0013:D5_Primary_2:0,3.25,INT-02,D5_Primary_2:0,D5_Primary_2:0/yolov8_bytetrack:track:5,G-101,,123.58606844425526,792.9996041674314,False,False,False,rejected,geometry_gate_rejected,
d5_cv_5v5_multicamera_formal_20260716_yolo_bytetrack:0013:D5_Primary_2:0,3.25,INT-02,D5_Primary_2:0,D5_Primary_2:0/yolov8_bytetrack:track:1,G-102,G-102,0.04105655263775079,14.434429013350304,True,True,True,registered,registered_to_global_track,True
d5_cv_5v5_multicamera_formal_20260716_yolo_bytetrack:0013:D5_Primary_2:0,3.25,INT-02,D5_Primary_2:0,D5_Primary_2:0/yolov8_bytetrack:track:2,G-102,G-101,32.750381452538235,407.6769254040533,False,False,False,rejected,geometry_gate_rejected,
d5_cv_5v5_multicamera_formal_20260716_yolo_bytetrack:0013:D5_Primary_2:0,3.25,INT-02,D5_Primary_2:0,D5_Primary_2:0/yolov8_bytetrack:track:38,G-102,,31.187465628029116,397.8304230157579,False,False,False,rejected,geometry_gate_rejected,
d5_cv_5v5_multicamera_formal_20260716_yolo_bytetrack:0013:D5_Primary_2:0,3.25,INT-02,D5_Primary_2:0,D5_Primary_2:0/yolov8_bytetrack:track:11,G-102,G-103,31.87023202973627,402.16157156164354,False,False,False,rejected,geometry_gate_rejected,
d5_cv_5v5_multicamera_formal_20260716_yolo_bytetrack:0013:D5_Primary_2:0,3.25,INT-02,D5_Primary_2:0,D5_Primary_2:0/yolov8_bytetrack:track:3,G-102,G-104,120.48621132421972,781.9457598763307,False,False,False,rejected,geometry_gate_rejected,
d5_cv_5v5_multicamera_formal_20260716_yolo_bytetrack:0013:D5_Primary_2:0,3.25,INT-02,D5_Primary_2:0,D5_Primary_2:0/yolov8_bytetrack:track:5,G-102,,31.36126344908477,398.9373816873618,False,False,False,rejected,geometry_gate_rejected,
d5_cv_5v5_multicamera_formal_20260716_yolo_bytetrack:0013:D5_Primary_2:0,3.25,INT-02,D5_Primary_2:0,D5_Primary_2:0/yolov8_bytetrack:track:1,G-103,G-102,31.434639072682874,399.5980242465493,False,False,False,rejected,geometry_gate_rejected,
d5_cv_5v5_multicamera_formal_20260716_yolo_bytetrack:0013:D5_Primary_2:0,3.25,INT-02,D5_Primary_2:0,D5_Primary_2:0/yolov8_bytetrack:track:2,G-103,G-101,130.2532019995623,813.4170246844483,False,False,False,rejected,geometry_gate_rejected,
d5_cv_5v5_multicamera_formal_20260716_yolo_bytetrack:0013:D5_Primary_2:0,3.25,INT-02,D5_Primary_2:0,D5_Primary_2:0/yolov8_bytetrack:track:38,G-103,,127.1111456016117,803.5462521611381,False,False,False,rejected,geometry_gate_rejected,
d5_cv_5v5_multicamera_formal_20260716_yolo_bytetrack:0013:D5_Primary_2:0,3.25,INT-02,D5_Primary_2:0,D5_Primary_2:0/yolov8_bytetrack:track:11,G-103,G-103,0.014759386320864699,8.651428534411329,True,True,False,candidate,stability_window_failed,True
d5_cv_5v5_multicamera_formal_20260716_yolo_bytetrack:0013:D5_Primary_2:0,3.25,INT-02,D5_Primary_2:0,D5_Primary_2:0/yolov8_bytetrack:track:3,G-103,G-104,27.83584919971313,376.0282225580421,False,False,False,rejected,geometry_gate_rejected,
d5_cv_5v5_multicamera_formal_20260716_yolo_bytetrack:0013:D5_Primary_2:0,3.25,INT-02,D5_Primary_2:0,D5_Primary_2:0/yolov8_bytetrack:track:5,G-103,,0.0306360200904007,12.466154470475981,True,False,False,candidate,,
d5_cv_5v5_multicamera_formal_20260716_yolo_bytetrack:0013:D5_Primary_2:0,3.25,INT-02,D5_Primary_2:0,D5_Primary_2:0/yolov8_bytetrack:track:1,G-104,G-102,118.58194932655077,778.1630544721605,False,False,False,rejected,geometry_gate_rejected,
d5_cv_5v5_multicamera_formal_20260716_yolo_bytetrack:0013:D5_Primary_2:0,3.25,INT-02,D5_Primary_2:0,D5_Primary_2:0/yolov8_bytetrack:track:2,G-104,G-101,278.2580078273781,1192.0244159632573,False,False,False,rejected,geometry_gate_rejected,
d5_cv_5v5_multicamera_formal_20260716_yolo_bytetrack:0013:D5_Primary_2:0,3.25,INT-02,D5_Primary_2:0,D5_Primary_2:0/yolov8_bytetrack:track:38,G-104,,273.66466182694285,1182.1447950250306,False,False,False,rejected,geometry_gate_rejected,
d5_cv_5v5_multicamera_formal_20260716_yolo_bytetrack:0013:D5_Primary_2:0,3.25,INT-02,D5_Primary_2:0,D5_Primary_2:0/yolov8_bytetrack:track:11,G-104,G-103,28.66375733316681,382.5849434611928,False,False,False,rejected,geometry_gate_rejected,
d5_cv_5v5_multicamera_formal_20260716_yolo_bytetrack:0013:D5_Primary_2:0,3.25,INT-02,D5_Primary_2:0,D5_Primary_2:0/yolov8_bytetrack:track:3,G-104,G-104,0.002005652181845167,3.196832540260184,True,True,True,registered,registered_to_global_track,True
d5_cv_5v5_multicamera_formal_20260716_yolo_bytetrack:0013:D5_Primary_2:0,3.25,INT-02,D5_Primary_2:0,D5_Primary_2:0/yolov8_bytetrack:track:5,G-104,,29.163244631831446,385.90389426103377,False,False,False,rejected,geometry_gate_rejected,
d5_cv_5v5_multicamera_formal_20260716_yolo_bytetrack:0013:D5_Primary_2:0,3.25,INT-02,D5_Primary_2:0,D5_Primary_2:0/yolov8_bytetrack:track:1,G-105,G-102,,1138.6241608683774,False,False,False,rejected,projection_invalid,
d5_cv_5v5_multicamera_formal_20260716_yolo_bytetrack:0013:D5_Primary_2:0,3.25,INT-02,D5_Primary_2:0,D5_Primary_2:0/yolov8_bytetrack:track:2,G-105,G-101,,1552.4843203729665,False,False,False,rejected,projection_invalid,
d5_cv_5v5_multicamera_formal_20260716_yolo_bytetrack:0013:D5_Primary_2:0,3.25,INT-02,D5_Primary_2:0,D5_Primary_2:0/yolov8_bytetrack:track:38,G-105,,,1542.605989433188,False,False,False,rejected,projection_invalid,
d5_cv_5v5_multicamera_formal_20260716_yolo_bytetrack:0013:D5_Primary_2:0,3.25,INT-02,D5_Primary_2:0,D5_Primary_2:0/yolov8_bytetrack:track:11,G-105,G-103,,743.0469811562391,False,False,False,rejected,projection_invalid,
d5_cv_5v5_multicamera_formal_20260716_yolo_bytetrack:0013:D5_Primary_2:0,3.25,INT-02,D5_Primary_2:0,D5_Primary_2:0/yolov8_bytetrack:track:3,G-105,G-104,,363.21211536088435,False,False,False,rejected,projection_invalid,
d5_cv_5v5_multicamera_formal_20260716_yolo_bytetrack:0013:D5_Primary_2:0,3.25,INT-02,D5_Primary_2:0,D5_Primary_2:0/yolov8_bytetrack:track:5,G-105,,,746.3699886039374,False,False,False,rejected,projection_invalid,
d5_cv_5v5_multicamera_formal_20260716_yolo_bytetrack:0013:D5_Primary_3:0,3.25,INT-03,D5_Primary_3:0,D5_Primary_3:0/yolov8_bytetrack:track:1,G-101,,124.66237256741611,799.0620396138468,False,False,False,rejected,geometry_gate_rejected,
d5_cv_5v5_multicamera_formal_20260716_yolo_bytetrack:0013:D5_Primary_3:0,3.25,INT-03,D5_Primary_3:0,D5_Primary_3:0/yolov8_bytetrack:track:2,G-101,G-102,31.679525138359814,402.81164645016634,False,False,False,rejected,geometry_gate_rejected,
d5_cv_5v5_multicamera_formal_20260716_yolo_bytetrack:0013:D5_Primary_3:0,3.25,INT-03,D5_Primary_3:0,D5_Primary_3:0/yolov8_bytetrack:track:12,G-101,G-104,278.7577912270795,1194.8855964364566,False,False,False,rejected,geometry_gate_rejected,
d5_cv_5v5_multicamera_formal_20260716_yolo_bytetrack:0013:D5_Primary_3:0,3.25,INT-03,D5_Primary_3:0,D5_Primary_3:0/yolov8_bytetrack:track:1,G-102,,32.179755981290945,404.64106163072483,False,False,False,rejected,geometry_gate_rejected,
d5_cv_5v5_multicamera_formal_20260716_yolo_bytetrack:0013:D5_Primary_3:0,3.25,INT-03,D5_Primary_3:0,D5_Primary_3:0/yolov8_bytetrack:track:2,G-102,G-102,0.04680760273884661,15.420563320283538,True,True,True,registered,registered_to_global_track,True
d5_cv_5v5_multicamera_formal_20260716_yolo_bytetrack:0013:D5_Primary_3:0,3.25,INT-03,D5_Primary_3:0,D5_Primary_3:0/yolov8_bytetrack:track:12,G-102,G-104,125.9216684093542,800.4399010847078,False,False,False,rejected,geometry_gate_rejected,
d5_cv_5v5_multicamera_formal_20260716_yolo_bytetrack:0013:D5_Primary_3:0,3.25,INT-03,D5_Primary_3:0,D5_Primary_3:0/yolov8_bytetrack:track:1,G-103,,0.02942523435905048,12.217479687772066,True,True,True,registered,registered_to_global_track,
d5_cv_5v5_multicamera_formal_20260716_yolo_bytetrack:0013:D5_Primary_3:0,3.25,INT-03,D5_Primary_3:0,D5_Primary_3:0/yolov8_bytetrack:track:2,G-103,G-102,32.62089286132797,406.7891578132706,False,False,False,rejected,geometry_gate_rejected,
d5_cv_5v5_multicamera_formal_20260716_yolo_bytetrack:0013:D5_Primary_3:0,3.25,INT-03,D5_Primary_3:0,D5_Primary_3:0/yolov8_bytetrack:track:12,G-103,G-104,29.303573146012138,385.55088979670285,False,False,False,rejected,geometry_gate_rejected,
d5_cv_5v5_multicamera_formal_20260716_yolo_bytetrack:0013:D5_Primary_3:0,3.25,INT-03,D5_Primary_3:0,D5_Primary_3:0/yolov8_bytetrack:track:1,G-104,,31.24108689866424,398.48765962519343,False,False,False,rejected,geometry_gate_rejected,
d5_cv_5v5_multicamera_formal_20260716_yolo_bytetrack:0013:D5_Primary_3:0,3.25,INT-03,D5_Primary_3:0,D5_Primary_3:0/yolov8_bytetrack:track:2,G-104,G-102,124.27943653425706,794.7882962861389,False,False,False,rejected,geometry_gate_rejected,
d5_cv_5v5_multicamera_formal_20260716_yolo_bytetrack:0013:D5_Primary_3:0,3.25,INT-03,D5_Primary_3:0,D5_Primary_3:0/yolov8_bytetrack:track:12,G-104,G-104,0.0035892609385801957,4.268500018928627,True,True,True,registered,registered_to_global_track,True
d5_cv_5v5_multicamera_formal_20260716_yolo_bytetrack:0013:D5_Primary_3:0,3.25,INT-03,D5_Primary_3:0,D5_Primary_3:0/yolov8_bytetrack:track:1,G-105,,117.53528069537228,774.9034612480009,False,False,False,rejected,geometry_gate_rejected,
d5_cv_5v5_multicamera_formal_20260716_yolo_bytetrack:0013:D5_Primary_3:0,3.25,INT-03,D5_Primary_3:0,D5_Primary_3:0/yolov8_bytetrack:track:2,G-105,G-102,268.49839941462454,1171.2088252222266,False,False,False,rejected,geometry_gate_rejected,
d5_cv_5v5_multicamera_formal_20260716_yolo_bytetrack:0013:D5_Primary_3:0,3.25,INT-03,D5_Primary_3:0,D5_Primary_3:0/yolov8_bytetrack:track:12,G-105,G-104,28.137922293756855,379.1484800547844,False,False,False,rejected,geometry_gate_rejected,
d5_cv_5v5_multicamera_formal_20260716_yolo_bytetrack:0013:D5_Primary_4:0,3.25,INT-04,D5_Primary_4:0,D5_Primary_4:0/yolov8_bytetrack:track:1,G-101,G-104,,1185.0743898340581,False,False,False,rejected,projection_invalid,
d5_cv_5v5_multicamera_formal_20260716_yolo_bytetrack:0013:D5_Primary_4:0,3.25,INT-04,D5_Primary_4:0,D5_Primary_4:0/yolov8_bytetrack:track:43,G-101,G-103,,778.4819200671027,False,False,False,rejected,projection_invalid,
d5_cv_5v5_multicamera_formal_20260716_yolo_bytetrack:0013:D5_Primary_4:0,3.25,INT-04,D5_Primary_4:0,D5_Primary_4:0/yolov8_bytetrack:track:1,G-102,G-104,124.66456095629485,798.8717784068418,False,False,False,rejected,geometry_gate_rejected,
d5_cv_5v5_multicamera_formal_20260716_yolo_bytetrack:0013:D5_Primary_4:0,3.25,INT-04,D5_Primary_4:0,D5_Primary_4:0/yolov8_bytetrack:track:43,G-102,G-103,30.075929284510885,392.38678311172697,False,False,False,rejected,geometry_gate_rejected,
d5_cv_5v5_multicamera_formal_20260716_yolo_bytetrack:0013:D5_Primary_4:0,3.25,INT-04,D5_Primary_4:0,D5_Primary_4:0/yolov8_bytetrack:track:1,G-103,G-104,29.027418507973856,384.12436123327694,False,False,False,rejected,geometry_gate_rejected,
d5_cv_5v5_multicamera_formal_20260716_yolo_bytetrack:0013:D5_Primary_4:0,3.25,INT-04,D5_Primary_4:0,D5_Primary_4:0/yolov8_bytetrack:track:43,G-103,G-103,0.11851699736291121,24.540504178593153,True,True,False,candidate,stability_window_failed,True
d5_cv_5v5_multicamera_formal_20260716_yolo_bytetrack:0013:D5_Primary_4:0,3.25,INT-04,D5_Primary_4:0,D5_Primary_4:0/yolov8_bytetrack:track:1,G-104,G-104,0.006172996196573654,5.596585827533427,True,True,True,registered,registered_to_global_track,True
d5_cv_5v5_multicamera_formal_20260716_yolo_bytetrack:0013:D5_Primary_4:0,3.25,INT-04,D5_Primary_4:0,D5_Primary_4:0/yolov8_bytetrack:track:43,G-104,G-103,33.37803059770667,411.53380824990626,False,False,False,rejected,geometry_gate_rejected,
d5_cv_5v5_multicamera_formal_20260716_yolo_bytetrack:0013:D5_Primary_4:0,3.25,INT-04,D5_Primary_4:0,D5_Primary_4:0/yolov8_bytetrack:track:1,G-105,G-104,29.80846296143817,389.2374093439619,False,False,False,rejected,geometry_gate_rejected,
d5_cv_5v5_multicamera_formal_20260716_yolo_bytetrack:0013:D5_Primary_4:0,3.25,INT-04,D5_Primary_4:0,D5_Primary_4:0/yolov8_bytetrack:track:43,G-105,G-103,124.60593038688643,795.8186937181837,False,False,False,rejected,geometry_gate_rejected,
d5_cv_5v5_multicamera_formal_20260716_yolo_bytetrack:0013:D5_Primary_5:0,3.25,INT-05,D5_Primary_5:0,D5_Primary_5:0/yolov8_bytetrack:track:1,G-101,G-105,,1544.5001866991377,False,False,False,rejected,projection_invalid,
d5_cv_5v5_multicamera_formal_20260716_yolo_bytetrack:0013:D5_Primary_5:0,3.25,INT-05,D5_Primary_5:0,D5_Primary_5:0/yolov8_bytetrack:track:2,G-101,G-104,,1145.0014980882406,False,False,False,rejected,projection_invalid,
d5_cv_5v5_multicamera_formal_20260716_yolo_bytetrack:0013:D5_Primary_5:0,3.25,INT-05,D5_Primary_5:0,D5_Primary_5:0/yolov8_bytetrack:track:1,G-102,G-105,,1175.3651529598726,False,False,False,rejected,projection_invalid,
d5_cv_5v5_multicamera_formal_20260716_yolo_bytetrack:0013:D5_Primary_5:0,3.25,INT-05,D5_Primary_5:0,D5_Primary_5:0/yolov8_bytetrack:track:2,G-102,G-104,,775.8798550201716,False,False,False,rejected,projection_invalid,
d5_cv_5v5_multicamera_formal_20260716_yolo_bytetrack:0013:D5_Primary_5:0,3.25,INT-05,D5_Primary_5:0,D5_Primary_5:0/yolov8_bytetrack:track:1,G-103,G-105,116.22771954543981,770.5779214356497,False,False,False,rejected,geometry_gate_rejected,
d5_cv_5v5_multicamera_formal_20260716_yolo_bytetrack:0013:D5_Primary_5:0,3.25,INT-05,D5_Primary_5:0,D5_Primary_5:0/yolov8_bytetrack:track:2,G-103,G-104,26.956377796062515,371.1011831915562,False,False,False,rejected,geometry_gate_rejected,
d5_cv_5v5_multicamera_formal_20260716_yolo_bytetrack:0013:D5_Primary_5:0,3.25,INT-05,D5_Primary_5:0,D5_Primary_5:0/yolov8_bytetrack:track:1,G-104,G-105,29.91207197246511,389.9004626967686,False,False,False,rejected,geometry_gate_rejected,
d5_cv_5v5_multicamera_formal_20260716_yolo_bytetrack:0013:D5_Primary_5:0,3.25,INT-05,D5_Primary_5:0,D5_Primary_5:0/yolov8_bytetrack:track:2,G-104,G-104,0.01815766642375752,9.60638041576459,True,True,True,registered,registered_to_global_track,True
d5_cv_5v5_multicamera_formal_20260716_yolo_bytetrack:0013:D5_Primary_5:0,3.25,INT-05,D5_Primary_5:0,D5_Primary_5:0/yolov8_bytetrack:track:1,G-105,G-105,0.014354929969949524,8.532923930474098,True,True,True,registered,registered_to_global_track,True
d5_cv_5v5_multicamera_formal_20260716_yolo_bytetrack:0013:D5_Primary_5:0,3.25,INT-05,D5_Primary_5:0,D5_Primary_5:0/yolov8_bytetrack:track:2,G-105,G-104,30.429907080158,392.86890798322867,False,False,False,rejected,geometry_gate_rejected,
d5_cv_5v5_multicamera_formal_20260716_yolo_bytetrack:0013:D5_Recon_1:0,3.25,RECON-01,D5_Recon_1:0,D5_Recon_1:0:det:0001,G-101,G-101,5.872274857893083e-05,1.063750976575823,True,True,True,registered,registered_to_global_track,True
d5_cv_5v5_multicamera_formal_20260716_yolo_bytetrack:0013:D5_Recon_1:0,3.25,RECON-01,D5_Recon_1:0,D5_Recon_1:0:det:0002,G-101,G-102,6.6528267007483946,358.04714912052225,True,False,False,candidate,,
d5_cv_5v5_multicamera_formal_20260716_yolo_bytetrack:0013:D5_Recon_1:0,3.25,RECON-01,D5_Recon_1:0,D5_Recon_1:0:det:0003,G-101,G-103,26.70700360697947,717.3807145533153,False,False,False,rejected,geometry_gate_rejected,
d5_cv_5v5_multicamera_formal_20260716_yolo_bytetrack:0013:D5_Recon_1:0,3.25,RECON-01,D5_Recon_1:0,D5_Recon_1:0:det:0004,G-101,G-104,60.150766000031595,1076.6082312686976,False,False,False,rejected,geometry_gate_rejected,
d5_cv_5v5_multicamera_formal_20260716_yolo_bytetrack:0013:D5_Recon_1:0,3.25,RECON-01,D5_Recon_1:0,D5_Recon_1:0:det:0005,G-101,G-105,106.92316619783216,1435.4002582791243,False,False,False,rejected,geometry_gate_rejected,
d5_cv_5v5_multicamera_formal_20260716_yolo_bytetrack:0013:D5_Recon_1:0,3.25,RECON-01,D5_Recon_1:0,D5_Recon_1:0:det:0001,G-102,G-101,6.519433162345278,354.3578097286084,True,False,False,candidate,,
d5_cv_5v5_multicamera_formal_20260716_yolo_bytetrack:0013:D5_Recon_1:0,3.25,RECON-01,D5_Recon_1:0,D5_Recon_1:0:det:0002,G-102,G-102,0.00331329396586081,7.988105734722986,True,True,True,registered,registered_to_global_track,True
d5_cv_5v5_multicamera_formal_20260716_yolo_bytetrack:0013:D5_Recon_1:0,3.25,RECON-01,D5_Recon_1:0,D5_Recon_1:0:det:0003,G-102,G-103,6.886557715151173,364.19856681039306,True,False,False,candidate,,
d5_cv_5v5_multicamera_formal_20260716_yolo_bytetrack:0013:D5_Recon_1:0,3.25,RECON-01,D5_Recon_1:0,D5_Recon_1:0:det:0004,G-102,G-104,27.169444232862393,723.3983458332201,False,False,False,rejected,geometry_gate_rejected,
d5_cv_5v5_multicamera_formal_20260716_yolo_bytetrack:0013:D5_Recon_1:0,3.25,RECON-01,D5_Recon_1:0,D5_Recon_1:0:det:0005,G-102,G-105,60.80308580414651,1082.1810932143696,False,False,False,rejected,geometry_gate_rejected,
d5_cv_5v5_multicamera_formal_20260716_yolo_bytetrack:0013:D5_Recon_1:0,3.25,RECON-01,D5_Recon_1:0,D5_Recon_1:0:det:0001,G-103,G-101,27.560884500649454,728.5173519963356,False,False,False,rejected,geometry_gate_rejected,
d5_cv_5v5_multicamera_formal_20260716_yolo_bytetrack:0013:D5_Recon_1:0,3.25,RECON-01,D5_Recon_1:0,D5_Recon_1:0:det:0002,G-103,G-102,7.0863940913992245,369.4077268025702,True,False,False,candidate,,
d5_cv_5v5_multicamera_formal_20260716_yolo_bytetrack:0013:D5_Recon_1:0,3.25,RECON-01,D5_Recon_1:0,D5_Recon_1:0:det:0003,G-103,G-103,0.005274695636705896,10.078410123559868,True,True,True,registered,registered_to_global_track,True
d5_cv_5v5_multicamera_formal_20260716_yolo_bytetrack:0013:D5_Recon_1:0,3.25,RECON-01,D5_Recon_1:0,D5_Recon_1:0:det:0004,G-103,G-104,6.3306223838256965,349.15360405689717,True,False,False,candidate,,
d5_cv_5v5_multicamera_formal_20260716_yolo_bytetrack:0013:D5_Recon_1:0,3.25,RECON-01,D5_Recon_1:0,D5_Recon_1:0:det:0005,G-103,G-105,26.026338874084768,707.945564152868,False,False,False,rejected,geometry_gate_rejected,
d5_cv_5v5_multicamera_formal_20260716_yolo_bytetrack:0013:D5_Recon_1:0,3.25,RECON-01,D5_Recon_1:0,D5_Recon_1:0:det:0001,G-104,G-101,60.67682676006666,1081.016873997879,False,False,False,rejected,geometry_gate_rejected,
d5_cv_5v5_multicamera_formal_20260716_yolo_bytetrack:0013:D5_Recon_1:0,3.25,RECON-01,D5_Recon_1:0,D5_Recon_1:0:det:0002,G-104,G-102,27.059977371657858,721.9128275427437,False,False,False,rejected,geometry_gate_rejected,
d5_cv_5v5_multicamera_formal_20260716_yolo_bytetrack:0013:D5_Recon_1:0,3.25,RECON-01,D5_Recon_1:0,D5_Recon_1:0:det:0003,G-104,G-103,6.826590409763666,362.5959666953334,True,False,False,candidate,,
d5_cv_5v5_multicamera_formal_20260716_yolo_bytetrack:0013:D5_Recon_1:0,3.25,RECON-01,D5_Recon_1:0,D5_Recon_1:0:det:0004,G-104,G-104,0.001841354170301773,5.954767933693382,True,True,True,registered,registered_to_global_track,True
d5_cv_5v5_multicamera_formal_20260716_yolo_bytetrack:0013:D5_Recon_1:0,3.25,RECON-01,D5_Recon_1:0,D5_Recon_1:0:det:0005,G-104,G-105,6.5616996262870275,355.4914757628679,True,False,False,candidate,,
d5_cv_5v5_multicamera_formal_20260716_yolo_bytetrack:0013:D5_Recon_1:0,3.25,RECON-01,D5_Recon_1:0,D5_Recon_1:0:det:0001,G-105,G-101,106.14542607058057,1430.1459996023384,False,False,False,rejected,geometry_gate_rejected,
d5_cv_5v5_multicamera_formal_20260716_yolo_bytetrack:0013:D5_Recon_1:0,3.25,RECON-01,D5_Recon_1:0,D5_Recon_1:0:det:0002,G-105,G-102,59.531797869936504,1071.0364041609541,False,False,False,rejected,geometry_gate_rejected,
d5_cv_5v5_multicamera_formal_20260716_yolo_bytetrack:0013:D5_Recon_1:0,3.25,RECON-01,D5_Recon_1:0,D5_Recon_1:0:det:0003,G-105,G-103,26.286825817590003,711.7030173846831,False,False,False,rejected,geometry_gate_rejected,
d5_cv_5v5_multicamera_formal_20260716_yolo_bytetrack:0013:D5_Recon_1:0,3.25,RECON-01,D5_Recon_1:0,D5_Recon_1:0:det:0004,G-105,G-104,6.447624849128215,352.4760503755513,True,False,False,candidate,,
d5_cv_5v5_multicamera_formal_20260716_yolo_bytetrack:0013:D5_Recon_1:0,3.25,RECON-01,D5_Recon_1:0,D5_Recon_1:0:det:0005,G-105,G-105,0.002110215434359082,6.376618432688099,True,True,True,registered,registered_to_global_track,True
d5_cv_5v5_multicamera_formal_20260716_yolo_bytetrack:0014:D5_Primary_1:0,3.5,INT-01,D5_Primary_1:0,D5_Primary_1:0/yolov8_bytetrack:track:1,G-101,G-101,0.01043276118428073,7.275051139233967,True,True,True,registered,registered_to_global_track,True
d5_cv_5v5_multicamera_formal_20260716_yolo_bytetrack:0014:D5_Primary_1:0,3.5,INT-01,D5_Primary_1:0,D5_Primary_1:0/yolov8_bytetrack:track:2,G-101,G-103,114.11897907005273,760.8786555908105,False,False,False,rejected,geometry_gate_rejected,
d5_cv_5v5_multicamera_formal_20260716_yolo_bytetrack:0014:D5_Primary_1:0,3.5,INT-01,D5_Primary_1:0,D5_Primary_1:0/yolov8_bytetrack:track:15,G-101,G-102,29.395445169273316,386.1681742895584,False,False,False,rejected,geometry_gate_rejected,
d5_cv_5v5_multicamera_formal_20260716_yolo_bytetrack:0014:D5_Primary_1:0,3.5,INT-01,D5_Primary_1:0,D5_Primary_1:0/yolov8_bytetrack:track:1,G-102,G-101,28.68921045314122,381.69775849041,False,False,False,rejected,geometry_gate_rejected,
d5_cv_5v5_multicamera_formal_20260716_yolo_bytetrack:0014:D5_Primary_1:0,3.5,INT-01,D5_Primary_1:0,D5_Primary_1:0/yolov8_bytetrack:track:2,G-102,G-103,28.461355355667774,380.17736716038064,False,False,False,rejected,geometry_gate_rejected,
d5_cv_5v5_multicamera_formal_20260716_yolo_bytetrack:0014:D5_Primary_1:0,3.5,INT-01,D5_Primary_1:0,D5_Primary_1:0/yolov8_bytetrack:track:15,G-102,G-102,0.04390253432357276,14.918122369481877,True,True,True,registered,registered_to_global_track,True
d5_cv_5v5_multicamera_formal_20260716_yolo_bytetrack:0014:D5_Primary_1:0,3.5,INT-01,D5_Primary_1:0,D5_Primary_1:0/yolov8_bytetrack:track:1,G-103,G-101,114.77395396003253,764.9492759491383,False,False,False,rejected,geometry_gate_rejected,
d5_cv_5v5_multicamera_formal_20260716_yolo_bytetrack:0014:D5_Primary_1:0,3.5,INT-01,D5_Primary_1:0,D5_Primary_1:0/yolov8_bytetrack:track:2,G-103,G-103,0.015669405556346196,8.909628455642654,True,True,True,registered,registered_to_global_track,True
d5_cv_5v5_multicamera_formal_20260716_yolo_bytetrack:0014:D5_Primary_1:0,3.5,INT-01,D5_Primary_1:0,D5_Primary_1:0/yolov8_bytetrack:track:15,G-103,G-102,28.07706073074747,378.3436258293398,False,False,False,rejected,geometry_gate_rejected,
d5_cv_5v5_multicamera_formal_20260716_yolo_bytetrack:0014:D5_Primary_1:0,3.5,INT-01,D5_Primary_1:0,D5_Primary_1:0/yolov8_bytetrack:track:1,G-104,G-101,,1121.0174458513486,False,False,False,rejected,projection_invalid,
d5_cv_5v5_multicamera_formal_20260716_yolo_bytetrack:0014:D5_Primary_1:0,3.5,INT-01,D5_Primary_1:0,D5_Primary_1:0/yolov8_bytetrack:track:2,G-104,G-103,,359.56903182685977,False,False,False,rejected,projection_invalid,
d5_cv_5v5_multicamera_formal_20260716_yolo_bytetrack:0014:D5_Primary_1:0,3.5,INT-01,D5_Primary_1:0,D5_Primary_1:0/yolov8_bytetrack:track:15,G-104,G-102,,734.3407472406018,False,False,False,rejected,projection_invalid,
d5_cv_5v5_multicamera_formal_20260716_yolo_bytetrack:0014:D5_Primary_1:0,3.5,INT-01,D5_Primary_1:0,D5_Primary_1:0/yolov8_bytetrack:track:1,G-105,G-101,,1453.2557660890714,False,False,False,rejected,projection_invalid,
d5_cv_5v5_multicamera_formal_20260716_yolo_bytetrack:0014:D5_Primary_1:0,3.5,INT-01,D5_Primary_1:0,D5_Primary_1:0/yolov8_bytetrack:track:2,G-105,G-103,,691.8118079890475,False,False,False,rejected,projection_invalid,
d5_cv_5v5_multicamera_formal_20260716_yolo_bytetrack:0014:D5_Primary_1:0,3.5,INT-01,D5_Primary_1:0,D5_Primary_1:0/yolov8_bytetrack:track:15,G-105,G-102,,1066.582905559747,False,False,False,rejected,projection_invalid,
d5_cv_5v5_multicamera_formal_20260716_yolo_bytetrack:0014:D5_Primary_2:0,3.5,INT-02,D5_Primary_2:0,D5_Primary_2:0/yolov8_bytetrack:track:1,G-101,G-102,31.05236144794482,397.5042782649202,False,False,False,rejected,geometry_gate_rejected,
d5_cv_5v5_multicamera_formal_20260716_yolo_bytetrack:0014:D5_Primary_2:0,3.5,INT-02,D5_Primary_2:0,D5_Primary_2:0/yolov8_bytetrack:track:2,G-101,G-101,0.011810738743035554,7.744097493779285,True,True,False,candidate,stability_window_failed,True
d5_cv_5v5_multicamera_formal_20260716_yolo_bytetrack:0014:D5_Primary_2:0,3.5,INT-02,D5_Primary_2:0,D5_Primary_2:0/yolov8_bytetrack:track:38,G-101,,0.01777297131272067,9.501122566803677,True,False,False,candidate,,
d5_cv_5v5_multicamera_formal_20260716_yolo_bytetrack:0014:D5_Primary_2:0,3.5,INT-02,D5_Primary_2:0,D5_Primary_2:0/yolov8_bytetrack:track:5,G-101,G-103,121.32633649281274,785.7276067037811,False,False,False,rejected,geometry_gate_rejected,
d5_cv_5v5_multicamera_formal_20260716_yolo_bytetrack:0014:D5_Primary_2:0,3.5,INT-02,D5_Primary_2:0,D5_Primary_2:0/yolov8_bytetrack:track:1,G-102,G-102,0.04115973462015675,14.452556926723549,True,True,True,registered,registered_to_global_track,True
d5_cv_5v5_multicamera_formal_20260716_yolo_bytetrack:0014:D5_Primary_2:0,3.5,INT-02,D5_Primary_2:0,D5_Primary_2:0/yolov8_bytetrack:track:2,G-102,G-101,30.131327488125216,391.03633646706464,False,False,False,rejected,geometry_gate_rejected,
d5_cv_5v5_multicamera_formal_20260716_yolo_bytetrack:0014:D5_Primary_2:0,3.5,INT-02,D5_Primary_2:0,D5_Primary_2:0/yolov8_bytetrack:track:38,G-102,,30.74800203325649,395.017588116117,False,False,False,rejected,geometry_gate_rejected,
d5_cv_5v5_multicamera_formal_20260716_yolo_bytetrack:0014:D5_Primary_2:0,3.5,INT-02,D5_Primary_2:0,D5_Primary_2:0/yolov8_bytetrack:track:5,G-102,G-103,30.725088914163436,394.8703863717893,False,False,False,rejected,geometry_gate_rejected,
d5_cv_5v5_multicamera_formal_20260716_yolo_bytetrack:0014:D5_Primary_2:0,3.5,INT-02,D5_Primary_2:0,D5_Primary_2:0/yolov8_bytetrack:track:1,G-103,G-102,30.8494519443374,395.8410228895856,False,False,False,rejected,geometry_gate_rejected,
d5_cv_5v5_multicamera_formal_20260716_yolo_bytetrack:0014:D5_Primary_2:0,3.5,INT-02,D5_Primary_2:0,D5_Primary_2:0/yolov8_bytetrack:track:2,G-103,G-101,123.80090336854079,792.9739918484332,False,False,False,rejected,geometry_gate_rejected,
d5_cv_5v5_multicamera_formal_20260716_yolo_bytetrack:0014:D5_Primary_2:0,3.5,INT-02,D5_Primary_2:0,D5_Primary_2:0/yolov8_bytetrack:track:38,G-103,,125.04030449386335,796.9334525224308,False,False,False,rejected,geometry_gate_rejected,
d5_cv_5v5_multicamera_formal_20260716_yolo_bytetrack:0014:D5_Primary_2:0,3.5,INT-02,D5_Primary_2:0,D5_Primary_2:0/yolov8_bytetrack:track:5,G-103,G-103,0.030205151176255038,12.378137143617938,True,True,True,registered,registered_to_global_track,True
d5_cv_5v5_multicamera_formal_20260716_yolo_bytetrack:0014:D5_Primary_2:0,3.5,INT-02,D5_Primary_2:0,D5_Primary_2:0/yolov8_bytetrack:track:1,G-104,G-102,116.17847173138095,770.1219227021086,False,False,False,rejected,geometry_gate_rejected,
d5_cv_5v5_multicamera_formal_20260716_yolo_bytetrack:0014:D5_Primary_2:0,3.5,INT-02,D5_Primary_2:0,D5_Primary_2:0/yolov8_bytetrack:track:2,G-104,G-101,266.9122496143777,1167.295764976196,False,False,False,rejected,geometry_gate_rejected,
d5_cv_5v5_multicamera_formal_20260716_yolo_bytetrack:0014:D5_Primary_2:0,3.5,INT-02,D5_Primary_2:0,D5_Primary_2:0/yolov8_bytetrack:track:38,G-104,,268.72153816124967,1171.245386931677,False,False,False,rejected,geometry_gate_rejected,
d5_cv_5v5_multicamera_formal_20260716_yolo_bytetrack:0014:D5_Primary_2:0,3.5,INT-02,D5_Primary_2:0,D5_Primary_2:0/yolov8_bytetrack:track:5,G-104,G-103,28.567862903166684,381.8875300684864,False,False,False,rejected,geometry_gate_rejected,
d5_cv_5v5_multicamera_formal_20260716_yolo_bytetrack:0014:D5_Primary_2:0,3.5,INT-02,D5_Primary_2:0,D5_Primary_2:0/yolov8_bytetrack:track:1,G-105,G-102,,1125.9081538067558,False,False,False,rejected,projection_invalid,
d5_cv_5v5_multicamera_formal_20260716_yolo_bytetrack:0014:D5_Primary_2:0,3.5,INT-02,D5_Primary_2:0,D5_Primary_2:0/yolov8_bytetrack:track:2,G-105,G-101,,1523.0810389220096,False,False,False,rejected,projection_invalid,
d5_cv_5v5_multicamera_formal_20260716_yolo_bytetrack:0014:D5_Primary_2:0,3.5,INT-02,D5_Primary_2:0,D5_Primary_2:0/yolov8_bytetrack:track:38,G-105,,,1527.0321096600028,False,False,False,rejected,projection_invalid,
d5_cv_5v5_multicamera_formal_20260716_yolo_bytetrack:0014:D5_Primary_2:0,3.5,INT-02,D5_Primary_2:0,D5_Primary_2:0/yolov8_bytetrack:track:5,G-105,G-103,,737.6786224586285,False,False,False,rejected,projection_invalid,
d5_cv_5v5_multicamera_formal_20260716_yolo_bytetrack:0014:D5_Primary_3:0,3.5,INT-03,D5_Primary_3:0,D5_Primary_3:0/yolov8_bytetrack:track:1,G-101,G-103,122.77087133815255,792.9509359197817,False,False,False,rejected,geometry_gate_rejected,
d5_cv_5v5_multicamera_formal_20260716_yolo_bytetrack:0014:D5_Primary_3:0,3.5,INT-03,D5_Primary_3:0,D5_Primary_3:0/yolov8_bytetrack:track:12,G-101,G-104,274.38145723322424,1185.430296152728,False,False,False,rejected,geometry_gate_rejected,
d5_cv_5v5_multicamera_formal_20260716_yolo_bytetrack:0014:D5_Primary_3:0,3.5,INT-03,D5_Primary_3:0,D5_Primary_3:0/yolov8_bytetrack:track:1,G-102,G-103,31.694919824810892,401.57992478682286,False,False,False,rejected,geometry_gate_rejected,
d5_cv_5v5_multicamera_formal_20260716_yolo_bytetrack:0014:D5_Primary_3:0,3.5,INT-03,D5_Primary_3:0,D5_Primary_3:0/yolov8_bytetrack:track:12,G-102,G-104,123.90176485514785,793.991443575191,False,False,False,rejected,geometry_gate_rejected,
d5_cv_5v5_multicamera_formal_20260716_yolo_bytetrack:0014:D5_Primary_3:0,3.5,INT-03,D5_Primary_3:0,D5_Primary_3:0/yolov8_bytetrack:track:1,G-103,G-103,0.033941189817894825,13.12154066312021,True,True,True,registered,registered_to_global_track,True
d5_cv_5v5_multicamera_formal_20260716_yolo_bytetrack:0014:D5_Primary_3:0,3.5,INT-03,D5_Primary_3:0,D5_Primary_3:0/yolov8_bytetrack:track:12,G-103,G-104,28.830296684811643,382.4244320518711,False,False,False,rejected,geometry_gate_rejected,
d5_cv_5v5_multicamera_formal_20260716_yolo_bytetrack:0014:D5_Primary_3:0,3.5,INT-03,D5_Primary_3:0,D5_Primary_3:0/yolov8_bytetrack:track:1,G-104,G-103,30.648653861641677,394.6772448553646,False,False,False,rejected,geometry_gate_rejected,
d5_cv_5v5_multicamera_formal_20260716_yolo_bytetrack:0014:D5_Primary_3:0,3.5,INT-03,D5_Primary_3:0,D5_Primary_3:0/yolov8_bytetrack:track:12,G-104,G-104,0.0028244869521561865,3.7862172118466804,True,True,True,registered,registered_to_global_track,True
d5_cv_5v5_multicamera_formal_20260716_yolo_bytetrack:0014:D5_Primary_3:0,3.5,INT-03,D5_Primary_3:0,D5_Primary_3:0/yolov8_bytetrack:track:1,G-105,G-103,115.25422546880021,767.2620644888738,False,False,False,rejected,geometry_gate_rejected,
d5_cv_5v5_multicamera_formal_20260716_yolo_bytetrack:0014:D5_Primary_3:0,3.5,INT-03,D5_Primary_3:0,D5_Primary_3:0/yolov8_bytetrack:track:12,G-105,G-104,27.505923977709436,374.82471961047196,False,False,False,rejected,geometry_gate_rejected,
d5_cv_5v5_multicamera_formal_20260716_yolo_bytetrack:0014:D5_Primary_4:0,3.5,INT-04,D5_Primary_4:0,D5_Primary_4:0/yolov8_bytetrack:track:1,G-101,G-104,,1174.1378453255204,False,False,False,rejected,projection_invalid,
d5_cv_5v5_multicamera_formal_20260716_yolo_bytetrack:0014:D5_Primary_4:0,3.5,INT-04,D5_Primary_4:0,D5_Primary_4:0/yolov8_bytetrack:track:2,G-101,G-103,,796.9271811821013,False,False,False,rejected,projection_invalid,
d5_cv_5v5_multicamera_formal_20260716_yolo_bytetrack:0014:D5_Primary_4:0,3.5,INT-04,D5_Primary_4:0,D5_Primary_4:0/yolov8_bytetrack:track:7,G-101,G-105,,1571.3830402993522,False,False,False,rejected,projection_invalid,
d5_cv_5v5_multicamera_formal_20260716_yolo_bytetrack:0014:D5_Primary_4:0,3.5,INT-04,D5_Primary_4:0,D5_Primary_4:0/yolov8_bytetrack:track:1,G-102,G-104,122.4051146605964,791.5207917128187,False,False,False,rejected,geometry_gate_rejected,
d5_cv_5v5_multicamera_formal_20260716_yolo_bytetrack:0014:D5_Primary_4:0,3.5,INT-04,D5_Primary_4:0,D5_Primary_4:0/yolov8_bytetrack:track:2,G-102,G-103,33.549480794865616,414.38591391509414,False,False,False,rejected,geometry_gate_rejected,
d5_cv_5v5_multicamera_formal_20260716_yolo_bytetrack:0014:D5_Primary_4:0,3.5,INT-04,D5_Primary_4:0,D5_Primary_4:0/yolov8_bytetrack:track:7,G-102,G-105,276.08603413313597,1188.734186994264,False,False,False,rejected,geometry_gate_rejected,
d5_cv_5v5_multicamera_formal_20260716_yolo_bytetrack:0014:D5_Primary_4:0,3.5,INT-04,D5_Primary_4:0,D5_Primary_4:0/yolov8_bytetrack:track:1,G-103,G-104,28.465445547265958,380.3759585090239,False,False,False,rejected,geometry_gate_rejected,
d5_cv_5v5_multicamera_formal_20260716_yolo_bytetrack:0014:D5_Primary_4:0,3.5,INT-04,D5_Primary_4:0,D5_Primary_4:0/yolov8_bytetrack:track:2,G-103,G-103,0.017167226561559643,9.332979611279201,True,True,True,registered,registered_to_global_track,True
d5_cv_5v5_multicamera_formal_20260716_yolo_bytetrack:0014:D5_Primary_4:0,3.5,INT-04,D5_Primary_4:0,D5_Primary_4:0/yolov8_bytetrack:track:7,G-103,G-105,118.95047604071553,777.5657831857139,False,False,False,rejected,geometry_gate_rejected,
d5_cv_5v5_multicamera_formal_20260716_yolo_bytetrack:0014:D5_Primary_4:0,3.5,INT-04,D5_Primary_4:0,D5_Primary_4:0/yolov8_bytetrack:track:1,G-104,G-104,0.006845526685322812,5.893531107368599,True,True,True,registered,registered_to_global_track,True
d5_cv_5v5_multicamera_formal_20260716_yolo_bytetrack:0014:D5_Primary_4:0,3.5,INT-04,D5_Primary_4:0,D5_Primary_4:0/yolov8_bytetrack:track:2,G-104,G-103,28.815186735031165,382.36916647448163,False,False,False,rejected,geometry_gate_rejected,
d5_cv_5v5_multicamera_formal_20260716_yolo_bytetrack:0014:D5_Primary_4:0,3.5,INT-04,D5_Primary_4:0,D5_Primary_4:0/yolov8_bytetrack:track:7,G-104,G-105,30.30242367840273,392.1126272691093,False,False,False,rejected,geometry_gate_rejected,
d5_cv_5v5_multicamera_formal_20260716_yolo_bytetrack:0014:D5_Primary_4:0,3.5,INT-04,D5_Primary_4:0,D5_Primary_4:0/yolov8_bytetrack:track:1,G-105,G-104,29.31630287050067,386.0030896976106,False,False,False,rejected,geometry_gate_rejected,
d5_cv_5v5_multicamera_formal_20260716_yolo_bytetrack:0014:D5_Primary_4:0,3.5,INT-04,D5_Primary_4:0,D5_Primary_4:0/yolov8_bytetrack:track:2,G-105,G-103,114.60089477003721,763.1856271422331,False,False,False,rejected,geometry_gate_rejected,
d5_cv_5v5_multicamera_formal_20260716_yolo_bytetrack:0014:D5_Primary_4:0,3.5,INT-04,D5_Primary_4:0,D5_Primary_4:0/yolov8_bytetrack:track:7,G-105,G-105,0.03339519417922056,13.024720676267917,True,True,True,registered,registered_to_global_track,True
d5_cv_5v5_multicamera_formal_20260716_yolo_bytetrack:0014:D5_Primary_5:0,3.5,INT-05,D5_Primary_5:0,D5_Primary_5:0/yolov8_bytetrack:track:1,G-101,G-105,,1529.1320581544621,False,False,False,rejected,projection_invalid,
d5_cv_5v5_multicamera_formal_20260716_yolo_bytetrack:0014:D5_Primary_5:0,3.5,INT-05,D5_Primary_5:0,D5_Primary_5:0/yolov8_bytetrack:track:2,G-101,G-104,,1147.0095377049222,False,False,False,rejected,projection_invalid,
d5_cv_5v5_multicamera_formal_20260716_yolo_bytetrack:0014:D5_Primary_5:0,3.5,INT-05,D5_Primary_5:0,D5_Primary_5:0/yolov8_bytetrack:track:1,G-102,G-105,,1164.0980095817663,False,False,False,rejected,projection_invalid,
d5_cv_5v5_multicamera_formal_20260716_yolo_bytetrack:0014:D5_Primary_5:0,3.5,INT-05,D5_Primary_5:0,D5_Primary_5:0/yolov8_bytetrack:track:2,G-102,G-104,,781.9954445776082,False,False,False,rejected,projection_invalid,
d5_cv_5v5_multicamera_formal_20260716_yolo_bytetrack:0014:D5_Primary_5:0,3.5,INT-05,D5_Primary_5:0,D5_Primary_5:0/yolov8_bytetrack:track:1,G-103,G-105,114.07504871174412,763.3316278373297,False,False,False,rejected,geometry_gate_rejected,
d5_cv_5v5_multicamera_formal_20260716_yolo_bytetrack:0014:D5_Primary_5:0,3.5,INT-05,D5_Primary_5:0,D5_Primary_5:0/yolov8_bytetrack:track:2,G-103,G-104,28.455323206573777,381.24092036298407,False,False,False,rejected,geometry_gate_rejected,
d5_cv_5v5_multicamera_formal_20260716_yolo_bytetrack:0014:D5_Primary_5:0,3.5,INT-05,D5_Primary_5:0,D5_Primary_5:0/yolov8_bytetrack:track:1,G-104,G-105,29.377462795010754,386.3887087643063,False,False,False,rejected,geometry_gate_rejected,
d5_cv_5v5_multicamera_formal_20260716_yolo_bytetrack:0014:D5_Primary_5:0,3.5,INT-05,D5_Primary_5:0,D5_Primary_5:0/yolov8_bytetrack:track:2,G-104,G-104,0.0038534674626760656,4.4249764328067345,True,True,True,registered,registered_to_global_track,True
d5_cv_5v5_multicamera_formal_20260716_yolo_bytetrack:0014:D5_Primary_5:0,3.5,INT-05,D5_Primary_5:0,D5_Primary_5:0/yolov8_bytetrack:track:1,G-105,G-105,0.014591756534959865,8.603028532066173,True,True,True,registered,registered_to_global_track,True
d5_cv_5v5_multicamera_formal_20260716_yolo_bytetrack:0014:D5_Primary_5:0,3.5,INT-05,D5_Primary_5:0,D5_Primary_5:0/yolov8_bytetrack:track:2,G-105,G-104,27.798411513568713,375.4979547530815,False,False,False,rejected,geometry_gate_rejected,
d5_cv_5v5_multicamera_formal_20260716_yolo_bytetrack:0014:D5_Recon_1:0,3.5,RECON-01,D5_Recon_1:0,D5_Recon_1:0:det:0001,G-101,G-101,6.062424765145234e-05,1.0808294417708149,True,True,True,registered,registered_to_global_track,True
d5_cv_5v5_multicamera_formal_20260716_yolo_bytetrack:0014:D5_Recon_1:0,3.5,RECON-01,D5_Recon_1:0,D5_Recon_1:0:det:0002,G-101,G-102,6.536104134743856,354.8898725353285,True,False,False,candidate,,
d5_cv_5v5_multicamera_formal_20260716_yolo_bytetrack:0014:D5_Recon_1:0,3.5,RECON-01,D5_Recon_1:0,D5_Recon_1:0:det:0003,G-101,G-103,26.239651644783073,711.0713115491096,False,False,False,rejected,geometry_gate_rejected,
d5_cv_5v5_multicamera_formal_20260716_yolo_bytetrack:0014:D5_Recon_1:0,3.5,RECON-01,D5_Recon_1:0,D5_Recon_1:0:det:0004,G-101,G-104,59.09723867196929,1067.1309578025418,False,False,False,rejected,geometry_gate_rejected,
d5_cv_5v5_multicamera_formal_20260716_yolo_bytetrack:0014:D5_Recon_1:0,3.5,RECON-01,D5_Recon_1:0,D5_Recon_1:0:det:0005,G-101,G-105,105.04622241021039,1422.7360771264346,False,False,False,rejected,geometry_gate_rejected,
d5_cv_5v5_multicamera_formal_20260716_yolo_bytetrack:0014:D5_Recon_1:0,3.5,RECON-01,D5_Recon_1:0,D5_Recon_1:0:det:0001,G-102,G-101,6.404576268425048,351.22155561840736,True,False,False,candidate,,
d5_cv_5v5_multicamera_formal_20260716_yolo_bytetrack:0014:D5_Recon_1:0,3.5,RECON-01,D5_Recon_1:0,D5_Recon_1:0:det:0002,G-102,G-102,0.0032793088615588406,7.947021380047618,True,True,True,registered,registered_to_global_track,True
d5_cv_5v5_multicamera_formal_20260716_yolo_bytetrack:0014:D5_Recon_1:0,3.5,RECON-01,D5_Recon_1:0,D5_Recon_1:0:det:0003,G-102,G-103,6.767752084979882,361.04241697996196,True,False,False,candidate,,
d5_cv_5v5_multicamera_formal_20260716_yolo_bytetrack:0014:D5_Recon_1:0,3.5,RECON-01,D5_Recon_1:0,D5_Recon_1:0:det:0004,G-102,G-104,26.696637693864396,717.0745158740693,False,False,False,rejected,geometry_gate_rejected,
d5_cv_5v5_multicamera_formal_20260716_yolo_bytetrack:0014:D5_Recon_1:0,3.5,RECON-01,D5_Recon_1:0,D5_Recon_1:0:det:0005,G-102,G-105,59.739365703501925,1072.6704231915721,False,False,False,rejected,geometry_gate_rejected,
d5_cv_5v5_multicamera_formal_20260716_yolo_bytetrack:0014:D5_Recon_1:0,3.5,RECON-01,D5_Recon_1:0,D5_Recon_1:0:det:0001,G-103,G-101,27.08693708625668,722.2252825695916,False,False,False,rejected,geometry_gate_rejected,
d5_cv_5v5_multicamera_formal_20260716_yolo_bytetrack:0014:D5_Recon_1:0,3.5,RECON-01,D5_Recon_1:0,D5_Recon_1:0:det:0002,G-103,G-102,6.965977330251215,366.25517212498335,True,False,False,candidate,,
d5_cv_5v5_multicamera_formal_20260716_yolo_bytetrack:0014:D5_Recon_1:0,3.5,RECON-01,D5_Recon_1:0,D5_Recon_1:0:det:0003,G-103,G-103,0.005274510495802651,10.078219628625531,True,True,True,registered,registered_to_global_track,True
d5_cv_5v5_multicamera_formal_20260716_yolo_bytetrack:0014:D5_Recon_1:0,3.5,RECON-01,D5_Recon_1:0,D5_Recon_1:0:det:0004,G-103,G-104,6.2163007426814785,345.9861759054113,True,False,False,candidate,,
d5_cv_5v5_multicamera_formal_20260716_yolo_bytetrack:0014:D5_Recon_1:0,3.5,RECON-01,D5_Recon_1:0,D5_Recon_1:0:det:0005,G-103,G-105,25.56129305189893,701.5912235787999,False,False,False,rejected,geometry_gate_rejected,
d5_cv_5v5_multicamera_formal_20260716_yolo_bytetrack:0014:D5_Recon_1:0,3.5,RECON-01,D5_Recon_1:0,D5_Recon_1:0:det:0001,G-104,G-101,59.61855243686251,1071.5451143595644,False,False,False,rejected,geometry_gate_rejected,
d5_cv_5v5_multicamera_formal_20260716_yolo_bytetrack:0014:D5_Recon_1:0,3.5,RECON-01,D5_Recon_1:0,D5_Recon_1:0:det:0002,G-104,G-102,26.58750953865144,715.580632460442,False,False,False,rejected,geometry_gate_rejected,
d5_cv_5v5_multicamera_formal_20260716_yolo_bytetrack:0014:D5_Recon_1:0,3.5,RECON-01,D5_Recon_1:0,D5_Recon_1:0:det:0003,G-104,G-103,6.707418451847462,359.416036391488,True,False,False,candidate,,
d5_cv_5v5_multicamera_formal_20260716_yolo_bytetrack:0014:D5_Recon_1:0,3.5,RECON-01,D5_Recon_1:0,D5_Recon_1:0:det:0004,G-104,G-104,0.001836594399392565,5.947054262371251,True,True,True,registered,registered_to_global_track,True
d5_cv_5v5_multicamera_formal_20260716_yolo_bytetrack:0014:D5_Recon_1:0,3.5,RECON-01,D5_Recon_1:0,D5_Recon_1:0:det:0005,G-104,G-105,6.445079629147261,352.31721650775086,True,False,False,candidate,,
d5_cv_5v5_multicamera_formal_20260716_yolo_bytetrack:0014:D5_Recon_1:0,3.5,RECON-01,D5_Recon_1:0,D5_Recon_1:0:det:0001,G-105,G-101,104.27661703007627,1417.4895166624992,False,False,False,rejected,geometry_gate_rejected,
d5_cv_5v5_multicamera_formal_20260716_yolo_bytetrack:0014:D5_Recon_1:0,3.5,RECON-01,D5_Recon_1:0,D5_Recon_1:0:det:0002,G-105,G-102,58.47942921758042,1061.5194391622247,False,False,False,rejected,geometry_gate_rejected,
d5_cv_5v5_multicamera_formal_20260716_yolo_bytetrack:0014:D5_Recon_1:0,3.5,RECON-01,D5_Recon_1:0,D5_Recon_1:0:det:0003,G-105,G-103,25.819155056829825,705.3381947797275,False,False,False,rejected,geometry_gate_rejected,
d5_cv_5v5_multicamera_formal_20260716_yolo_bytetrack:0014:D5_Recon_1:0,3.5,RECON-01,D5_Recon_1:0,D5_Recon_1:0:det:0004,G-105,G-104,6.331294663769227,349.279142490982,True,False,False,candidate,,
d5_cv_5v5_multicamera_formal_20260716_yolo_bytetrack:0014:D5_Recon_1:0,3.5,RECON-01,D5_Recon_1:0,D5_Recon_1:0:det:0005,G-105,G-105,0.002119563271510829,6.390675426571086,True,True,True,registered,registered_to_global_track,True
d5_cv_5v5_multicamera_formal_20260716_yolo_bytetrack:0015:D5_Primary_1:0,3.75,INT-01,D5_Primary_1:0,D5_Primary_1:0/yolov8_bytetrack:track:1,G-101,G-101,0.010693372299741792,7.365350437323389,True,True,True,registered,registered_to_global_track,True
d5_cv_5v5_multicamera_formal_20260716_yolo_bytetrack:0015:D5_Primary_1:0,3.75,INT-01,D5_Primary_1:0,D5_Primary_1:0/yolov8_bytetrack:track:15,G-101,G-102,28.46802499056645,380.027289213337,False,False,False,rejected,geometry_gate_rejected,
d5_cv_5v5_multicamera_formal_20260716_yolo_bytetrack:0015:D5_Primary_1:0,3.75,INT-01,D5_Primary_1:0,D5_Primary_1:0/yolov8_bytetrack:track:1,G-102,G-101,28.0908025464983,377.67177629503294,False,False,False,rejected,geometry_gate_rejected,
d5_cv_5v5_multicamera_formal_20260716_yolo_bytetrack:0015:D5_Primary_1:0,3.75,INT-01,D5_Primary_1:0,D5_Primary_1:0/yolov8_bytetrack:track:15,G-102,G-102,0.0373149065723011,13.7519216720151,True,True,True,registered,registered_to_global_track,True
d5_cv_5v5_multicamera_formal_20260716_yolo_bytetrack:0015:D5_Primary_1:0,3.75,INT-01,D5_Primary_1:0,D5_Primary_1:0/yolov8_bytetrack:track:1,G-103,G-101,112.20790546772139,756.2148646630258,False,False,False,rejected,geometry_gate_rejected,
d5_cv_5v5_multicamera_formal_20260716_yolo_bytetrack:0015:D5_Primary_1:0,3.75,INT-01,D5_Primary_1:0,D5_Primary_1:0/yolov8_bytetrack:track:15,G-103,G-102,27.710617304475246,375.79958416551307,False,False,False,rejected,geometry_gate_rejected,
d5_cv_5v5_multicamera_formal_20260716_yolo_bytetrack:0015:D5_Primary_1:0,3.75,INT-01,D5_Primary_1:0,D5_Primary_1:0/yolov8_bytetrack:track:1,G-104,G-101,,1107.0101091369652,False,False,False,rejected,projection_invalid,
d5_cv_5v5_multicamera_formal_20260716_yolo_bytetrack:0015:D5_Primary_1:0,3.75,INT-01,D5_Primary_1:0,D5_Primary_1:0/yolov8_bytetrack:track:15,G-104,G-102,,726.5366334196385,False,False,False,rejected,projection_invalid,
d5_cv_5v5_multicamera_formal_20260716_yolo_bytetrack:0015:D5_Primary_1:0,3.75,INT-01,D5_Primary_1:0,D5_Primary_1:0/yolov8_bytetrack:track:1,G-105,G-101,,1433.5759361191233,False,False,False,rejected,projection_invalid,
d5_cv_5v5_multicamera_formal_20260716_yolo_bytetrack:0015:D5_Primary_1:0,3.75,INT-01,D5_Primary_1:0,D5_Primary_1:0/yolov8_bytetrack:track:15,G-105,G-102,,1053.1052358735394,False,False,False,rejected,projection_invalid,
d5_cv_5v5_multicamera_formal_20260716_yolo_bytetrack:0015:D5_Primary_2:0,3.75,INT-02,D5_Primary_2:0,D5_Primary_2:0/yolov8_bytetrack:track:1,G-101,G-102,30.526590681264945,394.12967548419726,False,False,False,rejected,geometry_gate_rejected,
d5_cv_5v5_multicamera_formal_20260716_yolo_bytetrack:0015:D5_Primary_2:0,3.75,INT-02,D5_Primary_2:0,D5_Primary_2:0/yolov8_bytetrack:track:38,G-101,G-101,0.01824265355784373,9.62564710526194,True,True,True,registered,registered_to_global_track,True
d5_cv_5v5_multicamera_formal_20260716_yolo_bytetrack:0015:D5_Primary_2:0,3.75,INT-02,D5_Primary_2:0,D5_Primary_2:0/yolov8_bytetrack:track:11,G-101,G-103,119.57994711944917,780.0620017774904,False,False,False,rejected,geometry_gate_rejected,
d5_cv_5v5_multicamera_formal_20260716_yolo_bytetrack:0015:D5_Primary_2:0,3.75,INT-02,D5_Primary_2:0,D5_Primary_2:0/yolov8_bytetrack:track:3,G-101,G-104,261.1424454202074,1152.7593723431892,False,False,False,rejected,geometry_gate_rejected,
d5_cv_5v5_multicamera_formal_20260716_yolo_bytetrack:0015:D5_Primary_2:0,3.75,INT-02,D5_Primary_2:0,D5_Primary_2:0/yolov8_bytetrack:track:1,G-102,G-102,0.04044116624812269,14.325838658607333,True,True,True,registered,registered_to_global_track,True
d5_cv_5v5_multicamera_formal_20260716_yolo_bytetrack:0015:D5_Primary_2:0,3.75,INT-02,D5_Primary_2:0,D5_Primary_2:0/yolov8_bytetrack:track:38,G-102,G-101,30.157987027173572,391.2091231592308,False,False,False,rejected,geometry_gate_rejected,
d5_cv_5v5_multicamera_formal_20260716_yolo_bytetrack:0015:D5_Primary_2:0,3.75,INT-02,D5_Primary_2:0,D5_Primary_2:0/yolov8_bytetrack:track:11,G-102,G-103,30.34019131373828,392.3891259555324,False,False,False,rejected,geometry_gate_rejected,
d5_cv_5v5_multicamera_formal_20260716_yolo_bytetrack:0015:D5_Primary_2:0,3.75,INT-02,D5_Primary_2:0,D5_Primary_2:0/yolov8_bytetrack:track:3,G-102,G-104,115.32494441335668,765.0140851637988,False,False,False,rejected,geometry_gate_rejected,
d5_cv_5v5_multicamera_formal_20260716_yolo_bytetrack:0015:D5_Primary_2:0,3.75,INT-02,D5_Primary_2:0,D5_Primary_2:0/yolov8_bytetrack:track:1,G-103,G-102,30.287250957848247,392.1980711109908,False,False,False,rejected,geometry_gate_rejected,
d5_cv_5v5_multicamera_formal_20260716_yolo_bytetrack:0015:D5_Primary_2:0,3.75,INT-02,D5_Primary_2:0,D5_Primary_2:0/yolov8_bytetrack:track:38,G-103,G-101,122.6780488854311,789.3305854273683,False,False,False,rejected,geometry_gate_rejected,
d5_cv_5v5_multicamera_formal_20260716_yolo_bytetrack:0015:D5_Primary_2:0,3.75,INT-02,D5_Primary_2:0,D5_Primary_2:0/yolov8_bytetrack:track:11,G-103,G-103,0.019407599428027986,9.9218236646166,True,True,True,registered,registered_to_global_track,True
d5_cv_5v5_multicamera_formal_20260716_yolo_bytetrack:0015:D5_Primary_2:0,3.75,INT-02,D5_Primary_2:0,D5_Primary_2:0/yolov8_bytetrack:track:3,G-103,G-104,26.473080196743265,366.671246474546,False,False,False,rejected,geometry_gate_rejected,
d5_cv_5v5_multicamera_formal_20260716_yolo_bytetrack:0015:D5_Primary_2:0,3.75,INT-02,D5_Primary_2:0,D5_Primary_2:0/yolov8_bytetrack:track:1,G-104,G-102,113.84324312539259,762.2323769972699,False,False,False,rejected,geometry_gate_rejected,
d5_cv_5v5_multicamera_formal_20260716_yolo_bytetrack:0015:D5_Primary_2:0,3.75,INT-02,D5_Primary_2:0,D5_Primary_2:0/yolov8_bytetrack:track:38,G-104,G-101,263.3858250786001,1159.3910897221222,False,False,False,rejected,geometry_gate_rejected,
d5_cv_5v5_multicamera_formal_20260716_yolo_bytetrack:0015:D5_Primary_2:0,3.75,INT-02,D5_Primary_2:0,D5_Primary_2:0/yolov8_bytetrack:track:11,G-104,G-103,27.740334358390804,376.26134891839325,False,False,False,rejected,geometry_gate_rejected,
d5_cv_5v5_multicamera_formal_20260716_yolo_bytetrack:0015:D5_Primary_2:0,3.75,INT-02,D5_Primary_2:0,D5_Primary_2:0/yolov8_bytetrack:track:3,G-104,G-104,0.003125200240474586,3.9905910560347295,True,True,True,registered,registered_to_global_track,True
d5_cv_5v5_multicamera_formal_20260716_yolo_bytetrack:0015:D5_Primary_2:0,3.75,INT-02,D5_Primary_2:0,D5_Primary_2:0/yolov8_bytetrack:track:1,G-105,G-102,,1113.406438357412,False,False,False,rejected,projection_invalid,
d5_cv_5v5_multicamera_formal_20260716_yolo_bytetrack:0015:D5_Primary_2:0,3.75,INT-02,D5_Primary_2:0,D5_Primary_2:0/yolov8_bytetrack:track:38,G-105,G-101,,1510.5662581889428,False,False,False,rejected,projection_invalid,
d5_cv_5v5_multicamera_formal_20260716_yolo_bytetrack:0015:D5_Primary_2:0,3.75,INT-02,D5_Primary_2:0,D5_Primary_2:0/yolov8_bytetrack:track:11,G-105,G-103,,727.4367381414753,False,False,False,rejected,projection_invalid,
d5_cv_5v5_multicamera_formal_20260716_yolo_bytetrack:0015:D5_Primary_2:0,3.75,INT-02,D5_Primary_2:0,D5_Primary_2:0/yolov8_bytetrack:track:3,G-105,G-104,,354.7599130688756,False,False,False,rejected,projection_invalid,
d5_cv_5v5_multicamera_formal_20260716_yolo_bytetrack:0015:D5_Primary_3:0,3.75,INT-03,D5_Primary_3:0,D5_Primary_3:0/yolov8_bytetrack:track:1,G-101,G-103,120.78637496509869,786.5006028649641,False,False,False,rejected,geometry_gate_rejected,
d5_cv_5v5_multicamera_formal_20260716_yolo_bytetrack:0015:D5_Primary_3:0,3.75,INT-03,D5_Primary_3:0,D5_Primary_3:0/yolov8_bytetrack:track:12,G-101,G-104,269.6433599788469,1175.1273809478876,False,False,False,rejected,geometry_gate_rejected,
d5_cv_5v5_multicamera_formal_20260716_yolo_bytetrack:0015:D5_Primary_3:0,3.75,INT-03,D5_Primary_3:0,D5_Primary_3:0/yolov8_bytetrack:track:49,G-101,,474.39274357897483,1558.6876535603928,False,False,False,rejected,geometry_gate_rejected,
d5_cv_5v5_multicamera_formal_20260716_yolo_bytetrack:0015:D5_Primary_3:0,3.75,INT-03,D5_Primary_3:0,D5_Primary_3:0/yolov8_bytetrack:track:2,G-101,G-102,30.414343408854325,394.66541896056947,False,False,False,rejected,geometry_gate_rejected,
d5_cv_5v5_multicamera_formal_20260716_yolo_bytetrack:0015:D5_Primary_3:0,3.75,INT-03,D5_Primary_3:0,D5_Primary_3:0/yolov8_bytetrack:track:1,G-102,G-103,31.147022862786095,398.09501332267814,False,False,False,rejected,geometry_gate_rejected,
d5_cv_5v5_multicamera_formal_20260716_yolo_bytetrack:0015:D5_Primary_3:0,3.75,INT-03,D5_Primary_3:0,D5_Primary_3:0/yolov8_bytetrack:track:12,G-102,G-104,121.61056398362062,786.6182511457833,False,False,False,rejected,geometry_gate_rejected,
d5_cv_5v5_multicamera_formal_20260716_yolo_bytetrack:0015:D5_Primary_3:0,3.75,INT-03,D5_Primary_3:0,D5_Primary_3:0/yolov8_bytetrack:track:49,G-102,,269.1119095068189,1170.1586867966448,False,False,False,rejected,geometry_gate_rejected,
d5_cv_5v5_multicamera_formal_20260716_yolo_bytetrack:0015:D5_Primary_3:0,3.75,INT-03,D5_Primary_3:0,D5_Primary_3:0/yolov8_bytetrack:track:2,G-102,G-102,0.04438087593163424,15.013711119140732,True,True,True,registered,registered_to_global_track,True
d5_cv_5v5_multicamera_formal_20260716_yolo_bytetrack:0015:D5_Primary_3:0,3.75,INT-03,D5_Primary_3:0,D5_Primary_3:0/yolov8_bytetrack:track:1,G-103,G-103,0.038598194445054565,13.992806843167687,True,True,True,registered,registered_to_global_track,True
d5_cv_5v5_multicamera_formal_20260716_yolo_bytetrack:0015:D5_Primary_3:0,3.75,INT-03,D5_Primary_3:0,D5_Primary_3:0/yolov8_bytetrack:track:12,G-103,G-104,28.217130471041457,378.33589606863205,False,False,False,rejected,geometry_gate_rejected,
d5_cv_5v5_multicamera_formal_20260716_yolo_bytetrack:0015:D5_Primary_3:0,3.75,INT-03,D5_Primary_3:0,D5_Primary_3:0/yolov8_bytetrack:track:49,G-103,,114.42137908524329,761.8592055452729,False,False,False,rejected,geometry_gate_rejected,
d5_cv_5v5_multicamera_formal_20260716_yolo_bytetrack:0015:D5_Primary_3:0,3.75,INT-03,D5_Primary_3:0,D5_Primary_3:0/yolov8_bytetrack:track:2,G-103,G-102,31.921522662264337,402.4046118138159,False,False,False,rejected,geometry_gate_rejected,
d5_cv_5v5_multicamera_formal_20260716_yolo_bytetrack:0015:D5_Primary_3:0,3.75,INT-03,D5_Primary_3:0,D5_Primary_3:0/yolov8_bytetrack:track:1,G-104,G-103,30.128682172497147,391.2997438945946,False,False,False,rejected,geometry_gate_rejected,
d5_cv_5v5_multicamera_formal_20260716_yolo_bytetrack:0015:D5_Primary_3:0,3.75,INT-03,D5_Primary_3:0,D5_Primary_3:0/yolov8_bytetrack:track:12,G-104,G-104,0.002342460229169628,3.4488546143791945,True,True,True,registered,registered_to_global_track,True
d5_cv_5v5_multicamera_formal_20260716_yolo_bytetrack:0015:D5_Primary_3:0,3.75,INT-03,D5_Primary_3:0,D5_Primary_3:0/yolov8_bytetrack:track:49,G-104,,28.55209981710823,380.92408962440214,False,False,False,rejected,geometry_gate_rejected,
d5_cv_5v5_multicamera_formal_20260716_yolo_bytetrack:0015:D5_Primary_3:0,3.75,INT-03,D5_Primary_3:0,D5_Primary_3:0/yolov8_bytetrack:track:2,G-104,G-102,120.6911973963344,783.1722596495147,False,False,False,rejected,geometry_gate_rejected,
d5_cv_5v5_multicamera_formal_20260716_yolo_bytetrack:0015:D5_Primary_3:0,3.75,INT-03,D5_Primary_3:0,D5_Primary_3:0/yolov8_bytetrack:track:1,G-105,G-103,113.11138978957393,760.0059651841252,False,False,False,rejected,geometry_gate_rejected,
d5_cv_5v5_multicamera_formal_20260716_yolo_bytetrack:0015:D5_Primary_3:0,3.75,INT-03,D5_Primary_3:0,D5_Primary_3:0/yolov8_bytetrack:track:12,G-105,G-104,27.00983589152631,371.3852817398913,False,False,False,rejected,geometry_gate_rejected,
d5_cv_5v5_multicamera_formal_20260716_yolo_bytetrack:0015:D5_Primary_3:0,3.75,INT-03,D5_Primary_3:0,D5_Primary_3:0/yolov8_bytetrack:track:49,G-105,,0.03919353166545104,14.13329001161535,True,True,False,candidate,stability_window_failed,
d5_cv_5v5_multicamera_formal_20260716_yolo_bytetrack:0015:D5_Primary_3:0,3.75,INT-03,D5_Primary_3:0,D5_Primary_3:0/yolov8_bytetrack:track:2,G-105,G-102,259.8264955776245,1151.8755244160081,False,False,False,rejected,geometry_gate_rejected,
d5_cv_5v5_multicamera_formal_20260716_yolo_bytetrack:0015:D5_Primary_4:0,3.75,INT-04,D5_Primary_4:0,D5_Primary_4:0/yolov8_bytetrack:track:1,G-101,G-104,,1163.738681583329,False,False,False,rejected,projection_invalid,
d5_cv_5v5_multicamera_formal_20260716_yolo_bytetrack:0015:D5_Primary_4:0,3.75,INT-04,D5_Primary_4:0,D5_Primary_4:0/yolov8_bytetrack:track:2,G-101,G-103,,780.799767153547,False,False,False,rejected,projection_invalid,
d5_cv_5v5_multicamera_formal_20260716_yolo_bytetrack:0015:D5_Primary_4:0,3.75,INT-04,D5_Primary_4:0,D5_Primary_4:0/yolov8_bytetrack:track:7,G-101,G-105,,1557.2678222279164,False,False,False,rejected,projection_invalid,
d5_cv_5v5_multicamera_formal_20260716_yolo_bytetrack:0015:D5_Primary_4:0,3.75,INT-04,D5_Primary_4:0,D5_Primary_4:0/yolov8_bytetrack:track:1,G-102,G-104,120.24813408078312,784.4594435305438,False,False,False,rejected,geometry_gate_rejected,
d5_cv_5v5_multicamera_formal_20260716_yolo_bytetrack:0015:D5_Primary_4:0,3.75,INT-04,D5_Primary_4:0,D5_Primary_4:0/yolov8_bytetrack:track:2,G-102,G-103,31.517502568308505,401.6119753963677,False,False,False,rejected,geometry_gate_rejected,
d5_cv_5v5_multicamera_formal_20260716_yolo_bytetrack:0015:D5_Primary_4:0,3.75,INT-04,D5_Primary_4:0,D5_Primary_4:0/yolov8_bytetrack:track:7,G-102,G-105,271.1365972852651,1177.9459372243748,False,False,False,rejected,geometry_gate_rejected,
d5_cv_5v5_multicamera_formal_20260716_yolo_bytetrack:0015:D5_Primary_4:0,3.75,INT-04,D5_Primary_4:0,D5_Primary_4:0/yolov8_bytetrack:track:1,G-103,G-104,27.923130299433378,376.7286747248694,False,False,False,rejected,geometry_gate_rejected,
d5_cv_5v5_multicamera_formal_20260716_yolo_bytetrack:0015:D5_Primary_4:0,3.75,INT-04,D5_Primary_4:0,D5_Primary_4:0/yolov8_bytetrack:track:2,G-103,G-103,0.025332228749287283,11.33916166758303,True,True,True,registered,registered_to_global_track,True
d5_cv_5v5_multicamera_formal_20260716_yolo_bytetrack:0015:D5_Primary_4:0,3.75,INT-04,D5_Primary_4:0,D5_Primary_4:0/yolov8_bytetrack:track:7,G-103,G-105,116.70799129287508,770.188242547781,False,False,False,rejected,geometry_gate_rejected,
d5_cv_5v5_multicamera_formal_20260716_yolo_bytetrack:0015:D5_Primary_4:0,3.75,INT-04,D5_Primary_4:0,D5_Primary_4:0/yolov8_bytetrack:track:1,G-104,G-104,0.007616801626466702,6.216673906613836,True,True,True,registered,registered_to_global_track,True
d5_cv_5v5_multicamera_formal_20260716_yolo_bytetrack:0015:D5_Primary_4:0,3.75,INT-04,D5_Primary_4:0,D5_Primary_4:0/yolov8_bytetrack:track:2,G-104,G-103,29.72153492346829,388.3357555238641,False,False,False,rejected,geometry_gate_rejected,
d5_cv_5v5_multicamera_formal_20260716_yolo_bytetrack:0015:D5_Primary_4:0,3.75,INT-04,D5_Primary_4:0,D5_Primary_4:0/yolov8_bytetrack:track:7,G-104,G-105,29.695384640951758,388.1648806796548,False,False,False,rejected,geometry_gate_rejected,
d5_cv_5v5_multicamera_formal_20260716_yolo_bytetrack:0015:D5_Primary_4:0,3.75,INT-04,D5_Primary_4:0,D5_Primary_4:0/yolov8_bytetrack:track:1,G-105,G-104,28.832834889228973,382.79930341757176,False,False,False,rejected,geometry_gate_rejected,
d5_cv_5v5_multicamera_formal_20260716_yolo_bytetrack:0015:D5_Primary_4:0,3.75,INT-04,D5_Primary_4:0,D5_Primary_4:0/yolov8_bytetrack:track:2,G-105,G-103,115.36595822291818,765.7134929412067,False,False,False,rejected,geometry_gate_rejected,
d5_cv_5v5_multicamera_formal_20260716_yolo_bytetrack:0015:D5_Primary_4:0,3.75,INT-04,D5_Primary_4:0,D5_Primary_4:0/yolov8_bytetrack:track:7,G-105,G-105,0.028497993197415264,12.032305209614458,True,True,True,registered,registered_to_global_track,True
d5_cv_5v5_multicamera_formal_20260716_yolo_bytetrack:0015:D5_Primary_5:0,3.75,INT-05,D5_Primary_5:0,D5_Primary_5:0/yolov8_bytetrack:track:1,G-101,G-105,,1513.9852010701047,False,False,False,rejected,projection_invalid,
d5_cv_5v5_multicamera_formal_20260716_yolo_bytetrack:0015:D5_Primary_5:0,3.75,INT-05,D5_Primary_5:0,D5_Primary_5:0/yolov8_bytetrack:track:2,G-101,G-104,,1138.2376621080975,False,False,False,rejected,projection_invalid,
d5_cv_5v5_multicamera_formal_20260716_yolo_bytetrack:0015:D5_Primary_5:0,3.75,INT-05,D5_Primary_5:0,D5_Primary_5:0/yolov8_bytetrack:track:1,G-102,G-105,,1152.9628542706907,False,False,False,rejected,projection_invalid,
d5_cv_5v5_multicamera_formal_20260716_yolo_bytetrack:0015:D5_Primary_5:0,3.75,INT-05,D5_Primary_5:0,D5_Primary_5:0/yolov8_bytetrack:track:2,G-102,G-104,,777.23215352538,False,False,False,rejected,projection_invalid,
d5_cv_5v5_multicamera_formal_20260716_yolo_bytetrack:0015:D5_Primary_5:0,3.75,INT-05,D5_Primary_5:0,D5_Primary_5:0/yolov8_bytetrack:track:1,G-103,G-105,111.95983214447506,756.1483784029394,False,False,False,rejected,geometry_gate_rejected,
d5_cv_5v5_multicamera_formal_20260716_yolo_bytetrack:0015:D5_Primary_5:0,3.75,INT-05,D5_Primary_5:0,D5_Primary_5:0/yolov8_bytetrack:track:2,G-103,G-104,28.33964118459675,380.42839835810287,False,False,False,rejected,geometry_gate_rejected,
d5_cv_5v5_multicamera_formal_20260716_yolo_bytetrack:0015:D5_Primary_5:0,3.75,INT-05,D5_Primary_5:0,D5_Primary_5:0/yolov8_bytetrack:track:1,G-104,G-105,28.85104752681424,382.9000568889839,False,False,False,rejected,geometry_gate_rejected,
d5_cv_5v5_multicamera_formal_20260716_yolo_bytetrack:0015:D5_Primary_5:0,3.75,INT-05,D5_Primary_5:0,D5_Primary_5:0/yolov8_bytetrack:track:2,G-104,G-104,0.010272633830577492,7.224978646949029,True,True,True,registered,registered_to_global_track,True
d5_cv_5v5_multicamera_formal_20260716_yolo_bytetrack:0015:D5_Primary_5:0,3.75,INT-05,D5_Primary_5:0,D5_Primary_5:0/yolov8_bytetrack:track:1,G-105,G-105,0.015168070346027228,8.77127798955008,True,True,True,registered,registered_to_global_track,True
d5_cv_5v5_multicamera_formal_20260716_yolo_bytetrack:0015:D5_Primary_5:0,3.75,INT-05,D5_Primary_5:0,D5_Primary_5:0/yolov8_bytetrack:track:2,G-105,G-104,26.859411530457237,369.10162833698456,False,False,False,rejected,geometry_gate_rejected,
d5_cv_5v5_multicamera_formal_20260716_yolo_bytetrack:0015:D5_Recon_1:0,3.75,RECON-01,D5_Recon_1:0,D5_Recon_1:0:det:0001,G-101,G-101,6.259948733228016e-05,1.0982886057728818,True,True,True,registered,registered_to_global_track,True
d5_cv_5v5_multicamera_formal_20260716_yolo_bytetrack:0015:D5_Recon_1:0,3.75,RECON-01,D5_Recon_1:0,D5_Recon_1:0:det:0002,G-101,G-102,6.420392009470733,351.7320125082806,True,False,False,candidate,,
d5_cv_5v5_multicamera_formal_20260716_yolo_bytetrack:0015:D5_Recon_1:0,3.75,RECON-01,D5_Recon_1:0,D5_Recon_1:0:det:0003,G-101,G-103,25.776272160814393,704.7598890023801,False,False,False,rejected,geometry_gate_rejected,
d5_cv_5v5_multicamera_formal_20260716_yolo_bytetrack:0015:D5_Recon_1:0,3.75,RECON-01,D5_Recon_1:0,D5_Recon_1:0:det:0004,G-101,G-104,58.052518158588796,1057.6492254043153,False,False,False,rejected,geometry_gate_rejected,
d5_cv_5v5_multicamera_formal_20260716_yolo_bytetrack:0015:D5_Recon_1:0,3.75,RECON-01,D5_Recon_1:0,D5_Recon_1:0:det:0005,G-101,G-105,103.18476248667848,1410.0642718459978,False,False,False,rejected,geometry_gate_rejected,
d5_cv_5v5_multicamera_formal_20260716_yolo_bytetrack:0015:D5_Recon_1:0,3.75,RECON-01,D5_Recon_1:0,D5_Recon_1:0:det:0001,G-102,G-101,6.29072608724036,348.0849032029427,True,False,False,candidate,,
d5_cv_5v5_multicamera_formal_20260716_yolo_bytetrack:0015:D5_Recon_1:0,3.75,RECON-01,D5_Recon_1:0,D5_Recon_1:0:det:0002,G-102,G-102,0.0032450120766419985,7.905343439035809,True,True,True,registered,registered_to_global_track,True
d5_cv_5v5_multicamera_formal_20260716_yolo_bytetrack:0015:D5_Recon_1:0,3.75,RECON-01,D5_Recon_1:0,D5_Recon_1:0:det:0003,G-102,G-103,6.6499236749401405,357.8847359983398,True,False,False,candidate,,
d5_cv_5v5_multicamera_formal_20260716_yolo_bytetrack:0015:D5_Recon_1:0,3.75,RECON-01,D5_Recon_1:0,D5_Recon_1:0:det:0004,G-102,G-104,26.22768955668212,710.7467134384367,False,False,False,rejected,geometry_gate_rejected,
d5_cv_5v5_multicamera_formal_20260716_yolo_bytetrack:0015:D5_Recon_1:0,3.75,RECON-01,D5_Recon_1:0,D5_Recon_1:0:det:0005,G-102,G-105,58.68424793008088,1063.1526166060482,False,False,False,rejected,geometry_gate_rejected,
d5_cv_5v5_multicamera_formal_20260716_yolo_bytetrack:0015:D5_Recon_1:0,3.75,RECON-01,D5_Recon_1:0,D5_Recon_1:0:det:0001,G-103,G-101,26.616957200342465,715.9312365599159,False,False,False,rejected,geometry_gate_rejected,
d5_cv_5v5_multicamera_formal_20260716_yolo_bytetrack:0015:D5_Recon_1:0,3.75,RECON-01,D5_Recon_1:0,D5_Recon_1:0:det:0002,G-103,G-102,6.846537577052214,363.1011348854043,True,False,False,candidate,,
d5_cv_5v5_multicamera_formal_20260716_yolo_bytetrack:0015:D5_Recon_1:0,3.75,RECON-01,D5_Recon_1:0,D5_Recon_1:0:det:0003,G-103,G-103,0.005274267122954413,10.077972502159259,True,True,True,registered,registered_to_global_track,True
d5_cv_5v5_multicamera_formal_20260716_yolo_bytetrack:0015:D5_Recon_1:0,3.75,RECON-01,D5_Recon_1:0,D5_Recon_1:0:det:0004,G-103,G-104,6.102936504460699,342.8163558401968,True,False,False,candidate,,
d5_cv_5v5_multicamera_formal_20260716_yolo_bytetrack:0015:D5_Recon_1:0,3.75,RECON-01,D5_Recon_1:0,D5_Recon_1:0:det:0005,G-103,G-105,25.100042007276546,695.2313258818089,False,False,False,rejected,geometry_gate_rejected,
d5_cv_5v5_multicamera_formal_20260716_yolo_bytetrack:0015:D5_Recon_1:0,3.75,RECON-01,D5_Recon_1:0,D5_Recon_1:0:det:0001,G-104,G-101,58.569095945293725,1062.068840505003,False,False,False,rejected,geometry_gate_rejected,
d5_cv_5v5_multicamera_formal_20260716_yolo_bytetrack:0015:D5_Recon_1:0,3.75,RECON-01,D5_Recon_1:0,D5_Recon_1:0:det:0002,G-104,G-102,26.1189087970594,709.2444124120117,False,False,False,rejected,geometry_gate_rejected,
d5_cv_5v5_multicamera_formal_20260716_yolo_bytetrack:0015:D5_Recon_1:0,3.75,RECON-01,D5_Recon_1:0,D5_Recon_1:0:det:0003,G-104,G-103,6.589201019502694,356.23352523833097,True,False,False,candidate,,
d5_cv_5v5_multicamera_formal_20260716_yolo_bytetrack:0015:D5_Recon_1:0,3.75,RECON-01,D5_Recon_1:0,D5_Recon_1:0:det:0004,G-104,G-104,0.0018317042966666769,5.9391187227773825,True,True,True,registered,registered_to_global_track,True
d5_cv_5v5_multicamera_formal_20260716_yolo_bytetrack:0015:D5_Recon_1:0,3.75,RECON-01,D5_Recon_1:0,D5_Recon_1:0:det:0005,G-104,G-105,6.329396606170703,349.1399437238191,True,False,False,candidate,,
d5_cv_5v5_multicamera_formal_20260716_yolo_bytetrack:0015:D5_Recon_1:0,3.75,RECON-01,D5_Recon_1:0,D5_Recon_1:0:det:0001,G-105,G-101,102.42332838962612,1404.8257242760897,False,False,False,rejected,geometry_gate_rejected,
d5_cv_5v5_multicamera_formal_20260716_yolo_bytetrack:0015:D5_Recon_1:0,3.75,RECON-01,D5_Recon_1:0,D5_Recon_1:0:det:0002,G-105,G-102,57.43569464862799,1051.9956591886166,False,False,False,rejected,geometry_gate_rejected,
d5_cv_5v5_multicamera_formal_20260716_yolo_bytetrack:0015:D5_Recon_1:0,3.75,RECON-01,D5_Recon_1:0,D5_Recon_1:0:det:0003,G-105,G-103,25.35528874327445,698.9679931604926,False,False,False,rejected,geometry_gate_rejected,
d5_cv_5v5_multicamera_formal_20260716_yolo_bytetrack:0015:D5_Recon_1:0,3.75,RECON-01,D5_Recon_1:0,D5_Recon_1:0:det:0004,G-105,G-104,6.2159172571510215,346.07929789348,True,False,False,candidate,,
d5_cv_5v5_multicamera_formal_20260716_yolo_bytetrack:0015:D5_Recon_1:0,3.75,RECON-01,D5_Recon_1:0,D5_Recon_1:0:det:0005,G-105,G-105,0.0021289009006264297,6.404685217514168,True,True,True,registered,registered_to_global_track,True
d5_cv_5v5_multicamera_formal_20260716_yolo_bytetrack:0016:D5_Primary_1:0,4.0,INT-01,D5_Primary_1:0,D5_Primary_1:0/yolov8_bytetrack:track:1,G-101,G-101,0.010336065301692387,7.241247039765185,True,True,True,registered,registered_to_global_track,True
d5_cv_5v5_multicamera_formal_20260716_yolo_bytetrack:0016:D5_Primary_1:0,4.0,INT-01,D5_Primary_1:0,D5_Primary_1:0/yolov8_bytetrack:track:15,G-101,G-102,27.68850602478213,374.78788927366895,False,False,False,rejected,geometry_gate_rejected,
d5_cv_5v5_multicamera_formal_20260716_yolo_bytetrack:0016:D5_Primary_1:0,4.0,INT-01,D5_Primary_1:0,D5_Primary_1:0/yolov8_bytetrack:track:40,G-101,,26.040670887980664,363.4643932076252,False,False,False,rejected,geometry_gate_rejected,
d5_cv_5v5_multicamera_formal_20260716_yolo_bytetrack:0016:D5_Primary_1:0,4.0,INT-01,D5_Primary_1:0,D5_Primary_1:0/yolov8_bytetrack:track:1,G-102,G-101,27.504975506240182,373.68934795291455,False,False,False,rejected,geometry_gate_rejected,
d5_cv_5v5_multicamera_formal_20260716_yolo_bytetrack:0016:D5_Primary_1:0,4.0,INT-01,D5_Primary_1:0,D5_Primary_1:0/yolov8_bytetrack:track:15,G-102,G-102,0.03713757671634475,13.718283745454563,True,True,True,registered,registered_to_global_track,True
d5_cv_5v5_multicamera_formal_20260716_yolo_bytetrack:0016:D5_Primary_1:0,4.0,INT-01,D5_Primary_1:0,D5_Primary_1:0/yolov8_bytetrack:track:40,G-102,,0.05311413791228012,16.411539453662975,True,False,False,candidate,,
d5_cv_5v5_multicamera_formal_20260716_yolo_bytetrack:0016:D5_Primary_1:0,4.0,INT-01,D5_Primary_1:0,D5_Primary_1:0/yolov8_bytetrack:track:1,G-103,G-101,109.69653467339366,747.5741098750874,False,False,False,rejected,geometry_gate_rejected,
d5_cv_5v5_multicamera_formal_20260716_yolo_bytetrack:0016:D5_Primary_1:0,4.0,INT-01,D5_Primary_1:0,D5_Primary_1:0/yolov8_bytetrack:track:15,G-103,G-102,27.22733767637911,372.4432243044755,False,False,False,rejected,geometry_gate_rejected,
d5_cv_5v5_multicamera_formal_20260716_yolo_bytetrack:0016:D5_Primary_1:0,4.0,INT-01,D5_Primary_1:0,D5_Primary_1:0/yolov8_bytetrack:track:40,G-103,,28.905997772440724,383.7527789446075,False,False,False,rejected,geometry_gate_rejected,
d5_cv_5v5_multicamera_formal_20260716_yolo_bytetrack:0016:D5_Primary_1:0,4.0,INT-01,D5_Primary_1:0,D5_Primary_1:0/yolov8_bytetrack:track:1,G-104,G-101,,1093.1782389121965,False,False,False,rejected,projection_invalid,
d5_cv_5v5_multicamera_formal_20260716_yolo_bytetrack:0016:D5_Primary_1:0,4.0,INT-01,D5_Primary_1:0,D5_Primary_1:0/yolov8_bytetrack:track:15,G-104,G-102,,717.9833234317933,False,False,False,rejected,projection_invalid,
d5_cv_5v5_multicamera_formal_20260716_yolo_bytetrack:0016:D5_Primary_1:0,4.0,INT-01,D5_Primary_1:0,D5_Primary_1:0/yolov8_bytetrack:track:40,G-104,,,729.3022325212555,False,False,False,rejected,projection_invalid,
d5_cv_5v5_multicamera_formal_20260716_yolo_bytetrack:0016:D5_Primary_1:0,4.0,INT-01,D5_Primary_1:0,D5_Primary_1:0/yolov8_bytetrack:track:1,G-105,G-101,,1414.1833366330113,False,False,False,rejected,projection_invalid,
d5_cv_5v5_multicamera_formal_20260716_yolo_bytetrack:0016:D5_Primary_1:0,4.0,INT-01,D5_Primary_1:0,D5_Primary_1:0/yolov8_bytetrack:track:15,G-105,G-102,,1038.9917877567418,False,False,False,rejected,projection_invalid,
d5_cv_5v5_multicamera_formal_20260716_yolo_bytetrack:0016:D5_Primary_1:0,4.0,INT-01,D5_Primary_1:0,D5_Primary_1:0/yolov8_bytetrack:track:40,G-105,,,1050.310097067416,False,False,False,rejected,projection_invalid,
d5_cv_5v5_multicamera_formal_20260716_yolo_bytetrack:0016:D5_Primary_2:0,4.0,INT-02,D5_Primary_2:0,D5_Primary_2:0/yolov8_bytetrack:track:1,G-101,G-102,29.996778880833293,390.6992851797534,False,False,False,rejected,geometry_gate_rejected,
d5_cv_5v5_multicamera_formal_20260716_yolo_bytetrack:0016:D5_Primary_2:0,4.0,INT-02,D5_Primary_2:0,D5_Primary_2:0/yolov8_bytetrack:track:3,G-101,G-104,256.47205347216504,1142.4186411362525,False,False,False,rejected,geometry_gate_rejected,
d5_cv_5v5_multicamera_formal_20260716_yolo_bytetrack:0016:D5_Primary_2:0,4.0,INT-02,D5_Primary_2:0,D5_Primary_2:0/yolov8_bytetrack:track:2,G-101,G-101,0.01350562868825789,8.282380992759172,True,True,True,registered,registered_to_global_track,True
d5_cv_5v5_multicamera_formal_20260716_yolo_bytetrack:0016:D5_Primary_2:0,4.0,INT-02,D5_Primary_2:0,D5_Primary_2:0/yolov8_bytetrack:track:1,G-102,G-102,0.04055233166696462,14.345511473459739,True,True,True,registered,registered_to_global_track,True
d5_cv_5v5_multicamera_formal_20260716_yolo_bytetrack:0016:D5_Primary_2:0,4.0,INT-02,D5_Primary_2:0,D5_Primary_2:0/yolov8_bytetrack:track:3,G-102,G-104,113.19904005017673,757.9299527081881,False,False,False,rejected,geometry_gate_rejected,
d5_cv_5v5_multicamera_formal_20260716_yolo_bytetrack:0016:D5_Primary_2:0,4.0,INT-02,D5_Primary_2:0,D5_Primary_2:0/yolov8_bytetrack:track:2,G-102,G-101,28.823896739696075,382.4582559327362,False,False,False,rejected,geometry_gate_rejected,
d5_cv_5v5_multicamera_formal_20260716_yolo_bytetrack:0016:D5_Primary_2:0,4.0,INT-02,D5_Primary_2:0,D5_Primary_2:0/yolov8_bytetrack:track:1,G-103,G-102,29.73952914537716,388.61677605467554,False,False,False,rejected,geometry_gate_rejected,
d5_cv_5v5_multicamera_formal_20260716_yolo_bytetrack:0016:D5_Primary_2:0,4.0,INT-02,D5_Primary_2:0,D5_Primary_2:0/yolov8_bytetrack:track:3,G-103,G-104,26.000785664830428,363.36802048824114,False,False,False,rejected,geometry_gate_rejected,
d5_cv_5v5_multicamera_formal_20260716_yolo_bytetrack:0016:D5_Primary_2:0,4.0,INT-02,D5_Primary_2:0,D5_Primary_2:0/yolov8_bytetrack:track:2,G-103,G-101,118.83472361962485,776.8302779020826,False,False,False,rejected,geometry_gate_rejected,
d5_cv_5v5_multicamera_formal_20260716_yolo_bytetrack:0016:D5_Primary_2:0,4.0,INT-02,D5_Primary_2:0,D5_Primary_2:0/yolov8_bytetrack:track:1,G-104,G-102,111.55698815134306,754.433213820993,False,False,False,rejected,geometry_gate_rejected,
d5_cv_5v5_multicamera_formal_20260716_yolo_bytetrack:0016:D5_Primary_2:0,4.0,INT-02,D5_Primary_2:0,D5_Primary_2:0/yolov8_bytetrack:track:3,G-104,G-104,0.0029861505186877116,3.895628583787607,True,True,True,registered,registered_to_global_track,True
d5_cv_5v5_multicamera_formal_20260716_yolo_bytetrack:0016:D5_Primary_2:0,4.0,INT-02,D5_Primary_2:0,D5_Primary_2:0/yolov8_bytetrack:track:2,G-104,G-101,255.92328478730215,1142.6870627032897,False,False,False,rejected,geometry_gate_rejected,
d5_cv_5v5_multicamera_formal_20260716_yolo_bytetrack:0016:D5_Primary_2:0,4.0,INT-02,D5_Primary_2:0,D5_Primary_2:0/yolov8_bytetrack:track:1,G-105,G-102,,1101.0500890606515,False,False,False,rejected,projection_invalid,
d5_cv_5v5_multicamera_formal_20260716_yolo_bytetrack:0016:D5_Primary_2:0,4.0,INT-02,D5_Primary_2:0,D5_Primary_2:0/yolov8_bytetrack:track:3,G-105,G-104,,349.3341148940433,False,False,False,rejected,projection_invalid,
d5_cv_5v5_multicamera_formal_20260716_yolo_bytetrack:0016:D5_Primary_2:0,4.0,INT-02,D5_Primary_2:0,D5_Primary_2:0/yolov8_bytetrack:track:2,G-105,G-101,,1489.3031748970363,False,False,False,rejected,projection_invalid,
d5_cv_5v5_multicamera_formal_20260716_yolo_bytetrack:0016:D5_Primary_3:0,4.0,INT-03,D5_Primary_3:0,D5_Primary_3:0/yolov8_bytetrack:track:1,G-101,G-103,118.81071919819655,780.0222998205328,False,False,False,rejected,geometry_gate_rejected,
d5_cv_5v5_multicamera_formal_20260716_yolo_bytetrack:0016:D5_Primary_3:0,4.0,INT-03,D5_Primary_3:0,D5_Primary_3:0/yolov8_bytetrack:track:12,G-101,G-104,264.968577557928,1164.867117276498,False,False,False,rejected,geometry_gate_rejected,
d5_cv_5v5_multicamera_formal_20260716_yolo_bytetrack:0016:D5_Primary_3:0,4.0,INT-03,D5_Primary_3:0,D5_Primary_3:0/yolov8_bytetrack:track:49,G-101,G-105,466.5520981777123,1545.7144153797306,False,False,False,rejected,geometry_gate_rejected,
d5_cv_5v5_multicamera_formal_20260716_yolo_bytetrack:0016:D5_Primary_3:0,4.0,INT-03,D5_Primary_3:0,D5_Primary_3:0/yolov8_bytetrack:track:2,G-101,G-102,30.603665566441205,395.88202474634664,False,False,False,rejected,geometry_gate_rejected,
d5_cv_5v5_multicamera_formal_20260716_yolo_bytetrack:0016:D5_Primary_3:0,4.0,INT-03,D5_Primary_3:0,D5_Primary_3:0/yolov8_bytetrack:track:1,G-102,G-103,30.603608707260705,394.60753056885784,False,False,False,rejected,geometry_gate_rejected,
d5_cv_5v5_multicamera_formal_20260716_yolo_bytetrack:0016:D5_Primary_3:0,4.0,INT-03,D5_Primary_3:0,D5_Primary_3:0/yolov8_bytetrack:track:12,G-102,G-104,119.37016571873856,779.3397708083742,False,False,False,rejected,geometry_gate_rejected,
d5_cv_5v5_multicamera_formal_20260716_yolo_bytetrack:0016:D5_Primary_3:0,4.0,INT-03,D5_Primary_3:0,D5_Primary_3:0/yolov8_bytetrack:track:49,G-102,G-105,264.5307356968613,1160.157416805675,False,False,False,rejected,geometry_gate_rejected,
d5_cv_5v5_multicamera_formal_20260716_yolo_bytetrack:0016:D5_Primary_3:0,4.0,INT-03,D5_Primary_3:0,D5_Primary_3:0/yolov8_bytetrack:track:2,G-102,G-102,0.05418256955151636,16.593287743608144,True,True,True,registered,registered_to_global_track,True
d5_cv_5v5_multicamera_formal_20260716_yolo_bytetrack:0016:D5_Primary_3:0,4.0,INT-03,D5_Primary_3:0,D5_Primary_3:0/yolov8_bytetrack:track:1,G-103,G-103,0.040815852299223146,14.389192427758383,True,True,True,registered,registered_to_global_track,True
d5_cv_5v5_multicamera_formal_20260716_yolo_bytetrack:0016:D5_Primary_3:0,4.0,INT-03,D5_Primary_3:0,D5_Primary_3:0/yolov8_bytetrack:track:12,G-103,G-104,27.626315876162,374.35465467557214,False,False,False,rejected,geometry_gate_rejected,
d5_cv_5v5_multicamera_formal_20260716_yolo_bytetrack:0016:D5_Primary_3:0,4.0,INT-03,D5_Primary_3:0,D5_Primary_3:0/yolov8_bytetrack:track:49,G-103,G-105,112.41551215753135,755.1528727023086,False,False,False,rejected,geometry_gate_rejected,
d5_cv_5v5_multicamera_formal_20260716_yolo_bytetrack:0016:D5_Primary_3:0,4.0,INT-03,D5_Primary_3:0,D5_Primary_3:0/yolov8_bytetrack:track:2,G-103,G-102,30.739534345345753,394.8848005108045,False,False,False,rejected,geometry_gate_rejected,
d5_cv_5v5_multicamera_formal_20260716_yolo_bytetrack:0016:D5_Primary_3:0,4.0,INT-03,D5_Primary_3:0,D5_Primary_3:0/yolov8_bytetrack:track:1,G-104,G-103,29.613363090614897,387.9256843186191,False,False,False,rejected,geometry_gate_rejected,
d5_cv_5v5_multicamera_formal_20260716_yolo_bytetrack:0016:D5_Primary_3:0,4.0,INT-03,D5_Primary_3:0,D5_Primary_3:0/yolov8_bytetrack:track:12,G-104,G-104,0.002872859675008334,3.8194957341718876,True,True,True,registered,registered_to_global_track,True
d5_cv_5v5_multicamera_formal_20260716_yolo_bytetrack:0016:D5_Primary_3:0,4.0,INT-03,D5_Primary_3:0,D5_Primary_3:0/yolov8_bytetrack:track:49,G-104,G-105,28.088421791822764,377.80550583568106,False,False,False,rejected,geometry_gate_rejected,
d5_cv_5v5_multicamera_formal_20260716_yolo_bytetrack:0016:D5_Primary_3:0,4.0,INT-03,D5_Primary_3:0,D5_Primary_3:0/yolov8_bytetrack:track:2,G-104,G-102,117.30527965110478,772.0820397528878,False,False,False,rejected,geometry_gate_rejected,
d5_cv_5v5_multicamera_formal_20260716_yolo_bytetrack:0016:D5_Primary_3:0,4.0,INT-03,D5_Primary_3:0,D5_Primary_3:0/yolov8_bytetrack:track:1,G-105,G-103,111.00535620555074,752.8155014184655,False,False,False,rejected,geometry_gate_rejected,
d5_cv_5v5_multicamera_formal_20260716_yolo_bytetrack:0016:D5_Primary_3:0,4.0,INT-03,D5_Primary_3:0,D5_Primary_3:0/yolov8_bytetrack:track:12,G-105,G-104,26.52145748124662,367.9723346287181,False,False,False,rejected,geometry_gate_rejected,
d5_cv_5v5_multicamera_formal_20260716_yolo_bytetrack:0016:D5_Primary_3:0,4.0,INT-03,D5_Primary_3:0,D5_Primary_3:0/yolov8_bytetrack:track:49,G-105,G-105,0.03953657998121834,14.198087378907298,True,True,True,registered,registered_to_global_track,True
d5_cv_5v5_multicamera_formal_20260716_yolo_bytetrack:0016:D5_Primary_3:0,4.0,INT-03,D5_Primary_3:0,D5_Primary_3:0/yolov8_bytetrack:track:2,G-105,G-102,253.19943371104316,1136.9672284296062,False,False,False,rejected,geometry_gate_rejected,
d5_cv_5v5_multicamera_formal_20260716_yolo_bytetrack:0016:D5_Primary_4:0,4.0,INT-04,D5_Primary_4:0,D5_Primary_4:0/yolov8_bytetrack:track:1,G-101,G-104,,1153.9621954948382,False,False,False,rejected,projection_invalid,
d5_cv_5v5_multicamera_formal_20260716_yolo_bytetrack:0016:D5_Primary_4:0,4.0,INT-04,D5_Primary_4:0,D5_Primary_4:0/yolov8_bytetrack:track:2,G-101,G-103,,776.7494903619809,False,False,False,rejected,projection_invalid,
d5_cv_5v5_multicamera_formal_20260716_yolo_bytetrack:0016:D5_Primary_4:0,4.0,INT-04,D5_Primary_4:0,D5_Primary_4:0/yolov8_bytetrack:track:7,G-101,G-105,,1543.6711426762047,False,False,False,rejected,projection_invalid,
d5_cv_5v5_multicamera_formal_20260716_yolo_bytetrack:0016:D5_Primary_4:0,4.0,INT-04,D5_Primary_4:0,D5_Primary_4:0/yolov8_bytetrack:track:1,G-102,G-104,118.2784751715684,777.9571376637664,False,False,False,rejected,geometry_gate_rejected,
d5_cv_5v5_multicamera_formal_20260716_yolo_bytetrack:0016:D5_Primary_4:0,4.0,INT-04,D5_Primary_4:0,D5_Primary_4:0/yolov8_bytetrack:track:2,G-102,G-103,31.398153364576878,400.8246433482936,False,False,False,rejected,geometry_gate_rejected,
d5_cv_5v5_multicamera_formal_20260716_yolo_bytetrack:0016:D5_Primary_4:0,4.0,INT-04,D5_Primary_4:0,D5_Primary_4:0/yolov8_bytetrack:track:7,G-102,G-105,266.44220690866246,1167.627410599248,False,False,False,rejected,geometry_gate_rejected,
d5_cv_5v5_multicamera_formal_20260716_yolo_bytetrack:0016:D5_Primary_4:0,4.0,INT-04,D5_Primary_4:0,D5_Primary_4:0/yolov8_bytetrack:track:1,G-103,G-104,27.46117474268175,373.5941051271607,False,False,False,rejected,geometry_gate_rejected,
d5_cv_5v5_multicamera_formal_20260716_yolo_bytetrack:0016:D5_Primary_4:0,4.0,INT-04,D5_Primary_4:0,D5_Primary_4:0/yolov8_bytetrack:track:2,G-103,G-103,0.01854482192732775,9.700351649340742,True,True,True,registered,registered_to_global_track,True
d5_cv_5v5_multicamera_formal_20260716_yolo_bytetrack:0016:D5_Primary_4:0,4.0,INT-04,D5_Primary_4:0,D5_Primary_4:0/yolov8_bytetrack:track:7,G-103,G-105,114.61430461237805,763.237715703689,False,False,False,rejected,geometry_gate_rejected,
d5_cv_5v5_multicamera_formal_20260716_yolo_bytetrack:0016:D5_Primary_4:0,4.0,INT-04,D5_Primary_4:0,D5_Primary_4:0/yolov8_bytetrack:track:1,G-104,G-104,0.007061507138762098,5.985776505186657,True,True,True,registered,registered_to_global_track,True
d5_cv_5v5_multicamera_formal_20260716_yolo_bytetrack:0016:D5_Primary_4:0,4.0,INT-04,D5_Primary_4:0,D5_Primary_4:0/yolov8_bytetrack:track:2,G-104,G-103,28.810237805080853,382.33601875659446,False,False,False,rejected,geometry_gate_rejected,
d5_cv_5v5_multicamera_formal_20260716_yolo_bytetrack:0016:D5_Primary_4:0,4.0,INT-04,D5_Primary_4:0,D5_Primary_4:0/yolov8_bytetrack:track:7,G-104,G-105,29.154341109456603,384.6125111561155,False,False,False,rejected,geometry_gate_rejected,
d5_cv_5v5_multicamera_formal_20260716_yolo_bytetrack:0016:D5_Primary_4:0,4.0,INT-04,D5_Primary_4:0,D5_Primary_4:0/yolov8_bytetrack:track:1,G-105,G-104,28.278661469311974,379.09493678376384,False,False,False,rejected,geometry_gate_rejected,
d5_cv_5v5_multicamera_formal_20260716_yolo_bytetrack:0016:D5_Primary_4:0,4.0,INT-04,D5_Primary_4:0,D5_Primary_4:0/yolov8_bytetrack:track:2,G-105,G-103,112.54408205805665,756.2752233441161,False,False,False,rejected,geometry_gate_rejected,
d5_cv_5v5_multicamera_formal_20260716_yolo_bytetrack:0016:D5_Primary_4:0,4.0,INT-04,D5_Primary_4:0,D5_Primary_4:0/yolov8_bytetrack:track:7,G-105,G-105,0.02941445124910313,12.223531574054451,True,True,True,registered,registered_to_global_track,True
d5_cv_5v5_multicamera_formal_20260716_yolo_bytetrack:0016:D5_Primary_5:0,4.0,INT-05,D5_Primary_5:0,D5_Primary_5:0/yolov8_bytetrack:track:1,G-101,G-105,,1499.3446416583495,False,False,False,rejected,projection_invalid,
d5_cv_5v5_multicamera_formal_20260716_yolo_bytetrack:0016:D5_Primary_5:0,4.0,INT-05,D5_Primary_5:0,D5_Primary_5:0/yolov8_bytetrack:track:1,G-102,G-105,,1142.2350614103063,False,False,False,rejected,projection_invalid,
d5_cv_5v5_multicamera_formal_20260716_yolo_bytetrack:0016:D5_Primary_5:0,4.0,INT-05,D5_Primary_5:0,D5_Primary_5:0/yolov8_bytetrack:track:1,G-103,G-105,109.9606487980232,749.2978218405094,False,False,False,rejected,geometry_gate_rejected,
d5_cv_5v5_multicamera_formal_20260716_yolo_bytetrack:0016:D5_Primary_5:0,4.0,INT-05,D5_Primary_5:0,D5_Primary_5:0/yolov8_bytetrack:track:1,G-104,G-105,28.372843079160937,379.7029404671439,False,False,False,rejected,geometry_gate_rejected,
d5_cv_5v5_multicamera_formal_20260716_yolo_bytetrack:0016:D5_Primary_5:0,4.0,INT-05,D5_Primary_5:0,D5_Primary_5:0/yolov8_bytetrack:track:1,G-105,G-105,0.01703849261857597,9.296362539089417,True,True,True,registered,registered_to_global_track,True
d5_cv_5v5_multicamera_formal_20260716_yolo_bytetrack:0016:D5_Recon_1:0,4.0,RECON-01,D5_Recon_1:0,D5_Recon_1:0:det:0001,G-101,G-101,6.464773269844824e-05,1.116104252576224,True,True,True,registered,registered_to_global_track,True
d5_cv_5v5_multicamera_formal_20260716_yolo_bytetrack:0016:D5_Recon_1:0,4.0,RECON-01,D5_Recon_1:0,D5_Recon_1:0:det:0002,G-101,G-102,6.305692756758039,348.5736201628301,True,False,False,candidate,,
d5_cv_5v5_multicamera_formal_20260716_yolo_bytetrack:0016:D5_Recon_1:0,4.0,RECON-01,D5_Recon_1:0,D5_Recon_1:0:det:0003,G-101,G-103,25.316891546104017,698.4467557812164,False,False,False,rejected,geometry_gate_rejected,
d5_cv_5v5_multicamera_formal_20260716_yolo_bytetrack:0016:D5_Recon_1:0,4.0,RECON-01,D5_Recon_1:0,D5_Recon_1:0:det:0004,G-101,G-104,57.01667553115386,1048.1635657528338,False,False,False,rejected,geometry_gate_rejected,
d5_cv_5v5_multicamera_formal_20260716_yolo_bytetrack:0016:D5_Recon_1:0,4.0,RECON-01,D5_Recon_1:0,D5_Recon_1:0:det:0005,G-101,G-105,101.3388793725326,1397.3852751250306,False,False,False,rejected,geometry_gate_rejected,
d5_cv_5v5_multicamera_formal_20260716_yolo_bytetrack:0016:D5_Recon_1:0,4.0,RECON-01,D5_Recon_1:0,D5_Recon_1:0:det:0001,G-102,G-101,6.177886831455652,344.9479604197029,True,False,False,candidate,,
d5_cv_5v5_multicamera_formal_20260716_yolo_bytetrack:0016:D5_Recon_1:0,4.0,RECON-01,D5_Recon_1:0,D5_Recon_1:0:det:0002,G-102,G-102,0.0032105588696382252,7.8632526387174995,True,True,True,registered,registered_to_global_track,True
d5_cv_5v5_multicamera_formal_20260716_yolo_bytetrack:0016:D5_Recon_1:0,4.0,RECON-01,D5_Recon_1:0,D5_Recon_1:0:det:0003,G-102,G-103,6.533080737595436,354.7257083292901,True,False,False,candidate,,
d5_cv_5v5_multicamera_formal_20260716_yolo_bytetrack:0016:D5_Recon_1:0,4.0,RECON-01,D5_Recon_1:0,D5_Recon_1:0:det:0004,G-102,G-104,25.762637808686566,704.4153533929887,False,False,False,rejected,geometry_gate_rejected,
d5_cv_5v5_multicamera_formal_20260716_yolo_bytetrack:0016:D5_Recon_1:0,4.0,RECON-01,D5_Recon_1:0,D5_Recon_1:0:det:0005,G-102,G-105,57.637787656048936,1053.6279882115336,False,False,False,rejected,geometry_gate_rejected,
d5_cv_5v5_multicamera_formal_20260716_yolo_bytetrack:0016:D5_Recon_1:0,4.0,RECON-01,D5_Recon_1:0,D5_Recon_1:0:det:0001,G-103,G-101,26.15096847420464,709.6354854522779,False,False,False,rejected,geometry_gate_rejected,
d5_cv_5v5_multicamera_formal_20260716_yolo_bytetrack:0016:D5_Recon_1:0,4.0,RECON-01,D5_Recon_1:0,D5_Recon_1:0:det:0002,G-103,G-102,6.728084157038476,359.9458272918038,True,False,False,candidate,,
d5_cv_5v5_multicamera_formal_20260716_yolo_bytetrack:0016:D5_Recon_1:0,4.0,RECON-01,D5_Recon_1:0,D5_Recon_1:0:det:0003,G-103,G-103,0.005273934643553679,10.077639244384082,True,True,True,registered,registered_to_global_track,True
d5_cv_5v5_multicamera_formal_20260716_yolo_bytetrack:0016:D5_Recon_1:0,4.0,RECON-01,D5_Recon_1:0,D5_Recon_1:0:det:0004,G-103,G-104,5.990541438134595,339.64441225720134,True,False,False,candidate,,
d5_cv_5v5_multicamera_formal_20260716_yolo_bytetrack:0016:D5_Recon_1:0,4.0,RECON-01,D5_Recon_1:0,D5_Recon_1:0:det:0005,G-103,G-105,24.642608625690166,688.8660405102816,False,False,False,rejected,geometry_gate_rejected,
d5_cv_5v5_multicamera_formal_20260716_yolo_bytetrack:0016:D5_Recon_1:0,4.0,RECON-01,D5_Recon_1:0,D5_Recon_1:0:det:0001,G-104,G-101,57.52851714280925,1052.5884827084928,False,False,False,rejected,geometry_gate_rejected,
d5_cv_5v5_multicamera_formal_20260716_yolo_bytetrack:0016:D5_Recon_1:0,4.0,RECON-01,D5_Recon_1:0,D5_Recon_1:0:det:0002,G-104,G-102,25.654210392978612,702.9045445095882,False,False,False,rejected,geometry_gate_rejected,
d5_cv_5v5_multicamera_formal_20260716_yolo_bytetrack:0016:D5_Recon_1:0,4.0,RECON-01,D5_Recon_1:0,D5_Recon_1:0:det:0003,G-104,G-103,6.471944645307761,353.04854320346413,True,False,False,candidate,,
d5_cv_5v5_multicamera_formal_20260716_yolo_bytetrack:0016:D5_Recon_1:0,4.0,RECON-01,D5_Recon_1:0,D5_Recon_1:0:det:0004,G-104,G-104,0.0018265337191261427,5.930716702417949,True,True,True,registered,registered_to_global_track,True
d5_cv_5v5_multicamera_formal_20260716_yolo_bytetrack:0016:D5_Recon_1:0,4.0,RECON-01,D5_Recon_1:0,D5_Recon_1:0:det:0005,G-104,G-105,6.214653448283302,345.9596563692754,True,False,False,candidate,,
d5_cv_5v5_multicamera_formal_20260716_yolo_bytetrack:0016:D5_Recon_1:0,4.0,RECON-01,D5_Recon_1:0,D5_Recon_1:0:det:0001,G-105,G-101,100.58567868341713,1392.1552454451273,False,False,False,rejected,geometry_gate_rejected,
d5_cv_5v5_multicamera_formal_20260716_yolo_bytetrack:0016:D5_Recon_1:0,4.0,RECON-01,D5_Recon_1:0,D5_Recon_1:0:det:0002,G-105,G-102,56.40067517429991,1042.4656278186867,False,False,False,rejected,geometry_gate_rejected,
d5_cv_5v5_multicamera_formal_20260716_yolo_bytetrack:0016:D5_Recon_1:0,4.0,RECON-01,D5_Recon_1:0,D5_Recon_1:0:det:0003,G-105,G-103,24.895259513119647,692.5927192209965,False,False,False,rejected,geometry_gate_rejected,
d5_cv_5v5_multicamera_formal_20260716_yolo_bytetrack:0016:D5_Recon_1:0,4.0,RECON-01,D5_Recon_1:0,D5_Recon_1:0:det:0004,G-105,G-104,6.10149852382499,342.8766005438179,True,False,False,candidate,,
d5_cv_5v5_multicamera_formal_20260716_yolo_bytetrack:0016:D5_Recon_1:0,4.0,RECON-01,D5_Recon_1:0,D5_Recon_1:0:det:0005,G-105,G-105,0.0021381642928878486,6.4185519710698395,True,True,True,registered,registered_to_global_track,True
d5_cv_5v5_multicamera_formal_20260716_yolo_bytetrack:0017:D5_Primary_1:0,4.25,INT-01,D5_Primary_1:0,D5_Primary_1:0/yolov8_bytetrack:track:1,G-101,G-101,0.010459412665650033,7.284321939988259,True,True,True,registered,registered_to_global_track,True
d5_cv_5v5_multicamera_formal_20260716_yolo_bytetrack:0017:D5_Primary_1:0,4.25,INT-01,D5_Primary_1:0,D5_Primary_1:0/yolov8_bytetrack:track:15,G-101,G-102,27.263669034541625,371.90128997893487,False,False,False,rejected,geometry_gate_rejected,
d5_cv_5v5_multicamera_formal_20260716_yolo_bytetrack:0017:D5_Primary_1:0,4.25,INT-01,D5_Primary_1:0,D5_Primary_1:0/yolov8_bytetrack:track:1,G-102,G-101,26.918853792818723,369.6633746306885,False,False,False,rejected,geometry_gate_rejected,
d5_cv_5v5_multicamera_formal_20260716_yolo_bytetrack:0017:D5_Primary_1:0,4.25,INT-01,D5_Primary_1:0,D5_Primary_1:0/yolov8_bytetrack:track:15,G-102,G-102,0.03740750488942068,13.76775276617986,True,True,True,registered,registered_to_global_track,True
d5_cv_5v5_multicamera_formal_20260716_yolo_bytetrack:0017:D5_Primary_1:0,4.25,INT-01,D5_Primary_1:0,D5_Primary_1:0/yolov8_bytetrack:track:1,G-103,G-101,107.21024822861094,738.9275249854596,False,False,False,rejected,geometry_gate_rejected,
d5_cv_5v5_multicamera_formal_20260716_yolo_bytetrack:0017:D5_Primary_1:0,4.25,INT-01,D5_Primary_1:0,D5_Primary_1:0/yolov8_bytetrack:track:15,G-103,G-102,26.413300429357633,366.77077697970964,False,False,False,rejected,geometry_gate_rejected,
d5_cv_5v5_multicamera_formal_20260716_yolo_bytetrack:0017:D5_Primary_1:0,4.25,INT-01,D5_Primary_1:0,D5_Primary_1:0/yolov8_bytetrack:track:1,G-104,G-101,,1079.4116981874067,False,False,False,rejected,projection_invalid,
d5_cv_5v5_multicamera_formal_20260716_yolo_bytetrack:0017:D5_Primary_1:0,4.25,INT-01,D5_Primary_1:0,D5_Primary_1:0/yolov8_bytetrack:track:15,G-104,G-102,,707.1929007202949,False,False,False,rejected,projection_invalid,
d5_cv_5v5_multicamera_formal_20260716_yolo_bytetrack:0017:D5_Primary_1:0,4.25,INT-01,D5_Primary_1:0,D5_Primary_1:0/yolov8_bytetrack:track:1,G-105,G-101,,1394.9586589673327,False,False,False,rejected,projection_invalid,
d5_cv_5v5_multicamera_formal_20260716_yolo_bytetrack:0017:D5_Primary_1:0,4.25,INT-01,D5_Primary_1:0,D5_Primary_1:0/yolov8_bytetrack:track:15,G-105,G-102,,1022.7429908368783,False,False,False,rejected,projection_invalid,
d5_cv_5v5_multicamera_formal_20260716_yolo_bytetrack:0017:D5_Primary_2:0,4.25,INT-02,D5_Primary_2:0,D5_Primary_2:0/yolov8_bytetrack:track:1,G-101,G-102,29.45603449885752,387.16642753965,False,False,False,rejected,geometry_gate_rejected,
d5_cv_5v5_multicamera_formal_20260716_yolo_bytetrack:0017:D5_Primary_2:0,4.25,INT-02,D5_Primary_2:0,D5_Primary_2:0/yolov8_bytetrack:track:3,G-101,G-104,252.006153765053,1132.4422608154562,False,False,False,rejected,geometry_gate_rejected,
d5_cv_5v5_multicamera_formal_20260716_yolo_bytetrack:0017:D5_Primary_2:0,4.25,INT-02,D5_Primary_2:0,D5_Primary_2:0/yolov8_bytetrack:track:5,G-101,,114.69548508446418,763.982992505185,False,False,False,rejected,geometry_gate_rejected,
d5_cv_5v5_multicamera_formal_20260716_yolo_bytetrack:0017:D5_Primary_2:0,4.25,INT-02,D5_Primary_2:0,D5_Primary_2:0/yolov8_bytetrack:track:38,G-101,G-101,0.024926515409195535,11.256168095043396,True,True,True,registered,registered_to_global_track,True
d5_cv_5v5_multicamera_formal_20260716_yolo_bytetrack:0017:D5_Primary_2:0,4.25,INT-02,D5_Primary_2:0,D5_Primary_2:0/yolov8_bytetrack:track:11,G-101,G-103,115.83738515619827,767.7766166016372,False,False,False,rejected,geometry_gate_rejected,
d5_cv_5v5_multicamera_formal_20260716_yolo_bytetrack:0017:D5_Primary_2:0,4.25,INT-02,D5_Primary_2:0,D5_Primary_2:0/yolov8_bytetrack:track:1,G-102,G-102,0.039522346389376926,14.162159020718944,True,True,True,registered,registered_to_global_track,True
d5_cv_5v5_multicamera_formal_20260716_yolo_bytetrack:0017:D5_Primary_2:0,4.25,INT-02,D5_Primary_2:0,D5_Primary_2:0/yolov8_bytetrack:track:3,G-102,G-104,111.19752607256912,751.1994220895465,False,False,False,rejected,geometry_gate_rejected,
d5_cv_5v5_multicamera_formal_20260716_yolo_bytetrack:0017:D5_Primary_2:0,4.25,INT-02,D5_Primary_2:0,D5_Primary_2:0/yolov8_bytetrack:track:5,G-102,,28.88475974647386,382.86182437500025,False,False,False,rejected,geometry_gate_rejected,
d5_cv_5v5_multicamera_formal_20260716_yolo_bytetrack:0017:D5_Primary_2:0,4.25,INT-02,D5_Primary_2:0,D5_Primary_2:0/yolov8_bytetrack:track:38,G-102,G-101,29.841230260546684,389.1491089484286,False,False,False,rejected,geometry_gate_rejected,
d5_cv_5v5_multicamera_formal_20260716_yolo_bytetrack:0017:D5_Primary_2:0,4.25,INT-02,D5_Primary_2:0,D5_Primary_2:0/yolov8_bytetrack:track:11,G-102,G-103,29.451836235191287,386.60180064395286,False,False,False,rejected,geometry_gate_rejected,
d5_cv_5v5_multicamera_formal_20260716_yolo_bytetrack:0017:D5_Primary_2:0,4.25,INT-02,D5_Primary_2:0,D5_Primary_2:0/yolov8_bytetrack:track:1,G-103,G-102,29.211014739022897,385.1299088713533,False,False,False,rejected,geometry_gate_rejected,
d5_cv_5v5_multicamera_formal_20260716_yolo_bytetrack:0017:D5_Primary_2:0,4.25,INT-02,D5_Primary_2:0,D5_Primary_2:0/yolov8_bytetrack:track:3,G-103,G-104,25.579336936924772,360.3940707929331,False,False,False,rejected,geometry_gate_rejected,
d5_cv_5v5_multicamera_formal_20260716_yolo_bytetrack:0017:D5_Primary_2:0,4.25,INT-02,D5_Primary_2:0,D5_Primary_2:0/yolov8_bytetrack:track:5,G-103,,0.032022167902400964,12.744238771801792,True,False,False,candidate,,
d5_cv_5v5_multicamera_formal_20260716_yolo_bytetrack:0017:D5_Primary_2:0,4.25,INT-02,D5_Primary_2:0,D5_Primary_2:0/yolov8_bytetrack:track:38,G-103,G-101,119.74165788058089,779.7520503949527,False,False,False,rejected,geometry_gate_rejected,
d5_cv_5v5_multicamera_formal_20260716_yolo_bytetrack:0017:D5_Primary_2:0,4.25,INT-02,D5_Primary_2:0,D5_Primary_2:0/yolov8_bytetrack:track:11,G-103,G-103,0.015332279654395499,8.816954065350192,True,True,True,registered,registered_to_global_track,True
d5_cv_5v5_multicamera_formal_20260716_yolo_bytetrack:0017:D5_Primary_2:0,4.25,INT-02,D5_Primary_2:0,D5_Primary_2:0/yolov8_bytetrack:track:1,G-104,G-102,109.33015445819144,746.762358549531,False,False,False,rejected,geometry_gate_rejected,
d5_cv_5v5_multicamera_formal_20260716_yolo_bytetrack:0017:D5_Primary_2:0,4.25,INT-02,D5_Primary_2:0,D5_Primary_2:0/yolov8_bytetrack:track:3,G-104,G-104,0.001180499221839239,2.4480420418214157,True,True,True,registered,registered_to_global_track,True
d5_cv_5v5_multicamera_formal_20260716_yolo_bytetrack:0017:D5_Primary_2:0,4.25,INT-02,D5_Primary_2:0,D5_Primary_2:0/yolov8_bytetrack:track:5,G-104,,26.830176076385616,369.93391460929206,False,False,False,rejected,geometry_gate_rejected,
d5_cv_5v5_multicamera_formal_20260716_yolo_bytetrack:0017:D5_Primary_2:0,4.25,INT-02,D5_Primary_2:0,D5_Primary_2:0/yolov8_bytetrack:track:38,G-104,G-101,255.42669208044782,1141.4202596881953,False,False,False,rejected,geometry_gate_rejected,
d5_cv_5v5_multicamera_formal_20260716_yolo_bytetrack:0017:D5_Primary_2:0,4.25,INT-02,D5_Primary_2:0,D5_Primary_2:0/yolov8_bytetrack:track:11,G-104,G-103,26.278437217826728,366.11051733470737,False,False,False,rejected,geometry_gate_rejected,
d5_cv_5v5_multicamera_formal_20260716_yolo_bytetrack:0017:D5_Primary_2:0,4.25,INT-02,D5_Primary_2:0,D5_Primary_2:0/yolov8_bytetrack:track:1,G-105,G-102,,1088.871465750878,False,False,False,rejected,projection_invalid,
d5_cv_5v5_multicamera_formal_20260716_yolo_bytetrack:0017:D5_Primary_2:0,4.25,INT-02,D5_Primary_2:0,D5_Primary_2:0/yolov8_bytetrack:track:3,G-105,G-104,,343.5815424609305,False,False,False,rejected,projection_invalid,
d5_cv_5v5_multicamera_formal_20260716_yolo_bytetrack:0017:D5_Primary_2:0,4.25,INT-02,D5_Primary_2:0,D5_Primary_2:0/yolov8_bytetrack:track:5,G-105,,,712.0480637251301,False,False,False,rejected,projection_invalid,
d5_cv_5v5_multicamera_formal_20260716_yolo_bytetrack:0017:D5_Primary_2:0,4.25,INT-02,D5_Primary_2:0,D5_Primary_2:0/yolov8_bytetrack:track:38,G-105,G-101,,1483.5293166463418,False,False,False,rejected,projection_invalid,
d5_cv_5v5_multicamera_formal_20260716_yolo_bytetrack:0017:D5_Primary_2:0,4.25,INT-02,D5_Primary_2:0,D5_Primary_2:0/yolov8_bytetrack:track:11,G-105,G-103,,708.2204771370157,False,False,False,rejected,projection_invalid,
d5_cv_5v5_multicamera_formal_20260716_yolo_bytetrack:0017:D5_Primary_3:0,4.25,INT-03,D5_Primary_3:0,D5_Primary_3:0/yolov8_bytetrack:track:1,G-101,G-103,116.86425980459681,773.5842236053929,False,False,False,rejected,geometry_gate_rejected,
d5_cv_5v5_multicamera_formal_20260716_yolo_bytetrack:0017:D5_Primary_3:0,4.25,INT-03,D5_Primary_3:0,D5_Primary_3:0/yolov8_bytetrack:track:12,G-101,G-104,260.30411581818595,1154.535420059136,False,False,False,rejected,geometry_gate_rejected,
d5_cv_5v5_multicamera_formal_20260716_yolo_bytetrack:0017:D5_Primary_3:0,4.25,INT-03,D5_Primary_3:0,D5_Primary_3:0/yolov8_bytetrack:track:1,G-102,G-103,30.070635552442816,391.1563456185283,False,False,False,rejected,geometry_gate_rejected,
d5_cv_5v5_multicamera_formal_20260716_yolo_bytetrack:0017:D5_Primary_3:0,4.25,INT-03,D5_Primary_3:0,D5_Primary_3:0/yolov8_bytetrack:track:12,G-102,G-104,117.14335860030116,772.0364700231495,False,False,False,rejected,geometry_gate_rejected,
d5_cv_5v5_multicamera_formal_20260716_yolo_bytetrack:0017:D5_Primary_3:0,4.25,INT-03,D5_Primary_3:0,D5_Primary_3:0/yolov8_bytetrack:track:1,G-103,G-103,0.037512082652218934,13.794581184387953,True,True,True,registered,registered_to_global_track,True
d5_cv_5v5_multicamera_formal_20260716_yolo_bytetrack:0017:D5_Primary_3:0,4.25,INT-03,D5_Primary_3:0,D5_Primary_3:0/yolov8_bytetrack:track:12,G-103,G-104,27.040776640444538,370.3669768298685,False,False,False,rejected,geometry_gate_rejected,
d5_cv_5v5_multicamera_formal_20260716_yolo_bytetrack:0017:D5_Primary_3:0,4.25,INT-03,D5_Primary_3:0,D5_Primary_3:0/yolov8_bytetrack:track:1,G-104,G-103,29.090090600893813,384.4710805629664,False,False,False,rejected,geometry_gate_rejected,
d5_cv_5v5_multicamera_formal_20260716_yolo_bytetrack:0017:D5_Primary_3:0,4.25,INT-03,D5_Primary_3:0,D5_Primary_3:0/yolov8_bytetrack:track:12,G-104,G-104,0.005234410843265872,5.154636163444615,True,True,True,registered,registered_to_global_track,True
d5_cv_5v5_multicamera_formal_20260716_yolo_bytetrack:0017:D5_Primary_3:0,4.25,INT-03,D5_Primary_3:0,D5_Primary_3:0/yolov8_bytetrack:track:1,G-105,G-103,108.90534979703465,745.5842465772794,False,False,False,rejected,geometry_gate_rejected,
d5_cv_5v5_multicamera_formal_20260716_yolo_bytetrack:0017:D5_Primary_3:0,4.25,INT-03,D5_Primary_3:0,D5_Primary_3:0/yolov8_bytetrack:track:12,G-105,G-104,26.055464116892317,364.6878489169532,False,False,False,rejected,geometry_gate_rejected,
d5_cv_5v5_multicamera_formal_20260716_yolo_bytetrack:0017:D5_Primary_4:0,4.25,INT-04,D5_Primary_4:0,D5_Primary_4:0/yolov8_bytetrack:track:1,G-101,G-104,,1143.8603685779617,False,False,False,rejected,projection_invalid,
d5_cv_5v5_multicamera_formal_20260716_yolo_bytetrack:0017:D5_Primary_4:0,4.25,INT-04,D5_Primary_4:0,D5_Primary_4:0/yolov8_bytetrack:track:7,G-101,,,1529.3466292427986,False,False,False,rejected,projection_invalid,
d5_cv_5v5_multicamera_formal_20260716_yolo_bytetrack:0017:D5_Primary_4:0,4.25,INT-04,D5_Primary_4:0,D5_Primary_4:0/yolov8_bytetrack:track:1,G-102,G-104,116.22203644169261,771.1144551795043,False,False,False,rejected,geometry_gate_rejected,
d5_cv_5v5_multicamera_formal_20260716_yolo_bytetrack:0017:D5_Primary_4:0,4.25,INT-04,D5_Primary_4:0,D5_Primary_4:0/yolov8_bytetrack:track:7,G-102,,261.4523603796475,1156.5671231843673,False,False,False,rejected,geometry_gate_rejected,
d5_cv_5v5_multicamera_formal_20260716_yolo_bytetrack:0017:D5_Primary_4:0,4.25,INT-04,D5_Primary_4:0,D5_Primary_4:0/yolov8_bytetrack:track:1,G-103,G-104,26.952261559786514,370.1109089505261,False,False,False,rejected,geometry_gate_rejected,
d5_cv_5v5_multicamera_formal_20260716_yolo_bytetrack:0017:D5_Primary_4:0,4.25,INT-04,D5_Primary_4:0,D5_Primary_4:0/yolov8_bytetrack:track:7,G-103,,112.31697068265258,755.5390512807783,False,False,False,rejected,geometry_gate_rejected,
d5_cv_5v5_multicamera_formal_20260716_yolo_bytetrack:0017:D5_Primary_4:0,4.25,INT-04,D5_Primary_4:0,D5_Primary_4:0/yolov8_bytetrack:track:1,G-104,G-104,0.00694189282782887,5.9348620857534655,True,True,True,registered,registered_to_global_track,True
d5_cv_5v5_multicamera_formal_20260716_yolo_bytetrack:0017:D5_Primary_4:0,4.25,INT-04,D5_Primary_4:0,D5_Primary_4:0/yolov8_bytetrack:track:7,G-104,,28.506140396275285,380.31274899893833,False,False,False,rejected,geometry_gate_rejected,
d5_cv_5v5_multicamera_formal_20260716_yolo_bytetrack:0017:D5_Primary_4:0,4.25,INT-04,D5_Primary_4:0,D5_Primary_4:0/yolov8_bytetrack:track:1,G-105,G-104,27.77937528198989,375.72552433571894,False,False,False,rejected,geometry_gate_rejected,
d5_cv_5v5_multicamera_formal_20260716_yolo_bytetrack:0017:D5_Primary_4:0,4.25,INT-04,D5_Primary_4:0,D5_Primary_4:0/yolov8_bytetrack:track:7,G-105,,0.02692199508239211,11.6933403268352,True,True,True,registered,registered_to_global_track,
d5_cv_5v5_multicamera_formal_20260716_yolo_bytetrack:0017:D5_Primary_5:0,4.25,INT-05,D5_Primary_5:0,D5_Primary_5:0/yolov8_bytetrack:track:1,G-101,G-105,,1484.752591046117,False,False,False,rejected,projection_invalid,
d5_cv_5v5_multicamera_formal_20260716_yolo_bytetrack:0017:D5_Primary_5:0,4.25,INT-05,D5_Primary_5:0,D5_Primary_5:0/yolov8_bytetrack:track:1,G-102,G-105,,1131.4513715496103,False,False,False,rejected,projection_invalid,
d5_cv_5v5_multicamera_formal_20260716_yolo_bytetrack:0017:D5_Primary_5:0,4.25,INT-05,D5_Primary_5:0,D5_Primary_5:0/yolov8_bytetrack:track:1,G-103,G-105,107.93977670049529,742.31547176136,False,False,False,rejected,geometry_gate_rejected,
d5_cv_5v5_multicamera_formal_20260716_yolo_bytetrack:0017:D5_Primary_5:0,4.25,INT-05,D5_Primary_5:0,D5_Primary_5:0/yolov8_bytetrack:track:1,G-104,G-105,27.873565853372,376.3372945573824,False,False,False,rejected,geometry_gate_rejected,
d5_cv_5v5_multicamera_formal_20260716_yolo_bytetrack:0017:D5_Primary_5:0,4.25,INT-05,D5_Primary_5:0,D5_Primary_5:0/yolov8_bytetrack:track:1,G-105,G-105,0.017050277043197715,9.299563240213997,True,True,True,registered,registered_to_global_track,True
d5_cv_5v5_multicamera_formal_20260716_yolo_bytetrack:0017:D5_Recon_1:0,4.25,RECON-01,D5_Recon_1:0,D5_Recon_1:0:det:0001,G-101,G-101,6.674015480900646e-05,1.1340146706781131,True,True,True,registered,registered_to_global_track,True
d5_cv_5v5_multicamera_formal_20260716_yolo_bytetrack:0017:D5_Recon_1:0,4.25,RECON-01,D5_Recon_1:0,D5_Recon_1:0:det:0002,G-101,G-102,6.192021961139018,345.4151148219507,True,False,False,candidate,,
d5_cv_5v5_multicamera_formal_20260716_yolo_bytetrack:0017:D5_Recon_1:0,4.25,RECON-01,D5_Recon_1:0,D5_Recon_1:0:det:0003,G-101,G-103,24.8615226063386,692.1320418453231,False,False,False,rejected,geometry_gate_rejected,
d5_cv_5v5_multicamera_formal_20260716_yolo_bytetrack:0017:D5_Recon_1:0,4.25,RECON-01,D5_Recon_1:0,D5_Recon_1:0:det:0004,G-101,G-104,55.989754447858836,1038.6742740342063,False,False,False,rejected,geometry_gate_rejected,
d5_cv_5v5_multicamera_formal_20260716_yolo_bytetrack:0017:D5_Recon_1:0,4.25,RECON-01,D5_Recon_1:0,D5_Recon_1:0:det:0005,G-101,G-105,99.50873880364853,1384.7000397230686,False,False,False,rejected,geometry_gate_rejected,
d5_cv_5v5_multicamera_formal_20260716_yolo_bytetrack:0017:D5_Recon_1:0,4.25,RECON-01,D5_Recon_1:0,D5_Recon_1:0:det:0001,G-102,G-101,6.066053984021979,341.8105929337809,True,False,False,candidate,,
d5_cv_5v5_multicamera_formal_20260716_yolo_bytetrack:0017:D5_Recon_1:0,4.25,RECON-01,D5_Recon_1:0,D5_Recon_1:0:det:0002,G-102,G-102,0.0031774293396986874,7.822564386547976,True,True,True,registered,registered_to_global_track,True
d5_cv_5v5_multicamera_formal_20260716_yolo_bytetrack:0017:D5_Recon_1:0,4.25,RECON-01,D5_Recon_1:0,D5_Recon_1:0:det:0003,G-102,G-103,6.417227182378578,351.5654056455569,True,False,False,candidate,,
d5_cv_5v5_multicamera_formal_20260716_yolo_bytetrack:0017:D5_Recon_1:0,4.25,RECON-01,D5_Recon_1:0,D5_Recon_1:0:det:0004,G-102,G-104,25.301505781695976,698.0806626325747,False,False,False,rejected,geometry_gate_rejected,
d5_cv_5v5_multicamera_formal_20260716_yolo_bytetrack:0017:D5_Recon_1:0,4.25,RECON-01,D5_Recon_1:0,D5_Recon_1:0:det:0005,G-102,G-105,56.60010048089653,1044.097420327261,False,False,False,rejected,geometry_gate_rejected,
d5_cv_5v5_multicamera_formal_20260716_yolo_bytetrack:0017:D5_Recon_1:0,4.25,RECON-01,D5_Recon_1:0,D5_Recon_1:0:det:0001,G-103,G-101,25.688971362672135,703.3379931177956,False,False,False,rejected,geometry_gate_rejected,
d5_cv_5v5_multicamera_formal_20260716_yolo_bytetrack:0017:D5_Recon_1:0,4.25,RECON-01,D5_Recon_1:0,D5_Recon_1:0:det:0002,G-103,G-102,6.610610443087237,356.78903852894547,True,False,False,candidate,,
d5_cv_5v5_multicamera_formal_20260716_yolo_bytetrack:0017:D5_Recon_1:0,4.25,RECON-01,D5_Recon_1:0,D5_Recon_1:0:det:0003,G-103,G-103,0.00527354675793767,10.077252049361043,True,True,True,registered,registered_to_global_track,True
d5_cv_5v5_multicamera_formal_20260716_yolo_bytetrack:0017:D5_Recon_1:0,4.25,RECON-01,D5_Recon_1:0,D5_Recon_1:0:det:0004,G-103,G-104,5.879120484512509,336.4704282099764,True,False,False,candidate,,
d5_cv_5v5_multicamera_formal_20260716_yolo_bytetrack:0017:D5_Recon_1:0,4.25,RECON-01,D5_Recon_1:0,D5_Recon_1:0:det:0005,G-103,G-105,24.18905589117314,682.4961087491541,False,False,False,rejected,geometry_gate_rejected,
d5_cv_5v5_multicamera_formal_20260716_yolo_bytetrack:0017:D5_Recon_1:0,4.25,RECON-01,D5_Recon_1:0,D5_Recon_1:0:det:0001,G-104,G-101,56.49684297824392,1043.1041833671766,False,False,False,rejected,geometry_gate_rejected,
d5_cv_5v5_multicamera_formal_20260716_yolo_bytetrack:0017:D5_Recon_1:0,4.25,RECON-01,D5_Recon_1:0,D5_Recon_1:0:det:0002,G-104,G-102,25.193419566885897,696.5610049244658,False,False,False,rejected,geometry_gate_rejected,
d5_cv_5v5_multicamera_formal_20260716_yolo_bytetrack:0017:D5_Recon_1:0,4.25,RECON-01,D5_Recon_1:0,D5_Recon_1:0:det:0003,G-104,G-103,6.3556615998430415,349.8613622053283,True,False,False,candidate,,
d5_cv_5v5_multicamera_formal_20260716_yolo_bytetrack:0017:D5_Recon_1:0,4.25,RECON-01,D5_Recon_1:0,D5_Recon_1:0:det:0004,G-104,G-104,0.0018220348784846875,5.923394155983983,True,True,True,registered,registered_to_global_track,True
d5_cv_5v5_multicamera_formal_20260716_yolo_bytetrack:0017:D5_Recon_1:0,4.25,RECON-01,D5_Recon_1:0,D5_Recon_1:0:det:0005,G-104,G-105,6.100874619992317,342.7769595172106,True,False,False,candidate,,
d5_cv_5v5_multicamera_formal_20260716_yolo_bytetrack:0017:D5_Recon_1:0,4.25,RECON-01,D5_Recon_1:0,D5_Recon_1:0:det:0001,G-105,G-101,98.76374738602593,1379.4784549070475,False,False,False,rejected,geometry_gate_rejected,
d5_cv_5v5_multicamera_formal_20260716_yolo_bytetrack:0017:D5_Recon_1:0,4.25,RECON-01,D5_Recon_1:0,D5_Recon_1:0:det:0002,G-105,G-102,55.37441050517603,1032.9295454015798,False,False,False,rejected,geometry_gate_rejected,
d5_cv_5v5_multicamera_formal_20260716_yolo_bytetrack:0017:D5_Recon_1:0,4.25,RECON-01,D5_Recon_1:0,D5_Recon_1:0:det:0003,G-105,G-103,24.43911216601474,686.2128625714683,False,False,False,rejected,geometry_gate_rejected,
d5_cv_5v5_multicamera_formal_20260716_yolo_bytetrack:0017:D5_Recon_1:0,4.25,RECON-01,D5_Recon_1:0,D5_Recon_1:0:det:0004,G-105,G-104,5.988052605417139,339.67137185026786,True,False,False,candidate,,
d5_cv_5v5_multicamera_formal_20260716_yolo_bytetrack:0017:D5_Recon_1:0,4.25,RECON-01,D5_Recon_1:0,D5_Recon_1:0:det:0005,G-105,G-105,0.0021473404797838934,6.432257409443135,True,True,True,registered,registered_to_global_track,True
d5_cv_5v5_multicamera_formal_20260716_yolo_bytetrack:0018:D5_Primary_1:0,4.5,INT-01,D5_Primary_1:0,D5_Primary_1:0/yolov8_bytetrack:track:1,G-101,G-101,0.010862216542646647,7.423248268021439,True,True,True,registered,registered_to_global_track,True
d5_cv_5v5_multicamera_formal_20260716_yolo_bytetrack:0018:D5_Primary_1:0,4.5,INT-01,D5_Primary_1:0,D5_Primary_1:0/yolov8_bytetrack:track:15,G-101,G-102,26.679765391368722,367.8966143024205,False,False,False,rejected,geometry_gate_rejected,
d5_cv_5v5_multicamera_formal_20260716_yolo_bytetrack:0018:D5_Primary_1:0,4.5,INT-01,D5_Primary_1:0,D5_Primary_1:0/yolov8_bytetrack:track:1,G-102,G-101,26.387976507663858,365.97821338795194,False,False,False,rejected,geometry_gate_rejected,
d5_cv_5v5_multicamera_formal_20260716_yolo_bytetrack:0018:D5_Primary_1:0,4.5,INT-01,D5_Primary_1:0,D5_Primary_1:0/yolov8_bytetrack:track:15,G-102,G-102,0.037058320394840985,13.70277337303489,True,True,True,registered,registered_to_global_track,True
d5_cv_5v5_multicamera_formal_20260716_yolo_bytetrack:0018:D5_Primary_1:0,4.5,INT-01,D5_Primary_1:0,D5_Primary_1:0/yolov8_bytetrack:track:1,G-103,G-101,104.86564309062643,730.683742795488,False,False,False,rejected,geometry_gate_rejected,
d5_cv_5v5_multicamera_formal_20260716_yolo_bytetrack:0018:D5_Primary_1:0,4.5,INT-01,D5_Primary_1:0,D5_Primary_1:0/yolov8_bytetrack:track:15,G-103,G-102,25.780557843519517,362.2919705933611,False,False,False,rejected,geometry_gate_rejected,
d5_cv_5v5_multicamera_formal_20260716_yolo_bytetrack:0018:D5_Primary_1:0,4.5,INT-01,D5_Primary_1:0,D5_Primary_1:0/yolov8_bytetrack:track:1,G-104,G-101,,1066.1591203019566,False,False,False,rejected,projection_invalid,
d5_cv_5v5_multicamera_formal_20260716_yolo_bytetrack:0018:D5_Primary_1:0,4.5,INT-01,D5_Primary_1:0,D5_Primary_1:0/yolov8_bytetrack:track:15,G-104,G-102,,697.7067683755873,False,False,False,rejected,projection_invalid,
d5_cv_5v5_multicamera_formal_20260716_yolo_bytetrack:0018:D5_Primary_1:0,4.5,INT-01,D5_Primary_1:0,D5_Primary_1:0/yolov8_bytetrack:track:1,G-105,G-101,,1376.4049510774253,False,False,False,rejected,projection_invalid,
d5_cv_5v5_multicamera_formal_20260716_yolo_bytetrack:0018:D5_Primary_1:0,4.5,INT-01,D5_Primary_1:0,D5_Primary_1:0/yolov8_bytetrack:track:15,G-105,G-102,,1007.955486138238,False,False,False,rejected,projection_invalid,
d5_cv_5v5_multicamera_formal_20260716_yolo_bytetrack:0018:D5_Primary_2:0,4.5,INT-02,D5_Primary_2:0,D5_Primary_2:0/yolov8_bytetrack:track:1,G-101,G-102,28.94410271267718,383.79184806359564,False,False,False,rejected,geometry_gate_rejected,
d5_cv_5v5_multicamera_formal_20260716_yolo_bytetrack:0018:D5_Primary_2:0,4.5,INT-02,D5_Primary_2:0,D5_Primary_2:0/yolov8_bytetrack:track:3,G-101,G-104,246.9797505249218,1121.1050697446535,False,False,False,rejected,geometry_gate_rejected,
d5_cv_5v5_multicamera_formal_20260716_yolo_bytetrack:0018:D5_Primary_2:0,4.5,INT-02,D5_Primary_2:0,D5_Primary_2:0/yolov8_bytetrack:track:5,G-101,G-103,112.58710716986366,756.9374851787989,False,False,False,rejected,geometry_gate_rejected,
d5_cv_5v5_multicamera_formal_20260716_yolo_bytetrack:0018:D5_Primary_2:0,4.5,INT-02,D5_Primary_2:0,D5_Primary_2:0/yolov8_bytetrack:track:38,G-101,G-101,0.025337154417727575,11.349477517439517,True,True,True,registered,registered_to_global_track,True
d5_cv_5v5_multicamera_formal_20260716_yolo_bytetrack:0018:D5_Primary_2:0,4.5,INT-02,D5_Primary_2:0,D5_Primary_2:0/yolov8_bytetrack:track:1,G-102,G-102,0.04023302331183695,14.288919016553747,True,True,True,registered,registered_to_global_track,True
d5_cv_5v5_multicamera_formal_20260716_yolo_bytetrack:0018:D5_Primary_2:0,4.5,INT-02,D5_Primary_2:0,D5_Primary_2:0/yolov8_bytetrack:track:3,G-102,G-104,108.82213985312228,743.1324694525528,False,False,False,rejected,geometry_gate_rejected,
d5_cv_5v5_multicamera_formal_20260716_yolo_bytetrack:0018:D5_Primary_2:0,4.5,INT-02,D5_Primary_2:0,D5_Primary_2:0/yolov8_bytetrack:track:5,G-102,G-103,28.320944836013435,379.10671559957893,False,False,False,rejected,geometry_gate_rejected,
d5_cv_5v5_multicamera_formal_20260716_yolo_bytetrack:0018:D5_Primary_2:0,4.5,INT-02,D5_Primary_2:0,D5_Primary_2:0/yolov8_bytetrack:track:38,G-102,G-101,29.430433985193673,386.4612336766265,False,False,False,rejected,geometry_gate_rejected,
d5_cv_5v5_multicamera_formal_20260716_yolo_bytetrack:0018:D5_Primary_2:0,4.5,INT-02,D5_Primary_2:0,D5_Primary_2:0/yolov8_bytetrack:track:1,G-103,G-102,28.663821564168632,381.48770271060476,False,False,False,rejected,geometry_gate_rejected,
d5_cv_5v5_multicamera_formal_20260716_yolo_bytetrack:0018:D5_Primary_2:0,4.5,INT-02,D5_Primary_2:0,D5_Primary_2:0/yolov8_bytetrack:track:3,G-103,G-104,24.97403352481656,356.08762164098766,False,False,False,rejected,geometry_gate_rejected,
d5_cv_5v5_multicamera_formal_20260716_yolo_bytetrack:0018:D5_Primary_2:0,4.5,INT-02,D5_Primary_2:0,D5_Primary_2:0/yolov8_bytetrack:track:5,G-103,G-103,0.035286328868743416,13.377077404934102,True,True,True,registered,registered_to_global_track,True
d5_cv_5v5_multicamera_formal_20260716_yolo_bytetrack:0018:D5_Primary_2:0,4.5,INT-02,D5_Primary_2:0,D5_Primary_2:0/yolov8_bytetrack:track:38,G-103,G-101,117.78371689839616,773.3143774584096,False,False,False,rejected,geometry_gate_rejected,
d5_cv_5v5_multicamera_formal_20260716_yolo_bytetrack:0018:D5_Primary_2:0,4.5,INT-02,D5_Primary_2:0,D5_Primary_2:0/yolov8_bytetrack:track:1,G-104,G-102,107.0843347407202,738.9520674850621,False,False,False,rejected,geometry_gate_rejected,
d5_cv_5v5_multicamera_formal_20260716_yolo_bytetrack:0018:D5_Primary_2:0,4.5,INT-02,D5_Primary_2:0,D5_Primary_2:0/yolov8_bytetrack:track:3,G-104,G-104,0.0014355657133328802,2.6993761395136517,True,True,True,registered,registered_to_global_track,True
d5_cv_5v5_multicamera_formal_20260716_yolo_bytetrack:0018:D5_Primary_2:0,4.5,INT-02,D5_Primary_2:0,D5_Primary_2:0/yolov8_bytetrack:track:5,G-104,G-103,26.24197073286375,365.80650809894996,False,False,False,rejected,geometry_gate_rejected,
d5_cv_5v5_multicamera_formal_20260716_yolo_bytetrack:0018:D5_Primary_2:0,4.5,INT-02,D5_Primary_2:0,D5_Primary_2:0/yolov8_bytetrack:track:38,G-104,G-101,250.77419682246463,1130.8232299922702,False,False,False,rejected,geometry_gate_rejected,
d5_cv_5v5_multicamera_formal_20260716_yolo_bytetrack:0018:D5_Primary_2:0,4.5,INT-02,D5_Primary_2:0,D5_Primary_2:0/yolov8_bytetrack:track:1,G-105,G-102,,1076.5929811734038,False,False,False,rejected,projection_invalid,
d5_cv_5v5_multicamera_formal_20260716_yolo_bytetrack:0018:D5_Primary_2:0,4.5,INT-02,D5_Primary_2:0,D5_Primary_2:0/yolov8_bytetrack:track:3,G-105,G-104,,339.26564145612036,False,False,False,rejected,projection_invalid,
d5_cv_5v5_multicamera_formal_20260716_yolo_bytetrack:0018:D5_Primary_2:0,4.5,INT-02,D5_Primary_2:0,D5_Primary_2:0/yolov8_bytetrack:track:5,G-105,G-103,,703.4522252563869,False,False,False,rejected,projection_invalid,
d5_cv_5v5_multicamera_formal_20260716_yolo_bytetrack:0018:D5_Primary_2:0,4.5,INT-02,D5_Primary_2:0,D5_Primary_2:0/yolov8_bytetrack:track:38,G-105,G-101,,1468.463020564175,False,False,False,rejected,projection_invalid,
d5_cv_5v5_multicamera_formal_20260716_yolo_bytetrack:0018:D5_Primary_3:0,4.5,INT-03,D5_Primary_3:0,D5_Primary_3:0/yolov8_bytetrack:track:1,G-101,G-103,114.97357709080124,767.277256711549,False,False,False,rejected,geometry_gate_rejected,
d5_cv_5v5_multicamera_formal_20260716_yolo_bytetrack:0018:D5_Primary_3:0,4.5,INT-03,D5_Primary_3:0,D5_Primary_3:0/yolov8_bytetrack:track:12,G-101,G-104,256.2920274852461,1145.5679418226343,False,False,False,rejected,geometry_gate_rejected,
d5_cv_5v5_multicamera_formal_20260716_yolo_bytetrack:0018:D5_Primary_3:0,4.5,INT-03,D5_Primary_3:0,D5_Primary_3:0/yolov8_bytetrack:track:49,G-101,G-105,452.4155838814353,1522.025926034496,False,False,False,rejected,geometry_gate_rejected,
d5_cv_5v5_multicamera_formal_20260716_yolo_bytetrack:0018:D5_Primary_3:0,4.5,INT-03,D5_Primary_3:0,D5_Primary_3:0/yolov8_bytetrack:track:1,G-102,G-103,29.567426803813827,387.86908815298506,False,False,False,rejected,geometry_gate_rejected,
d5_cv_5v5_multicamera_formal_20260716_yolo_bytetrack:0018:D5_Primary_3:0,4.5,INT-03,D5_Primary_3:0,D5_Primary_3:0/yolov8_bytetrack:track:12,G-102,G-104,115.35113457046303,766.106687482031,False,False,False,rejected,geometry_gate_rejected,
d5_cv_5v5_multicamera_formal_20260716_yolo_bytetrack:0018:D5_Primary_3:0,4.5,INT-03,D5_Primary_3:0,D5_Primary_3:0/yolov8_bytetrack:track:49,G-102,G-105,256.5459768270857,1142.5120558018368,False,False,False,rejected,geometry_gate_rejected,
d5_cv_5v5_multicamera_formal_20260716_yolo_bytetrack:0018:D5_Primary_3:0,4.5,INT-03,D5_Primary_3:0,D5_Primary_3:0/yolov8_bytetrack:track:1,G-103,G-103,0.03501761702345401,13.328053260484031,True,True,True,registered,registered_to_global_track,True
d5_cv_5v5_multicamera_formal_20260716_yolo_bytetrack:0018:D5_Primary_3:0,4.5,INT-03,D5_Primary_3:0,D5_Primary_3:0/yolov8_bytetrack:track:12,G-103,G-104,26.66109021189128,367.75800224211457,False,False,False,rejected,geometry_gate_rejected,
d5_cv_5v5_multicamera_formal_20260716_yolo_bytetrack:0018:D5_Primary_3:0,4.5,INT-03,D5_Primary_3:0,D5_Primary_3:0/yolov8_bytetrack:track:49,G-103,G-105,109.15650326208669,744.1285995608525,False,False,False,rejected,geometry_gate_rejected,
d5_cv_5v5_multicamera_formal_20260716_yolo_bytetrack:0018:D5_Primary_3:0,4.5,INT-03,D5_Primary_3:0,D5_Primary_3:0/yolov8_bytetrack:track:1,G-104,G-103,28.546217800906206,380.84804681772994,False,False,False,rejected,geometry_gate_rejected,
d5_cv_5v5_multicamera_formal_20260716_yolo_bytetrack:0018:D5_Primary_3:0,4.5,INT-03,D5_Primary_3:0,D5_Primary_3:0/yolov8_bytetrack:track:12,G-104,G-104,0.004379549594078479,4.714084917160609,True,True,True,registered,registered_to_global_track,True
d5_cv_5v5_multicamera_formal_20260716_yolo_bytetrack:0018:D5_Primary_3:0,4.5,INT-03,D5_Primary_3:0,D5_Primary_3:0/yolov8_bytetrack:track:49,G-104,G-105,27.516394169034932,373.9152329803115,False,False,False,rejected,geometry_gate_rejected,
d5_cv_5v5_multicamera_formal_20260716_yolo_bytetrack:0018:D5_Primary_3:0,4.5,INT-03,D5_Primary_3:0,D5_Primary_3:0/yolov8_bytetrack:track:1,G-105,G-103,106.77736487901632,738.1889558396382,False,False,False,rejected,geometry_gate_rejected,
d5_cv_5v5_multicamera_formal_20260716_yolo_bytetrack:0018:D5_Primary_3:0,4.5,INT-03,D5_Primary_3:0,D5_Primary_3:0/yolov8_bytetrack:track:12,G-105,G-104,25.390720215943176,359.96907785581413,False,False,False,rejected,geometry_gate_rejected,
d5_cv_5v5_multicamera_formal_20260716_yolo_bytetrack:0018:D5_Primary_3:0,4.5,INT-03,D5_Primary_3:0,D5_Primary_3:0/yolov8_bytetrack:track:49,G-105,G-105,0.05963555776241826,17.439124414260775,True,True,True,registered,registered_to_global_track,True
d5_cv_5v5_multicamera_formal_20260716_yolo_bytetrack:0018:D5_Primary_4:0,4.5,INT-04,D5_Primary_4:0,D5_Primary_4:0/yolov8_bytetrack:track:1,G-101,G-104,,1133.787354851878,False,False,False,rejected,projection_invalid,
d5_cv_5v5_multicamera_formal_20260716_yolo_bytetrack:0018:D5_Primary_4:0,4.5,INT-04,D5_Primary_4:0,D5_Primary_4:0/yolov8_bytetrack:track:7,G-101,G-105,,1516.7647411888713,False,False,False,rejected,projection_invalid,
d5_cv_5v5_multicamera_formal_20260716_yolo_bytetrack:0018:D5_Primary_4:0,4.5,INT-04,D5_Primary_4:0,D5_Primary_4:0/yolov8_bytetrack:track:1,G-102,G-104,114.18890469559972,764.2903467756414,False,False,False,rejected,geometry_gate_rejected,
d5_cv_5v5_multicamera_formal_20260716_yolo_bytetrack:0018:D5_Primary_4:0,4.5,INT-04,D5_Primary_4:0,D5_Primary_4:0/yolov8_bytetrack:track:7,G-102,G-105,257.2847503900222,1147.237670690239,False,False,False,rejected,geometry_gate_rejected,
d5_cv_5v5_multicamera_formal_20260716_yolo_bytetrack:0018:D5_Primary_4:0,4.5,INT-04,D5_Primary_4:0,D5_Primary_4:0/yolov8_bytetrack:track:1,G-103,G-104,26.450936976135967,366.6470765119553,False,False,False,rejected,geometry_gate_rejected,
d5_cv_5v5_multicamera_formal_20260716_yolo_bytetrack:0018:D5_Primary_4:0,4.5,INT-04,D5_Primary_4:0,D5_Primary_4:0/yolov8_bytetrack:track:7,G-103,G-105,110.55301592202686,749.5712802823786,False,False,False,rejected,geometry_gate_rejected,
d5_cv_5v5_multicamera_formal_20260716_yolo_bytetrack:0018:D5_Primary_4:0,4.5,INT-04,D5_Primary_4:0,D5_Primary_4:0/yolov8_bytetrack:track:1,G-104,G-104,0.006870534550236453,5.904268753114977,True,True,True,registered,registered_to_global_track,True
d5_cv_5v5_multicamera_formal_20260716_yolo_bytetrack:0018:D5_Primary_4:0,4.5,INT-04,D5_Primary_4:0,D5_Primary_4:0/yolov8_bytetrack:track:7,G-104,G-105,28.12399057256277,377.75421678333487,False,False,False,rejected,geometry_gate_rejected,
d5_cv_5v5_multicamera_formal_20260716_yolo_bytetrack:0018:D5_Primary_4:0,4.5,INT-04,D5_Primary_4:0,D5_Primary_4:0/yolov8_bytetrack:track:1,G-105,G-104,27.27809236318585,372.31141350743536,False,False,False,rejected,geometry_gate_rejected,
d5_cv_5v5_multicamera_formal_20260716_yolo_bytetrack:0018:D5_Primary_4:0,4.5,INT-04,D5_Primary_4:0,D5_Primary_4:0/yolov8_bytetrack:track:7,G-105,G-105,0.03133773712119974,12.61588117967406,True,True,True,registered,registered_to_global_track,True
d5_cv_5v5_multicamera_formal_20260716_yolo_bytetrack:0018:D5_Primary_5:0,4.5,INT-05,D5_Primary_5:0,D5_Primary_5:0/yolov8_bytetrack:track:1,G-101,G-105,,1469.9934575333818,False,False,False,rejected,projection_invalid,
d5_cv_5v5_multicamera_formal_20260716_yolo_bytetrack:0018:D5_Primary_5:0,4.5,INT-05,D5_Primary_5:0,D5_Primary_5:0/yolov8_bytetrack:track:1,G-102,G-105,,1120.4582142355143,False,False,False,rejected,projection_invalid,
d5_cv_5v5_multicamera_formal_20260716_yolo_bytetrack:0018:D5_Primary_5:0,4.5,INT-05,D5_Primary_5:0,D5_Primary_5:0/yolov8_bytetrack:track:1,G-103,G-105,105.86672444977503,735.0894500626684,False,False,False,rejected,geometry_gate_rejected,
d5_cv_5v5_multicamera_formal_20260716_yolo_bytetrack:0018:D5_Primary_5:0,4.5,INT-05,D5_Primary_5:0,D5_Primary_5:0/yolov8_bytetrack:track:1,G-104,G-105,27.339310127588014,372.7036730564252,False,False,False,rejected,geometry_gate_rejected,
d5_cv_5v5_multicamera_formal_20260716_yolo_bytetrack:0018:D5_Primary_5:0,4.5,INT-05,D5_Primary_5:0,D5_Primary_5:0/yolov8_bytetrack:track:1,G-105,G-105,0.01602402281767729,9.015346236563593,True,True,True,registered,registered_to_global_track,True
d5_cv_5v5_multicamera_formal_20260716_yolo_bytetrack:0018:D5_Recon_1:0,4.5,RECON-01,D5_Recon_1:0,D5_Recon_1:0:det:0001,G-101,G-101,6.88903181775557e-05,1.1521288620619872,True,True,True,registered,registered_to_global_track,True
d5_cv_5v5_multicamera_formal_20260716_yolo_bytetrack:0018:D5_Recon_1:0,4.5,RECON-01,D5_Recon_1:0,D5_Recon_1:0:det:0002,G-101,G-102,6.07936905361782,342.25619538652995,True,False,False,candidate,,
d5_cv_5v5_multicamera_formal_20260716_yolo_bytetrack:0018:D5_Recon_1:0,4.5,RECON-01,D5_Recon_1:0,D5_Recon_1:0:det:0003,G-101,G-103,24.41018286192199,685.8159487893752,False,False,False,rejected,geometry_gate_rejected,
d5_cv_5v5_multicamera_formal_20260716_yolo_bytetrack:0018:D5_Recon_1:0,4.5,RECON-01,D5_Recon_1:0,D5_Recon_1:0:det:0004,G-101,G-104,54.971827056956634,1029.1819239121098,False,False,False,rejected,geometry_gate_rejected,
d5_cv_5v5_multicamera_formal_20260716_yolo_bytetrack:0018:D5_Recon_1:0,4.5,RECON-01,D5_Recon_1:0,D5_Recon_1:0:det:0005,G-101,G-105,97.69438125046979,1372.008675148512,False,False,False,rejected,geometry_gate_rejected,
d5_cv_5v5_multicamera_formal_20260716_yolo_bytetrack:0018:D5_Recon_1:0,4.5,RECON-01,D5_Recon_1:0,D5_Recon_1:0:det:0001,G-102,G-101,5.9552346573774555,338.6729922706498,True,False,False,candidate,,
d5_cv_5v5_multicamera_formal_20260716_yolo_bytetrack:0018:D5_Recon_1:0,4.5,RECON-01,D5_Recon_1:0,D5_Recon_1:0:det:0002,G-102,G-102,0.0031434501445069688,7.780611575259926,True,True,True,registered,registered_to_global_track,True
d5_cv_5v5_multicamera_formal_20260716_yolo_bytetrack:0018:D5_Recon_1:0,4.5,RECON-01,D5_Recon_1:0,D5_Recon_1:0:det:0003,G-102,G-103,6.302366570626453,348.40389283135926,True,False,False,candidate,,
d5_cv_5v5_multicamera_formal_20260716_yolo_bytetrack:0018:D5_Recon_1:0,4.5,RECON-01,D5_Recon_1:0,D5_Recon_1:0:det:0004,G-102,G-104,24.8443317300426,691.7430844854132,False,False,False,rejected,geometry_gate_rejected,
d5_cv_5v5_multicamera_formal_20260716_yolo_bytetrack:0018:D5_Recon_1:0,4.5,RECON-01,D5_Recon_1:0,D5_Recon_1:0:det:0005,G-102,G-105,55.57120205591433,1034.560897910965,False,False,False,rejected,geometry_gate_rejected,
d5_cv_5v5_multicamera_formal_20260716_yolo_bytetrack:0018:D5_Recon_1:0,4.5,RECON-01,D5_Recon_1:0,D5_Recon_1:0:det:0001,G-103,G-101,25.230995740077184,697.0391284024377,False,False,False,rejected,geometry_gate_rejected,
d5_cv_5v5_multicamera_formal_20260716_yolo_bytetrack:0018:D5_Recon_1:0,4.5,RECON-01,D5_Recon_1:0,D5_Recon_1:0:det:0002,G-103,G-102,6.494138196169888,353.631323121364,True,False,False,candidate,,
d5_cv_5v5_multicamera_formal_20260716_yolo_bytetrack:0018:D5_Recon_1:0,4.5,RECON-01,D5_Recon_1:0,D5_Recon_1:0:det:0003,G-103,G-103,0.005273209729821831,10.076912447517515,True,True,True,registered,registered_to_global_track,True
d5_cv_5v5_multicamera_formal_20260716_yolo_bytetrack:0018:D5_Recon_1:0,4.5,RECON-01,D5_Recon_1:0,D5_Recon_1:0:det:0004,G-103,G-104,5.768686865691644,333.29472906567906,True,False,False,candidate,,
d5_cv_5v5_multicamera_formal_20260716_yolo_bytetrack:0018:D5_Recon_1:0,4.5,RECON-01,D5_Recon_1:0,D5_Recon_1:0:det:0005,G-103,G-105,23.739382960933497,676.1213906924113,False,False,False,rejected,geometry_gate_rejected,
d5_cv_5v5_multicamera_formal_20260716_yolo_bytetrack:0018:D5_Recon_1:0,4.5,RECON-01,D5_Recon_1:0,D5_Recon_1:0:det:0001,G-104,G-101,55.47414112642498,1033.6164690111955,False,False,False,rejected,geometry_gate_rejected,
d5_cv_5v5_multicamera_formal_20260716_yolo_bytetrack:0018:D5_Recon_1:0,4.5,RECON-01,D5_Recon_1:0,D5_Recon_1:0:det:0002,G-104,G-102,24.73659334297407,690.2144910520866,False,False,False,rejected,geometry_gate_rejected,
d5_cv_5v5_multicamera_formal_20260716_yolo_bytetrack:0018:D5_Recon_1:0,4.5,RECON-01,D5_Recon_1:0,D5_Recon_1:0:det:0003,G-104,G-103,6.240360951459157,346.6721750396462,True,False,False,candidate,,
d5_cv_5v5_multicamera_formal_20260716_yolo_bytetrack:0018:D5_Recon_1:0,4.5,RECON-01,D5_Recon_1:0,D5_Recon_1:0:det:0004,G-104,G-104,0.0018168155666538825,5.914889360750957,True,True,True,registered,registered_to_global_track,True
d5_cv_5v5_multicamera_formal_20260716_yolo_bytetrack:0018:D5_Recon_1:0,4.5,RECON-01,D5_Recon_1:0,D5_Recon_1:0:det:0005,G-104,G-105,5.988050108433882,339.5915030347032,True,False,False,candidate,,
d5_cv_5v5_multicamera_formal_20260716_yolo_bytetrack:0018:D5_Recon_1:0,4.5,RECON-01,D5_Recon_1:0,D5_Recon_1:0:det:0001,G-105,G-101,96.95766454631173,1366.796095991671,False,False,False,rejected,geometry_gate_rejected,
d5_cv_5v5_multicamera_formal_20260716_yolo_bytetrack:0018:D5_Recon_1:0,4.5,RECON-01,D5_Recon_1:0,D5_Recon_1:0:det:0002,G-105,G-102,54.357017079963505,1023.3883406665077,False,False,False,rejected,geometry_gate_rejected,
d5_cv_5v5_multicamera_formal_20260716_yolo_bytetrack:0018:D5_Recon_1:0,4.5,RECON-01,D5_Recon_1:0,D5_Recon_1:0:det:0003,G-105,G-103,23.986885755269373,679.8288487993233,False,False,False,rejected,geometry_gate_rejected,
d5_cv_5v5_multicamera_formal_20260716_yolo_bytetrack:0018:D5_Recon_1:0,4.5,RECON-01,D5_Recon_1:0,D5_Recon_1:0:det:0004,G-105,G-104,5.875584061849256,336.4636706089028,True,False,False,candidate,,
d5_cv_5v5_multicamera_formal_20260716_yolo_bytetrack:0018:D5_Recon_1:0,4.5,RECON-01,D5_Recon_1:0,D5_Recon_1:0:det:0005,G-105,G-105,0.002156387307734645,6.445739297553501,True,True,True,registered,registered_to_global_track,True
d5_cv_5v5_multicamera_formal_20260716_yolo_bytetrack:0019:D5_Primary_1:0,4.75,INT-01,D5_Primary_1:0,D5_Primary_1:0/yolov8_bytetrack:track:1,G-101,G-101,0.010048859050930269,7.139901909985031,True,True,True,registered,registered_to_global_track,True
d5_cv_5v5_multicamera_formal_20260716_yolo_bytetrack:0019:D5_Primary_1:0,4.75,INT-01,D5_Primary_1:0,D5_Primary_1:0/yolov8_bytetrack:track:15,G-101,G-102,26.14525090477329,364.19191268600923,False,False,False,rejected,geometry_gate_rejected,
d5_cv_5v5_multicamera_formal_20260716_yolo_bytetrack:0019:D5_Primary_1:0,4.75,INT-01,D5_Primary_1:0,D5_Primary_1:0/yolov8_bytetrack:track:1,G-102,G-101,25.85012906659522,362.2082347185399,False,False,False,rejected,geometry_gate_rejected,
d5_cv_5v5_multicamera_formal_20260716_yolo_bytetrack:0019:D5_Primary_1:0,4.75,INT-01,D5_Primary_1:0,D5_Primary_1:0/yolov8_bytetrack:track:15,G-102,G-102,0.04042622018337834,14.311360974646014,True,True,True,registered,registered_to_global_track,True
d5_cv_5v5_multicamera_formal_20260716_yolo_bytetrack:0019:D5_Primary_1:0,4.75,INT-01,D5_Primary_1:0,D5_Primary_1:0/yolov8_bytetrack:track:1,G-103,G-101,102.53860857094647,722.4171954814545,False,False,False,rejected,geometry_gate_rejected,
d5_cv_5v5_multicamera_formal_20260716_yolo_bytetrack:0019:D5_Primary_1:0,4.75,INT-01,D5_Primary_1:0,D5_Primary_1:0/yolov8_bytetrack:track:15,G-103,G-102,25.12587060013947,357.60582556825983,False,False,False,rejected,geometry_gate_rejected,
d5_cv_5v5_multicamera_formal_20260716_yolo_bytetrack:0019:D5_Primary_1:0,4.75,INT-01,D5_Primary_1:0,D5_Primary_1:0/yolov8_bytetrack:track:1,G-104,G-101,,1052.9781775963834,False,False,False,rejected,projection_invalid,
d5_cv_5v5_multicamera_formal_20260716_yolo_bytetrack:0019:D5_Primary_1:0,4.75,INT-01,D5_Primary_1:0,D5_Primary_1:0/yolov8_bytetrack:track:15,G-104,G-102,,688.089166088045,False,False,False,rejected,projection_invalid,
d5_cv_5v5_multicamera_formal_20260716_yolo_bytetrack:0019:D5_Primary_1:0,4.75,INT-01,D5_Primary_1:0,D5_Primary_1:0/yolov8_bytetrack:track:1,G-105,G-101,,1358.0451045933178,False,False,False,rejected,projection_invalid,
d5_cv_5v5_multicamera_formal_20260716_yolo_bytetrack:0019:D5_Primary_1:0,4.75,INT-01,D5_Primary_1:0,D5_Primary_1:0/yolov8_bytetrack:track:15,G-105,G-102,,993.1605483269954,False,False,False,rejected,projection_invalid,
d5_cv_5v5_multicamera_formal_20260716_yolo_bytetrack:0019:D5_Primary_2:0,4.75,INT-02,D5_Primary_2:0,D5_Primary_2:0/yolov8_bytetrack:track:1,G-101,G-102,28.35548468984898,379.87370122017603,False,False,False,rejected,geometry_gate_rejected,
d5_cv_5v5_multicamera_formal_20260716_yolo_bytetrack:0019:D5_Primary_2:0,4.75,INT-02,D5_Primary_2:0,D5_Primary_2:0/yolov8_bytetrack:track:3,G-101,G-104,242.40632072880766,1110.6893204802707,False,False,False,rejected,geometry_gate_rejected,
d5_cv_5v5_multicamera_formal_20260716_yolo_bytetrack:0019:D5_Primary_2:0,4.75,INT-02,D5_Primary_2:0,D5_Primary_2:0/yolov8_bytetrack:track:5,G-101,G-103,110.17375552673779,748.7895015047152,False,False,False,rejected,geometry_gate_rejected,
d5_cv_5v5_multicamera_formal_20260716_yolo_bytetrack:0019:D5_Primary_2:0,4.75,INT-02,D5_Primary_2:0,D5_Primary_2:0/yolov8_bytetrack:track:38,G-101,G-101,0.020272112139197863,10.150062848840937,True,False,False,candidate,,
d5_cv_5v5_multicamera_formal_20260716_yolo_bytetrack:0019:D5_Primary_2:0,4.75,INT-02,D5_Primary_2:0,D5_Primary_2:0/yolov8_bytetrack:track:2,G-101,,0.01895599286389936,9.816197922891165,True,True,True,registered,registered_to_global_track,
d5_cv_5v5_multicamera_formal_20260716_yolo_bytetrack:0019:D5_Primary_2:0,4.75,INT-02,D5_Primary_2:0,D5_Primary_2:0/yolov8_bytetrack:track:1,G-102,G-102,0.04083323268287486,14.395105727048039,True,True,True,registered,registered_to_global_track,True
d5_cv_5v5_multicamera_formal_20260716_yolo_bytetrack:0019:D5_Primary_2:0,4.75,INT-02,D5_Primary_2:0,D5_Primary_2:0/yolov8_bytetrack:track:3,G-102,G-104,106.73970356409284,735.987649350491,False,False,False,rejected,geometry_gate_rejected,
d5_cv_5v5_multicamera_formal_20260716_yolo_bytetrack:0019:D5_Primary_2:0,4.75,INT-02,D5_Primary_2:0,D5_Primary_2:0/yolov8_bytetrack:track:5,G-102,G-103,27.596602063286912,374.22718943613484,False,False,False,rejected,geometry_gate_rejected,
d5_cv_5v5_multicamera_formal_20260716_yolo_bytetrack:0019:D5_Primary_2:0,4.75,INT-02,D5_Primary_2:0,D5_Primary_2:0/yolov8_bytetrack:track:38,G-102,G-101,28.563813944164337,380.72870781510534,False,False,False,rejected,geometry_gate_rejected,
d5_cv_5v5_multicamera_formal_20260716_yolo_bytetrack:0019:D5_Primary_2:0,4.75,INT-02,D5_Primary_2:0,D5_Primary_2:0/yolov8_bytetrack:track:2,G-102,,26.810718651855385,368.8601637561823,False,False,False,rejected,geometry_gate_rejected,
d5_cv_5v5_multicamera_formal_20260716_yolo_bytetrack:0019:D5_Primary_2:0,4.75,INT-02,D5_Primary_2:0,D5_Primary_2:0/yolov8_bytetrack:track:1,G-103,G-102,28.20326739783091,378.3930153021026,False,False,False,rejected,geometry_gate_rejected,
d5_cv_5v5_multicamera_formal_20260716_yolo_bytetrack:0019:D5_Primary_2:0,4.75,INT-02,D5_Primary_2:0,D5_Primary_2:0/yolov8_bytetrack:track:3,G-103,G-104,24.501822043325408,352.68883659417617,False,False,False,rejected,geometry_gate_rejected,
d5_cv_5v5_multicamera_formal_20260716_yolo_bytetrack:0019:D5_Primary_2:0,4.75,INT-02,D5_Primary_2:0,D5_Primary_2:0/yolov8_bytetrack:track:5,G-103,G-103,0.037105435228131575,13.718216051746921,True,True,True,registered,registered_to_global_track,True
d5_cv_5v5_multicamera_formal_20260716_yolo_bytetrack:0019:D5_Primary_2:0,4.75,INT-02,D5_Primary_2:0,D5_Primary_2:0/yolov8_bytetrack:track:38,G-103,G-101,114.91832839257266,763.8147054168874,False,False,False,rejected,geometry_gate_rejected,
d5_cv_5v5_multicamera_formal_20260716_yolo_bytetrack:0019:D5_Primary_2:0,4.75,INT-02,D5_Primary_2:0,D5_Primary_2:0/yolov8_bytetrack:track:2,G-103,,111.37832951030026,751.958215511339,False,False,False,rejected,geometry_gate_rejected,
d5_cv_5v5_multicamera_formal_20260716_yolo_bytetrack:0019:D5_Primary_2:0,4.75,INT-02,D5_Primary_2:0,D5_Primary_2:0/yolov8_bytetrack:track:1,G-104,G-102,105.0242875417138,731.712055601686,False,False,False,rejected,geometry_gate_rejected,
d5_cv_5v5_multicamera_formal_20260716_yolo_bytetrack:0019:D5_Primary_2:0,4.75,INT-02,D5_Primary_2:0,D5_Primary_2:0/yolov8_bytetrack:track:3,G-104,G-104,0.0005226298519549906,1.6281257762362122,True,True,True,registered,registered_to_global_track,True
d5_cv_5v5_multicamera_formal_20260716_yolo_bytetrack:0019:D5_Primary_2:0,4.75,INT-02,D5_Primary_2:0,D5_Primary_2:0/yolov8_bytetrack:track:5,G-104,G-103,25.816081412708257,362.77757894710885,False,False,False,rejected,geometry_gate_rejected,
d5_cv_5v5_multicamera_formal_20260716_yolo_bytetrack:0019:D5_Primary_2:0,4.75,INT-02,D5_Primary_2:0,D5_Primary_2:0/yolov8_bytetrack:track:38,G-104,G-101,244.8253147320255,1117.1808945441521,False,False,False,rejected,geometry_gate_rejected,
d5_cv_5v5_multicamera_formal_20260716_yolo_bytetrack:0019:D5_Primary_2:0,4.75,INT-02,D5_Primary_2:0,D5_Primary_2:0/yolov8_bytetrack:track:2,G-104,,239.65940752079715,1105.3315855873932,False,False,False,rejected,geometry_gate_rejected,
d5_cv_5v5_multicamera_formal_20260716_yolo_bytetrack:0019:D5_Primary_2:0,4.75,INT-02,D5_Primary_2:0,D5_Primary_2:0/yolov8_bytetrack:track:1,G-105,G-102,,1064.9302735394292,False,False,False,rejected,projection_invalid,
d5_cv_5v5_multicamera_formal_20260716_yolo_bytetrack:0019:D5_Primary_2:0,4.75,INT-02,D5_Primary_2:0,D5_Primary_2:0/yolov8_bytetrack:track:3,G-105,G-104,,334.0749800278807,False,False,False,rejected,projection_invalid,
d5_cv_5v5_multicamera_formal_20260716_yolo_bytetrack:0019:D5_Primary_2:0,4.75,INT-02,D5_Primary_2:0,D5_Primary_2:0/yolov8_bytetrack:track:5,G-105,G-103,,695.9999523161418,False,False,False,rejected,projection_invalid,
d5_cv_5v5_multicamera_formal_20260716_yolo_bytetrack:0019:D5_Primary_2:0,4.75,INT-02,D5_Primary_2:0,D5_Primary_2:0/yolov8_bytetrack:track:38,G-105,G-101,,1450.3980361477024,False,False,False,rejected,projection_invalid,
d5_cv_5v5_multicamera_formal_20260716_yolo_bytetrack:0019:D5_Primary_2:0,4.75,INT-02,D5_Primary_2:0,D5_Primary_2:0/yolov8_bytetrack:track:2,G-105,,,1438.5475590392496,False,False,False,rejected,projection_invalid,
d5_cv_5v5_multicamera_formal_20260716_yolo_bytetrack:0019:D5_Primary_3:0,4.75,INT-03,D5_Primary_3:0,D5_Primary_3:0/yolov8_bytetrack:track:1,G-101,G-103,113.10442837957581,760.991329657061,False,False,False,rejected,geometry_gate_rejected,
d5_cv_5v5_multicamera_formal_20260716_yolo_bytetrack:0019:D5_Primary_3:0,4.75,INT-03,D5_Primary_3:0,D5_Primary_3:0/yolov8_bytetrack:track:12,G-101,G-104,251.48164700022255,1134.731341986864,False,False,False,rejected,geometry_gate_rejected,
d5_cv_5v5_multicamera_formal_20260716_yolo_bytetrack:0019:D5_Primary_3:0,4.75,INT-03,D5_Primary_3:0,D5_Primary_3:0/yolov8_bytetrack:track:2,G-101,G-102,28.455947430589795,381.70351489073875,False,False,False,rejected,geometry_gate_rejected,
d5_cv_5v5_multicamera_formal_20260716_yolo_bytetrack:0019:D5_Primary_3:0,4.75,INT-03,D5_Primary_3:0,D5_Primary_3:0/yolov8_bytetrack:track:1,G-102,G-103,29.079048087632355,384.6517085470244,False,False,False,rejected,geometry_gate_rejected,
d5_cv_5v5_multicamera_formal_20260716_yolo_bytetrack:0019:D5_Primary_3:0,4.75,INT-03,D5_Primary_3:0,D5_Primary_3:0/yolov8_bytetrack:track:12,G-102,G-104,113.01780490216014,758.317232777571,False,False,False,rejected,geometry_gate_rejected,
d5_cv_5v5_multicamera_formal_20260716_yolo_bytetrack:0019:D5_Primary_3:0,4.75,INT-03,D5_Primary_3:0,D5_Primary_3:0/yolov8_bytetrack:track:2,G-102,G-102,0.04491561173671792,15.103984102204452,True,True,True,registered,registered_to_global_track,True
d5_cv_5v5_multicamera_formal_20260716_yolo_bytetrack:0019:D5_Primary_3:0,4.75,INT-03,D5_Primary_3:0,D5_Primary_3:0/yolov8_bytetrack:track:1,G-103,G-103,0.03775077618471373,13.838419914477877,True,True,True,registered,registered_to_global_track,True
d5_cv_5v5_multicamera_formal_20260716_yolo_bytetrack:0019:D5_Primary_3:0,4.75,INT-03,D5_Primary_3:0,D5_Primary_3:0/yolov8_bytetrack:track:12,G-103,G-104,26.018401646519564,363.2985199512432,False,False,False,rejected,geometry_gate_rejected,
d5_cv_5v5_multicamera_formal_20260716_yolo_bytetrack:0019:D5_Primary_3:0,4.75,INT-03,D5_Primary_3:0,D5_Primary_3:0/yolov8_bytetrack:track:2,G-103,G-102,29.99520660318832,390.0760453424997,False,False,False,rejected,geometry_gate_rejected,
d5_cv_5v5_multicamera_formal_20260716_yolo_bytetrack:0019:D5_Primary_3:0,4.75,INT-03,D5_Primary_3:0,D5_Primary_3:0/yolov8_bytetrack:track:1,G-104,G-103,28.003291553061818,377.1966464386375,False,False,False,rejected,geometry_gate_rejected,
d5_cv_5v5_multicamera_formal_20260716_yolo_bytetrack:0019:D5_Primary_3:0,4.75,INT-03,D5_Primary_3:0,D5_Primary_3:0/yolov8_bytetrack:track:12,G-104,G-104,0.005585889637269232,5.324413982886989,True,True,True,registered,registered_to_global_track,True
d5_cv_5v5_multicamera_formal_20260716_yolo_bytetrack:0019:D5_Primary_3:0,4.75,INT-03,D5_Primary_3:0,D5_Primary_3:0/yolov8_bytetrack:track:2,G-104,G-102,112.65183245477697,756.540900550713,False,False,False,rejected,geometry_gate_rejected,
d5_cv_5v5_multicamera_formal_20260716_yolo_bytetrack:0019:D5_Primary_3:0,4.75,INT-03,D5_Primary_3:0,D5_Primary_3:0/yolov8_bytetrack:track:1,G-105,G-103,104.66187625284621,730.7648360273712,False,False,False,rejected,geometry_gate_rejected,
d5_cv_5v5_multicamera_formal_20260716_yolo_bytetrack:0019:D5_Primary_3:0,4.75,INT-03,D5_Primary_3:0,D5_Primary_3:0/yolov8_bytetrack:track:12,G-105,G-104,24.99062410574772,357.0850400075066,False,False,False,rejected,geometry_gate_rejected,
d5_cv_5v5_multicamera_formal_20260716_yolo_bytetrack:0019:D5_Primary_3:0,4.75,INT-03,D5_Primary_3:0,D5_Primary_3:0/yolov8_bytetrack:track:2,G-105,G-102,241.52567176959462,1110.1074841776647,False,False,False,rejected,geometry_gate_rejected,
d5_cv_5v5_multicamera_formal_20260716_yolo_bytetrack:0019:D5_Primary_4:0,4.75,INT-04,D5_Primary_4:0,D5_Primary_4:0/yolov8_bytetrack:track:1,G-101,,,1123.896184619898,False,False,False,rejected,projection_invalid,
d5_cv_5v5_multicamera_formal_20260716_yolo_bytetrack:0019:D5_Primary_4:0,4.75,INT-04,D5_Primary_4:0,D5_Primary_4:0/yolov8_bytetrack:track:7,G-101,G-105,,1503.8164780516727,False,False,False,rejected,projection_invalid,
d5_cv_5v5_multicamera_formal_20260716_yolo_bytetrack:0019:D5_Primary_4:0,4.75,INT-04,D5_Primary_4:0,D5_Primary_4:0/yolov8_bytetrack:track:1,G-102,,112.21932663493853,757.6229125007577,False,False,False,rejected,geometry_gate_rejected,
d5_cv_5v5_multicamera_formal_20260716_yolo_bytetrack:0019:D5_Primary_4:0,4.75,INT-04,D5_Primary_4:0,D5_Primary_4:0/yolov8_bytetrack:track:7,G-102,G-105,252.97668729199313,1137.5211626869725,False,False,False,rejected,geometry_gate_rejected,
d5_cv_5v5_multicamera_formal_20260716_yolo_bytetrack:0019:D5_Primary_4:0,4.75,INT-04,D5_Primary_4:0,D5_Primary_4:0/yolov8_bytetrack:track:1,G-103,,25.974029484768792,363.32160789533367,False,False,False,rejected,geometry_gate_rejected,
d5_cv_5v5_multicamera_formal_20260716_yolo_bytetrack:0019:D5_Primary_4:0,4.75,INT-04,D5_Primary_4:0,D5_Primary_4:0/yolov8_bytetrack:track:7,G-103,G-105,108.68458586873588,743.1996400794477,False,False,False,rejected,geometry_gate_rejected,
d5_cv_5v5_multicamera_formal_20260716_yolo_bytetrack:0019:D5_Primary_4:0,4.75,INT-04,D5_Primary_4:0,D5_Primary_4:0/yolov8_bytetrack:track:1,G-104,,0.006448222149921172,5.71992298187588,True,True,True,registered,registered_to_global_track,
d5_cv_5v5_multicamera_formal_20260716_yolo_bytetrack:0019:D5_Primary_4:0,4.75,INT-04,D5_Primary_4:0,D5_Primary_4:0/yolov8_bytetrack:track:7,G-104,G-105,27.683066244109888,374.7807510863663,False,False,False,rejected,geometry_gate_rejected,
d5_cv_5v5_multicamera_formal_20260716_yolo_bytetrack:0019:D5_Primary_4:0,4.75,INT-04,D5_Primary_4:0,D5_Primary_4:0/yolov8_bytetrack:track:1,G-105,,26.76231264278349,368.76619574417265,False,False,False,rejected,geometry_gate_rejected,
d5_cv_5v5_multicamera_formal_20260716_yolo_bytetrack:0019:D5_Primary_4:0,4.75,INT-04,D5_Primary_4:0,D5_Primary_4:0/yolov8_bytetrack:track:7,G-105,G-105,0.03552987388607074,13.432658215260343,True,True,True,registered,registered_to_global_track,True
d5_cv_5v5_multicamera_formal_20260716_yolo_bytetrack:0019:D5_Primary_5:0,4.75,INT-05,D5_Primary_5:0,D5_Primary_5:0/yolov8_bytetrack:track:1,G-101,G-105,,1455.3742088846334,False,False,False,rejected,projection_invalid,
d5_cv_5v5_multicamera_formal_20260716_yolo_bytetrack:0019:D5_Primary_5:0,4.75,INT-05,D5_Primary_5:0,D5_Primary_5:0/yolov8_bytetrack:track:1,G-102,G-105,,1109.5382777603813,False,False,False,rejected,projection_invalid,
d5_cv_5v5_multicamera_formal_20260716_yolo_bytetrack:0019:D5_Primary_5:0,4.75,INT-05,D5_Primary_5:0,D5_Primary_5:0/yolov8_bytetrack:track:1,G-103,G-105,103.81976248924524,727.8874093405573,False,False,False,rejected,geometry_gate_rejected,
d5_cv_5v5_multicamera_formal_20260716_yolo_bytetrack:0019:D5_Primary_5:0,4.75,INT-05,D5_Primary_5:0,D5_Primary_5:0/yolov8_bytetrack:track:1,G-104,G-105,26.809806719636676,369.06746514924083,False,False,False,rejected,geometry_gate_rejected,
d5_cv_5v5_multicamera_formal_20260716_yolo_bytetrack:0019:D5_Primary_5:0,4.75,INT-05,D5_Primary_5:0,D5_Primary_5:0/yolov8_bytetrack:track:1,G-105,G-105,0.015475726003751172,8.859750148833367,True,True,True,registered,registered_to_global_track,True
d5_cv_5v5_multicamera_formal_20260716_yolo_bytetrack:0019:D5_Recon_1:0,4.75,RECON-01,D5_Recon_1:0,D5_Recon_1:0:det:0001,G-101,G-101,7.114306661676308e-05,1.170806407461756,True,True,True,registered,registered_to_global_track,True
d5_cv_5v5_multicamera_formal_20260716_yolo_bytetrack:0019:D5_Recon_1:0,4.75,RECON-01,D5_Recon_1:0,D5_Recon_1:0:det:0002,G-101,G-102,5.9677431160942,339.09710769706084,True,False,False,candidate,,
d5_cv_5v5_multicamera_formal_20260716_yolo_bytetrack:0019:D5_Recon_1:0,4.75,RECON-01,D5_Recon_1:0,D5_Recon_1:0:det:0003,G-101,G-103,23.962904848201344,679.4988982544228,False,False,False,rejected,geometry_gate_rejected,
d5_cv_5v5_multicamera_formal_20260716_yolo_bytetrack:0019:D5_Recon_1:0,4.75,RECON-01,D5_Recon_1:0,D5_Recon_1:0:det:0004,G-101,G-104,53.962909444906806,1019.6865802035377,False,False,False,rejected,geometry_gate_rejected,
d5_cv_5v5_multicamera_formal_20260716_yolo_bytetrack:0019:D5_Recon_1:0,4.75,RECON-01,D5_Recon_1:0,D5_Recon_1:0:det:0005,G-101,G-105,95.89600128127998,1359.3123864378158,False,False,False,rejected,geometry_gate_rejected,
d5_cv_5v5_multicamera_formal_20260716_yolo_bytetrack:0019:D5_Recon_1:0,4.75,RECON-01,D5_Recon_1:0,D5_Recon_1:0:det:0001,G-102,G-101,5.845445706509759,335.53563662315867,True,False,False,candidate,,
d5_cv_5v5_multicamera_formal_20260716_yolo_bytetrack:0019:D5_Recon_1:0,4.75,RECON-01,D5_Recon_1:0,D5_Recon_1:0:det:0002,G-102,G-102,0.003109662434302354,7.738669208136643,True,True,True,registered,registered_to_global_track,True
d5_cv_5v5_multicamera_formal_20260716_yolo_bytetrack:0019:D5_Recon_1:0,4.75,RECON-01,D5_Recon_1:0,D5_Recon_1:0:det:0003,G-102,G-103,6.188511672962985,345.2414938802493,True,False,False,candidate,,
d5_cv_5v5_multicamera_formal_20260716_yolo_bytetrack:0019:D5_Recon_1:0,4.75,RECON-01,D5_Recon_1:0,D5_Recon_1:0:det:0004,G-102,G-104,24.39111951230582,685.4025951141832,False,False,False,rejected,geometry_gate_rejected,
d5_cv_5v5_multicamera_formal_20260716_yolo_bytetrack:0019:D5_Recon_1:0,4.75,RECON-01,D5_Recon_1:0,D5_Recon_1:0:det:0005,G-102,G-105,54.5512283039145,1025.0195348569916,False,False,False,rejected,geometry_gate_rejected,
d5_cv_5v5_multicamera_formal_20260716_yolo_bytetrack:0019:D5_Recon_1:0,4.75,RECON-01,D5_Recon_1:0,D5_Recon_1:0:det:0001,G-103,G-101,24.77708750227533,690.7394968532741,False,False,False,rejected,geometry_gate_rejected,
d5_cv_5v5_multicamera_formal_20260716_yolo_bytetrack:0019:D5_Recon_1:0,4.75,RECON-01,D5_Recon_1:0,D5_Recon_1:0:det:0002,G-103,G-102,6.378667952704798,350.4726724427456,True,False,False,candidate,,
d5_cv_5v5_multicamera_formal_20260716_yolo_bytetrack:0019:D5_Recon_1:0,4.75,RECON-01,D5_Recon_1:0,D5_Recon_1:0:det:0003,G-103,G-103,0.005272727565548361,10.076433171072217,True,True,True,registered,registered_to_global_track,True
d5_cv_5v5_multicamera_formal_20260716_yolo_bytetrack:0019:D5_Recon_1:0,4.75,RECON-01,D5_Recon_1:0,D5_Recon_1:0:det:0004,G-103,G-104,5.659236221155481,330.1171398250015,True,False,False,candidate,,
d5_cv_5v5_multicamera_formal_20260716_yolo_bytetrack:0019:D5_Recon_1:0,4.75,RECON-01,D5_Recon_1:0,D5_Recon_1:0:det:0005,G-103,G-105,23.29366628420659,669.7428521005758,False,False,False,rejected,geometry_gate_rejected,
d5_cv_5v5_multicamera_formal_20260716_yolo_bytetrack:0019:D5_Recon_1:0,4.75,RECON-01,D5_Recon_1:0,D5_Recon_1:0:det:0001,G-104,G-101,54.460504016557266,1024.1261183815593,False,False,False,rejected,geometry_gate_rejected,
d5_cv_5v5_multicamera_formal_20260716_yolo_bytetrack:0019:D5_Recon_1:0,4.75,RECON-01,D5_Recon_1:0,D5_Recon_1:0:det:0002,G-104,G-102,24.283749693202243,683.8651762255026,False,False,False,rejected,geometry_gate_rejected,
d5_cv_5v5_multicamera_formal_20260716_yolo_bytetrack:0019:D5_Recon_1:0,4.75,RECON-01,D5_Recon_1:0,D5_Recon_1:0:det:0003,G-104,G-103,6.126044236952839,343.4809704652327,True,False,False,candidate,,
d5_cv_5v5_multicamera_formal_20260716_yolo_bytetrack:0019:D5_Recon_1:0,4.75,RECON-01,D5_Recon_1:0,D5_Recon_1:0:det:0004,G-104,G-104,0.0018116412461609886,5.906445140516106,True,True,True,registered,registered_to_global_track,True
d5_cv_5v5_multicamera_formal_20260716_yolo_bytetrack:0019:D5_Recon_1:0,4.75,RECON-01,D5_Recon_1:0,D5_Recon_1:0:det:0005,G-104,G-105,5.876211163056278,336.4041045757805,True,False,False,candidate,,
d5_cv_5v5_multicamera_formal_20260716_yolo_bytetrack:0019:D5_Recon_1:0,4.75,RECON-01,D5_Recon_1:0,D5_Recon_1:0:det:0001,G-105,G-101,95.16759192662303,1354.1091656513029,False,False,False,rejected,geometry_gate_rejected,
d5_cv_5v5_multicamera_formal_20260716_yolo_bytetrack:0019:D5_Recon_1:0,4.75,RECON-01,D5_Recon_1:0,D5_Recon_1:0:det:0002,G-105,G-102,53.34855020699439,1013.8423964971267,False,False,False,rejected,geometry_gate_rejected,
d5_cv_5v5_multicamera_formal_20260716_yolo_bytetrack:0019:D5_Recon_1:0,4.75,RECON-01,D5_Recon_1:0,D5_Recon_1:0:det:0003,G-105,G-103,23.53860302505288,673.4408863550814,False,False,False,rejected,geometry_gate_rejected,
d5_cv_5v5_multicamera_formal_20260716_yolo_bytetrack:0019:D5_Recon_1:0,4.75,RECON-01,D5_Recon_1:0,D5_Recon_1:0:det:0004,G-105,G-104,5.764114777365225,333.25405869893893,True,False,False,candidate,,
d5_cv_5v5_multicamera_formal_20260716_yolo_bytetrack:0019:D5_Recon_1:0,4.75,RECON-01,D5_Recon_1:0,D5_Recon_1:0:det:0005,G-105,G-105,0.0021655381899202283,6.459347311809164,True,True,True,registered,registered_to_global_track,True
d5_cv_5v5_multicamera_formal_20260716_yolo_bytetrack:0020:D5_Primary_1:0,5.0,INT-01,D5_Primary_1:0,D5_Primary_1:0/yolov8_bytetrack:track:1,G-101,G-101,0.011034174223611944,7.481750106119425,True,True,True,registered,registered_to_global_track,True
d5_cv_5v5_multicamera_formal_20260716_yolo_bytetrack:0020:D5_Primary_1:0,5.0,INT-01,D5_Primary_1:0,D5_Primary_1:0/yolov8_bytetrack:track:15,G-101,G-102,25.68480998372235,360.9703237782581,False,False,False,rejected,geometry_gate_rejected,
d5_cv_5v5_multicamera_formal_20260716_yolo_bytetrack:0020:D5_Primary_1:0,5.0,INT-01,D5_Primary_1:0,D5_Primary_1:0/yolov8_bytetrack:track:40,G-101,,23.72675515244554,346.93849964104453,False,False,False,rejected,geometry_gate_rejected,
d5_cv_5v5_multicamera_formal_20260716_yolo_bytetrack:0020:D5_Primary_1:0,5.0,INT-01,D5_Primary_1:0,D5_Primary_1:0/yolov8_bytetrack:track:1,G-102,G-101,25.271312382409633,358.1099193604765,False,False,False,rejected,geometry_gate_rejected,
d5_cv_5v5_multicamera_formal_20260716_yolo_bytetrack:0020:D5_Primary_1:0,5.0,INT-01,D5_Primary_1:0,D5_Primary_1:0/yolov8_bytetrack:track:15,G-102,G-102,0.03934356392282452,14.118142838843852,True,True,True,registered,registered_to_global_track,True
d5_cv_5v5_multicamera_formal_20260716_yolo_bytetrack:0020:D5_Primary_1:0,5.0,INT-01,D5_Primary_1:0,D5_Primary_1:0/yolov8_bytetrack:track:40,G-102,,0.05066758634805904,16.027319345139965,True,False,False,candidate,,
d5_cv_5v5_multicamera_formal_20260716_yolo_bytetrack:0020:D5_Primary_1:0,5.0,INT-01,D5_Primary_1:0,D5_Primary_1:0/yolov8_bytetrack:track:1,G-103,G-101,100.15204245481054,713.8511091802717,False,False,False,rejected,geometry_gate_rejected,
d5_cv_5v5_multicamera_formal_20260716_yolo_bytetrack:0020:D5_Primary_1:0,5.0,INT-01,D5_Primary_1:0,D5_Primary_1:0/yolov8_bytetrack:track:15,G-103,G-102,24.41417975468303,352.45080638183504,False,False,False,rejected,geometry_gate_rejected,
d5_cv_5v5_multicamera_formal_20260716_yolo_bytetrack:0020:D5_Primary_1:0,5.0,INT-01,D5_Primary_1:0,D5_Primary_1:0/yolov8_bytetrack:track:40,G-103,,26.387284730426927,366.4164468240984,False,False,False,rejected,geometry_gate_rejected,
d5_cv_5v5_multicamera_formal_20260716_yolo_bytetrack:0020:D5_Primary_1:0,5.0,INT-01,D5_Primary_1:0,D5_Primary_1:0/yolov8_bytetrack:track:1,G-104,G-101,,1039.5627481928486,False,False,False,rejected,projection_invalid,
d5_cv_5v5_multicamera_formal_20260716_yolo_bytetrack:0020:D5_Primary_1:0,5.0,INT-01,D5_Primary_1:0,D5_Primary_1:0/yolov8_bytetrack:track:15,G-104,G-102,,678.0955207957551,False,False,False,rejected,projection_invalid,
d5_cv_5v5_multicamera_formal_20260716_yolo_bytetrack:0020:D5_Primary_1:0,5.0,INT-01,D5_Primary_1:0,D5_Primary_1:0/yolov8_bytetrack:track:40,G-104,,,692.096246617427,False,False,False,rejected,projection_invalid,
d5_cv_5v5_multicamera_formal_20260716_yolo_bytetrack:0020:D5_Primary_1:0,5.0,INT-01,D5_Primary_1:0,D5_Primary_1:0/yolov8_bytetrack:track:1,G-105,G-101,,1339.5481118544787,False,False,False,rejected,projection_invalid,
d5_cv_5v5_multicamera_formal_20260716_yolo_bytetrack:0020:D5_Primary_1:0,5.0,INT-01,D5_Primary_1:0,D5_Primary_1:0/yolov8_bytetrack:track:15,G-105,G-102,,978.0841761745239,False,False,False,rejected,projection_invalid,
d5_cv_5v5_multicamera_formal_20260716_yolo_bytetrack:0020:D5_Primary_1:0,5.0,INT-01,D5_Primary_1:0,D5_Primary_1:0/yolov8_bytetrack:track:40,G-105,,,992.0817582532525,False,False,False,rejected,projection_invalid,
d5_cv_5v5_multicamera_formal_20260716_yolo_bytetrack:0020:D5_Primary_2:0,5.0,INT-02,D5_Primary_2:0,D5_Primary_2:0/yolov8_bytetrack:track:1,G-101,G-102,27.971182469486724,377.2948774871033,False,False,False,rejected,geometry_gate_rejected,
d5_cv_5v5_multicamera_formal_20260716_yolo_bytetrack:0020:D5_Primary_2:0,5.0,INT-02,D5_Primary_2:0,D5_Primary_2:0/yolov8_bytetrack:track:5,G-101,G-103,108.71093772463394,743.8101258116395,False,False,False,rejected,geometry_gate_rejected,
d5_cv_5v5_multicamera_formal_20260716_yolo_bytetrack:0020:D5_Primary_2:0,5.0,INT-02,D5_Primary_2:0,D5_Primary_2:0/yolov8_bytetrack:track:38,G-101,,0.022375723831331185,10.661897562585299,True,False,False,candidate,,
d5_cv_5v5_multicamera_formal_20260716_yolo_bytetrack:0020:D5_Primary_2:0,5.0,INT-02,D5_Primary_2:0,D5_Primary_2:0/yolov8_bytetrack:track:2,G-101,G-101,0.016661468674175797,9.202809174519233,True,True,True,registered,registered_to_global_track,True
d5_cv_5v5_multicamera_formal_20260716_yolo_bytetrack:0020:D5_Primary_2:0,5.0,INT-02,D5_Primary_2:0,D5_Primary_2:0/yolov8_bytetrack:track:1,G-102,G-102,0.040611826982269075,14.356027993090775,True,True,True,registered,registered_to_global_track,True
d5_cv_5v5_multicamera_formal_20260716_yolo_bytetrack:0020:D5_Primary_2:0,5.0,INT-02,D5_Primary_2:0,D5_Primary_2:0/yolov8_bytetrack:track:5,G-102,G-103,27.34833455919165,372.5400904941921,False,False,False,rejected,geometry_gate_rejected,
d5_cv_5v5_multicamera_formal_20260716_yolo_bytetrack:0020:D5_Primary_2:0,5.0,INT-02,D5_Primary_2:0,D5_Primary_2:0/yolov8_bytetrack:track:38,G-102,,27.764656372477415,375.3649524347862,False,False,False,rejected,geometry_gate_rejected,
d5_cv_5v5_multicamera_formal_20260716_yolo_bytetrack:0020:D5_Primary_2:0,5.0,INT-02,D5_Primary_2:0,D5_Primary_2:0/yolov8_bytetrack:track:2,G-102,G-101,26.42964033630225,366.22939174950847,False,False,False,rejected,geometry_gate_rejected,
d5_cv_5v5_multicamera_formal_20260716_yolo_bytetrack:0020:D5_Primary_2:0,5.0,INT-02,D5_Primary_2:0,D5_Primary_2:0/yolov8_bytetrack:track:1,G-103,G-102,27.544160340386714,373.92860897324755,False,False,False,rejected,geometry_gate_rejected,
d5_cv_5v5_multicamera_formal_20260716_yolo_bytetrack:0020:D5_Primary_2:0,5.0,INT-02,D5_Primary_2:0,D5_Primary_2:0/yolov8_bytetrack:track:5,G-103,G-103,0.030580104183636797,12.451854390946933,True,True,True,registered,registered_to_global_track,True
d5_cv_5v5_multicamera_formal_20260716_yolo_bytetrack:0020:D5_Primary_2:0,5.0,INT-02,D5_Primary_2:0,D5_Primary_2:0/yolov8_bytetrack:track:38,G-103,,112.19159931560219,754.6647520296017,False,False,False,rejected,geometry_gate_rejected,
d5_cv_5v5_multicamera_formal_20260716_yolo_bytetrack:0020:D5_Primary_2:0,5.0,INT-02,D5_Primary_2:0,D5_Primary_2:0/yolov8_bytetrack:track:2,G-103,G-101,109.51022817787378,745.5919497040732,False,False,False,rejected,geometry_gate_rejected,
d5_cv_5v5_multicamera_formal_20260716_yolo_bytetrack:0020:D5_Primary_2:0,5.0,INT-02,D5_Primary_2:0,D5_Primary_2:0/yolov8_bytetrack:track:1,G-104,G-102,102.606992407962,723.148443332305,False,False,False,rejected,geometry_gate_rejected,
d5_cv_5v5_multicamera_formal_20260716_yolo_bytetrack:0020:D5_Primary_2:0,5.0,INT-02,D5_Primary_2:0,D5_Primary_2:0/yolov8_bytetrack:track:5,G-104,G-103,24.95404234690223,356.6230229893379,False,False,False,rejected,geometry_gate_rejected,
d5_cv_5v5_multicamera_formal_20260716_yolo_bytetrack:0020:D5_Primary_2:0,5.0,INT-02,D5_Primary_2:0,D5_Primary_2:0/yolov8_bytetrack:track:38,G-104,,239.10430763328873,1103.9074747293505,False,False,False,rejected,geometry_gate_rejected,
d5_cv_5v5_multicamera_formal_20260716_yolo_bytetrack:0020:D5_Primary_2:0,5.0,INT-02,D5_Primary_2:0,D5_Primary_2:0/yolov8_bytetrack:track:2,G-104,G-101,235.20212255407623,1094.8625315970235,False,False,False,rejected,geometry_gate_rejected,
d5_cv_5v5_multicamera_formal_20260716_yolo_bytetrack:0020:D5_Primary_2:0,5.0,INT-02,D5_Primary_2:0,D5_Primary_2:0/yolov8_bytetrack:track:1,G-105,G-102,,1051.9957709022174,False,False,False,rejected,projection_invalid,
d5_cv_5v5_multicamera_formal_20260716_yolo_bytetrack:0020:D5_Primary_2:0,5.0,INT-02,D5_Primary_2:0,D5_Primary_2:0/yolov8_bytetrack:track:5,G-105,G-103,,685.4752148913639,False,False,False,rejected,projection_invalid,
d5_cv_5v5_multicamera_formal_20260716_yolo_bytetrack:0020:D5_Primary_2:0,5.0,INT-02,D5_Primary_2:0,D5_Primary_2:0/yolov8_bytetrack:track:38,G-105,,,1432.756528719693,False,False,False,rejected,projection_invalid,
d5_cv_5v5_multicamera_formal_20260716_yolo_bytetrack:0020:D5_Primary_2:0,5.0,INT-02,D5_Primary_2:0,D5_Primary_2:0/yolov8_bytetrack:track:2,G-105,G-101,,1423.7077962355754,False,False,False,rejected,projection_invalid,
d5_cv_5v5_multicamera_formal_20260716_yolo_bytetrack:0020:D5_Primary_3:0,5.0,INT-03,D5_Primary_3:0,D5_Primary_3:0/yolov8_bytetrack:track:1,G-101,G-103,111.27801528899947,754.7990576847325,False,False,False,rejected,geometry_gate_rejected,
d5_cv_5v5_multicamera_formal_20260716_yolo_bytetrack:0020:D5_Primary_3:0,5.0,INT-03,D5_Primary_3:0,D5_Primary_3:0/yolov8_bytetrack:track:12,G-101,G-104,247.03711225567716,1124.625059302538,False,False,False,rejected,geometry_gate_rejected,
d5_cv_5v5_multicamera_formal_20260716_yolo_bytetrack:0020:D5_Primary_3:0,5.0,INT-03,D5_Primary_3:0,D5_Primary_3:0/yolov8_bytetrack:track:2,G-101,G-102,28.04464183242674,378.92331505781647,False,False,False,rejected,geometry_gate_rejected,
d5_cv_5v5_multicamera_formal_20260716_yolo_bytetrack:0020:D5_Primary_3:0,5.0,INT-03,D5_Primary_3:0,D5_Primary_3:0/yolov8_bytetrack:track:49,G-101,G-105,433.76485203876615,1490.2317698908275,False,False,False,rejected,geometry_gate_rejected,
d5_cv_5v5_multicamera_formal_20260716_yolo_bytetrack:0020:D5_Primary_3:0,5.0,INT-03,D5_Primary_3:0,D5_Primary_3:0/yolov8_bytetrack:track:1,G-102,G-103,28.607920287662193,381.52231736203373,False,False,False,rejected,geometry_gate_rejected,
d5_cv_5v5_multicamera_formal_20260716_yolo_bytetrack:0020:D5_Primary_3:0,5.0,INT-03,D5_Primary_3:0,D5_Primary_3:0/yolov8_bytetrack:track:12,G-102,G-104,110.92014306094173,751.2455423985257,False,False,False,rejected,geometry_gate_rejected,
d5_cv_5v5_multicamera_formal_20260716_yolo_bytetrack:0020:D5_Primary_3:0,5.0,INT-03,D5_Primary_3:0,D5_Primary_3:0/yolov8_bytetrack:track:2,G-102,G-102,0.04612241089815705,15.305903118055243,True,True,True,registered,registered_to_global_track,True
d5_cv_5v5_multicamera_formal_20260716_yolo_bytetrack:0020:D5_Primary_3:0,5.0,INT-03,D5_Primary_3:0,D5_Primary_3:0/yolov8_bytetrack:track:49,G-102,G-105,245.13904115011164,1116.819130987383,False,False,False,rejected,geometry_gate_rejected,
d5_cv_5v5_multicamera_formal_20260716_yolo_bytetrack:0020:D5_Primary_3:0,5.0,INT-03,D5_Primary_3:0,D5_Primary_3:0/yolov8_bytetrack:track:1,G-103,G-103,0.03824072556626275,13.927935310888332,True,True,True,registered,registered_to_global_track,True
d5_cv_5v5_multicamera_formal_20260716_yolo_bytetrack:0020:D5_Primary_3:0,5.0,INT-03,D5_Primary_3:0,D5_Primary_3:0/yolov8_bytetrack:track:12,G-103,G-104,25.483361676662774,359.54379981832295,False,False,False,rejected,geometry_gate_rejected,
d5_cv_5v5_multicamera_formal_20260716_yolo_bytetrack:0020:D5_Primary_3:0,5.0,INT-03,D5_Primary_3:0,D5_Primary_3:0/yolov8_bytetrack:track:2,G-103,G-102,29.444655790853584,386.4797240145095,False,False,False,rejected,geometry_gate_rejected,
d5_cv_5v5_multicamera_formal_20260716_yolo_bytetrack:0020:D5_Primary_3:0,5.0,INT-03,D5_Primary_3:0,D5_Primary_3:0/yolov8_bytetrack:track:49,G-103,G-105,103.6439099802632,725.0957277210426,False,False,False,rejected,geometry_gate_rejected,
d5_cv_5v5_multicamera_formal_20260716_yolo_bytetrack:0020:D5_Primary_3:0,5.0,INT-03,D5_Primary_3:0,D5_Primary_3:0/yolov8_bytetrack:track:1,G-104,G-103,27.449620189778194,373.4369911790032,False,False,False,rejected,geometry_gate_rejected,
d5_cv_5v5_multicamera_formal_20260716_yolo_bytetrack:0020:D5_Primary_3:0,5.0,INT-03,D5_Primary_3:0,D5_Primary_3:0/yolov8_bytetrack:track:12,G-104,G-104,0.003721503802684558,4.346918105736598,True,True,True,registered,registered_to_global_track,True
d5_cv_5v5_multicamera_formal_20260716_yolo_bytetrack:0020:D5_Primary_3:0,5.0,INT-03,D5_Primary_3:0,D5_Primary_3:0/yolov8_bytetrack:track:2,G-104,G-102,110.5327406694323,749.3671233631089,False,False,False,rejected,geometry_gate_rejected,
d5_cv_5v5_multicamera_formal_20260716_yolo_bytetrack:0020:D5_Primary_3:0,5.0,INT-03,D5_Primary_3:0,D5_Primary_3:0/yolov8_bytetrack:track:49,G-104,G-105,25.798045136348044,362.028290707793,False,False,False,rejected,geometry_gate_rejected,
d5_cv_5v5_multicamera_formal_20260716_yolo_bytetrack:0020:D5_Primary_3:0,5.0,INT-03,D5_Primary_3:0,D5_Primary_3:0/yolov8_bytetrack:track:1,G-105,G-103,102.53786943766139,723.2382009543302,False,False,False,rejected,geometry_gate_rejected,
d5_cv_5v5_multicamera_formal_20260716_yolo_bytetrack:0020:D5_Primary_3:0,5.0,INT-03,D5_Primary_3:0,D5_Primary_3:0/yolov8_bytetrack:track:12,G-105,G-104,24.486023088497255,353.42577147406047,False,False,False,rejected,geometry_gate_rejected,
d5_cv_5v5_multicamera_formal_20260716_yolo_bytetrack:0020:D5_Primary_3:0,5.0,INT-03,D5_Primary_3:0,D5_Primary_3:0/yolov8_bytetrack:track:2,G-105,G-102,236.8363557084267,1099.1662806104184,False,False,False,rejected,geometry_gate_rejected,
d5_cv_5v5_multicamera_formal_20260716_yolo_bytetrack:0020:D5_Primary_3:0,5.0,INT-03,D5_Primary_3:0,D5_Primary_3:0/yolov8_bytetrack:track:49,G-105,G-105,0.03595122409822809,13.533673430911561,True,True,True,registered,registered_to_global_track,True
d5_cv_5v5_multicamera_formal_20260716_yolo_bytetrack:0020:D5_Primary_4:0,5.0,INT-04,D5_Primary_4:0,D5_Primary_4:0/yolov8_bytetrack:track:1,G-101,G-104,,1113.9828684777744,False,False,False,rejected,projection_invalid,
d5_cv_5v5_multicamera_formal_20260716_yolo_bytetrack:0020:D5_Primary_4:0,5.0,INT-04,D5_Primary_4:0,D5_Primary_4:0/yolov8_bytetrack:track:7,G-101,G-105,,1490.2815351714746,False,False,False,rejected,projection_invalid,
d5_cv_5v5_multicamera_formal_20260716_yolo_bytetrack:0020:D5_Primary_4:0,5.0,INT-04,D5_Primary_4:0,D5_Primary_4:0/yolov8_bytetrack:track:1,G-102,G-104,110.25624336864688,750.9206129802084,False,False,False,rejected,geometry_gate_rejected,
d5_cv_5v5_multicamera_formal_20260716_yolo_bytetrack:0020:D5_Primary_4:0,5.0,INT-04,D5_Primary_4:0,D5_Primary_4:0/yolov8_bytetrack:track:7,G-102,G-105,248.4348756159341,1127.1940009266416,False,False,False,rejected,geometry_gate_rejected,
d5_cv_5v5_multicamera_formal_20260716_yolo_bytetrack:0020:D5_Primary_4:0,5.0,INT-04,D5_Primary_4:0,D5_Primary_4:0/yolov8_bytetrack:track:1,G-103,G-104,25.495562963888666,359.9546235479583,False,False,False,rejected,geometry_gate_rejected,
d5_cv_5v5_multicamera_formal_20260716_yolo_bytetrack:0020:D5_Primary_4:0,5.0,INT-04,D5_Primary_4:0,D5_Primary_4:0/yolov8_bytetrack:track:7,G-103,G-105,106.65256060739412,736.2088671191517,False,False,False,rejected,geometry_gate_rejected,
d5_cv_5v5_multicamera_formal_20260716_yolo_bytetrack:0020:D5_Primary_4:0,5.0,INT-04,D5_Primary_4:0,D5_Primary_4:0/yolov8_bytetrack:track:1,G-104,G-104,0.006074889962566282,5.551861882993733,True,True,True,registered,registered_to_global_track,True
d5_cv_5v5_multicamera_formal_20260716_yolo_bytetrack:0020:D5_Primary_4:0,5.0,INT-04,D5_Primary_4:0,D5_Primary_4:0/yolov8_bytetrack:track:7,G-104,G-105,27.15574526374019,371.1934514232688,False,False,False,rejected,geometry_gate_rejected,
d5_cv_5v5_multicamera_formal_20260716_yolo_bytetrack:0020:D5_Primary_4:0,5.0,INT-04,D5_Primary_4:0,D5_Primary_4:0/yolov8_bytetrack:track:1,G-105,G-104,26.257044798335084,365.25993478209176,False,False,False,rejected,geometry_gate_rejected,
d5_cv_5v5_multicamera_formal_20260716_yolo_bytetrack:0020:D5_Primary_4:0,5.0,INT-04,D5_Primary_4:0,D5_Primary_4:0/yolov8_bytetrack:track:7,G-105,G-105,0.032494898016799945,12.84647985172239,True,True,True,registered,registered_to_global_track,True
d5_cv_5v5_multicamera_formal_20260716_yolo_bytetrack:0020:D5_Primary_5:0,5.0,INT-05,D5_Primary_5:0,D5_Primary_5:0/yolov8_bytetrack:track:1,G-101,G-105,,1440.7402398641311,False,False,False,rejected,projection_invalid,
d5_cv_5v5_multicamera_formal_20260716_yolo_bytetrack:0020:D5_Primary_5:0,5.0,INT-05,D5_Primary_5:0,D5_Primary_5:0/yolov8_bytetrack:track:1,G-102,G-105,,1098.5637880986953,False,False,False,rejected,projection_invalid,
d5_cv_5v5_multicamera_formal_20260716_yolo_bytetrack:0020:D5_Primary_5:0,5.0,INT-05,D5_Primary_5:0,D5_Primary_5:0/yolov8_bytetrack:track:1,G-103,G-105,101.76710896923413,720.5969631915632,False,False,False,rejected,geometry_gate_rejected,
d5_cv_5v5_multicamera_formal_20260716_yolo_bytetrack:0020:D5_Primary_5:0,5.0,INT-05,D5_Primary_5:0,D5_Primary_5:0/yolov8_bytetrack:track:1,G-104,G-105,26.269062907918627,365.31763945166426,False,False,False,rejected,geometry_gate_rejected,
d5_cv_5v5_multicamera_formal_20260716_yolo_bytetrack:0020:D5_Primary_5:0,5.0,INT-05,D5_Primary_5:0,D5_Primary_5:0/yolov8_bytetrack:track:1,G-105,G-105,0.014955439546205276,8.709540200020848,True,True,True,registered,registered_to_global_track,True
d5_cv_5v5_multicamera_formal_20260716_yolo_bytetrack:0020:D5_Recon_1:0,5.0,RECON-01,D5_Recon_1:0,D5_Recon_1:0:det:0001,G-101,G-101,7.346308837383058e-05,1.1897348582834892,True,True,True,registered,registered_to_global_track,True
d5_cv_5v5_multicamera_formal_20260716_yolo_bytetrack:0020:D5_Recon_1:0,5.0,RECON-01,D5_Recon_1:0,D5_Recon_1:0:det:0002,G-101,G-102,5.857147784611045,335.9379505054757,True,False,False,candidate,,
d5_cv_5v5_multicamera_formal_20260716_yolo_bytetrack:0020:D5_Recon_1:0,5.0,RECON-01,D5_Recon_1:0,D5_Recon_1:0:det:0003,G-101,G-103,23.519693976424133,673.1809392096803,False,False,False,rejected,geometry_gate_rejected,
d5_cv_5v5_multicamera_formal_20260716_yolo_bytetrack:0020:D5_Recon_1:0,5.0,RECON-01,D5_Recon_1:0,D5_Recon_1:0:det:0004,G-101,G-104,52.963100721597066,1010.189101458217,False,False,False,rejected,geometry_gate_rejected,
d5_cv_5v5_multicamera_formal_20260716_yolo_bytetrack:0020:D5_Recon_1:0,5.0,RECON-01,D5_Recon_1:0,D5_Recon_1:0:det:0005,G-101,G-105,94.11367498451803,1346.6115757185282,False,False,False,rejected,geometry_gate_rejected,
d5_cv_5v5_multicamera_formal_20260716_yolo_bytetrack:0020:D5_Recon_1:0,5.0,RECON-01,D5_Recon_1:0,D5_Recon_1:0:det:0001,G-102,G-101,5.736680401106703,332.3983388402546,True,False,False,candidate,,
d5_cv_5v5_multicamera_formal_20260716_yolo_bytetrack:0020:D5_Recon_1:0,5.0,RECON-01,D5_Recon_1:0,D5_Recon_1:0:det:0002,G-102,G-102,0.003075550851699023,7.696092729362739,True,True,True,registered,registered_to_global_track,True
d5_cv_5v5_multicamera_formal_20260716_yolo_bytetrack:0020:D5_Recon_1:0,5.0,RECON-01,D5_Recon_1:0,D5_Recon_1:0:det:0003,G-102,G-103,6.075661959080894,342.0781701900451,True,False,False,candidate,,
d5_cv_5v5_multicamera_formal_20260716_yolo_bytetrack:0020:D5_Recon_1:0,5.0,RECON-01,D5_Recon_1:0,D5_Recon_1:0:det:0004,G-102,G-104,23.941928551382624,679.0599575088024,False,False,False,rejected,geometry_gate_rejected,
d5_cv_5v5_multicamera_formal_20260716_yolo_bytetrack:0020:D5_Recon_1:0,5.0,RECON-01,D5_Recon_1:0,D5_Recon_1:0:det:0005,G-102,G-105,53.54022570424347,1015.473638266606,False,False,False,rejected,geometry_gate_rejected,
d5_cv_5v5_multicamera_formal_20260716_yolo_bytetrack:0020:D5_Recon_1:0,5.0,RECON-01,D5_Recon_1:0,D5_Recon_1:0:det:0001,G-103,G-101,24.327243724301105,684.4390394533502,False,False,False,rejected,geometry_gate_rejected,
d5_cv_5v5_multicamera_formal_20260716_yolo_bytetrack:0020:D5_Recon_1:0,5.0,RECON-01,D5_Recon_1:0,D5_Recon_1:0:det:0002,G-103,G-102,6.264205219211794,347.3132152948997,True,False,False,candidate,,
d5_cv_5v5_multicamera_formal_20260716_yolo_bytetrack:0020:D5_Recon_1:0,5.0,RECON-01,D5_Recon_1:0,D5_Recon_1:0:det:0003,G-103,G-103,0.005272276721350152,10.075982821140913,True,True,True,registered,registered_to_global_track,True
d5_cv_5v5_multicamera_formal_20260716_yolo_bytetrack:0020:D5_Recon_1:0,5.0,RECON-01,D5_Recon_1:0,D5_Recon_1:0:det:0004,G-103,G-104,5.550791833644705,326.9382927090906,True,False,False,candidate,,
d5_cv_5v5_multicamera_formal_20260716_yolo_bytetrack:0020:D5_Recon_1:0,5.0,RECON-01,D5_Recon_1:0,D5_Recon_1:0:det:0005,G-103,G-105,22.851925326559254,663.3606686389463,False,False,False,rejected,geometry_gate_rejected,
d5_cv_5v5_multicamera_formal_20260716_yolo_bytetrack:0020:D5_Recon_1:0,5.0,RECON-01,D5_Recon_1:0,D5_Recon_1:0:det:0001,G-104,G-101,53.45595120398008,1014.6332477084844,False,False,False,rejected,geometry_gate_rejected,
d5_cv_5v5_multicamera_formal_20260716_yolo_bytetrack:0020:D5_Recon_1:0,5.0,RECON-01,D5_Recon_1:0,D5_Recon_1:0:det:0002,G-104,G-102,23.834914728735264,677.513355908178,False,False,False,rejected,geometry_gate_rejected,
d5_cv_5v5_multicamera_formal_20260716_yolo_bytetrack:0020:D5_Recon_1:0,5.0,RECON-01,D5_Recon_1:0,D5_Recon_1:0:det:0003,G-104,G-103,6.012725942909665,340.28810322180846,True,False,False,candidate,,
d5_cv_5v5_multicamera_formal_20260716_yolo_bytetrack:0020:D5_Recon_1:0,5.0,RECON-01,D5_Recon_1:0,D5_Recon_1:0:det:0004,G-104,G-104,0.001806158951929974,5.897485518420755,True,True,True,registered,registered_to_global_track,True
d5_cv_5v5_multicamera_formal_20260716_yolo_bytetrack:0020:D5_Recon_1:0,5.0,RECON-01,D5_Recon_1:0,D5_Recon_1:0:det:0005,G-104,G-105,5.7653594844579406,333.21475913135816,True,False,False,candidate,,
d5_cv_5v5_multicamera_formal_20260716_yolo_bytetrack:0020:D5_Recon_1:0,5.0,RECON-01,D5_Recon_1:0,D5_Recon_1:0:det:0001,G-105,G-101,93.39359587314408,1341.418013443624,False,False,False,rejected,geometry_gate_rejected,
d5_cv_5v5_multicamera_formal_20260716_yolo_bytetrack:0020:D5_Recon_1:0,5.0,RECON-01,D5_Recon_1:0,D5_Recon_1:0:det:0002,G-105,G-102,52.3490797947647,1004.2922504688269,False,False,False,rejected,geometry_gate_rejected,
d5_cv_5v5_multicamera_formal_20260716_yolo_bytetrack:0020:D5_Recon_1:0,5.0,RECON-01,D5_Recon_1:0,D5_Recon_1:0:det:0003,G-105,G-103,23.094312314008057,667.0495613393124,False,False,False,rejected,geometry_gate_rejected,
d5_cv_5v5_multicamera_formal_20260716_yolo_bytetrack:0020:D5_Recon_1:0,5.0,RECON-01,D5_Recon_1:0,D5_Recon_1:0:det:0004,G-105,G-104,5.6536390409579065,330.04231437425364,True,False,False,candidate,,
d5_cv_5v5_multicamera_formal_20260716_yolo_bytetrack:0020:D5_Recon_1:0,5.0,RECON-01,D5_Recon_1:0,D5_Recon_1:0:det:0005,G-105,G-105,0.0021746957011499475,6.472935610314343,True,True,True,registered,registered_to_global_track,True
d5_cv_5v5_multicamera_formal_20260716_yolo_bytetrack:0021:D5_Primary_1:0,5.25,INT-01,D5_Primary_1:0,D5_Primary_1:0/yolov8_bytetrack:track:1,G-101,G-101,0.011037552593433031,7.482892144583304,True,True,True,registered,registered_to_global_track,True
d5_cv_5v5_multicamera_formal_20260716_yolo_bytetrack:0021:D5_Primary_1:0,5.25,INT-01,D5_Primary_1:0,D5_Primary_1:0/yolov8_bytetrack:track:15,G-101,G-102,25.002329532336777,356.1421535670426,False,False,False,rejected,geometry_gate_rejected,
d5_cv_5v5_multicamera_formal_20260716_yolo_bytetrack:0021:D5_Primary_1:0,5.25,INT-01,D5_Primary_1:0,D5_Primary_1:0/yolov8_bytetrack:track:1,G-102,G-101,24.725780209630244,354.2037332371307,False,False,False,rejected,geometry_gate_rejected,
d5_cv_5v5_multicamera_formal_20260716_yolo_bytetrack:0021:D5_Primary_1:0,5.25,INT-01,D5_Primary_1:0,D5_Primary_1:0/yolov8_bytetrack:track:15,G-102,G-102,0.03488605102761494,13.293607850359331,True,True,True,registered,registered_to_global_track,True
d5_cv_5v5_multicamera_formal_20260716_yolo_bytetrack:0021:D5_Primary_1:0,5.25,INT-01,D5_Primary_1:0,D5_Primary_1:0/yolov8_bytetrack:track:1,G-103,G-101,97.85602022909546,705.5138354771592,False,False,False,rejected,geometry_gate_rejected,
d5_cv_5v5_multicamera_formal_20260716_yolo_bytetrack:0021:D5_Primary_1:0,5.25,INT-01,D5_Primary_1:0,D5_Primary_1:0/yolov8_bytetrack:track:15,G-103,G-102,23.93591558784043,348.9285860910545,False,False,False,rejected,geometry_gate_rejected,
d5_cv_5v5_multicamera_formal_20260716_yolo_bytetrack:0021:D5_Primary_1:0,5.25,INT-01,D5_Primary_1:0,D5_Primary_1:0/yolov8_bytetrack:track:1,G-104,G-101,,1026.4253020027618,False,False,False,rejected,projection_invalid,
d5_cv_5v5_multicamera_formal_20260716_yolo_bytetrack:0021:D5_Primary_1:0,5.25,INT-01,D5_Primary_1:0,D5_Primary_1:0/yolov8_bytetrack:track:15,G-104,G-102,,669.7866891755947,False,False,False,rejected,projection_invalid,
d5_cv_5v5_multicamera_formal_20260716_yolo_bytetrack:0021:D5_Primary_1:0,5.25,INT-01,D5_Primary_1:0,D5_Primary_1:0/yolov8_bytetrack:track:1,G-105,G-101,,1321.3900491497038,False,False,False,rejected,projection_invalid,
d5_cv_5v5_multicamera_formal_20260716_yolo_bytetrack:0021:D5_Primary_1:0,5.25,INT-01,D5_Primary_1:0,D5_Primary_1:0/yolov8_bytetrack:track:15,G-105,G-102,,964.7535679889995,False,False,False,rejected,projection_invalid,
d5_cv_5v5_multicamera_formal_20260716_yolo_bytetrack:0021:D5_Primary_2:0,5.25,INT-02,D5_Primary_2:0,D5_Primary_2:0/yolov8_bytetrack:track:1,G-101,G-102,27.51681107696164,374.2221013845432,False,False,False,rejected,geometry_gate_rejected,
d5_cv_5v5_multicamera_formal_20260716_yolo_bytetrack:0021:D5_Primary_2:0,5.25,INT-02,D5_Primary_2:0,D5_Primary_2:0/yolov8_bytetrack:track:5,G-101,G-103,106.48526123945072,736.1648924605723,False,False,False,rejected,geometry_gate_rejected,
d5_cv_5v5_multicamera_formal_20260716_yolo_bytetrack:0021:D5_Primary_2:0,5.25,INT-02,D5_Primary_2:0,D5_Primary_2:0/yolov8_bytetrack:track:3,G-101,G-104,233.06856700299474,1089.1110134405344,False,False,False,rejected,geometry_gate_rejected,
d5_cv_5v5_multicamera_formal_20260716_yolo_bytetrack:0021:D5_Primary_2:0,5.25,INT-02,D5_Primary_2:0,D5_Primary_2:0/yolov8_bytetrack:track:1,G-102,G-102,0.03974071868939396,14.20122327246402,True,True,True,registered,registered_to_global_track,True
d5_cv_5v5_multicamera_formal_20260716_yolo_bytetrack:0021:D5_Primary_2:0,5.25,INT-02,D5_Primary_2:0,D5_Primary_2:0/yolov8_bytetrack:track:5,G-102,G-103,26.7139653849597,368.1939348597459,False,False,False,rejected,geometry_gate_rejected,
d5_cv_5v5_multicamera_formal_20260716_yolo_bytetrack:0021:D5_Primary_2:0,5.25,INT-02,D5_Primary_2:0,D5_Primary_2:0/yolov8_bytetrack:track:3,G-102,G-104,102.43512237252274,720.9944044741883,False,False,False,rejected,geometry_gate_rejected,
d5_cv_5v5_multicamera_formal_20260716_yolo_bytetrack:0021:D5_Primary_2:0,5.25,INT-02,D5_Primary_2:0,D5_Primary_2:0/yolov8_bytetrack:track:1,G-103,G-102,26.963546556857967,369.9497089406669,False,False,False,rejected,geometry_gate_rejected,
d5_cv_5v5_multicamera_formal_20260716_yolo_bytetrack:0021:D5_Primary_2:0,5.25,INT-02,D5_Primary_2:0,D5_Primary_2:0/yolov8_bytetrack:track:5,G-103,G-103,0.031768003510364094,12.691500112713118,True,True,True,registered,registered_to_global_track,True
d5_cv_5v5_multicamera_formal_20260716_yolo_bytetrack:0021:D5_Primary_2:0,5.25,INT-02,D5_Primary_2:0,D5_Primary_2:0/yolov8_bytetrack:track:3,G-103,G-104,23.472909828470947,345.1729847760825,False,False,False,rejected,geometry_gate_rejected,
d5_cv_5v5_multicamera_formal_20260716_yolo_bytetrack:0021:D5_Primary_2:0,5.25,INT-02,D5_Primary_2:0,D5_Primary_2:0/yolov8_bytetrack:track:1,G-104,G-102,100.3562769151142,715.0805878464535,False,False,False,rejected,geometry_gate_rejected,
d5_cv_5v5_multicamera_formal_20260716_yolo_bytetrack:0021:D5_Primary_2:0,5.25,INT-02,D5_Primary_2:0,D5_Primary_2:0/yolov8_bytetrack:track:5,G-104,G-103,24.474011121923557,353.13051473477935,False,False,False,rejected,geometry_gate_rejected,
d5_cv_5v5_multicamera_formal_20260716_yolo_bytetrack:0021:D5_Primary_2:0,5.25,INT-02,D5_Primary_2:0,D5_Primary_2:0/yolov8_bytetrack:track:3,G-104,G-104,0.0001153361751881896,0.7641557699957633,True,True,True,registered,registered_to_global_track,True
d5_cv_5v5_multicamera_formal_20260716_yolo_bytetrack:0021:D5_Primary_2:0,5.25,INT-02,D5_Primary_2:0,D5_Primary_2:0/yolov8_bytetrack:track:1,G-105,G-102,,1039.5790140761087,False,False,False,rejected,projection_invalid,
d5_cv_5v5_multicamera_formal_20260716_yolo_bytetrack:0021:D5_Primary_2:0,5.25,INT-02,D5_Primary_2:0,D5_Primary_2:0/yolov8_bytetrack:track:5,G-105,G-103,,677.6343948027484,False,False,False,rejected,projection_invalid,
d5_cv_5v5_multicamera_formal_20260716_yolo_bytetrack:0021:D5_Primary_2:0,5.25,INT-02,D5_Primary_2:0,D5_Primary_2:0/yolov8_bytetrack:track:3,G-105,G-104,,324.65276697482864,False,False,False,rejected,projection_invalid,
d5_cv_5v5_multicamera_formal_20260716_yolo_bytetrack:0021:D5_Primary_3:0,5.25,INT-03,D5_Primary_3:0,D5_Primary_3:0/yolov8_bytetrack:track:1,G-101,G-103,109.46489218361864,748.6036896822905,False,False,False,rejected,geometry_gate_rejected,
d5_cv_5v5_multicamera_formal_20260716_yolo_bytetrack:0021:D5_Primary_3:0,5.25,INT-03,D5_Primary_3:0,D5_Primary_3:0/yolov8_bytetrack:track:12,G-101,G-104,243.08719148301225,1115.566794220289,False,False,False,rejected,geometry_gate_rejected,
d5_cv_5v5_multicamera_formal_20260716_yolo_bytetrack:0021:D5_Primary_3:0,5.25,INT-03,D5_Primary_3:0,D5_Primary_3:0/yolov8_bytetrack:track:1,G-102,G-103,28.129958523786996,378.32154980859076,False,False,False,rejected,geometry_gate_rejected,
d5_cv_5v5_multicamera_formal_20260716_yolo_bytetrack:0021:D5_Primary_3:0,5.25,INT-03,D5_Primary_3:0,D5_Primary_3:0/yolov8_bytetrack:track:12,G-102,G-104,109.15487377741752,745.2431711236293,False,False,False,rejected,geometry_gate_rejected,
d5_cv_5v5_multicamera_formal_20260716_yolo_bytetrack:0021:D5_Primary_3:0,5.25,INT-03,D5_Primary_3:0,D5_Primary_3:0/yolov8_bytetrack:track:1,G-103,G-103,0.030183270579585177,12.373908920434639,True,True,True,registered,registered_to_global_track,True
d5_cv_5v5_multicamera_formal_20260716_yolo_bytetrack:0021:D5_Primary_3:0,5.25,INT-03,D5_Primary_3:0,D5_Primary_3:0/yolov8_bytetrack:track:12,G-103,G-104,25.106724006095106,356.8769861548223,False,False,False,rejected,geometry_gate_rejected,
d5_cv_5v5_multicamera_formal_20260716_yolo_bytetrack:0021:D5_Primary_3:0,5.25,INT-03,D5_Primary_3:0,D5_Primary_3:0/yolov8_bytetrack:track:1,G-104,G-103,26.89787743645834,369.65251538674374,False,False,False,rejected,geometry_gate_rejected,
d5_cv_5v5_multicamera_formal_20260716_yolo_bytetrack:0021:D5_Primary_3:0,5.25,INT-03,D5_Primary_3:0,D5_Primary_3:0/yolov8_bytetrack:track:12,G-104,G-104,0.0033271414138829726,4.109097771789249,True,True,True,registered,registered_to_global_track,True
d5_cv_5v5_multicamera_formal_20260716_yolo_bytetrack:0021:D5_Primary_3:0,5.25,INT-03,D5_Primary_3:0,D5_Primary_3:0/yolov8_bytetrack:track:1,G-105,G-103,100.42520825369985,715.6751242162849,False,False,False,rejected,geometry_gate_rejected,
d5_cv_5v5_multicamera_formal_20260716_yolo_bytetrack:0021:D5_Primary_3:0,5.25,INT-03,D5_Primary_3:0,D5_Primary_3:0/yolov8_bytetrack:track:12,G-105,G-104,23.850650248118285,348.7743245673405,False,False,False,rejected,geometry_gate_rejected,
d5_cv_5v5_multicamera_formal_20260716_yolo_bytetrack:0021:D5_Primary_4:0,5.25,INT-04,D5_Primary_4:0,D5_Primary_4:0/yolov8_bytetrack:track:1,G-101,G-104,,1104.4059399075575,False,False,False,rejected,projection_invalid,
d5_cv_5v5_multicamera_formal_20260716_yolo_bytetrack:0021:D5_Primary_4:0,5.25,INT-04,D5_Primary_4:0,D5_Primary_4:0/yolov8_bytetrack:track:7,G-101,G-105,,1476.5254238051664,False,False,False,rejected,projection_invalid,
d5_cv_5v5_multicamera_formal_20260716_yolo_bytetrack:0021:D5_Primary_4:0,5.25,INT-04,D5_Primary_4:0,D5_Primary_4:0/yolov8_bytetrack:track:1,G-102,G-104,108.4089480372967,744.5577070950741,False,False,False,rejected,geometry_gate_rejected,
d5_cv_5v5_multicamera_formal_20260716_yolo_bytetrack:0021:D5_Primary_4:0,5.25,INT-04,D5_Primary_4:0,D5_Primary_4:0/yolov8_bytetrack:track:7,G-102,G-105,243.83819097093834,1116.6488383380138,False,False,False,rejected,geometry_gate_rejected,
d5_cv_5v5_multicamera_formal_20260716_yolo_bytetrack:0021:D5_Primary_4:0,5.25,INT-04,D5_Primary_4:0,D5_Primary_4:0/yolov8_bytetrack:track:1,G-103,G-104,25.068454996986734,356.9221332845688,False,False,False,rejected,geometry_gate_rejected,
d5_cv_5v5_multicamera_formal_20260716_yolo_bytetrack:0021:D5_Primary_4:0,5.25,INT-04,D5_Primary_4:0,D5_Primary_4:0/yolov8_bytetrack:track:7,G-103,G-105,104.57503753839849,728.9935039750231,False,False,False,rejected,geometry_gate_rejected,
d5_cv_5v5_multicamera_formal_20260716_yolo_bytetrack:0021:D5_Primary_4:0,5.25,INT-04,D5_Primary_4:0,D5_Primary_4:0/yolov8_bytetrack:track:1,G-104,G-104,0.005391563178813654,5.230301248985486,True,True,True,registered,registered_to_global_track,True
d5_cv_5v5_multicamera_formal_20260716_yolo_bytetrack:0021:D5_Primary_4:0,5.25,INT-04,D5_Primary_4:0,D5_Primary_4:0/yolov8_bytetrack:track:7,G-104,G-105,26.598655626785238,367.3661986651225,False,False,False,rejected,geometry_gate_rejected,
d5_cv_5v5_multicamera_formal_20260716_yolo_bytetrack:0021:D5_Primary_4:0,5.25,INT-04,D5_Primary_4:0,D5_Primary_4:0/yolov8_bytetrack:track:1,G-105,G-104,25.715298178657527,361.4647326660336,False,False,False,rejected,geometry_gate_rejected,
d5_cv_5v5_multicamera_formal_20260716_yolo_bytetrack:0021:D5_Primary_4:0,5.25,INT-04,D5_Primary_4:0,D5_Primary_4:0/yolov8_bytetrack:track:7,G-105,G-105,0.02986906532723534,12.316420395421456,True,True,True,registered,registered_to_global_track,True
d5_cv_5v5_multicamera_formal_20260716_yolo_bytetrack:0021:D5_Primary_5:0,5.25,INT-05,D5_Primary_5:0,D5_Primary_5:0/yolov8_bytetrack:track:1,G-101,G-105,,1426.442977444538,False,False,False,rejected,projection_invalid,
d5_cv_5v5_multicamera_formal_20260716_yolo_bytetrack:0021:D5_Primary_5:0,5.25,INT-05,D5_Primary_5:0,D5_Primary_5:0/yolov8_bytetrack:track:1,G-102,G-105,,1087.8714912238465,False,False,False,rejected,projection_invalid,
d5_cv_5v5_multicamera_formal_20260716_yolo_bytetrack:0021:D5_Primary_5:0,5.25,INT-05,D5_Primary_5:0,D5_Primary_5:0/yolov8_bytetrack:track:1,G-103,G-105,99.8021909593813,713.549289728585,False,False,False,rejected,geometry_gate_rejected,
d5_cv_5v5_multicamera_formal_20260716_yolo_bytetrack:0021:D5_Primary_5:0,5.25,INT-05,D5_Primary_5:0,D5_Primary_5:0/yolov8_bytetrack:track:1,G-104,G-105,25.765474551465804,361.7902380083247,False,False,False,rejected,geometry_gate_rejected,
d5_cv_5v5_multicamera_formal_20260716_yolo_bytetrack:0021:D5_Primary_5:0,5.25,INT-05,D5_Primary_5:0,D5_Primary_5:0/yolov8_bytetrack:track:1,G-105,G-105,0.015100828437876152,8.751757141916578,True,True,True,registered,registered_to_global_track,True
d5_cv_5v5_multicamera_formal_20260716_yolo_bytetrack:0021:D5_Recon_1:0,5.25,RECON-01,D5_Recon_1:0,D5_Recon_1:0:det:0001,G-101,G-101,7.582969731198694e-05,1.2087375858441003,True,True,True,registered,registered_to_global_track,True
d5_cv_5v5_multicamera_formal_20260716_yolo_bytetrack:0021:D5_Recon_1:0,5.25,RECON-01,D5_Recon_1:0,D5_Recon_1:0:det:0002,G-101,G-102,5.747585166939359,332.7787825393649,True,False,False,candidate,,
d5_cv_5v5_multicamera_formal_20260716_yolo_bytetrack:0021:D5_Recon_1:0,5.25,RECON-01,D5_Recon_1:0,D5_Recon_1:0:det:0003,G-101,G-103,23.080575130966434,666.8624047402001,False,False,False,rejected,geometry_gate_rejected,
d5_cv_5v5_multicamera_formal_20260716_yolo_bytetrack:0021:D5_Recon_1:0,5.25,RECON-01,D5_Recon_1:0,D5_Recon_1:0:det:0004,G-101,G-104,51.97243185736723,1000.6897241891743,False,False,False,rejected,geometry_gate_rejected,
d5_cv_5v5_multicamera_formal_20260716_yolo_bytetrack:0021:D5_Recon_1:0,5.25,RECON-01,D5_Recon_1:0,D5_Recon_1:0:det:0005,G-101,G-105,92.34750984040082,1333.9068889770992,False,False,False,rejected,geometry_gate_rejected,
d5_cv_5v5_multicamera_formal_20260716_yolo_bytetrack:0021:D5_Recon_1:0,5.25,RECON-01,D5_Recon_1:0,D5_Recon_1:0:det:0001,G-102,G-101,5.628939572512203,329.2611260063789,True,False,False,candidate,,
d5_cv_5v5_multicamera_formal_20260716_yolo_bytetrack:0021:D5_Recon_1:0,5.25,RECON-01,D5_Recon_1:0,D5_Recon_1:0:det:0002,G-102,G-102,0.003042051109683663,7.654048792898972,True,True,True,registered,registered_to_global_track,True
d5_cv_5v5_multicamera_formal_20260716_yolo_bytetrack:0021:D5_Recon_1:0,5.25,RECON-01,D5_Recon_1:0,D5_Recon_1:0:det:0003,G-102,G-103,5.963826296604992,338.9141490798524,True,False,False,candidate,,
d5_cv_5v5_multicamera_formal_20260716_yolo_bytetrack:0021:D5_Recon_1:0,5.25,RECON-01,D5_Recon_1:0,D5_Recon_1:0:det:0004,G-102,G-104,23.496771101431214,672.7152887731354,False,False,False,rejected,geometry_gate_rejected,
d5_cv_5v5_multicamera_formal_20260716_yolo_bytetrack:0021:D5_Recon_1:0,5.25,RECON-01,D5_Recon_1:0,D5_Recon_1:0:det:0005,G-102,G-105,52.53826216031127,1005.9237328026312,False,False,False,rejected,geometry_gate_rejected,
d5_cv_5v5_multicamera_formal_20260716_yolo_bytetrack:0021:D5_Recon_1:0,5.25,RECON-01,D5_Recon_1:0,D5_Recon_1:0:det:0001,G-103,G-101,23.88147796343043,678.1379289121364,False,False,False,rejected,geometry_gate_rejected,
d5_cv_5v5_multicamera_formal_20260716_yolo_bytetrack:0021:D5_Recon_1:0,5.25,RECON-01,D5_Recon_1:0,D5_Recon_1:0:det:0002,G-103,G-102,6.1507587873333325,344.15317706119816,True,False,False,candidate,,
d5_cv_5v5_multicamera_formal_20260716_yolo_bytetrack:0021:D5_Recon_1:0,5.25,RECON-01,D5_Recon_1:0,D5_Recon_1:0:det:0003,G-103,G-103,0.005271760597412154,10.075469092976164,True,True,True,registered,registered_to_global_track,True
d5_cv_5v5_multicamera_formal_20260716_yolo_bytetrack:0021:D5_Recon_1:0,5.25,RECON-01,D5_Recon_1:0,D5_Recon_1:0:det:0004,G-103,G-104,5.443353199399819,323.7581373081044,True,False,False,candidate,,
d5_cv_5v5_multicamera_formal_20260716_yolo_bytetrack:0021:D5_Recon_1:0,5.25,RECON-01,D5_Recon_1:0,D5_Recon_1:0:det:0005,G-103,G-105,22.41419164479959,656.9751998400355,False,False,False,rejected,geometry_gate_rejected,
d5_cv_5v5_multicamera_formal_20260716_yolo_bytetrack:0021:D5_Recon_1:0,5.25,RECON-01,D5_Recon_1:0,D5_Recon_1:0:det:0001,G-104,G-101,52.46052542318423,1005.1381989831976,False,False,False,rejected,geometry_gate_rejected,
d5_cv_5v5_multicamera_formal_20260716_yolo_bytetrack:0021:D5_Recon_1:0,5.25,RECON-01,D5_Recon_1:0,D5_Recon_1:0:det:0002,G-104,G-102,23.390121370753846,671.1594339893098,False,False,False,rejected,geometry_gate_rejected,
d5_cv_5v5_multicamera_formal_20260716_yolo_bytetrack:0021:D5_Recon_1:0,5.25,RECON-01,D5_Recon_1:0,D5_Recon_1:0:det:0003,G-104,G-103,5.900412472037551,337.09371034148677,True,False,False,candidate,,
d5_cv_5v5_multicamera_formal_20260716_yolo_bytetrack:0021:D5_Recon_1:0,5.25,RECON-01,D5_Recon_1:0,D5_Recon_1:0:det:0004,G-104,G-104,0.0018009500590177006,5.888958751437921,True,True,True,registered,registered_to_global_track,True
d5_cv_5v5_multicamera_formal_20260716_yolo_bytetrack:0021:D5_Recon_1:0,5.25,RECON-01,D5_Recon_1:0,D5_Recon_1:0:det:0005,G-104,G-105,5.655504222474822,330.0236785235011,True,False,False,candidate,,
d5_cv_5v5_multicamera_formal_20260716_yolo_bytetrack:0021:D5_Recon_1:0,5.25,RECON-01,D5_Recon_1:0,D5_Recon_1:0:det:0001,G-105,G-101,91.63576546634827,1328.7231647508536,False,False,False,rejected,geometry_gate_rejected,
d5_cv_5v5_multicamera_formal_20260716_yolo_bytetrack:0021:D5_Recon_1:0,5.25,RECON-01,D5_Recon_1:0,D5_Recon_1:0:det:0002,G-105,G-102,51.35867799880889,994.7384807462788,False,False,False,rejected,geometry_gate_rejected,
d5_cv_5v5_multicamera_formal_20260716_yolo_bytetrack:0021:D5_Recon_1:0,5.25,RECON-01,D5_Recon_1:0,D5_Recon_1:0:det:0003,G-105,G-103,22.654041109923593,660.6551772490644,False,False,False,rejected,geometry_gate_rejected,
d5_cv_5v5_multicamera_formal_20260716_yolo_bytetrack:0021:D5_Recon_1:0,5.25,RECON-01,D5_Recon_1:0,D5_Recon_1:0:det:0004,G-105,G-104,5.5441725214780835,326.8288367390879,True,False,False,candidate,,
d5_cv_5v5_multicamera_formal_20260716_yolo_bytetrack:0021:D5_Recon_1:0,5.25,RECON-01,D5_Recon_1:0,D5_Recon_1:0:det:0005,G-105,G-105,0.002183736225390027,6.48632085241261,True,True,True,registered,registered_to_global_track,True
d5_cv_5v5_multicamera_formal_20260716_yolo_bytetrack:0022:D5_Primary_1:0,5.5,INT-01,D5_Primary_1:0,D5_Primary_1:0/yolov8_bytetrack:track:1,G-101,G-101,0.01089275495129453,7.433645466877331,True,True,True,registered,registered_to_global_track,True
d5_cv_5v5_multicamera_formal_20260716_yolo_bytetrack:0022:D5_Primary_1:0,5.5,INT-01,D5_Primary_1:0,D5_Primary_1:0/yolov8_bytetrack:track:2,G-101,G-103,94.55907890999197,692.6034552822276,False,False,False,rejected,geometry_gate_rejected,
d5_cv_5v5_multicamera_formal_20260716_yolo_bytetrack:0022:D5_Primary_1:0,5.5,INT-01,D5_Primary_1:0,D5_Primary_1:0/yolov8_bytetrack:track:1,G-102,G-101,24.19159648029727,350.3371161447191,False,False,False,rejected,geometry_gate_rejected,
d5_cv_5v5_multicamera_formal_20260716_yolo_bytetrack:0022:D5_Primary_1:0,5.5,INT-01,D5_Primary_1:0,D5_Primary_1:0/yolov8_bytetrack:track:2,G-102,G-103,23.224943338818022,343.26502333610085,False,False,False,rejected,geometry_gate_rejected,
d5_cv_5v5_multicamera_formal_20260716_yolo_bytetrack:0022:D5_Primary_1:0,5.5,INT-01,D5_Primary_1:0,D5_Primary_1:0/yolov8_bytetrack:track:1,G-103,G-101,95.60436378353049,697.2448976949639,False,False,False,rejected,geometry_gate_rejected,
d5_cv_5v5_multicamera_formal_20260716_yolo_bytetrack:0022:D5_Primary_1:0,5.5,INT-01,D5_Primary_1:0,D5_Primary_1:0/yolov8_bytetrack:track:2,G-103,G-103,0.012701543906751642,8.018596936680364,True,True,True,registered,registered_to_global_track,True
d5_cv_5v5_multicamera_formal_20260716_yolo_bytetrack:0022:D5_Primary_1:0,5.5,INT-01,D5_Primary_1:0,D5_Primary_1:0/yolov8_bytetrack:track:1,G-104,G-101,,1013.4047605446127,False,False,False,rejected,projection_invalid,
d5_cv_5v5_multicamera_formal_20260716_yolo_bytetrack:0022:D5_Primary_1:0,5.5,INT-01,D5_Primary_1:0,D5_Primary_1:0/yolov8_bytetrack:track:2,G-104,G-103,,320.22725876533366,False,False,False,rejected,projection_invalid,
d5_cv_5v5_multicamera_formal_20260716_yolo_bytetrack:0022:D5_Primary_1:0,5.5,INT-01,D5_Primary_1:0,D5_Primary_1:0/yolov8_bytetrack:track:1,G-105,G-101,,1303.4161407850975,False,False,False,rejected,projection_invalid,
d5_cv_5v5_multicamera_formal_20260716_yolo_bytetrack:0022:D5_Primary_1:0,5.5,INT-01,D5_Primary_1:0,D5_Primary_1:0/yolov8_bytetrack:track:2,G-105,G-103,,610.2391892766591,False,False,False,rejected,projection_invalid,
d5_cv_5v5_multicamera_formal_20260716_yolo_bytetrack:0022:D5_Primary_2:0,5.5,INT-02,D5_Primary_2:0,D5_Primary_2:0/yolov8_bytetrack:track:1,G-101,G-102,26.89943695609931,370.0042845609798,False,False,False,rejected,geometry_gate_rejected,
d5_cv_5v5_multicamera_formal_20260716_yolo_bytetrack:0022:D5_Primary_2:0,5.5,INT-02,D5_Primary_2:0,D5_Primary_2:0/yolov8_bytetrack:track:5,G-101,G-103,104.05489146175343,727.7234575761953,False,False,False,rejected,geometry_gate_rejected,
d5_cv_5v5_multicamera_formal_20260716_yolo_bytetrack:0022:D5_Primary_2:0,5.5,INT-02,D5_Primary_2:0,D5_Primary_2:0/yolov8_bytetrack:track:38,G-101,G-101,0.0423626263377629,14.677852915555926,True,True,False,candidate,stability_window_failed,True
d5_cv_5v5_multicamera_formal_20260716_yolo_bytetrack:0022:D5_Primary_2:0,5.5,INT-02,D5_Primary_2:0,D5_Primary_2:0/yolov8_bytetrack:track:1,G-102,G-102,0.03964944062145369,14.184897283657492,True,True,True,registered,registered_to_global_track,True
d5_cv_5v5_multicamera_formal_20260716_yolo_bytetrack:0022:D5_Primary_2:0,5.5,INT-02,D5_Primary_2:0,D5_Primary_2:0/yolov8_bytetrack:track:5,G-102,G-103,25.97154462087377,363.0413599184459,False,False,False,rejected,geometry_gate_rejected,
d5_cv_5v5_multicamera_formal_20260716_yolo_bytetrack:0022:D5_Primary_2:0,5.5,INT-02,D5_Primary_2:0,D5_Primary_2:0/yolov8_bytetrack:track:38,G-102,G-101,27.96249434151805,376.6996064064232,False,False,False,rejected,geometry_gate_rejected,
d5_cv_5v5_multicamera_formal_20260716_yolo_bytetrack:0022:D5_Primary_2:0,5.5,INT-02,D5_Primary_2:0,D5_Primary_2:0/yolov8_bytetrack:track:1,G-103,G-102,26.557130941333885,367.13438153707864,False,False,False,rejected,geometry_gate_rejected,
d5_cv_5v5_multicamera_formal_20260716_yolo_bytetrack:0022:D5_Primary_2:0,5.5,INT-02,D5_Primary_2:0,D5_Primary_2:0/yolov8_bytetrack:track:5,G-103,G-103,0.03271686801474823,12.880732732262176,True,True,True,registered,registered_to_global_track,True
d5_cv_5v5_multicamera_formal_20260716_yolo_bytetrack:0022:D5_Primary_2:0,5.5,INT-02,D5_Primary_2:0,D5_Primary_2:0/yolov8_bytetrack:track:38,G-103,G-101,110.4001202552232,748.5472547343867,False,False,False,rejected,geometry_gate_rejected,
d5_cv_5v5_multicamera_formal_20260716_yolo_bytetrack:0022:D5_Primary_2:0,5.5,INT-02,D5_Primary_2:0,D5_Primary_2:0/yolov8_bytetrack:track:1,G-104,G-102,98.45445951414526,708.1818864188443,False,False,False,rejected,geometry_gate_rejected,
d5_cv_5v5_multicamera_formal_20260716_yolo_bytetrack:0022:D5_Primary_2:0,5.5,INT-02,D5_Primary_2:0,D5_Primary_2:0/yolov8_bytetrack:track:5,G-104,G-103,24.10718691444988,350.42926686231493,False,False,False,rejected,geometry_gate_rejected,
d5_cv_5v5_multicamera_formal_20260716_yolo_bytetrack:0022:D5_Primary_2:0,5.5,INT-02,D5_Primary_2:0,D5_Primary_2:0/yolov8_bytetrack:track:38,G-104,G-101,233.0800310818344,1089.631502401753,False,False,False,rejected,geometry_gate_rejected,
d5_cv_5v5_multicamera_formal_20260716_yolo_bytetrack:0022:D5_Primary_2:0,5.5,INT-02,D5_Primary_2:0,D5_Primary_2:0/yolov8_bytetrack:track:1,G-105,G-102,,1028.366174941541,False,False,False,rejected,projection_invalid,
d5_cv_5v5_multicamera_formal_20260716_yolo_bytetrack:0022:D5_Primary_2:0,5.5,INT-02,D5_Primary_2:0,D5_Primary_2:0/yolov8_bytetrack:track:5,G-105,G-103,,670.6172136003639,False,False,False,rejected,projection_invalid,
d5_cv_5v5_multicamera_formal_20260716_yolo_bytetrack:0022:D5_Primary_2:0,5.5,INT-02,D5_Primary_2:0,D5_Primary_2:0/yolov8_bytetrack:track:38,G-105,G-101,,1409.8160819592251,False,False,False,rejected,projection_invalid,
d5_cv_5v5_multicamera_formal_20260716_yolo_bytetrack:0022:D5_Primary_3:0,5.5,INT-03,D5_Primary_3:0,D5_Primary_3:0/yolov8_bytetrack:track:1,G-101,G-103,107.61591141830517,742.2337149405503,False,False,False,rejected,geometry_gate_rejected,
d5_cv_5v5_multicamera_formal_20260716_yolo_bytetrack:0022:D5_Primary_3:0,5.5,INT-03,D5_Primary_3:0,D5_Primary_3:0/yolov8_bytetrack:track:12,G-101,G-104,238.68813650486914,1105.395891290957,False,False,False,rejected,geometry_gate_rejected,
d5_cv_5v5_multicamera_formal_20260716_yolo_bytetrack:0022:D5_Primary_3:0,5.5,INT-03,D5_Primary_3:0,D5_Primary_3:0/yolov8_bytetrack:track:2,G-101,G-102,27.037056341582776,372.03336910526144,False,False,False,rejected,geometry_gate_rejected,
d5_cv_5v5_multicamera_formal_20260716_yolo_bytetrack:0022:D5_Primary_3:0,5.5,INT-03,D5_Primary_3:0,D5_Primary_3:0/yolov8_bytetrack:track:49,G-101,G-105,417.3705110621881,1461.7169809427346,False,False,False,rejected,geometry_gate_rejected,
d5_cv_5v5_multicamera_formal_20260716_yolo_bytetrack:0022:D5_Primary_3:0,5.5,INT-03,D5_Primary_3:0,D5_Primary_3:0/yolov8_bytetrack:track:1,G-102,G-103,27.645112049227343,375.0465922553456,False,False,False,rejected,geometry_gate_rejected,
d5_cv_5v5_multicamera_formal_20260716_yolo_bytetrack:0022:D5_Primary_3:0,5.5,INT-03,D5_Primary_3:0,D5_Primary_3:0/yolov8_bytetrack:track:12,G-102,G-104,107.08165209931,738.1310678451541,False,False,False,rejected,geometry_gate_rejected,
d5_cv_5v5_multicamera_formal_20260716_yolo_bytetrack:0022:D5_Primary_3:0,5.5,INT-03,D5_Primary_3:0,D5_Primary_3:0/yolov8_bytetrack:track:2,G-102,G-102,0.042124250904753156,14.627484010241831,True,True,True,registered,registered_to_global_track,True
d5_cv_5v5_multicamera_formal_20260716_yolo_bytetrack:0022:D5_Primary_3:0,5.5,INT-03,D5_Primary_3:0,D5_Primary_3:0/yolov8_bytetrack:track:49,G-102,G-105,235.40235482541894,1094.4130314221345,False,False,False,rejected,geometry_gate_rejected,
d5_cv_5v5_multicamera_formal_20260716_yolo_bytetrack:0022:D5_Primary_3:0,5.5,INT-03,D5_Primary_3:0,D5_Primary_3:0/yolov8_bytetrack:track:1,G-103,G-103,0.03472633856316286,13.272507548997778,True,True,True,registered,registered_to_global_track,True
d5_cv_5v5_multicamera_formal_20260716_yolo_bytetrack:0022:D5_Primary_3:0,5.5,INT-03,D5_Primary_3:0,D5_Primary_3:0/yolov8_bytetrack:track:12,G-103,G-104,24.57881315169132,353.10486853690844,False,False,False,rejected,geometry_gate_rejected,
d5_cv_5v5_multicamera_formal_20260716_yolo_bytetrack:0022:D5_Primary_3:0,5.5,INT-03,D5_Primary_3:0,D5_Primary_3:0/yolov8_bytetrack:track:2,G-103,G-102,28.55211889106423,380.5769246672785,False,False,False,rejected,geometry_gate_rejected,
d5_cv_5v5_multicamera_formal_20260716_yolo_bytetrack:0022:D5_Primary_3:0,5.5,INT-03,D5_Primary_3:0,D5_Primary_3:0/yolov8_bytetrack:track:49,G-103,G-105,99.19415481379694,709.359354382048,False,False,False,rejected,geometry_gate_rejected,
d5_cv_5v5_multicamera_formal_20260716_yolo_bytetrack:0022:D5_Primary_3:0,5.5,INT-03,D5_Primary_3:0,D5_Primary_3:0/yolov8_bytetrack:track:1,G-104,G-103,26.379199733560863,366.05858042018843,False,False,False,rejected,geometry_gate_rejected,
d5_cv_5v5_multicamera_formal_20260716_yolo_bytetrack:0022:D5_Primary_3:0,5.5,INT-03,D5_Primary_3:0,D5_Primary_3:0/yolov8_bytetrack:track:12,G-104,G-104,0.0035560771090273084,4.248132118160866,True,True,True,registered,registered_to_global_track,True
d5_cv_5v5_multicamera_formal_20260716_yolo_bytetrack:0022:D5_Primary_3:0,5.5,INT-03,D5_Primary_3:0,D5_Primary_3:0/yolov8_bytetrack:track:2,G-104,G-102,106.72995853458609,736.3138222763414,False,False,False,rejected,geometry_gate_rejected,
d5_cv_5v5_multicamera_formal_20260716_yolo_bytetrack:0022:D5_Primary_3:0,5.5,INT-03,D5_Primary_3:0,D5_Primary_3:0/yolov8_bytetrack:track:49,G-104,G-105,24.592941545097744,353.4475372303674,False,False,False,rejected,geometry_gate_rejected,
d5_cv_5v5_multicamera_formal_20260716_yolo_bytetrack:0022:D5_Primary_3:0,5.5,INT-03,D5_Primary_3:0,D5_Primary_3:0/yolov8_bytetrack:track:1,G-105,G-103,98.38982433865483,708.3121911550701,False,False,False,rejected,geometry_gate_rejected,
d5_cv_5v5_multicamera_formal_20260716_yolo_bytetrack:0022:D5_Primary_3:0,5.5,INT-03,D5_Primary_3:0,D5_Primary_3:0/yolov8_bytetrack:track:12,G-105,G-104,23.368165196286572,345.1928117761453,False,False,False,rejected,geometry_gate_rejected,
d5_cv_5v5_multicamera_formal_20260716_yolo_bytetrack:0022:D5_Primary_3:0,5.5,INT-03,D5_Primary_3:0,D5_Primary_3:0/yolov8_bytetrack:track:2,G-105,G-102,228.13623124772153,1078.5660679739722,False,False,False,rejected,geometry_gate_rejected,
d5_cv_5v5_multicamera_formal_20260716_yolo_bytetrack:0022:D5_Primary_3:0,5.5,INT-03,D5_Primary_3:0,D5_Primary_3:0/yolov8_bytetrack:track:49,G-105,G-105,0.031902630626152305,12.74469769895698,True,True,True,registered,registered_to_global_track,True
d5_cv_5v5_multicamera_formal_20260716_yolo_bytetrack:0022:D5_Primary_4:0,5.5,INT-04,D5_Primary_4:0,D5_Primary_4:0/yolov8_bytetrack:track:1,G-101,G-104,,1094.563900772126,False,False,False,rejected,projection_invalid,
d5_cv_5v5_multicamera_formal_20260716_yolo_bytetrack:0022:D5_Primary_4:0,5.5,INT-04,D5_Primary_4:0,D5_Primary_4:0/yolov8_bytetrack:track:7,G-101,G-105,,1462.611273036538,False,False,False,rejected,projection_invalid,
d5_cv_5v5_multicamera_formal_20260716_yolo_bytetrack:0022:D5_Primary_4:0,5.5,INT-04,D5_Primary_4:0,D5_Primary_4:0/yolov8_bytetrack:track:2,G-101,G-103,,726.2226422100126,False,False,False,rejected,projection_invalid,
d5_cv_5v5_multicamera_formal_20260716_yolo_bytetrack:0022:D5_Primary_4:0,5.5,INT-04,D5_Primary_4:0,D5_Primary_4:0/yolov8_bytetrack:track:1,G-102,G-104,106.49150315002615,737.9009567505985,False,False,False,rejected,geometry_gate_rejected,
d5_cv_5v5_multicamera_formal_20260716_yolo_bytetrack:0022:D5_Primary_4:0,5.5,INT-04,D5_Primary_4:0,D5_Primary_4:0/yolov8_bytetrack:track:7,G-102,G-105,239.2003406596511,1105.9142402987002,False,False,False,rejected,geometry_gate_rejected,
d5_cv_5v5_multicamera_formal_20260716_yolo_bytetrack:0022:D5_Primary_4:0,5.5,INT-04,D5_Primary_4:0,D5_Primary_4:0/yolov8_bytetrack:track:2,G-102,G-103,26.725050438452612,369.6573495598056,False,False,False,rejected,geometry_gate_rejected,
d5_cv_5v5_multicamera_formal_20260716_yolo_bytetrack:0022:D5_Primary_4:0,5.5,INT-04,D5_Primary_4:0,D5_Primary_4:0/yolov8_bytetrack:track:1,G-103,G-104,24.601581733195996,353.57855380932375,False,False,False,rejected,geometry_gate_rejected,
d5_cv_5v5_multicamera_formal_20260716_yolo_bytetrack:0022:D5_Primary_4:0,5.5,INT-04,D5_Primary_4:0,D5_Primary_4:0/yolov8_bytetrack:track:7,G-103,G-105,102.45805844301691,721.5682437471543,False,False,False,rejected,geometry_gate_rejected,
d5_cv_5v5_multicamera_formal_20260716_yolo_bytetrack:0022:D5_Primary_4:0,5.5,INT-04,D5_Primary_4:0,D5_Primary_4:0/yolov8_bytetrack:track:2,G-103,G-103,0.05959494799248119,17.39803670828136,True,True,True,registered,registered_to_global_track,True
d5_cv_5v5_multicamera_formal_20260716_yolo_bytetrack:0022:D5_Primary_4:0,5.5,INT-04,D5_Primary_4:0,D5_Primary_4:0/yolov8_bytetrack:track:1,G-104,G-104,0.005749392807530148,5.401073334668487,True,True,True,registered,registered_to_global_track,True
d5_cv_5v5_multicamera_formal_20260716_yolo_bytetrack:0022:D5_Primary_4:0,5.5,INT-04,D5_Primary_4:0,D5_Primary_4:0/yolov8_bytetrack:track:7,G-104,G-105,26.016333324468338,363.32235744257594,False,False,False,rejected,geometry_gate_rejected,
d5_cv_5v5_multicamera_formal_20260716_yolo_bytetrack:0022:D5_Primary_4:0,5.5,INT-04,D5_Primary_4:0,D5_Primary_4:0/yolov8_bytetrack:track:2,G-104,G-103,27.43483675608525,373.0957222273203,False,False,False,rejected,geometry_gate_rejected,
d5_cv_5v5_multicamera_formal_20260716_yolo_bytetrack:0022:D5_Primary_4:0,5.5,INT-04,D5_Primary_4:0,D5_Primary_4:0/yolov8_bytetrack:track:1,G-105,G-104,25.225078682798536,357.99484255476835,False,False,False,rejected,geometry_gate_rejected,
d5_cv_5v5_multicamera_formal_20260716_yolo_bytetrack:0022:D5_Primary_4:0,5.5,INT-04,D5_Primary_4:0,D5_Primary_4:0/yolov8_bytetrack:track:7,G-105,G-105,0.0272634895062304,11.766584988695179,True,True,True,registered,registered_to_global_track,True
d5_cv_5v5_multicamera_formal_20260716_yolo_bytetrack:0022:D5_Primary_4:0,5.5,INT-04,D5_Primary_4:0,D5_Primary_4:0/yolov8_bytetrack:track:2,G-105,G-103,103.83155526681112,726.3152522322621,False,False,False,rejected,geometry_gate_rejected,
d5_cv_5v5_multicamera_formal_20260716_yolo_bytetrack:0022:D5_Primary_5:0,5.5,INT-05,D5_Primary_5:0,D5_Primary_5:0/yolov8_bytetrack:track:1,G-101,G-105,,1412.3006935673325,False,False,False,rejected,projection_invalid,
d5_cv_5v5_multicamera_formal_20260716_yolo_bytetrack:0022:D5_Primary_5:0,5.5,INT-05,D5_Primary_5:0,D5_Primary_5:0/yolov8_bytetrack:track:1,G-102,G-105,,1077.2901399101193,False,False,False,rejected,projection_invalid,
d5_cv_5v5_multicamera_formal_20260716_yolo_bytetrack:0022:D5_Primary_5:0,5.5,INT-05,D5_Primary_5:0,D5_Primary_5:0/yolov8_bytetrack:track:1,G-103,G-105,97.87656658917003,706.57690530206,False,False,False,rejected,geometry_gate_rejected,
d5_cv_5v5_multicamera_formal_20260716_yolo_bytetrack:0022:D5_Primary_5:0,5.5,INT-05,D5_Primary_5:0,D5_Primary_5:0/yolov8_bytetrack:track:1,G-104,G-105,25.27393240975482,358.31426532168877,False,False,False,rejected,geometry_gate_rejected,
d5_cv_5v5_multicamera_formal_20260716_yolo_bytetrack:0022:D5_Primary_5:0,5.5,INT-05,D5_Primary_5:0,D5_Primary_5:0/yolov8_bytetrack:track:1,G-105,G-105,0.014721591902678985,8.641157311453693,True,True,True,registered,registered_to_global_track,True
d5_cv_5v5_multicamera_formal_20260716_yolo_bytetrack:0022:D5_Recon_1:0,5.5,RECON-01,D5_Recon_1:0,D5_Recon_1:0:det:0001,G-101,G-101,7.82693224947911e-05,1.2280184136951948,True,True,True,registered,registered_to_global_track,True
d5_cv_5v5_multicamera_formal_20260716_yolo_bytetrack:0022:D5_Recon_1:0,5.5,RECON-01,D5_Recon_1:0,D5_Recon_1:0:det:0002,G-101,G-102,5.639066708599827,329.6199372473116,True,False,False,candidate,,
d5_cv_5v5_multicamera_formal_20260716_yolo_bytetrack:0022:D5_Recon_1:0,5.5,RECON-01,D5_Recon_1:0,D5_Recon_1:0:det:0003,G-101,G-103,22.645573540460546,660.5436447992582,False,False,False,rejected,geometry_gate_rejected,
d5_cv_5v5_multicamera_formal_20260716_yolo_bytetrack:0022:D5_Recon_1:0,5.5,RECON-01,D5_Recon_1:0,D5_Recon_1:0:det:0004,G-101,G-104,50.990944509044574,991.1887964995632,False,False,False,rejected,geometry_gate_rejected,
d5_cv_5v5_multicamera_formal_20260716_yolo_bytetrack:0022:D5_Recon_1:0,5.5,RECON-01,D5_Recon_1:0,D5_Recon_1:0:det:0005,G-101,G-105,90.59755822047451,1321.1985933853264,False,False,False,rejected,geometry_gate_rejected,
d5_cv_5v5_multicamera_formal_20260716_yolo_bytetrack:0022:D5_Recon_1:0,5.5,RECON-01,D5_Recon_1:0,D5_Recon_1:0:det:0001,G-102,G-101,5.522228565311592,326.1241592988435,True,False,False,candidate,,
d5_cv_5v5_multicamera_formal_20260716_yolo_bytetrack:0022:D5_Recon_1:0,5.5,RECON-01,D5_Recon_1:0,D5_Recon_1:0:det:0002,G-102,G-102,0.00300839315329156,7.611572209636941,True,True,True,registered,registered_to_global_track,True
d5_cv_5v5_multicamera_formal_20260716_yolo_bytetrack:0022:D5_Recon_1:0,5.5,RECON-01,D5_Recon_1:0,D5_Recon_1:0:det:0003,G-102,G-103,5.853012773526104,335.74964372490376,True,False,False,candidate,,
d5_cv_5v5_multicamera_formal_20260716_yolo_bytetrack:0022:D5_Recon_1:0,5.5,RECON-01,D5_Recon_1:0,D5_Recon_1:0:det:0004,G-102,G-104,23.055667235768325,666.3688228164704,False,False,False,rejected,geometry_gate_rejected,
d5_cv_5v5_multicamera_formal_20260716_yolo_bytetrack:0022:D5_Recon_1:0,5.5,RECON-01,D5_Recon_1:0,D5_Recon_1:0:det:0005,G-102,G-105,51.54536561325218,996.3699760254157,False,False,False,rejected,geometry_gate_rejected,
d5_cv_5v5_multicamera_formal_20260716_yolo_bytetrack:0022:D5_Recon_1:0,5.5,RECON-01,D5_Recon_1:0,D5_Recon_1:0:det:0001,G-103,G-101,23.439814875918064,671.8365034176683,False,False,False,rejected,geometry_gate_rejected,
d5_cv_5v5_multicamera_formal_20260716_yolo_bytetrack:0022:D5_Recon_1:0,5.5,RECON-01,D5_Recon_1:0,D5_Recon_1:0:det:0002,G-103,G-102,6.038326007399523,340.9924683916367,True,False,False,candidate,,
d5_cv_5v5_multicamera_formal_20260716_yolo_bytetrack:0022:D5_Recon_1:0,5.5,RECON-01,D5_Recon_1:0,D5_Recon_1:0:det:0003,G-103,G-103,0.005271137522163443,10.074852157101743,True,True,True,registered,registered_to_global_track,True
d5_cv_5v5_multicamera_formal_20260716_yolo_bytetrack:0022:D5_Recon_1:0,5.5,RECON-01,D5_Recon_1:0,D5_Recon_1:0:det:0004,G-103,G-104,5.336925123679012,320.5767806168895,True,False,False,candidate,,
d5_cv_5v5_multicamera_formal_20260716_yolo_bytetrack:0022:D5_Recon_1:0,5.5,RECON-01,D5_Recon_1:0,D5_Recon_1:0:det:0005,G-103,G-105,21.980473265063097,650.5864709975116,False,False,False,rejected,geometry_gate_rejected,
d5_cv_5v5_multicamera_formal_20260716_yolo_bytetrack:0022:D5_Recon_1:0,5.5,RECON-01,D5_Recon_1:0,D5_Recon_1:0:det:0001,G-104,G-101,51.47428452058868,995.6414736561411,False,False,False,rejected,geometry_gate_rejected,
d5_cv_5v5_multicamera_formal_20260716_yolo_bytetrack:0022:D5_Recon_1:0,5.5,RECON-01,D5_Recon_1:0,D5_Recon_1:0:det:0002,G-104,G-102,22.949378597053375,664.8034831430962,False,False,False,rejected,geometry_gate_rejected,
d5_cv_5v5_multicamera_formal_20260716_yolo_bytetrack:0022:D5_Recon_1:0,5.5,RECON-01,D5_Recon_1:0,D5_Recon_1:0:det:0003,G-104,G-103,5.789106599253404,333.8978295248384,True,False,False,candidate,,
d5_cv_5v5_multicamera_formal_20260716_yolo_bytetrack:0022:D5_Recon_1:0,5.5,RECON-01,D5_Recon_1:0,D5_Recon_1:0:det:0004,G-104,G-104,0.001795316899935916,5.879724444546133,True,True,True,registered,registered_to_global_track,True
d5_cv_5v5_multicamera_formal_20260716_yolo_bytetrack:0022:D5_Recon_1:0,5.5,RECON-01,D5_Recon_1:0,D5_Recon_1:0:det:0005,G-104,G-105,5.546641324131014,326.83069398901455,True,False,False,candidate,,
d5_cv_5v5_multicamera_formal_20260716_yolo_bytetrack:0022:D5_Recon_1:0,5.5,RECON-01,D5_Recon_1:0,D5_Recon_1:0:det:0001,G-105,G-101,89.89421636205267,1316.025361118003,False,False,False,rejected,geometry_gate_rejected,
d5_cv_5v5_multicamera_formal_20260716_yolo_bytetrack:0022:D5_Recon_1:0,5.5,RECON-01,D5_Recon_1:0,D5_Recon_1:0:det:0002,G-105,G-102,50.37738751963314,985.1814009006929,False,False,False,rejected,geometry_gate_rejected,
d5_cv_5v5_multicamera_formal_20260716_yolo_bytetrack:0022:D5_Recon_1:0,5.5,RECON-01,D5_Recon_1:0,D5_Recon_1:0:det:0003,G-105,G-103,22.217815732579627,654.2580328997354,False,False,False,rejected,geometry_gate_rejected,
d5_cv_5v5_multicamera_formal_20260716_yolo_bytetrack:0022:D5_Recon_1:0,5.5,RECON-01,D5_Recon_1:0,D5_Recon_1:0:det:0004,G-105,G-104,5.435727089892332,323.6139279973144,True,False,False,candidate,,
d5_cv_5v5_multicamera_formal_20260716_yolo_bytetrack:0022:D5_Recon_1:0,5.5,RECON-01,D5_Recon_1:0,D5_Recon_1:0:det:0005,G-105,G-105,0.0021925630253480824,6.499360795582152,True,True,True,registered,registered_to_global_track,True
d5_cv_5v5_multicamera_formal_20260716_yolo_bytetrack:0023:D5_Primary_1:0,5.75,INT-01,D5_Primary_1:0,D5_Primary_1:0/yolov8_bytetrack:track:1,G-101,G-101,0.011454199692597974,7.622802649565882,True,True,True,registered,registered_to_global_track,True
d5_cv_5v5_multicamera_formal_20260716_yolo_bytetrack:0023:D5_Primary_1:0,5.75,INT-01,D5_Primary_1:0,D5_Primary_1:0/yolov8_bytetrack:track:2,G-101,G-103,92.03367841976109,683.2910686094501,False,False,False,rejected,geometry_gate_rejected,
d5_cv_5v5_multicamera_formal_20260716_yolo_bytetrack:0023:D5_Primary_1:0,5.75,INT-01,D5_Primary_1:0,D5_Primary_1:0/yolov8_bytetrack:track:15,G-101,G-102,24.102831005105017,349.67644445910776,False,False,False,rejected,geometry_gate_rejected,
d5_cv_5v5_multicamera_formal_20260716_yolo_bytetrack:0023:D5_Primary_1:0,5.75,INT-01,D5_Primary_1:0,D5_Primary_1:0/yolov8_bytetrack:track:1,G-102,G-101,23.645362548573434,346.3406928657563,False,False,False,rejected,geometry_gate_rejected,
d5_cv_5v5_multicamera_formal_20260716_yolo_bytetrack:0023:D5_Primary_1:0,5.75,INT-01,D5_Primary_1:0,D5_Primary_1:0/yolov8_bytetrack:track:2,G-102,G-103,22.502021122951817,337.86205885373585,False,False,False,rejected,geometry_gate_rejected,
d5_cv_5v5_multicamera_formal_20260716_yolo_bytetrack:0023:D5_Primary_1:0,5.75,INT-01,D5_Primary_1:0,D5_Primary_1:0/yolov8_bytetrack:track:15,G-102,G-102,0.035106789406348,13.335101196108242,True,True,True,registered,registered_to_global_track,True
d5_cv_5v5_multicamera_formal_20260716_yolo_bytetrack:0023:D5_Primary_1:0,5.75,INT-01,D5_Primary_1:0,D5_Primary_1:0/yolov8_bytetrack:track:1,G-103,G-101,93.35510212674228,688.895165084941,False,False,False,rejected,geometry_gate_rejected,
d5_cv_5v5_multicamera_formal_20260716_yolo_bytetrack:0023:D5_Primary_1:0,5.75,INT-01,D5_Primary_1:0,D5_Primary_1:0/yolov8_bytetrack:track:2,G-103,G-103,0.01756889915692147,9.431094055916681,True,True,True,registered,registered_to_global_track,True
d5_cv_5v5_multicamera_formal_20260716_yolo_bytetrack:0023:D5_Primary_1:0,5.75,INT-01,D5_Primary_1:0,D5_Primary_1:0/yolov8_bytetrack:track:15,G-103,G-102,22.588826321403424,338.8681420305799,False,False,False,rejected,geometry_gate_rejected,
d5_cv_5v5_multicamera_formal_20260716_yolo_bytetrack:0023:D5_Primary_1:0,5.75,INT-01,D5_Primary_1:0,D5_Primary_1:0/yolov8_bytetrack:track:1,G-104,G-101,,1000.3968738164173,False,False,False,rejected,projection_invalid,
d5_cv_5v5_multicamera_formal_20260716_yolo_bytetrack:0023:D5_Primary_1:0,5.75,INT-01,D5_Primary_1:0,D5_Primary_1:0/yolov8_bytetrack:track:2,G-104,G-103,,316.66779162407516,False,False,False,rejected,projection_invalid,
d5_cv_5v5_multicamera_formal_20260716_yolo_bytetrack:0023:D5_Primary_1:0,5.75,INT-01,D5_Primary_1:0,D5_Primary_1:0/yolov8_bytetrack:track:15,G-104,G-102,,650.3226715413948,False,False,False,rejected,projection_invalid,
d5_cv_5v5_multicamera_formal_20260716_yolo_bytetrack:0023:D5_Primary_1:0,5.75,INT-01,D5_Primary_1:0,D5_Primary_1:0/yolov8_bytetrack:track:1,G-105,G-101,,1285.5887911723773,False,False,False,rejected,projection_invalid,
d5_cv_5v5_multicamera_formal_20260716_yolo_bytetrack:0023:D5_Primary_1:0,5.75,INT-01,D5_Primary_1:0,D5_Primary_1:0/yolov8_bytetrack:track:2,G-105,G-103,,601.8635544833487,False,False,False,rejected,projection_invalid,
d5_cv_5v5_multicamera_formal_20260716_yolo_bytetrack:0023:D5_Primary_1:0,5.75,INT-01,D5_Primary_1:0,D5_Primary_1:0/yolov8_bytetrack:track:15,G-105,G-102,,935.5159335627565,False,False,False,rejected,projection_invalid,
d5_cv_5v5_multicamera_formal_20260716_yolo_bytetrack:0023:D5_Primary_2:0,5.75,INT-02,D5_Primary_2:0,D5_Primary_2:0/yolov8_bytetrack:track:1,G-101,G-102,26.360636338854576,366.28360118278823,False,False,False,rejected,geometry_gate_rejected,
d5_cv_5v5_multicamera_formal_20260716_yolo_bytetrack:0023:D5_Primary_2:0,5.75,INT-02,D5_Primary_2:0,D5_Primary_2:0/yolov8_bytetrack:track:38,G-101,G-101,0.023307041302924533,10.88366193396175,True,True,True,registered,registered_to_global_track,True
d5_cv_5v5_multicamera_formal_20260716_yolo_bytetrack:0023:D5_Primary_2:0,5.75,INT-02,D5_Primary_2:0,D5_Primary_2:0/yolov8_bytetrack:track:3,G-101,G-104,223.66697843707476,1066.9409542540102,False,False,False,rejected,geometry_gate_rejected,
d5_cv_5v5_multicamera_formal_20260716_yolo_bytetrack:0023:D5_Primary_2:0,5.75,INT-02,D5_Primary_2:0,D5_Primary_2:0/yolov8_bytetrack:track:1,G-102,G-102,0.04039285413930606,14.31725576966963,True,True,True,registered,registered_to_global_track,True
d5_cv_5v5_multicamera_formal_20260716_yolo_bytetrack:0023:D5_Primary_2:0,5.75,INT-02,D5_Primary_2:0,D5_Primary_2:0/yolov8_bytetrack:track:38,G-102,G-101,26.580753415625527,367.27443270376784,False,False,False,rejected,geometry_gate_rejected,
d5_cv_5v5_multicamera_formal_20260716_yolo_bytetrack:0023:D5_Primary_2:0,5.75,INT-02,D5_Primary_2:0,D5_Primary_2:0/yolov8_bytetrack:track:3,G-102,G-104,98.06873239197147,705.4599057324784,False,False,False,rejected,geometry_gate_rejected,
d5_cv_5v5_multicamera_formal_20260716_yolo_bytetrack:0023:D5_Primary_2:0,5.75,INT-02,D5_Primary_2:0,D5_Primary_2:0/yolov8_bytetrack:track:1,G-103,G-102,26.08178139110999,363.81795784716513,False,False,False,rejected,geometry_gate_rejected,
d5_cv_5v5_multicamera_formal_20260716_yolo_bytetrack:0023:D5_Primary_2:0,5.75,INT-02,D5_Primary_2:0,D5_Primary_2:0/yolov8_bytetrack:track:38,G-103,G-101,106.55967607280706,735.3801885791772,False,False,False,rejected,geometry_gate_rejected,
d5_cv_5v5_multicamera_formal_20260716_yolo_bytetrack:0023:D5_Primary_2:0,5.75,INT-02,D5_Primary_2:0,D5_Primary_2:0/yolov8_bytetrack:track:3,G-103,G-104,22.391812115276537,337.1004617879965,False,False,False,rejected,geometry_gate_rejected,
d5_cv_5v5_multicamera_formal_20260716_yolo_bytetrack:0023:D5_Primary_2:0,5.75,INT-02,D5_Primary_2:0,D5_Primary_2:0/yolov8_bytetrack:track:1,G-104,G-102,96.44142007370111,700.817842207159,False,False,False,rejected,geometry_gate_rejected,
d5_cv_5v5_multicamera_formal_20260716_yolo_bytetrack:0023:D5_Primary_2:0,5.75,INT-02,D5_Primary_2:0,D5_Primary_2:0/yolov8_bytetrack:track:38,G-104,G-101,225.83029428486887,1072.4188782924596,False,False,False,rejected,geometry_gate_rejected,
d5_cv_5v5_multicamera_formal_20260716_yolo_bytetrack:0023:D5_Primary_2:0,5.75,INT-02,D5_Primary_2:0,D5_Primary_2:0/yolov8_bytetrack:track:3,G-104,G-104,2.94377614994823e-05,0.386044987243141,True,True,True,registered,registered_to_global_track,True
d5_cv_5v5_multicamera_formal_20260716_yolo_bytetrack:0023:D5_Primary_2:0,5.75,INT-02,D5_Primary_2:0,D5_Primary_2:0/yolov8_bytetrack:track:1,G-105,G-102,,1016.7442859942792,False,False,False,rejected,projection_invalid,
d5_cv_5v5_multicamera_formal_20260716_yolo_bytetrack:0023:D5_Primary_2:0,5.75,INT-02,D5_Primary_2:0,D5_Primary_2:0/yolov8_bytetrack:track:38,G-105,G-101,,1388.3455448534673,False,False,False,rejected,projection_invalid,
d5_cv_5v5_multicamera_formal_20260716_yolo_bytetrack:0023:D5_Primary_2:0,5.75,INT-02,D5_Primary_2:0,D5_Primary_2:0/yolov8_bytetrack:track:3,G-105,G-104,,316.02601118847315,False,False,False,rejected,projection_invalid,
d5_cv_5v5_multicamera_formal_20260716_yolo_bytetrack:0023:D5_Primary_3:0,5.75,INT-03,D5_Primary_3:0,D5_Primary_3:0/yolov8_bytetrack:track:1,G-101,G-103,105.79073844661093,735.8917696154967,False,False,False,rejected,geometry_gate_rejected,
d5_cv_5v5_multicamera_formal_20260716_yolo_bytetrack:0023:D5_Primary_3:0,5.75,INT-03,D5_Primary_3:0,D5_Primary_3:0/yolov8_bytetrack:track:2,G-101,G-102,27.969736524412777,378.38517000923025,False,False,False,rejected,geometry_gate_rejected,
d5_cv_5v5_multicamera_formal_20260716_yolo_bytetrack:0023:D5_Primary_3:0,5.75,INT-03,D5_Primary_3:0,D5_Primary_3:0/yolov8_bytetrack:track:49,G-101,G-105,409.2404616676905,1447.3693638501286,False,False,False,rejected,geometry_gate_rejected,
d5_cv_5v5_multicamera_formal_20260716_yolo_bytetrack:0023:D5_Primary_3:0,5.75,INT-03,D5_Primary_3:0,D5_Primary_3:0/yolov8_bytetrack:track:1,G-102,G-103,27.167391956148606,371.79149531973684,False,False,False,rejected,geometry_gate_rejected,
d5_cv_5v5_multicamera_formal_20260716_yolo_bytetrack:0023:D5_Primary_3:0,5.75,INT-03,D5_Primary_3:0,D5_Primary_3:0/yolov8_bytetrack:track:2,G-102,G-102,0.07528615511085474,19.56340900825056,True,True,True,registered,registered_to_global_track,True
d5_cv_5v5_multicamera_formal_20260716_yolo_bytetrack:0023:D5_Primary_3:0,5.75,INT-03,D5_Primary_3:0,D5_Primary_3:0/yolov8_bytetrack:track:49,G-102,G-105,230.57355406084181,1083.128591022872,False,False,False,rejected,geometry_gate_rejected,
d5_cv_5v5_multicamera_formal_20260716_yolo_bytetrack:0023:D5_Primary_3:0,5.75,INT-03,D5_Primary_3:0,D5_Primary_3:0/yolov8_bytetrack:track:1,G-103,G-103,0.03646126598781013,13.600005397906274,True,True,True,registered,registered_to_global_track,True
d5_cv_5v5_multicamera_formal_20260716_yolo_bytetrack:0023:D5_Primary_3:0,5.75,INT-03,D5_Primary_3:0,D5_Primary_3:0/yolov8_bytetrack:track:2,G-103,G-102,26.6675905420539,367.8026913757598,False,False,False,rejected,geometry_gate_rejected,
d5_cv_5v5_multicamera_formal_20260716_yolo_bytetrack:0023:D5_Primary_3:0,5.75,INT-03,D5_Primary_3:0,D5_Primary_3:0/yolov8_bytetrack:track:49,G-103,G-105,96.98566658583951,701.4177806961509,False,False,False,rejected,geometry_gate_rejected,
d5_cv_5v5_multicamera_formal_20260716_yolo_bytetrack:0023:D5_Primary_3:0,5.75,INT-03,D5_Primary_3:0,D5_Primary_3:0/yolov8_bytetrack:track:1,G-104,G-103,25.85872245693731,362.41708019682716,False,False,False,rejected,geometry_gate_rejected,
d5_cv_5v5_multicamera_formal_20260716_yolo_bytetrack:0023:D5_Primary_3:0,5.75,INT-03,D5_Primary_3:0,D5_Primary_3:0/yolov8_bytetrack:track:2,G-104,G-102,102.04930150867025,719.9629434291131,False,False,False,rejected,geometry_gate_rejected,
d5_cv_5v5_multicamera_formal_20260716_yolo_bytetrack:0023:D5_Primary_3:0,5.75,INT-03,D5_Primary_3:0,D5_Primary_3:0/yolov8_bytetrack:track:49,G-104,G-105,23.991937881341737,349.0902801161663,False,False,False,rejected,geometry_gate_rejected,
d5_cv_5v5_multicamera_formal_20260716_yolo_bytetrack:0023:D5_Primary_3:0,5.75,INT-03,D5_Primary_3:0,D5_Primary_3:0/yolov8_bytetrack:track:1,G-105,G-103,96.36392615861575,700.9107211169888,False,False,False,rejected,geometry_gate_rejected,
d5_cv_5v5_multicamera_formal_20260716_yolo_bytetrack:0023:D5_Primary_3:0,5.75,INT-03,D5_Primary_3:0,D5_Primary_3:0/yolov8_bytetrack:track:2,G-105,G-102,219.75194486222094,1058.4535945335833,False,False,False,rejected,geometry_gate_rejected,
d5_cv_5v5_multicamera_formal_20260716_yolo_bytetrack:0023:D5_Primary_3:0,5.75,INT-03,D5_Primary_3:0,D5_Primary_3:0/yolov8_bytetrack:track:49,G-105,G-105,0.02700897241405334,11.727318788792216,True,True,True,registered,registered_to_global_track,True
d5_cv_5v5_multicamera_formal_20260716_yolo_bytetrack:0023:D5_Primary_4:0,5.75,INT-04,D5_Primary_4:0,D5_Primary_4:0/yolov8_bytetrack:track:1,G-101,G-104,,1084.7257331796404,False,False,False,rejected,projection_invalid,
d5_cv_5v5_multicamera_formal_20260716_yolo_bytetrack:0023:D5_Primary_4:0,5.75,INT-04,D5_Primary_4:0,D5_Primary_4:0/yolov8_bytetrack:track:7,G-101,G-105,,1449.0007321684552,False,False,False,rejected,projection_invalid,
d5_cv_5v5_multicamera_formal_20260716_yolo_bytetrack:0023:D5_Primary_4:0,5.75,INT-04,D5_Primary_4:0,D5_Primary_4:0/yolov8_bytetrack:track:1,G-102,G-104,104.58566636206236,731.2274039315635,False,False,False,rejected,geometry_gate_rejected,
d5_cv_5v5_multicamera_formal_20260716_yolo_bytetrack:0023:D5_Primary_4:0,5.75,INT-04,D5_Primary_4:0,D5_Primary_4:0/yolov8_bytetrack:track:7,G-102,G-105,234.73034007775453,1095.471172093757,False,False,False,rejected,geometry_gate_rejected,
d5_cv_5v5_multicamera_formal_20260716_yolo_bytetrack:0023:D5_Primary_4:0,5.75,INT-04,D5_Primary_4:0,D5_Primary_4:0/yolov8_bytetrack:track:1,G-103,G-104,24.13387368223246,350.1977039812587,False,False,False,rejected,geometry_gate_rejected,
d5_cv_5v5_multicamera_formal_20260716_yolo_bytetrack:0023:D5_Primary_4:0,5.75,INT-04,D5_Primary_4:0,D5_Primary_4:0/yolov8_bytetrack:track:7,G-103,G-105,100.43958232939623,714.4176586478292,False,False,False,rejected,geometry_gate_rejected,
d5_cv_5v5_multicamera_formal_20260716_yolo_bytetrack:0023:D5_Primary_4:0,5.75,INT-04,D5_Primary_4:0,D5_Primary_4:0/yolov8_bytetrack:track:1,G-104,G-104,0.005850441203522828,5.448334206069721,True,True,True,registered,registered_to_global_track,True
d5_cv_5v5_multicamera_formal_20260716_yolo_bytetrack:0023:D5_Primary_4:0,5.75,INT-04,D5_Primary_4:0,D5_Primary_4:0/yolov8_bytetrack:track:7,G-104,G-105,25.476586451212867,359.5340640537867,False,False,False,rejected,geometry_gate_rejected,
d5_cv_5v5_multicamera_formal_20260716_yolo_bytetrack:0023:D5_Primary_4:0,5.75,INT-04,D5_Primary_4:0,D5_Primary_4:0/yolov8_bytetrack:track:1,G-105,G-104,24.746787645855193,354.5774468951263,False,False,False,rejected,geometry_gate_rejected,
d5_cv_5v5_multicamera_formal_20260716_yolo_bytetrack:0023:D5_Primary_4:0,5.75,INT-04,D5_Primary_4:0,D5_Primary_4:0/yolov8_bytetrack:track:7,G-105,G-105,0.027202571621922914,11.752754935107259,True,True,True,registered,registered_to_global_track,True
d5_cv_5v5_multicamera_formal_20260716_yolo_bytetrack:0023:D5_Primary_5:0,5.75,INT-05,D5_Primary_5:0,D5_Primary_5:0/yolov8_bytetrack:track:1,G-101,G-105,,1398.503552280593,False,False,False,rejected,projection_invalid,
d5_cv_5v5_multicamera_formal_20260716_yolo_bytetrack:0023:D5_Primary_5:0,5.75,INT-05,D5_Primary_5:0,D5_Primary_5:0/yolov8_bytetrack:track:1,G-102,G-105,,1066.9821787766941,False,False,False,rejected,projection_invalid,
d5_cv_5v5_multicamera_formal_20260716_yolo_bytetrack:0023:D5_Primary_5:0,5.75,INT-05,D5_Primary_5:0,D5_Primary_5:0/yolov8_bytetrack:track:1,G-103,G-105,96.02799481145236,699.8206104078268,False,False,False,rejected,geometry_gate_rejected,
d5_cv_5v5_multicamera_formal_20260716_yolo_bytetrack:0023:D5_Primary_5:0,5.75,INT-05,D5_Primary_5:0,D5_Primary_5:0/yolov8_bytetrack:track:1,G-104,G-105,24.812502806346934,355.020414513206,False,False,False,rejected,geometry_gate_rejected,
d5_cv_5v5_multicamera_formal_20260716_yolo_bytetrack:0023:D5_Primary_5:0,5.75,INT-05,D5_Primary_5:0,D5_Primary_5:0/yolov8_bytetrack:track:1,G-105,G-105,0.015819254668191386,8.957500520414843,True,True,True,registered,registered_to_global_track,True
d5_cv_5v5_multicamera_formal_20260716_yolo_bytetrack:0023:D5_Recon_1:0,5.75,RECON-01,D5_Recon_1:0,D5_Recon_1:0:det:0002,G-101,G-102,5.531583844263391,326.46116997999167,True,False,False,candidate,,
d5_cv_5v5_multicamera_formal_20260716_yolo_bytetrack:0023:D5_Recon_1:0,5.75,RECON-01,D5_Recon_1:0,D5_Recon_1:0:det:0003,G-101,G-103,22.214690100267944,654.2246635510465,False,False,False,rejected,geometry_gate_rejected,
d5_cv_5v5_multicamera_formal_20260716_yolo_bytetrack:0023:D5_Recon_1:0,5.75,RECON-01,D5_Recon_1:0,D5_Recon_1:0:det:0004,G-101,G-104,50.01869747339526,981.6868466647965,False,False,False,rejected,geometry_gate_rejected,
d5_cv_5v5_multicamera_formal_20260716_yolo_bytetrack:0023:D5_Recon_1:0,5.75,RECON-01,D5_Recon_1:0,D5_Recon_1:0:det:0005,G-101,G-105,88.86403920946036,1308.4881918750061,False,False,False,rejected,geometry_gate_rejected,
d5_cv_5v5_multicamera_formal_20260716_yolo_bytetrack:0023:D5_Recon_1:0,5.75,RECON-01,D5_Recon_1:0,D5_Recon_1:0:det:0002,G-102,G-102,0.0029749472054540578,7.569126616810706,True,True,True,registered,registered_to_global_track,True
d5_cv_5v5_multicamera_formal_20260716_yolo_bytetrack:0023:D5_Recon_1:0,5.75,RECON-01,D5_Recon_1:0,D5_Recon_1:0:det:0003,G-102,G-103,5.743220548603434,332.5846165101792,True,False,False,candidate,,
d5_cv_5v5_multicamera_formal_20260716_yolo_bytetrack:0023:D5_Recon_1:0,5.75,RECON-01,D5_Recon_1:0,D5_Recon_1:0:det:0004,G-102,G-104,22.61865279830918,660.0210319631562,False,False,False,rejected,geometry_gate_rejected,
d5_cv_5v5_multicamera_formal_20260716_yolo_bytetrack:0023:D5_Recon_1:0,5.75,RECON-01,D5_Recon_1:0,D5_Recon_1:0:det:0005,G-102,G-105,50.5616945912465,986.8138049205827,False,False,False,rejected,geometry_gate_rejected,
d5_cv_5v5_multicamera_formal_20260716_yolo_bytetrack:0023:D5_Recon_1:0,5.75,RECON-01,D5_Recon_1:0,D5_Recon_1:0:det:0002,G-103,G-102,5.926922728713428,337.8315237790261,True,False,False,candidate,,
d5_cv_5v5_multicamera_formal_20260716_yolo_bytetrack:0023:D5_Recon_1:0,5.75,RECON-01,D5_Recon_1:0,D5_Recon_1:0:det:0003,G-103,G-103,0.005270547245751781,10.074265561717997,True,True,True,registered,registered_to_global_track,True
d5_cv_5v5_multicamera_formal_20260716_yolo_bytetrack:0023:D5_Recon_1:0,5.75,RECON-01,D5_Recon_1:0,D5_Recon_1:0:det:0004,G-103,G-104,5.231519818487038,317.39455855522533,True,False,False,candidate,,
d5_cv_5v5_multicamera_formal_20260716_yolo_bytetrack:0023:D5_Recon_1:0,5.75,RECON-01,D5_Recon_1:0,D5_Recon_1:0:det:0005,G-103,G-105,21.55086423191473,644.195793925172,False,False,False,rejected,geometry_gate_rejected,
d5_cv_5v5_multicamera_formal_20260716_yolo_bytetrack:0023:D5_Recon_1:0,5.75,RECON-01,D5_Recon_1:0,D5_Recon_1:0:det:0002,G-104,G-102,22.51273299027715,658.446129004035,False,False,False,rejected,geometry_gate_rejected,
d5_cv_5v5_multicamera_formal_20260716_yolo_bytetrack:0023:D5_Recon_1:0,5.75,RECON-01,D5_Recon_1:0,D5_Recon_1:0:det:0003,G-104,G-103,5.678823232225329,330.7008532828883,True,False,False,candidate,,
d5_cv_5v5_multicamera_formal_20260716_yolo_bytetrack:0023:D5_Recon_1:0,5.75,RECON-01,D5_Recon_1:0,D5_Recon_1:0:det:0004,G-104,G-104,0.0017899098614921334,5.870845918065596,True,True,True,registered,registered_to_global_track,True
d5_cv_5v5_multicamera_formal_20260716_yolo_bytetrack:0023:D5_Recon_1:0,5.75,RECON-01,D5_Recon_1:0,D5_Recon_1:0:det:0005,G-104,G-105,5.438810733439946,323.6369392687959,True,False,False,candidate,,
d5_cv_5v5_multicamera_formal_20260716_yolo_bytetrack:0023:D5_Recon_1:0,5.75,RECON-01,D5_Recon_1:0,D5_Recon_1:0:det:0002,G-105,G-102,49.40530859061394,975.6219060160831,False,False,False,rejected,geometry_gate_rejected,
d5_cv_5v5_multicamera_formal_20260716_yolo_bytetrack:0023:D5_Recon_1:0,5.75,RECON-01,D5_Recon_1:0,D5_Recon_1:0:det:0003,G-105,G-103,21.7856849226094,647.8587730411533,False,False,False,rejected,geometry_gate_rejected,
d5_cv_5v5_multicamera_formal_20260716_yolo_bytetrack:0023:D5_Recon_1:0,5.75,RECON-01,D5_Recon_1:0,D5_Recon_1:0:det:0004,G-105,G-104,5.328308095073286,320.39770676259457,True,False,False,candidate,,
d5_cv_5v5_multicamera_formal_20260716_yolo_bytetrack:0023:D5_Recon_1:0,5.75,RECON-01,D5_Recon_1:0,D5_Recon_1:0:det:0005,G-105,G-105,0.0022017024072870667,6.512836053087752,True,True,True,registered,registered_to_global_track,True
d5_cv_5v5_multicamera_formal_20260716_yolo_bytetrack:0024:D5_Primary_1:0,6.0,INT-01,D5_Primary_1:0,D5_Primary_1:0/yolov8_bytetrack:track:1,G-101,G-101,0.010498452230138521,7.297827259653071,True,True,True,registered,registered_to_global_track,True
d5_cv_5v5_multicamera_formal_20260716_yolo_bytetrack:0024:D5_Primary_1:0,6.0,INT-01,D5_Primary_1:0,D5_Primary_1:0/yolov8_bytetrack:track:2,G-101,G-103,89.71680695398264,674.6334364516184,False,False,False,rejected,geometry_gate_rejected,
d5_cv_5v5_multicamera_formal_20260716_yolo_bytetrack:0024:D5_Primary_1:0,6.0,INT-01,D5_Primary_1:0,D5_Primary_1:0/yolov8_bytetrack:track:73,G-101,G-104,170.7970134539511,930.8315534206567,False,False,False,rejected,geometry_gate_rejected,
d5_cv_5v5_multicamera_formal_20260716_yolo_bytetrack:0024:D5_Primary_1:0,6.0,INT-01,D5_Primary_1:0,D5_Primary_1:0/yolov8_bytetrack:track:15,G-101,G-102,23.561482760530527,345.72617606555167,False,False,False,rejected,geometry_gate_rejected,
d5_cv_5v5_multicamera_formal_20260716_yolo_bytetrack:0024:D5_Primary_1:0,6.0,INT-01,D5_Primary_1:0,D5_Primary_1:0/yolov8_bytetrack:track:1,G-102,G-101,23.17345105489448,342.84821530277753,False,False,False,rejected,geometry_gate_rejected,
d5_cv_5v5_multicamera_formal_20260716_yolo_bytetrack:0024:D5_Primary_1:0,6.0,INT-01,D5_Primary_1:0,D5_Primary_1:0/yolov8_bytetrack:track:2,G-102,G-103,21.87494758781015,333.1026648445818,False,False,False,rejected,geometry_gate_rejected,
d5_cv_5v5_multicamera_formal_20260716_yolo_bytetrack:0024:D5_Primary_1:0,6.0,INT-01,D5_Primary_1:0,D5_Primary_1:0/yolov8_bytetrack:track:73,G-102,G-104,68.43271109997912,589.1656846341144,False,False,False,rejected,geometry_gate_rejected,
d5_cv_5v5_multicamera_formal_20260716_yolo_bytetrack:0024:D5_Primary_1:0,6.0,INT-01,D5_Primary_1:0,D5_Primary_1:0/yolov8_bytetrack:track:15,G-102,G-102,0.03409681896319626,13.141389742629322,True,True,True,registered,registered_to_global_track,True
d5_cv_5v5_multicamera_formal_20260716_yolo_bytetrack:0024:D5_Primary_1:0,6.0,INT-01,D5_Primary_1:0,D5_Primary_1:0/yolov8_bytetrack:track:1,G-103,G-101,91.27456655655885,681.0775260868363,False,False,False,rejected,geometry_gate_rejected,
d5_cv_5v5_multicamera_formal_20260716_yolo_bytetrack:0024:D5_Primary_1:0,6.0,INT-01,D5_Primary_1:0,D5_Primary_1:0/yolov8_bytetrack:track:2,G-103,G-103,0.019063349381913987,9.823889195450317,True,True,True,registered,registered_to_global_track,True
d5_cv_5v5_multicamera_formal_20260716_yolo_bytetrack:0024:D5_Primary_1:0,6.0,INT-01,D5_Primary_1:0,D5_Primary_1:0/yolov8_bytetrack:track:73,G-103,G-104,12.369493856454522,250.72427710135298,True,False,False,candidate,,
d5_cv_5v5_multicamera_formal_20260716_yolo_bytetrack:0024:D5_Primary_1:0,6.0,INT-01,D5_Primary_1:0,D5_Primary_1:0/yolov8_bytetrack:track:15,G-103,G-102,22.0282773354562,334.58907500113975,False,False,False,rejected,geometry_gate_rejected,
d5_cv_5v5_multicamera_formal_20260716_yolo_bytetrack:0024:D5_Primary_1:0,6.0,INT-01,D5_Primary_1:0,D5_Primary_1:0/yolov8_bytetrack:track:1,G-104,G-101,,987.9628377376561,False,False,False,rejected,projection_invalid,
d5_cv_5v5_multicamera_formal_20260716_yolo_bytetrack:0024:D5_Primary_1:0,6.0,INT-01,D5_Primary_1:0,D5_Primary_1:0/yolov8_bytetrack:track:2,G-104,G-103,,312.48546851526066,False,False,False,rejected,projection_invalid,
d5_cv_5v5_multicamera_formal_20260716_yolo_bytetrack:0024:D5_Primary_1:0,6.0,INT-01,D5_Primary_1:0,D5_Primary_1:0/yolov8_bytetrack:track:73,G-104,G-104,,56.29374762695194,False,False,False,rejected,projection_invalid,
d5_cv_5v5_multicamera_formal_20260716_yolo_bytetrack:0024:D5_Primary_1:0,6.0,INT-01,D5_Primary_1:0,D5_Primary_1:0/yolov8_bytetrack:track:15,G-104,G-102,,641.4266688694055,False,False,False,rejected,projection_invalid,
d5_cv_5v5_multicamera_formal_20260716_yolo_bytetrack:0024:D5_Primary_1:0,6.0,INT-01,D5_Primary_1:0,D5_Primary_1:0/yolov8_bytetrack:track:1,G-105,G-101,,1268.3897835905664,False,False,False,rejected,projection_invalid,
d5_cv_5v5_multicamera_formal_20260716_yolo_bytetrack:0024:D5_Primary_1:0,6.0,INT-01,D5_Primary_1:0,D5_Primary_1:0/yolov8_bytetrack:track:2,G-105,G-103,,592.9174905506571,False,False,False,rejected,projection_invalid,
d5_cv_5v5_multicamera_formal_20260716_yolo_bytetrack:0024:D5_Primary_1:0,6.0,INT-01,D5_Primary_1:0,D5_Primary_1:0/yolov8_bytetrack:track:73,G-105,G-104,,336.6767360803127,False,False,False,rejected,projection_invalid,
d5_cv_5v5_multicamera_formal_20260716_yolo_bytetrack:0024:D5_Primary_1:0,6.0,INT-01,D5_Primary_1:0,D5_Primary_1:0/yolov8_bytetrack:track:15,G-105,G-102,,921.855224321049,False,False,False,rejected,projection_invalid,
d5_cv_5v5_multicamera_formal_20260716_yolo_bytetrack:0024:D5_Primary_2:0,6.0,INT-02,D5_Primary_2:0,D5_Primary_2:0/yolov8_bytetrack:track:1,G-101,G-102,25.837581336072518,362.6353526271983,False,False,False,rejected,geometry_gate_rejected,
d5_cv_5v5_multicamera_formal_20260716_yolo_bytetrack:0024:D5_Primary_2:0,6.0,INT-02,D5_Primary_2:0,D5_Primary_2:0/yolov8_bytetrack:track:38,G-101,G-101,0.022485063757458176,10.6905807094269,True,True,True,registered,registered_to_global_track,True
d5_cv_5v5_multicamera_formal_20260716_yolo_bytetrack:0024:D5_Primary_2:0,6.0,INT-02,D5_Primary_2:0,D5_Primary_2:0/yolov8_bytetrack:track:1,G-102,G-102,0.03938218968661604,14.137004086948846,True,True,True,registered,registered_to_global_track,True
d5_cv_5v5_multicamera_formal_20260716_yolo_bytetrack:0024:D5_Primary_2:0,6.0,INT-02,D5_Primary_2:0,D5_Primary_2:0/yolov8_bytetrack:track:38,G-102,G-101,26.135508925843737,364.1853478297035,False,False,False,rejected,geometry_gate_rejected,
d5_cv_5v5_multicamera_formal_20260716_yolo_bytetrack:0024:D5_Primary_2:0,6.0,INT-02,D5_Primary_2:0,D5_Primary_2:0/yolov8_bytetrack:track:1,G-103,G-102,25.598031193909417,360.41254213608937,False,False,False,rejected,geometry_gate_rejected,
d5_cv_5v5_multicamera_formal_20260716_yolo_bytetrack:0024:D5_Primary_2:0,6.0,INT-02,D5_Primary_2:0,D5_Primary_2:0/yolov8_bytetrack:track:38,G-103,G-101,104.60671845355043,728.5785346309738,False,False,False,rejected,geometry_gate_rejected,
d5_cv_5v5_multicamera_formal_20260716_yolo_bytetrack:0024:D5_Primary_2:0,6.0,INT-02,D5_Primary_2:0,D5_Primary_2:0/yolov8_bytetrack:track:1,G-104,G-102,94.43090849991292,693.3893466982124,False,False,False,rejected,geometry_gate_rejected,
d5_cv_5v5_multicamera_formal_20260716_yolo_bytetrack:0024:D5_Primary_2:0,6.0,INT-02,D5_Primary_2:0,D5_Primary_2:0/yolov8_bytetrack:track:38,G-104,G-101,221.3497665324334,1061.596833273514,False,False,False,rejected,geometry_gate_rejected,
d5_cv_5v5_multicamera_formal_20260716_yolo_bytetrack:0024:D5_Primary_2:0,6.0,INT-02,D5_Primary_2:0,D5_Primary_2:0/yolov8_bytetrack:track:1,G-105,G-102,,1005.0850518131144,False,False,False,rejected,projection_invalid,
d5_cv_5v5_multicamera_formal_20260716_yolo_bytetrack:0024:D5_Primary_2:0,6.0,INT-02,D5_Primary_2:0,D5_Primary_2:0/yolov8_bytetrack:track:38,G-105,G-101,,1373.2924097832347,False,False,False,rejected,projection_invalid,
d5_cv_5v5_multicamera_formal_20260716_yolo_bytetrack:0024:D5_Primary_3:0,6.0,INT-03,D5_Primary_3:0,D5_Primary_3:0/yolov8_bytetrack:track:1,G-101,G-103,103.95992468749837,729.4761851314296,False,False,False,rejected,geometry_gate_rejected,
d5_cv_5v5_multicamera_formal_20260716_yolo_bytetrack:0024:D5_Primary_3:0,6.0,INT-03,D5_Primary_3:0,D5_Primary_3:0/yolov8_bytetrack:track:2,G-101,G-102,26.501516920174932,368.3097337037741,False,False,False,rejected,geometry_gate_rejected,
d5_cv_5v5_multicamera_formal_20260716_yolo_bytetrack:0024:D5_Primary_3:0,6.0,INT-03,D5_Primary_3:0,D5_Primary_3:0/yolov8_bytetrack:track:49,G-101,G-105,401.3579061266048,1433.3228468234313,False,False,False,rejected,geometry_gate_rejected,
d5_cv_5v5_multicamera_formal_20260716_yolo_bytetrack:0024:D5_Primary_3:0,6.0,INT-03,D5_Primary_3:0,D5_Primary_3:0/yolov8_bytetrack:track:1,G-102,G-103,26.68309783975494,368.4623973066928,False,False,False,rejected,geometry_gate_rejected,
d5_cv_5v5_multicamera_formal_20260716_yolo_bytetrack:0024:D5_Primary_3:0,6.0,INT-03,D5_Primary_3:0,D5_Primary_3:0/yolov8_bytetrack:track:2,G-102,G-102,0.05122408970626108,16.13212480497225,True,True,True,registered,registered_to_global_track,True
d5_cv_5v5_multicamera_formal_20260716_yolo_bytetrack:0024:D5_Primary_3:0,6.0,INT-03,D5_Primary_3:0,D5_Primary_3:0/yolov8_bytetrack:track:49,G-102,G-105,225.9275788599646,1072.1596744034869,False,False,False,rejected,geometry_gate_rejected,
d5_cv_5v5_multicamera_formal_20260716_yolo_bytetrack:0024:D5_Primary_3:0,6.0,INT-03,D5_Primary_3:0,D5_Primary_3:0/yolov8_bytetrack:track:1,G-103,G-103,0.03759715960411687,13.81021471675853,True,True,True,registered,registered_to_global_track,True
d5_cv_5v5_multicamera_formal_20260716_yolo_bytetrack:0024:D5_Primary_3:0,6.0,INT-03,D5_Primary_3:0,D5_Primary_3:0/yolov8_bytetrack:track:2,G-103,G-102,27.206371045228558,371.4993216347018,False,False,False,rejected,geometry_gate_rejected,
d5_cv_5v5_multicamera_formal_20260716_yolo_bytetrack:0024:D5_Primary_3:0,6.0,INT-03,D5_Primary_3:0,D5_Primary_3:0/yolov8_bytetrack:track:49,G-103,G-105,94.88919808347723,693.7948681329425,False,False,False,rejected,geometry_gate_rejected,
d5_cv_5v5_multicamera_formal_20260716_yolo_bytetrack:0024:D5_Primary_3:0,6.0,INT-03,D5_Primary_3:0,D5_Primary_3:0/yolov8_bytetrack:track:1,G-104,G-103,25.35241503196356,358.8393876365539,False,False,False,rejected,geometry_gate_rejected,
d5_cv_5v5_multicamera_formal_20260716_yolo_bytetrack:0024:D5_Primary_3:0,6.0,INT-03,D5_Primary_3:0,D5_Primary_3:0/yolov8_bytetrack:track:2,G-104,G-102,102.08498959944471,720.0644754804547,False,False,False,rejected,geometry_gate_rejected,
d5_cv_5v5_multicamera_formal_20260716_yolo_bytetrack:0024:D5_Primary_3:0,6.0,INT-03,D5_Primary_3:0,D5_Primary_3:0/yolov8_bytetrack:track:49,G-104,G-105,23.440375552869646,345.04257569665623,False,False,False,rejected,geometry_gate_rejected,
d5_cv_5v5_multicamera_formal_20260716_yolo_bytetrack:0024:D5_Primary_3:0,6.0,INT-03,D5_Primary_3:0,D5_Primary_3:0/yolov8_bytetrack:track:1,G-105,G-103,94.37737147069792,693.5782728790526,False,False,False,rejected,geometry_gate_rejected,
d5_cv_5v5_multicamera_formal_20260716_yolo_bytetrack:0024:D5_Primary_3:0,6.0,INT-03,D5_Primary_3:0,D5_Primary_3:0/yolov8_bytetrack:track:2,G-105,G-102,218.2821589534404,1054.8013158849467,False,False,False,rejected,geometry_gate_rejected,
d5_cv_5v5_multicamera_formal_20260716_yolo_bytetrack:0024:D5_Primary_3:0,6.0,INT-03,D5_Primary_3:0,D5_Primary_3:0/yolov8_bytetrack:track:49,G-105,G-105,0.02600536190200229,11.505830175138414,True,True,True,registered,registered_to_global_track,True
d5_cv_5v5_multicamera_formal_20260716_yolo_bytetrack:0024:D5_Primary_4:0,6.0,INT-04,D5_Primary_4:0,D5_Primary_4:0/yolov8_bytetrack:track:1,G-101,G-104,,1074.8115240485013,False,False,False,rejected,projection_invalid,
d5_cv_5v5_multicamera_formal_20260716_yolo_bytetrack:0024:D5_Primary_4:0,6.0,INT-04,D5_Primary_4:0,D5_Primary_4:0/yolov8_bytetrack:track:7,G-101,G-105,,1436.0700744416015,False,False,False,rejected,projection_invalid,
d5_cv_5v5_multicamera_formal_20260716_yolo_bytetrack:0024:D5_Primary_4:0,6.0,INT-04,D5_Primary_4:0,D5_Primary_4:0/yolov8_bytetrack:track:1,G-102,G-104,102.66667824640649,724.4488727670209,False,False,False,rejected,geometry_gate_rejected,
d5_cv_5v5_multicamera_formal_20260716_yolo_bytetrack:0024:D5_Primary_4:0,6.0,INT-04,D5_Primary_4:0,D5_Primary_4:0/yolov8_bytetrack:track:7,G-102,G-105,230.57556335046016,1085.6743968534183,False,False,False,rejected,geometry_gate_rejected,
d5_cv_5v5_multicamera_formal_20260716_yolo_bytetrack:0024:D5_Primary_4:0,6.0,INT-04,D5_Primary_4:0,D5_Primary_4:0/yolov8_bytetrack:track:1,G-103,G-104,23.655229960726974,346.7037345004348,False,False,False,rejected,geometry_gate_rejected,
d5_cv_5v5_multicamera_formal_20260716_yolo_bytetrack:0024:D5_Primary_4:0,6.0,INT-04,D5_Primary_4:0,D5_Primary_4:0/yolov8_bytetrack:track:7,G-103,G-105,98.61877630781373,707.9045441934469,False,False,False,rejected,geometry_gate_rejected,
d5_cv_5v5_multicamera_formal_20260716_yolo_bytetrack:0024:D5_Primary_4:0,6.0,INT-04,D5_Primary_4:0,D5_Primary_4:0/yolov8_bytetrack:track:1,G-104,G-104,0.0061334051072523725,5.578527335738098,True,True,True,registered,registered_to_global_track,True
d5_cv_5v5_multicamera_formal_20260716_yolo_bytetrack:0024:D5_Primary_4:0,6.0,INT-04,D5_Primary_4:0,D5_Primary_4:0/yolov8_bytetrack:track:7,G-104,G-105,25.034206681473844,356.39832426346936,False,False,False,rejected,geometry_gate_rejected,
d5_cv_5v5_multicamera_formal_20260716_yolo_bytetrack:0024:D5_Primary_4:0,6.0,INT-04,D5_Primary_4:0,D5_Primary_4:0/yolov8_bytetrack:track:1,G-105,G-104,24.283171852814025,351.2316773806442,False,False,False,rejected,geometry_gate_rejected,
d5_cv_5v5_multicamera_formal_20260716_yolo_bytetrack:0024:D5_Primary_4:0,6.0,INT-04,D5_Primary_4:0,D5_Primary_4:0/yolov8_bytetrack:track:7,G-105,G-105,0.02820787016990709,11.967939567189974,True,True,True,registered,registered_to_global_track,True
d5_cv_5v5_multicamera_formal_20260716_yolo_bytetrack:0024:D5_Primary_5:0,6.0,INT-05,D5_Primary_5:0,D5_Primary_5:0/yolov8_bytetrack:track:1,G-101,G-105,,1384.6155733229152,False,False,False,rejected,projection_invalid,
d5_cv_5v5_multicamera_formal_20260716_yolo_bytetrack:0024:D5_Primary_5:0,6.0,INT-05,D5_Primary_5:0,D5_Primary_5:0/yolov8_bytetrack:track:1,G-102,G-105,,1056.5238622846962,False,False,False,rejected,projection_invalid,
d5_cv_5v5_multicamera_formal_20260716_yolo_bytetrack:0024:D5_Primary_5:0,6.0,INT-05,D5_Primary_5:0,D5_Primary_5:0/yolov8_bytetrack:track:1,G-103,G-105,94.14283290009168,692.867943432607,False,False,False,rejected,geometry_gate_rejected,
d5_cv_5v5_multicamera_formal_20260716_yolo_bytetrack:0024:D5_Primary_5:0,6.0,INT-05,D5_Primary_5:0,D5_Primary_5:0/yolov8_bytetrack:track:1,G-104,G-105,24.324336433241022,351.503344818936,False,False,False,rejected,geometry_gate_rejected,
d5_cv_5v5_multicamera_formal_20260716_yolo_bytetrack:0024:D5_Primary_5:0,6.0,INT-05,D5_Primary_5:0,D5_Primary_5:0/yolov8_bytetrack:track:1,G-105,G-105,0.015538574898810343,8.87766748114416,True,True,True,registered,registered_to_global_track,True
d5_cv_5v5_multicamera_formal_20260716_yolo_bytetrack:0024:D5_Recon_1:0,6.0,RECON-01,D5_Recon_1:0,D5_Recon_1:0:det:0001,G-101,G-101,8.338164524687495e-05,1.2674701025951451,True,True,True,registered,registered_to_global_track,True
d5_cv_5v5_multicamera_formal_20260716_yolo_bytetrack:0024:D5_Recon_1:0,6.0,RECON-01,D5_Recon_1:0,D5_Recon_1:0:det:0002,G-101,G-102,5.425152025585107,323.3029433840433,True,False,False,candidate,,
d5_cv_5v5_multicamera_formal_20260716_yolo_bytetrack:0024:D5_Recon_1:0,6.0,RECON-01,D5_Recon_1:0,D5_Recon_1:0:det:0003,G-101,G-103,21.787957701777284,647.9059434934575,False,False,False,rejected,geometry_gate_rejected,
d5_cv_5v5_multicamera_formal_20260716_yolo_bytetrack:0024:D5_Recon_1:0,6.0,RECON-01,D5_Recon_1:0,D5_Recon_1:0:det:0004,G-101,G-104,49.05573971571228,972.1843298208242,False,False,False,rejected,geometry_gate_rejected,
d5_cv_5v5_multicamera_formal_20260716_yolo_bytetrack:0024:D5_Recon_1:0,6.0,RECON-01,D5_Recon_1:0,D5_Recon_1:0:det:0005,G-101,G-105,87.14690482900414,1295.775265665073,False,False,False,rejected,geometry_gate_rejected,
d5_cv_5v5_multicamera_formal_20260716_yolo_bytetrack:0024:D5_Recon_1:0,6.0,RECON-01,D5_Recon_1:0,D5_Recon_1:0:det:0001,G-102,G-101,5.311923268352123,319.8518168955818,True,False,False,candidate,,
d5_cv_5v5_multicamera_formal_20260716_yolo_bytetrack:0024:D5_Recon_1:0,6.0,RECON-01,D5_Recon_1:0,D5_Recon_1:0:det:0002,G-102,G-102,0.0029416568744764417,7.526640502799667,True,True,True,registered,registered_to_global_track,True
d5_cv_5v5_multicamera_formal_20260716_yolo_bytetrack:0024:D5_Recon_1:0,6.0,RECON-01,D5_Recon_1:0,D5_Recon_1:0:det:0003,G-102,G-103,5.634460645779027,329.4193760664936,True,False,False,candidate,,
d5_cv_5v5_multicamera_formal_20260716_yolo_bytetrack:0024:D5_Recon_1:0,6.0,RECON-01,D5_Recon_1:0,D5_Recon_1:0:det:0004,G-102,G-104,22.18574972512585,653.6722035175501,False,False,False,rejected,geometry_gate_rejected,
d5_cv_5v5_multicamera_formal_20260716_yolo_bytetrack:0024:D5_Recon_1:0,6.0,RECON-01,D5_Recon_1:0,D5_Recon_1:0:det:0005,G-102,G-105,49.58719756031488,977.254644934558,False,False,False,rejected,geometry_gate_rejected,
d5_cv_5v5_multicamera_formal_20260716_yolo_bytetrack:0024:D5_Recon_1:0,6.0,RECON-01,D5_Recon_1:0,D5_Recon_1:0:det:0001,G-103,G-101,22.56888825824794,659.2340210669133,False,False,False,rejected,geometry_gate_rejected,
d5_cv_5v5_multicamera_formal_20260716_yolo_bytetrack:0024:D5_Recon_1:0,6.0,RECON-01,D5_Recon_1:0,D5_Recon_1:0:det:0002,G-103,G-102,5.816544701455192,334.670215830869,True,False,False,candidate,,
d5_cv_5v5_multicamera_formal_20260716_yolo_bytetrack:0024:D5_Recon_1:0,6.0,RECON-01,D5_Recon_1:0,D5_Recon_1:0:det:0003,G-103,G-103,0.005269865591473895,10.073590630691653,True,True,True,registered,registered_to_global_track,True
d5_cv_5v5_multicamera_formal_20260716_yolo_bytetrack:0024:D5_Recon_1:0,6.0,RECON-01,D5_Recon_1:0,D5_Recon_1:0:det:0004,G-103,G-104,5.127142048530779,314.2115923717762,True,False,False,candidate,,
d5_cv_5v5_multicamera_formal_20260716_yolo_bytetrack:0024:D5_Recon_1:0,6.0,RECON-01,D5_Recon_1:0,D5_Recon_1:0:det:0005,G-103,G-105,21.12531827660107,637.8024147100755,False,False,False,rejected,geometry_gate_rejected,
d5_cv_5v5_multicamera_formal_20260716_yolo_bytetrack:0024:D5_Recon_1:0,6.0,RECON-01,D5_Recon_1:0,D5_Recon_1:0:det:0001,G-104,G-101,49.52958352410281,976.645045076835,False,False,False,rejected,geometry_gate_rejected,
d5_cv_5v5_multicamera_formal_20260716_yolo_bytetrack:0024:D5_Recon_1:0,6.0,RECON-01,D5_Recon_1:0,D5_Recon_1:0:det:0002,G-104,G-102,22.080189332649383,652.0874033588185,False,False,False,rejected,geometry_gate_rejected,
d5_cv_5v5_multicamera_formal_20260716_yolo_bytetrack:0024:D5_Recon_1:0,6.0,RECON-01,D5_Recon_1:0,D5_Recon_1:0:det:0003,G-104,G-103,5.569563495285042,327.50278374436203,True,False,False,candidate,,
d5_cv_5v5_multicamera_formal_20260716_yolo_bytetrack:0024:D5_Recon_1:0,6.0,RECON-01,D5_Recon_1:0,D5_Recon_1:0:det:0004,G-104,G-104,0.0017842320921712524,5.861508794841221,True,True,True,registered,registered_to_global_track,True
d5_cv_5v5_multicamera_formal_20260716_yolo_bytetrack:0024:D5_Recon_1:0,6.0,RECON-01,D5_Recon_1:0,D5_Recon_1:0:det:0005,G-104,G-105,5.331982981921632,320.44150684525243,True,False,False,candidate,,
d5_cv_5v5_multicamera_formal_20260716_yolo_bytetrack:0024:D5_Recon_1:0,6.0,RECON-01,D5_Recon_1:0,D5_Recon_1:0:det:0001,G-105,G-101,86.4604112675699,1290.6239019168167,False,False,False,rejected,geometry_gate_rejected,
d5_cv_5v5_multicamera_formal_20260716_yolo_bytetrack:0024:D5_Recon_1:0,6.0,RECON-01,D5_Recon_1:0,D5_Recon_1:0:det:0002,G-105,G-102,48.44246774312608,966.0601876411495,False,False,False,rejected,geometry_gate_rejected,
d5_cv_5v5_multicamera_formal_20260716_yolo_bytetrack:0024:D5_Recon_1:0,6.0,RECON-01,D5_Recon_1:0,D5_Recon_1:0:det:0003,G-105,G-103,21.357664467954002,641.4575705670725,False,False,False,rejected,geometry_gate_rejected,
d5_cv_5v5_multicamera_formal_20260716_yolo_bytetrack:0024:D5_Recon_1:0,6.0,RECON-01,D5_Recon_1:0,D5_Recon_1:0:det:0004,G-105,G-104,5.2219235351678615,317.1803755467395,True,False,False,candidate,,
d5_cv_5v5_multicamera_formal_20260716_yolo_bytetrack:0024:D5_Recon_1:0,6.0,RECON-01,D5_Recon_1:0,D5_Recon_1:0:det:0005,G-105,G-105,0.0022103827407602993,6.525605027502727,True,True,True,registered,registered_to_global_track,True
d5_cv_5v5_multicamera_formal_20260716_yolo_bytetrack:0025:D5_Primary_1:0,6.25,INT-01,D5_Primary_1:0,D5_Primary_1:0/yolov8_bytetrack:track:1,G-101,G-101,0.010536140708010384,7.310908207690723,True,True,True,registered,registered_to_global_track,True
d5_cv_5v5_multicamera_formal_20260716_yolo_bytetrack:0025:D5_Primary_1:0,6.25,INT-01,D5_Primary_1:0,D5_Primary_1:0/yolov8_bytetrack:track:2,G-101,G-103,87.63441064766546,666.7575222550394,False,False,False,rejected,geometry_gate_rejected,
d5_cv_5v5_multicamera_formal_20260716_yolo_bytetrack:0025:D5_Primary_1:0,6.25,INT-01,D5_Primary_1:0,D5_Primary_1:0/yolov8_bytetrack:track:73,G-101,G-104,168.79171951022832,925.3502783532779,False,False,False,rejected,geometry_gate_rejected,
d5_cv_5v5_multicamera_formal_20260716_yolo_bytetrack:0025:D5_Primary_1:0,6.25,INT-01,D5_Primary_1:0,D5_Primary_1:0/yolov8_bytetrack:track:15,G-101,G-102,22.919363772086605,340.98232164280813,False,False,False,rejected,geometry_gate_rejected,
d5_cv_5v5_multicamera_formal_20260716_yolo_bytetrack:0025:D5_Primary_1:0,6.25,INT-01,D5_Primary_1:0,D5_Primary_1:0/yolov8_bytetrack:track:1,G-102,G-101,22.637686142271683,338.843847452886,False,False,False,rejected,geometry_gate_rejected,
d5_cv_5v5_multicamera_formal_20260716_yolo_bytetrack:0025:D5_Primary_1:0,6.25,INT-01,D5_Primary_1:0,D5_Primary_1:0/yolov8_bytetrack:track:2,G-102,G-103,21.352629846407538,329.08451291116944,False,False,False,rejected,geometry_gate_rejected,
d5_cv_5v5_multicamera_formal_20260716_yolo_bytetrack:0025:D5_Primary_1:0,6.25,INT-01,D5_Primary_1:0,D5_Primary_1:0/yolov8_bytetrack:track:73,G-102,G-104,68.06465315022412,587.5481889467906,False,False,False,rejected,geometry_gate_rejected,
d5_cv_5v5_multicamera_formal_20260716_yolo_bytetrack:0025:D5_Primary_1:0,6.25,INT-01,D5_Primary_1:0,D5_Primary_1:0/yolov8_bytetrack:track:15,G-102,G-102,0.0340120681614281,13.12427743534616,True,True,True,registered,registered_to_global_track,True
d5_cv_5v5_multicamera_formal_20260716_yolo_bytetrack:0025:D5_Primary_1:0,6.25,INT-01,D5_Primary_1:0,D5_Primary_1:0/yolov8_bytetrack:track:1,G-103,G-101,89.09007356042167,672.7840650836754,False,False,False,rejected,geometry_gate_rejected,
d5_cv_5v5_multicamera_formal_20260716_yolo_bytetrack:0025:D5_Primary_1:0,6.25,INT-01,D5_Primary_1:0,D5_Primary_1:0/yolov8_bytetrack:track:2,G-103,G-103,0.017431971155573413,9.393203094467104,True,True,True,registered,registered_to_global_track,True
d5_cv_5v5_multicamera_formal_20260716_yolo_bytetrack:0025:D5_Primary_1:0,6.25,INT-01,D5_Primary_1:0,D5_Primary_1:0/yolov8_bytetrack:track:73,G-103,G-104,12.637671034198895,253.39230680831304,True,False,False,candidate,,
d5_cv_5v5_multicamera_formal_20260716_yolo_bytetrack:0025:D5_Primary_1:0,6.25,INT-01,D5_Primary_1:0,D5_Primary_1:0/yolov8_bytetrack:track:15,G-103,G-102,21.589617234190378,331.19464107757295,False,False,False,rejected,geometry_gate_rejected,
d5_cv_5v5_multicamera_formal_20260716_yolo_bytetrack:0025:D5_Primary_1:0,6.25,INT-01,D5_Primary_1:0,D5_Primary_1:0/yolov8_bytetrack:track:1,G-104,G-101,,975.112653599448,False,False,False,rejected,projection_invalid,
d5_cv_5v5_multicamera_formal_20260716_yolo_bytetrack:0025:D5_Primary_1:0,6.25,INT-01,D5_Primary_1:0,D5_Primary_1:0/yolov8_bytetrack:track:2,G-104,G-103,,307.65058815233334,False,False,False,rejected,projection_invalid,
d5_cv_5v5_multicamera_formal_20260716_yolo_bytetrack:0025:D5_Primary_1:0,6.25,INT-01,D5_Primary_1:0,D5_Primary_1:0/yolov8_bytetrack:track:73,G-104,G-104,,49.07609532554874,False,False,False,rejected,projection_invalid,
d5_cv_5v5_multicamera_formal_20260716_yolo_bytetrack:0025:D5_Primary_1:0,6.25,INT-01,D5_Primary_1:0,D5_Primary_1:0/yolov8_bytetrack:track:15,G-104,G-102,,633.470257141035,False,False,False,rejected,projection_invalid,
d5_cv_5v5_multicamera_formal_20260716_yolo_bytetrack:0025:D5_Primary_1:0,6.25,INT-01,D5_Primary_1:0,D5_Primary_1:0/yolov8_bytetrack:track:1,G-105,G-101,,1250.852163716743,False,False,False,rejected,projection_invalid,
d5_cv_5v5_multicamera_formal_20260716_yolo_bytetrack:0025:D5_Primary_1:0,6.25,INT-01,D5_Primary_1:0,D5_Primary_1:0/yolov8_bytetrack:track:2,G-105,G-103,,583.3942537416691,False,False,False,rejected,projection_invalid,
d5_cv_5v5_multicamera_formal_20260716_yolo_bytetrack:0025:D5_Primary_1:0,6.25,INT-01,D5_Primary_1:0,D5_Primary_1:0/yolov8_bytetrack:track:73,G-105,G-104,,324.7634087559692,False,False,False,rejected,projection_invalid,
d5_cv_5v5_multicamera_formal_20260716_yolo_bytetrack:0025:D5_Primary_1:0,6.25,INT-01,D5_Primary_1:0,D5_Primary_1:0/yolov8_bytetrack:track:15,G-105,G-102,,909.2118815399025,False,False,False,rejected,projection_invalid,
d5_cv_5v5_multicamera_formal_20260716_yolo_bytetrack:0025:D5_Primary_2:0,6.25,INT-02,D5_Primary_2:0,D5_Primary_2:0/yolov8_bytetrack:track:1,G-101,G-102,25.45721122059547,359.9599049675049,False,False,False,rejected,geometry_gate_rejected,
d5_cv_5v5_multicamera_formal_20260716_yolo_bytetrack:0025:D5_Primary_2:0,6.25,INT-02,D5_Primary_2:0,D5_Primary_2:0/yolov8_bytetrack:track:38,G-101,,0.02610693342543375,11.51803381035969,True,False,False,candidate,,
d5_cv_5v5_multicamera_formal_20260716_yolo_bytetrack:0025:D5_Primary_2:0,6.25,INT-02,D5_Primary_2:0,D5_Primary_2:0/yolov8_bytetrack:track:2,G-101,G-101,0.015280843818926037,8.813355729486068,True,True,True,registered,registered_to_global_track,True
d5_cv_5v5_multicamera_formal_20260716_yolo_bytetrack:0025:D5_Primary_2:0,6.25,INT-02,D5_Primary_2:0,D5_Primary_2:0/yolov8_bytetrack:track:3,G-101,G-104,214.6984587974711,1045.3533212662655,False,False,False,rejected,geometry_gate_rejected,
d5_cv_5v5_multicamera_formal_20260716_yolo_bytetrack:0025:D5_Primary_2:0,6.25,INT-02,D5_Primary_2:0,D5_Primary_2:0/yolov8_bytetrack:track:1,G-102,G-102,0.037823578305686924,13.854432307071503,True,True,True,registered,registered_to_global_track,True
d5_cv_5v5_multicamera_formal_20260716_yolo_bytetrack:0025:D5_Primary_2:0,6.25,INT-02,D5_Primary_2:0,D5_Primary_2:0/yolov8_bytetrack:track:38,G-102,,25.409070959901705,359.08839462460276,False,False,False,rejected,geometry_gate_rejected,
d5_cv_5v5_multicamera_formal_20260716_yolo_bytetrack:0025:D5_Primary_2:0,6.25,INT-02,D5_Primary_2:0,D5_Primary_2:0/yolov8_bytetrack:track:2,G-102,G-101,24.237013546198835,350.70869158336933,False,False,False,rejected,geometry_gate_rejected,
d5_cv_5v5_multicamera_formal_20260716_yolo_bytetrack:0025:D5_Primary_2:0,6.25,INT-02,D5_Primary_2:0,D5_Primary_2:0/yolov8_bytetrack:track:3,G-102,G-104,93.96863106173726,690.5552445004331,False,False,False,rejected,geometry_gate_rejected,
d5_cv_5v5_multicamera_formal_20260716_yolo_bytetrack:0025:D5_Primary_2:0,6.25,INT-02,D5_Primary_2:0,D5_Primary_2:0/yolov8_bytetrack:track:1,G-103,G-102,24.97889901232915,356.012151304898,False,False,False,rejected,geometry_gate_rejected,
d5_cv_5v5_multicamera_formal_20260716_yolo_bytetrack:0025:D5_Primary_2:0,6.25,INT-02,D5_Primary_2:0,D5_Primary_2:0/yolov8_bytetrack:track:38,G-103,,102.08589571077107,719.715787354486,False,False,False,rejected,geometry_gate_rejected,
d5_cv_5v5_multicamera_formal_20260716_yolo_bytetrack:0025:D5_Primary_2:0,6.25,INT-02,D5_Primary_2:0,D5_Primary_2:0/yolov8_bytetrack:track:2,G-103,G-101,99.74579949918979,711.4189607071067,False,False,False,rejected,geometry_gate_rejected,
d5_cv_5v5_multicamera_formal_20260716_yolo_bytetrack:0025:D5_Primary_2:0,6.25,INT-02,D5_Primary_2:0,D5_Primary_2:0/yolov8_bytetrack:track:3,G-103,G-104,21.41439337228373,329.6326285506749,False,False,False,rejected,geometry_gate_rejected,
d5_cv_5v5_multicamera_formal_20260716_yolo_bytetrack:0025:D5_Primary_2:0,6.25,INT-02,D5_Primary_2:0,D5_Primary_2:0/yolov8_bytetrack:track:1,G-104,G-102,92.1823906172908,685.0023837692511,False,False,False,rejected,geometry_gate_rejected,
d5_cv_5v5_multicamera_formal_20260716_yolo_bytetrack:0025:D5_Primary_2:0,6.25,INT-02,D5_Primary_2:0,D5_Primary_2:0/yolov8_bytetrack:track:38,G-104,,216.0623310023927,1048.7153366989378,False,False,False,rejected,geometry_gate_rejected,
d5_cv_5v5_multicamera_formal_20260716_yolo_bytetrack:0025:D5_Primary_2:0,6.25,INT-02,D5_Primary_2:0,D5_Primary_2:0/yolov8_bytetrack:track:2,G-104,G-101,212.67186893686096,1040.4545721160785,False,False,False,rejected,geometry_gate_rejected,
d5_cv_5v5_multicamera_formal_20260716_yolo_bytetrack:0025:D5_Primary_2:0,6.25,INT-02,D5_Primary_2:0,D5_Primary_2:0/yolov8_bytetrack:track:3,G-104,G-104,0.0003025933634374272,1.2378284955825454,True,True,True,registered,registered_to_global_track,True
d5_cv_5v5_multicamera_formal_20260716_yolo_bytetrack:0025:D5_Primary_2:0,6.25,INT-02,D5_Primary_2:0,D5_Primary_2:0/yolov8_bytetrack:track:1,G-105,G-102,,992.5102581947326,False,False,False,rejected,projection_invalid,
d5_cv_5v5_multicamera_formal_20260716_yolo_bytetrack:0025:D5_Primary_2:0,6.25,INT-02,D5_Primary_2:0,D5_Primary_2:0/yolov8_bytetrack:track:38,G-105,,,1356.2264340572212,False,False,False,rejected,projection_invalid,
d5_cv_5v5_multicamera_formal_20260716_yolo_bytetrack:0025:D5_Primary_2:0,6.25,INT-02,D5_Primary_2:0,D5_Primary_2:0/yolov8_bytetrack:track:2,G-105,G-101,,1347.961204962537,False,False,False,rejected,projection_invalid,
d5_cv_5v5_multicamera_formal_20260716_yolo_bytetrack:0025:D5_Primary_2:0,6.25,INT-02,D5_Primary_2:0,D5_Primary_2:0/yolov8_bytetrack:track:3,G-105,G-104,,307.0849753816527,False,False,False,rejected,projection_invalid,
d5_cv_5v5_multicamera_formal_20260716_yolo_bytetrack:0025:D5_Primary_3:0,6.25,INT-03,D5_Primary_3:0,D5_Primary_3:0/yolov8_bytetrack:track:1,G-101,G-103,102.08978179222063,722.8658853746732,False,False,False,rejected,geometry_gate_rejected,
d5_cv_5v5_multicamera_formal_20260716_yolo_bytetrack:0025:D5_Primary_3:0,6.25,INT-03,D5_Primary_3:0,D5_Primary_3:0/yolov8_bytetrack:track:49,G-101,G-105,394.94953524329543,1421.7962250717555,False,False,False,rejected,geometry_gate_rejected,
d5_cv_5v5_multicamera_formal_20260716_yolo_bytetrack:0025:D5_Primary_3:0,6.25,INT-03,D5_Primary_3:0,D5_Primary_3:0/yolov8_bytetrack:track:12,G-101,G-104,225.78280887702766,1075.00879965383,False,False,False,rejected,geometry_gate_rejected,
d5_cv_5v5_multicamera_formal_20260716_yolo_bytetrack:0025:D5_Primary_3:0,6.25,INT-03,D5_Primary_3:0,D5_Primary_3:0/yolov8_bytetrack:track:1,G-102,G-103,26.176238751227846,364.9459898561565,False,False,False,rejected,geometry_gate_rejected,
d5_cv_5v5_multicamera_formal_20260716_yolo_bytetrack:0025:D5_Primary_3:0,6.25,INT-03,D5_Primary_3:0,D5_Primary_3:0/yolov8_bytetrack:track:49,G-102,G-105,222.37978050778653,1063.7079283929443,False,False,False,rejected,geometry_gate_rejected,
d5_cv_5v5_multicamera_formal_20260716_yolo_bytetrack:0025:D5_Primary_3:0,6.25,INT-03,D5_Primary_3:0,D5_Primary_3:0/yolov8_bytetrack:track:12,G-102,G-104,101.02845379527868,716.9629556699869,False,False,False,rejected,geometry_gate_rejected,
d5_cv_5v5_multicamera_formal_20260716_yolo_bytetrack:0025:D5_Primary_3:0,6.25,INT-03,D5_Primary_3:0,D5_Primary_3:0/yolov8_bytetrack:track:1,G-103,G-103,0.04009175282994146,14.261015893106448,True,True,True,registered,registered_to_global_track,True
d5_cv_5v5_multicamera_formal_20260716_yolo_bytetrack:0025:D5_Primary_3:0,6.25,INT-03,D5_Primary_3:0,D5_Primary_3:0/yolov8_bytetrack:track:49,G-103,G-105,93.49655018881057,688.6848152148366,False,False,False,rejected,geometry_gate_rejected,
d5_cv_5v5_multicamera_formal_20260716_yolo_bytetrack:0025:D5_Primary_3:0,6.25,INT-03,D5_Primary_3:0,D5_Primary_3:0/yolov8_bytetrack:track:12,G-103,G-104,23.05206521603483,341.9618243822683,False,False,False,rejected,geometry_gate_rejected,
d5_cv_5v5_multicamera_formal_20260716_yolo_bytetrack:0025:D5_Primary_3:0,6.25,INT-03,D5_Primary_3:0,D5_Primary_3:0/yolov8_bytetrack:track:1,G-104,G-103,24.880250846392254,355.4705590277628,False,False,False,rejected,geometry_gate_rejected,
d5_cv_5v5_multicamera_formal_20260716_yolo_bytetrack:0025:D5_Primary_3:0,6.25,INT-03,D5_Primary_3:0,D5_Primary_3:0/yolov8_bytetrack:track:49,G-104,G-105,23.233284266000837,343.5037953096745,False,False,False,rejected,geometry_gate_rejected,
d5_cv_5v5_multicamera_formal_20260716_yolo_bytetrack:0025:D5_Primary_3:0,6.25,INT-03,D5_Primary_3:0,D5_Primary_3:0/yolov8_bytetrack:track:12,G-104,G-104,0.003136946417388131,3.990387550816771,True,True,True,registered,registered_to_global_track,True
d5_cv_5v5_multicamera_formal_20260716_yolo_bytetrack:0025:D5_Primary_3:0,6.25,INT-03,D5_Primary_3:0,D5_Primary_3:0/yolov8_bytetrack:track:1,G-105,G-103,92.47158009320528,686.4719288953484,False,False,False,rejected,geometry_gate_rejected,
d5_cv_5v5_multicamera_formal_20260716_yolo_bytetrack:0025:D5_Primary_3:0,6.25,INT-03,D5_Primary_3:0,D5_Primary_3:0/yolov8_bytetrack:track:49,G-105,G-105,0.034558418685814246,13.266096554709398,True,True,True,registered,registered_to_global_track,True
d5_cv_5v5_multicamera_formal_20260716_yolo_bytetrack:0025:D5_Primary_3:0,6.25,INT-03,D5_Primary_3:0,D5_Primary_3:0/yolov8_bytetrack:track:12,G-105,G-104,21.933453664356353,334.3274600533491,False,False,False,rejected,geometry_gate_rejected,
d5_cv_5v5_multicamera_formal_20260716_yolo_bytetrack:0025:D5_Primary_4:0,6.25,INT-04,D5_Primary_4:0,D5_Primary_4:0/yolov8_bytetrack:track:1,G-101,G-104,,1065.276358494972,False,False,False,rejected,projection_invalid,
d5_cv_5v5_multicamera_formal_20260716_yolo_bytetrack:0025:D5_Primary_4:0,6.25,INT-04,D5_Primary_4:0,D5_Primary_4:0/yolov8_bytetrack:track:7,G-101,G-105,,1423.150438905646,False,False,False,rejected,projection_invalid,
d5_cv_5v5_multicamera_formal_20260716_yolo_bytetrack:0025:D5_Primary_4:0,6.25,INT-04,D5_Primary_4:0,D5_Primary_4:0/yolov8_bytetrack:track:2,G-101,G-103,,718.6496829336437,False,False,False,rejected,projection_invalid,
d5_cv_5v5_multicamera_formal_20260716_yolo_bytetrack:0025:D5_Primary_4:0,6.25,INT-04,D5_Primary_4:0,D5_Primary_4:0/yolov8_bytetrack:track:1,G-102,G-104,100.86860092948935,718.0397087287909,False,False,False,rejected,geometry_gate_rejected,
d5_cv_5v5_multicamera_formal_20260716_yolo_bytetrack:0025:D5_Primary_4:0,6.25,INT-04,D5_Primary_4:0,D5_Primary_4:0/yolov8_bytetrack:track:7,G-102,G-105,226.4565702267157,1075.8776504691039,False,False,False,rejected,geometry_gate_rejected,
d5_cv_5v5_multicamera_formal_20260716_yolo_bytetrack:0025:D5_Primary_4:0,6.25,INT-04,D5_Primary_4:0,D5_Primary_4:0/yolov8_bytetrack:track:2,G-102,G-103,26.996362496566938,371.46920908805026,False,False,False,rejected,geometry_gate_rejected,
d5_cv_5v5_multicamera_formal_20260716_yolo_bytetrack:0025:D5_Primary_4:0,6.25,INT-04,D5_Primary_4:0,D5_Primary_4:0/yolov8_bytetrack:track:1,G-103,G-104,23.228888475376902,343.5619804157115,False,False,False,rejected,geometry_gate_rejected,
d5_cv_5v5_multicamera_formal_20260716_yolo_bytetrack:0025:D5_Primary_4:0,6.25,INT-04,D5_Primary_4:0,D5_Primary_4:0/yolov8_bytetrack:track:7,G-103,G-105,96.80960610049434,701.3746442418974,False,False,False,rejected,geometry_gate_rejected,
d5_cv_5v5_multicamera_formal_20260716_yolo_bytetrack:0025:D5_Primary_4:0,6.25,INT-04,D5_Primary_4:0,D5_Primary_4:0/yolov8_bytetrack:track:2,G-103,G-103,0.013131221912078194,8.162738942703145,True,True,True,registered,registered_to_global_track,True
d5_cv_5v5_multicamera_formal_20260716_yolo_bytetrack:0025:D5_Primary_4:0,6.25,INT-04,D5_Primary_4:0,D5_Primary_4:0/yolov8_bytetrack:track:1,G-104,G-104,0.0057152899641506605,5.38502992834928,True,True,True,registered,registered_to_global_track,True
d5_cv_5v5_multicamera_formal_20260716_yolo_bytetrack:0025:D5_Primary_4:0,6.25,INT-04,D5_Primary_4:0,D5_Primary_4:0/yolov8_bytetrack:track:7,G-104,G-105,24.590711007966043,353.227513969912,False,False,False,rejected,geometry_gate_rejected,
d5_cv_5v5_multicamera_formal_20260716_yolo_bytetrack:0025:D5_Primary_4:0,6.25,INT-04,D5_Primary_4:0,D5_Primary_4:0/yolov8_bytetrack:track:2,G-104,G-103,24.320968198670705,351.28484315173256,False,False,False,rejected,geometry_gate_rejected,
d5_cv_5v5_multicamera_formal_20260716_yolo_bytetrack:0025:D5_Primary_4:0,6.25,INT-04,D5_Primary_4:0,D5_Primary_4:0/yolov8_bytetrack:track:1,G-105,G-104,23.781157277123523,347.57471935614126,False,False,False,rejected,geometry_gate_rejected,
d5_cv_5v5_multicamera_formal_20260716_yolo_bytetrack:0025:D5_Primary_4:0,6.25,INT-04,D5_Primary_4:0,D5_Primary_4:0/yolov8_bytetrack:track:7,G-105,G-105,0.028328115301633806,11.993563552271556,True,True,True,registered,registered_to_global_track,True
d5_cv_5v5_multicamera_formal_20260716_yolo_bytetrack:0025:D5_Primary_4:0,6.25,INT-04,D5_Primary_4:0,D5_Primary_4:0/yolov8_bytetrack:track:2,G-105,G-103,94.8525452787903,694.1545115544516,False,False,False,rejected,geometry_gate_rejected,
d5_cv_5v5_multicamera_formal_20260716_yolo_bytetrack:0025:D5_Primary_5:0,6.25,INT-05,D5_Primary_5:0,D5_Primary_5:0/yolov8_bytetrack:track:1,G-101,G-105,,1370.935153609083,False,False,False,rejected,projection_invalid,
d5_cv_5v5_multicamera_formal_20260716_yolo_bytetrack:0025:D5_Primary_5:0,6.25,INT-05,D5_Primary_5:0,D5_Primary_5:0/yolov8_bytetrack:track:1,G-102,G-105,,1046.213651712951,False,False,False,rejected,projection_invalid,
d5_cv_5v5_multicamera_formal_20260716_yolo_bytetrack:0025:D5_Primary_5:0,6.25,INT-05,D5_Primary_5:0,D5_Primary_5:0/yolov8_bytetrack:track:1,G-103,G-105,92.30282881807396,686.0167064463878,False,False,False,rejected,geometry_gate_rejected,
d5_cv_5v5_multicamera_formal_20260716_yolo_bytetrack:0025:D5_Primary_5:0,6.25,INT-05,D5_Primary_5:0,D5_Primary_5:0/yolov8_bytetrack:track:1,G-104,G-105,23.85107067155506,348.0601215882867,False,False,False,rejected,geometry_gate_rejected,
d5_cv_5v5_multicamera_formal_20260716_yolo_bytetrack:0025:D5_Primary_5:0,6.25,INT-05,D5_Primary_5:0,D5_Primary_5:0/yolov8_bytetrack:track:1,G-105,G-105,0.015566284637045963,8.885566100533236,True,True,True,registered,registered_to_global_track,True
d5_cv_5v5_multicamera_formal_20260716_yolo_bytetrack:0025:D5_Recon_1:0,6.25,RECON-01,D5_Recon_1:0,D5_Recon_1:0:det:0001,G-101,G-101,8.602185063321875e-05,1.2873705486809637,True,True,True,registered,registered_to_global_track,True
d5_cv_5v5_multicamera_formal_20260716_yolo_bytetrack:0025:D5_Recon_1:0,6.25,RECON-01,D5_Recon_1:0,D5_Recon_1:0:det:0002,G-101,G-102,5.319762131791599,320.14499780199736,True,False,False,candidate,,
d5_cv_5v5_multicamera_formal_20260716_yolo_bytetrack:0025:D5_Recon_1:0,6.25,RECON-01,D5_Recon_1:0,D5_Recon_1:0:det:0003,G-101,G-103,21.3653867014239,641.5876454530076,False,False,False,rejected,geometry_gate_rejected,
d5_cv_5v5_multicamera_formal_20260716_yolo_bytetrack:0025:D5_Recon_1:0,6.25,RECON-01,D5_Recon_1:0,D5_Recon_1:0:det:0004,G-101,G-104,48.102101125043646,962.6815247075028,False,False,False,rejected,geometry_gate_rejected,
d5_cv_5v5_multicamera_formal_20260716_yolo_bytetrack:0025:D5_Recon_1:0,6.25,RECON-01,D5_Recon_1:0,D5_Recon_1:0:det:0005,G-101,G-105,85.44638135317922,1283.0614338727469,False,False,False,rejected,geometry_gate_rejected,
d5_cv_5v5_multicamera_formal_20260716_yolo_bytetrack:0025:D5_Recon_1:0,6.25,RECON-01,D5_Recon_1:0,D5_Recon_1:0:det:0001,G-102,G-101,5.208327501295336,316.71642966798095,True,False,False,candidate,,
d5_cv_5v5_multicamera_formal_20260716_yolo_bytetrack:0025:D5_Recon_1:0,6.25,RECON-01,D5_Recon_1:0,D5_Recon_1:0:det:0002,G-102,G-102,0.0029083671065547627,7.483913657129606,True,True,True,registered,registered_to_global_track,True
d5_cv_5v5_multicamera_formal_20260716_yolo_bytetrack:0025:D5_Recon_1:0,6.25,RECON-01,D5_Recon_1:0,D5_Recon_1:0:det:0003,G-102,G-103,5.526736165186164,326.2540082900084,True,False,False,candidate,,
d5_cv_5v5_multicamera_formal_20260716_yolo_bytetrack:0025:D5_Recon_1:0,6.25,RECON-01,D5_Recon_1:0,D5_Recon_1:0:det:0004,G-102,G-104,21.75697371281945,647.3225417006531,False,False,False,rejected,geometry_gate_rejected,
d5_cv_5v5_multicamera_formal_20260716_yolo_bytetrack:0025:D5_Recon_1:0,6.25,RECON-01,D5_Recon_1:0,D5_Recon_1:0:det:0005,G-102,G-105,48.62203763431773,967.6940325813122,False,False,False,rejected,geometry_gate_rejected,
d5_cv_5v5_multicamera_formal_20260716_yolo_bytetrack:0025:D5_Recon_1:0,6.25,RECON-01,D5_Recon_1:0,D5_Recon_1:0:det:0001,G-103,G-101,22.13964414032439,652.9332637629935,False,False,False,rejected,geometry_gate_rejected,
d5_cv_5v5_multicamera_formal_20260716_yolo_bytetrack:0025:D5_Recon_1:0,6.25,RECON-01,D5_Recon_1:0,D5_Recon_1:0:det:0002,G-103,G-102,5.707208430007679,331.50901504631616,True,False,False,candidate,,
d5_cv_5v5_multicamera_formal_20260716_yolo_bytetrack:0025:D5_Recon_1:0,6.25,RECON-01,D5_Recon_1:0,D5_Recon_1:0:det:0003,G-103,G-103,0.005269133216193378,10.072866212973556,True,True,True,registered,registered_to_global_track,True
d5_cv_5v5_multicamera_formal_20260716_yolo_bytetrack:0025:D5_Recon_1:0,6.25,RECON-01,D5_Recon_1:0,D5_Recon_1:0:det:0004,G-103,G-104,5.023794671776087,311.0279492259718,True,False,False,candidate,,
d5_cv_5v5_multicamera_formal_20260716_yolo_bytetrack:0025:D5_Recon_1:0,6.25,RECON-01,D5_Recon_1:0,D5_Recon_1:0:det:0005,G-103,G-105,20.703932940784025,631.4077417474246,False,False,False,rejected,geometry_gate_rejected,
d5_cv_5v5_multicamera_formal_20260716_yolo_bytetrack:0025:D5_Recon_1:0,6.25,RECON-01,D5_Recon_1:0,D5_Recon_1:0:det:0001,G-104,G-101,48.57119326608755,967.1459862923105,False,False,False,rejected,geometry_gate_rejected,
d5_cv_5v5_multicamera_formal_20260716_yolo_bytetrack:0025:D5_Recon_1:0,6.25,RECON-01,D5_Recon_1:0,D5_Recon_1:0:det:0002,G-104,G-102,21.651794054082696,645.7279609749312,False,False,False,rejected,geometry_gate_rejected,
d5_cv_5v5_multicamera_formal_20260716_yolo_bytetrack:0025:D5_Recon_1:0,6.25,RECON-01,D5_Recon_1:0,D5_Recon_1:0:det:0003,G-104,G-103,5.461336460355268,324.3038593879682,True,False,False,candidate,,
d5_cv_5v5_multicamera_formal_20260716_yolo_bytetrack:0025:D5_Recon_1:0,6.25,RECON-01,D5_Recon_1:0,D5_Recon_1:0:det:0004,G-104,G-104,0.001778636677077956,5.852291775644496,True,True,True,registered,registered_to_global_track,True
d5_cv_5v5_multicamera_formal_20260716_yolo_bytetrack:0025:D5_Recon_1:0,6.25,RECON-01,D5_Recon_1:0,D5_Recon_1:0:det:0005,G-104,G-105,5.226199814031404,317.2456145588144,True,False,False,candidate,,
d5_cv_5v5_multicamera_formal_20260716_yolo_bytetrack:0025:D5_Recon_1:0,6.25,RECON-01,D5_Recon_1:0,D5_Recon_1:0:det:0001,G-105,G-101,84.76831251938663,1277.9213160242357,False,False,False,rejected,geometry_gate_rejected,
d5_cv_5v5_multicamera_formal_20260716_yolo_bytetrack:0025:D5_Recon_1:0,6.25,RECON-01,D5_Recon_1:0,D5_Recon_1:0:det:0002,G-105,G-102,47.48896293706394,956.4971675282865,False,False,False,rejected,geometry_gate_rejected,
d5_cv_5v5_multicamera_formal_20260716_yolo_bytetrack:0025:D5_Recon_1:0,6.25,RECON-01,D5_Recon_1:0,D5_Recon_1:0:det:0003,G-105,G-103,20.933791174655738,635.0549262800431,False,False,False,rejected,geometry_gate_rejected,
d5_cv_5v5_multicamera_formal_20260716_yolo_bytetrack:0025:D5_Recon_1:0,6.25,RECON-01,D5_Recon_1:0,D5_Recon_1:0:det:0004,G-105,G-104,5.1165869289275365,313.96231560402134,True,False,False,candidate,,
d5_cv_5v5_multicamera_formal_20260716_yolo_bytetrack:0025:D5_Recon_1:0,6.25,RECON-01,D5_Recon_1:0,D5_Recon_1:0:det:0005,G-105,G-105,0.002219294481746685,6.538689088907259,True,True,True,registered,registered_to_global_track,True
d5_cv_5v5_multicamera_formal_20260716_yolo_bytetrack:0026:D5_Primary_1:0,6.5,INT-01,D5_Primary_1:0,D5_Primary_1:0/yolov8_bytetrack:track:1,G-101,G-101,0.009672987068099872,7.005042871194871,True,True,True,registered,registered_to_global_track,True
d5_cv_5v5_multicamera_formal_20260716_yolo_bytetrack:0026:D5_Primary_1:0,6.5,INT-01,D5_Primary_1:0,D5_Primary_1:0/yolov8_bytetrack:track:1,G-102,G-101,22.117666732642572,334.91221481213495,False,False,False,rejected,geometry_gate_rejected,
d5_cv_5v5_multicamera_formal_20260716_yolo_bytetrack:0026:D5_Primary_1:0,6.5,INT-01,D5_Primary_1:0,D5_Primary_1:0/yolov8_bytetrack:track:1,G-103,G-101,86.96240143386784,664.6114078709257,False,False,False,rejected,geometry_gate_rejected,
d5_cv_5v5_multicamera_formal_20260716_yolo_bytetrack:0026:D5_Primary_1:0,6.5,INT-01,D5_Primary_1:0,D5_Primary_1:0/yolov8_bytetrack:track:1,G-104,G-101,,962.4478293899683,False,False,False,rejected,projection_invalid,
d5_cv_5v5_multicamera_formal_20260716_yolo_bytetrack:0026:D5_Primary_1:0,6.5,INT-01,D5_Primary_1:0,D5_Primary_1:0/yolov8_bytetrack:track:1,G-105,G-101,,1233.5796920457249,False,False,False,rejected,projection_invalid,
d5_cv_5v5_multicamera_formal_20260716_yolo_bytetrack:0026:D5_Primary_2:0,6.5,INT-02,D5_Primary_2:0,D5_Primary_2:0/yolov8_bytetrack:track:1,G-101,G-102,25.059535862741214,357.1408192971823,False,False,False,rejected,geometry_gate_rejected,
d5_cv_5v5_multicamera_formal_20260716_yolo_bytetrack:0026:D5_Primary_2:0,6.5,INT-02,D5_Primary_2:0,D5_Primary_2:0/yolov8_bytetrack:track:82,G-101,G-105,328.3231520895746,1292.7174824479869,False,False,False,rejected,geometry_gate_rejected,
d5_cv_5v5_multicamera_formal_20260716_yolo_bytetrack:0026:D5_Primary_2:0,6.5,INT-02,D5_Primary_2:0,D5_Primary_2:0/yolov8_bytetrack:track:2,G-101,G-101,0.021279922512774954,10.401580562043224,True,True,True,registered,registered_to_global_track,True
d5_cv_5v5_multicamera_formal_20260716_yolo_bytetrack:0026:D5_Primary_2:0,6.5,INT-02,D5_Primary_2:0,D5_Primary_2:0/yolov8_bytetrack:track:5,G-101,G-103,96.19092068436674,699.7130574297473,False,False,False,rejected,geometry_gate_rejected,
d5_cv_5v5_multicamera_formal_20260716_yolo_bytetrack:0026:D5_Primary_2:0,6.5,INT-02,D5_Primary_2:0,D5_Primary_2:0/yolov8_bytetrack:track:1,G-102,G-102,0.040933996751941606,14.412833307205851,True,True,True,registered,registered_to_global_track,True
d5_cv_5v5_multicamera_formal_20260716_yolo_bytetrack:0026:D5_Primary_2:0,6.5,INT-02,D5_Primary_2:0,D5_Primary_2:0/yolov8_bytetrack:track:82,G-102,G-105,174.57104707085927,941.2239495060578,False,False,False,rejected,geometry_gate_rejected,
d5_cv_5v5_multicamera_formal_20260716_yolo_bytetrack:0026:D5_Primary_2:0,6.5,INT-02,D5_Primary_2:0,D5_Primary_2:0/yolov8_bytetrack:track:2,G-102,G-101,25.297499906155807,358.29905392395375,False,False,False,rejected,geometry_gate_rejected,
d5_cv_5v5_multicamera_formal_20260716_yolo_bytetrack:0026:D5_Primary_2:0,6.5,INT-02,D5_Primary_2:0,D5_Primary_2:0/yolov8_bytetrack:track:5,G-102,G-103,23.91451045716604,348.36748231498973,False,False,False,rejected,geometry_gate_rejected,
d5_cv_5v5_multicamera_formal_20260716_yolo_bytetrack:0026:D5_Primary_2:0,6.5,INT-02,D5_Primary_2:0,D5_Primary_2:0/yolov8_bytetrack:track:1,G-103,G-102,24.39188124813123,351.78924257733007,False,False,False,rejected,geometry_gate_rejected,
d5_cv_5v5_multicamera_formal_20260716_yolo_bytetrack:0026:D5_Primary_2:0,6.5,INT-02,D5_Primary_2:0,D5_Primary_2:0/yolov8_bytetrack:track:82,G-103,G-105,67.22049143701501,583.9966728531423,False,False,False,rejected,geometry_gate_rejected,
d5_cv_5v5_multicamera_formal_20260716_yolo_bytetrack:0026:D5_Primary_2:0,6.5,INT-02,D5_Primary_2:0,D5_Primary_2:0/yolov8_bytetrack:track:2,G-103,G-101,100.84383873306409,715.2939531368879,False,False,False,rejected,geometry_gate_rejected,
d5_cv_5v5_multicamera_formal_20260716_yolo_bytetrack:0026:D5_Primary_2:0,6.5,INT-02,D5_Primary_2:0,D5_Primary_2:0/yolov8_bytetrack:track:5,G-103,G-103,0.02892997985320265,12.111107087583349,True,True,True,registered,registered_to_global_track,True
d5_cv_5v5_multicamera_formal_20260716_yolo_bytetrack:0026:D5_Primary_2:0,6.5,INT-02,D5_Primary_2:0,D5_Primary_2:0/yolov8_bytetrack:track:1,G-104,G-102,90.00743419344187,676.7935072252099,False,False,False,rejected,geometry_gate_rejected,
d5_cv_5v5_multicamera_formal_20260716_yolo_bytetrack:0026:D5_Primary_2:0,6.5,INT-02,D5_Primary_2:0,D5_Primary_2:0/yolov8_bytetrack:track:82,G-104,G-105,13.167975947984946,258.86687021470254,True,True,False,candidate,stability_window_failed,False
d5_cv_5v5_multicamera_formal_20260716_yolo_bytetrack:0026:D5_Primary_2:0,6.5,INT-02,D5_Primary_2:0,D5_Primary_2:0/yolov8_bytetrack:track:2,G-104,G-101,212.67846660949937,1040.3482803797604,False,False,False,rejected,geometry_gate_rejected,
d5_cv_5v5_multicamera_formal_20260716_yolo_bytetrack:0026:D5_Primary_2:0,6.5,INT-02,D5_Primary_2:0,D5_Primary_2:0/yolov8_bytetrack:track:5,G-104,G-103,21.94357086950796,334.1724501076055,False,False,False,rejected,geometry_gate_rejected,
d5_cv_5v5_multicamera_formal_20260716_yolo_bytetrack:0026:D5_Primary_2:0,6.5,INT-02,D5_Primary_2:0,D5_Primary_2:0/yolov8_bytetrack:track:1,G-105,G-102,,980.1512167786033,False,False,False,rejected,projection_invalid,
d5_cv_5v5_multicamera_formal_20260716_yolo_bytetrack:0026:D5_Primary_2:0,6.5,INT-02,D5_Primary_2:0,D5_Primary_2:0/yolov8_bytetrack:track:82,G-105,G-105,,44.501139248683515,False,False,False,rejected,projection_invalid,
d5_cv_5v5_multicamera_formal_20260716_yolo_bytetrack:0026:D5_Primary_2:0,6.5,INT-02,D5_Primary_2:0,D5_Primary_2:0/yolov8_bytetrack:track:2,G-105,G-101,,1343.7046740801163,False,False,False,rejected,projection_invalid,
d5_cv_5v5_multicamera_formal_20260716_yolo_bytetrack:0026:D5_Primary_2:0,6.5,INT-02,D5_Primary_2:0,D5_Primary_2:0/yolov8_bytetrack:track:5,G-105,G-103,,637.5317015617184,False,False,False,rejected,projection_invalid,
d5_cv_5v5_multicamera_formal_20260716_yolo_bytetrack:0026:D5_Primary_3:0,6.5,INT-03,D5_Primary_3:0,D5_Primary_3:0/yolov8_bytetrack:track:1,G-101,G-103,100.41239970704656,716.8866969182777,False,False,False,rejected,geometry_gate_rejected,
d5_cv_5v5_multicamera_formal_20260716_yolo_bytetrack:0026:D5_Primary_3:0,6.5,INT-03,D5_Primary_3:0,D5_Primary_3:0/yolov8_bytetrack:track:49,G-101,G-105,387.57816315554084,1408.43396353925,False,False,False,rejected,geometry_gate_rejected,
d5_cv_5v5_multicamera_formal_20260716_yolo_bytetrack:0026:D5_Primary_3:0,6.5,INT-03,D5_Primary_3:0,D5_Primary_3:0/yolov8_bytetrack:track:1,G-102,G-103,25.74979807643242,361.9618099997265,False,False,False,rejected,geometry_gate_rejected,
d5_cv_5v5_multicamera_formal_20260716_yolo_bytetrack:0026:D5_Primary_3:0,6.5,INT-03,D5_Primary_3:0,D5_Primary_3:0/yolov8_bytetrack:track:49,G-102,G-105,218.10252073142246,1053.4307670471553,False,False,False,rejected,geometry_gate_rejected,
d5_cv_5v5_multicamera_formal_20260716_yolo_bytetrack:0026:D5_Primary_3:0,6.5,INT-03,D5_Primary_3:0,D5_Primary_3:0/yolov8_bytetrack:track:1,G-103,G-103,0.029027286307725053,12.134628348172937,True,True,True,registered,registered_to_global_track,True
d5_cv_5v5_multicamera_formal_20260716_yolo_bytetrack:0026:D5_Primary_3:0,6.5,INT-03,D5_Primary_3:0,D5_Primary_3:0/yolov8_bytetrack:track:49,G-103,G-105,91.62082536575248,681.7421167250092,False,False,False,rejected,geometry_gate_rejected,
d5_cv_5v5_multicamera_formal_20260716_yolo_bytetrack:0026:D5_Primary_3:0,6.5,INT-03,D5_Primary_3:0,D5_Primary_3:0/yolov8_bytetrack:track:1,G-104,G-103,24.32272761495333,351.45371810331073,False,False,False,rejected,geometry_gate_rejected,
d5_cv_5v5_multicamera_formal_20260716_yolo_bytetrack:0026:D5_Primary_3:0,6.5,INT-03,D5_Primary_3:0,D5_Primary_3:0/yolov8_bytetrack:track:49,G-104,G-105,22.77734253703567,340.10533318726664,False,False,False,rejected,geometry_gate_rejected,
d5_cv_5v5_multicamera_formal_20260716_yolo_bytetrack:0026:D5_Primary_3:0,6.5,INT-03,D5_Primary_3:0,D5_Primary_3:0/yolov8_bytetrack:track:1,G-105,G-103,90.41050760179131,678.7111739335329,False,False,False,rejected,geometry_gate_rejected,
d5_cv_5v5_multicamera_formal_20260716_yolo_bytetrack:0026:D5_Primary_3:0,6.5,INT-03,D5_Primary_3:0,D5_Primary_3:0/yolov8_bytetrack:track:49,G-105,G-105,0.041937411427353855,14.607362656295491,True,True,True,registered,registered_to_global_track,True
d5_cv_5v5_multicamera_formal_20260716_yolo_bytetrack:0026:D5_Primary_4:0,6.5,INT-04,D5_Primary_4:0,D5_Primary_4:0/yolov8_bytetrack:track:1,G-101,G-104,,1055.6438725112712,False,False,False,rejected,projection_invalid,
d5_cv_5v5_multicamera_formal_20260716_yolo_bytetrack:0026:D5_Primary_4:0,6.5,INT-04,D5_Primary_4:0,D5_Primary_4:0/yolov8_bytetrack:track:7,G-101,G-105,,1409.7430487161928,False,False,False,rejected,projection_invalid,
d5_cv_5v5_multicamera_formal_20260716_yolo_bytetrack:0026:D5_Primary_4:0,6.5,INT-04,D5_Primary_4:0,D5_Primary_4:0/yolov8_bytetrack:track:1,G-102,G-104,99.05031681992214,711.503827851249,False,False,False,rejected,geometry_gate_rejected,
d5_cv_5v5_multicamera_formal_20260716_yolo_bytetrack:0026:D5_Primary_4:0,6.5,INT-04,D5_Primary_4:0,D5_Primary_4:0/yolov8_bytetrack:track:7,G-102,G-105,222.15917381820628,1065.5685362111064,False,False,False,rejected,geometry_gate_rejected,
d5_cv_5v5_multicamera_formal_20260716_yolo_bytetrack:0026:D5_Primary_4:0,6.5,INT-04,D5_Primary_4:0,D5_Primary_4:0/yolov8_bytetrack:track:1,G-103,G-104,22.786640956392052,340.2730671376817,False,False,False,rejected,geometry_gate_rejected,
d5_cv_5v5_multicamera_formal_20260716_yolo_bytetrack:0026:D5_Primary_4:0,6.5,INT-04,D5_Primary_4:0,D5_Primary_4:0/yolov8_bytetrack:track:7,G-103,G-105,94.87163455033964,694.3134212297676,False,False,False,rejected,geometry_gate_rejected,
d5_cv_5v5_multicamera_formal_20260716_yolo_bytetrack:0026:D5_Primary_4:0,6.5,INT-04,D5_Primary_4:0,D5_Primary_4:0/yolov8_bytetrack:track:1,G-104,G-104,0.005471694168563999,5.269024956017724,True,True,True,registered,registered_to_global_track,True
d5_cv_5v5_multicamera_formal_20260716_yolo_bytetrack:0026:D5_Primary_4:0,6.5,INT-04,D5_Primary_4:0,D5_Primary_4:0/yolov8_bytetrack:track:7,G-104,G-105,24.076344456119596,349.514032253249,False,False,False,rejected,geometry_gate_rejected,
d5_cv_5v5_multicamera_formal_20260716_yolo_bytetrack:0026:D5_Primary_4:0,6.5,INT-04,D5_Primary_4:0,D5_Primary_4:0/yolov8_bytetrack:track:1,G-105,G-104,23.304746966458275,344.0680947980432,False,False,False,rejected,geometry_gate_rejected,
d5_cv_5v5_multicamera_formal_20260716_yolo_bytetrack:0026:D5_Primary_4:0,6.5,INT-04,D5_Primary_4:0,D5_Primary_4:0/yolov8_bytetrack:track:7,G-105,G-105,0.02739042925029868,11.793049092549182,True,True,True,registered,registered_to_global_track,True
d5_cv_5v5_multicamera_formal_20260716_yolo_bytetrack:0026:D5_Primary_5:0,6.5,INT-05,D5_Primary_5:0,D5_Primary_5:0/yolov8_bytetrack:track:1,G-101,G-105,,1357.4511163658412,False,False,False,rejected,projection_invalid,
d5_cv_5v5_multicamera_formal_20260716_yolo_bytetrack:0026:D5_Primary_5:0,6.5,INT-05,D5_Primary_5:0,D5_Primary_5:0/yolov8_bytetrack:track:1,G-102,G-105,,1036.0477879467994,False,False,False,rejected,projection_invalid,
d5_cv_5v5_multicamera_formal_20260716_yolo_bytetrack:0026:D5_Primary_5:0,6.5,INT-05,D5_Primary_5:0,D5_Primary_5:0/yolov8_bytetrack:track:1,G-103,G-105,90.50767539124129,679.2683988905054,False,False,False,rejected,geometry_gate_rejected,
d5_cv_5v5_multicamera_formal_20260716_yolo_bytetrack:0026:D5_Primary_5:0,6.5,INT-05,D5_Primary_5:0,D5_Primary_5:0/yolov8_bytetrack:track:1,G-104,G-105,23.392909663315262,344.69442539224616,False,False,False,rejected,geometry_gate_rejected,
d5_cv_5v5_multicamera_formal_20260716_yolo_bytetrack:0026:D5_Primary_5:0,6.5,INT-05,D5_Primary_5:0,D5_Primary_5:0/yolov8_bytetrack:track:1,G-105,G-105,0.01581138208271501,8.95523274722154,True,True,True,registered,registered_to_global_track,True
d5_cv_5v5_multicamera_formal_20260716_yolo_bytetrack:0026:D5_Recon_1:0,6.5,RECON-01,D5_Recon_1:0,D5_Recon_1:0:det:0001,G-101,G-101,8.871477183190201e-05,1.3073558435962844,True,True,True,registered,registered_to_global_track,True
d5_cv_5v5_multicamera_formal_20260716_yolo_bytetrack:0026:D5_Recon_1:0,6.5,RECON-01,D5_Recon_1:0,D5_Recon_1:0:det:0002,G-101,G-102,5.215430413460688,316.9878347566082,True,False,False,candidate,,
d5_cv_5v5_multicamera_formal_20260716_yolo_bytetrack:0026:D5_Recon_1:0,6.5,RECON-01,D5_Recon_1:0,D5_Recon_1:0:det:0003,G-101,G-103,20.946989987094177,635.2699760179735,False,False,False,rejected,geometry_gate_rejected,
d5_cv_5v5_multicamera_formal_20260716_yolo_bytetrack:0026:D5_Recon_1:0,6.5,RECON-01,D5_Recon_1:0,D5_Recon_1:0:det:0005,G-101,G-105,83.76248478720403,1270.3467878306544,False,False,False,rejected,geometry_gate_rejected,
d5_cv_5v5_multicamera_formal_20260716_yolo_bytetrack:0026:D5_Recon_1:0,6.5,RECON-01,D5_Recon_1:0,D5_Recon_1:0:det:0001,G-102,G-101,5.105769813414863,313.5815919464494,True,False,False,candidate,,
d5_cv_5v5_multicamera_formal_20260716_yolo_bytetrack:0026:D5_Recon_1:0,6.5,RECON-01,D5_Recon_1:0,D5_Recon_1:0:det:0002,G-102,G-102,0.0028749068125762103,7.440720611606207,True,True,True,registered,registered_to_global_track,True
d5_cv_5v5_multicamera_formal_20260716_yolo_bytetrack:0026:D5_Recon_1:0,6.5,RECON-01,D5_Recon_1:0,D5_Recon_1:0:det:0003,G-102,G-103,5.420050128122195,323.0886004180887,True,False,False,candidate,,
d5_cv_5v5_multicamera_formal_20260716_yolo_bytetrack:0026:D5_Recon_1:0,6.5,RECON-01,D5_Recon_1:0,D5_Recon_1:0:det:0005,G-102,G-105,47.66621594746539,958.1319385496143,False,False,False,rejected,geometry_gate_rejected,
d5_cv_5v5_multicamera_formal_20260716_yolo_bytetrack:0026:D5_Recon_1:0,6.5,RECON-01,D5_Recon_1:0,D5_Recon_1:0:det:0001,G-103,G-101,21.71456106974651,646.6330678030675,False,False,False,rejected,geometry_gate_rejected,
d5_cv_5v5_multicamera_formal_20260716_yolo_bytetrack:0026:D5_Recon_1:0,6.5,RECON-01,D5_Recon_1:0,D5_Recon_1:0:det:0002,G-103,G-102,5.598905948990763,328.3476924704068,True,False,False,candidate,,
d5_cv_5v5_multicamera_formal_20260716_yolo_bytetrack:0026:D5_Recon_1:0,6.5,RECON-01,D5_Recon_1:0,D5_Recon_1:0:det:0003,G-103,G-103,0.00526841954376785,10.07215866487749,True,True,True,registered,registered_to_global_track,True
d5_cv_5v5_multicamera_formal_20260716_yolo_bytetrack:0026:D5_Recon_1:0,6.5,RECON-01,D5_Recon_1:0,D5_Recon_1:0:det:0005,G-103,G-105,20.286698911742594,625.0115948898666,False,False,False,rejected,geometry_gate_rejected,
d5_cv_5v5_multicamera_formal_20260716_yolo_bytetrack:0026:D5_Recon_1:0,6.5,RECON-01,D5_Recon_1:0,D5_Recon_1:0:det:0001,G-104,G-101,47.62215841865834,957.6468358426835,False,False,False,rejected,geometry_gate_rejected,
d5_cv_5v5_multicamera_formal_20260716_yolo_bytetrack:0026:D5_Recon_1:0,6.5,RECON-01,D5_Recon_1:0,D5_Recon_1:0:det:0002,G-104,G-102,21.22754451712967,639.3677432316615,False,False,False,rejected,geometry_gate_rejected,
d5_cv_5v5_multicamera_formal_20260716_yolo_bytetrack:0026:D5_Recon_1:0,6.5,RECON-01,D5_Recon_1:0,D5_Recon_1:0:det:0003,G-104,G-103,5.354150937259487,321.1043201077296,True,False,False,candidate,,
d5_cv_5v5_multicamera_formal_20260716_yolo_bytetrack:0026:D5_Recon_1:0,6.5,RECON-01,D5_Recon_1:0,D5_Recon_1:0:det:0005,G-104,G-105,5.121449842114734,314.0489004430767,True,False,False,candidate,,
d5_cv_5v5_multicamera_formal_20260716_yolo_bytetrack:0026:D5_Recon_1:0,6.5,RECON-01,D5_Recon_1:0,D5_Recon_1:0:det:0001,G-105,G-101,83.09285906125439,1265.2182769963892,False,False,False,rejected,geometry_gate_rejected,
d5_cv_5v5_multicamera_formal_20260716_yolo_bytetrack:0026:D5_Recon_1:0,6.5,RECON-01,D5_Recon_1:0,D5_Recon_1:0:det:0002,G-105,G-102,46.54481437005644,946.9330118105904,False,False,False,rejected,geometry_gate_rejected,
d5_cv_5v5_multicamera_formal_20260716_yolo_bytetrack:0026:D5_Recon_1:0,6.5,RECON-01,D5_Recon_1:0,D5_Recon_1:0:det:0003,G-105,G-103,20.514097945070397,628.6513003436886,False,False,False,rejected,geometry_gate_rejected,
d5_cv_5v5_multicamera_formal_20260716_yolo_bytetrack:0026:D5_Recon_1:0,6.5,RECON-01,D5_Recon_1:0,D5_Recon_1:0:det:0005,G-105,G-105,0.0022281112103013033,6.551606399994911,True,True,True,registered,registered_to_global_track,True
d5_cv_5v5_multicamera_formal_20260716_yolo_bytetrack:0027:D5_Primary_1:0,6.75,INT-01,D5_Primary_1:0,D5_Primary_1:0/yolov8_bytetrack:track:1,G-101,,0.011042616590045295,7.484556165248699,True,True,True,registered,registered_to_global_track,
d5_cv_5v5_multicamera_formal_20260716_yolo_bytetrack:0027:D5_Primary_1:0,6.75,INT-01,D5_Primary_1:0,D5_Primary_1:0/yolov8_bytetrack:track:2,G-101,G-103,83.57104796684129,651.1154840596678,False,False,False,rejected,geometry_gate_rejected,
d5_cv_5v5_multicamera_formal_20260716_yolo_bytetrack:0027:D5_Primary_1:0,6.75,INT-01,D5_Primary_1:0,D5_Primary_1:0/yolov8_bytetrack:track:1,G-102,,21.610867775653542,331.03655609338205,False,False,False,rejected,geometry_gate_rejected,
d5_cv_5v5_multicamera_formal_20260716_yolo_bytetrack:0027:D5_Primary_1:0,6.75,INT-01,D5_Primary_1:0,D5_Primary_1:0/yolov8_bytetrack:track:2,G-102,G-103,20.33764359523207,321.1355462283142,False,False,False,rejected,geometry_gate_rejected,
d5_cv_5v5_multicamera_formal_20260716_yolo_bytetrack:0027:D5_Primary_1:0,6.75,INT-01,D5_Primary_1:0,D5_Primary_1:0/yolov8_bytetrack:track:1,G-103,,84.88047078314845,656.522045382917,False,False,False,rejected,geometry_gate_rejected,
d5_cv_5v5_multicamera_formal_20260716_yolo_bytetrack:0027:D5_Primary_1:0,6.75,INT-01,D5_Primary_1:0,D5_Primary_1:0/yolov8_bytetrack:track:2,G-103,G-103,0.016018182047454775,9.001946956480293,True,True,True,registered,registered_to_global_track,True
d5_cv_5v5_multicamera_formal_20260716_yolo_bytetrack:0027:D5_Primary_1:0,6.75,INT-01,D5_Primary_1:0,D5_Primary_1:0/yolov8_bytetrack:track:1,G-104,,177.08182946305428,949.9376843643993,False,False,False,rejected,geometry_gate_rejected,
d5_cv_5v5_multicamera_formal_20260716_yolo_bytetrack:0027:D5_Primary_1:0,6.75,INT-01,D5_Primary_1:0,D5_Primary_1:0/yolov8_bytetrack:track:2,G-104,G-103,17.455254692028824,298.2436509952952,False,False,False,rejected,geometry_gate_rejected,
d5_cv_5v5_multicamera_formal_20260716_yolo_bytetrack:0027:D5_Primary_1:0,6.75,INT-01,D5_Primary_1:0,D5_Primary_1:0/yolov8_bytetrack:track:1,G-105,,,1216.5715198673986,False,False,False,rejected,projection_invalid,
d5_cv_5v5_multicamera_formal_20260716_yolo_bytetrack:0027:D5_Primary_1:0,6.75,INT-01,D5_Primary_1:0,D5_Primary_1:0/yolov8_bytetrack:track:2,G-105,G-103,,564.881009906526,False,False,False,rejected,projection_invalid,
d5_cv_5v5_multicamera_formal_20260716_yolo_bytetrack:0027:D5_Primary_2:0,6.75,INT-02,D5_Primary_2:0,D5_Primary_2:0/yolov8_bytetrack:track:1,G-101,G-102,24.61072255301097,353.93166107250886,False,False,False,rejected,geometry_gate_rejected,
d5_cv_5v5_multicamera_formal_20260716_yolo_bytetrack:0027:D5_Primary_2:0,6.75,INT-02,D5_Primary_2:0,D5_Primary_2:0/yolov8_bytetrack:track:82,G-101,G-105,324.1220913739617,1284.432961473266,False,False,False,rejected,geometry_gate_rejected,
d5_cv_5v5_multicamera_formal_20260716_yolo_bytetrack:0027:D5_Primary_2:0,6.75,INT-02,D5_Primary_2:0,D5_Primary_2:0/yolov8_bytetrack:track:2,G-101,G-101,0.02142014655906027,10.436287950316684,True,True,True,registered,registered_to_global_track,True
d5_cv_5v5_multicamera_formal_20260716_yolo_bytetrack:0027:D5_Primary_2:0,6.75,INT-02,D5_Primary_2:0,D5_Primary_2:0/yolov8_bytetrack:track:5,G-101,G-103,94.24846949100132,692.6189291093563,False,False,False,rejected,geometry_gate_rejected,
d5_cv_5v5_multicamera_formal_20260716_yolo_bytetrack:0027:D5_Primary_2:0,6.75,INT-02,D5_Primary_2:0,D5_Primary_2:0/yolov8_bytetrack:track:1,G-102,G-102,0.04067790943410679,14.36767623885434,True,True,True,registered,registered_to_global_track,True
d5_cv_5v5_multicamera_formal_20260716_yolo_bytetrack:0027:D5_Primary_2:0,6.75,INT-02,D5_Primary_2:0,D5_Primary_2:0/yolov8_bytetrack:track:82,G-102,G-105,172.75096725416446,936.3043605627145,False,False,False,rejected,geometry_gate_rejected,
d5_cv_5v5_multicamera_formal_20260716_yolo_bytetrack:0027:D5_Primary_2:0,6.75,INT-02,D5_Primary_2:0,D5_Primary_2:0/yolov8_bytetrack:track:2,G-102,G-101,24.864474905741506,355.21921269021533,False,False,False,rejected,geometry_gate_rejected,
d5_cv_5v5_multicamera_formal_20260716_yolo_bytetrack:0027:D5_Primary_2:0,6.75,INT-02,D5_Primary_2:0,D5_Primary_2:0/yolov8_bytetrack:track:5,G-102,G-103,23.4093150370721,344.6681529808147,False,False,False,rejected,geometry_gate_rejected,
d5_cv_5v5_multicamera_formal_20260716_yolo_bytetrack:0027:D5_Primary_2:0,6.75,INT-02,D5_Primary_2:0,D5_Primary_2:0/yolov8_bytetrack:track:1,G-103,G-102,23.861904447045962,347.9320979822416,False,False,False,rejected,geometry_gate_rejected,
d5_cv_5v5_multicamera_formal_20260716_yolo_bytetrack:0027:D5_Primary_2:0,6.75,INT-02,D5_Primary_2:0,D5_Primary_2:0/yolov8_bytetrack:track:82,G-103,G-105,66.94552770729591,582.7769253982484,False,False,False,rejected,geometry_gate_rejected,
d5_cv_5v5_multicamera_formal_20260716_yolo_bytetrack:0027:D5_Primary_2:0,6.75,INT-02,D5_Primary_2:0,D5_Primary_2:0/yolov8_bytetrack:track:2,G-103,G-101,98.95017105126261,708.5168465109545,False,False,False,rejected,geometry_gate_rejected,
d5_cv_5v5_multicamera_formal_20260716_yolo_bytetrack:0027:D5_Primary_2:0,6.75,INT-02,D5_Primary_2:0,D5_Primary_2:0/yolov8_bytetrack:track:5,G-103,G-103,0.03284582275697036,12.903676962717284,True,True,True,registered,registered_to_global_track,True
d5_cv_5v5_multicamera_formal_20260716_yolo_bytetrack:0027:D5_Primary_2:0,6.75,INT-02,D5_Primary_2:0,D5_Primary_2:0/yolov8_bytetrack:track:1,G-104,G-102,87.96236499992621,668.9833021640093,False,False,False,rejected,geometry_gate_rejected,
d5_cv_5v5_multicamera_formal_20260716_yolo_bytetrack:0027:D5_Primary_2:0,6.75,INT-02,D5_Primary_2:0,D5_Primary_2:0/yolov8_bytetrack:track:82,G-104,G-105,13.450259855637576,261.596632281419,True,True,True,registered,registered_to_global_track,False
d5_cv_5v5_multicamera_formal_20260716_yolo_bytetrack:0027:D5_Primary_2:0,6.75,INT-02,D5_Primary_2:0,D5_Primary_2:0/yolov8_bytetrack:track:2,G-104,G-101,208.36214071690185,1029.6182575087107,False,False,False,rejected,geometry_gate_rejected,
d5_cv_5v5_multicamera_formal_20260716_yolo_bytetrack:0027:D5_Primary_2:0,6.75,INT-02,D5_Primary_2:0,D5_Primary_2:0/yolov8_bytetrack:track:5,G-104,G-103,21.438565659019826,330.26660863416737,False,False,False,rejected,geometry_gate_rejected,
d5_cv_5v5_multicamera_formal_20260716_yolo_bytetrack:0027:D5_Primary_2:0,6.75,INT-02,D5_Primary_2:0,D5_Primary_2:0/yolov8_bytetrack:track:1,G-105,G-102,,968.2257371358853,False,False,False,rejected,projection_invalid,
d5_cv_5v5_multicamera_formal_20260716_yolo_bytetrack:0027:D5_Primary_2:0,6.75,INT-02,D5_Primary_2:0,D5_Primary_2:0/yolov8_bytetrack:track:82,G-105,G-105,,37.666700401613674,False,False,False,rejected,projection_invalid,
d5_cv_5v5_multicamera_formal_20260716_yolo_bytetrack:0027:D5_Primary_2:0,6.75,INT-02,D5_Primary_2:0,D5_Primary_2:0/yolov8_bytetrack:track:2,G-105,G-101,,1328.859274315451,False,False,False,rejected,projection_invalid,
d5_cv_5v5_multicamera_formal_20260716_yolo_bytetrack:0027:D5_Primary_2:0,6.75,INT-02,D5_Primary_2:0,D5_Primary_2:0/yolov8_bytetrack:track:5,G-105,G-103,,629.5134298246077,False,False,False,rejected,projection_invalid,
d5_cv_5v5_multicamera_formal_20260716_yolo_bytetrack:0027:D5_Primary_3:0,6.75,INT-03,D5_Primary_3:0,D5_Primary_3:0/yolov8_bytetrack:track:1,G-101,G-103,98.59726889580931,710.3593423589778,False,False,False,rejected,geometry_gate_rejected,
d5_cv_5v5_multicamera_formal_20260716_yolo_bytetrack:0027:D5_Primary_3:0,6.75,INT-03,D5_Primary_3:0,D5_Primary_3:0/yolov8_bytetrack:track:49,G-101,G-105,379.50636348181126,1393.654633223818,False,False,False,rejected,geometry_gate_rejected,
d5_cv_5v5_multicamera_formal_20260716_yolo_bytetrack:0027:D5_Primary_3:0,6.75,INT-03,D5_Primary_3:0,D5_Primary_3:0/yolov8_bytetrack:track:85,G-101,G-102,23.933294095500155,349.98279276585237,False,False,False,rejected,geometry_gate_rejected,
d5_cv_5v5_multicamera_formal_20260716_yolo_bytetrack:0027:D5_Primary_3:0,6.75,INT-03,D5_Primary_3:0,D5_Primary_3:0/yolov8_bytetrack:track:2,G-101,,24.885212171207673,356.8749913672671,False,False,False,rejected,geometry_gate_rejected,
d5_cv_5v5_multicamera_formal_20260716_yolo_bytetrack:0027:D5_Primary_3:0,6.75,INT-03,D5_Primary_3:0,D5_Primary_3:0/yolov8_bytetrack:track:12,G-101,G-104,217.51111172313702,1055.082391990465,False,False,False,rejected,geometry_gate_rejected,
d5_cv_5v5_multicamera_formal_20260716_yolo_bytetrack:0027:D5_Primary_3:0,6.75,INT-03,D5_Primary_3:0,D5_Primary_3:0/yolov8_bytetrack:track:1,G-102,G-103,25.269156429818228,358.5677790578713,False,False,False,rejected,geometry_gate_rejected,
d5_cv_5v5_multicamera_formal_20260716_yolo_bytetrack:0027:D5_Primary_3:0,6.75,INT-03,D5_Primary_3:0,D5_Primary_3:0/yolov8_bytetrack:track:49,G-102,G-105,213.2877691375912,1041.7384000642373,False,False,False,rejected,geometry_gate_rejected,
d5_cv_5v5_multicamera_formal_20260716_yolo_bytetrack:0027:D5_Primary_3:0,6.75,INT-03,D5_Primary_3:0,D5_Primary_3:0/yolov8_bytetrack:track:85,G-102,G-102,0.035837022493571874,13.491481436994494,True,True,False,candidate,stability_window_failed,True
d5_cv_5v5_multicamera_formal_20260716_yolo_bytetrack:0027:D5_Primary_3:0,6.75,INT-03,D5_Primary_3:0,D5_Primary_3:0/yolov8_bytetrack:track:2,G-102,,0.040949181472368104,14.423242679072741,True,False,False,candidate,,
d5_cv_5v5_multicamera_formal_20260716_yolo_bytetrack:0027:D5_Primary_3:0,6.75,INT-03,D5_Primary_3:0,D5_Primary_3:0/yolov8_bytetrack:track:12,G-102,G-104,97.19000758919361,703.2125488287631,False,False,False,rejected,geometry_gate_rejected,
d5_cv_5v5_multicamera_formal_20260716_yolo_bytetrack:0027:D5_Primary_3:0,6.75,INT-03,D5_Primary_3:0,D5_Primary_3:0/yolov8_bytetrack:track:1,G-103,G-103,0.034012642383693725,13.135406429072555,True,True,True,registered,registered_to_global_track,True
d5_cv_5v5_multicamera_formal_20260716_yolo_bytetrack:0027:D5_Primary_3:0,6.75,INT-03,D5_Primary_3:0,D5_Primary_3:0/yolov8_bytetrack:track:49,G-103,G-105,89.39098527425972,673.3951287495192,False,False,False,rejected,geometry_gate_rejected,
d5_cv_5v5_multicamera_formal_20260716_yolo_bytetrack:0027:D5_Primary_3:0,6.75,INT-03,D5_Primary_3:0,D5_Primary_3:0/yolov8_bytetrack:track:85,G-103,G-102,27.061916710759046,370.51210865051445,False,False,False,rejected,geometry_gate_rejected,
d5_cv_5v5_multicamera_formal_20260716_yolo_bytetrack:0027:D5_Primary_3:0,6.75,INT-03,D5_Primary_3:0,D5_Primary_3:0/yolov8_bytetrack:track:2,G-103,,26.06634914256806,363.63295383615826,False,False,False,rejected,geometry_gate_rejected,
d5_cv_5v5_multicamera_formal_20260716_yolo_bytetrack:0027:D5_Primary_3:0,6.75,INT-03,D5_Primary_3:0,D5_Primary_3:0/yolov8_bytetrack:track:12,G-103,G-104,22.11001759190033,334.9019247021773,False,False,False,rejected,geometry_gate_rejected,
d5_cv_5v5_multicamera_formal_20260716_yolo_bytetrack:0027:D5_Primary_3:0,6.75,INT-03,D5_Primary_3:0,D5_Primary_3:0/yolov8_bytetrack:track:1,G-104,G-103,23.848279771753173,347.9979319175293,False,False,False,rejected,geometry_gate_rejected,
d5_cv_5v5_multicamera_formal_20260716_yolo_bytetrack:0027:D5_Primary_3:0,6.75,INT-03,D5_Primary_3:0,D5_Primary_3:0/yolov8_bytetrack:track:49,G-104,G-105,22.142521231809486,335.3216640047003,False,False,False,rejected,geometry_gate_rejected,
d5_cv_5v5_multicamera_formal_20260716_yolo_bytetrack:0027:D5_Primary_3:0,6.75,INT-03,D5_Primary_3:0,D5_Primary_3:0/yolov8_bytetrack:track:85,G-104,G-102,98.82871424958721,708.4181932322012,False,False,False,rejected,geometry_gate_rejected,
d5_cv_5v5_multicamera_formal_20260716_yolo_bytetrack:0027:D5_Primary_3:0,6.75,INT-03,D5_Primary_3:0,D5_Primary_3:0/yolov8_bytetrack:track:2,G-104,,96.91644526902449,701.531008298132,False,False,False,rejected,geometry_gate_rejected,
d5_cv_5v5_multicamera_formal_20260716_yolo_bytetrack:0027:D5_Primary_3:0,6.75,INT-03,D5_Primary_3:0,D5_Primary_3:0/yolov8_bytetrack:track:12,G-104,G-104,0.004446840283301985,4.749970819982611,True,True,True,registered,registered_to_global_track,True
d5_cv_5v5_multicamera_formal_20260716_yolo_bytetrack:0027:D5_Primary_3:0,6.75,INT-03,D5_Primary_3:0,D5_Primary_3:0/yolov8_bytetrack:track:1,G-105,G-103,88.52768580627408,671.5421004130693,False,False,False,rejected,geometry_gate_rejected,
d5_cv_5v5_multicamera_formal_20260716_yolo_bytetrack:0027:D5_Primary_3:0,6.75,INT-03,D5_Primary_3:0,D5_Primary_3:0/yolov8_bytetrack:track:49,G-105,G-105,0.034206022430805505,13.192290783653895,True,True,True,registered,registered_to_global_track,True
d5_cv_5v5_multicamera_formal_20260716_yolo_bytetrack:0027:D5_Primary_3:0,6.75,INT-03,D5_Primary_3:0,D5_Primary_3:0/yolov8_bytetrack:track:85,G-105,G-102,209.05375533015356,1031.9595419523177,False,False,False,rejected,geometry_gate_rejected,
d5_cv_5v5_multicamera_formal_20260716_yolo_bytetrack:0027:D5_Primary_3:0,6.75,INT-03,D5_Primary_3:0,D5_Primary_3:0/yolov8_bytetrack:track:2,G-105,,206.27291194085444,1025.072978604648,False,False,False,rejected,geometry_gate_rejected,
d5_cv_5v5_multicamera_formal_20260716_yolo_bytetrack:0027:D5_Primary_3:0,6.75,INT-03,D5_Primary_3:0,D5_Primary_3:0/yolov8_bytetrack:track:12,G-105,G-104,20.974419645686012,326.8725438380536,False,False,False,rejected,geometry_gate_rejected,
d5_cv_5v5_multicamera_formal_20260716_yolo_bytetrack:0027:D5_Primary_4:0,6.75,INT-04,D5_Primary_4:0,D5_Primary_4:0/yolov8_bytetrack:track:1,G-101,G-104,,1046.1926723053539,False,False,False,rejected,projection_invalid,
d5_cv_5v5_multicamera_formal_20260716_yolo_bytetrack:0027:D5_Primary_4:0,6.75,INT-04,D5_Primary_4:0,D5_Primary_4:0/yolov8_bytetrack:track:7,G-101,G-105,,1396.2469467172186,False,False,False,rejected,projection_invalid,
d5_cv_5v5_multicamera_formal_20260716_yolo_bytetrack:0027:D5_Primary_4:0,6.75,INT-04,D5_Primary_4:0,D5_Primary_4:0/yolov8_bytetrack:track:1,G-102,G-104,97.30422051864278,705.1688266172002,False,False,False,rejected,geometry_gate_rejected,
d5_cv_5v5_multicamera_formal_20260716_yolo_bytetrack:0027:D5_Primary_4:0,6.75,INT-04,D5_Primary_4:0,D5_Primary_4:0/yolov8_bytetrack:track:7,G-102,G-105,217.8759317194618,1055.1929110061467,False,False,False,rejected,geometry_gate_rejected,
d5_cv_5v5_multicamera_formal_20260716_yolo_bytetrack:0027:D5_Primary_4:0,6.75,INT-04,D5_Primary_4:0,D5_Primary_4:0/yolov8_bytetrack:track:1,G-103,G-104,22.377407701298495,337.20056481814277,False,False,False,rejected,geometry_gate_rejected,
d5_cv_5v5_multicamera_formal_20260716_yolo_bytetrack:0027:D5_Primary_4:0,6.75,INT-04,D5_Primary_4:0,D5_Primary_4:0/yolov8_bytetrack:track:7,G-103,G-105,92.93917759524275,687.1994101457392,False,False,False,rejected,geometry_gate_rejected,
d5_cv_5v5_multicamera_formal_20260716_yolo_bytetrack:0027:D5_Primary_4:0,6.75,INT-04,D5_Primary_4:0,D5_Primary_4:0/yolov8_bytetrack:track:1,G-104,G-104,0.005206016347366965,5.13951593866885,True,True,True,registered,registered_to_global_track,True
d5_cv_5v5_multicamera_formal_20260716_yolo_bytetrack:0027:D5_Primary_4:0,6.75,INT-04,D5_Primary_4:0,D5_Primary_4:0/yolov8_bytetrack:track:7,G-104,G-105,23.560471681450466,345.7494012428109,False,False,False,rejected,geometry_gate_rejected,
d5_cv_5v5_multicamera_formal_20260716_yolo_bytetrack:0027:D5_Primary_4:0,6.75,INT-04,D5_Primary_4:0,D5_Primary_4:0/yolov8_bytetrack:track:1,G-105,G-104,22.805116788723293,340.35253267361884,False,False,False,rejected,geometry_gate_rejected,
d5_cv_5v5_multicamera_formal_20260716_yolo_bytetrack:0027:D5_Primary_4:0,6.75,INT-04,D5_Primary_4:0,D5_Primary_4:0/yolov8_bytetrack:track:7,G-105,G-105,0.02849511450203458,12.027620918248873,True,True,True,registered,registered_to_global_track,True
d5_cv_5v5_multicamera_formal_20260716_yolo_bytetrack:0027:D5_Primary_5:0,6.75,INT-05,D5_Primary_5:0,D5_Primary_5:0/yolov8_bytetrack:track:1,G-101,G-105,,1344.1175637994338,False,False,False,rejected,projection_invalid,
d5_cv_5v5_multicamera_formal_20260716_yolo_bytetrack:0027:D5_Primary_5:0,6.75,INT-05,D5_Primary_5:0,D5_Primary_5:0/yolov8_bytetrack:track:1,G-102,G-105,,1025.9969157203464,False,False,False,rejected,projection_invalid,
d5_cv_5v5_multicamera_formal_20260716_yolo_bytetrack:0027:D5_Primary_5:0,6.75,INT-05,D5_Primary_5:0,D5_Primary_5:0/yolov8_bytetrack:track:1,G-103,G-105,88.75148996593126,672.6033239170266,False,False,False,rejected,geometry_gate_rejected,
d5_cv_5v5_multicamera_formal_20260716_yolo_bytetrack:0027:D5_Primary_5:0,6.75,INT-05,D5_Primary_5:0,D5_Primary_5:0/yolov8_bytetrack:track:1,G-104,G-105,22.94705837722524,341.3878457409716,False,False,False,rejected,geometry_gate_rejected,
d5_cv_5v5_multicamera_formal_20260716_yolo_bytetrack:0027:D5_Primary_5:0,6.75,INT-05,D5_Primary_5:0,D5_Primary_5:0/yolov8_bytetrack:track:1,G-105,G-105,0.01612588156981986,9.043854425179376,True,True,True,registered,registered_to_global_track,True
d5_cv_5v5_multicamera_formal_20260716_yolo_bytetrack:0027:D5_Recon_1:0,6.75,RECON-01,D5_Recon_1:0,D5_Recon_1:0:det:0001,G-101,G-101,9.149698930675787e-05,1.3276876166251446,True,True,True,registered,registered_to_global_track,True
d5_cv_5v5_multicamera_formal_20260716_yolo_bytetrack:0027:D5_Recon_1:0,6.75,RECON-01,D5_Recon_1:0,D5_Recon_1:0:det:0002,G-101,G-102,5.112153203695259,313.83136441290605,True,False,False,candidate,,
d5_cv_5v5_multicamera_formal_20260716_yolo_bytetrack:0027:D5_Recon_1:0,6.75,RECON-01,D5_Recon_1:0,D5_Recon_1:0:det:0003,G-101,G-103,20.53279579127489,628.9533847832298,False,False,False,rejected,geometry_gate_rejected,
d5_cv_5v5_multicamera_formal_20260716_yolo_bytetrack:0027:D5_Recon_1:0,6.75,RECON-01,D5_Recon_1:0,D5_Recon_1:0:det:0004,G-101,G-104,46.22299771163853,943.677213434238,False,False,False,rejected,geometry_gate_rejected,
d5_cv_5v5_multicamera_formal_20260716_yolo_bytetrack:0027:D5_Recon_1:0,6.75,RECON-01,D5_Recon_1:0,D5_Recon_1:0:det:0005,G-101,G-105,82.09530477425896,1257.6319859989987,False,False,False,rejected,geometry_gate_rejected,
d5_cv_5v5_multicamera_formal_20260716_yolo_bytetrack:0027:D5_Recon_1:0,6.75,RECON-01,D5_Recon_1:0,D5_Recon_1:0:det:0001,G-102,G-101,5.004264886045395,310.4477765490534,True,False,False,candidate,,
d5_cv_5v5_multicamera_formal_20260716_yolo_bytetrack:0027:D5_Recon_1:0,6.75,RECON-01,D5_Recon_1:0,D5_Recon_1:0:det:0002,G-102,G-102,0.002841938245494859,7.397915172962381,True,True,True,registered,registered_to_global_track,True
d5_cv_5v5_multicamera_formal_20260716_yolo_bytetrack:0027:D5_Recon_1:0,6.75,RECON-01,D5_Recon_1:0,D5_Recon_1:0:det:0003,G-102,G-103,5.314413878555519,319.92349352671647,True,False,False,candidate,,
d5_cv_5v5_multicamera_formal_20260716_yolo_bytetrack:0027:D5_Recon_1:0,6.75,RECON-01,D5_Recon_1:0,D5_Recon_1:0:det:0004,G-102,G-104,20.911920155908277,634.6224047859187,False,False,False,rejected,geometry_gate_rejected,
d5_cv_5v5_multicamera_formal_20260716_yolo_bytetrack:0027:D5_Recon_1:0,6.75,RECON-01,D5_Recon_1:0,D5_Recon_1:0:det:0005,G-102,G-105,46.719791404251886,948.568918470965,False,False,False,rejected,geometry_gate_rejected,
d5_cv_5v5_multicamera_formal_20260716_yolo_bytetrack:0027:D5_Recon_1:0,6.75,RECON-01,D5_Recon_1:0,D5_Recon_1:0:det:0001,G-103,G-101,21.293678301029086,640.334042932862,False,False,False,rejected,geometry_gate_rejected,
d5_cv_5v5_multicamera_formal_20260716_yolo_bytetrack:0027:D5_Recon_1:0,6.75,RECON-01,D5_Recon_1:0,D5_Recon_1:0:det:0002,G-103,G-102,5.491649096631654,325.18659654544757,True,False,False,candidate,,
d5_cv_5v5_multicamera_formal_20260716_yolo_bytetrack:0027:D5_Recon_1:0,6.75,RECON-01,D5_Recon_1:0,D5_Recon_1:0:det:0003,G-103,G-103,0.005267521024030586,10.071273406046329,True,True,True,registered,registered_to_global_track,True
d5_cv_5v5_multicamera_formal_20260716_yolo_bytetrack:0027:D5_Recon_1:0,6.75,RECON-01,D5_Recon_1:0,D5_Recon_1:0:det:0004,G-103,G-104,4.820228064980358,304.6597214127285,True,False,False,candidate,,
d5_cv_5v5_multicamera_formal_20260716_yolo_bytetrack:0027:D5_Recon_1:0,6.75,RECON-01,D5_Recon_1:0,D5_Recon_1:0:det:0005,G-103,G-105,19.873644458155532,618.6143713585778,False,False,False,rejected,geometry_gate_rejected,
d5_cv_5v5_multicamera_formal_20260716_yolo_bytetrack:0027:D5_Recon_1:0,6.75,RECON-01,D5_Recon_1:0,D5_Recon_1:0:det:0001,G-104,G-101,46.68255696702857,948.1483866601799,False,False,False,rejected,geometry_gate_rejected,
d5_cv_5v5_multicamera_formal_20260716_yolo_bytetrack:0027:D5_Recon_1:0,6.75,RECON-01,D5_Recon_1:0,D5_Recon_1:0:det:0002,G-104,G-102,20.80747752374959,633.0072890618416,False,False,False,rejected,geometry_gate_rejected,
d5_cv_5v5_multicamera_formal_20260716_yolo_bytetrack:0027:D5_Recon_1:0,6.75,RECON-01,D5_Recon_1:0,D5_Recon_1:0:det:0003,G-104,G-103,5.2480072463349385,317.904158303711,True,False,False,candidate,,
d5_cv_5v5_multicamera_formal_20260716_yolo_bytetrack:0027:D5_Recon_1:0,6.75,RECON-01,D5_Recon_1:0,D5_Recon_1:0:det:0004,G-104,G-104,0.0017669273121527229,5.832956825277917,True,True,True,registered,registered_to_global_track,True
d5_cv_5v5_multicamera_formal_20260716_yolo_bytetrack:0027:D5_Recon_1:0,6.75,RECON-01,D5_Recon_1:0,D5_Recon_1:0:det:0005,G-104,G-105,5.017741577364975,310.85160402432643,True,False,False,candidate,,
d5_cv_5v5_multicamera_formal_20260716_yolo_bytetrack:0027:D5_Recon_1:0,6.75,RECON-01,D5_Recon_1:0,D5_Recon_1:0:det:0001,G-105,G-101,81.43418547590706,1252.515806429699,False,False,False,rejected,geometry_gate_rejected,
d5_cv_5v5_multicamera_formal_20260716_yolo_bytetrack:0027:D5_Recon_1:0,6.75,RECON-01,D5_Recon_1:0,D5_Recon_1:0:det:0002,G-105,G-102,45.61009938702665,937.3684808170764,False,False,False,rejected,geometry_gate_rejected,
d5_cv_5v5_multicamera_formal_20260716_yolo_bytetrack:0027:D5_Recon_1:0,6.75,RECON-01,D5_Recon_1:0,D5_Recon_1:0:det:0003,G-105,G-103,20.09860112558619,622.2469156689658,False,False,False,rejected,geometry_gate_rejected,
d5_cv_5v5_multicamera_formal_20260716_yolo_bytetrack:0027:D5_Recon_1:0,6.75,RECON-01,D5_Recon_1:0,D5_Recon_1:0:det:0004,G-105,G-104,4.9090769324771815,307.52452433588326,True,False,False,candidate,,
d5_cv_5v5_multicamera_formal_20260716_yolo_bytetrack:0027:D5_Recon_1:0,6.75,RECON-01,D5_Recon_1:0,D5_Recon_1:0:det:0005,G-105,G-105,0.0022366538601680344,6.564095326829478,True,True,True,registered,registered_to_global_track,True
d5_cv_5v5_multicamera_formal_20260716_yolo_bytetrack:0028:D5_Primary_1:0,7.0,INT-01,D5_Primary_1:0,D5_Primary_1:0/yolov8_bytetrack:track:1,G-101,G-101,0.011128293679388113,7.513528244787568,True,True,True,registered,registered_to_global_track,True
d5_cv_5v5_multicamera_formal_20260716_yolo_bytetrack:0028:D5_Primary_1:0,7.0,INT-01,D5_Primary_1:0,D5_Primary_1:0/yolov8_bytetrack:track:15,G-101,G-102,21.729762241994408,332.01458847610206,False,False,False,rejected,geometry_gate_rejected,
d5_cv_5v5_multicamera_formal_20260716_yolo_bytetrack:0028:D5_Primary_1:0,7.0,INT-01,D5_Primary_1:0,D5_Primary_1:0/yolov8_bytetrack:track:1,G-102,G-101,21.09225102075485,327.02471224174843,False,False,False,rejected,geometry_gate_rejected,
d5_cv_5v5_multicamera_formal_20260716_yolo_bytetrack:0028:D5_Primary_1:0,7.0,INT-01,D5_Primary_1:0,D5_Primary_1:0/yolov8_bytetrack:track:15,G-102,G-102,0.0409729761281685,14.404321409328707,True,True,True,registered,registered_to_global_track,True
d5_cv_5v5_multicamera_formal_20260716_yolo_bytetrack:0028:D5_Primary_1:0,7.0,INT-01,D5_Primary_1:0,D5_Primary_1:0/yolov8_bytetrack:track:1,G-103,G-101,82.80128917715675,648.3496913618312,False,False,False,rejected,geometry_gate_rejected,
d5_cv_5v5_multicamera_formal_20260716_yolo_bytetrack:0028:D5_Primary_1:0,7.0,INT-01,D5_Primary_1:0,D5_Primary_1:0/yolov8_bytetrack:track:15,G-103,G-102,19.67808913016002,316.06903899198835,False,False,False,rejected,geometry_gate_rejected,
d5_cv_5v5_multicamera_formal_20260716_yolo_bytetrack:0028:D5_Primary_1:0,7.0,INT-01,D5_Primary_1:0,D5_Primary_1:0/yolov8_bytetrack:track:1,G-104,G-101,172.52418535123832,937.4165068670957,False,False,False,rejected,geometry_gate_rejected,
d5_cv_5v5_multicamera_formal_20260716_yolo_bytetrack:0028:D5_Primary_1:0,7.0,INT-01,D5_Primary_1:0,D5_Primary_1:0/yolov8_bytetrack:track:15,G-104,G-102,71.87796014955335,605.0697881175946,False,False,False,rejected,geometry_gate_rejected,
d5_cv_5v5_multicamera_formal_20260716_yolo_bytetrack:0028:D5_Primary_1:0,7.0,INT-01,D5_Primary_1:0,D5_Primary_1:0/yolov8_bytetrack:track:1,G-105,G-101,,1199.639540018523,False,False,False,rejected,projection_invalid,
d5_cv_5v5_multicamera_formal_20260716_yolo_bytetrack:0028:D5_Primary_1:0,7.0,INT-01,D5_Primary_1:0,D5_Primary_1:0/yolov8_bytetrack:track:15,G-105,G-102,,867.2958014975069,False,False,False,rejected,projection_invalid,
d5_cv_5v5_multicamera_formal_20260716_yolo_bytetrack:0028:D5_Primary_2:0,7.0,INT-02,D5_Primary_2:0,D5_Primary_2:0/yolov8_bytetrack:track:1,G-101,G-102,24.1255824430799,350.42921766223225,False,False,False,rejected,geometry_gate_rejected,
d5_cv_5v5_multicamera_formal_20260716_yolo_bytetrack:0028:D5_Primary_2:0,7.0,INT-02,D5_Primary_2:0,D5_Primary_2:0/yolov8_bytetrack:track:2,G-101,G-101,0.012169411521522108,7.864339561392251,True,True,True,registered,registered_to_global_track,True
d5_cv_5v5_multicamera_formal_20260716_yolo_bytetrack:0028:D5_Primary_2:0,7.0,INT-02,D5_Primary_2:0,D5_Primary_2:0/yolov8_bytetrack:track:38,G-101,,0.018186757409154704,9.614273960452408,True,False,False,candidate,,
d5_cv_5v5_multicamera_formal_20260716_yolo_bytetrack:0028:D5_Primary_2:0,7.0,INT-02,D5_Primary_2:0,D5_Primary_2:0/yolov8_bytetrack:track:1,G-102,G-102,0.04137980482851826,14.4911029275797,True,True,True,registered,registered_to_global_track,True
d5_cv_5v5_multicamera_formal_20260716_yolo_bytetrack:0028:D5_Primary_2:0,7.0,INT-02,D5_Primary_2:0,D5_Primary_2:0/yolov8_bytetrack:track:2,G-102,G-101,23.171404868945267,342.9122330565255,False,False,False,rejected,geometry_gate_rejected,
d5_cv_5v5_multicamera_formal_20260716_yolo_bytetrack:0028:D5_Primary_2:0,7.0,INT-02,D5_Primary_2:0,D5_Primary_2:0/yolov8_bytetrack:track:38,G-102,,23.944576733779343,348.586350763304,False,False,False,rejected,geometry_gate_rejected,
d5_cv_5v5_multicamera_formal_20260716_yolo_bytetrack:0028:D5_Primary_2:0,7.0,INT-02,D5_Primary_2:0,D5_Primary_2:0/yolov8_bytetrack:track:1,G-103,G-102,23.379193992630654,344.38093900115854,False,False,False,rejected,geometry_gate_rejected,
d5_cv_5v5_multicamera_formal_20260716_yolo_bytetrack:0028:D5_Primary_2:0,7.0,INT-02,D5_Primary_2:0,D5_Primary_2:0/yolov8_bytetrack:track:2,G-103,G-101,94.53968802073734,692.5184990238155,False,False,False,rejected,geometry_gate_rejected,
d5_cv_5v5_multicamera_formal_20260716_yolo_bytetrack:0028:D5_Primary_2:0,7.0,INT-02,D5_Primary_2:0,D5_Primary_2:0/yolov8_bytetrack:track:38,G-103,,96.08606024092613,698.1592612346165,False,False,False,rejected,geometry_gate_rejected,
d5_cv_5v5_multicamera_formal_20260716_yolo_bytetrack:0028:D5_Primary_2:0,7.0,INT-02,D5_Primary_2:0,D5_Primary_2:0/yolov8_bytetrack:track:1,G-104,G-102,86.02361678882146,661.4949850356481,False,False,False,rejected,geometry_gate_rejected,
d5_cv_5v5_multicamera_formal_20260716_yolo_bytetrack:0028:D5_Primary_2:0,7.0,INT-02,D5_Primary_2:0,D5_Primary_2:0/yolov8_bytetrack:track:2,G-104,G-101,200.4202031045307,1009.6909339689093,False,False,False,rejected,geometry_gate_rejected,
d5_cv_5v5_multicamera_formal_20260716_yolo_bytetrack:0028:D5_Primary_2:0,7.0,INT-02,D5_Primary_2:0,D5_Primary_2:0/yolov8_bytetrack:track:38,G-104,,202.65974724748162,1015.3165249715393,False,False,False,rejected,geometry_gate_rejected,
d5_cv_5v5_multicamera_formal_20260716_yolo_bytetrack:0028:D5_Primary_2:0,7.0,INT-02,D5_Primary_2:0,D5_Primary_2:0/yolov8_bytetrack:track:1,G-105,G-102,,956.6602135727576,False,False,False,rejected,projection_invalid,
d5_cv_5v5_multicamera_formal_20260716_yolo_bytetrack:0028:D5_Primary_2:0,7.0,INT-02,D5_Primary_2:0,D5_Primary_2:0/yolov8_bytetrack:track:2,G-105,G-101,,1304.8537047579737,False,False,False,rejected,projection_invalid,
d5_cv_5v5_multicamera_formal_20260716_yolo_bytetrack:0028:D5_Primary_2:0,7.0,INT-02,D5_Primary_2:0,D5_Primary_2:0/yolov8_bytetrack:track:38,G-105,,,1310.4815728092326,False,False,False,rejected,projection_invalid,
d5_cv_5v5_multicamera_formal_20260716_yolo_bytetrack:0028:D5_Primary_3:0,7.0,INT-03,D5_Primary_3:0,D5_Primary_3:0/yolov8_bytetrack:track:1,G-101,G-103,96.7722228654442,703.7355806403443,False,False,False,rejected,geometry_gate_rejected,
d5_cv_5v5_multicamera_formal_20260716_yolo_bytetrack:0028:D5_Primary_3:0,7.0,INT-03,D5_Primary_3:0,D5_Primary_3:0/yolov8_bytetrack:track:49,G-101,G-105,365.8362843312722,1368.2880024632352,False,False,False,rejected,geometry_gate_rejected,
d5_cv_5v5_multicamera_formal_20260716_yolo_bytetrack:0028:D5_Primary_3:0,7.0,INT-03,D5_Primary_3:0,D5_Primary_3:0/yolov8_bytetrack:track:85,G-101,G-102,25.617684662485164,362.07950468403396,False,False,False,rejected,geometry_gate_rejected,
d5_cv_5v5_multicamera_formal_20260716_yolo_bytetrack:0028:D5_Primary_3:0,7.0,INT-03,D5_Primary_3:0,D5_Primary_3:0/yolov8_bytetrack:track:2,G-101,,24.592480154895405,354.76031479157484,False,False,False,rejected,geometry_gate_rejected,
d5_cv_5v5_multicamera_formal_20260716_yolo_bytetrack:0028:D5_Primary_3:0,7.0,INT-03,D5_Primary_3:0,D5_Primary_3:0/yolov8_bytetrack:track:1,G-102,G-103,24.778938604453717,355.0725395069893,False,False,False,rejected,geometry_gate_rejected,
d5_cv_5v5_multicamera_formal_20260716_yolo_bytetrack:0028:D5_Primary_3:0,7.0,INT-03,D5_Primary_3:0,D5_Primary_3:0/yolov8_bytetrack:track:49,G-102,G-105,204.27026883924145,1019.4786361095133,False,False,False,rejected,geometry_gate_rejected,
d5_cv_5v5_multicamera_formal_20260716_yolo_bytetrack:0028:D5_Primary_3:0,7.0,INT-03,D5_Primary_3:0,D5_Primary_3:0/yolov8_bytetrack:track:85,G-102,G-102,0.06713862913465385,18.47511450225675,True,False,False,candidate,,
d5_cv_5v5_multicamera_formal_20260716_yolo_bytetrack:0028:D5_Primary_3:0,7.0,INT-03,D5_Primary_3:0,D5_Primary_3:0/yolov8_bytetrack:track:2,G-102,,0.04637564575750703,15.349842805862872,True,True,True,registered,registered_to_global_track,
d5_cv_5v5_multicamera_formal_20260716_yolo_bytetrack:0028:D5_Primary_3:0,7.0,INT-03,D5_Primary_3:0,D5_Primary_3:0/yolov8_bytetrack:track:1,G-103,G-103,0.03699720975146705,13.699595755059626,True,True,True,registered,registered_to_global_track,True
d5_cv_5v5_multicamera_formal_20260716_yolo_bytetrack:0028:D5_Primary_3:0,7.0,INT-03,D5_Primary_3:0,D5_Primary_3:0/yolov8_bytetrack:track:49,G-103,G-105,84.44196144328072,654.488790228082,False,False,False,rejected,geometry_gate_rejected,
d5_cv_5v5_multicamera_formal_20260716_yolo_bytetrack:0028:D5_Primary_3:0,7.0,INT-03,D5_Primary_3:0,D5_Primary_3:0/yolov8_bytetrack:track:85,G-103,G-102,24.417051499403836,351.9408562666673,False,False,False,rejected,geometry_gate_rejected,
d5_cv_5v5_multicamera_formal_20260716_yolo_bytetrack:0028:D5_Primary_3:0,7.0,INT-03,D5_Primary_3:0,D5_Primary_3:0/yolov8_bytetrack:track:2,G-103,,25.451295757902237,359.31721682859535,False,False,False,rejected,geometry_gate_rejected,
d5_cv_5v5_multicamera_formal_20260716_yolo_bytetrack:0028:D5_Primary_3:0,7.0,INT-03,D5_Primary_3:0,D5_Primary_3:0/yolov8_bytetrack:track:1,G-104,G-103,23.38797943582228,344.6122049070371,False,False,False,rejected,geometry_gate_rejected,
d5_cv_5v5_multicamera_formal_20260716_yolo_bytetrack:0028:D5_Primary_3:0,7.0,INT-03,D5_Primary_3:0,D5_Primary_3:0/yolov8_bytetrack:track:49,G-104,G-105,20.163304829942227,319.97431570245124,False,False,False,rejected,geometry_gate_rejected,
d5_cv_5v5_multicamera_formal_20260716_yolo_bytetrack:0028:D5_Primary_3:0,7.0,INT-03,D5_Primary_3:0,D5_Primary_3:0/yolov8_bytetrack:track:85,G-104,G-102,92.7573463730668,686.2912503748555,False,False,False,rejected,geometry_gate_rejected,
d5_cv_5v5_multicamera_formal_20260716_yolo_bytetrack:0028:D5_Primary_3:0,7.0,INT-03,D5_Primary_3:0,D5_Primary_3:0/yolov8_bytetrack:track:2,G-104,,94.75504239491838,693.642140899797,False,False,False,rejected,geometry_gate_rejected,
d5_cv_5v5_multicamera_formal_20260716_yolo_bytetrack:0028:D5_Primary_3:0,7.0,INT-03,D5_Primary_3:0,D5_Primary_3:0/yolov8_bytetrack:track:1,G-105,G-103,86.68367854690331,664.4479840244194,False,False,False,rejected,geometry_gate_rejected,
d5_cv_5v5_multicamera_formal_20260716_yolo_bytetrack:0028:D5_Primary_3:0,7.0,INT-03,D5_Primary_3:0,D5_Primary_3:0/yolov8_bytetrack:track:49,G-105,G-105,0.005977035928533131,5.50170342971481,True,True,True,registered,registered_to_global_track,True
d5_cv_5v5_multicamera_formal_20260716_yolo_bytetrack:0028:D5_Primary_3:0,7.0,INT-03,D5_Primary_3:0,D5_Primary_3:0/yolov8_bytetrack:track:85,G-105,G-102,198.75440718193244,1006.1221324504858,False,False,False,rejected,geometry_gate_rejected,
d5_cv_5v5_multicamera_formal_20260716_yolo_bytetrack:0028:D5_Primary_3:0,7.0,INT-03,D5_Primary_3:0,D5_Primary_3:0/yolov8_bytetrack:track:2,G-105,,201.67024960835084,1013.4754681221219,False,False,False,rejected,geometry_gate_rejected,
d5_cv_5v5_multicamera_formal_20260716_yolo_bytetrack:0028:D5_Primary_4:0,7.0,INT-04,D5_Primary_4:0,D5_Primary_4:0/yolov8_bytetrack:track:1,G-101,G-104,,1036.411736188203,False,False,False,rejected,projection_invalid,
d5_cv_5v5_multicamera_formal_20260716_yolo_bytetrack:0028:D5_Primary_4:0,7.0,INT-04,D5_Primary_4:0,D5_Primary_4:0/yolov8_bytetrack:track:7,G-101,G-105,,1383.9090435374596,False,False,False,rejected,projection_invalid,
d5_cv_5v5_multicamera_formal_20260716_yolo_bytetrack:0028:D5_Primary_4:0,7.0,INT-04,D5_Primary_4:0,D5_Primary_4:0/yolov8_bytetrack:track:2,G-101,G-103,,705.2229300932909,False,False,False,rejected,projection_invalid,
d5_cv_5v5_multicamera_formal_20260716_yolo_bytetrack:0028:D5_Primary_4:0,7.0,INT-04,D5_Primary_4:0,D5_Primary_4:0/yolov8_bytetrack:track:1,G-102,G-104,95.47033478993546,698.4601085947035,False,False,False,rejected,geometry_gate_rejected,
d5_cv_5v5_multicamera_formal_20260716_yolo_bytetrack:0028:D5_Primary_4:0,7.0,INT-04,D5_Primary_4:0,D5_Primary_4:0/yolov8_bytetrack:track:7,G-102,G-105,214.08419482676297,1045.9228326528898,False,False,False,rejected,geometry_gate_rejected,
d5_cv_5v5_multicamera_formal_20260716_yolo_bytetrack:0028:D5_Primary_4:0,7.0,INT-04,D5_Primary_4:0,D5_Primary_4:0/yolov8_bytetrack:track:2,G-102,G-103,26.409008142914683,367.3525644482494,False,False,False,rejected,geometry_gate_rejected,
d5_cv_5v5_multicamera_formal_20260716_yolo_bytetrack:0028:D5_Primary_4:0,7.0,INT-04,D5_Primary_4:0,D5_Primary_4:0/yolov8_bytetrack:track:1,G-103,G-104,21.918233639801795,333.7207849287227,False,False,False,rejected,geometry_gate_rejected,
d5_cv_5v5_multicamera_formal_20260716_yolo_bytetrack:0028:D5_Primary_4:0,7.0,INT-04,D5_Primary_4:0,D5_Primary_4:0/yolov8_bytetrack:track:7,G-103,G-105,91.31348200396714,681.1580279600661,False,False,False,rejected,geometry_gate_rejected,
d5_cv_5v5_multicamera_formal_20260716_yolo_bytetrack:0028:D5_Primary_4:0,7.0,INT-04,D5_Primary_4:0,D5_Primary_4:0/yolov8_bytetrack:track:2,G-103,G-103,0.015610556759774656,8.899867956057491,True,True,True,registered,registered_to_global_track,True
d5_cv_5v5_multicamera_formal_20260716_yolo_bytetrack:0028:D5_Primary_4:0,7.0,INT-04,D5_Primary_4:0,D5_Primary_4:0/yolov8_bytetrack:track:1,G-104,G-104,0.005324275755453024,5.197568908812073,True,True,True,registered,registered_to_global_track,True
d5_cv_5v5_multicamera_formal_20260716_yolo_bytetrack:0028:D5_Primary_4:0,7.0,INT-04,D5_Primary_4:0,D5_Primary_4:0/yolov8_bytetrack:track:7,G-104,G-105,23.193915650626366,343.0496770294312,False,False,False,rejected,geometry_gate_rejected,
d5_cv_5v5_multicamera_formal_20260716_yolo_bytetrack:0028:D5_Primary_4:0,7.0,INT-04,D5_Primary_4:0,D5_Primary_4:0/yolov8_bytetrack:track:2,G-104,G-103,22.205637568263956,335.66155468801657,False,False,False,rejected,geometry_gate_rejected,
d5_cv_5v5_multicamera_formal_20260716_yolo_bytetrack:0028:D5_Primary_4:0,7.0,INT-04,D5_Primary_4:0,D5_Primary_4:0/yolov8_bytetrack:track:1,G-105,G-104,22.365779635245406,337.05089921827204,False,False,False,rejected,geometry_gate_rejected,
d5_cv_5v5_multicamera_formal_20260716_yolo_bytetrack:0028:D5_Primary_4:0,7.0,INT-04,D5_Primary_4:0,D5_Primary_4:0/yolov8_bytetrack:track:7,G-105,G-105,0.029626550927155507,12.264581234544405,True,True,True,registered,registered_to_global_track,True
d5_cv_5v5_multicamera_formal_20260716_yolo_bytetrack:0028:D5_Primary_4:0,7.0,INT-04,D5_Primary_4:0,D5_Primary_4:0/yolov8_bytetrack:track:2,G-105,G-103,87.90562124514949,668.2081452436715,False,False,False,rejected,geometry_gate_rejected,
d5_cv_5v5_multicamera_formal_20260716_yolo_bytetrack:0028:D5_Primary_5:0,7.0,INT-05,D5_Primary_5:0,D5_Primary_5:0/yolov8_bytetrack:track:1,G-101,G-105,,1335.6932305720338,False,False,False,rejected,projection_invalid,
d5_cv_5v5_multicamera_formal_20260716_yolo_bytetrack:0028:D5_Primary_5:0,7.0,INT-05,D5_Primary_5:0,D5_Primary_5:0/yolov8_bytetrack:track:1,G-102,G-105,,1020.7793551625799,False,False,False,rejected,projection_invalid,
d5_cv_5v5_multicamera_formal_20260716_yolo_bytetrack:0028:D5_Primary_5:0,7.0,INT-05,D5_Primary_5:0,D5_Primary_5:0/yolov8_bytetrack:track:1,G-103,G-105,88.26535254205403,670.7186287838018,False,False,False,rejected,geometry_gate_rejected,
d5_cv_5v5_multicamera_formal_20260716_yolo_bytetrack:0028:D5_Primary_5:0,7.0,INT-05,D5_Primary_5:0,D5_Primary_5:0/yolov8_bytetrack:track:1,G-104,G-105,23.143684256157087,342.8417184535942,False,False,False,rejected,geometry_gate_rejected,
d5_cv_5v5_multicamera_formal_20260716_yolo_bytetrack:0028:D5_Primary_5:0,7.0,INT-05,D5_Primary_5:0,D5_Primary_5:0/yolov8_bytetrack:track:1,G-105,G-105,0.03048414163005465,12.434503297245191,True,True,True,registered,registered_to_global_track,True
d5_cv_5v5_multicamera_formal_20260716_yolo_bytetrack:0028:D5_Recon_1:0,7.0,RECON-01,D5_Recon_1:0,D5_Recon_1:0:det:0001,G-101,G-101,9.435716485906327e-05,1.3482691845420482,True,True,True,registered,registered_to_global_track,True
d5_cv_5v5_multicamera_formal_20260716_yolo_bytetrack:0028:D5_Recon_1:0,7.0,RECON-01,D5_Recon_1:0,D5_Recon_1:0:det:0002,G-101,G-102,5.009929927876759,310.6755891022418,True,False,False,candidate,,
d5_cv_5v5_multicamera_formal_20260716_yolo_bytetrack:0028:D5_Recon_1:0,7.0,RECON-01,D5_Recon_1:0,D5_Recon_1:0:det:0003,G-101,G-103,20.122808021240335,622.6379630982899,False,False,False,rejected,geometry_gate_rejected,
d5_cv_5v5_multicamera_formal_20260716_yolo_bytetrack:0028:D5_Recon_1:0,7.0,RECON-01,D5_Recon_1:0,D5_Recon_1:0:det:0004,G-101,G-104,45.2976172201555,934.1765977957502,False,False,False,rejected,geometry_gate_rejected,
d5_cv_5v5_multicamera_formal_20260716_yolo_bytetrack:0028:D5_Recon_1:0,7.0,RECON-01,D5_Recon_1:0,D5_Recon_1:0:det:0005,G-101,G-105,80.44500473502153,1244.9182843131446,False,False,False,rejected,geometry_gate_rejected,
d5_cv_5v5_multicamera_formal_20260716_yolo_bytetrack:0028:D5_Recon_1:0,7.0,RECON-01,D5_Recon_1:0,D5_Recon_1:0:det:0001,G-102,G-101,4.903813610116604,307.31504339444496,True,False,False,candidate,,
d5_cv_5v5_multicamera_formal_20260716_yolo_bytetrack:0028:D5_Recon_1:0,7.0,RECON-01,D5_Recon_1:0,D5_Recon_1:0:det:0002,G-102,G-102,0.00280908219506524,7.355007712876964,True,True,True,registered,registered_to_global_track,True
d5_cv_5v5_multicamera_formal_20260716_yolo_bytetrack:0028:D5_Recon_1:0,7.0,RECON-01,D5_Recon_1:0,D5_Recon_1:0:det:0003,G-102,G-103,5.209826679993775,316.75867500601413,True,False,False,candidate,,
d5_cv_5v5_multicamera_formal_20260716_yolo_bytetrack:0028:D5_Recon_1:0,7.0,RECON-01,D5_Recon_1:0,D5_Recon_1:0:det:0004,G-102,G-104,20.495687655813654,628.2726068139159,False,False,False,rejected,geometry_gate_rejected,
d5_cv_5v5_multicamera_formal_20260716_yolo_bytetrack:0028:D5_Recon_1:0,7.0,RECON-01,D5_Recon_1:0,D5_Recon_1:0:det:0005,G-102,G-105,45.78287753419431,939.0061105887634,False,False,False,rejected,geometry_gate_rejected,
d5_cv_5v5_multicamera_formal_20260716_yolo_bytetrack:0028:D5_Recon_1:0,7.0,RECON-01,D5_Recon_1:0,D5_Recon_1:0:det:0001,G-103,G-101,20.877006897652084,634.0363949481748,False,False,False,rejected,geometry_gate_rejected,
d5_cv_5v5_multicamera_formal_20260716_yolo_bytetrack:0028:D5_Recon_1:0,7.0,RECON-01,D5_Recon_1:0,D5_Recon_1:0:det:0002,G-103,G-102,5.385446206966077,322.02598458000983,True,False,False,candidate,,
d5_cv_5v5_multicamera_formal_20260716_yolo_bytetrack:0028:D5_Recon_1:0,7.0,RECON-01,D5_Recon_1:0,D5_Recon_1:0:det:0003,G-103,G-103,0.005266600450151776,10.070366037849922,True,True,True,registered,registered_to_global_track,True
d5_cv_5v5_multicamera_formal_20260716_yolo_bytetrack:0028:D5_Recon_1:0,7.0,RECON-01,D5_Recon_1:0,D5_Recon_1:0:det:0004,G-103,G-104,4.720020957322063,301.4755069189391,True,False,False,candidate,,
d5_cv_5v5_multicamera_formal_20260716_yolo_bytetrack:0028:D5_Recon_1:0,7.0,RECON-01,D5_Recon_1:0,D5_Recon_1:0:det:0005,G-103,G-105,19.464834981559978,612.217068836558,False,False,False,rejected,geometry_gate_rejected,
d5_cv_5v5_multicamera_formal_20260716_yolo_bytetrack:0028:D5_Recon_1:0,7.0,RECON-01,D5_Recon_1:0,D5_Recon_1:0:det:0001,G-104,G-101,45.75242435316445,938.6510272386136,False,False,False,rejected,geometry_gate_rejected,
d5_cv_5v5_multicamera_formal_20260716_yolo_bytetrack:0028:D5_Recon_1:0,7.0,RECON-01,D5_Recon_1:0,D5_Recon_1:0:det:0002,G-104,G-102,20.391621635377373,626.6470325717303,False,False,False,rejected,geometry_gate_rejected,
d5_cv_5v5_multicamera_formal_20260716_yolo_bytetrack:0028:D5_Recon_1:0,7.0,RECON-01,D5_Recon_1:0,D5_Recon_1:0:det:0003,G-104,G-103,5.142917524512076,314.70372756720235,True,False,False,candidate,,
d5_cv_5v5_multicamera_formal_20260716_yolo_bytetrack:0028:D5_Recon_1:0,7.0,RECON-01,D5_Recon_1:0,D5_Recon_1:0:det:0004,G-104,G-104,0.001761184081461548,5.823448839593472,True,True,True,registered,registered_to_global_track,True
d5_cv_5v5_multicamera_formal_20260716_yolo_bytetrack:0028:D5_Recon_1:0,7.0,RECON-01,D5_Recon_1:0,D5_Recon_1:0:det:0005,G-104,G-105,4.915100921020402,307.6545190077944,True,False,False,candidate,,
d5_cv_5v5_multicamera_formal_20260716_yolo_bytetrack:0028:D5_Recon_1:0,7.0,RECON-01,D5_Recon_1:0,D5_Recon_1:0:det:0001,G-105,G-101,79.7923700171971,1239.8145300113558,False,False,False,rejected,geometry_gate_rejected,
d5_cv_5v5_multicamera_formal_20260716_yolo_bytetrack:0028:D5_Recon_1:0,7.0,RECON-01,D5_Recon_1:0,D5_Recon_1:0:det:0002,G-105,G-102,44.68488434156727,927.8042520007697,False,False,False,rejected,geometry_gate_rejected,
d5_cv_5v5_multicamera_formal_20260716_yolo_bytetrack:0028:D5_Recon_1:0,7.0,RECON-01,D5_Recon_1:0,D5_Recon_1:0:det:0003,G-105,G-103,19.687339743631583,615.8423591198972,False,False,False,rejected,geometry_gate_rejected,
d5_cv_5v5_multicamera_formal_20260716_yolo_bytetrack:0028:D5_Recon_1:0,7.0,RECON-01,D5_Recon_1:0,D5_Recon_1:0:det:0004,G-105,G-104,4.806919139959586,304.3052514570641,True,False,False,candidate,,
d5_cv_5v5_multicamera_formal_20260716_yolo_bytetrack:0028:D5_Recon_1:0,7.0,RECON-01,D5_Recon_1:0,D5_Recon_1:0:det:0005,G-105,G-105,0.002245496539795122,6.576999042097373,True,True,True,registered,registered_to_global_track,True
d5_cv_5v5_multicamera_formal_20260716_yolo_bytetrack:0029:D5_Primary_1:0,7.25,INT-01,D5_Primary_1:0,D5_Primary_1:0/yolov8_bytetrack:track:1,G-101,G-101,0.010506483334898032,7.300600041244591,True,True,True,registered,registered_to_global_track,True
d5_cv_5v5_multicamera_formal_20260716_yolo_bytetrack:0029:D5_Primary_1:0,7.25,INT-01,D5_Primary_1:0,D5_Primary_1:0/yolov8_bytetrack:track:15,G-101,G-102,20.974837845674397,326.1964185116538,False,False,False,rejected,geometry_gate_rejected,
d5_cv_5v5_multicamera_formal_20260716_yolo_bytetrack:0029:D5_Primary_1:0,7.25,INT-01,D5_Primary_1:0,D5_Primary_1:0/yolov8_bytetrack:track:2,G-101,G-103,79.44845891642694,634.852195124518,False,False,False,rejected,geometry_gate_rejected,
d5_cv_5v5_multicamera_formal_20260716_yolo_bytetrack:0029:D5_Primary_1:0,7.25,INT-01,D5_Primary_1:0,D5_Primary_1:0/yolov8_bytetrack:track:1,G-102,G-101,20.652078268379842,323.5795036395497,False,False,False,rejected,geometry_gate_rejected,
d5_cv_5v5_multicamera_formal_20260716_yolo_bytetrack:0029:D5_Primary_1:0,7.25,INT-01,D5_Primary_1:0,D5_Primary_1:0/yolov8_bytetrack:track:15,G-102,G-102,0.03303833135631973,12.933599229650401,True,True,True,registered,registered_to_global_track,True
d5_cv_5v5_multicamera_formal_20260716_yolo_bytetrack:0029:D5_Primary_1:0,7.25,INT-01,D5_Primary_1:0,D5_Primary_1:0/yolov8_bytetrack:track:2,G-102,G-103,19.26414164245298,312.51591515380073,False,False,False,rejected,geometry_gate_rejected,
d5_cv_5v5_multicamera_formal_20260716_yolo_bytetrack:0029:D5_Primary_1:0,7.25,INT-01,D5_Primary_1:0,D5_Primary_1:0/yolov8_bytetrack:track:1,G-103,G-101,80.90108816454385,640.7884658286346,False,False,False,rejected,geometry_gate_rejected,
d5_cv_5v5_multicamera_formal_20260716_yolo_bytetrack:0029:D5_Primary_1:0,7.25,INT-01,D5_Primary_1:0,D5_Primary_1:0/yolov8_bytetrack:track:15,G-103,G-102,19.415377174878767,313.9136887285318,False,False,False,rejected,geometry_gate_rejected,
d5_cv_5v5_multicamera_formal_20260716_yolo_bytetrack:0029:D5_Primary_1:0,7.25,INT-01,D5_Primary_1:0,D5_Primary_1:0/yolov8_bytetrack:track:2,G-103,G-103,0.016064692028436155,9.01460903350695,True,True,True,registered,registered_to_global_track,True
d5_cv_5v5_multicamera_formal_20260716_yolo_bytetrack:0029:D5_Primary_1:0,7.25,INT-01,D5_Primary_1:0,D5_Primary_1:0/yolov8_bytetrack:track:1,G-104,G-101,168.26387507949818,925.5614499645803,False,False,False,rejected,geometry_gate_rejected,
d5_cv_5v5_multicamera_formal_20260716_yolo_bytetrack:0029:D5_Primary_1:0,7.25,INT-01,D5_Primary_1:0,D5_Primary_1:0/yolov8_bytetrack:track:15,G-104,G-102,70.38970841773303,598.6381605651516,False,False,False,rejected,geometry_gate_rejected,
d5_cv_5v5_multicamera_formal_20260716_yolo_bytetrack:0029:D5_Primary_1:0,7.25,INT-01,D5_Primary_1:0,D5_Primary_1:0/yolov8_bytetrack:track:2,G-104,G-103,16.51181822735685,289.9394187024648,False,False,False,rejected,geometry_gate_rejected,
d5_cv_5v5_multicamera_formal_20260716_yolo_bytetrack:0029:D5_Primary_1:0,7.25,INT-01,D5_Primary_1:0,D5_Primary_1:0/yolov8_bytetrack:track:1,G-105,G-101,,1183.4383205548716,False,False,False,rejected,projection_invalid,
d5_cv_5v5_multicamera_formal_20260716_yolo_bytetrack:0029:D5_Primary_1:0,7.25,INT-01,D5_Primary_1:0,D5_Primary_1:0/yolov8_bytetrack:track:15,G-105,G-102,,856.5165486593565,False,False,False,rejected,projection_invalid,
d5_cv_5v5_multicamera_formal_20260716_yolo_bytetrack:0029:D5_Primary_1:0,7.25,INT-01,D5_Primary_1:0,D5_Primary_1:0/yolov8_bytetrack:track:2,G-105,G-103,,547.8196012643032,False,False,False,rejected,projection_invalid,
d5_cv_5v5_multicamera_formal_20260716_yolo_bytetrack:0029:D5_Primary_2:0,7.25,INT-02,D5_Primary_2:0,D5_Primary_2:0/yolov8_bytetrack:track:1,G-101,G-102,23.626747787816683,346.79086023784447,False,False,False,rejected,geometry_gate_rejected,
d5_cv_5v5_multicamera_formal_20260716_yolo_bytetrack:0029:D5_Primary_2:0,7.25,INT-02,D5_Primary_2:0,D5_Primary_2:0/yolov8_bytetrack:track:2,G-101,G-101,0.017128279478447517,9.331587794720823,True,True,True,registered,registered_to_global_track,True
d5_cv_5v5_multicamera_formal_20260716_yolo_bytetrack:0029:D5_Primary_2:0,7.25,INT-02,D5_Primary_2:0,D5_Primary_2:0/yolov8_bytetrack:track:5,G-101,G-103,90.18525381855692,677.5376012805118,False,False,False,rejected,geometry_gate_rejected,
d5_cv_5v5_multicamera_formal_20260716_yolo_bytetrack:0029:D5_Primary_2:0,7.25,INT-02,D5_Primary_2:0,D5_Primary_2:0/yolov8_bytetrack:track:1,G-102,G-102,0.04179515185377005,14.56364730114461,True,True,True,registered,registered_to_global_track,True
d5_cv_5v5_multicamera_formal_20260716_yolo_bytetrack:0029:D5_Primary_2:0,7.25,INT-02,D5_Primary_2:0,D5_Primary_2:0/yolov8_bytetrack:track:2,G-102,G-101,22.40047940614976,337.1595145814726,False,False,False,rejected,geometry_gate_rejected,
d5_cv_5v5_multicamera_formal_20260716_yolo_bytetrack:0029:D5_Primary_2:0,7.25,INT-02,D5_Primary_2:0,D5_Primary_2:0/yolov8_bytetrack:track:5,G-102,G-103,22.290513970890697,336.3309289625477,False,False,False,rejected,geometry_gate_rejected,
d5_cv_5v5_multicamera_formal_20260716_yolo_bytetrack:0029:D5_Primary_2:0,7.25,INT-02,D5_Primary_2:0,D5_Primary_2:0/yolov8_bytetrack:track:1,G-103,G-102,22.9190605467053,340.96136163277055,False,False,False,rejected,geometry_gate_rejected,
d5_cv_5v5_multicamera_formal_20260716_yolo_bytetrack:0029:D5_Primary_2:0,7.25,INT-02,D5_Primary_2:0,D5_Primary_2:0/yolov8_bytetrack:track:2,G-103,G-101,91.98153313240124,683.0571592669554,False,False,False,rejected,geometry_gate_rejected,
d5_cv_5v5_multicamera_formal_20260716_yolo_bytetrack:0029:D5_Primary_2:0,7.25,INT-02,D5_Primary_2:0,D5_Primary_2:0/yolov8_bytetrack:track:5,G-103,G-103,0.034824059017609287,13.286491918562586,True,True,True,registered,registered_to_global_track,True
d5_cv_5v5_multicamera_formal_20260716_yolo_bytetrack:0029:D5_Primary_2:0,7.25,INT-02,D5_Primary_2:0,D5_Primary_2:0/yolov8_bytetrack:track:1,G-104,G-102,84.14358829940365,654.1533280588227,False,False,False,rejected,geometry_gate_rejected,
d5_cv_5v5_multicamera_formal_20260716_yolo_bytetrack:0029:D5_Primary_2:0,7.25,INT-02,D5_Primary_2:0,D5_Primary_2:0/yolov8_bytetrack:track:2,G-104,G-101,195.18529238141576,996.3056360544493,False,False,False,rejected,geometry_gate_rejected,
d5_cv_5v5_multicamera_formal_20260716_yolo_bytetrack:0029:D5_Primary_2:0,7.25,INT-02,D5_Primary_2:0,D5_Primary_2:0/yolov8_bytetrack:track:5,G-104,G-103,20.56048045777172,323.3595265774747,False,False,False,rejected,geometry_gate_rejected,
d5_cv_5v5_multicamera_formal_20260716_yolo_bytetrack:0029:D5_Primary_2:0,7.25,INT-02,D5_Primary_2:0,D5_Primary_2:0/yolov8_bytetrack:track:1,G-105,G-102,175.05811599861585,945.2673721522058,False,False,False,rejected,geometry_gate_rejected,
d5_cv_5v5_multicamera_formal_20260716_yolo_bytetrack:0029:D5_Primary_2:0,7.25,INT-02,D5_Primary_2:0,D5_Primary_2:0/yolov8_bytetrack:track:2,G-105,G-101,324.7221842638322,1287.417841201221,False,False,False,rejected,geometry_gate_rejected,
d5_cv_5v5_multicamera_formal_20260716_yolo_bytetrack:0029:D5_Primary_2:0,7.25,INT-02,D5_Primary_2:0,D5_Primary_2:0/yolov8_bytetrack:track:5,G-105,G-103,73.97472942338365,614.4764118561736,False,False,False,rejected,geometry_gate_rejected,
d5_cv_5v5_multicamera_formal_20260716_yolo_bytetrack:0029:D5_Primary_3:0,7.25,INT-03,D5_Primary_3:0,D5_Primary_3:0/yolov8_bytetrack:track:1,G-101,G-103,94.98680110120277,697.1966545757392,False,False,False,rejected,geometry_gate_rejected,
d5_cv_5v5_multicamera_formal_20260716_yolo_bytetrack:0029:D5_Primary_3:0,7.25,INT-03,D5_Primary_3:0,D5_Primary_3:0/yolov8_bytetrack:track:49,G-101,,362.4952175167431,1361.9927230142746,False,False,False,rejected,geometry_gate_rejected,
d5_cv_5v5_multicamera_formal_20260716_yolo_bytetrack:0029:D5_Primary_3:0,7.25,INT-03,D5_Primary_3:0,D5_Primary_3:0/yolov8_bytetrack:track:2,G-101,G-102,23.849959332692976,349.3551917269614,False,False,False,rejected,geometry_gate_rejected,
d5_cv_5v5_multicamera_formal_20260716_yolo_bytetrack:0029:D5_Primary_3:0,7.25,INT-03,D5_Primary_3:0,D5_Primary_3:0/yolov8_bytetrack:track:91,G-101,G-105,368.18849766939314,1372.64660040942,False,False,False,rejected,geometry_gate_rejected,
d5_cv_5v5_multicamera_formal_20260716_yolo_bytetrack:0029:D5_Primary_3:0,7.25,INT-03,D5_Primary_3:0,D5_Primary_3:0/yolov8_bytetrack:track:12,G-101,G-104,209.5736789321132,1035.5999636126103,False,False,False,rejected,geometry_gate_rejected,
d5_cv_5v5_multicamera_formal_20260716_yolo_bytetrack:0029:D5_Primary_3:0,7.25,INT-03,D5_Primary_3:0,D5_Primary_3:0/yolov8_bytetrack:track:1,G-102,G-103,24.303484520116307,351.6499098045231,False,False,False,rejected,geometry_gate_rejected,
d5_cv_5v5_multicamera_formal_20260716_yolo_bytetrack:0029:D5_Primary_3:0,7.25,INT-03,D5_Primary_3:0,D5_Primary_3:0/yolov8_bytetrack:track:49,G-102,,202.99627757239517,1016.2957040385032,False,False,False,rejected,geometry_gate_rejected,
d5_cv_5v5_multicamera_formal_20260716_yolo_bytetrack:0029:D5_Primary_3:0,7.25,INT-03,D5_Primary_3:0,D5_Primary_3:0/yolov8_bytetrack:track:2,G-102,G-102,0.04252486448501996,14.697776094656794,True,True,True,registered,registered_to_global_track,True
d5_cv_5v5_multicamera_formal_20260716_yolo_bytetrack:0029:D5_Primary_3:0,7.25,INT-03,D5_Primary_3:0,D5_Primary_3:0/yolov8_bytetrack:track:91,G-102,G-105,207.2690473292576,1026.9356891393463,False,False,False,rejected,geometry_gate_rejected,
d5_cv_5v5_multicamera_formal_20260716_yolo_bytetrack:0029:D5_Primary_3:0,7.25,INT-03,D5_Primary_3:0,D5_Primary_3:0/yolov8_bytetrack:track:12,G-102,G-104,93.5542119927982,689.9344147510255,False,False,False,rejected,geometry_gate_rejected,
d5_cv_5v5_multicamera_formal_20260716_yolo_bytetrack:0029:D5_Primary_3:0,7.25,INT-03,D5_Primary_3:0,D5_Primary_3:0/yolov8_bytetrack:track:1,G-103,G-103,0.03854905691471164,13.983968967344143,True,True,True,registered,registered_to_global_track,True
d5_cv_5v5_multicamera_formal_20260716_yolo_bytetrack:0029:D5_Primary_3:0,7.25,INT-03,D5_Primary_3:0,D5_Primary_3:0/yolov8_bytetrack:track:49,G-103,,84.48436752306364,654.6535521325773,False,False,False,rejected,geometry_gate_rejected,
d5_cv_5v5_multicamera_formal_20260716_yolo_bytetrack:0029:D5_Primary_3:0,7.25,INT-03,D5_Primary_3:0,D5_Primary_3:0/yolov8_bytetrack:track:2,G-103,G-102,25.303842240570628,358.27508628516443,False,False,False,rejected,geometry_gate_rejected,
d5_cv_5v5_multicamera_formal_20260716_yolo_bytetrack:0029:D5_Primary_3:0,7.25,INT-03,D5_Primary_3:0,D5_Primary_3:0/yolov8_bytetrack:track:91,G-103,G-105,87.25249630422975,665.2919708432474,False,False,False,rejected,geometry_gate_rejected,
d5_cv_5v5_multicamera_formal_20260716_yolo_bytetrack:0029:D5_Primary_3:0,7.25,INT-03,D5_Primary_3:0,D5_Primary_3:0/yolov8_bytetrack:track:12,G-103,G-104,21.248928278695136,328.3158565138236,False,False,False,rejected,geometry_gate_rejected,
d5_cv_5v5_multicamera_formal_20260716_yolo_bytetrack:0029:D5_Primary_3:0,7.25,INT-03,D5_Primary_3:0,D5_Primary_3:0/yolov8_bytetrack:track:1,G-104,G-103,22.92262824104447,341.155984024784,False,False,False,rejected,geometry_gate_rejected,
d5_cv_5v5_multicamera_formal_20260716_yolo_bytetrack:0029:D5_Primary_3:0,7.25,INT-03,D5_Primary_3:0,D5_Primary_3:0/yolov8_bytetrack:track:49,G-104,,20.63465805059482,323.6826015458874,False,False,False,rejected,geometry_gate_rejected,
d5_cv_5v5_multicamera_formal_20260716_yolo_bytetrack:0029:D5_Primary_3:0,7.25,INT-03,D5_Primary_3:0,D5_Primary_3:0/yolov8_bytetrack:track:2,G-104,G-102,93.51014492148003,689.049077087496,False,False,False,rejected,geometry_gate_rejected,
d5_cv_5v5_multicamera_formal_20260716_yolo_bytetrack:0029:D5_Primary_3:0,7.25,INT-03,D5_Primary_3:0,D5_Primary_3:0/yolov8_bytetrack:track:91,G-104,G-105,22.01498181102505,334.33352452668214,False,False,False,rejected,geometry_gate_rejected,
d5_cv_5v5_multicamera_formal_20260716_yolo_bytetrack:0029:D5_Primary_3:0,7.25,INT-03,D5_Primary_3:0,D5_Primary_3:0/yolov8_bytetrack:track:12,G-104,G-104,0.0027084445855435862,3.70704569749942,True,True,True,registered,registered_to_global_track,True
d5_cv_5v5_multicamera_formal_20260716_yolo_bytetrack:0029:D5_Primary_3:0,7.25,INT-03,D5_Primary_3:0,D5_Primary_3:0/yolov8_bytetrack:track:1,G-105,G-103,84.84308331623683,657.2941487881358,False,False,False,rejected,geometry_gate_rejected,
d5_cv_5v5_multicamera_formal_20260716_yolo_bytetrack:0029:D5_Primary_3:0,7.25,INT-03,D5_Primary_3:0,D5_Primary_3:0/yolov8_bytetrack:track:49,G-105,,0.01922959053878194,9.883754337993247,True,True,True,registered,registered_to_global_track,
d5_cv_5v5_multicamera_formal_20260716_yolo_bytetrack:0029:D5_Primary_3:0,7.25,INT-03,D5_Primary_3:0,D5_Primary_3:0/yolov8_bytetrack:track:2,G-105,G-102,198.4213331418407,1005.1843708012174,False,False,False,rejected,geometry_gate_rejected,
d5_cv_5v5_multicamera_formal_20260716_yolo_bytetrack:0029:D5_Primary_3:0,7.25,INT-03,D5_Primary_3:0,D5_Primary_3:0/yolov8_bytetrack:track:91,G-105,G-105,0.06946355914374726,18.803987503737027,True,False,False,candidate,,
d5_cv_5v5_multicamera_formal_20260716_yolo_bytetrack:0029:D5_Primary_3:0,7.25,INT-03,D5_Primary_3:0,D5_Primary_3:0/yolov8_bytetrack:track:12,G-105,G-104,19.971573624542646,318.90222941873714,False,False,False,rejected,geometry_gate_rejected,
d5_cv_5v5_multicamera_formal_20260716_yolo_bytetrack:0029:D5_Primary_4:0,7.25,INT-04,D5_Primary_4:0,D5_Primary_4:0/yolov8_bytetrack:track:1,G-101,G-104,,1026.9481551753875,False,False,False,rejected,projection_invalid,
d5_cv_5v5_multicamera_formal_20260716_yolo_bytetrack:0029:D5_Primary_4:0,7.25,INT-04,D5_Primary_4:0,D5_Primary_4:0/yolov8_bytetrack:track:7,G-101,G-105,,1371.2482108245615,False,False,False,rejected,projection_invalid,
d5_cv_5v5_multicamera_formal_20260716_yolo_bytetrack:0029:D5_Primary_4:0,7.25,INT-04,D5_Primary_4:0,D5_Primary_4:0/yolov8_bytetrack:track:1,G-102,G-104,93.73406849527973,692.0495769780856,False,False,False,rejected,geometry_gate_rejected,
d5_cv_5v5_multicamera_formal_20260716_yolo_bytetrack:0029:D5_Primary_4:0,7.25,INT-04,D5_Primary_4:0,D5_Primary_4:0/yolov8_bytetrack:track:7,G-102,G-105,210.1887622017795,1036.3183269515268,False,False,False,rejected,geometry_gate_rejected,
d5_cv_5v5_multicamera_formal_20260716_yolo_bytetrack:0029:D5_Primary_4:0,7.25,INT-04,D5_Primary_4:0,D5_Primary_4:0/yolov8_bytetrack:track:1,G-103,G-104,21.500774614408446,330.52554695089145,False,False,False,rejected,geometry_gate_rejected,
d5_cv_5v5_multicamera_formal_20260716_yolo_bytetrack:0029:D5_Primary_4:0,7.25,INT-04,D5_Primary_4:0,D5_Primary_4:0/yolov8_bytetrack:track:7,G-103,G-105,89.60992900542162,674.770355490525,False,False,False,rejected,geometry_gate_rejected,
d5_cv_5v5_multicamera_formal_20260716_yolo_bytetrack:0029:D5_Primary_4:0,7.25,INT-04,D5_Primary_4:0,D5_Primary_4:0/yolov8_bytetrack:track:1,G-104,G-104,0.004907494977330217,4.990000200406956,True,True,True,registered,registered_to_global_track,True
d5_cv_5v5_multicamera_formal_20260716_yolo_bytetrack:0029:D5_Primary_4:0,7.25,INT-04,D5_Primary_4:0,D5_Primary_4:0/yolov8_bytetrack:track:7,G-104,G-105,22.782269247562436,339.9923252220328,False,False,False,rejected,geometry_gate_rejected,
d5_cv_5v5_multicamera_formal_20260716_yolo_bytetrack:0029:D5_Primary_4:0,7.25,INT-04,D5_Primary_4:0,D5_Primary_4:0/yolov8_bytetrack:track:1,G-105,G-104,21.893989524979975,333.46979620335117,False,False,False,rejected,geometry_gate_rejected,
d5_cv_5v5_multicamera_formal_20260716_yolo_bytetrack:0029:D5_Primary_4:0,7.25,INT-04,D5_Primary_4:0,D5_Primary_4:0/yolov8_bytetrack:track:7,G-105,G-105,0.03171615248586851,12.68952859593423,True,True,True,registered,registered_to_global_track,True
d5_cv_5v5_multicamera_formal_20260716_yolo_bytetrack:0029:D5_Primary_5:0,7.25,INT-05,D5_Primary_5:0,D5_Primary_5:0/yolov8_bytetrack:track:1,G-101,G-105,,1319.307782436952,False,False,False,rejected,projection_invalid,
d5_cv_5v5_multicamera_formal_20260716_yolo_bytetrack:0029:D5_Primary_5:0,7.25,INT-05,D5_Primary_5:0,D5_Primary_5:0/yolov8_bytetrack:track:1,G-102,G-105,,1007.5863467007247,False,False,False,rejected,projection_invalid,
d5_cv_5v5_multicamera_formal_20260716_yolo_bytetrack:0029:D5_Primary_5:0,7.25,INT-05,D5_Primary_5:0,D5_Primary_5:0/yolov8_bytetrack:track:1,G-103,G-105,85.69096063044739,660.8277674037676,False,False,False,rejected,geometry_gate_rejected,
d5_cv_5v5_multicamera_formal_20260716_yolo_bytetrack:0029:D5_Primary_5:0,7.25,INT-05,D5_Primary_5:0,D5_Primary_5:0/yolov8_bytetrack:track:1,G-104,G-105,22.261814047104725,336.24208082010205,False,False,False,rejected,geometry_gate_rejected,
d5_cv_5v5_multicamera_formal_20260716_yolo_bytetrack:0029:D5_Primary_5:0,7.25,INT-05,D5_Primary_5:0,D5_Primary_5:0/yolov8_bytetrack:track:1,G-105,G-105,0.019467355045933513,9.93679234823582,True,True,True,registered,registered_to_global_track,True
d5_cv_5v5_multicamera_formal_20260716_yolo_bytetrack:0029:D5_Recon_1:0,7.25,RECON-01,D5_Recon_1:0,D5_Recon_1:0:det:0001,G-101,G-101,9.72465231024106e-05,1.3687460161753673,True,True,True,registered,registered_to_global_track,True
d5_cv_5v5_multicamera_formal_20260716_yolo_bytetrack:0029:D5_Recon_1:0,7.25,RECON-01,D5_Recon_1:0,D5_Recon_1:0:det:0002,G-101,G-102,4.908769332310894,307.52080346192304,True,False,False,candidate,,
d5_cv_5v5_multicamera_formal_20260716_yolo_bytetrack:0029:D5_Recon_1:0,7.25,RECON-01,D5_Recon_1:0,D5_Recon_1:0:det:0004,G-101,G-104,44.38174361199337,924.6776667666434,False,False,False,rejected,geometry_gate_rejected,
d5_cv_5v5_multicamera_formal_20260716_yolo_bytetrack:0029:D5_Recon_1:0,7.25,RECON-01,D5_Recon_1:0,D5_Recon_1:0:det:0005,G-101,G-105,78.81155753534748,1232.2055018223684,False,False,False,rejected,geometry_gate_rejected,
d5_cv_5v5_multicamera_formal_20260716_yolo_bytetrack:0029:D5_Recon_1:0,7.25,RECON-01,D5_Recon_1:0,D5_Recon_1:0:det:0001,G-102,G-101,4.804405736879561,304.1831023123936,True,False,False,candidate,,
d5_cv_5v5_multicamera_formal_20260716_yolo_bytetrack:0029:D5_Recon_1:0,7.25,RECON-01,D5_Recon_1:0,D5_Recon_1:0:det:0002,G-102,G-102,0.0027763042837541914,7.311951217242516,True,True,True,registered,registered_to_global_track,True
d5_cv_5v5_multicamera_formal_20260716_yolo_bytetrack:0029:D5_Recon_1:0,7.25,RECON-01,D5_Recon_1:0,D5_Recon_1:0:det:0004,G-102,G-104,20.08368204490325,621.9234742288512,False,False,False,rejected,geometry_gate_rejected,
d5_cv_5v5_multicamera_formal_20260716_yolo_bytetrack:0029:D5_Recon_1:0,7.25,RECON-01,D5_Recon_1:0,D5_Recon_1:0:det:0005,G-102,G-105,44.855443766047635,929.4432073987589,False,False,False,rejected,geometry_gate_rejected,
d5_cv_5v5_multicamera_formal_20260716_yolo_bytetrack:0029:D5_Recon_1:0,7.25,RECON-01,D5_Recon_1:0,D5_Recon_1:0:det:0001,G-103,G-101,20.464536226066038,627.7400050232161,False,False,False,rejected,geometry_gate_rejected,
d5_cv_5v5_multicamera_formal_20260716_yolo_bytetrack:0029:D5_Recon_1:0,7.25,RECON-01,D5_Recon_1:0,D5_Recon_1:0:det:0002,G-103,G-102,5.280296731730608,318.86585583893924,True,False,False,candidate,,
d5_cv_5v5_multicamera_formal_20260716_yolo_bytetrack:0029:D5_Recon_1:0,7.25,RECON-01,D5_Recon_1:0,D5_Recon_1:0:det:0004,G-103,G-104,4.6208733073229205,298.2915039205923,True,False,False,candidate,,
d5_cv_5v5_multicamera_formal_20260716_yolo_bytetrack:0029:D5_Recon_1:0,7.25,RECON-01,D5_Recon_1:0,D5_Recon_1:0:det:0005,G-103,G-105,19.060240574994953,605.8192123631486,False,False,False,rejected,geometry_gate_rejected,
d5_cv_5v5_multicamera_formal_20260716_yolo_bytetrack:0029:D5_Recon_1:0,7.25,RECON-01,D5_Recon_1:0,D5_Recon_1:0:det:0001,G-104,G-101,44.83176238944213,929.1548129769756,False,False,False,rejected,geometry_gate_rejected,
d5_cv_5v5_multicamera_formal_20260716_yolo_bytetrack:0029:D5_Recon_1:0,7.25,RECON-01,D5_Recon_1:0,D5_Recon_1:0:det:0002,G-104,G-102,19.979987569670186,620.2871483664246,False,False,False,rejected,geometry_gate_rejected,
d5_cv_5v5_multicamera_formal_20260716_yolo_bytetrack:0029:D5_Recon_1:0,7.25,RECON-01,D5_Recon_1:0,D5_Recon_1:0:det:0004,G-104,G-104,0.0017552281889992773,5.813572696283624,True,True,True,registered,registered_to_global_track,True
d5_cv_5v5_multicamera_formal_20260716_yolo_bytetrack:0029:D5_Recon_1:0,7.25,RECON-01,D5_Recon_1:0,D5_Recon_1:0:det:0005,G-104,G-105,4.813507450674033,304.45700722324113,True,False,False,candidate,,
d5_cv_5v5_multicamera_formal_20260716_yolo_bytetrack:0029:D5_Recon_1:0,7.25,RECON-01,D5_Recon_1:0,D5_Recon_1:0:det:0001,G-105,G-101,78.16744282398373,1227.1147202768484,False,False,False,rejected,geometry_gate_rejected,
d5_cv_5v5_multicamera_formal_20260716_yolo_bytetrack:0029:D5_Recon_1:0,7.25,RECON-01,D5_Recon_1:0,D5_Recon_1:0:det:0002,G-105,G-102,43.76920564113708,918.2407158592642,False,False,False,rejected,geometry_gate_rejected,
d5_cv_5v5_multicamera_formal_20260716_yolo_bytetrack:0029:D5_Recon_1:0,7.25,RECON-01,D5_Recon_1:0,D5_Recon_1:0:det:0004,G-105,G-104,4.70583449589087,301.085982961671,True,False,False,candidate,,
d5_cv_5v5_multicamera_formal_20260716_yolo_bytetrack:0029:D5_Recon_1:0,7.25,RECON-01,D5_Recon_1:0,D5_Recon_1:0:det:0005,G-105,G-105,0.002253953992627759,6.58931357555664,True,True,True,registered,registered_to_global_track,True
d5_cv_5v5_multicamera_formal_20260716_yolo_bytetrack:0030:D5_Primary_1:0,7.5,INT-01,D5_Primary_1:0,D5_Primary_1:0/yolov8_bytetrack:track:1,G-101,G-101,0.010048926930578045,7.139867855552131,True,True,True,registered,registered_to_global_track,True
d5_cv_5v5_multicamera_formal_20260716_yolo_bytetrack:0030:D5_Primary_1:0,7.5,INT-01,D5_Primary_1:0,D5_Primary_1:0/yolov8_bytetrack:track:15,G-101,G-102,20.35921504890953,321.3741110867207,False,False,False,rejected,geometry_gate_rejected,
d5_cv_5v5_multicamera_formal_20260716_yolo_bytetrack:0030:D5_Primary_1:0,7.5,INT-01,D5_Primary_1:0,D5_Primary_1:0/yolov8_bytetrack:track:1,G-102,G-101,20.120938887193216,319.37667744111246,False,False,False,rejected,geometry_gate_rejected,
d5_cv_5v5_multicamera_formal_20260716_yolo_bytetrack:0030:D5_Primary_1:0,7.5,INT-01,D5_Primary_1:0,D5_Primary_1:0/yolov8_bytetrack:track:15,G-102,G-102,0.027847886662147135,11.873708278895668,True,True,True,registered,registered_to_global_track,True
d5_cv_5v5_multicamera_formal_20260716_yolo_bytetrack:0030:D5_Primary_1:0,7.5,INT-01,D5_Primary_1:0,D5_Primary_1:0/yolov8_bytetrack:track:1,G-103,G-101,78.83740643092186,632.4854862089257,False,False,False,rejected,geometry_gate_rejected,
d5_cv_5v5_multicamera_formal_20260716_yolo_bytetrack:0030:D5_Primary_1:0,7.5,INT-01,D5_Primary_1:0,D5_Primary_1:0/yolov8_bytetrack:track:15,G-103,G-102,19.03602396568633,310.7938439080534,False,False,False,rejected,geometry_gate_rejected,
d5_cv_5v5_multicamera_formal_20260716_yolo_bytetrack:0030:D5_Primary_1:0,7.5,INT-01,D5_Primary_1:0,D5_Primary_1:0/yolov8_bytetrack:track:1,G-104,G-101,163.79849638592728,912.994054447017,False,False,False,rejected,geometry_gate_rejected,
d5_cv_5v5_multicamera_formal_20260716_yolo_bytetrack:0030:D5_Primary_1:0,7.5,INT-01,D5_Primary_1:0,D5_Primary_1:0/yolov8_bytetrack:track:15,G-104,G-102,68.69855134043456,591.2712769462556,False,False,False,rejected,geometry_gate_rejected,
d5_cv_5v5_multicamera_formal_20260716_yolo_bytetrack:0030:D5_Primary_1:0,7.5,INT-01,D5_Primary_1:0,D5_Primary_1:0/yolov8_bytetrack:track:1,G-105,G-101,,1166.5640905481448,False,False,False,rejected,projection_invalid,
d5_cv_5v5_multicamera_formal_20260716_yolo_bytetrack:0030:D5_Primary_1:0,7.5,INT-01,D5_Primary_1:0,D5_Primary_1:0/yolov8_bytetrack:track:15,G-105,G-102,,844.8408112420715,False,False,False,rejected,projection_invalid,
d5_cv_5v5_multicamera_formal_20260716_yolo_bytetrack:0030:D5_Primary_2:0,7.5,INT-02,D5_Primary_2:0,D5_Primary_2:0/yolov8_bytetrack:track:1,G-101,G-102,23.122615970031568,343.0743679615818,False,False,False,rejected,geometry_gate_rejected,
d5_cv_5v5_multicamera_formal_20260716_yolo_bytetrack:0030:D5_Primary_2:0,7.5,INT-02,D5_Primary_2:0,D5_Primary_2:0/yolov8_bytetrack:track:38,G-101,G-101,0.03194569839602929,12.746718987706679,True,True,False,candidate,stability_window_failed,True
d5_cv_5v5_multicamera_formal_20260716_yolo_bytetrack:0030:D5_Primary_2:0,7.5,INT-02,D5_Primary_2:0,D5_Primary_2:0/yolov8_bytetrack:track:1,G-102,G-102,0.042596576633285387,14.70261610815073,True,True,True,registered,registered_to_global_track,True
d5_cv_5v5_multicamera_formal_20260716_yolo_bytetrack:0030:D5_Primary_2:0,7.5,INT-02,D5_Primary_2:0,D5_Primary_2:0/yolov8_bytetrack:track:38,G-102,G-101,23.796418178270354,347.506245691348,False,False,False,rejected,geometry_gate_rejected,
d5_cv_5v5_multicamera_formal_20260716_yolo_bytetrack:0030:D5_Primary_2:0,7.5,INT-02,D5_Primary_2:0,D5_Primary_2:0/yolov8_bytetrack:track:1,G-103,G-102,22.474460915725263,337.6247763719909,False,False,False,rejected,geometry_gate_rejected,
d5_cv_5v5_multicamera_formal_20260716_yolo_bytetrack:0030:D5_Primary_2:0,7.5,INT-02,D5_Primary_2:0,D5_Primary_2:0/yolov8_bytetrack:track:38,G-103,G-101,93.7900553728087,689.7123981498283,False,False,False,rejected,geometry_gate_rejected,
d5_cv_5v5_multicamera_formal_20260716_yolo_bytetrack:0030:D5_Primary_2:0,7.5,INT-02,D5_Primary_2:0,D5_Primary_2:0/yolov8_bytetrack:track:1,G-104,G-102,82.31041550264625,646.9176920680776,False,False,False,rejected,geometry_gate_rejected,
d5_cv_5v5_multicamera_formal_20260716_yolo_bytetrack:0030:D5_Primary_2:0,7.5,INT-02,D5_Primary_2:0,D5_Primary_2:0/yolov8_bytetrack:track:38,G-104,G-101,196.30964987661184,999.0620381566924,False,False,False,rejected,geometry_gate_rejected,
d5_cv_5v5_multicamera_formal_20260716_yolo_bytetrack:0030:D5_Primary_2:0,7.5,INT-02,D5_Primary_2:0,D5_Primary_2:0/yolov8_bytetrack:track:1,G-105,G-102,170.98711115635814,934.0210194381038,False,False,False,rejected,geometry_gate_rejected,
d5_cv_5v5_multicamera_formal_20260716_yolo_bytetrack:0030:D5_Primary_2:0,7.5,INT-02,D5_Primary_2:0,D5_Primary_2:0/yolov8_bytetrack:track:38,G-105,G-101,324.22222985153695,1286.1640273767757,False,False,False,rejected,geometry_gate_rejected,
d5_cv_5v5_multicamera_formal_20260716_yolo_bytetrack:0030:D5_Primary_3:0,7.5,INT-03,D5_Primary_3:0,D5_Primary_3:0/yolov8_bytetrack:track:1,G-101,G-103,93.11237071387546,690.265663273457,False,False,False,rejected,geometry_gate_rejected,
d5_cv_5v5_multicamera_formal_20260716_yolo_bytetrack:0030:D5_Primary_3:0,7.5,INT-03,D5_Primary_3:0,D5_Primary_3:0/yolov8_bytetrack:track:49,G-101,G-105,356.6443342162228,1350.9218746063364,False,False,False,rejected,geometry_gate_rejected,
d5_cv_5v5_multicamera_formal_20260716_yolo_bytetrack:0030:D5_Primary_3:0,7.5,INT-03,D5_Primary_3:0,D5_Primary_3:0/yolov8_bytetrack:track:85,G-101,G-102,24.799262302787493,356.23107152965815,False,False,False,rejected,geometry_gate_rejected,
d5_cv_5v5_multicamera_formal_20260716_yolo_bytetrack:0030:D5_Primary_3:0,7.5,INT-03,D5_Primary_3:0,D5_Primary_3:0/yolov8_bytetrack:track:1,G-102,G-103,23.782551028784855,347.860102460885,False,False,False,rejected,geometry_gate_rejected,
d5_cv_5v5_multicamera_formal_20260716_yolo_bytetrack:0030:D5_Primary_3:0,7.5,INT-03,D5_Primary_3:0,D5_Primary_3:0/yolov8_bytetrack:track:49,G-102,G-105,199.83983100318733,1008.3615101974401,False,False,False,rejected,geometry_gate_rejected,
d5_cv_5v5_multicamera_formal_20260716_yolo_bytetrack:0030:D5_Primary_3:0,7.5,INT-03,D5_Primary_3:0,D5_Primary_3:0/yolov8_bytetrack:track:85,G-102,G-102,0.07072768248811542,18.962811180353697,True,True,True,registered,registered_to_global_track,True
d5_cv_5v5_multicamera_formal_20260716_yolo_bytetrack:0030:D5_Primary_3:0,7.5,INT-03,D5_Primary_3:0,D5_Primary_3:0/yolov8_bytetrack:track:1,G-103,G-103,0.04129566151780223,14.47351405792151,True,True,True,registered,registered_to_global_track,True
d5_cv_5v5_multicamera_formal_20260716_yolo_bytetrack:0030:D5_Primary_3:0,7.5,INT-03,D5_Primary_3:0,D5_Primary_3:0/yolov8_bytetrack:track:49,G-103,G-105,83.31557144211807,650.1067012578192,False,False,False,rejected,geometry_gate_rejected,
d5_cv_5v5_multicamera_formal_20260716_yolo_bytetrack:0030:D5_Primary_3:0,7.5,INT-03,D5_Primary_3:0,D5_Primary_3:0/yolov8_bytetrack:track:85,G-103,G-102,23.441438319647194,344.8368778200444,False,False,False,rejected,geometry_gate_rejected,
d5_cv_5v5_multicamera_formal_20260716_yolo_bytetrack:0030:D5_Primary_3:0,7.5,INT-03,D5_Primary_3:0,D5_Primary_3:0/yolov8_bytetrack:track:1,G-104,G-103,22.4994751209065,337.9795981531821,False,False,False,rejected,geometry_gate_rejected,
d5_cv_5v5_multicamera_formal_20260716_yolo_bytetrack:0030:D5_Primary_3:0,7.5,INT-03,D5_Primary_3:0,D5_Primary_3:0/yolov8_bytetrack:track:49,G-104,G-105,20.514635668588554,322.72760236416724,False,False,False,rejected,geometry_gate_rejected,
d5_cv_5v5_multicamera_formal_20260716_yolo_bytetrack:0030:D5_Primary_3:0,7.5,INT-03,D5_Primary_3:0,D5_Primary_3:0/yolov8_bytetrack:track:85,G-104,G-102,88.95553717882606,672.0332935561275,False,False,False,rejected,geometry_gate_rejected,
d5_cv_5v5_multicamera_formal_20260716_yolo_bytetrack:0030:D5_Primary_3:0,7.5,INT-03,D5_Primary_3:0,D5_Primary_3:0/yolov8_bytetrack:track:1,G-105,G-103,83.08150226028975,650.367785145197,False,False,False,rejected,geometry_gate_rejected,
d5_cv_5v5_multicamera_formal_20260716_yolo_bytetrack:0030:D5_Primary_3:0,7.5,INT-03,D5_Primary_3:0,D5_Primary_3:0/yolov8_bytetrack:track:49,G-105,G-105,0.030702700598589677,12.491475670925952,True,True,True,registered,registered_to_global_track,True
d5_cv_5v5_multicamera_formal_20260716_yolo_bytetrack:0030:D5_Primary_3:0,7.5,INT-03,D5_Primary_3:0,D5_Primary_3:0/yolov8_bytetrack:track:85,G-105,G-102,190.34610455531043,984.4164167450291,False,False,False,rejected,geometry_gate_rejected,
d5_cv_5v5_multicamera_formal_20260716_yolo_bytetrack:0030:D5_Primary_4:0,7.5,INT-04,D5_Primary_4:0,D5_Primary_4:0/yolov8_bytetrack:track:1,G-101,G-104,,1017.3994394248407,False,False,False,rejected,projection_invalid,
d5_cv_5v5_multicamera_formal_20260716_yolo_bytetrack:0030:D5_Primary_4:0,7.5,INT-04,D5_Primary_4:0,D5_Primary_4:0/yolov8_bytetrack:track:7,G-101,G-105,,1358.1858166890643,False,False,False,rejected,projection_invalid,
d5_cv_5v5_multicamera_formal_20260716_yolo_bytetrack:0030:D5_Primary_4:0,7.5,INT-04,D5_Primary_4:0,D5_Primary_4:0/yolov8_bytetrack:track:2,G-101,G-103,,688.5539711239351,False,False,False,rejected,projection_invalid,
d5_cv_5v5_multicamera_formal_20260716_yolo_bytetrack:0030:D5_Primary_4:0,7.5,INT-04,D5_Primary_4:0,D5_Primary_4:0/yolov8_bytetrack:track:1,G-102,G-104,91.98651223611253,685.5393849612599,False,False,False,rejected,geometry_gate_rejected,
d5_cv_5v5_multicamera_formal_20260716_yolo_bytetrack:0030:D5_Primary_4:0,7.5,INT-04,D5_Primary_4:0,D5_Primary_4:0/yolov8_bytetrack:track:7,G-102,G-105,206.1567128680676,1026.2874463458663,False,False,False,rejected,geometry_gate_rejected,
d5_cv_5v5_multicamera_formal_20260716_yolo_bytetrack:0030:D5_Primary_4:0,7.5,INT-04,D5_Primary_4:0,D5_Primary_4:0/yolov8_bytetrack:track:2,G-102,G-103,24.913498210042082,356.7692227692463,False,False,False,rejected,geometry_gate_rejected,
d5_cv_5v5_multicamera_formal_20260716_yolo_bytetrack:0030:D5_Primary_4:0,7.5,INT-04,D5_Primary_4:0,D5_Primary_4:0/yolov8_bytetrack:track:1,G-103,G-104,21.073318172693302,327.22176928518945,False,False,False,rejected,geometry_gate_rejected,
d5_cv_5v5_multicamera_formal_20260716_yolo_bytetrack:0030:D5_Primary_4:0,7.5,INT-04,D5_Primary_4:0,D5_Primary_4:0/yolov8_bytetrack:track:7,G-103,G-105,87.80738154727261,667.94572607699,False,False,False,rejected,geometry_gate_rejected,
d5_cv_5v5_multicamera_formal_20260716_yolo_bytetrack:0030:D5_Primary_4:0,7.5,INT-04,D5_Primary_4:0,D5_Primary_4:0/yolov8_bytetrack:track:2,G-103,G-103,0.013352611078385564,8.230905724470745,True,True,True,registered,registered_to_global_track,True
d5_cv_5v5_multicamera_formal_20260716_yolo_bytetrack:0030:D5_Primary_4:0,7.5,INT-04,D5_Primary_4:0,D5_Primary_4:0/yolov8_bytetrack:track:1,G-104,G-104,0.004726311594898268,4.897025595037182,True,True,True,registered,registered_to_global_track,True
d5_cv_5v5_multicamera_formal_20260716_yolo_bytetrack:0030:D5_Primary_4:0,7.5,INT-04,D5_Primary_4:0,D5_Primary_4:0/yolov8_bytetrack:track:7,G-104,G-105,22.317032047774152,336.50336408933737,False,False,False,rejected,geometry_gate_rejected,
d5_cv_5v5_multicamera_formal_20260716_yolo_bytetrack:0030:D5_Primary_4:0,7.5,INT-04,D5_Primary_4:0,D5_Primary_4:0/yolov8_bytetrack:track:2,G-104,G-103,21.87382451012588,333.1451948908059,False,False,False,rejected,geometry_gate_rejected,
d5_cv_5v5_multicamera_formal_20260716_yolo_bytetrack:0030:D5_Primary_4:0,7.5,INT-04,D5_Primary_4:0,D5_Primary_4:0/yolov8_bytetrack:track:1,G-105,G-104,21.441534217532777,329.99874447309554,False,False,False,rejected,geometry_gate_rejected,
d5_cv_5v5_multicamera_formal_20260716_yolo_bytetrack:0030:D5_Primary_4:0,7.5,INT-04,D5_Primary_4:0,D5_Primary_4:0/yolov8_bytetrack:track:7,G-105,G-105,0.02897591098249369,12.129312395013594,True,True,True,registered,registered_to_global_track,True
d5_cv_5v5_multicamera_formal_20260716_yolo_bytetrack:0030:D5_Primary_4:0,7.5,INT-04,D5_Primary_4:0,D5_Primary_4:0/yolov8_bytetrack:track:2,G-105,G-103,85.45808393055323,658.811090763218,False,False,False,rejected,geometry_gate_rejected,
d5_cv_5v5_multicamera_formal_20260716_yolo_bytetrack:0030:D5_Primary_5:0,7.5,INT-05,D5_Primary_5:0,D5_Primary_5:0/yolov8_bytetrack:track:1,G-101,G-105,,1304.646411503408,False,False,False,rejected,projection_invalid,
d5_cv_5v5_multicamera_formal_20260716_yolo_bytetrack:0030:D5_Primary_5:0,7.5,INT-05,D5_Primary_5:0,D5_Primary_5:0/yolov8_bytetrack:track:1,G-102,G-105,,996.0448973331835,False,False,False,rejected,projection_invalid,
d5_cv_5v5_multicamera_formal_20260716_yolo_bytetrack:0030:D5_Primary_5:0,7.5,INT-05,D5_Primary_5:0,D5_Primary_5:0/yolov8_bytetrack:track:1,G-103,G-105,83.56240494230104,652.5344545046125,False,False,False,rejected,geometry_gate_rejected,
d5_cv_5v5_multicamera_formal_20260716_yolo_bytetrack:0030:D5_Primary_5:0,7.5,INT-05,D5_Primary_5:0,D5_Primary_5:0/yolov8_bytetrack:track:1,G-104,G-105,21.601722319528164,331.215543789463,False,False,False,rejected,geometry_gate_rejected,
d5_cv_5v5_multicamera_formal_20260716_yolo_bytetrack:0030:D5_Primary_5:0,7.5,INT-05,D5_Primary_5:0,D5_Primary_5:0/yolov8_bytetrack:track:1,G-105,G-105,0.015644550436770644,8.907891466131,True,True,True,registered,registered_to_global_track,True
d5_cv_5v5_multicamera_formal_20260716_yolo_bytetrack:0030:D5_Recon_1:0,7.5,RECON-01,D5_Recon_1:0,D5_Recon_1:0:det:0001,G-101,G-101,0.0001001977665536988,1.3893495020393882,True,True,True,registered,registered_to_global_track,True
d5_cv_5v5_multicamera_formal_20260716_yolo_bytetrack:0030:D5_Recon_1:0,7.5,RECON-01,D5_Recon_1:0,D5_Recon_1:0:det:0002,G-101,G-102,4.808676035477099,304.3671831848136,True,False,False,candidate,,
d5_cv_5v5_multicamera_formal_20260716_yolo_bytetrack:0030:D5_Recon_1:0,7.5,RECON-01,D5_Recon_1:0,D5_Recon_1:0:det:0003,G-101,G-103,19.315515842147292,610.0117787870212,False,False,False,rejected,geometry_gate_rejected,
d5_cv_5v5_multicamera_formal_20260716_yolo_bytetrack:0030:D5_Recon_1:0,7.5,RECON-01,D5_Recon_1:0,D5_Recon_1:0:det:0005,G-101,G-105,77.19512440106405,1219.4949358448907,False,False,False,rejected,geometry_gate_rejected,
d5_cv_5v5_multicamera_formal_20260716_yolo_bytetrack:0030:D5_Recon_1:0,7.5,RECON-01,D5_Recon_1:0,D5_Recon_1:0:det:0001,G-102,G-101,4.706052260826682,301.0523302664034,True,False,False,candidate,,
d5_cv_5v5_multicamera_formal_20260716_yolo_bytetrack:0030:D5_Recon_1:0,7.5,RECON-01,D5_Recon_1:0,D5_Recon_1:0:det:0002,G-102,G-102,0.002743507832581096,7.268614988404218,True,True,True,registered,registered_to_global_track,True
d5_cv_5v5_multicamera_formal_20260716_yolo_bytetrack:0030:D5_Recon_1:0,7.5,RECON-01,D5_Recon_1:0,D5_Recon_1:0:det:0003,G-102,G-103,5.003818433985068,310.43053098928823,True,False,False,candidate,,
d5_cv_5v5_multicamera_formal_20260716_yolo_bytetrack:0030:D5_Recon_1:0,7.5,RECON-01,D5_Recon_1:0,D5_Recon_1:0:det:0005,G-102,G-105,43.937604661395234,919.8814069041829,False,False,False,rejected,geometry_gate_rejected,
d5_cv_5v5_multicamera_formal_20260716_yolo_bytetrack:0030:D5_Recon_1:0,7.5,RECON-01,D5_Recon_1:0,D5_Recon_1:0:det:0001,G-103,G-101,20.056297047706693,621.4453907575564,False,False,False,rejected,geometry_gate_rejected,
d5_cv_5v5_multicamera_formal_20260716_yolo_bytetrack:0030:D5_Recon_1:0,7.5,RECON-01,D5_Recon_1:0,D5_Recon_1:0:det:0002,G-103,G-102,5.176202336455576,315.7062770343833,True,False,False,candidate,,
d5_cv_5v5_multicamera_formal_20260716_yolo_bytetrack:0030:D5_Recon_1:0,7.5,RECON-01,D5_Recon_1:0,D5_Recon_1:0:det:0003,G-103,G-103,0.005264727516676764,10.068517840065626,True,True,True,registered,registered_to_global_track,True
d5_cv_5v5_multicamera_formal_20260716_yolo_bytetrack:0030:D5_Recon_1:0,7.5,RECON-01,D5_Recon_1:0,D5_Recon_1:0:det:0005,G-103,G-105,18.659927882494603,599.421857416554,False,False,False,rejected,geometry_gate_rejected,
d5_cv_5v5_multicamera_formal_20260716_yolo_bytetrack:0030:D5_Recon_1:0,7.5,RECON-01,D5_Recon_1:0,D5_Recon_1:0:det:0001,G-104,G-101,43.92063490681235,919.6604512792273,False,False,False,rejected,geometry_gate_rejected,
d5_cv_5v5_multicamera_formal_20260716_yolo_bytetrack:0030:D5_Recon_1:0,7.5,RECON-01,D5_Recon_1:0,D5_Recon_1:0:det:0002,G-104,G-102,19.57259056400487,613.9278894286541,False,False,False,rejected,geometry_gate_rejected,
d5_cv_5v5_multicamera_formal_20260716_yolo_bytetrack:0030:D5_Recon_1:0,7.5,RECON-01,D5_Recon_1:0,D5_Recon_1:0:det:0003,G-104,G-103,4.935922261558311,308.3027259710296,True,False,False,candidate,,
d5_cv_5v5_multicamera_formal_20260716_yolo_bytetrack:0030:D5_Recon_1:0,7.5,RECON-01,D5_Recon_1:0,D5_Recon_1:0:det:0005,G-104,G-105,4.712988505257809,301.25993009473024,True,False,False,candidate,,
d5_cv_5v5_multicamera_formal_20260716_yolo_bytetrack:0030:D5_Recon_1:0,7.5,RECON-01,D5_Recon_1:0,D5_Recon_1:0:det:0001,G-105,G-101,76.55952002345074,1214.417344818628,False,False,False,rejected,geometry_gate_rejected,
d5_cv_5v5_multicamera_formal_20260716_yolo_bytetrack:0030:D5_Recon_1:0,7.5,RECON-01,D5_Recon_1:0,D5_Recon_1:0:det:0002,G-105,G-102,42.863109956300406,908.6783893541589,False,False,False,rejected,geometry_gate_rejected,
d5_cv_5v5_multicamera_formal_20260716_yolo_bytetrack:0030:D5_Recon_1:0,7.5,RECON-01,D5_Recon_1:0,D5_Recon_1:0:det:0003,G-105,G-103,18.877624952172088,603.0343307219124,False,False,False,rejected,geometry_gate_rejected,
d5_cv_5v5_multicamera_formal_20260716_yolo_bytetrack:0030:D5_Recon_1:0,7.5,RECON-01,D5_Recon_1:0,D5_Recon_1:0:det:0005,G-105,G-105,0.002262483441342889,6.601709334942999,True,True,True,registered,registered_to_global_track,True
d5_cv_5v5_multicamera_formal_20260716_yolo_bytetrack:0031:D5_Primary_1:0,7.75,INT-01,D5_Primary_1:0,D5_Primary_1:0/yolov8_bytetrack:track:1,G-101,G-101,0.010308446770887667,7.231469354647905,True,True,True,registered,registered_to_global_track,True
d5_cv_5v5_multicamera_formal_20260716_yolo_bytetrack:0031:D5_Primary_1:0,7.75,INT-01,D5_Primary_1:0,D5_Primary_1:0/yolov8_bytetrack:track:15,G-101,G-102,19.93977095804391,318.04608926673535,False,False,False,rejected,geometry_gate_rejected,
d5_cv_5v5_multicamera_formal_20260716_yolo_bytetrack:0031:D5_Primary_1:0,7.75,INT-01,D5_Primary_1:0,D5_Primary_1:0/yolov8_bytetrack:track:2,G-101,G-103,75.44537234298578,618.6518047969835,False,False,False,rejected,geometry_gate_rejected,
d5_cv_5v5_multicamera_formal_20260716_yolo_bytetrack:0031:D5_Primary_1:0,7.75,INT-01,D5_Primary_1:0,D5_Primary_1:0/yolov8_bytetrack:track:1,G-102,G-101,19.629183488026527,315.43561844621917,False,False,False,rejected,geometry_gate_rejected,
d5_cv_5v5_multicamera_formal_20260716_yolo_bytetrack:0031:D5_Primary_1:0,7.75,INT-01,D5_Primary_1:0,D5_Primary_1:0/yolov8_bytetrack:track:15,G-102,G-102,0.030571551448211557,12.440548431507915,True,True,True,registered,registered_to_global_track,True
d5_cv_5v5_multicamera_formal_20260716_yolo_bytetrack:0031:D5_Primary_1:0,7.75,INT-01,D5_Primary_1:0,D5_Primary_1:0/yolov8_bytetrack:track:2,G-102,G-103,18.22367845476088,303.93159401670056,False,False,False,rejected,geometry_gate_rejected,
d5_cv_5v5_multicamera_formal_20260716_yolo_bytetrack:0031:D5_Primary_1:0,7.75,INT-01,D5_Primary_1:0,D5_Primary_1:0/yolov8_bytetrack:track:1,G-103,G-101,76.8723771752982,624.4803522252093,False,False,False,rejected,geometry_gate_rejected,
d5_cv_5v5_multicamera_formal_20260716_yolo_bytetrack:0031:D5_Primary_1:0,7.75,INT-01,D5_Primary_1:0,D5_Primary_1:0/yolov8_bytetrack:track:15,G-103,G-102,18.491379095410462,306.2796433763271,False,False,False,rejected,geometry_gate_rejected,
d5_cv_5v5_multicamera_formal_20260716_yolo_bytetrack:0031:D5_Primary_1:0,7.75,INT-01,D5_Primary_1:0,D5_Primary_1:0/yolov8_bytetrack:track:2,G-103,G-103,0.01688177092941206,9.240484533649166,True,True,True,registered,registered_to_global_track,True
d5_cv_5v5_multicamera_formal_20260716_yolo_bytetrack:0031:D5_Primary_1:0,7.75,INT-01,D5_Primary_1:0,D5_Primary_1:0/yolov8_bytetrack:track:1,G-104,G-101,159.5189745678655,900.797104575475,False,False,False,rejected,geometry_gate_rejected,
d5_cv_5v5_multicamera_formal_20260716_yolo_bytetrack:0031:D5_Primary_1:0,7.75,INT-01,D5_Primary_1:0,D5_Primary_1:0/yolov8_bytetrack:track:15,G-104,G-102,66.71632437539341,582.5549041478719,False,False,False,rejected,geometry_gate_rejected,
d5_cv_5v5_multicamera_formal_20260716_yolo_bytetrack:0031:D5_Primary_1:0,7.75,INT-01,D5_Primary_1:0,D5_Primary_1:0/yolov8_bytetrack:track:2,G-104,G-103,15.623883741637961,281.91313144992364,True,False,False,candidate,,
d5_cv_5v5_multicamera_formal_20260716_yolo_bytetrack:0031:D5_Primary_1:0,7.75,INT-01,D5_Primary_1:0,D5_Primary_1:0/yolov8_bytetrack:track:1,G-105,G-101,,1150.1644321398242,False,False,False,rejected,projection_invalid,
d5_cv_5v5_multicamera_formal_20260716_yolo_bytetrack:0031:D5_Primary_1:0,7.75,INT-01,D5_Primary_1:0,D5_Primary_1:0/yolov8_bytetrack:track:15,G-105,G-102,,831.9229131089764,False,False,False,rejected,projection_invalid,
d5_cv_5v5_multicamera_formal_20260716_yolo_bytetrack:0031:D5_Primary_1:0,7.75,INT-01,D5_Primary_1:0,D5_Primary_1:0/yolov8_bytetrack:track:2,G-105,G-103,,531.2838700261716,False,False,False,rejected,projection_invalid,
d5_cv_5v5_multicamera_formal_20260716_yolo_bytetrack:0031:D5_Primary_2:0,7.75,INT-02,D5_Primary_2:0,D5_Primary_2:0/yolov8_bytetrack:track:1,G-101,G-102,22.70433649064972,339.96062654206213,False,False,False,rejected,geometry_gate_rejected,
d5_cv_5v5_multicamera_formal_20260716_yolo_bytetrack:0031:D5_Primary_2:0,7.75,INT-02,D5_Primary_2:0,D5_Primary_2:0/yolov8_bytetrack:track:38,G-101,G-101,0.03742413422400849,13.798210452452519,True,True,True,registered,registered_to_global_track,True
d5_cv_5v5_multicamera_formal_20260716_yolo_bytetrack:0031:D5_Primary_2:0,7.75,INT-02,D5_Primary_2:0,D5_Primary_2:0/yolov8_bytetrack:track:3,G-101,G-104,188.2148003560206,978.8159561759281,False,False,False,rejected,geometry_gate_rejected,
d5_cv_5v5_multicamera_formal_20260716_yolo_bytetrack:0031:D5_Primary_2:0,7.75,INT-02,D5_Primary_2:0,D5_Primary_2:0/yolov8_bytetrack:track:5,G-101,G-103,86.46695956544565,663.4363634151042,False,False,False,rejected,geometry_gate_rejected,
d5_cv_5v5_multicamera_formal_20260716_yolo_bytetrack:0031:D5_Primary_2:0,7.75,INT-02,D5_Primary_2:0,D5_Primary_2:0/yolov8_bytetrack:track:1,G-102,G-102,0.04269631037288086,14.71982326528083,True,True,True,registered,registered_to_global_track,True
d5_cv_5v5_multicamera_formal_20260716_yolo_bytetrack:0031:D5_Primary_2:0,7.75,INT-02,D5_Primary_2:0,D5_Primary_2:0/yolov8_bytetrack:track:38,G-102,G-101,23.598937260286117,346.0614354064942,False,False,False,rejected,geometry_gate_rejected,
d5_cv_5v5_multicamera_formal_20260716_yolo_bytetrack:0031:D5_Primary_2:0,7.75,INT-02,D5_Primary_2:0,D5_Primary_2:0/yolov8_bytetrack:track:3,G-102,G-104,81.79830245584432,644.2866444559636,False,False,False,rejected,geometry_gate_rejected,
d5_cv_5v5_multicamera_formal_20260716_yolo_bytetrack:0031:D5_Primary_2:0,7.75,INT-02,D5_Primary_2:0,D5_Primary_2:0/yolov8_bytetrack:track:5,G-102,G-103,21.33068750962098,329.01023715293235,False,False,False,rejected,geometry_gate_rejected,
d5_cv_5v5_multicamera_formal_20260716_yolo_bytetrack:0031:D5_Primary_2:0,7.75,INT-02,D5_Primary_2:0,D5_Primary_2:0/yolov8_bytetrack:track:1,G-103,G-102,21.952632386257857,333.6690930732769,False,False,False,rejected,geometry_gate_rejected,
d5_cv_5v5_multicamera_formal_20260716_yolo_bytetrack:0031:D5_Primary_2:0,7.75,INT-02,D5_Primary_2:0,D5_Primary_2:0/yolov8_bytetrack:track:38,G-103,G-101,92.41521681667405,684.6118073229101,False,False,False,rejected,geometry_gate_rejected,
d5_cv_5v5_multicamera_formal_20260716_yolo_bytetrack:0031:D5_Primary_2:0,7.75,INT-02,D5_Primary_2:0,D5_Primary_2:0/yolov8_bytetrack:track:3,G-103,G-104,18.404580213815258,305.51650205677146,False,False,False,rejected,geometry_gate_rejected,
d5_cv_5v5_multicamera_formal_20260716_yolo_bytetrack:0031:D5_Primary_2:0,7.75,INT-02,D5_Primary_2:0,D5_Primary_2:0/yolov8_bytetrack:track:5,G-103,G-103,0.03394991900029687,13.117936170568395,True,True,True,registered,registered_to_global_track,True
d5_cv_5v5_multicamera_formal_20260716_yolo_bytetrack:0031:D5_Primary_2:0,7.75,INT-02,D5_Primary_2:0,D5_Primary_2:0/yolov8_bytetrack:track:1,G-104,G-102,80.34717506466431,639.0870502829642,False,False,False,rejected,geometry_gate_rejected,
d5_cv_5v5_multicamera_formal_20260716_yolo_bytetrack:0031:D5_Primary_2:0,7.75,INT-02,D5_Primary_2:0,D5_Primary_2:0/yolov8_bytetrack:track:38,G-104,G-101,192.84265513376326,990.0936268223919,False,False,False,rejected,geometry_gate_rejected,
d5_cv_5v5_multicamera_formal_20260716_yolo_bytetrack:0031:D5_Primary_2:0,7.75,INT-02,D5_Primary_2:0,D5_Primary_2:0/yolov8_bytetrack:track:3,G-104,G-104,0.0009495030701217234,2.1913464425600164,True,True,True,registered,registered_to_global_track,True
d5_cv_5v5_multicamera_formal_20260716_yolo_bytetrack:0031:D5_Primary_2:0,7.75,INT-02,D5_Primary_2:0,D5_Primary_2:0/yolov8_bytetrack:track:5,G-104,G-103,19.588463103053595,315.55487071171643,False,False,False,rejected,geometry_gate_rejected,
d5_cv_5v5_multicamera_formal_20260716_yolo_bytetrack:0031:D5_Primary_2:0,7.75,INT-02,D5_Primary_2:0,D5_Primary_2:0/yolov8_bytetrack:track:1,G-105,G-102,166.75490969719854,922.2039520084952,False,False,False,rejected,geometry_gate_rejected,
d5_cv_5v5_multicamera_formal_20260716_yolo_bytetrack:0031:D5_Primary_2:0,7.75,INT-02,D5_Primary_2:0,D5_Primary_2:0/yolov8_bytetrack:track:38,G-105,G-101,317.8509255536664,1273.208138677416,False,False,False,rejected,geometry_gate_rejected,
d5_cv_5v5_multicamera_formal_20260716_yolo_bytetrack:0031:D5_Primary_2:0,7.75,INT-02,D5_Primary_2:0,D5_Primary_2:0/yolov8_bytetrack:track:3,G-105,G-104,15.738669181401269,283.31611746841367,True,False,False,candidate,,
d5_cv_5v5_multicamera_formal_20260716_yolo_bytetrack:0031:D5_Primary_2:0,7.75,INT-02,D5_Primary_2:0,D5_Primary_2:0/yolov8_bytetrack:track:5,G-105,G-103,70.27570238354033,598.6737940733274,False,False,False,rejected,geometry_gate_rejected,
d5_cv_5v5_multicamera_formal_20260716_yolo_bytetrack:0031:D5_Primary_3:0,7.75,INT-03,D5_Primary_3:0,D5_Primary_3:0/yolov8_bytetrack:track:1,G-101,G-103,91.35545144025897,683.7055710325903,False,False,False,rejected,geometry_gate_rejected,
d5_cv_5v5_multicamera_formal_20260716_yolo_bytetrack:0031:D5_Primary_3:0,7.75,INT-03,D5_Primary_3:0,D5_Primary_3:0/yolov8_bytetrack:track:49,G-101,G-105,350.723714092669,1339.6286463429517,False,False,False,rejected,geometry_gate_rejected,
d5_cv_5v5_multicamera_formal_20260716_yolo_bytetrack:0031:D5_Primary_3:0,7.75,INT-03,D5_Primary_3:0,D5_Primary_3:0/yolov8_bytetrack:track:2,G-101,G-102,22.205598333900877,337.0798169234643,False,False,False,rejected,geometry_gate_rejected,
d5_cv_5v5_multicamera_formal_20260716_yolo_bytetrack:0031:D5_Primary_3:0,7.75,INT-03,D5_Primary_3:0,D5_Primary_3:0/yolov8_bytetrack:track:12,G-101,G-104,201.57316990569862,1015.5896054176569,False,False,False,rejected,geometry_gate_rejected,
d5_cv_5v5_multicamera_formal_20260716_yolo_bytetrack:0031:D5_Primary_3:0,7.75,INT-03,D5_Primary_3:0,D5_Primary_3:0/yolov8_bytetrack:track:1,G-102,G-103,23.316544344790962,344.43536222588136,False,False,False,rejected,geometry_gate_rejected,
d5_cv_5v5_multicamera_formal_20260716_yolo_bytetrack:0031:D5_Primary_3:0,7.75,INT-03,D5_Primary_3:0,D5_Primary_3:0/yolov8_bytetrack:track:49,G-102,G-105,196.613341115318,1000.1886606263437,False,False,False,rejected,geometry_gate_rejected,
d5_cv_5v5_multicamera_formal_20260716_yolo_bytetrack:0031:D5_Primary_3:0,7.75,INT-03,D5_Primary_3:0,D5_Primary_3:0/yolov8_bytetrack:track:2,G-102,G-102,0.045349514342585814,15.177754762544165,True,True,True,registered,registered_to_global_track,True
d5_cv_5v5_multicamera_formal_20260716_yolo_bytetrack:0031:D5_Primary_3:0,7.75,INT-03,D5_Primary_3:0,D5_Primary_3:0/yolov8_bytetrack:track:12,G-102,G-104,89.86693768750892,676.2005541887178,False,False,False,rejected,geometry_gate_rejected,
d5_cv_5v5_multicamera_formal_20260716_yolo_bytetrack:0031:D5_Primary_3:0,7.75,INT-03,D5_Primary_3:0,D5_Primary_3:0/yolov8_bytetrack:track:1,G-103,G-103,0.04207651440427154,14.609711883461664,True,True,True,registered,registered_to_global_track,True
d5_cv_5v5_multicamera_formal_20260716_yolo_bytetrack:0031:D5_Primary_3:0,7.75,INT-03,D5_Primary_3:0,D5_Primary_3:0/yolov8_bytetrack:track:49,G-103,G-105,82.08601546342385,645.2917691125648,False,False,False,rejected,geometry_gate_rejected,
d5_cv_5v5_multicamera_formal_20260716_yolo_bytetrack:0031:D5_Primary_3:0,7.75,INT-03,D5_Primary_3:0,D5_Primary_3:0/yolov8_bytetrack:track:2,G-103,G-102,25.20661017679374,357.5845819269359,False,False,False,rejected,geometry_gate_rejected,
d5_cv_5v5_multicamera_formal_20260716_yolo_bytetrack:0031:D5_Primary_3:0,7.75,INT-03,D5_Primary_3:0,D5_Primary_3:0/yolov8_bytetrack:track:12,G-103,G-104,20.355653952920957,321.3394587295117,False,False,False,rejected,geometry_gate_rejected,
d5_cv_5v5_multicamera_formal_20260716_yolo_bytetrack:0031:D5_Primary_3:0,7.75,INT-03,D5_Primary_3:0,D5_Primary_3:0/yolov8_bytetrack:track:1,G-104,G-103,22.040578109546978,334.5046597655621,False,False,False,rejected,geometry_gate_rejected,
d5_cv_5v5_multicamera_formal_20260716_yolo_bytetrack:0031:D5_Primary_3:0,7.75,INT-03,D5_Primary_3:0,D5_Primary_3:0/yolov8_bytetrack:track:49,G-104,G-105,20.35606313197301,321.4678292257256,False,False,False,rejected,geometry_gate_rejected,
d5_cv_5v5_multicamera_formal_20260716_yolo_bytetrack:0031:D5_Primary_3:0,7.75,INT-03,D5_Primary_3:0,D5_Primary_3:0/yolov8_bytetrack:track:2,G-104,G-102,91.40390150615089,681.1975095376364,False,False,False,rejected,geometry_gate_rejected,
d5_cv_5v5_multicamera_formal_20260716_yolo_bytetrack:0031:D5_Primary_3:0,7.75,INT-03,D5_Primary_3:0,D5_Primary_3:0/yolov8_bytetrack:track:12,G-104,G-104,0.003874084178080376,4.432670022927869,True,True,True,registered,registered_to_global_track,True
d5_cv_5v5_multicamera_formal_20260716_yolo_bytetrack:0031:D5_Primary_3:0,7.75,INT-03,D5_Primary_3:0,D5_Primary_3:0/yolov8_bytetrack:track:1,G-105,G-103,81.27737453035489,643.2081157340735,False,False,False,rejected,geometry_gate_rejected,
d5_cv_5v5_multicamera_formal_20260716_yolo_bytetrack:0031:D5_Primary_3:0,7.75,INT-03,D5_Primary_3:0,D5_Primary_3:0/yolov8_bytetrack:track:49,G-105,G-105,0.03877648869957291,14.042490444590834,True,True,True,registered,registered_to_global_track,True
d5_cv_5v5_multicamera_formal_20260716_yolo_bytetrack:0031:D5_Primary_3:0,7.75,INT-03,D5_Primary_3:0,D5_Primary_3:0/yolov8_bytetrack:track:2,G-105,G-102,192.50771313159404,989.8986964587017,False,False,False,rejected,geometry_gate_rejected,
d5_cv_5v5_multicamera_formal_20260716_yolo_bytetrack:0031:D5_Primary_3:0,7.75,INT-03,D5_Primary_3:0,D5_Primary_3:0/yolov8_bytetrack:track:12,G-105,G-104,19.045275969440514,311.358048714653,False,False,False,rejected,geometry_gate_rejected,
d5_cv_5v5_multicamera_formal_20260716_yolo_bytetrack:0031:D5_Primary_4:0,7.75,INT-04,D5_Primary_4:0,D5_Primary_4:0/yolov8_bytetrack:track:1,G-101,G-104,,1007.7822437455743,False,False,False,rejected,projection_invalid,
d5_cv_5v5_multicamera_formal_20260716_yolo_bytetrack:0031:D5_Primary_4:0,7.75,INT-04,D5_Primary_4:0,D5_Primary_4:0/yolov8_bytetrack:track:7,G-101,G-105,,1348.468842402415,False,False,False,rejected,projection_invalid,
d5_cv_5v5_multicamera_formal_20260716_yolo_bytetrack:0031:D5_Primary_4:0,7.75,INT-04,D5_Primary_4:0,D5_Primary_4:0/yolov8_bytetrack:track:1,G-102,G-104,90.2444794254832,678.9871008109023,False,False,False,rejected,geometry_gate_rejected,
d5_cv_5v5_multicamera_formal_20260716_yolo_bytetrack:0031:D5_Primary_4:0,7.75,INT-04,D5_Primary_4:0,D5_Primary_4:0/yolov8_bytetrack:track:7,G-102,G-105,203.50883072577898,1019.63041821202,False,False,False,rejected,geometry_gate_rejected,
d5_cv_5v5_multicamera_formal_20260716_yolo_bytetrack:0031:D5_Primary_4:0,7.75,INT-04,D5_Primary_4:0,D5_Primary_4:0/yolov8_bytetrack:track:1,G-103,G-104,20.647711220783638,323.89832791265025,False,False,False,rejected,geometry_gate_rejected,
d5_cv_5v5_multicamera_formal_20260716_yolo_bytetrack:0031:D5_Primary_4:0,7.75,INT-04,D5_Primary_4:0,D5_Primary_4:0/yolov8_bytetrack:track:7,G-103,G-105,86.90814942592264,664.5121761528687,False,False,False,rejected,geometry_gate_rejected,
d5_cv_5v5_multicamera_formal_20260716_yolo_bytetrack:0031:D5_Primary_4:0,7.75,INT-04,D5_Primary_4:0,D5_Primary_4:0/yolov8_bytetrack:track:1,G-104,G-104,0.005317109322901452,5.194084856394249,True,True,True,registered,registered_to_global_track,True
d5_cv_5v5_multicamera_formal_20260716_yolo_bytetrack:0031:D5_Primary_4:0,7.75,INT-04,D5_Primary_4:0,D5_Primary_4:0/yolov8_bytetrack:track:7,G-104,G-105,22.30423966074237,336.40694153321743,False,False,False,rejected,geometry_gate_rejected,
d5_cv_5v5_multicamera_formal_20260716_yolo_bytetrack:0031:D5_Primary_4:0,7.75,INT-04,D5_Primary_4:0,D5_Primary_4:0/yolov8_bytetrack:track:1,G-105,G-104,20.99834905644762,326.5630018619132,False,False,False,rejected,geometry_gate_rejected,
d5_cv_5v5_multicamera_formal_20260716_yolo_bytetrack:0031:D5_Primary_4:0,7.75,INT-04,D5_Primary_4:0,D5_Primary_4:0/yolov8_bytetrack:track:7,G-105,G-105,0.046289859988068616,15.330987878701327,True,True,True,registered,registered_to_global_track,True
d5_cv_5v5_multicamera_formal_20260716_yolo_bytetrack:0031:D5_Primary_5:0,7.75,INT-05,D5_Primary_5:0,D5_Primary_5:0/yolov8_bytetrack:track:1,G-101,G-105,,1291.9734426055334,False,False,False,rejected,projection_invalid,
d5_cv_5v5_multicamera_formal_20260716_yolo_bytetrack:0031:D5_Primary_5:0,7.75,INT-05,D5_Primary_5:0,D5_Primary_5:0/yolov8_bytetrack:track:1,G-102,G-105,,986.4585108097682,False,False,False,rejected,projection_invalid,
d5_cv_5v5_multicamera_formal_20260716_yolo_bytetrack:0031:D5_Primary_5:0,7.75,INT-05,D5_Primary_5:0,D5_Primary_5:0/yolov8_bytetrack:track:1,G-103,G-105,81.95116167064528,646.1788411867252,False,False,False,rejected,geometry_gate_rejected,
d5_cv_5v5_multicamera_formal_20260716_yolo_bytetrack:0031:D5_Primary_5:0,7.75,INT-05,D5_Primary_5:0,D5_Primary_5:0/yolov8_bytetrack:track:1,G-104,G-105,21.201116490243955,328.1256181062558,False,False,False,rejected,geometry_gate_rejected,
d5_cv_5v5_multicamera_formal_20260716_yolo_bytetrack:0031:D5_Primary_5:0,7.75,INT-05,D5_Primary_5:0,D5_Primary_5:0/yolov8_bytetrack:track:1,G-105,G-105,0.01596711716738303,8.999253238451587,True,True,True,registered,registered_to_global_track,True
d5_cv_5v5_multicamera_formal_20260716_yolo_bytetrack:0031:D5_Recon_1:0,7.75,RECON-01,D5_Recon_1:0,D5_Recon_1:0:det:0001,G-101,G-101,0.00010324025781173132,1.4102746369068966,True,True,True,registered,registered_to_global_track,True
d5_cv_5v5_multicamera_formal_20260716_yolo_bytetrack:0031:D5_Recon_1:0,7.75,RECON-01,D5_Recon_1:0,D5_Recon_1:0:det:0002,G-101,G-102,4.7096456776231825,301.21462450202023,True,False,False,candidate,,
d5_cv_5v5_multicamera_formal_20260716_yolo_bytetrack:0031:D5_Recon_1:0,7.75,RECON-01,D5_Recon_1:0,D5_Recon_1:0:det:0003,G-101,G-103,18.918250008994885,603.7017247355469,False,False,False,rejected,geometry_gate_rejected,
d5_cv_5v5_multicamera_formal_20260716_yolo_bytetrack:0031:D5_Recon_1:0,7.75,RECON-01,D5_Recon_1:0,D5_Recon_1:0:det:0004,G-101,G-104,42.578624745942335,905.6862019724647,False,False,False,rejected,geometry_gate_rejected,
d5_cv_5v5_multicamera_formal_20260716_yolo_bytetrack:0031:D5_Recon_1:0,7.75,RECON-01,D5_Recon_1:0,D5_Recon_1:0:det:0005,G-101,G-105,75.595758497513,1206.7870770021848,False,False,False,rejected,geometry_gate_rejected,
d5_cv_5v5_multicamera_formal_20260716_yolo_bytetrack:0031:D5_Recon_1:0,7.75,RECON-01,D5_Recon_1:0,D5_Recon_1:0:det:0001,G-102,G-101,4.608761821491337,297.92304405557894,True,False,False,candidate,,
d5_cv_5v5_multicamera_formal_20260716_yolo_bytetrack:0031:D5_Recon_1:0,7.75,RECON-01,D5_Recon_1:0,D5_Recon_1:0:det:0002,G-102,G-102,0.002710907063060998,7.225279471738913,True,True,True,registered,registered_to_global_track,True
d5_cv_5v5_multicamera_formal_20260716_yolo_bytetrack:0031:D5_Recon_1:0,7.75,RECON-01,D5_Recon_1:0,D5_Recon_1:0:det:0003,G-102,G-103,4.9024119605985454,307.26769429407346,True,False,False,candidate,,
d5_cv_5v5_multicamera_formal_20260716_yolo_bytetrack:0031:D5_Recon_1:0,7.75,RECON-01,D5_Recon_1:0,D5_Recon_1:0:det:0004,G-102,G-104,19.27240485484859,609.228136848635,False,False,False,rejected,geometry_gate_rejected,
d5_cv_5v5_multicamera_formal_20260716_yolo_bytetrack:0031:D5_Recon_1:0,7.75,RECON-01,D5_Recon_1:0,D5_Recon_1:0:det:0005,G-102,G-105,43.02939127724452,910.3210745950106,False,False,False,rejected,geometry_gate_rejected,
d5_cv_5v5_multicamera_formal_20260716_yolo_bytetrack:0031:D5_Recon_1:0,7.75,RECON-01,D5_Recon_1:0,D5_Recon_1:0:det:0001,G-103,G-101,19.65231625066406,615.1530301907604,False,False,False,rejected,geometry_gate_rejected,
d5_cv_5v5_multicamera_formal_20260716_yolo_bytetrack:0031:D5_Recon_1:0,7.75,RECON-01,D5_Recon_1:0,D5_Recon_1:0:det:0002,G-103,G-102,5.0731749645525,312.54763412210997,True,False,False,candidate,,
d5_cv_5v5_multicamera_formal_20260716_yolo_bytetrack:0031:D5_Recon_1:0,7.75,RECON-01,D5_Recon_1:0,D5_Recon_1:0:det:0003,G-103,G-103,0.005263579491141648,10.06738989546909,True,True,True,registered,registered_to_global_track,True
d5_cv_5v5_multicamera_formal_20260716_yolo_bytetrack:0031:D5_Recon_1:0,7.75,RECON-01,D5_Recon_1:0,D5_Recon_1:0:det:0004,G-103,G-104,4.425765491529035,291.9244660906721,True,False,False,candidate,,
d5_cv_5v5_multicamera_formal_20260716_yolo_bytetrack:0031:D5_Recon_1:0,7.75,RECON-01,D5_Recon_1:0,D5_Recon_1:0:det:0005,G-103,G-105,18.263908516970925,593.0252114654965,False,False,False,rejected,geometry_gate_rejected,
d5_cv_5v5_multicamera_formal_20260716_yolo_bytetrack:0031:D5_Recon_1:0,7.75,RECON-01,D5_Recon_1:0,D5_Recon_1:0:det:0001,G-104,G-101,43.01909857406076,910.1686027214494,False,False,False,rejected,geometry_gate_rejected,
d5_cv_5v5_multicamera_formal_20260716_yolo_bytetrack:0031:D5_Recon_1:0,7.75,RECON-01,D5_Recon_1:0,D5_Recon_1:0:det:0002,G-104,G-102,19.169465478023213,607.5698299278048,False,False,False,rejected,geometry_gate_rejected,
d5_cv_5v5_multicamera_formal_20260716_yolo_bytetrack:0031:D5_Recon_1:0,7.75,RECON-01,D5_Recon_1:0,D5_Recon_1:0:det:0003,G-104,G-103,4.834022741817648,305.1023444980197,True,False,False,candidate,,
d5_cv_5v5_multicamera_formal_20260716_yolo_bytetrack:0031:D5_Recon_1:0,7.75,RECON-01,D5_Recon_1:0,D5_Recon_1:0:det:0004,G-104,G-104,0.0017430110051140865,5.793261123773907,True,True,True,registered,registered_to_global_track,True
d5_cv_5v5_multicamera_formal_20260716_yolo_bytetrack:0031:D5_Recon_1:0,7.75,RECON-01,D5_Recon_1:0,D5_Recon_1:0:det:0005,G-104,G-105,4.613544266799355,298.0633085098169,True,False,False,candidate,,
d5_cv_5v5_multicamera_formal_20260716_yolo_bytetrack:0031:D5_Recon_1:0,7.75,RECON-01,D5_Recon_1:0,D5_Recon_1:0:det:0001,G-105,G-101,74.96870356670193,1201.7232968332933,False,False,False,rejected,geometry_gate_rejected,
d5_cv_5v5_multicamera_formal_20260716_yolo_bytetrack:0031:D5_Recon_1:0,7.75,RECON-01,D5_Recon_1:0,D5_Recon_1:0:det:0002,G-105,G-102,41.966668528048466,899.1180734082149,False,False,False,rejected,geometry_gate_rejected,
d5_cv_5v5_multicamera_formal_20260716_yolo_bytetrack:0031:D5_Recon_1:0,7.75,RECON-01,D5_Recon_1:0,D5_Recon_1:0:det:0003,G-105,G-103,18.47921236504602,596.6315408302194,False,False,False,rejected,geometry_gate_rejected,
d5_cv_5v5_multicamera_formal_20260716_yolo_bytetrack:0031:D5_Recon_1:0,7.75,RECON-01,D5_Recon_1:0,D5_Recon_1:0:det:0004,G-105,G-104,4.506928413853681,294.6488901175649,True,False,False,candidate,,
d5_cv_5v5_multicamera_formal_20260716_yolo_bytetrack:0031:D5_Recon_1:0,7.75,RECON-01,D5_Recon_1:0,D5_Recon_1:0:det:0005,G-105,G-105,0.0022709847533534766,6.614040026728828,True,True,True,registered,registered_to_global_track,True
d5_cv_5v5_multicamera_formal_20260716_yolo_bytetrack:0032:D5_Primary_1:0,8.0,INT-01,D5_Primary_1:0,D5_Primary_1:0/yolov8_bytetrack:track:1,G-101,G-101,0.010268341478446876,7.217382592098708,True,True,True,registered,registered_to_global_track,True
d5_cv_5v5_multicamera_formal_20260716_yolo_bytetrack:0032:D5_Primary_1:0,8.0,INT-01,D5_Primary_1:0,D5_Primary_1:0/yolov8_bytetrack:track:1,G-102,G-101,19.165500528488867,311.6738746711076,False,False,False,rejected,geometry_gate_rejected,
d5_cv_5v5_multicamera_formal_20260716_yolo_bytetrack:0032:D5_Primary_1:0,8.0,INT-01,D5_Primary_1:0,D5_Primary_1:0/yolov8_bytetrack:track:1,G-103,G-101,74.98208901909739,616.683591345798,False,False,False,rejected,geometry_gate_rejected,
d5_cv_5v5_multicamera_formal_20260716_yolo_bytetrack:0032:D5_Primary_1:0,8.0,INT-01,D5_Primary_1:0,D5_Primary_1:0/yolov8_bytetrack:track:1,G-104,G-101,155.3809110946332,888.8518744875485,False,False,False,rejected,geometry_gate_rejected,
d5_cv_5v5_multicamera_formal_20260716_yolo_bytetrack:0032:D5_Primary_1:0,8.0,INT-01,D5_Primary_1:0,D5_Primary_1:0/yolov8_bytetrack:track:1,G-105,G-101,,1134.0700781469639,False,False,False,rejected,projection_invalid,
d5_cv_5v5_multicamera_formal_20260716_yolo_bytetrack:0032:D5_Primary_2:0,8.0,INT-02,D5_Primary_2:0,D5_Primary_2:0/yolov8_bytetrack:track:1,G-101,G-102,22.25351594197378,336.57109293332303,False,False,False,rejected,geometry_gate_rejected,
d5_cv_5v5_multicamera_formal_20260716_yolo_bytetrack:0032:D5_Primary_2:0,8.0,INT-02,D5_Primary_2:0,D5_Primary_2:0/yolov8_bytetrack:track:38,G-101,,0.05945002464005476,17.392455167267304,True,False,False,candidate,,
d5_cv_5v5_multicamera_formal_20260716_yolo_bytetrack:0032:D5_Primary_2:0,8.0,INT-02,D5_Primary_2:0,D5_Primary_2:0/yolov8_bytetrack:track:5,G-101,G-103,85.05578191658024,658.0052986715522,False,False,False,rejected,geometry_gate_rejected,
d5_cv_5v5_multicamera_formal_20260716_yolo_bytetrack:0032:D5_Primary_2:0,8.0,INT-02,D5_Primary_2:0,D5_Primary_2:0/yolov8_bytetrack:track:2,G-101,G-101,0.012769929065314165,8.056659484912128,True,True,True,registered,registered_to_global_track,True
d5_cv_5v5_multicamera_formal_20260716_yolo_bytetrack:0032:D5_Primary_2:0,8.0,INT-02,D5_Primary_2:0,D5_Primary_2:0/yolov8_bytetrack:track:1,G-102,G-102,0.0415418240624279,14.519441961653532,True,True,True,registered,registered_to_global_track,True
d5_cv_5v5_multicamera_formal_20260716_yolo_bytetrack:0032:D5_Primary_2:0,8.0,INT-02,D5_Primary_2:0,D5_Primary_2:0/yolov8_bytetrack:track:38,G-102,,23.665874639338497,346.55165339266716,False,False,False,rejected,geometry_gate_rejected,
d5_cv_5v5_multicamera_formal_20260716_yolo_bytetrack:0032:D5_Primary_2:0,8.0,INT-02,D5_Primary_2:0,D5_Primary_2:0/yolov8_bytetrack:track:5,G-102,G-103,21.077110288502922,327.0485529165857,False,False,False,rejected,geometry_gate_rejected,
d5_cv_5v5_multicamera_formal_20260716_yolo_bytetrack:0032:D5_Primary_2:0,8.0,INT-02,D5_Primary_2:0,D5_Primary_2:0/yolov8_bytetrack:track:2,G-102,G-101,21.410113082942637,329.62198919053793,False,False,False,rejected,geometry_gate_rejected,
d5_cv_5v5_multicamera_formal_20260716_yolo_bytetrack:0032:D5_Primary_2:0,8.0,INT-02,D5_Primary_2:0,D5_Primary_2:0/yolov8_bytetrack:track:1,G-103,G-102,21.46882784633246,329.9591407874993,False,False,False,rejected,geometry_gate_rejected,
d5_cv_5v5_multicamera_formal_20260716_yolo_bytetrack:0032:D5_Primary_2:0,8.0,INT-02,D5_Primary_2:0,D5_Primary_2:0/yolov8_bytetrack:track:38,G-103,,91.56057237467681,681.4126786359654,False,False,False,rejected,geometry_gate_rejected,
d5_cv_5v5_multicamera_formal_20260716_yolo_bytetrack:0032:D5_Primary_2:0,8.0,INT-02,D5_Primary_2:0,D5_Primary_2:0/yolov8_bytetrack:track:5,G-103,G-103,0.03433857450536268,13.190684239784337,True,True,True,registered,registered_to_global_track,True
d5_cv_5v5_multicamera_formal_20260716_yolo_bytetrack:0032:D5_Primary_2:0,8.0,INT-02,D5_Primary_2:0,D5_Primary_2:0/yolov8_bytetrack:track:2,G-103,G-101,87.07072419714808,664.4954804523446,False,False,False,rejected,geometry_gate_rejected,
d5_cv_5v5_multicamera_formal_20260716_yolo_bytetrack:0032:D5_Primary_2:0,8.0,INT-02,D5_Primary_2:0,D5_Primary_2:0/yolov8_bytetrack:track:1,G-104,G-102,78.47449705549644,631.529121351962,False,False,False,rejected,geometry_gate_rejected,
d5_cv_5v5_multicamera_formal_20260716_yolo_bytetrack:0032:D5_Primary_2:0,8.0,INT-02,D5_Primary_2:0,D5_Primary_2:0/yolov8_bytetrack:track:38,G-104,,190.14272275358653,983.0349662457292,False,False,False,rejected,geometry_gate_rejected,
d5_cv_5v5_multicamera_formal_20260716_yolo_bytetrack:0032:D5_Primary_2:0,8.0,INT-02,D5_Primary_2:0,D5_Primary_2:0/yolov8_bytetrack:track:5,G-104,G-103,18.918392381861548,310.0781462644285,False,False,False,rejected,geometry_gate_rejected,
d5_cv_5v5_multicamera_formal_20260716_yolo_bytetrack:0032:D5_Primary_2:0,8.0,INT-02,D5_Primary_2:0,D5_Primary_2:0/yolov8_bytetrack:track:2,G-104,G-101,183.65809241003026,966.1268375667318,False,False,False,rejected,geometry_gate_rejected,
d5_cv_5v5_multicamera_formal_20260716_yolo_bytetrack:0032:D5_Primary_2:0,8.0,INT-02,D5_Primary_2:0,D5_Primary_2:0/yolov8_bytetrack:track:1,G-105,G-102,162.68481758372522,910.7028401713336,False,False,False,rejected,geometry_gate_rejected,
d5_cv_5v5_multicamera_formal_20260716_yolo_bytetrack:0032:D5_Primary_2:0,8.0,INT-02,D5_Primary_2:0,D5_Primary_2:0/yolov8_bytetrack:track:38,G-105,,312.5038173050419,1262.207750362809,False,False,False,rejected,geometry_gate_rejected,
d5_cv_5v5_multicamera_formal_20260716_yolo_bytetrack:0032:D5_Primary_2:0,8.0,INT-02,D5_Primary_2:0,D5_Primary_2:0/yolov8_bytetrack:track:5,G-105,G-103,68.10871715536673,589.2566138074719,False,False,False,rejected,geometry_gate_rejected,
d5_cv_5v5_multicamera_formal_20260716_yolo_bytetrack:0032:D5_Primary_2:0,8.0,INT-02,D5_Primary_2:0,D5_Primary_2:0/yolov8_bytetrack:track:2,G-105,G-101,304.18676951200166,1245.2981355211352,False,False,False,rejected,geometry_gate_rejected,
d5_cv_5v5_multicamera_formal_20260716_yolo_bytetrack:0032:D5_Primary_3:0,8.0,INT-03,D5_Primary_3:0,D5_Primary_3:0/yolov8_bytetrack:track:1,G-101,G-103,89.65887304157658,677.3103610459036,False,False,False,rejected,geometry_gate_rejected,
d5_cv_5v5_multicamera_formal_20260716_yolo_bytetrack:0032:D5_Primary_3:0,8.0,INT-03,D5_Primary_3:0,D5_Primary_3:0/yolov8_bytetrack:track:49,G-101,G-105,342.48736682196454,1323.7724147656431,False,False,False,rejected,geometry_gate_rejected,
d5_cv_5v5_multicamera_formal_20260716_yolo_bytetrack:0032:D5_Primary_3:0,8.0,INT-03,D5_Primary_3:0,D5_Primary_3:0/yolov8_bytetrack:track:2,G-101,G-102,21.505623166593114,331.716311808674,False,False,False,rejected,geometry_gate_rejected,
d5_cv_5v5_multicamera_formal_20260716_yolo_bytetrack:0032:D5_Primary_3:0,8.0,INT-03,D5_Primary_3:0,D5_Primary_3:0/yolov8_bytetrack:track:12,G-101,G-104,197.56562352503497,1005.4182582965855,False,False,False,rejected,geometry_gate_rejected,
d5_cv_5v5_multicamera_formal_20260716_yolo_bytetrack:0032:D5_Primary_3:0,8.0,INT-03,D5_Primary_3:0,D5_Primary_3:0/yolov8_bytetrack:track:85,G-101,,23.003258021910636,343.0720682823334,False,False,False,rejected,geometry_gate_rejected,
d5_cv_5v5_multicamera_formal_20260716_yolo_bytetrack:0032:D5_Primary_3:0,8.0,INT-03,D5_Primary_3:0,D5_Primary_3:0/yolov8_bytetrack:track:1,G-102,G-103,22.874433194586008,341.15423256113655,False,False,False,rejected,geometry_gate_rejected,
d5_cv_5v5_multicamera_formal_20260716_yolo_bytetrack:0032:D5_Primary_3:0,8.0,INT-03,D5_Primary_3:0,D5_Primary_3:0/yolov8_bytetrack:track:49,G-102,G-105,191.64577564082234,987.4724807275511,False,False,False,rejected,geometry_gate_rejected,
d5_cv_5v5_multicamera_formal_20260716_yolo_bytetrack:0032:D5_Primary_3:0,8.0,INT-03,D5_Primary_3:0,D5_Primary_3:0/yolov8_bytetrack:track:2,G-102,G-102,0.043408140856954894,14.850316404518157,True,True,True,registered,registered_to_global_track,True
d5_cv_5v5_multicamera_formal_20260716_yolo_bytetrack:0032:D5_Primary_3:0,8.0,INT-03,D5_Primary_3:0,D5_Primary_3:0/yolov8_bytetrack:track:12,G-102,G-104,88.00929502245958,669.1751009451041,False,False,False,rejected,geometry_gate_rejected,
d5_cv_5v5_multicamera_formal_20260716_yolo_bytetrack:0032:D5_Primary_3:0,8.0,INT-03,D5_Primary_3:0,D5_Primary_3:0/yolov8_bytetrack:track:85,G-102,,0.054878672828023646,16.69892545245106,True,False,False,candidate,,
d5_cv_5v5_multicamera_formal_20260716_yolo_bytetrack:0032:D5_Primary_3:0,8.0,INT-03,D5_Primary_3:0,D5_Primary_3:0/yolov8_bytetrack:track:1,G-103,G-103,0.03761924393760183,13.814220664744072,True,True,True,registered,registered_to_global_track,True
d5_cv_5v5_multicamera_formal_20260716_yolo_bytetrack:0032:D5_Primary_3:0,8.0,INT-03,D5_Primary_3:0,D5_Primary_3:0/yolov8_bytetrack:track:49,G-103,G-105,79.72549049440592,635.9452370347932,False,False,False,rejected,geometry_gate_rejected,
d5_cv_5v5_multicamera_formal_20260716_yolo_bytetrack:0032:D5_Primary_3:0,8.0,INT-03,D5_Primary_3:0,D5_Primary_3:0/yolov8_bytetrack:track:2,G-103,G-102,25.038461756817288,356.3895524452443,False,False,False,rejected,geometry_gate_rejected,
d5_cv_5v5_multicamera_formal_20260716_yolo_bytetrack:0032:D5_Primary_3:0,8.0,INT-03,D5_Primary_3:0,D5_Primary_3:0/yolov8_bytetrack:track:12,G-103,G-104,19.895520921008014,317.6865042581036,False,False,False,rejected,geometry_gate_rejected,
d5_cv_5v5_multicamera_formal_20260716_yolo_bytetrack:0032:D5_Primary_3:0,8.0,INT-03,D5_Primary_3:0,D5_Primary_3:0/yolov8_bytetrack:track:85,G-103,,23.478116234015232,345.10620558299,False,False,False,rejected,geometry_gate_rejected,
d5_cv_5v5_multicamera_formal_20260716_yolo_bytetrack:0032:D5_Primary_3:0,8.0,INT-03,D5_Primary_3:0,D5_Primary_3:0/yolov8_bytetrack:track:1,G-104,G-103,21.558272276813078,330.81379614255206,False,False,False,rejected,geometry_gate_rejected,
d5_cv_5v5_multicamera_formal_20260716_yolo_bytetrack:0032:D5_Primary_3:0,8.0,INT-03,D5_Primary_3:0,D5_Primary_3:0/yolov8_bytetrack:track:49,G-104,G-105,19.63066478616544,315.6778332466416,False,False,False,rejected,geometry_gate_rejected,
d5_cv_5v5_multicamera_formal_20260716_yolo_bytetrack:0032:D5_Primary_3:0,8.0,INT-03,D5_Primary_3:0,D5_Primary_3:0/yolov8_bytetrack:track:2,G-104,G-102,90.14510594569764,676.4687091526446,False,False,False,rejected,geometry_gate_rejected,
d5_cv_5v5_multicamera_formal_20260716_yolo_bytetrack:0032:D5_Primary_3:0,8.0,INT-03,D5_Primary_3:0,D5_Primary_3:0/yolov8_bytetrack:track:12,G-104,G-104,0.004249509647317205,4.642368352998762,True,True,True,registered,registered_to_global_track,True
d5_cv_5v5_multicamera_formal_20260716_yolo_bytetrack:0032:D5_Primary_3:0,8.0,INT-03,D5_Primary_3:0,D5_Primary_3:0/yolov8_bytetrack:track:85,G-104,,87.15343967654239,665.1489388018858,False,False,False,rejected,geometry_gate_rejected,
d5_cv_5v5_multicamera_formal_20260716_yolo_bytetrack:0032:D5_Primary_3:0,8.0,INT-03,D5_Primary_3:0,D5_Primary_3:0/yolov8_bytetrack:track:1,G-105,G-103,79.43807795429203,635.8293840128106,False,False,False,rejected,geometry_gate_rejected,
d5_cv_5v5_multicamera_formal_20260716_yolo_bytetrack:0032:D5_Primary_3:0,8.0,INT-03,D5_Primary_3:0,D5_Primary_3:0/yolov8_bytetrack:track:49,G-105,G-105,0.028268673980722813,11.987737387113517,True,True,True,registered,registered_to_global_track,True
d5_cv_5v5_multicamera_formal_20260716_yolo_bytetrack:0032:D5_Primary_3:0,8.0,INT-03,D5_Primary_3:0,D5_Primary_3:0/yolov8_bytetrack:track:2,G-105,G-102,189.2832688933435,981.4820029975867,False,False,False,rejected,geometry_gate_rejected,
d5_cv_5v5_multicamera_formal_20260716_yolo_bytetrack:0032:D5_Primary_3:0,8.0,INT-03,D5_Primary_3:0,D5_Primary_3:0/yolov8_bytetrack:track:12,G-105,G-104,18.613859672885027,307.78270182481265,False,False,False,rejected,geometry_gate_rejected,
d5_cv_5v5_multicamera_formal_20260716_yolo_bytetrack:0032:D5_Primary_3:0,8.0,INT-03,D5_Primary_3:0,D5_Primary_3:0/yolov8_bytetrack:track:85,G-105,,184.94314187137135,970.1644262747694,False,False,False,rejected,geometry_gate_rejected,
d5_cv_5v5_multicamera_formal_20260716_yolo_bytetrack:0032:D5_Primary_4:0,8.0,INT-04,D5_Primary_4:0,D5_Primary_4:0/yolov8_bytetrack:track:1,G-101,G-104,,998.3095135907686,False,False,False,rejected,projection_invalid,
d5_cv_5v5_multicamera_formal_20260716_yolo_bytetrack:0032:D5_Primary_4:0,8.0,INT-04,D5_Primary_4:0,D5_Primary_4:0/yolov8_bytetrack:track:7,G-101,G-105,,1332.6805083163483,False,False,False,rejected,projection_invalid,
d5_cv_5v5_multicamera_formal_20260716_yolo_bytetrack:0032:D5_Primary_4:0,8.0,INT-04,D5_Primary_4:0,D5_Primary_4:0/yolov8_bytetrack:track:2,G-101,G-103,,661.1328292892476,False,False,False,rejected,projection_invalid,
d5_cv_5v5_multicamera_formal_20260716_yolo_bytetrack:0032:D5_Primary_4:0,8.0,INT-04,D5_Primary_4:0,D5_Primary_4:0/yolov8_bytetrack:track:1,G-102,G-104,88.54453431537486,672.5352300444137,False,False,False,rejected,geometry_gate_rejected,
d5_cv_5v5_multicamera_formal_20260716_yolo_bytetrack:0032:D5_Primary_4:0,8.0,INT-04,D5_Primary_4:0,D5_Primary_4:0/yolov8_bytetrack:track:7,G-102,G-105,198.46086489780546,1006.8657143567355,False,False,False,rejected,geometry_gate_rejected,
d5_cv_5v5_multicamera_formal_20260716_yolo_bytetrack:0032:D5_Primary_4:0,8.0,INT-04,D5_Primary_4:0,D5_Primary_4:0/yolov8_bytetrack:track:2,G-102,G-103,22.028864413396423,335.4515280155161,False,False,False,rejected,geometry_gate_rejected,
d5_cv_5v5_multicamera_formal_20260716_yolo_bytetrack:0032:D5_Primary_4:0,8.0,INT-04,D5_Primary_4:0,D5_Primary_4:0/yolov8_bytetrack:track:1,G-103,G-104,20.23514116256625,320.64447540497605,False,False,False,rejected,geometry_gate_rejected,
d5_cv_5v5_multicamera_formal_20260716_yolo_bytetrack:0032:D5_Primary_4:0,8.0,INT-04,D5_Primary_4:0,D5_Primary_4:0/yolov8_bytetrack:track:7,G-103,G-105,84.42457110780369,654.9452806276275,False,False,False,rejected,geometry_gate_rejected,
d5_cv_5v5_multicamera_formal_20260716_yolo_bytetrack:0032:D5_Primary_4:0,8.0,INT-04,D5_Primary_4:0,D5_Primary_4:0/yolov8_bytetrack:track:2,G-103,G-103,0.0693849774943254,18.772880775790398,True,True,True,registered,registered_to_global_track,True
d5_cv_5v5_multicamera_formal_20260716_yolo_bytetrack:0032:D5_Primary_4:0,8.0,INT-04,D5_Primary_4:0,D5_Primary_4:0/yolov8_bytetrack:track:1,G-104,G-104,0.00523849375101643,5.1555443299331145,True,True,True,registered,registered_to_global_track,True
d5_cv_5v5_multicamera_formal_20260716_yolo_bytetrack:0032:D5_Primary_4:0,8.0,INT-04,D5_Primary_4:0,D5_Primary_4:0/yolov8_bytetrack:track:7,G-104,G-105,21.48449247173127,330.167141406091,False,False,False,rejected,geometry_gate_rejected,
d5_cv_5v5_multicamera_formal_20260716_yolo_bytetrack:0032:D5_Primary_4:0,8.0,INT-04,D5_Primary_4:0,D5_Primary_4:0/yolov8_bytetrack:track:2,G-104,G-103,22.97223114494861,341.4073676867328,False,False,False,rejected,geometry_gate_rejected,
d5_cv_5v5_multicamera_formal_20260716_yolo_bytetrack:0032:D5_Primary_4:0,8.0,INT-04,D5_Primary_4:0,D5_Primary_4:0/yolov8_bytetrack:track:1,G-105,G-104,20.54847697538987,323.03803426895365,False,False,False,rejected,geometry_gate_rejected,
d5_cv_5v5_multicamera_formal_20260716_yolo_bytetrack:0032:D5_Primary_4:0,8.0,INT-04,D5_Primary_4:0,D5_Primary_4:0/yolov8_bytetrack:track:7,G-105,G-105,0.033272747544553685,12.996757254869978,True,True,True,registered,registered_to_global_track,True
d5_cv_5v5_multicamera_formal_20260716_yolo_bytetrack:0032:D5_Primary_4:0,8.0,INT-04,D5_Primary_4:0,D5_Primary_4:0/yolov8_bytetrack:track:2,G-105,G-103,85.8203049428419,660.174637650881,False,False,False,rejected,geometry_gate_rejected,
d5_cv_5v5_multicamera_formal_20260716_yolo_bytetrack:0032:D5_Primary_5:0,8.0,INT-05,D5_Primary_5:0,D5_Primary_5:0/yolov8_bytetrack:track:1,G-101,G-105,,1279.3623684768336,False,False,False,rejected,projection_invalid,
d5_cv_5v5_multicamera_formal_20260716_yolo_bytetrack:0032:D5_Primary_5:0,8.0,INT-05,D5_Primary_5:0,D5_Primary_5:0/yolov8_bytetrack:track:1,G-102,G-105,,976.889867792677,False,False,False,rejected,projection_invalid,
d5_cv_5v5_multicamera_formal_20260716_yolo_bytetrack:0032:D5_Primary_5:0,8.0,INT-05,D5_Primary_5:0,D5_Primary_5:0/yolov8_bytetrack:track:1,G-103,G-105,80.35231536190003,639.8115856096979,False,False,False,rejected,geometry_gate_rejected,
d5_cv_5v5_multicamera_formal_20260716_yolo_bytetrack:0032:D5_Primary_5:0,8.0,INT-05,D5_Primary_5:0,D5_Primary_5:0/yolov8_bytetrack:track:1,G-104,G-105,20.80152258821647,325.0141200863215,False,False,False,rejected,geometry_gate_rejected,
d5_cv_5v5_multicamera_formal_20260716_yolo_bytetrack:0032:D5_Primary_5:0,8.0,INT-05,D5_Primary_5:0,D5_Primary_5:0/yolov8_bytetrack:track:1,G-105,G-105,0.016303180826305875,9.09343909572848,True,True,True,registered,registered_to_global_track,True
d5_cv_5v5_multicamera_formal_20260716_yolo_bytetrack:0032:D5_Recon_1:0,8.0,RECON-01,D5_Recon_1:0,D5_Recon_1:0:det:0001,G-101,G-101,0.00010636909118168686,1.4314742408230325,True,True,True,registered,registered_to_global_track,True
d5_cv_5v5_multicamera_formal_20260716_yolo_bytetrack:0032:D5_Recon_1:0,8.0,RECON-01,D5_Recon_1:0,D5_Recon_1:0:det:0002,G-101,G-102,4.611686413307115,298.06342358461444,True,False,False,candidate,,
d5_cv_5v5_multicamera_formal_20260716_yolo_bytetrack:0032:D5_Recon_1:0,8.0,RECON-01,D5_Recon_1:0,D5_Recon_1:0:det:0003,G-101,G-103,18.525233370650135,597.3937094790577,False,False,False,rejected,geometry_gate_rejected,
d5_cv_5v5_multicamera_formal_20260716_yolo_bytetrack:0032:D5_Recon_1:0,8.0,RECON-01,D5_Recon_1:0,D5_Recon_1:0:det:0004,G-101,G-104,41.69147329855097,896.1948061105268,False,False,False,rejected,geometry_gate_rejected,
d5_cv_5v5_multicamera_formal_20260716_yolo_bytetrack:0032:D5_Recon_1:0,8.0,RECON-01,D5_Recon_1:0,D5_Recon_1:0:det:0005,G-101,G-105,74.0135458094932,1194.0827011838605,False,False,False,rejected,geometry_gate_rejected,
d5_cv_5v5_multicamera_formal_20260716_yolo_bytetrack:0032:D5_Recon_1:0,8.0,RECON-01,D5_Recon_1:0,D5_Recon_1:0:det:0001,G-102,G-101,4.512532253674131,294.79522091278966,True,False,False,candidate,,
d5_cv_5v5_multicamera_formal_20260716_yolo_bytetrack:0032:D5_Recon_1:0,8.0,RECON-01,D5_Recon_1:0,D5_Recon_1:0:det:0002,G-102,G-102,0.002678124676499352,7.181438893074037,True,True,True,registered,registered_to_global_track,True
d5_cv_5v5_multicamera_formal_20260716_yolo_bytetrack:0032:D5_Recon_1:0,8.0,RECON-01,D5_Recon_1:0,D5_Recon_1:0:det:0003,G-102,G-103,4.802064651642125,304.10552840004294,True,False,False,candidate,,
d5_cv_5v5_multicamera_formal_20260716_yolo_bytetrack:0032:D5_Recon_1:0,8.0,RECON-01,D5_Recon_1:0,D5_Recon_1:0:det:0004,G-102,G-104,18.873184992153284,602.8828225807881,False,False,False,rejected,geometry_gate_rejected,
d5_cv_5v5_multicamera_formal_20260716_yolo_bytetrack:0032:D5_Recon_1:0,8.0,RECON-01,D5_Recon_1:0,D5_Recon_1:0:det:0005,G-102,G-105,42.13086051066101,900.7628674786127,False,False,False,rejected,geometry_gate_rejected,
d5_cv_5v5_multicamera_formal_20260716_yolo_bytetrack:0032:D5_Recon_1:0,8.0,RECON-01,D5_Recon_1:0,D5_Recon_1:0:det:0001,G-103,G-101,19.252598524941867,608.8630699978092,False,False,False,rejected,geometry_gate_rejected,
d5_cv_5v5_multicamera_formal_20260716_yolo_bytetrack:0032:D5_Recon_1:0,8.0,RECON-01,D5_Recon_1:0,D5_Recon_1:0:det:0002,G-103,G-102,4.971213195948143,309.3899129141135,True,False,False,candidate,,
d5_cv_5v5_multicamera_formal_20260716_yolo_bytetrack:0032:D5_Recon_1:0,8.0,RECON-01,D5_Recon_1:0,D5_Recon_1:0:det:0003,G-103,G-103,0.005262674790131478,10.066493618289329,True,True,True,registered,registered_to_global_track,True
d5_cv_5v5_multicamera_formal_20260716_yolo_bytetrack:0032:D5_Recon_1:0,8.0,RECON-01,D5_Recon_1:0,D5_Recon_1:0:det:0004,G-103,G-104,4.329821831886324,288.7420056366912,True,False,False,candidate,,
d5_cv_5v5_multicamera_formal_20260716_yolo_bytetrack:0032:D5_Recon_1:0,8.0,RECON-01,D5_Recon_1:0,D5_Recon_1:0:det:0005,G-103,G-105,17.872211079717243,586.6297697393841,False,False,False,rejected,geometry_gate_rejected,
d5_cv_5v5_multicamera_formal_20260716_yolo_bytetrack:0032:D5_Recon_1:0,8.0,RECON-01,D5_Recon_1:0,D5_Recon_1:0:det:0001,G-104,G-101,42.12717645245549,900.67959633252,False,False,False,rejected,geometry_gate_rejected,
d5_cv_5v5_multicamera_formal_20260716_yolo_bytetrack:0032:D5_Recon_1:0,8.0,RECON-01,D5_Recon_1:0,D5_Recon_1:0:det:0002,G-104,G-102,18.770620042916836,601.2131337790809,False,False,False,rejected,geometry_gate_rejected,
d5_cv_5v5_multicamera_formal_20260716_yolo_bytetrack:0032:D5_Recon_1:0,8.0,RECON-01,D5_Recon_1:0,D5_Recon_1:0:det:0003,G-104,G-103,4.733207457839205,301.9026478121399,True,False,False,candidate,,
d5_cv_5v5_multicamera_formal_20260716_yolo_bytetrack:0032:D5_Recon_1:0,8.0,RECON-01,D5_Recon_1:0,D5_Recon_1:0:det:0004,G-104,G-104,0.0017365682032786534,5.782521562256397,True,True,True,registered,registered_to_global_track,True
d5_cv_5v5_multicamera_formal_20260716_yolo_bytetrack:0032:D5_Recon_1:0,8.0,RECON-01,D5_Recon_1:0,D5_Recon_1:0:det:0005,G-104,G-105,4.51518395700254,294.8674594029258,True,False,False,candidate,,
d5_cv_5v5_multicamera_formal_20260716_yolo_bytetrack:0032:D5_Recon_1:0,8.0,RECON-01,D5_Recon_1:0,D5_Recon_1:0:det:0001,G-105,G-101,73.39505106795797,1189.0331484285086,False,False,False,rejected,geometry_gate_rejected,
d5_cv_5v5_multicamera_formal_20260716_yolo_bytetrack:0032:D5_Recon_1:0,8.0,RECON-01,D5_Recon_1:0,D5_Recon_1:0:det:0002,G-105,G-102,41.07991343876196,889.5601793232454,False,False,False,rejected,geometry_gate_rejected,
d5_cv_5v5_multicamera_formal_20260716_yolo_bytetrack:0032:D5_Recon_1:0,8.0,RECON-01,D5_Recon_1:0,D5_Recon_1:0:det:0003,G-105,G-103,18.085150922501672,590.2304928155837,False,False,False,rejected,geometry_gate_rejected,
d5_cv_5v5_multicamera_formal_20260716_yolo_bytetrack:0032:D5_Recon_1:0,8.0,RECON-01,D5_Recon_1:0,D5_Recon_1:0:det:0004,G-105,G-104,4.409114142756346,291.43133382960525,True,False,False,candidate,,
d5_cv_5v5_multicamera_formal_20260716_yolo_bytetrack:0032:D5_Recon_1:0,8.0,RECON-01,D5_Recon_1:0,D5_Recon_1:0:det:0005,G-105,G-105,0.0022794492436466907,6.62629343974769,True,True,True,registered,registered_to_global_track,True
d5_cv_5v5_multicamera_formal_20260716_yolo_bytetrack:0033:D5_Primary_1:0,8.25,INT-01,D5_Primary_1:0,D5_Primary_1:0/yolov8_bytetrack:track:1,G-101,G-101,0.011333095237880038,7.582338343172186,True,True,True,registered,registered_to_global_track,True
d5_cv_5v5_multicamera_formal_20260716_yolo_bytetrack:0033:D5_Primary_1:0,8.25,INT-01,D5_Primary_1:0,D5_Primary_1:0/yolov8_bytetrack:track:15,G-101,G-102,19.124979615671677,311.4794670007685,False,False,False,rejected,geometry_gate_rejected,
d5_cv_5v5_multicamera_formal_20260716_yolo_bytetrack:0033:D5_Primary_1:0,8.25,INT-01,D5_Primary_1:0,D5_Primary_1:0/yolov8_bytetrack:track:2,G-101,G-103,71.64066707053261,602.8492824231126,False,False,False,rejected,geometry_gate_rejected,
d5_cv_5v5_multicamera_formal_20260716_yolo_bytetrack:0033:D5_Primary_1:0,8.25,INT-01,D5_Primary_1:0,D5_Primary_1:0/yolov8_bytetrack:track:1,G-102,G-101,18.731227769439226,308.10923317785256,False,False,False,rejected,geometry_gate_rejected,
d5_cv_5v5_multicamera_formal_20260716_yolo_bytetrack:0033:D5_Primary_1:0,8.25,INT-01,D5_Primary_1:0,D5_Primary_1:0/yolov8_bytetrack:track:15,G-102,G-102,0.0378173608628443,13.835917666277874,True,True,True,registered,registered_to_global_track,True
d5_cv_5v5_multicamera_formal_20260716_yolo_bytetrack:0033:D5_Primary_1:0,8.25,INT-01,D5_Primary_1:0,D5_Primary_1:0/yolov8_bytetrack:track:2,G-102,G-103,17.256599371055085,295.73137986039285,False,False,False,rejected,geometry_gate_rejected,
d5_cv_5v5_multicamera_formal_20260716_yolo_bytetrack:0033:D5_Primary_1:0,8.25,INT-01,D5_Primary_1:0,D5_Primary_1:0/yolov8_bytetrack:track:1,G-103,G-101,73.167867943328,609.1098488175211,False,False,False,rejected,geometry_gate_rejected,
d5_cv_5v5_multicamera_formal_20260716_yolo_bytetrack:0033:D5_Primary_1:0,8.25,INT-01,D5_Primary_1:0,D5_Primary_1:0/yolov8_bytetrack:track:15,G-103,G-102,17.429434078674724,297.287606653015,False,False,False,rejected,geometry_gate_rejected,
d5_cv_5v5_multicamera_formal_20260716_yolo_bytetrack:0033:D5_Primary_1:0,8.25,INT-01,D5_Primary_1:0,D5_Primary_1:0/yolov8_bytetrack:track:2,G-103,G-103,0.0177488121036144,9.47354404967065,True,True,True,registered,registered_to_global_track,True
d5_cv_5v5_multicamera_formal_20260716_yolo_bytetrack:0033:D5_Primary_1:0,8.25,INT-01,D5_Primary_1:0,D5_Primary_1:0/yolov8_bytetrack:track:1,G-104,G-101,151.38917739984558,877.1850993285208,False,False,False,rejected,geometry_gate_rejected,
d5_cv_5v5_multicamera_formal_20260716_yolo_bytetrack:0033:D5_Primary_1:0,8.25,INT-01,D5_Primary_1:0,D5_Primary_1:0/yolov8_bytetrack:track:15,G-104,G-102,62.872662468972834,565.2944864809386,False,False,False,rejected,geometry_gate_rejected,
d5_cv_5v5_multicamera_formal_20260716_yolo_bytetrack:0033:D5_Primary_1:0,8.25,INT-01,D5_Primary_1:0,D5_Primary_1:0/yolov8_bytetrack:track:2,G-104,G-103,14.755997441934335,273.85969076413363,True,False,False,candidate,,
d5_cv_5v5_multicamera_formal_20260716_yolo_bytetrack:0033:D5_Primary_1:0,8.25,INT-01,D5_Primary_1:0,D5_Primary_1:0/yolov8_bytetrack:track:1,G-105,G-101,,1118.3348352593516,False,False,False,rejected,projection_invalid,
d5_cv_5v5_multicamera_formal_20260716_yolo_bytetrack:0033:D5_Primary_1:0,8.25,INT-01,D5_Primary_1:0,D5_Primary_1:0/yolov8_bytetrack:track:15,G-105,G-102,,806.4472437393882,False,False,False,rejected,projection_invalid,
d5_cv_5v5_multicamera_formal_20260716_yolo_bytetrack:0033:D5_Primary_1:0,8.25,INT-01,D5_Primary_1:0,D5_Primary_1:0/yolov8_bytetrack:track:2,G-105,G-103,,515.012934694219,False,False,False,rejected,projection_invalid,
d5_cv_5v5_multicamera_formal_20260716_yolo_bytetrack:0033:D5_Primary_2:0,8.25,INT-02,D5_Primary_2:0,D5_Primary_2:0/yolov8_bytetrack:track:1,G-101,G-102,21.84669025715416,333.4832950049691,False,False,False,rejected,geometry_gate_rejected,
d5_cv_5v5_multicamera_formal_20260716_yolo_bytetrack:0033:D5_Primary_2:0,8.25,INT-02,D5_Primary_2:0,D5_Primary_2:0/yolov8_bytetrack:track:5,G-101,G-103,83.28577173170525,651.1283902413035,False,False,False,rejected,geometry_gate_rejected,
d5_cv_5v5_multicamera_formal_20260716_yolo_bytetrack:0033:D5_Primary_2:0,8.25,INT-02,D5_Primary_2:0,D5_Primary_2:0/yolov8_bytetrack:track:102,G-101,,0.12733977981936934,25.459049478198388,True,False,False,candidate,,
d5_cv_5v5_multicamera_formal_20260716_yolo_bytetrack:0033:D5_Primary_2:0,8.25,INT-02,D5_Primary_2:0,D5_Primary_2:0/yolov8_bytetrack:track:2,G-101,G-101,0.02302544178023874,10.82242666633546,True,True,True,registered,registered_to_global_track,True
d5_cv_5v5_multicamera_formal_20260716_yolo_bytetrack:0033:D5_Primary_2:0,8.25,INT-02,D5_Primary_2:0,D5_Primary_2:0/yolov8_bytetrack:track:1,G-102,G-102,0.04205737769179664,14.609262467821196,True,True,True,registered,registered_to_global_track,True
d5_cv_5v5_multicamera_formal_20260716_yolo_bytetrack:0033:D5_Primary_2:0,8.25,INT-02,D5_Primary_2:0,D5_Primary_2:0/yolov8_bytetrack:track:5,G-102,G-103,20.630693067096484,323.56658201769875,False,False,False,rejected,geometry_gate_rejected,
d5_cv_5v5_multicamera_formal_20260716_yolo_bytetrack:0033:D5_Primary_2:0,8.25,INT-02,D5_Primary_2:0,D5_Primary_2:0/yolov8_bytetrack:track:102,G-102,,18.161629344042854,303.58768754538323,False,False,False,rejected,geometry_gate_rejected,
d5_cv_5v5_multicamera_formal_20260716_yolo_bytetrack:0033:D5_Primary_2:0,8.25,INT-02,D5_Primary_2:0,D5_Primary_2:0/yolov8_bytetrack:track:2,G-102,G-101,20.239154412365195,320.4814759128569,False,False,False,rejected,geometry_gate_rejected,
d5_cv_5v5_multicamera_formal_20260716_yolo_bytetrack:0033:D5_Primary_2:0,8.25,INT-02,D5_Primary_2:0,D5_Primary_2:0/yolov8_bytetrack:track:1,G-103,G-102,20.9542164762702,325.96835546129995,False,False,False,rejected,geometry_gate_rejected,
d5_cv_5v5_multicamera_formal_20260716_yolo_bytetrack:0033:D5_Primary_2:0,8.25,INT-02,D5_Primary_2:0,D5_Primary_2:0/yolov8_bytetrack:track:5,G-103,G-103,0.030552175888692676,12.442099677186224,True,True,True,registered,registered_to_global_track,True
d5_cv_5v5_multicamera_formal_20260716_yolo_bytetrack:0033:D5_Primary_2:0,8.25,INT-02,D5_Primary_2:0,D5_Primary_2:0/yolov8_bytetrack:track:102,G-103,,79.46924361303252,634.8033573492369,False,False,False,rejected,geometry_gate_rejected,
d5_cv_5v5_multicamera_formal_20260716_yolo_bytetrack:0033:D5_Primary_2:0,8.25,INT-02,D5_Primary_2:0,D5_Primary_2:0/yolov8_bytetrack:track:2,G-103,G-101,83.75339972346819,651.6897703628587,False,False,False,rejected,geometry_gate_rejected,
d5_cv_5v5_multicamera_formal_20260716_yolo_bytetrack:0033:D5_Primary_2:0,8.25,INT-02,D5_Primary_2:0,D5_Primary_2:0/yolov8_bytetrack:track:1,G-104,G-102,76.55822020978358,623.7065481936362,False,False,False,rejected,geometry_gate_rejected,
d5_cv_5v5_multicamera_formal_20260716_yolo_bytetrack:0033:D5_Primary_2:0,8.25,INT-02,D5_Primary_2:0,D5_Primary_2:0/yolov8_bytetrack:track:5,G-104,G-103,18.431171270270934,306.02776326517375,False,False,False,rejected,geometry_gate_rejected,
d5_cv_5v5_multicamera_formal_20260716_yolo_bytetrack:0033:D5_Primary_2:0,8.25,INT-02,D5_Primary_2:0,D5_Primary_2:0/yolov8_bytetrack:track:102,G-104,,171.17178915777149,932.6108910123813,False,False,False,rejected,geometry_gate_rejected,
d5_cv_5v5_multicamera_formal_20260716_yolo_bytetrack:0033:D5_Primary_2:0,8.25,INT-02,D5_Primary_2:0,D5_Primary_2:0/yolov8_bytetrack:track:2,G-104,G-101,177.4239881909673,949.4903559850027,False,False,False,rejected,geometry_gate_rejected,
d5_cv_5v5_multicamera_formal_20260716_yolo_bytetrack:0033:D5_Primary_2:0,8.25,INT-02,D5_Primary_2:0,D5_Primary_2:0/yolov8_bytetrack:track:1,G-105,G-102,158.57952185306812,898.9674898177117,False,False,False,rejected,geometry_gate_rejected,
d5_cv_5v5_multicamera_formal_20260716_yolo_bytetrack:0033:D5_Primary_2:0,8.25,INT-02,D5_Primary_2:0,D5_Primary_2:0/yolov8_bytetrack:track:5,G-105,G-103,66.30550207970748,581.2931216930571,False,False,False,rejected,geometry_gate_rejected,
d5_cv_5v5_multicamera_formal_20260716_yolo_bytetrack:0033:D5_Primary_2:0,8.25,INT-02,D5_Primary_2:0,D5_Primary_2:0/yolov8_bytetrack:track:102,G-105,,286.2846154939457,1207.8678843839702,False,False,False,rejected,geometry_gate_rejected,
d5_cv_5v5_multicamera_formal_20260716_yolo_bytetrack:0033:D5_Primary_2:0,8.25,INT-02,D5_Primary_2:0,D5_Primary_2:0/yolov8_bytetrack:track:2,G-105,G-101,294.3425888714311,1224.7486932466581,False,False,False,rejected,geometry_gate_rejected,
d5_cv_5v5_multicamera_formal_20260716_yolo_bytetrack:0033:D5_Primary_3:0,8.25,INT-03,D5_Primary_3:0,D5_Primary_3:0/yolov8_bytetrack:track:1,G-101,G-103,88.0055662180138,671.0183404837918,False,False,False,rejected,geometry_gate_rejected,
d5_cv_5v5_multicamera_formal_20260716_yolo_bytetrack:0033:D5_Primary_3:0,8.25,INT-03,D5_Primary_3:0,D5_Primary_3:0/yolov8_bytetrack:track:49,G-101,G-105,336.1653062907853,1311.4620723013882,False,False,False,rejected,geometry_gate_rejected,
d5_cv_5v5_multicamera_formal_20260716_yolo_bytetrack:0033:D5_Primary_3:0,8.25,INT-03,D5_Primary_3:0,D5_Primary_3:0/yolov8_bytetrack:track:2,G-101,G-102,22.89961084872707,342.28916910188815,False,False,False,rejected,geometry_gate_rejected,
d5_cv_5v5_multicamera_formal_20260716_yolo_bytetrack:0033:D5_Primary_3:0,8.25,INT-03,D5_Primary_3:0,D5_Primary_3:0/yolov8_bytetrack:track:12,G-101,G-104,193.703338136421,995.5151443795347,False,False,False,rejected,geometry_gate_rejected,
d5_cv_5v5_multicamera_formal_20260716_yolo_bytetrack:0033:D5_Primary_3:0,8.25,INT-03,D5_Primary_3:0,D5_Primary_3:0/yolov8_bytetrack:track:85,G-101,,22.564279057897025,339.77352760155765,False,False,False,rejected,geometry_gate_rejected,
d5_cv_5v5_multicamera_formal_20260716_yolo_bytetrack:0033:D5_Primary_3:0,8.25,INT-03,D5_Primary_3:0,D5_Primary_3:0/yolov8_bytetrack:track:1,G-102,G-103,22.458622110950795,338.0390039349073,False,False,False,rejected,geometry_gate_rejected,
d5_cv_5v5_multicamera_formal_20260716_yolo_bytetrack:0033:D5_Primary_3:0,8.25,INT-03,D5_Primary_3:0,D5_Primary_3:0/yolov8_bytetrack:track:49,G-102,G-105,188.11177345794695,978.3247419397859,False,False,False,rejected,geometry_gate_rejected,
d5_cv_5v5_multicamera_formal_20260716_yolo_bytetrack:0033:D5_Primary_3:0,8.25,INT-03,D5_Primary_3:0,D5_Primary_3:0/yolov8_bytetrack:track:2,G-102,G-102,0.05363475057362112,16.510748198321263,True,True,True,registered,registered_to_global_track,True
d5_cv_5v5_multicamera_formal_20260716_yolo_bytetrack:0033:D5_Primary_3:0,8.25,INT-03,D5_Primary_3:0,D5_Primary_3:0/yolov8_bytetrack:track:12,G-102,G-104,86.246058340883,662.437337538799,False,False,False,rejected,geometry_gate_rejected,
d5_cv_5v5_multicamera_formal_20260716_yolo_bytetrack:0033:D5_Primary_3:0,8.25,INT-03,D5_Primary_3:0,D5_Primary_3:0/yolov8_bytetrack:track:85,G-102,,0.059048966050270664,17.321746619902765,True,False,False,candidate,,
d5_cv_5v5_multicamera_formal_20260716_yolo_bytetrack:0033:D5_Primary_3:0,8.25,INT-03,D5_Primary_3:0,D5_Primary_3:0/yolov8_bytetrack:track:1,G-103,G-103,0.038257393556944616,13.930893992697227,True,True,True,registered,registered_to_global_track,True
d5_cv_5v5_multicamera_formal_20260716_yolo_bytetrack:0033:D5_Primary_3:0,8.25,INT-03,D5_Primary_3:0,D5_Primary_3:0/yolov8_bytetrack:track:49,G-103,G-105,78.28395290324947,630.1695865602775,False,False,False,rejected,geometry_gate_rejected,
d5_cv_5v5_multicamera_formal_20260716_yolo_bytetrack:0033:D5_Primary_3:0,8.25,INT-03,D5_Primary_3:0,D5_Primary_3:0/yolov8_bytetrack:track:2,G-103,G-102,22.691384275283017,339.2747855225902,False,False,False,rejected,geometry_gate_rejected,
d5_cv_5v5_multicamera_formal_20260716_yolo_bytetrack:0033:D5_Primary_3:0,8.25,INT-03,D5_Primary_3:0,D5_Primary_3:0/yolov8_bytetrack:track:12,G-103,G-104,19.476486013980676,314.3231415180506,False,False,False,rejected,geometry_gate_rejected,
d5_cv_5v5_multicamera_formal_20260716_yolo_bytetrack:0033:D5_Primary_3:0,8.25,INT-03,D5_Primary_3:0,D5_Primary_3:0/yolov8_bytetrack:track:85,G-103,,23.046493588459093,341.9192264185609,False,False,False,rejected,geometry_gate_rejected,
d5_cv_5v5_multicamera_formal_20260716_yolo_bytetrack:0033:D5_Primary_3:0,8.25,INT-03,D5_Primary_3:0,D5_Primary_3:0/yolov8_bytetrack:track:1,G-104,G-103,21.070572605474663,327.0407566554996,False,False,False,rejected,geometry_gate_rejected,
d5_cv_5v5_multicamera_formal_20260716_yolo_bytetrack:0033:D5_Primary_3:0,8.25,INT-03,D5_Primary_3:0,D5_Primary_3:0/yolov8_bytetrack:track:49,G-104,G-105,19.354567773355313,313.44070713903545,False,False,False,rejected,geometry_gate_rejected,
d5_cv_5v5_multicamera_formal_20260716_yolo_bytetrack:0033:D5_Primary_3:0,8.25,INT-03,D5_Primary_3:0,D5_Primary_3:0/yolov8_bytetrack:track:2,G-104,G-102,84.72926564606578,655.8136191146924,False,False,False,rejected,geometry_gate_rejected,
d5_cv_5v5_multicamera_formal_20260716_yolo_bytetrack:0033:D5_Primary_3:0,8.25,INT-03,D5_Primary_3:0,D5_Primary_3:0/yolov8_bytetrack:track:12,G-104,G-104,0.004321620891491075,4.681345184645839,True,True,True,registered,registered_to_global_track,True
d5_cv_5v5_multicamera_formal_20260716_yolo_bytetrack:0033:D5_Primary_3:0,8.25,INT-03,D5_Primary_3:0,D5_Primary_3:0/yolov8_bytetrack:track:85,G-104,,85.39930062715429,658.4015835127076,False,False,False,rejected,geometry_gate_rejected,
d5_cv_5v5_multicamera_formal_20260716_yolo_bytetrack:0033:D5_Primary_3:0,8.25,INT-03,D5_Primary_3:0,D5_Primary_3:0/yolov8_bytetrack:track:1,G-105,G-103,77.60660623462827,628.4016350077775,False,False,False,rejected,geometry_gate_rejected,
d5_cv_5v5_multicamera_formal_20260716_yolo_bytetrack:0033:D5_Primary_3:0,8.25,INT-03,D5_Primary_3:0,D5_Primary_3:0/yolov8_bytetrack:track:49,G-105,G-105,0.034647487788070044,13.271789950236645,True,True,True,registered,registered_to_global_track,True
d5_cv_5v5_multicamera_formal_20260716_yolo_bytetrack:0033:D5_Primary_3:0,8.25,INT-03,D5_Primary_3:0,D5_Primary_3:0/yolov8_bytetrack:track:2,G-105,G-102,180.0541491929202,957.1709829555817,False,False,False,rejected,geometry_gate_rejected,
d5_cv_5v5_multicamera_formal_20260716_yolo_bytetrack:0033:D5_Primary_3:0,8.25,INT-03,D5_Primary_3:0,D5_Primary_3:0/yolov8_bytetrack:track:12,G-105,G-104,18.15795238558893,303.963287914611,False,False,False,rejected,geometry_gate_rejected,
d5_cv_5v5_multicamera_formal_20260716_yolo_bytetrack:0033:D5_Primary_3:0,8.25,INT-03,D5_Primary_3:0,D5_Primary_3:0/yolov8_bytetrack:track:85,G-105,,181.03038615015817,959.7623292595991,False,False,False,rejected,geometry_gate_rejected,
d5_cv_5v5_multicamera_formal_20260716_yolo_bytetrack:0033:D5_Primary_4:0,8.25,INT-04,D5_Primary_4:0,D5_Primary_4:0/yolov8_bytetrack:track:1,G-101,G-104,,988.4464578910583,False,False,False,rejected,projection_invalid,
d5_cv_5v5_multicamera_formal_20260716_yolo_bytetrack:0033:D5_Primary_4:0,8.25,INT-04,D5_Primary_4:0,D5_Primary_4:0/yolov8_bytetrack:track:7,G-101,G-105,,1318.847747991964,False,False,False,rejected,projection_invalid,
d5_cv_5v5_multicamera_formal_20260716_yolo_bytetrack:0033:D5_Primary_4:0,8.25,INT-04,D5_Primary_4:0,D5_Primary_4:0/yolov8_bytetrack:track:1,G-102,G-104,86.75316598013036,665.6731047909811,False,False,False,rejected,geometry_gate_rejected,
d5_cv_5v5_multicamera_formal_20260716_yolo_bytetrack:0033:D5_Primary_4:0,8.25,INT-04,D5_Primary_4:0,D5_Primary_4:0/yolov8_bytetrack:track:7,G-102,G-105,194.22703408315746,996.0316188872803,False,False,False,rejected,geometry_gate_rejected,
d5_cv_5v5_multicamera_formal_20260716_yolo_bytetrack:0033:D5_Primary_4:0,8.25,INT-04,D5_Primary_4:0,D5_Primary_4:0/yolov8_bytetrack:track:1,G-103,G-104,19.773468625473992,316.96447821641055,False,False,False,rejected,geometry_gate_rejected,
d5_cv_5v5_multicamera_formal_20260716_yolo_bytetrack:0033:D5_Primary_4:0,8.25,INT-04,D5_Primary_4:0,D5_Primary_4:0/yolov8_bytetrack:track:7,G-103,G-105,82.463747545536,647.2925838699092,False,False,False,rejected,geometry_gate_rejected,
d5_cv_5v5_multicamera_formal_20260716_yolo_bytetrack:0033:D5_Primary_4:0,8.25,INT-04,D5_Primary_4:0,D5_Primary_4:0/yolov8_bytetrack:track:1,G-104,G-104,0.005867411703140147,5.45625852174228,True,True,True,registered,registered_to_global_track,True
d5_cv_5v5_multicamera_formal_20260716_yolo_bytetrack:0033:D5_Primary_4:0,8.25,INT-04,D5_Primary_4:0,D5_Primary_4:0/yolov8_bytetrack:track:7,G-104,G-105,20.92453814423635,325.8363917293926,False,False,False,rejected,geometry_gate_rejected,
d5_cv_5v5_multicamera_formal_20260716_yolo_bytetrack:0033:D5_Primary_4:0,8.25,INT-04,D5_Primary_4:0,D5_Primary_4:0/yolov8_bytetrack:track:1,G-105,G-104,20.158750483005786,319.95227901505825,False,False,False,rejected,geometry_gate_rejected,
d5_cv_5v5_multicamera_formal_20260716_yolo_bytetrack:0033:D5_Primary_4:0,8.25,INT-04,D5_Primary_4:0,D5_Primary_4:0/yolov8_bytetrack:track:7,G-105,G-105,0.028915450678274512,12.115516889869346,True,True,True,registered,registered_to_global_track,True
d5_cv_5v5_multicamera_formal_20260716_yolo_bytetrack:0033:D5_Primary_5:0,8.25,INT-05,D5_Primary_5:0,D5_Primary_5:0/yolov8_bytetrack:track:1,G-101,G-105,,1266.773113988176,False,False,False,rejected,projection_invalid,
d5_cv_5v5_multicamera_formal_20260716_yolo_bytetrack:0033:D5_Primary_5:0,8.25,INT-05,D5_Primary_5:0,D5_Primary_5:0/yolov8_bytetrack:track:1,G-102,G-105,,967.3103449559583,False,False,False,rejected,projection_invalid,
d5_cv_5v5_multicamera_formal_20260716_yolo_bytetrack:0033:D5_Primary_5:0,8.25,INT-05,D5_Primary_5:0,D5_Primary_5:0/yolov8_bytetrack:track:1,G-103,G-105,78.75840730440393,633.4030695697369,False,False,False,rejected,geometry_gate_rejected,
d5_cv_5v5_multicamera_formal_20260716_yolo_bytetrack:0033:D5_Primary_5:0,8.25,INT-05,D5_Primary_5:0,D5_Primary_5:0/yolov8_bytetrack:track:1,G-104,G-105,20.397418681785275,321.8375805546913,False,False,False,rejected,geometry_gate_rejected,
d5_cv_5v5_multicamera_formal_20260716_yolo_bytetrack:0033:D5_Primary_5:0,8.25,INT-05,D5_Primary_5:0,D5_Primary_5:0/yolov8_bytetrack:track:1,G-105,G-105,0.01713035483190679,9.321252540999184,True,True,True,registered,registered_to_global_track,True
d5_cv_5v5_multicamera_formal_20260716_yolo_bytetrack:0033:D5_Recon_1:0,8.25,RECON-01,D5_Recon_1:0,D5_Recon_1:0:det:0001,G-101,G-101,0.00010951953164729645,1.452507146751156,True,True,True,registered,registered_to_global_track,True
d5_cv_5v5_multicamera_formal_20260716_yolo_bytetrack:0033:D5_Recon_1:0,8.25,RECON-01,D5_Recon_1:0,D5_Recon_1:0:det:0002,G-101,G-102,4.514793471936708,294.91346713219224,True,False,False,candidate,,
d5_cv_5v5_multicamera_formal_20260716_yolo_bytetrack:0033:D5_Recon_1:0,8.25,RECON-01,D5_Recon_1:0,D5_Recon_1:0:det:0003,G-101,G-103,18.136514654026662,591.0885903293916,False,False,False,rejected,geometry_gate_rejected,
d5_cv_5v5_multicamera_formal_20260716_yolo_bytetrack:0033:D5_Recon_1:0,8.25,RECON-01,D5_Recon_1:0,D5_Recon_1:0:det:0004,G-101,G-104,40.8139850939824,886.7070501696585,False,False,False,rejected,geometry_gate_rejected,
d5_cv_5v5_multicamera_formal_20260716_yolo_bytetrack:0033:D5_Recon_1:0,8.25,RECON-01,D5_Recon_1:0,D5_Recon_1:0:det:0005,G-101,G-105,72.44855143506737,1181.3824474793316,False,False,False,rejected,geometry_gate_rejected,
d5_cv_5v5_multicamera_formal_20260716_yolo_bytetrack:0033:D5_Recon_1:0,8.25,RECON-01,D5_Recon_1:0,D5_Recon_1:0:det:0001,G-102,G-101,4.41735905505256,291.66875990515564,True,False,False,candidate,,
d5_cv_5v5_multicamera_formal_20260716_yolo_bytetrack:0033:D5_Recon_1:0,8.25,RECON-01,D5_Recon_1:0,D5_Recon_1:0:det:0002,G-102,G-102,0.0026457386572308903,7.137863624947226,True,True,True,registered,registered_to_global_track,True
d5_cv_5v5_multicamera_formal_20260716_yolo_bytetrack:0033:D5_Recon_1:0,8.25,RECON-01,D5_Recon_1:0,D5_Recon_1:0:det:0003,G-102,G-103,4.702799240607127,300.94478254024625,True,False,False,candidate,,
d5_cv_5v5_multicamera_formal_20260716_yolo_bytetrack:0033:D5_Recon_1:0,8.25,RECON-01,D5_Recon_1:0,D5_Recon_1:0:det:0004,G-102,G-104,18.47827635061923,596.5396641389407,False,False,False,rejected,geometry_gate_rejected,
d5_cv_5v5_multicamera_formal_20260716_yolo_bytetrack:0033:D5_Recon_1:0,8.25,RECON-01,D5_Recon_1:0,D5_Recon_1:0:det:0005,G-102,G-105,41.24205301493076,891.2072952146702,False,False,False,rejected,geometry_gate_rejected,
d5_cv_5v5_multicamera_formal_20260716_yolo_bytetrack:0033:D5_Recon_1:0,8.25,RECON-01,D5_Recon_1:0,D5_Recon_1:0:det:0001,G-103,G-101,18.857141617390205,602.5755519218786,False,False,False,rejected,geometry_gate_rejected,
d5_cv_5v5_multicamera_formal_20260716_yolo_bytetrack:0033:D5_Recon_1:0,8.25,RECON-01,D5_Recon_1:0,D5_Recon_1:0:det:0002,G-103,G-102,4.870328907881515,306.23351663420556,True,False,False,candidate,,
d5_cv_5v5_multicamera_formal_20260716_yolo_bytetrack:0033:D5_Recon_1:0,8.25,RECON-01,D5_Recon_1:0,D5_Recon_1:0:det:0003,G-103,G-103,0.005261376644674083,10.065220007351362,True,True,True,registered,registered_to_global_track,True
d5_cv_5v5_multicamera_formal_20260716_yolo_bytetrack:0033:D5_Recon_1:0,8.25,RECON-01,D5_Recon_1:0,D5_Recon_1:0:det:0004,G-103,G-104,4.2349614313562745,285.5606130477371,True,False,False,candidate,,
d5_cv_5v5_multicamera_formal_20260716_yolo_bytetrack:0033:D5_Recon_1:0,8.25,RECON-01,D5_Recon_1:0,D5_Recon_1:0:det:0005,G-103,G-105,17.484853914904622,580.2358789947725,False,False,False,rejected,geometry_gate_rejected,
d5_cv_5v5_multicamera_formal_20260716_yolo_bytetrack:0033:D5_Recon_1:0,8.25,RECON-01,D5_Recon_1:0,D5_Recon_1:0:det:0001,G-104,G-101,41.244881543128784,891.1936661952766,False,False,False,rejected,geometry_gate_rejected,
d5_cv_5v5_multicamera_formal_20260716_yolo_bytetrack:0033:D5_Recon_1:0,8.25,RECON-01,D5_Recon_1:0,D5_Recon_1:0:det:0002,G-104,G-102,18.376088537341733,594.8584014220559,False,False,False,rejected,geometry_gate_rejected,
d5_cv_5v5_multicamera_formal_20260716_yolo_bytetrack:0033:D5_Recon_1:0,8.25,RECON-01,D5_Recon_1:0,D5_Recon_1:0:det:0003,G-104,G-103,4.6334645059097515,298.7032751849709,True,False,False,candidate,,
d5_cv_5v5_multicamera_formal_20260716_yolo_bytetrack:0033:D5_Recon_1:0,8.25,RECON-01,D5_Recon_1:0,D5_Recon_1:0:det:0004,G-104,G-104,0.0017302399910181484,5.7719527399822415,True,True,True,registered,registered_to_global_track,True
d5_cv_5v5_multicamera_formal_20260716_yolo_bytetrack:0033:D5_Recon_1:0,8.25,RECON-01,D5_Recon_1:0,D5_Recon_1:0:det:0005,G-104,G-105,4.4179116253310955,291.67254276194046,True,False,False,candidate,,
d5_cv_5v5_multicamera_formal_20260716_yolo_bytetrack:0033:D5_Recon_1:0,8.25,RECON-01,D5_Recon_1:0,D5_Recon_1:0:det:0001,G-105,G-101,71.83860370223962,1176.3473612176417,False,False,False,rejected,geometry_gate_rejected,
d5_cv_5v5_multicamera_formal_20260716_yolo_bytetrack:0033:D5_Recon_1:0,8.25,RECON-01,D5_Recon_1:0,D5_Recon_1:0:det:0002,G-105,G-102,40.202912818185716,880.0055303601628,False,False,False,rejected,geometry_gate_rejected,
d5_cv_5v5_multicamera_formal_20260716_yolo_bytetrack:0033:D5_Recon_1:0,8.25,RECON-01,D5_Recon_1:0,D5_Recon_1:0:det:0003,G-105,G-103,17.69542825389787,583.8310389771766,False,False,False,rejected,geometry_gate_rejected,
d5_cv_5v5_multicamera_formal_20260716_yolo_bytetrack:0033:D5_Recon_1:0,8.25,RECON-01,D5_Recon_1:0,D5_Recon_1:0:det:0004,G-105,G-104,4.312397380544836,288.2146334357794,True,False,False,candidate,,
d5_cv_5v5_multicamera_formal_20260716_yolo_bytetrack:0033:D5_Recon_1:0,8.25,RECON-01,D5_Recon_1:0,D5_Recon_1:0:det:0005,G-105,G-105,0.002287844844585095,6.63842347797895,True,True,True,registered,registered_to_global_track,True
d5_cv_5v5_multicamera_formal_20260716_yolo_bytetrack:0034:D5_Primary_1:0,8.5,INT-01,D5_Primary_1:0,D5_Primary_1:0/yolov8_bytetrack:track:1,G-101,G-101,0.010864483459879138,7.423937993917618,True,True,True,registered,registered_to_global_track,True
d5_cv_5v5_multicamera_formal_20260716_yolo_bytetrack:0034:D5_Primary_1:0,8.5,INT-01,D5_Primary_1:0,D5_Primary_1:0/yolov8_bytetrack:track:15,G-101,G-102,18.489623242463363,306.26252595511727,False,False,False,rejected,geometry_gate_rejected,
d5_cv_5v5_multicamera_formal_20260716_yolo_bytetrack:0034:D5_Primary_1:0,8.5,INT-01,D5_Primary_1:0,D5_Primary_1:0/yolov8_bytetrack:track:1,G-102,G-101,18.276524290844964,304.33346860077353,False,False,False,rejected,geometry_gate_rejected,
d5_cv_5v5_multicamera_formal_20260716_yolo_bytetrack:0034:D5_Primary_1:0,8.5,INT-01,D5_Primary_1:0,D5_Primary_1:0/yolov8_bytetrack:track:15,G-102,G-102,0.033934298083596603,13.105689291661,True,True,True,registered,registered_to_global_track,True
d5_cv_5v5_multicamera_formal_20260716_yolo_bytetrack:0034:D5_Primary_1:0,8.5,INT-01,D5_Primary_1:0,D5_Primary_1:0/yolov8_bytetrack:track:1,G-103,G-101,71.33150120970762,601.3495654224353,False,False,False,rejected,geometry_gate_rejected,
d5_cv_5v5_multicamera_formal_20260716_yolo_bytetrack:0034:D5_Primary_1:0,8.5,INT-01,D5_Primary_1:0,D5_Primary_1:0/yolov8_bytetrack:track:15,G-103,G-102,17.13462233150661,294.72932986767137,False,False,False,rejected,geometry_gate_rejected,
d5_cv_5v5_multicamera_formal_20260716_yolo_bytetrack:0034:D5_Primary_1:0,8.5,INT-01,D5_Primary_1:0,D5_Primary_1:0/yolov8_bytetrack:track:1,G-104,G-101,147.3878013836715,865.3396207739083,False,False,False,rejected,geometry_gate_rejected,
d5_cv_5v5_multicamera_formal_20260716_yolo_bytetrack:0034:D5_Primary_1:0,8.5,INT-01,D5_Primary_1:0,D5_Primary_1:0/yolov8_bytetrack:track:15,G-104,G-102,61.43013456252826,558.6586752580356,False,False,False,rejected,geometry_gate_rejected,
d5_cv_5v5_multicamera_formal_20260716_yolo_bytetrack:0034:D5_Primary_1:0,8.5,INT-01,D5_Primary_1:0,D5_Primary_1:0/yolov8_bytetrack:track:1,G-105,G-101,,1102.4161188859305,False,False,False,rejected,projection_invalid,
d5_cv_5v5_multicamera_formal_20260716_yolo_bytetrack:0034:D5_Primary_1:0,8.5,INT-01,D5_Primary_1:0,D5_Primary_1:0/yolov8_bytetrack:track:15,G-105,G-102,,795.7376540944813,False,False,False,rejected,projection_invalid,
d5_cv_5v5_multicamera_formal_20260716_yolo_bytetrack:0034:D5_Primary_2:0,8.5,INT-02,D5_Primary_2:0,D5_Primary_2:0/yolov8_bytetrack:track:1,G-101,G-102,21.42391451612854,330.2438862358712,False,False,False,rejected,geometry_gate_rejected,
d5_cv_5v5_multicamera_formal_20260716_yolo_bytetrack:0034:D5_Primary_2:0,8.5,INT-02,D5_Primary_2:0,D5_Primary_2:0/yolov8_bytetrack:track:5,G-101,,81.5137956045355,644.1705973175386,False,False,False,rejected,geometry_gate_rejected,
d5_cv_5v5_multicamera_formal_20260716_yolo_bytetrack:0034:D5_Primary_2:0,8.5,INT-02,D5_Primary_2:0,D5_Primary_2:0/yolov8_bytetrack:track:2,G-101,G-101,0.02106273340751916,10.350420910978718,True,True,True,registered,registered_to_global_track,True
d5_cv_5v5_multicamera_formal_20260716_yolo_bytetrack:0034:D5_Primary_2:0,8.5,INT-02,D5_Primary_2:0,D5_Primary_2:0/yolov8_bytetrack:track:1,G-102,G-102,0.041206152254147074,14.460670291168949,True,True,True,registered,registered_to_global_track,True
d5_cv_5v5_multicamera_formal_20260716_yolo_bytetrack:0034:D5_Primary_2:0,8.5,INT-02,D5_Primary_2:0,D5_Primary_2:0/yolov8_bytetrack:track:5,G-102,,20.183135181153812,320.0377911862373,False,False,False,rejected,geometry_gate_rejected,
d5_cv_5v5_multicamera_formal_20260716_yolo_bytetrack:0034:D5_Primary_2:0,8.5,INT-02,D5_Primary_2:0,D5_Primary_2:0/yolov8_bytetrack:track:2,G-102,G-101,19.933269715110253,318.0505996726905,False,False,False,rejected,geometry_gate_rejected,
d5_cv_5v5_multicamera_formal_20260716_yolo_bytetrack:0034:D5_Primary_2:0,8.5,INT-02,D5_Primary_2:0,D5_Primary_2:0/yolov8_bytetrack:track:1,G-103,G-102,20.464116494830893,322.1217804663345,False,False,False,rejected,geometry_gate_rejected,
d5_cv_5v5_multicamera_formal_20260716_yolo_bytetrack:0034:D5_Primary_2:0,8.5,INT-02,D5_Primary_2:0,D5_Primary_2:0/yolov8_bytetrack:track:5,G-103,,0.03092627454550087,12.517544900421843,True,True,True,registered,registered_to_global_track,
d5_cv_5v5_multicamera_formal_20260716_yolo_bytetrack:0034:D5_Primary_2:0,8.5,INT-02,D5_Primary_2:0,D5_Primary_2:0/yolov8_bytetrack:track:2,G-103,G-101,82.20006274574013,645.5941993835233,False,False,False,rejected,geometry_gate_rejected,
d5_cv_5v5_multicamera_formal_20260716_yolo_bytetrack:0034:D5_Primary_2:0,8.5,INT-02,D5_Primary_2:0,D5_Primary_2:0/yolov8_bytetrack:track:1,G-104,G-102,74.70493032621907,616.048313962092,False,False,False,rejected,geometry_gate_rejected,
d5_cv_5v5_multicamera_formal_20260716_yolo_bytetrack:0034:D5_Primary_2:0,8.5,INT-02,D5_Primary_2:0,D5_Primary_2:0/yolov8_bytetrack:track:5,G-104,,17.964541034397932,302.0982212558335,False,False,False,rejected,geometry_gate_rejected,
d5_cv_5v5_multicamera_formal_20260716_yolo_bytetrack:0034:D5_Primary_2:0,8.5,INT-02,D5_Primary_2:0,D5_Primary_2:0/yolov8_bytetrack:track:2,G-104,G-101,173.77319130768186,939.5751652627857,False,False,False,rejected,geometry_gate_rejected,
d5_cv_5v5_multicamera_formal_20260716_yolo_bytetrack:0034:D5_Primary_2:0,8.5,INT-02,D5_Primary_2:0,D5_Primary_2:0/yolov8_bytetrack:track:1,G-105,G-102,154.58961082550553,887.4196467466702,False,False,False,rejected,geometry_gate_rejected,
d5_cv_5v5_multicamera_formal_20260716_yolo_bytetrack:0034:D5_Primary_2:0,8.5,INT-02,D5_Primary_2:0,D5_Primary_2:0/yolov8_bytetrack:track:5,G-105,,64.55813198208205,573.4747830592295,False,False,False,rejected,geometry_gate_rejected,
d5_cv_5v5_multicamera_formal_20260716_yolo_bytetrack:0034:D5_Primary_2:0,8.5,INT-02,D5_Primary_2:0,D5_Primary_2:0/yolov8_bytetrack:track:2,G-105,G-101,287.8531370125801,1210.9448622038979,False,False,False,rejected,geometry_gate_rejected,
d5_cv_5v5_multicamera_formal_20260716_yolo_bytetrack:0034:D5_Primary_3:0,8.5,INT-03,D5_Primary_3:0,D5_Primary_3:0/yolov8_bytetrack:track:1,G-101,G-103,86.36130621066573,664.7048673282112,False,False,False,rejected,geometry_gate_rejected,
d5_cv_5v5_multicamera_formal_20260716_yolo_bytetrack:0034:D5_Primary_3:0,8.5,INT-03,D5_Primary_3:0,D5_Primary_3:0/yolov8_bytetrack:track:49,G-101,G-105,328.5587741551235,1296.5096783614433,False,False,False,rejected,geometry_gate_rejected,
d5_cv_5v5_multicamera_formal_20260716_yolo_bytetrack:0034:D5_Primary_3:0,8.5,INT-03,D5_Primary_3:0,D5_Primary_3:0/yolov8_bytetrack:track:2,G-101,G-102,23.094554854417645,343.73507782303795,False,False,False,rejected,geometry_gate_rejected,
d5_cv_5v5_multicamera_formal_20260716_yolo_bytetrack:0034:D5_Primary_3:0,8.5,INT-03,D5_Primary_3:0,D5_Primary_3:0/yolov8_bytetrack:track:12,G-101,G-104,189.84085691208796,985.516955296994,False,False,False,rejected,geometry_gate_rejected,
d5_cv_5v5_multicamera_formal_20260716_yolo_bytetrack:0034:D5_Primary_3:0,8.5,INT-03,D5_Primary_3:0,D5_Primary_3:0/yolov8_bytetrack:track:1,G-102,G-103,22.033632355962595,334.8256914168267,False,False,False,rejected,geometry_gate_rejected,
d5_cv_5v5_multicamera_formal_20260716_yolo_bytetrack:0034:D5_Primary_3:0,8.5,INT-03,D5_Primary_3:0,D5_Primary_3:0/yolov8_bytetrack:track:49,G-102,G-105,183.6001057101036,966.5225053390293,False,False,False,rejected,geometry_gate_rejected,
d5_cv_5v5_multicamera_formal_20260716_yolo_bytetrack:0034:D5_Primary_3:0,8.5,INT-03,D5_Primary_3:0,D5_Primary_3:0/yolov8_bytetrack:track:2,G-102,G-102,0.07472917962857636,19.49212641953178,True,True,True,registered,registered_to_global_track,True
d5_cv_5v5_multicamera_formal_20260716_yolo_bytetrack:0034:D5_Primary_3:0,8.5,INT-03,D5_Primary_3:0,D5_Primary_3:0/yolov8_bytetrack:track:12,G-102,G-104,84.46977290953308,655.580898228048,False,False,False,rejected,geometry_gate_rejected,
d5_cv_5v5_multicamera_formal_20260716_yolo_bytetrack:0034:D5_Primary_3:0,8.5,INT-03,D5_Primary_3:0,D5_Primary_3:0/yolov8_bytetrack:track:1,G-103,G-103,0.030985465791907522,12.53719298491102,True,True,True,registered,registered_to_global_track,True
d5_cv_5v5_multicamera_formal_20260716_yolo_bytetrack:0034:D5_Primary_3:0,8.5,INT-03,D5_Primary_3:0,D5_Primary_3:0/yolov8_bytetrack:track:49,G-103,G-105,76.20220062277316,621.7342817824846,False,False,False,rejected,geometry_gate_rejected,
d5_cv_5v5_multicamera_formal_20260716_yolo_bytetrack:0034:D5_Primary_3:0,8.5,INT-03,D5_Primary_3:0,D5_Primary_3:0/yolov8_bytetrack:track:2,G-103,G-102,21.63970283386032,331.3192949725846,False,False,False,rejected,geometry_gate_rejected,
d5_cv_5v5_multicamera_formal_20260716_yolo_bytetrack:0034:D5_Primary_3:0,8.5,INT-03,D5_Primary_3:0,D5_Primary_3:0/yolov8_bytetrack:track:12,G-103,G-104,19.045392355905427,310.82504827948367,False,False,False,rejected,geometry_gate_rejected,
d5_cv_5v5_multicamera_formal_20260716_yolo_bytetrack:0034:D5_Primary_3:0,8.5,INT-03,D5_Primary_3:0,D5_Primary_3:0/yolov8_bytetrack:track:1,G-104,G-103,20.58849028807153,323.26790871668663,False,False,False,rejected,geometry_gate_rejected,
d5_cv_5v5_multicamera_formal_20260716_yolo_bytetrack:0034:D5_Primary_3:0,8.5,INT-03,D5_Primary_3:0,D5_Primary_3:0/yolov8_bytetrack:track:49,G-104,G-105,18.756115260990626,308.54729873421155,False,False,False,rejected,geometry_gate_rejected,
d5_cv_5v5_multicamera_formal_20260716_yolo_bytetrack:0034:D5_Primary_3:0,8.5,INT-03,D5_Primary_3:0,D5_Primary_3:0/yolov8_bytetrack:track:2,G-104,G-102,81.78825238062446,644.3113960275433,False,False,False,rejected,geometry_gate_rejected,
d5_cv_5v5_multicamera_formal_20260716_yolo_bytetrack:0034:D5_Primary_3:0,8.5,INT-03,D5_Primary_3:0,D5_Primary_3:0/yolov8_bytetrack:track:12,G-104,G-104,0.0031045698409155028,3.96796521889917,True,True,True,registered,registered_to_global_track,True
d5_cv_5v5_multicamera_formal_20260716_yolo_bytetrack:0034:D5_Primary_3:0,8.5,INT-03,D5_Primary_3:0,D5_Primary_3:0/yolov8_bytetrack:track:1,G-105,G-103,75.79372338311137,620.9628544648082,False,False,False,rejected,geometry_gate_rejected,
d5_cv_5v5_multicamera_formal_20260716_yolo_bytetrack:0034:D5_Primary_3:0,8.5,INT-03,D5_Primary_3:0,D5_Primary_3:0/yolov8_bytetrack:track:49,G-105,G-105,0.02848173569593324,12.031662277145145,True,True,True,registered,registered_to_global_track,True
d5_cv_5v5_multicamera_formal_20260716_yolo_bytetrack:0034:D5_Primary_3:0,8.5,INT-03,D5_Primary_3:0,D5_Primary_3:0/yolov8_bytetrack:track:2,G-105,G-102,174.42635902494044,942.0090187988932,False,False,False,rejected,geometry_gate_rejected,
d5_cv_5v5_multicamera_formal_20260716_yolo_bytetrack:0034:D5_Primary_3:0,8.5,INT-03,D5_Primary_3:0,D5_Primary_3:0/yolov8_bytetrack:track:12,G-105,G-104,17.716349854768758,300.2174681185834,False,False,False,rejected,geometry_gate_rejected,
d5_cv_5v5_multicamera_formal_20260716_yolo_bytetrack:0034:D5_Primary_4:0,8.5,INT-04,D5_Primary_4:0,D5_Primary_4:0/yolov8_bytetrack:track:1,G-101,G-104,,978.1577522350544,False,False,False,rejected,projection_invalid,
d5_cv_5v5_multicamera_formal_20260716_yolo_bytetrack:0034:D5_Primary_4:0,8.5,INT-04,D5_Primary_4:0,D5_Primary_4:0/yolov8_bytetrack:track:7,G-101,G-105,,1304.3264598046171,False,False,False,rejected,projection_invalid,
d5_cv_5v5_multicamera_formal_20260716_yolo_bytetrack:0034:D5_Primary_4:0,8.5,INT-04,D5_Primary_4:0,D5_Primary_4:0/yolov8_bytetrack:track:1,G-102,G-104,84.87055839301031,658.3877254735654,False,False,False,rejected,geometry_gate_rejected,
d5_cv_5v5_multicamera_formal_20260716_yolo_bytetrack:0034:D5_Primary_4:0,8.5,INT-04,D5_Primary_4:0,D5_Primary_4:0/yolov8_bytetrack:track:7,G-102,G-105,189.77028824552568,984.5034727379723,False,False,False,rejected,geometry_gate_rejected,
d5_cv_5v5_multicamera_formal_20260716_yolo_bytetrack:0034:D5_Primary_4:0,8.5,INT-04,D5_Primary_4:0,D5_Primary_4:0/yolov8_bytetrack:track:1,G-103,G-104,19.26527707189362,312.86401127513415,False,False,False,rejected,geometry_gate_rejected,
d5_cv_5v5_multicamera_formal_20260716_yolo_bytetrack:0034:D5_Primary_4:0,8.5,INT-04,D5_Primary_4:0,D5_Primary_4:0/yolov8_bytetrack:track:7,G-103,G-105,80.34947628170282,638.9390658273181,False,False,False,rejected,geometry_gate_rejected,
d5_cv_5v5_multicamera_formal_20260716_yolo_bytetrack:0034:D5_Primary_4:0,8.5,INT-04,D5_Primary_4:0,D5_Primary_4:0/yolov8_bytetrack:track:1,G-104,G-104,0.008688347086746612,6.639581183902372,True,True,True,registered,registered_to_global_track,True
d5_cv_5v5_multicamera_formal_20260716_yolo_bytetrack:0034:D5_Primary_4:0,8.5,INT-04,D5_Primary_4:0,D5_Primary_4:0/yolov8_bytetrack:track:7,G-104,G-105,20.282245845263063,320.7968636448413,False,False,False,rejected,geometry_gate_rejected,
d5_cv_5v5_multicamera_formal_20260716_yolo_bytetrack:0034:D5_Primary_4:0,8.5,INT-04,D5_Primary_4:0,D5_Primary_4:0/yolov8_bytetrack:track:1,G-105,G-104,19.832264564816317,317.3431738081349,False,False,False,rejected,geometry_gate_rejected,
d5_cv_5v5_multicamera_formal_20260716_yolo_bytetrack:0034:D5_Primary_4:0,8.5,INT-04,D5_Primary_4:0,D5_Primary_4:0/yolov8_bytetrack:track:7,G-105,G-105,0.0235149053617683,10.924826978157201,True,True,True,registered,registered_to_global_track,True
d5_cv_5v5_multicamera_formal_20260716_yolo_bytetrack:0034:D5_Primary_5:0,8.5,INT-05,D5_Primary_5:0,D5_Primary_5:0/yolov8_bytetrack:track:1,G-101,G-105,,1254.2699252015013,False,False,False,rejected,projection_invalid,
d5_cv_5v5_multicamera_formal_20260716_yolo_bytetrack:0034:D5_Primary_5:0,8.5,INT-05,D5_Primary_5:0,D5_Primary_5:0/yolov8_bytetrack:track:1,G-102,G-105,,957.7816405194001,False,False,False,rejected,projection_invalid,
d5_cv_5v5_multicamera_formal_20260716_yolo_bytetrack:0034:D5_Primary_5:0,8.5,INT-05,D5_Primary_5:0,D5_Primary_5:0/yolov8_bytetrack:track:1,G-103,G-105,77.18474427830844,627.0141754049845,False,False,False,rejected,geometry_gate_rejected,
d5_cv_5v5_multicamera_formal_20260716_yolo_bytetrack:0034:D5_Primary_5:0,8.5,INT-05,D5_Primary_5:0,D5_Primary_5:0/yolov8_bytetrack:track:1,G-104,G-105,19.996845017800325,318.658105675698,False,False,False,rejected,geometry_gate_rejected,
d5_cv_5v5_multicamera_formal_20260716_yolo_bytetrack:0034:D5_Primary_5:0,8.5,INT-05,D5_Primary_5:0,D5_Primary_5:0/yolov8_bytetrack:track:1,G-105,G-105,0.01824673109842336,9.620176314233426,True,True,True,registered,registered_to_global_track,True
d5_cv_5v5_multicamera_formal_20260716_yolo_bytetrack:0034:D5_Recon_1:0,8.5,RECON-01,D5_Recon_1:0,D5_Recon_1:0:det:0001,G-101,G-101,0.00011269990026053218,1.473434906957053,True,True,True,registered,registered_to_global_track,True
d5_cv_5v5_multicamera_formal_20260716_yolo_bytetrack:0034:D5_Recon_1:0,8.5,RECON-01,D5_Recon_1:0,D5_Recon_1:0:det:0002,G-101,G-102,4.418984652815413,291.7653819851062,True,False,False,candidate,,
d5_cv_5v5_multicamera_formal_20260716_yolo_bytetrack:0034:D5_Recon_1:0,8.5,RECON-01,D5_Recon_1:0,D5_Recon_1:0:det:0003,G-101,G-103,17.75207869107468,584.7862089758108,False,False,False,rejected,geometry_gate_rejected,
d5_cv_5v5_multicamera_formal_20260716_yolo_bytetrack:0034:D5_Recon_1:0,8.5,RECON-01,D5_Recon_1:0,D5_Recon_1:0:det:0004,G-101,G-104,39.9461729479026,877.2231897438858,False,False,False,rejected,geometry_gate_rejected,
d5_cv_5v5_multicamera_formal_20260716_yolo_bytetrack:0034:D5_Recon_1:0,8.5,RECON-01,D5_Recon_1:0,D5_Recon_1:0:det:0005,G-101,G-105,70.90083248950057,1168.6869166833262,False,False,False,rejected,geometry_gate_rejected,
d5_cv_5v5_multicamera_formal_20260716_yolo_bytetrack:0034:D5_Recon_1:0,8.5,RECON-01,D5_Recon_1:0,D5_Recon_1:0:det:0001,G-102,G-101,4.323248254987155,288.5439071162293,True,False,False,candidate,,
d5_cv_5v5_multicamera_formal_20260716_yolo_bytetrack:0034:D5_Recon_1:0,8.5,RECON-01,D5_Recon_1:0,D5_Recon_1:0:det:0002,G-102,G-102,0.0026141406898682407,7.095090145284257,True,True,True,registered,registered_to_global_track,True
d5_cv_5v5_multicamera_formal_20260716_yolo_bytetrack:0034:D5_Recon_1:0,8.5,RECON-01,D5_Recon_1:0,D5_Recon_1:0:det:0003,G-102,G-103,4.604605199728135,297.7851621404499,True,False,False,candidate,,
d5_cv_5v5_multicamera_formal_20260716_yolo_bytetrack:0034:D5_Recon_1:0,8.5,RECON-01,D5_Recon_1:0,D5_Recon_1:0:det:0004,G-102,G-104,18.087682561242257,590.1987915262866,False,False,False,rejected,geometry_gate_rejected,
d5_cv_5v5_multicamera_formal_20260716_yolo_bytetrack:0034:D5_Recon_1:0,8.5,RECON-01,D5_Recon_1:0,D5_Recon_1:0:det:0005,G-102,G-105,40.36300457471898,881.6548361799605,False,False,False,rejected,geometry_gate_rejected,
d5_cv_5v5_multicamera_formal_20260716_yolo_bytetrack:0034:D5_Recon_1:0,8.5,RECON-01,D5_Recon_1:0,D5_Recon_1:0:det:0001,G-103,G-101,18.465965808535216,596.2908831687896,False,False,False,rejected,geometry_gate_rejected,
d5_cv_5v5_multicamera_formal_20260716_yolo_bytetrack:0034:D5_Recon_1:0,8.5,RECON-01,D5_Recon_1:0,D5_Recon_1:0:det:0002,G-103,G-102,4.770510226204413,303.07811075384615,True,False,False,candidate,,
d5_cv_5v5_multicamera_formal_20260716_yolo_bytetrack:0034:D5_Recon_1:0,8.5,RECON-01,D5_Recon_1:0,D5_Recon_1:0:det:0003,G-103,G-103,0.005260172647628687,10.064035386548422,True,True,True,registered,registered_to_global_track,True
d5_cv_5v5_multicamera_formal_20260716_yolo_bytetrack:0034:D5_Recon_1:0,8.5,RECON-01,D5_Recon_1:0,D5_Recon_1:0:det:0004,G-103,G-104,4.141182084629998,282.3802504518646,True,False,False,candidate,,
d5_cv_5v5_multicamera_formal_20260716_yolo_bytetrack:0034:D5_Recon_1:0,8.5,RECON-01,D5_Recon_1:0,D5_Recon_1:0:det:0005,G-103,G-105,17.101852099449076,573.8438465127107,False,False,False,rejected,geometry_gate_rejected,
d5_cv_5v5_multicamera_formal_20260716_yolo_bytetrack:0034:D5_Recon_1:0,8.5,RECON-01,D5_Recon_1:0,D5_Recon_1:0:det:0001,G-104,G-101,40.372259100368666,881.711408503566,False,False,False,rejected,geometry_gate_rejected,
d5_cv_5v5_multicamera_formal_20260716_yolo_bytetrack:0034:D5_Recon_1:0,8.5,RECON-01,D5_Recon_1:0,D5_Recon_1:0:det:0002,G-104,G-102,17.9858581767852,588.505489145415,False,False,False,rejected,geometry_gate_rejected,
d5_cv_5v5_multicamera_formal_20260716_yolo_bytetrack:0034:D5_Recon_1:0,8.5,RECON-01,D5_Recon_1:0,D5_Recon_1:0:det:0003,G-104,G-103,4.534812962771214,295.50485963711776,True,False,False,candidate,,
d5_cv_5v5_multicamera_formal_20260716_yolo_bytetrack:0034:D5_Recon_1:0,8.5,RECON-01,D5_Recon_1:0,D5_Recon_1:0:det:0004,G-104,G-104,0.0017242786021828512,5.761977062106671,True,True,True,registered,registered_to_global_track,True
d5_cv_5v5_multicamera_formal_20260716_yolo_bytetrack:0034:D5_Recon_1:0,8.5,RECON-01,D5_Recon_1:0,D5_Recon_1:0:det:0005,G-104,G-105,4.321730456852108,288.47869675567415,True,False,False,candidate,,
d5_cv_5v5_multicamera_formal_20260716_yolo_bytetrack:0034:D5_Recon_1:0,8.5,RECON-01,D5_Recon_1:0,D5_Recon_1:0:det:0001,G-105,G-101,70.29944530675219,1163.6667698533865,False,False,False,rejected,geometry_gate_rejected,
d5_cv_5v5_multicamera_formal_20260716_yolo_bytetrack:0034:D5_Recon_1:0,8.5,RECON-01,D5_Recon_1:0,D5_Recon_1:0:det:0002,G-105,G-102,39.33566553415042,870.4542194110351,False,False,False,rejected,geometry_gate_rejected,
d5_cv_5v5_multicamera_formal_20260716_yolo_bytetrack:0034:D5_Recon_1:0,8.5,RECON-01,D5_Recon_1:0,D5_Recon_1:0:det:0003,G-105,G-103,17.310094007239332,577.4340594262557,False,False,False,rejected,geometry_gate_rejected,
d5_cv_5v5_multicamera_formal_20260716_yolo_bytetrack:0034:D5_Recon_1:0,8.5,RECON-01,D5_Recon_1:0,D5_Recon_1:0:det:0004,G-105,G-104,4.2167909915855635,284.99925211206477,True,False,False,candidate,,
d5_cv_5v5_multicamera_formal_20260716_yolo_bytetrack:0034:D5_Recon_1:0,8.5,RECON-01,D5_Recon_1:0,D5_Recon_1:0:det:0005,G-105,G-105,0.002295930032639389,6.650081150131744,True,True,True,registered,registered_to_global_track,True
d5_cv_5v5_multicamera_formal_20260716_yolo_bytetrack:0035:D5_Primary_1:0,8.75,INT-01,D5_Primary_1:0,D5_Primary_1:0/yolov8_bytetrack:track:1,G-101,G-101,0.009924038057572226,7.095385449094676,True,True,True,registered,registered_to_global_track,True
d5_cv_5v5_multicamera_formal_20260716_yolo_bytetrack:0035:D5_Primary_1:0,8.75,INT-01,D5_Primary_1:0,D5_Primary_1:0/yolov8_bytetrack:track:2,G-101,G-103,68.22996351403765,588.3278019478208,False,False,False,rejected,geometry_gate_rejected,
d5_cv_5v5_multicamera_formal_20260716_yolo_bytetrack:0035:D5_Primary_1:0,8.75,INT-01,D5_Primary_1:0,D5_Primary_1:0/yolov8_bytetrack:track:1,G-102,G-101,17.792940316418985,300.2676952288459,False,False,False,rejected,geometry_gate_rejected,
d5_cv_5v5_multicamera_formal_20260716_yolo_bytetrack:0035:D5_Primary_1:0,8.75,INT-01,D5_Primary_1:0,D5_Primary_1:0/yolov8_bytetrack:track:2,G-102,G-103,16.453006736241598,288.73913267106275,False,False,False,rejected,geometry_gate_rejected,
d5_cv_5v5_multicamera_formal_20260716_yolo_bytetrack:0035:D5_Primary_1:0,8.75,INT-01,D5_Primary_1:0,D5_Primary_1:0/yolov8_bytetrack:track:1,G-103,G-101,69.45674225676045,593.3279714281721,False,False,False,rejected,geometry_gate_rejected,
d5_cv_5v5_multicamera_formal_20260716_yolo_bytetrack:0035:D5_Primary_1:0,8.75,INT-01,D5_Primary_1:0,D5_Primary_1:0/yolov8_bytetrack:track:2,G-103,G-103,0.016139491703805534,9.03090754362983,True,True,True,registered,registered_to_global_track,True
d5_cv_5v5_multicamera_formal_20260716_yolo_bytetrack:0035:D5_Primary_1:0,8.75,INT-01,D5_Primary_1:0,D5_Primary_1:0/yolov8_bytetrack:track:1,G-104,G-101,143.35986857528076,853.2620500167452,False,False,False,rejected,geometry_gate_rejected,
d5_cv_5v5_multicamera_formal_20260716_yolo_bytetrack:0035:D5_Primary_1:0,8.75,INT-01,D5_Primary_1:0,D5_Primary_1:0/yolov8_bytetrack:track:2,G-104,G-103,13.803748538494387,264.769004569413,True,False,False,candidate,,
d5_cv_5v5_multicamera_formal_20260716_yolo_bytetrack:0035:D5_Primary_1:0,8.75,INT-01,D5_Primary_1:0,D5_Primary_1:0/yolov8_bytetrack:track:1,G-105,G-101,,1086.2974276606521,False,False,False,rejected,projection_invalid,
d5_cv_5v5_multicamera_formal_20260716_yolo_bytetrack:0035:D5_Primary_1:0,8.75,INT-01,D5_Primary_1:0,D5_Primary_1:0/yolov8_bytetrack:track:2,G-105,G-103,,497.80946607480854,False,False,False,rejected,projection_invalid,
d5_cv_5v5_multicamera_formal_20260716_yolo_bytetrack:0035:D5_Primary_2:0,8.75,INT-02,D5_Primary_2:0,D5_Primary_2:0/yolov8_bytetrack:track:1,G-101,G-102,20.98895007661251,326.8780956427433,False,False,False,rejected,geometry_gate_rejected,
d5_cv_5v5_multicamera_formal_20260716_yolo_bytetrack:0035:D5_Primary_2:0,8.75,INT-02,D5_Primary_2:0,D5_Primary_2:0/yolov8_bytetrack:track:5,G-101,G-103,79.4209071150151,635.8546462313869,False,False,False,rejected,geometry_gate_rejected,
d5_cv_5v5_multicamera_formal_20260716_yolo_bytetrack:0035:D5_Primary_2:0,8.75,INT-02,D5_Primary_2:0,D5_Primary_2:0/yolov8_bytetrack:track:38,G-101,G-101,0.02487980122287157,11.248428642879764,True,True,True,registered,registered_to_global_track,True
d5_cv_5v5_multicamera_formal_20260716_yolo_bytetrack:0035:D5_Primary_2:0,8.75,INT-02,D5_Primary_2:0,D5_Primary_2:0/yolov8_bytetrack:track:1,G-102,G-102,0.041616368138941304,14.5324897108145,True,True,True,registered,registered_to_global_track,True
d5_cv_5v5_multicamera_formal_20260716_yolo_bytetrack:0035:D5_Primary_2:0,8.75,INT-02,D5_Primary_2:0,D5_Primary_2:0/yolov8_bytetrack:track:5,G-102,G-103,19.568760104467223,315.1295653687334,False,False,False,rejected,geometry_gate_rejected,
d5_cv_5v5_multicamera_formal_20260716_yolo_bytetrack:0035:D5_Primary_2:0,8.75,INT-02,D5_Primary_2:0,D5_Primary_2:0/yolov8_bytetrack:track:38,G-102,G-101,21.167129279641706,327.74680955934707,False,False,False,rejected,geometry_gate_rejected,
d5_cv_5v5_multicamera_formal_20260716_yolo_bytetrack:0035:D5_Primary_2:0,8.75,INT-02,D5_Primary_2:0,D5_Primary_2:0/yolov8_bytetrack:track:1,G-103,G-102,19.999052731870677,318.42865395381324,False,False,False,rejected,geometry_gate_rejected,
d5_cv_5v5_multicamera_formal_20260716_yolo_bytetrack:0035:D5_Primary_2:0,8.75,INT-02,D5_Primary_2:0,D5_Primary_2:0/yolov8_bytetrack:track:5,G-103,G-103,0.03375796370416385,13.078513177733612,True,True,True,registered,registered_to_global_track,True
d5_cv_5v5_multicamera_formal_20260716_yolo_bytetrack:0035:D5_Primary_2:0,8.75,INT-02,D5_Primary_2:0,D5_Primary_2:0/yolov8_bytetrack:track:38,G-103,G-101,83.74623902666903,651.6134685619593,False,False,False,rejected,geometry_gate_rejected,
d5_cv_5v5_multicamera_formal_20260716_yolo_bytetrack:0035:D5_Primary_2:0,8.75,INT-02,D5_Primary_2:0,D5_Primary_2:0/yolov8_bytetrack:track:1,G-104,G-102,72.91151645105529,608.546771153748,False,False,False,rejected,geometry_gate_rejected,
d5_cv_5v5_multicamera_formal_20260716_yolo_bytetrack:0035:D5_Primary_2:0,8.75,INT-02,D5_Primary_2:0,D5_Primary_2:0/yolov8_bytetrack:track:5,G-104,G-103,17.66483812942561,299.5371578901856,False,False,False,rejected,geometry_gate_rejected,
d5_cv_5v5_multicamera_formal_20260716_yolo_bytetrack:0035:D5_Primary_2:0,8.75,INT-02,D5_Primary_2:0,D5_Primary_2:0/yolov8_bytetrack:track:38,G-104,G-101,174.62305554221922,941.7739808121229,False,False,False,rejected,geometry_gate_rejected,
d5_cv_5v5_multicamera_formal_20260716_yolo_bytetrack:0035:D5_Primary_2:0,8.75,INT-02,D5_Primary_2:0,D5_Primary_2:0/yolov8_bytetrack:track:1,G-105,G-102,150.7078174706756,876.0433831406993,False,False,False,rejected,geometry_gate_rejected,
d5_cv_5v5_multicamera_formal_20260716_yolo_bytetrack:0035:D5_Primary_2:0,8.75,INT-02,D5_Primary_2:0,D5_Primary_2:0/yolov8_bytetrack:track:5,G-105,G-103,63.14073467122522,567.0384503124129,False,False,False,rejected,geometry_gate_rejected,
d5_cv_5v5_multicamera_formal_20260716_yolo_bytetrack:0035:D5_Primary_2:0,8.75,INT-02,D5_Primary_2:0,D5_Primary_2:0/yolov8_bytetrack:track:38,G-105,G-101,287.1651608284805,1209.2708898249364,False,False,False,rejected,geometry_gate_rejected,
d5_cv_5v5_multicamera_formal_20260716_yolo_bytetrack:0035:D5_Primary_3:0,8.75,INT-03,D5_Primary_3:0,D5_Primary_3:0/yolov8_bytetrack:track:1,G-101,G-103,84.68971390107862,658.2263384899588,False,False,False,rejected,geometry_gate_rejected,
d5_cv_5v5_multicamera_formal_20260716_yolo_bytetrack:0035:D5_Primary_3:0,8.75,INT-03,D5_Primary_3:0,D5_Primary_3:0/yolov8_bytetrack:track:49,G-101,G-105,322.2878286882142,1284.049768178454,False,False,False,rejected,geometry_gate_rejected,
d5_cv_5v5_multicamera_formal_20260716_yolo_bytetrack:0035:D5_Primary_3:0,8.75,INT-03,D5_Primary_3:0,D5_Primary_3:0/yolov8_bytetrack:track:2,G-101,,22.863058501531512,342.0006235470473,False,False,False,rejected,geometry_gate_rejected,
d5_cv_5v5_multicamera_formal_20260716_yolo_bytetrack:0035:D5_Primary_3:0,8.75,INT-03,D5_Primary_3:0,D5_Primary_3:0/yolov8_bytetrack:track:12,G-101,G-104,185.83857428922437,975.0522155221556,False,False,False,rejected,geometry_gate_rejected,
d5_cv_5v5_multicamera_formal_20260716_yolo_bytetrack:0035:D5_Primary_3:0,8.75,INT-03,D5_Primary_3:0,D5_Primary_3:0/yolov8_bytetrack:track:1,G-102,G-103,21.594132352661987,331.47023860046636,False,False,False,rejected,geometry_gate_rejected,
d5_cv_5v5_multicamera_formal_20260716_yolo_bytetrack:0035:D5_Primary_3:0,8.75,INT-03,D5_Primary_3:0,D5_Primary_3:0/yolov8_bytetrack:track:49,G-102,G-105,180.07898388237237,957.2116243343482,False,False,False,rejected,geometry_gate_rejected,
d5_cv_5v5_multicamera_formal_20260716_yolo_bytetrack:0035:D5_Primary_3:0,8.75,INT-03,D5_Primary_3:0,D5_Primary_3:0/yolov8_bytetrack:track:2,G-102,,0.0833960777563947,20.592357617307663,True,True,True,registered,registered_to_global_track,
d5_cv_5v5_multicamera_formal_20260716_yolo_bytetrack:0035:D5_Primary_3:0,8.75,INT-03,D5_Primary_3:0,D5_Primary_3:0/yolov8_bytetrack:track:12,G-102,G-104,82.59635799863926,648.2716509945577,False,False,False,rejected,geometry_gate_rejected,
d5_cv_5v5_multicamera_formal_20260716_yolo_bytetrack:0035:D5_Primary_3:0,8.75,INT-03,D5_Primary_3:0,D5_Primary_3:0/yolov8_bytetrack:track:1,G-103,G-103,0.027637823680305762,11.840595411288664,True,True,True,registered,registered_to_global_track,True
d5_cv_5v5_multicamera_formal_20260716_yolo_bytetrack:0035:D5_Primary_3:0,8.75,INT-03,D5_Primary_3:0,D5_Primary_3:0/yolov8_bytetrack:track:49,G-103,G-105,74.75085004119495,615.785496588637,False,False,False,rejected,geometry_gate_rejected,
d5_cv_5v5_multicamera_formal_20260716_yolo_bytetrack:0035:D5_Primary_3:0,8.75,INT-03,D5_Primary_3:0,D5_Primary_3:0/yolov8_bytetrack:track:2,G-103,,21.021003819871588,326.5488347654246,False,False,False,rejected,geometry_gate_rejected,
d5_cv_5v5_multicamera_formal_20260716_yolo_bytetrack:0035:D5_Primary_3:0,8.75,INT-03,D5_Primary_3:0,D5_Primary_3:0/yolov8_bytetrack:track:12,G-103,G-104,18.565049161867748,306.8805958846891,False,False,False,rejected,geometry_gate_rejected,
d5_cv_5v5_multicamera_formal_20260716_yolo_bytetrack:0035:D5_Primary_3:0,8.75,INT-03,D5_Primary_3:0,D5_Primary_3:0/yolov8_bytetrack:track:1,G-104,G-103,20.136800094592406,319.69261801656046,False,False,False,rejected,geometry_gate_rejected,
d5_cv_5v5_multicamera_formal_20260716_yolo_bytetrack:0035:D5_Primary_3:0,8.75,INT-03,D5_Primary_3:0,D5_Primary_3:0/yolov8_bytetrack:track:49,G-104,G-105,18.46481474580664,306.13278277506424,False,False,False,rejected,geometry_gate_rejected,
d5_cv_5v5_multicamera_formal_20260716_yolo_bytetrack:0035:D5_Primary_3:0,8.75,INT-03,D5_Primary_3:0,D5_Primary_3:0/yolov8_bytetrack:track:2,G-104,,79.69760255681629,636.0042666335825,False,False,False,rejected,geometry_gate_rejected,
d5_cv_5v5_multicamera_formal_20260716_yolo_bytetrack:0035:D5_Primary_3:0,8.75,INT-03,D5_Primary_3:0,D5_Primary_3:0/yolov8_bytetrack:track:12,G-104,G-104,0.003768542370472058,4.371795199269,True,True,True,registered,registered_to_global_track,True
d5_cv_5v5_multicamera_formal_20260716_yolo_bytetrack:0035:D5_Primary_3:0,8.75,INT-03,D5_Primary_3:0,D5_Primary_3:0/yolov8_bytetrack:track:1,G-105,G-103,74.05251470152722,613.7347176104593,False,False,False,rejected,geometry_gate_rejected,
d5_cv_5v5_multicamera_formal_20260716_yolo_bytetrack:0035:D5_Primary_3:0,8.75,INT-03,D5_Primary_3:0,D5_Primary_3:0/yolov8_bytetrack:track:49,G-105,G-105,0.03324329198611788,12.999159361814009,True,True,True,registered,registered_to_global_track,True
d5_cv_5v5_multicamera_formal_20260716_yolo_bytetrack:0035:D5_Primary_3:0,8.75,INT-03,D5_Primary_3:0,D5_Primary_3:0/yolov8_bytetrack:track:2,G-105,,170.0577360809305,930.0557881841065,False,False,False,rejected,geometry_gate_rejected,
d5_cv_5v5_multicamera_formal_20260716_yolo_bytetrack:0035:D5_Primary_3:0,8.75,INT-03,D5_Primary_3:0,D5_Primary_3:0/yolov8_bytetrack:track:12,G-105,G-104,17.34126306663535,296.9962640572826,False,False,False,rejected,geometry_gate_rejected,
d5_cv_5v5_multicamera_formal_20260716_yolo_bytetrack:0035:D5_Primary_5:0,8.75,INT-05,D5_Primary_5:0,D5_Primary_5:0/yolov8_bytetrack:track:1,G-101,G-105,,1241.8422902115972,False,False,False,rejected,projection_invalid,
d5_cv_5v5_multicamera_formal_20260716_yolo_bytetrack:0035:D5_Primary_5:0,8.75,INT-05,D5_Primary_5:0,D5_Primary_5:0/yolov8_bytetrack:track:1,G-102,G-105,175.44331934810822,948.3019580556688,False,False,False,rejected,geometry_gate_rejected,
d5_cv_5v5_multicamera_formal_20260716_yolo_bytetrack:0035:D5_Primary_5:0,8.75,INT-05,D5_Primary_5:0,D5_Primary_5:0/yolov8_bytetrack:track:1,G-103,G-105,75.63281067047325,620.651006694979,False,False,False,rejected,geometry_gate_rejected,
d5_cv_5v5_multicamera_formal_20260716_yolo_bytetrack:0035:D5_Primary_5:0,8.75,INT-05,D5_Primary_5:0,D5_Primary_5:0/yolov8_bytetrack:track:1,G-104,G-105,19.601302358904555,315.4875886023811,False,False,False,rejected,geometry_gate_rejected,
d5_cv_5v5_multicamera_formal_20260716_yolo_bytetrack:0035:D5_Primary_5:0,8.75,INT-05,D5_Primary_5:0,D5_Primary_5:0/yolov8_bytetrack:track:1,G-105,G-105,0.018815770128473734,9.769027429333521,True,True,True,registered,registered_to_global_track,True
d5_cv_5v5_multicamera_formal_20260716_yolo_bytetrack:0035:D5_Recon_1:0,8.75,RECON-01,D5_Recon_1:0,D5_Recon_1:0:det:0001,G-101,G-101,0.00011599120949904858,1.4947839008727422,True,True,True,registered,registered_to_global_track,True
d5_cv_5v5_multicamera_formal_20260716_yolo_bytetrack:0035:D5_Recon_1:0,8.75,RECON-01,D5_Recon_1:0,D5_Recon_1:0:det:0002,G-101,G-102,4.324246125617488,288.6187664149915,True,False,False,candidate,,
d5_cv_5v5_multicamera_formal_20260716_yolo_bytetrack:0035:D5_Recon_1:0,8.75,RECON-01,D5_Recon_1:0,D5_Recon_1:0:det:0003,G-101,G-103,17.37194499312644,578.4869769818093,False,False,False,rejected,geometry_gate_rejected,
d5_cv_5v5_multicamera_formal_20260716_yolo_bytetrack:0035:D5_Recon_1:0,8.75,RECON-01,D5_Recon_1:0,D5_Recon_1:0:det:0004,G-101,G-104,39.08805226497213,867.7435193576787,False,False,False,rejected,geometry_gate_rejected,
d5_cv_5v5_multicamera_formal_20260716_yolo_bytetrack:0035:D5_Recon_1:0,8.75,RECON-01,D5_Recon_1:0,D5_Recon_1:0:det:0005,G-101,G-105,69.3704715753556,1155.9969470338442,False,False,False,rejected,geometry_gate_rejected,
d5_cv_5v5_multicamera_formal_20260716_yolo_bytetrack:0035:D5_Recon_1:0,8.75,RECON-01,D5_Recon_1:0,D5_Recon_1:0:det:0001,G-102,G-101,4.230207207145217,285.4209638818076,True,False,False,candidate,,
d5_cv_5v5_multicamera_formal_20260716_yolo_bytetrack:0035:D5_Recon_1:0,8.75,RECON-01,D5_Recon_1:0,D5_Recon_1:0:det:0002,G-102,G-102,0.0025817032902415295,7.050911038761252,True,True,True,registered,registered_to_global_track,True
d5_cv_5v5_multicamera_formal_20260716_yolo_bytetrack:0035:D5_Recon_1:0,8.75,RECON-01,D5_Recon_1:0,D5_Recon_1:0:det:0003,G-102,G-103,4.50748992853541,294.62694566775906,True,False,False,candidate,,
d5_cv_5v5_multicamera_formal_20260716_yolo_bytetrack:0035:D5_Recon_1:0,8.75,RECON-01,D5_Recon_1:0,D5_Recon_1:0:det:0004,G-102,G-104,17.70140915464685,583.8603712766408,False,False,False,rejected,geometry_gate_rejected,
d5_cv_5v5_multicamera_formal_20260716_yolo_bytetrack:0035:D5_Recon_1:0,8.75,RECON-01,D5_Recon_1:0,D5_Recon_1:0:det:0005,G-102,G-105,39.4937706792934,872.1062066099787,False,False,False,rejected,geometry_gate_rejected,
d5_cv_5v5_multicamera_formal_20260716_yolo_bytetrack:0035:D5_Recon_1:0,8.75,RECON-01,D5_Recon_1:0,D5_Recon_1:0:det:0001,G-103,G-101,18.079095332771935,590.0095526822919,False,False,False,rejected,geometry_gate_rejected,
d5_cv_5v5_multicamera_formal_20260716_yolo_bytetrack:0035:D5_Recon_1:0,8.75,RECON-01,D5_Recon_1:0,D5_Recon_1:0:det:0002,G-103,G-102,4.671777030252114,299.92436589941155,True,False,False,candidate,,
d5_cv_5v5_multicamera_formal_20260716_yolo_bytetrack:0035:D5_Recon_1:0,8.75,RECON-01,D5_Recon_1:0,D5_Recon_1:0:det:0003,G-103,G-103,0.0052589612332573496,10.062842620192406,True,True,True,registered,registered_to_global_track,True
d5_cv_5v5_multicamera_formal_20260716_yolo_bytetrack:0035:D5_Recon_1:0,8.75,RECON-01,D5_Recon_1:0,D5_Recon_1:0:det:0004,G-103,G-104,4.048483692572963,279.2009508225283,True,False,False,candidate,,
d5_cv_5v5_multicamera_formal_20260716_yolo_bytetrack:0035:D5_Recon_1:0,8.75,RECON-01,D5_Recon_1:0,D5_Recon_1:0:det:0005,G-103,G-105,16.72323570483719,567.4542477066217,False,False,False,rejected,geometry_gate_rejected,
d5_cv_5v5_multicamera_formal_20260716_yolo_bytetrack:0035:D5_Recon_1:0,8.75,RECON-01,D5_Recon_1:0,D5_Recon_1:0:det:0001,G-104,G-101,39.50935910818689,872.2334977112793,False,False,False,rejected,geometry_gate_rejected,
d5_cv_5v5_multicamera_formal_20260716_yolo_bytetrack:0035:D5_Recon_1:0,8.75,RECON-01,D5_Recon_1:0,D5_Recon_1:0:det:0002,G-104,G-102,17.599976197913417,582.1552397361481,False,False,False,rejected,geometry_gate_rejected,
d5_cv_5v5_multicamera_formal_20260716_yolo_bytetrack:0035:D5_Recon_1:0,8.75,RECON-01,D5_Recon_1:0,D5_Recon_1:0:det:0003,G-104,G-103,4.437252652150628,292.3074277639503,True,False,False,candidate,,
d5_cv_5v5_multicamera_formal_20260716_yolo_bytetrack:0035:D5_Recon_1:0,8.75,RECON-01,D5_Recon_1:0,D5_Recon_1:0:det:0004,G-104,G-104,0.0017176644417511962,5.750891072569559,True,True,True,registered,registered_to_global_track,True
d5_cv_5v5_multicamera_formal_20260716_yolo_bytetrack:0035:D5_Recon_1:0,8.75,RECON-01,D5_Recon_1:0,D5_Recon_1:0:det:0005,G-104,G-105,4.226649475279764,285.28626286381314,True,False,False,candidate,,
d5_cv_5v5_multicamera_formal_20260716_yolo_bytetrack:0035:D5_Recon_1:0,8.75,RECON-01,D5_Recon_1:0,D5_Recon_1:0:det:0001,G-105,G-101,68.77766965845079,1150.9923297308894,False,False,False,rejected,geometry_gate_rejected,
d5_cv_5v5_multicamera_formal_20260716_yolo_bytetrack:0035:D5_Recon_1:0,8.75,RECON-01,D5_Recon_1:0,D5_Recon_1:0:det:0002,G-105,G-102,38.47826339318826,860.9073838302128,False,False,False,rejected,geometry_gate_rejected,
d5_cv_5v5_multicamera_formal_20260716_yolo_bytetrack:0035:D5_Recon_1:0,8.75,RECON-01,D5_Recon_1:0,D5_Recon_1:0:det:0003,G-105,G-103,16.929162367838504,571.0398759768691,False,False,False,rejected,geometry_gate_rejected,
d5_cv_5v5_multicamera_formal_20260716_yolo_bytetrack:0035:D5_Recon_1:0,8.75,RECON-01,D5_Recon_1:0,D5_Recon_1:0:det:0004,G-105,G-104,4.122306744762616,281.7856369092243,True,False,False,candidate,,
d5_cv_5v5_multicamera_formal_20260716_yolo_bytetrack:0035:D5_Recon_1:0,8.75,RECON-01,D5_Recon_1:0,D5_Recon_1:0:det:0005,G-105,G-105,0.0023041277300642365,6.661880183892885,True,True,True,registered,registered_to_global_track,True
d5_cv_5v5_multicamera_formal_20260716_yolo_bytetrack:0036:D5_Primary_1:0,9.0,INT-01,D5_Primary_1:0,D5_Primary_1:0/yolov8_bytetrack:track:1,G-101,G-101,0.011568002124331702,7.6605679334299746,True,True,True,registered,registered_to_global_track,True
d5_cv_5v5_multicamera_formal_20260716_yolo_bytetrack:0036:D5_Primary_1:0,9.0,INT-01,D5_Primary_1:0,D5_Primary_1:0/yolov8_bytetrack:track:1,G-102,G-101,17.347562608204527,296.47391204011313,False,False,False,rejected,geometry_gate_rejected,
d5_cv_5v5_multicamera_formal_20260716_yolo_bytetrack:0036:D5_Primary_1:0,9.0,INT-01,D5_Primary_1:0,D5_Primary_1:0/yolov8_bytetrack:track:1,G-103,G-101,67.67374648414776,585.601851025515,False,False,False,rejected,geometry_gate_rejected,
d5_cv_5v5_multicamera_formal_20260716_yolo_bytetrack:0036:D5_Primary_1:0,9.0,INT-01,D5_Primary_1:0,D5_Primary_1:0/yolov8_bytetrack:track:1,G-104,G-101,139.50779390864534,841.564073842834,False,False,False,rejected,geometry_gate_rejected,
d5_cv_5v5_multicamera_formal_20260716_yolo_bytetrack:0036:D5_Primary_1:0,9.0,INT-01,D5_Primary_1:0,D5_Primary_1:0/yolov8_bytetrack:track:1,G-105,G-101,,1070.6900933102838,False,False,False,rejected,projection_invalid,
d5_cv_5v5_multicamera_formal_20260716_yolo_bytetrack:0036:D5_Primary_2:0,9.0,INT-02,D5_Primary_2:0,D5_Primary_2:0/yolov8_bytetrack:track:1,G-101,G-102,20.6064275176098,323.8911172227843,False,False,False,rejected,geometry_gate_rejected,
d5_cv_5v5_multicamera_formal_20260716_yolo_bytetrack:0036:D5_Primary_2:0,9.0,INT-02,D5_Primary_2:0,D5_Primary_2:0/yolov8_bytetrack:track:5,G-101,G-103,77.7435262795172,629.1146027304626,False,False,False,rejected,geometry_gate_rejected,
d5_cv_5v5_multicamera_formal_20260716_yolo_bytetrack:0036:D5_Primary_2:0,9.0,INT-02,D5_Primary_2:0,D5_Primary_2:0/yolov8_bytetrack:track:38,G-101,,0.07019901338016798,18.901013789589594,True,False,False,candidate,,
d5_cv_5v5_multicamera_formal_20260716_yolo_bytetrack:0036:D5_Primary_2:0,9.0,INT-02,D5_Primary_2:0,D5_Primary_2:0/yolov8_bytetrack:track:3,G-101,G-104,167.09496586182792,922.3150294770148,False,False,False,rejected,geometry_gate_rejected,
d5_cv_5v5_multicamera_formal_20260716_yolo_bytetrack:0036:D5_Primary_2:0,9.0,INT-02,D5_Primary_2:0,D5_Primary_2:0/yolov8_bytetrack:track:2,G-101,G-101,0.013196596571262481,8.192538928745835,True,True,True,registered,registered_to_global_track,True
d5_cv_5v5_multicamera_formal_20260716_yolo_bytetrack:0036:D5_Primary_2:0,9.0,INT-02,D5_Primary_2:0,D5_Primary_2:0/yolov8_bytetrack:track:1,G-102,G-102,0.044434903409036365,15.016602111708247,True,True,True,registered,registered_to_global_track,True
d5_cv_5v5_multicamera_formal_20260716_yolo_bytetrack:0036:D5_Primary_2:0,9.0,INT-02,D5_Primary_2:0,D5_Primary_2:0/yolov8_bytetrack:track:5,G-102,G-103,19.15529509026447,311.78378537099525,False,False,False,rejected,geometry_gate_rejected,
d5_cv_5v5_multicamera_formal_20260716_yolo_bytetrack:0036:D5_Primary_2:0,9.0,INT-02,D5_Primary_2:0,D5_Primary_2:0/yolov8_bytetrack:track:38,G-102,,22.04926177202969,334.5077014220326,False,False,False,rejected,geometry_gate_rejected,
d5_cv_5v5_multicamera_formal_20260716_yolo_bytetrack:0036:D5_Primary_2:0,9.0,INT-02,D5_Primary_2:0,D5_Primary_2:0/yolov8_bytetrack:track:3,G-102,G-104,72.08774861708079,604.8390608987787,False,False,False,rejected,geometry_gate_rejected,
d5_cv_5v5_multicamera_formal_20260716_yolo_bytetrack:0036:D5_Primary_2:0,9.0,INT-02,D5_Primary_2:0,D5_Primary_2:0/yolov8_bytetrack:track:2,G-102,G-101,19.33756809567908,313.26366348407277,False,False,False,rejected,geometry_gate_rejected,
d5_cv_5v5_multicamera_formal_20260716_yolo_bytetrack:0036:D5_Primary_2:0,9.0,INT-02,D5_Primary_2:0,D5_Primary_2:0/yolov8_bytetrack:track:1,G-103,G-102,19.499149139951133,314.4122545599879,False,False,False,rejected,geometry_gate_rejected,
d5_cv_5v5_multicamera_formal_20260716_yolo_bytetrack:0036:D5_Primary_2:0,9.0,INT-02,D5_Primary_2:0,D5_Primary_2:0/yolov8_bytetrack:track:5,G-103,G-103,0.03240500480321687,12.813308185399109,True,True,True,registered,registered_to_global_track,True
d5_cv_5v5_multicamera_formal_20260716_yolo_bytetrack:0036:D5_Primary_2:0,9.0,INT-02,D5_Primary_2:0,D5_Primary_2:0/yolov8_bytetrack:track:38,G-103,,84.5622403067951,654.7565293676205,False,False,False,rejected,geometry_gate_rejected,
d5_cv_5v5_multicamera_formal_20260716_yolo_bytetrack:0036:D5_Primary_2:0,9.0,INT-02,D5_Primary_2:0,D5_Primary_2:0/yolov8_bytetrack:track:3,G-103,G-104,15.946274350486428,284.3285022365447,True,False,False,candidate,,
d5_cv_5v5_multicamera_formal_20260716_yolo_bytetrack:0036:D5_Primary_2:0,9.0,INT-02,D5_Primary_2:0,D5_Primary_2:0/yolov8_bytetrack:track:2,G-103,G-101,79.1752522270743,633.557889691412,False,False,False,rejected,geometry_gate_rejected,
d5_cv_5v5_multicamera_formal_20260716_yolo_bytetrack:0036:D5_Primary_2:0,9.0,INT-02,D5_Primary_2:0,D5_Primary_2:0/yolov8_bytetrack:track:1,G-104,G-102,71.06457825440036,600.7287076473456,False,False,False,rejected,geometry_gate_rejected,
d5_cv_5v5_multicamera_formal_20260716_yolo_bytetrack:0036:D5_Primary_2:0,9.0,INT-02,D5_Primary_2:0,D5_Primary_2:0/yolov8_bytetrack:track:5,G-104,G-103,17.190770681979732,295.4605144600147,False,False,False,rejected,geometry_gate_rejected,
d5_cv_5v5_multicamera_formal_20260716_yolo_bytetrack:0036:D5_Primary_2:0,9.0,INT-02,D5_Primary_2:0,D5_Primary_2:0/yolov8_bytetrack:track:38,G-104,,174.41922877014613,941.1286105406529,False,False,False,rejected,geometry_gate_rejected,
d5_cv_5v5_multicamera_formal_20260716_yolo_bytetrack:0036:D5_Primary_2:0,9.0,INT-02,D5_Primary_2:0,D5_Primary_2:0/yolov8_bytetrack:track:3,G-104,G-104,0.0011352410717820679,2.4002739900510512,True,True,True,registered,registered_to_global_track,True
d5_cv_5v5_multicamera_formal_20260716_yolo_bytetrack:0036:D5_Primary_2:0,9.0,INT-02,D5_Primary_2:0,D5_Primary_2:0/yolov8_bytetrack:track:2,G-104,G-101,166.65903657697442,919.9542424280249,False,False,False,rejected,geometry_gate_rejected,
d5_cv_5v5_multicamera_formal_20260716_yolo_bytetrack:0036:D5_Primary_2:0,9.0,INT-02,D5_Primary_2:0,D5_Primary_2:0/yolov8_bytetrack:track:1,G-105,G-102,146.77122588291536,864.365329929425,False,False,False,rejected,geometry_gate_rejected,
d5_cv_5v5_multicamera_formal_20260716_yolo_bytetrack:0036:D5_Primary_2:0,9.0,INT-02,D5_Primary_2:0,D5_Primary_2:0/yolov8_bytetrack:track:5,G-105,G-103,61.40825230616523,559.1009382134447,False,False,False,rejected,geometry_gate_rejected,
d5_cv_5v5_multicamera_formal_20260716_yolo_bytetrack:0036:D5_Primary_2:0,9.0,INT-02,D5_Primary_2:0,D5_Primary_2:0/yolov8_bytetrack:track:38,G-105,,285.1349456951023,1204.7643342565977,False,False,False,rejected,geometry_gate_rejected,
d5_cv_5v5_multicamera_formal_20260716_yolo_bytetrack:0036:D5_Primary_2:0,9.0,INT-02,D5_Primary_2:0,D5_Primary_2:0/yolov8_bytetrack:track:3,G-105,G-104,13.887186298664117,265.8788909757752,True,False,False,candidate,,
d5_cv_5v5_multicamera_formal_20260716_yolo_bytetrack:0036:D5_Primary_2:0,9.0,INT-02,D5_Primary_2:0,D5_Primary_2:0/yolov8_bytetrack:track:2,G-105,G-101,275.19835049184354,1183.5859053402287,False,False,False,rejected,geometry_gate_rejected,
d5_cv_5v5_multicamera_formal_20260716_yolo_bytetrack:0036:D5_Primary_3:0,9.0,INT-03,D5_Primary_3:0,D5_Primary_3:0/yolov8_bytetrack:track:1,G-101,G-103,82.99251221586682,651.5826821223235,False,False,False,rejected,geometry_gate_rejected,
d5_cv_5v5_multicamera_formal_20260716_yolo_bytetrack:0036:D5_Primary_3:0,9.0,INT-03,D5_Primary_3:0,D5_Primary_3:0/yolov8_bytetrack:track:49,G-101,G-105,315.1552970956451,1269.7328406422707,False,False,False,rejected,geometry_gate_rejected,
d5_cv_5v5_multicamera_formal_20260716_yolo_bytetrack:0036:D5_Primary_3:0,9.0,INT-03,D5_Primary_3:0,D5_Primary_3:0/yolov8_bytetrack:track:2,G-101,G-102,20.751679686138097,325.81902142244,False,False,False,rejected,geometry_gate_rejected,
d5_cv_5v5_multicamera_formal_20260716_yolo_bytetrack:0036:D5_Primary_3:0,9.0,INT-03,D5_Primary_3:0,D5_Primary_3:0/yolov8_bytetrack:track:12,G-101,G-104,181.94330503943442,964.7573904550607,False,False,False,rejected,geometry_gate_rejected,
d5_cv_5v5_multicamera_formal_20260716_yolo_bytetrack:0036:D5_Primary_3:0,9.0,INT-03,D5_Primary_3:0,D5_Primary_3:0/yolov8_bytetrack:track:1,G-102,G-103,21.151319635047148,328.0544242478115,False,False,False,rejected,geometry_gate_rejected,
d5_cv_5v5_multicamera_formal_20260716_yolo_bytetrack:0036:D5_Primary_3:0,9.0,INT-03,D5_Primary_3:0,D5_Primary_3:0/yolov8_bytetrack:track:49,G-102,G-105,175.9085462682097,946.0638087681988,False,False,False,rejected,geometry_gate_rejected,
d5_cv_5v5_multicamera_formal_20260716_yolo_bytetrack:0036:D5_Primary_3:0,9.0,INT-03,D5_Primary_3:0,D5_Primary_3:0/yolov8_bytetrack:track:2,G-102,G-102,0.03936348092693598,14.141881762049348,True,True,True,registered,registered_to_global_track,True
d5_cv_5v5_multicamera_formal_20260716_yolo_bytetrack:0036:D5_Primary_3:0,9.0,INT-03,D5_Primary_3:0,D5_Primary_3:0/yolov8_bytetrack:track:12,G-102,G-104,80.78999305521222,641.1444159700279,False,False,False,rejected,geometry_gate_rejected,
d5_cv_5v5_multicamera_formal_20260716_yolo_bytetrack:0036:D5_Primary_3:0,9.0,INT-03,D5_Primary_3:0,D5_Primary_3:0/yolov8_bytetrack:track:1,G-103,G-103,0.034265248950390334,13.184042535518653,True,True,True,registered,registered_to_global_track,True
d5_cv_5v5_multicamera_formal_20260716_yolo_bytetrack:0036:D5_Primary_3:0,9.0,INT-03,D5_Primary_3:0,D5_Primary_3:0/yolov8_bytetrack:track:49,G-103,G-105,72.87515619659297,608.0106499173019,False,False,False,rejected,geometry_gate_rejected,
d5_cv_5v5_multicamera_formal_20260716_yolo_bytetrack:0036:D5_Primary_3:0,9.0,INT-03,D5_Primary_3:0,D5_Primary_3:0/yolov8_bytetrack:track:2,G-103,G-102,22.279657593194806,336.1829746855981,False,False,False,rejected,geometry_gate_rejected,
d5_cv_5v5_multicamera_formal_20260716_yolo_bytetrack:0036:D5_Primary_3:0,9.0,INT-03,D5_Primary_3:0,D5_Primary_3:0/yolov8_bytetrack:track:12,G-103,G-104,18.11340458422351,303.12480096675597,False,False,False,rejected,geometry_gate_rejected,
d5_cv_5v5_multicamera_formal_20260716_yolo_bytetrack:0036:D5_Primary_3:0,9.0,INT-03,D5_Primary_3:0,D5_Primary_3:0/yolov8_bytetrack:track:1,G-104,G-103,19.710629023278894,316.2821175310216,False,False,False,rejected,geometry_gate_rejected,
d5_cv_5v5_multicamera_formal_20260716_yolo_bytetrack:0036:D5_Primary_3:0,9.0,INT-03,D5_Primary_3:0,D5_Primary_3:0/yolov8_bytetrack:track:49,G-104,G-105,17.95763651550585,301.8901601053695,False,False,False,rejected,geometry_gate_rejected,
d5_cv_5v5_multicamera_formal_20260716_yolo_bytetrack:0036:D5_Primary_3:0,9.0,INT-03,D5_Primary_3:0,D5_Primary_3:0/yolov8_bytetrack:track:2,G-104,G-102,81.24077180756976,642.1129311954992,False,False,False,rejected,geometry_gate_rejected,
d5_cv_5v5_multicamera_formal_20260716_yolo_bytetrack:0036:D5_Primary_3:0,9.0,INT-03,D5_Primary_3:0,D5_Primary_3:0/yolov8_bytetrack:track:12,G-104,G-104,0.0037898629832339957,4.384236641881387,True,True,True,registered,registered_to_global_track,True
d5_cv_5v5_multicamera_formal_20260716_yolo_bytetrack:0036:D5_Primary_3:0,9.0,INT-03,D5_Primary_3:0,D5_Primary_3:0/yolov8_bytetrack:track:1,G-105,G-103,72.37591181149136,606.6943732458313,False,False,False,rejected,geometry_gate_rejected,
d5_cv_5v5_multicamera_formal_20260716_yolo_bytetrack:0036:D5_Primary_3:0,9.0,INT-03,D5_Primary_3:0,D5_Primary_3:0/yolov8_bytetrack:track:49,G-105,G-105,0.030346774695726296,12.418704365405084,True,True,True,registered,registered_to_global_track,True
d5_cv_5v5_multicamera_formal_20260716_yolo_bytetrack:0036:D5_Primary_3:0,9.0,INT-03,D5_Primary_3:0,D5_Primary_3:0/yolov8_bytetrack:track:2,G-105,G-102,170.9913915790276,932.5241012731575,False,False,False,rejected,geometry_gate_rejected,
d5_cv_5v5_multicamera_formal_20260716_yolo_bytetrack:0036:D5_Primary_3:0,9.0,INT-03,D5_Primary_3:0,D5_Primary_3:0/yolov8_bytetrack:track:12,G-105,G-104,16.94664242139521,293.5719659327018,False,False,False,rejected,geometry_gate_rejected,
d5_cv_5v5_multicamera_formal_20260716_yolo_bytetrack:0036:D5_Primary_4:0,9.0,INT-04,D5_Primary_4:0,D5_Primary_4:0/yolov8_bytetrack:track:1,G-101,G-104,,959.6705379774252,False,False,False,rejected,projection_invalid,
d5_cv_5v5_multicamera_formal_20260716_yolo_bytetrack:0036:D5_Primary_4:0,9.0,INT-04,D5_Primary_4:0,D5_Primary_4:0/yolov8_bytetrack:track:7,G-101,G-105,,1279.196570963329,False,False,False,rejected,projection_invalid,
d5_cv_5v5_multicamera_formal_20260716_yolo_bytetrack:0036:D5_Primary_4:0,9.0,INT-04,D5_Primary_4:0,D5_Primary_4:0/yolov8_bytetrack:track:1,G-102,G-104,81.68170759000397,645.85797196916,False,False,False,rejected,geometry_gate_rejected,
d5_cv_5v5_multicamera_formal_20260716_yolo_bytetrack:0036:D5_Primary_4:0,9.0,INT-04,D5_Primary_4:0,D5_Primary_4:0/yolov8_bytetrack:track:7,G-102,G-105,182.47403422748062,965.3284311349307,False,False,False,rejected,geometry_gate_rejected,
d5_cv_5v5_multicamera_formal_20260716_yolo_bytetrack:0036:D5_Primary_4:0,9.0,INT-04,D5_Primary_4:0,D5_Primary_4:0/yolov8_bytetrack:track:1,G-103,G-104,18.50997391495172,306.66839988150974,False,False,False,rejected,geometry_gate_rejected,
d5_cv_5v5_multicamera_formal_20260716_yolo_bytetrack:0036:D5_Primary_4:0,9.0,INT-04,D5_Primary_4:0,D5_Primary_4:0/yolov8_bytetrack:track:7,G-103,G-105,77.15282371203499,626.0974964368285,False,False,False,rejected,geometry_gate_rejected,
d5_cv_5v5_multicamera_formal_20260716_yolo_bytetrack:0036:D5_Primary_4:0,9.0,INT-04,D5_Primary_4:0,D5_Primary_4:0/yolov8_bytetrack:track:1,G-104,G-104,0.007740909289934832,6.267130625867118,True,True,True,registered,registered_to_global_track,True
d5_cv_5v5_multicamera_formal_20260716_yolo_bytetrack:0036:D5_Primary_4:0,9.0,INT-04,D5_Primary_4:0,D5_Primary_4:0/yolov8_bytetrack:track:7,G-104,G-105,19.504254703360367,314.58457587464125,False,False,False,rejected,geometry_gate_rejected,
d5_cv_5v5_multicamera_formal_20260716_yolo_bytetrack:0036:D5_Primary_4:0,9.0,INT-04,D5_Primary_4:0,D5_Primary_4:0/yolov8_bytetrack:track:1,G-105,G-104,18.929465175315478,310.0207865187429,False,False,False,rejected,geometry_gate_rejected,
d5_cv_5v5_multicamera_formal_20260716_yolo_bytetrack:0036:D5_Primary_4:0,9.0,INT-04,D5_Primary_4:0,D5_Primary_4:0/yolov8_bytetrack:track:7,G-105,G-105,0.025371123778684935,11.347741756010672,True,True,True,registered,registered_to_global_track,True
d5_cv_5v5_multicamera_formal_20260716_yolo_bytetrack:0036:D5_Primary_5:0,9.0,INT-05,D5_Primary_5:0,D5_Primary_5:0/yolov8_bytetrack:track:1,G-101,G-105,,1229.2896235902308,False,False,False,rejected,projection_invalid,
d5_cv_5v5_multicamera_formal_20260716_yolo_bytetrack:0036:D5_Primary_5:0,9.0,INT-05,D5_Primary_5:0,D5_Primary_5:0/yolov8_bytetrack:track:1,G-102,G-105,171.93131738941793,938.6672183428094,False,False,False,rejected,geometry_gate_rejected,
d5_cv_5v5_multicamera_formal_20260716_yolo_bytetrack:0036:D5_Primary_5:0,9.0,INT-05,D5_Primary_5:0,D5_Primary_5:0/yolov8_bytetrack:track:1,G-103,G-105,74.05331159474689,614.1097332243305,False,False,False,rejected,geometry_gate_rejected,
d5_cv_5v5_multicamera_formal_20260716_yolo_bytetrack:0036:D5_Primary_5:0,9.0,INT-05,D5_Primary_5:0,D5_Primary_5:0/yolov8_bytetrack:track:1,G-104,G-105,19.18611355511497,312.1254073119389,False,False,False,rejected,geometry_gate_rejected,
d5_cv_5v5_multicamera_formal_20260716_yolo_bytetrack:0036:D5_Primary_5:0,9.0,INT-05,D5_Primary_5:0,D5_Primary_5:0/yolov8_bytetrack:track:1,G-105,G-105,0.018590727560586783,9.710425670437616,True,True,True,registered,registered_to_global_track,True
d5_cv_5v5_multicamera_formal_20260716_yolo_bytetrack:0036:D5_Recon_1:0,9.0,RECON-01,D5_Recon_1:0,D5_Recon_1:0:det:0001,G-101,G-101,0.0001193434052672067,1.5162185185712407,True,True,True,registered,registered_to_global_track,True
d5_cv_5v5_multicamera_formal_20260716_yolo_bytetrack:0036:D5_Recon_1:0,9.0,RECON-01,D5_Recon_1:0,D5_Recon_1:0:det:0002,G-101,G-102,4.230585245058709,285.47391613910276,True,False,False,candidate,,
d5_cv_5v5_multicamera_formal_20260716_yolo_bytetrack:0036:D5_Recon_1:0,9.0,RECON-01,D5_Recon_1:0,D5_Recon_1:0:det:0003,G-101,G-103,16.996131578253852,572.1912996102276,False,False,False,rejected,geometry_gate_rejected,
d5_cv_5v5_multicamera_formal_20260716_yolo_bytetrack:0036:D5_Recon_1:0,9.0,RECON-01,D5_Recon_1:0,D5_Recon_1:0:det:0004,G-101,G-104,38.23970099025998,858.2690494908285,False,False,False,rejected,geometry_gate_rejected,
d5_cv_5v5_multicamera_formal_20260716_yolo_bytetrack:0036:D5_Recon_1:0,9.0,RECON-01,D5_Recon_1:0,D5_Recon_1:0:det:0001,G-102,G-101,4.138238948518145,282.3000977392459,True,False,False,candidate,,
d5_cv_5v5_multicamera_formal_20260716_yolo_bytetrack:0036:D5_Recon_1:0,9.0,RECON-01,D5_Recon_1:0,D5_Recon_1:0:det:0002,G-102,G-102,0.0025497936259581172,7.007178516684775,True,True,True,registered,registered_to_global_track,True
d5_cv_5v5_multicamera_formal_20260716_yolo_bytetrack:0036:D5_Recon_1:0,9.0,RECON-01,D5_Recon_1:0,D5_Recon_1:0:det:0003,G-102,G-103,4.411460683187031,291.470419116671,True,False,False,candidate,,
d5_cv_5v5_multicamera_formal_20260716_yolo_bytetrack:0036:D5_Recon_1:0,9.0,RECON-01,D5_Recon_1:0,D5_Recon_1:0:det:0004,G-102,G-104,17.319504396055464,577.5252901173919,False,False,False,rejected,geometry_gate_rejected,
d5_cv_5v5_multicamera_formal_20260716_yolo_bytetrack:0036:D5_Recon_1:0,9.0,RECON-01,D5_Recon_1:0,D5_Recon_1:0:det:0001,G-103,G-101,17.696542188534476,583.7318684729491,False,False,False,rejected,geometry_gate_rejected,
d5_cv_5v5_multicamera_formal_20260716_yolo_bytetrack:0036:D5_Recon_1:0,9.0,RECON-01,D5_Recon_1:0,D5_Recon_1:0:det:0002,G-103,G-102,4.57412809922637,296.77229661553605,True,False,False,candidate,,
d5_cv_5v5_multicamera_formal_20260716_yolo_bytetrack:0036:D5_Recon_1:0,9.0,RECON-01,D5_Recon_1:0,D5_Recon_1:0:det:0003,G-103,G-103,0.005257597445057901,10.06150300960705,True,True,True,registered,registered_to_global_track,True
d5_cv_5v5_multicamera_formal_20260716_yolo_bytetrack:0036:D5_Recon_1:0,9.0,RECON-01,D5_Recon_1:0,D5_Recon_1:0:det:0004,G-103,G-104,3.9568850414522143,276.0234072853265,True,False,False,candidate,,
d5_cv_5v5_multicamera_formal_20260716_yolo_bytetrack:0036:D5_Recon_1:0,9.0,RECON-01,D5_Recon_1:0,D5_Recon_1:0:det:0001,G-104,G-101,38.65621398696504,862.7604411702229,False,False,False,rejected,geometry_gate_rejected,
d5_cv_5v5_multicamera_formal_20260716_yolo_bytetrack:0036:D5_Recon_1:0,9.0,RECON-01,D5_Recon_1:0,D5_Recon_1:0:det:0002,G-104,G-102,17.218450739550146,575.8078789264414,False,False,False,rejected,geometry_gate_rejected,
d5_cv_5v5_multicamera_formal_20260716_yolo_bytetrack:0036:D5_Recon_1:0,9.0,RECON-01,D5_Recon_1:0,D5_Recon_1:0:det:0003,G-104,G-103,4.340786157525458,289.1110990255008,True,False,False,candidate,,
d5_cv_5v5_multicamera_formal_20260716_yolo_bytetrack:0036:D5_Recon_1:0,9.0,RECON-01,D5_Recon_1:0,D5_Recon_1:0:det:0004,G-104,G-104,0.0017112723180944499,5.740155684691196,True,True,True,registered,registered_to_global_track,True
d5_cv_5v5_multicamera_formal_20260716_yolo_bytetrack:0036:D5_Recon_1:0,9.0,RECON-01,D5_Recon_1:0,D5_Recon_1:0:det:0001,G-105,G-101,67.27333895480187,1138.324769588262,False,False,False,rejected,geometry_gate_rejected,
d5_cv_5v5_multicamera_formal_20260716_yolo_bytetrack:0036:D5_Recon_1:0,9.0,RECON-01,D5_Recon_1:0,D5_Recon_1:0:det:0002,G-105,G-102,37.63073175939625,851.3654588338788,False,False,False,rejected,geometry_gate_rejected,
d5_cv_5v5_multicamera_formal_20260716_yolo_bytetrack:0036:D5_Recon_1:0,9.0,RECON-01,D5_Recon_1:0,D5_Recon_1:0:det:0003,G-105,G-103,16.552647087208808,564.6488166217797,False,False,False,rejected,geometry_gate_rejected,
d5_cv_5v5_multicamera_formal_20260716_yolo_bytetrack:0036:D5_Recon_1:0,9.0,RECON-01,D5_Recon_1:0,D5_Recon_1:0:det:0004,G-105,G-104,4.028934661964811,278.5735031512927,True,False,False,candidate,,
d5_cv_5v5_multicamera_formal_20260716_yolo_bytetrack:0037:D5_Primary_1:0,9.25,INT-01,D5_Primary_1:0,D5_Primary_1:0/yolov8_bytetrack:track:1,G-101,G-101,0.01150695320123409,7.640305059333166,True,True,True,registered,registered_to_global_track,True
d5_cv_5v5_multicamera_formal_20260716_yolo_bytetrack:0037:D5_Primary_1:0,9.25,INT-01,D5_Primary_1:0,D5_Primary_1:0/yolov8_bytetrack:track:15,G-101,G-102,17.182992650088615,295.2432104096066,False,False,False,rejected,geometry_gate_rejected,
d5_cv_5v5_multicamera_formal_20260716_yolo_bytetrack:0037:D5_Primary_1:0,9.25,INT-01,D5_Primary_1:0,D5_Primary_1:0/yolov8_bytetrack:track:2,G-101,G-103,64.68632073326877,572.8444987166224,False,False,False,rejected,geometry_gate_rejected,
d5_cv_5v5_multicamera_formal_20260716_yolo_bytetrack:0037:D5_Primary_1:0,9.25,INT-01,D5_Primary_1:0,D5_Primary_1:0/yolov8_bytetrack:track:1,G-102,G-101,16.929890117809006,292.8716687385233,False,False,False,rejected,geometry_gate_rejected,
d5_cv_5v5_multicamera_formal_20260716_yolo_bytetrack:0037:D5_Primary_1:0,9.25,INT-01,D5_Primary_1:0,D5_Primary_1:0/yolov8_bytetrack:track:15,G-102,G-102,0.03652160818620668,13.595144780070413,True,True,True,registered,registered_to_global_track,True
d5_cv_5v5_multicamera_formal_20260716_yolo_bytetrack:0037:D5_Primary_1:0,9.25,INT-01,D5_Primary_1:0,D5_Primary_1:0/yolov8_bytetrack:track:2,G-102,G-103,15.563733066536312,280.8052837473053,True,False,False,candidate,,
d5_cv_5v5_multicamera_formal_20260716_yolo_bytetrack:0037:D5_Primary_1:0,9.25,INT-01,D5_Primary_1:0,D5_Primary_1:0/yolov8_bytetrack:track:1,G-103,G-101,65.96934350167082,578.1235344222878,False,False,False,rejected,geometry_gate_rejected,
d5_cv_5v5_multicamera_formal_20260716_yolo_bytetrack:0037:D5_Primary_1:0,9.25,INT-01,D5_Primary_1:0,D5_Primary_1:0/yolov8_bytetrack:track:15,G-103,G-102,15.780506740891571,282.75467301016835,True,False,False,candidate,,
d5_cv_5v5_multicamera_formal_20260716_yolo_bytetrack:0037:D5_Primary_1:0,9.25,INT-01,D5_Primary_1:0,D5_Primary_1:0/yolov8_bytetrack:track:2,G-103,G-103,0.017972954719307387,9.528754263091983,True,True,True,registered,registered_to_global_track,True
d5_cv_5v5_multicamera_formal_20260716_yolo_bytetrack:0037:D5_Primary_1:0,9.25,INT-01,D5_Primary_1:0,D5_Primary_1:0/yolov8_bytetrack:track:1,G-104,G-101,135.8111342718635,830.1943971307321,False,False,False,rejected,geometry_gate_rejected,
d5_cv_5v5_multicamera_formal_20260716_yolo_bytetrack:0037:D5_Primary_1:0,9.25,INT-01,D5_Primary_1:0,D5_Primary_1:0/yolov8_bytetrack:track:15,G-104,G-102,56.34842791853236,534.7527237349054,False,False,False,rejected,geometry_gate_rejected,
d5_cv_5v5_multicamera_formal_20260716_yolo_bytetrack:0037:D5_Primary_1:0,9.25,INT-01,D5_Primary_1:0,D5_Primary_1:0/yolov8_bytetrack:track:2,G-104,G-103,13.024086534358299,257.09031974534395,True,False,False,candidate,,
d5_cv_5v5_multicamera_formal_20260716_yolo_bytetrack:0037:D5_Primary_1:0,9.25,INT-01,D5_Primary_1:0,D5_Primary_1:0/yolov8_bytetrack:track:1,G-105,G-101,,1055.507885562113,False,False,False,rejected,projection_invalid,
d5_cv_5v5_multicamera_formal_20260716_yolo_bytetrack:0037:D5_Primary_1:0,9.25,INT-01,D5_Primary_1:0,D5_Primary_1:0/yolov8_bytetrack:track:15,G-105,G-102,,760.0694599984339,False,False,False,rejected,projection_invalid,
d5_cv_5v5_multicamera_formal_20260716_yolo_bytetrack:0037:D5_Primary_1:0,9.25,INT-01,D5_Primary_1:0,D5_Primary_1:0/yolov8_bytetrack:track:2,G-105,G-103,,482.4095067752033,False,False,False,rejected,projection_invalid,
d5_cv_5v5_multicamera_formal_20260716_yolo_bytetrack:0037:D5_Primary_2:0,9.25,INT-02,D5_Primary_2:0,D5_Primary_2:0/yolov8_bytetrack:track:1,G-101,G-102,20.157855077654116,320.34943772215036,False,False,False,rejected,geometry_gate_rejected,
d5_cv_5v5_multicamera_formal_20260716_yolo_bytetrack:0037:D5_Primary_2:0,9.25,INT-02,D5_Primary_2:0,D5_Primary_2:0/yolov8_bytetrack:track:5,G-101,G-103,76.49402411997403,624.0444527977975,False,False,False,rejected,geometry_gate_rejected,
d5_cv_5v5_multicamera_formal_20260716_yolo_bytetrack:0037:D5_Primary_2:0,9.25,INT-02,D5_Primary_2:0,D5_Primary_2:0/yolov8_bytetrack:track:38,G-101,G-101,0.028876096148579427,12.118841789221724,True,True,True,registered,registered_to_global_track,True
d5_cv_5v5_multicamera_formal_20260716_yolo_bytetrack:0037:D5_Primary_2:0,9.25,INT-02,D5_Primary_2:0,D5_Primary_2:0/yolov8_bytetrack:track:1,G-102,G-102,0.04419181438142533,14.975481827538152,True,True,True,registered,registered_to_global_track,True
d5_cv_5v5_multicamera_formal_20260716_yolo_bytetrack:0037:D5_Primary_2:0,9.25,INT-02,D5_Primary_2:0,D5_Primary_2:0/yolov8_bytetrack:track:5,G-102,G-103,18.957234678078724,310.1679527505743,False,False,False,rejected,geometry_gate_rejected,
d5_cv_5v5_multicamera_formal_20260716_yolo_bytetrack:0037:D5_Primary_2:0,9.25,INT-02,D5_Primary_2:0,D5_Primary_2:0/yolov8_bytetrack:track:38,G-102,G-101,20.379955934837085,321.59629856725974,False,False,False,rejected,geometry_gate_rejected,
d5_cv_5v5_multicamera_formal_20260716_yolo_bytetrack:0037:D5_Primary_2:0,9.25,INT-02,D5_Primary_2:0,D5_Primary_2:0/yolov8_bytetrack:track:1,G-103,G-102,19.064361650001317,310.8761275649363,False,False,False,rejected,geometry_gate_rejected,
d5_cv_5v5_multicamera_formal_20260716_yolo_bytetrack:0037:D5_Primary_2:0,9.25,INT-02,D5_Primary_2:0,D5_Primary_2:0/yolov8_bytetrack:track:5,G-103,G-103,0.027296789151737215,11.75871888997897,True,True,True,registered,registered_to_global_track,True
d5_cv_5v5_multicamera_formal_20260716_yolo_bytetrack:0037:D5_Primary_2:0,9.25,INT-02,D5_Primary_2:0,D5_Primary_2:0/yolov8_bytetrack:track:38,G-103,G-101,80.33837201740376,638.1719695698363,False,False,False,rejected,geometry_gate_rejected,
d5_cv_5v5_multicamera_formal_20260716_yolo_bytetrack:0037:D5_Primary_2:0,9.25,INT-02,D5_Primary_2:0,D5_Primary_2:0/yolov8_bytetrack:track:1,G-104,G-102,69.36152360813787,593.4295706631023,False,False,False,rejected,geometry_gate_rejected,
d5_cv_5v5_multicamera_formal_20260716_yolo_bytetrack:0037:D5_Primary_2:0,9.25,INT-02,D5_Primary_2:0,D5_Primary_2:0/yolov8_bytetrack:track:5,G-104,G-103,16.52974742399117,289.69630094199186,False,False,False,rejected,geometry_gate_rejected,
d5_cv_5v5_multicamera_formal_20260716_yolo_bytetrack:0037:D5_Primary_2:0,9.25,INT-02,D5_Primary_2:0,D5_Primary_2:0/yolov8_bytetrack:track:38,G-104,G-101,166.9871035676781,920.770370462182,False,False,False,rejected,geometry_gate_rejected,
d5_cv_5v5_multicamera_formal_20260716_yolo_bytetrack:0037:D5_Primary_2:0,9.25,INT-02,D5_Primary_2:0,D5_Primary_2:0/yolov8_bytetrack:track:1,G-105,G-102,143.07601580650982,853.2646885215652,False,False,False,rejected,geometry_gate_rejected,
d5_cv_5v5_multicamera_formal_20260716_yolo_bytetrack:0037:D5_Primary_2:0,9.25,INT-02,D5_Primary_2:0,D5_Primary_2:0/yolov8_bytetrack:track:5,G-105,G-103,59.34597906356787,549.5357729625268,False,False,False,rejected,geometry_gate_rejected,
d5_cv_5v5_multicamera_formal_20260716_yolo_bytetrack:0037:D5_Primary_2:0,9.25,INT-02,D5_Primary_2:0,D5_Primary_2:0/yolov8_bytetrack:track:38,G-105,G-101,273.9108091865195,1180.605874300795,False,False,False,rejected,geometry_gate_rejected,
d5_cv_5v5_multicamera_formal_20260716_yolo_bytetrack:0037:D5_Primary_3:0,9.25,INT-03,D5_Primary_3:0,D5_Primary_3:0/yolov8_bytetrack:track:1,G-101,G-103,81.31230309890114,644.9388176321994,False,False,False,rejected,geometry_gate_rejected,
d5_cv_5v5_multicamera_formal_20260716_yolo_bytetrack:0037:D5_Primary_3:0,9.25,INT-03,D5_Primary_3:0,D5_Primary_3:0/yolov8_bytetrack:track:49,G-101,G-105,308.36648499530105,1255.9546415306727,False,False,False,rejected,geometry_gate_rejected,
d5_cv_5v5_multicamera_formal_20260716_yolo_bytetrack:0037:D5_Primary_3:0,9.25,INT-03,D5_Primary_3:0,D5_Primary_3:0/yolov8_bytetrack:track:2,G-101,G-102,19.711645850777032,317.54233931928184,False,False,False,rejected,geometry_gate_rejected,
d5_cv_5v5_multicamera_formal_20260716_yolo_bytetrack:0037:D5_Primary_3:0,9.25,INT-03,D5_Primary_3:0,D5_Primary_3:0/yolov8_bytetrack:track:12,G-101,G-104,178.45653170898282,955.4470228077182,False,False,False,rejected,geometry_gate_rejected,
d5_cv_5v5_multicamera_formal_20260716_yolo_bytetrack:0037:D5_Primary_3:0,9.25,INT-03,D5_Primary_3:0,D5_Primary_3:0/yolov8_bytetrack:track:85,G-101,,20.755197207379695,325.8392753638712,False,False,False,rejected,geometry_gate_rejected,
d5_cv_5v5_multicamera_formal_20260716_yolo_bytetrack:0037:D5_Primary_3:0,9.25,INT-03,D5_Primary_3:0,D5_Primary_3:0/yolov8_bytetrack:track:1,G-102,G-103,20.70931687741677,324.6091120367542,False,False,False,rejected,geometry_gate_rejected,
d5_cv_5v5_multicamera_formal_20260716_yolo_bytetrack:0037:D5_Primary_3:0,9.25,INT-03,D5_Primary_3:0,D5_Primary_3:0/yolov8_bytetrack:track:49,G-102,G-105,171.99172027377688,935.4733352195102,False,False,False,rejected,geometry_gate_rejected,
d5_cv_5v5_multicamera_formal_20260716_yolo_bytetrack:0037:D5_Primary_3:0,9.25,INT-03,D5_Primary_3:0,D5_Primary_3:0/yolov8_bytetrack:track:2,G-102,G-102,0.035584393280507706,13.446180194525503,True,True,True,registered,registered_to_global_track,True
d5_cv_5v5_multicamera_formal_20260716_yolo_bytetrack:0037:D5_Primary_3:0,9.25,INT-03,D5_Primary_3:0,D5_Primary_3:0/yolov8_bytetrack:track:12,G-102,G-104,79.25424656411384,635.0223660219282,False,False,False,rejected,geometry_gate_rejected,
d5_cv_5v5_multicamera_formal_20260716_yolo_bytetrack:0037:D5_Primary_3:0,9.25,INT-03,D5_Primary_3:0,D5_Primary_3:0/yolov8_bytetrack:track:85,G-102,,0.049199562809324165,15.811750240022699,True,False,False,candidate,,
d5_cv_5v5_multicamera_formal_20260716_yolo_bytetrack:0037:D5_Primary_3:0,9.25,INT-03,D5_Primary_3:0,D5_Primary_3:0/yolov8_bytetrack:track:1,G-103,G-103,0.03692428970687199,13.686042975516582,True,True,True,registered,registered_to_global_track,True
d5_cv_5v5_multicamera_formal_20260716_yolo_bytetrack:0037:D5_Primary_3:0,9.25,INT-03,D5_Primary_3:0,D5_Primary_3:0/yolov8_bytetrack:track:49,G-103,G-105,71.15560080330067,600.794799851216,False,False,False,rejected,geometry_gate_rejected,
d5_cv_5v5_multicamera_formal_20260716_yolo_bytetrack:0037:D5_Primary_3:0,9.25,INT-03,D5_Primary_3:0,D5_Primary_3:0/yolov8_bytetrack:track:2,G-103,G-102,22.50295834049983,337.86363480812184,False,False,False,rejected,geometry_gate_rejected,
d5_cv_5v5_multicamera_formal_20260716_yolo_bytetrack:0037:D5_Primary_3:0,9.25,INT-03,D5_Primary_3:0,D5_Primary_3:0/yolov8_bytetrack:track:12,G-103,G-104,17.78741775991534,300.3848756380321,False,False,False,rejected,geometry_gate_rejected,
d5_cv_5v5_multicamera_formal_20260716_yolo_bytetrack:0037:D5_Primary_3:0,9.25,INT-03,D5_Primary_3:0,D5_Primary_3:0/yolov8_bytetrack:track:85,G-103,,21.42450585594524,329.66819638722876,False,False,False,rejected,geometry_gate_rejected,
d5_cv_5v5_multicamera_formal_20260716_yolo_bytetrack:0037:D5_Primary_3:0,9.25,INT-03,D5_Primary_3:0,D5_Primary_3:0/yolov8_bytetrack:track:1,G-104,G-103,19.28744145897151,312.8592447960725,False,False,False,rejected,geometry_gate_rejected,
d5_cv_5v5_multicamera_formal_20260716_yolo_bytetrack:0037:D5_Primary_3:0,9.25,INT-03,D5_Primary_3:0,D5_Primary_3:0/yolov8_bytetrack:track:49,G-104,G-105,17.521296699425505,298.19115494304253,False,False,False,rejected,geometry_gate_rejected,
d5_cv_5v5_multicamera_formal_20260716_yolo_bytetrack:0037:D5_Primary_3:0,9.25,INT-03,D5_Primary_3:0,D5_Primary_3:0/yolov8_bytetrack:track:2,G-104,G-102,80.78471914539513,640.2893722316579,False,False,False,rejected,geometry_gate_rejected,
d5_cv_5v5_multicamera_formal_20260716_yolo_bytetrack:0037:D5_Primary_3:0,9.25,INT-03,D5_Primary_3:0,D5_Primary_3:0/yolov8_bytetrack:track:12,G-104,G-104,0.003951914527678624,4.476228335940059,True,True,True,registered,registered_to_global_track,True
d5_cv_5v5_multicamera_formal_20260716_yolo_bytetrack:0037:D5_Primary_3:0,9.25,INT-03,D5_Primary_3:0,D5_Primary_3:0/yolov8_bytetrack:track:85,G-104,,78.71755499626828,632.0442447143628,False,False,False,rejected,geometry_gate_rejected,
d5_cv_5v5_multicamera_formal_20260716_yolo_bytetrack:0037:D5_Primary_3:0,9.25,INT-03,D5_Primary_3:0,D5_Primary_3:0/yolov8_bytetrack:track:1,G-105,G-103,70.71604035027951,599.6457741792773,False,False,False,rejected,geometry_gate_rejected,
d5_cv_5v5_multicamera_formal_20260716_yolo_bytetrack:0037:D5_Primary_3:0,9.25,INT-03,D5_Primary_3:0,D5_Primary_3:0/yolov8_bytetrack:track:49,G-105,G-105,0.032458686532418145,12.840598502453862,True,True,True,registered,registered_to_global_track,True
d5_cv_5v5_multicamera_formal_20260716_yolo_bytetrack:0037:D5_Primary_3:0,9.25,INT-03,D5_Primary_3:0,D5_Primary_3:0/yolov8_bytetrack:track:2,G-105,G-102,169.02628448473502,927.0708598407607,False,False,False,rejected,geometry_gate_rejected,
d5_cv_5v5_multicamera_formal_20260716_yolo_bytetrack:0037:D5_Primary_3:0,9.25,INT-03,D5_Primary_3:0,D5_Primary_3:0/yolov8_bytetrack:track:12,G-105,G-104,16.448606492117097,289.20119751857936,False,False,False,rejected,geometry_gate_rejected,
d5_cv_5v5_multicamera_formal_20260716_yolo_bytetrack:0037:D5_Primary_3:0,9.25,INT-03,D5_Primary_3:0,D5_Primary_3:0/yolov8_bytetrack:track:85,G-105,,166.03452676530966,918.8296814601953,False,False,False,rejected,geometry_gate_rejected,
d5_cv_5v5_multicamera_formal_20260716_yolo_bytetrack:0037:D5_Primary_4:0,9.25,INT-04,D5_Primary_4:0,D5_Primary_4:0/yolov8_bytetrack:track:1,G-101,G-104,175.79421161381833,950.6804646387828,False,False,False,rejected,geometry_gate_rejected,
d5_cv_5v5_multicamera_formal_20260716_yolo_bytetrack:0037:D5_Primary_4:0,9.25,INT-04,D5_Primary_4:0,D5_Primary_4:0/yolov8_bytetrack:track:7,G-101,G-105,312.0763994431806,1266.6678324308707,False,False,False,rejected,geometry_gate_rejected,
d5_cv_5v5_multicamera_formal_20260716_yolo_bytetrack:0037:D5_Primary_4:0,9.25,INT-04,D5_Primary_4:0,D5_Primary_4:0/yolov8_bytetrack:track:1,G-102,G-104,80.16953811713256,639.8309536734265,False,False,False,rejected,geometry_gate_rejected,
d5_cv_5v5_multicamera_formal_20260716_yolo_bytetrack:0037:D5_Primary_4:0,9.25,INT-04,D5_Primary_4:0,D5_Primary_4:0/yolov8_bytetrack:track:7,G-102,G-105,178.89286857419074,955.7779787465396,False,False,False,rejected,geometry_gate_rejected,
d5_cv_5v5_multicamera_formal_20260716_yolo_bytetrack:0037:D5_Primary_4:0,9.25,INT-04,D5_Primary_4:0,D5_Primary_4:0/yolov8_bytetrack:track:1,G-103,G-104,18.16536168056281,303.79949842319155,False,False,False,rejected,geometry_gate_rejected,
d5_cv_5v5_multicamera_formal_20260716_yolo_bytetrack:0037:D5_Primary_4:0,9.25,INT-04,D5_Primary_4:0,D5_Primary_4:0/yolov8_bytetrack:track:7,G-103,G-105,75.58856929001438,619.7164595056506,False,False,False,rejected,geometry_gate_rejected,
d5_cv_5v5_multicamera_formal_20260716_yolo_bytetrack:0037:D5_Primary_4:0,9.25,INT-04,D5_Primary_4:0,D5_Primary_4:0/yolov8_bytetrack:track:1,G-104,G-104,0.005531259495334281,5.29766742220168,True,True,True,registered,registered_to_global_track,True
d5_cv_5v5_multicamera_formal_20260716_yolo_bytetrack:0037:D5_Primary_4:0,9.25,INT-04,D5_Primary_4:0,D5_Primary_4:0/yolov8_bytetrack:track:7,G-104,G-105,19.126117148212007,311.5200990488136,False,False,False,rejected,geometry_gate_rejected,
d5_cv_5v5_multicamera_formal_20260716_yolo_bytetrack:0037:D5_Primary_4:0,9.25,INT-04,D5_Primary_4:0,D5_Primary_4:0/yolov8_bytetrack:track:1,G-105,G-104,18.450562391795675,306.06611162444926,False,False,False,rejected,geometry_gate_rejected,
d5_cv_5v5_multicamera_formal_20260716_yolo_bytetrack:0037:D5_Primary_4:0,9.25,INT-04,D5_Primary_4:0,D5_Primary_4:0/yolov8_bytetrack:track:7,G-105,G-105,0.02741964176042974,11.796730549543293,True,True,True,registered,registered_to_global_track,True
d5_cv_5v5_multicamera_formal_20260716_yolo_bytetrack:0037:D5_Primary_5:0,9.25,INT-05,D5_Primary_5:0,D5_Primary_5:0/yolov8_bytetrack:track:1,G-101,G-105,,1216.3514757835096,False,False,False,rejected,projection_invalid,
d5_cv_5v5_multicamera_formal_20260716_yolo_bytetrack:0037:D5_Primary_5:0,9.25,INT-05,D5_Primary_5:0,D5_Primary_5:0/yolov8_bytetrack:track:112,G-101,G-102,,317.02488693117346,False,False,False,rejected,projection_invalid,
d5_cv_5v5_multicamera_formal_20260716_yolo_bytetrack:0037:D5_Primary_5:0,9.25,INT-05,D5_Primary_5:0,D5_Primary_5:0/yolov8_bytetrack:track:1,G-102,G-105,168.31267310596564,928.6399352419185,False,False,False,rejected,geometry_gate_rejected,
d5_cv_5v5_multicamera_formal_20260716_yolo_bytetrack:0037:D5_Primary_5:0,9.25,INT-05,D5_Primary_5:0,D5_Primary_5:0/yolov8_bytetrack:track:112,G-102,G-102,0.20949892522411576,32.7257682389114,True,True,False,candidate,stability_window_failed,True
d5_cv_5v5_multicamera_formal_20260716_yolo_bytetrack:0037:D5_Primary_5:0,9.25,INT-05,D5_Primary_5:0,D5_Primary_5:0/yolov8_bytetrack:track:1,G-103,G-105,72.3997249328551,607.1863309459234,False,False,False,rejected,geometry_gate_rejected,
d5_cv_5v5_multicamera_formal_20260716_yolo_bytetrack:0037:D5_Primary_5:0,9.25,INT-05,D5_Primary_5:0,D5_Primary_5:0/yolov8_bytetrack:track:112,G-103,G-102,16.805391627514275,292.533012133753,False,False,False,rejected,geometry_gate_rejected,
d5_cv_5v5_multicamera_formal_20260716_yolo_bytetrack:0037:D5_Primary_5:0,9.25,INT-05,D5_Primary_5:0,D5_Primary_5:0/yolov8_bytetrack:track:1,G-104,G-105,18.73193025566334,308.40444157515844,False,False,False,rejected,geometry_gate_rejected,
d5_cv_5v5_multicamera_formal_20260716_yolo_bytetrack:0037:D5_Primary_5:0,9.25,INT-05,D5_Primary_5:0,D5_Primary_5:0/yolov8_bytetrack:track:112,G-104,G-102,68.80147362586703,591.055376796293,False,False,False,rejected,geometry_gate_rejected,
d5_cv_5v5_multicamera_formal_20260716_yolo_bytetrack:0037:D5_Primary_5:0,9.25,INT-05,D5_Primary_5:0,D5_Primary_5:0/yolov8_bytetrack:track:1,G-105,G-105,0.01726264329441824,9.357091669906461,True,True,True,registered,registered_to_global_track,True
d5_cv_5v5_multicamera_formal_20260716_yolo_bytetrack:0037:D5_Primary_5:0,9.25,INT-05,D5_Primary_5:0,D5_Primary_5:0/yolov8_bytetrack:track:112,G-105,G-102,157.11858932753202,892.6907225499621,False,False,False,rejected,geometry_gate_rejected,
d5_cv_5v5_multicamera_formal_20260716_yolo_bytetrack:0037:D5_Recon_1:0,9.25,RECON-01,D5_Recon_1:0,D5_Recon_1:0:det:0001,G-101,G-101,0.00012276251085208608,1.5377727433523742,True,True,True,registered,registered_to_global_track,True
d5_cv_5v5_multicamera_formal_20260716_yolo_bytetrack:0037:D5_Recon_1:0,9.25,RECON-01,D5_Recon_1:0,D5_Recon_1:0:det:0002,G-101,G-102,4.138007438866094,282.33107393448944,True,False,False,candidate,,
d5_cv_5v5_multicamera_formal_20260716_yolo_bytetrack:0037:D5_Recon_1:0,9.25,RECON-01,D5_Recon_1:0,D5_Recon_1:0:det:0003,G-101,G-103,16.62463708124844,565.8992695085707,False,False,False,rejected,geometry_gate_rejected,
d5_cv_5v5_multicamera_formal_20260716_yolo_bytetrack:0037:D5_Recon_1:0,9.25,RECON-01,D5_Recon_1:0,D5_Recon_1:0:det:0004,G-101,G-104,37.40110479902549,848.7997875920836,False,False,False,rejected,geometry_gate_rejected,
d5_cv_5v5_multicamera_formal_20260716_yolo_bytetrack:0037:D5_Recon_1:0,9.25,RECON-01,D5_Recon_1:0,D5_Recon_1:0:det:0005,G-101,G-105,66.36211335514007,1130.636888247758,False,False,False,rejected,geometry_gate_rejected,
d5_cv_5v5_multicamera_formal_20260716_yolo_bytetrack:0037:D5_Recon_1:0,9.25,RECON-01,D5_Recon_1:0,D5_Recon_1:0:det:0001,G-102,G-101,4.047334714626888,279.1810764655901,True,False,False,candidate,,
d5_cv_5v5_multicamera_formal_20260716_yolo_bytetrack:0037:D5_Recon_1:0,9.25,RECON-01,D5_Recon_1:0,D5_Recon_1:0:det:0002,G-102,G-102,0.00251775762311325,6.9629966703247,True,True,True,registered,registered_to_global_track,True
d5_cv_5v5_multicamera_formal_20260716_yolo_bytetrack:0037:D5_Recon_1:0,9.25,RECON-01,D5_Recon_1:0,D5_Recon_1:0:det:0003,G-102,G-103,4.316514468147501,288.31553836289623,True,False,False,candidate,,
d5_cv_5v5_multicamera_formal_20260716_yolo_bytetrack:0037:D5_Recon_1:0,9.25,RECON-01,D5_Recon_1:0,D5_Recon_1:0:det:0004,G-102,G-104,16.941954250180505,571.1934233641182,False,False,False,rejected,geometry_gate_rejected,
d5_cv_5v5_multicamera_formal_20260716_yolo_bytetrack:0037:D5_Recon_1:0,9.25,RECON-01,D5_Recon_1:0,D5_Recon_1:0:det:0005,G-102,G-105,37.784937080932636,853.0231081377704,False,False,False,rejected,geometry_gate_rejected,
d5_cv_5v5_multicamera_formal_20260716_yolo_bytetrack:0037:D5_Recon_1:0,9.25,RECON-01,D5_Recon_1:0,D5_Recon_1:0:det:0001,G-103,G-101,17.31829700680688,577.4577955535248,False,False,False,rejected,geometry_gate_rejected,
d5_cv_5v5_multicamera_formal_20260716_yolo_bytetrack:0037:D5_Recon_1:0,9.25,RECON-01,D5_Recon_1:0,D5_Recon_1:0:det:0002,G-103,G-102,4.47756308253158,293.621946534434,True,False,False,candidate,,
d5_cv_5v5_multicamera_formal_20260716_yolo_bytetrack:0037:D5_Recon_1:0,9.25,RECON-01,D5_Recon_1:0,D5_Recon_1:0:det:0003,G-103,G-103,0.0052563153420748816,10.060240494131689,True,True,True,registered,registered_to_global_track,True
d5_cv_5v5_multicamera_formal_20260716_yolo_bytetrack:0037:D5_Recon_1:0,9.25,RECON-01,D5_Recon_1:0,D5_Recon_1:0:det:0004,G-103,G-104,3.866376570632818,272.84734495465483,True,False,False,candidate,,
d5_cv_5v5_multicamera_formal_20260716_yolo_bytetrack:0037:D5_Recon_1:0,9.25,RECON-01,D5_Recon_1:0,D5_Recon_1:0:det:0005,G-103,G-105,15.979252548444244,554.6843173926559,True,False,False,candidate,,
d5_cv_5v5_multicamera_formal_20260716_yolo_bytetrack:0037:D5_Recon_1:0,9.25,RECON-01,D5_Recon_1:0,D5_Recon_1:0:det:0001,G-104,G-101,37.812822591453305,853.2923901616426,False,False,False,rejected,geometry_gate_rejected,
d5_cv_5v5_multicamera_formal_20260716_yolo_bytetrack:0037:D5_Recon_1:0,9.25,RECON-01,D5_Recon_1:0,D5_Recon_1:0:det:0002,G-104,G-102,16.841289506410206,569.4636352635544,False,False,False,rejected,geometry_gate_rejected,
d5_cv_5v5_multicamera_formal_20260716_yolo_bytetrack:0037:D5_Recon_1:0,9.25,RECON-01,D5_Recon_1:0,D5_Recon_1:0:det:0003,G-104,G-103,4.245423464108279,285.9162475128221,True,False,False,candidate,,
d5_cv_5v5_multicamera_formal_20260716_yolo_bytetrack:0037:D5_Recon_1:0,9.25,RECON-01,D5_Recon_1:0,D5_Recon_1:0:det:0004,G-104,G-104,0.0017046141389559203,5.728952774800414,True,True,True,registered,registered_to_global_track,True
d5_cv_5v5_multicamera_formal_20260716_yolo_bytetrack:0037:D5_Recon_1:0,9.25,RECON-01,D5_Recon_1:0,D5_Recon_1:0:det:0005,G-104,G-105,4.039819145480389,278.9069010058135,True,False,False,candidate,,
d5_cv_5v5_multicamera_formal_20260716_yolo_bytetrack:0037:D5_Recon_1:0,9.25,RECON-01,D5_Recon_1:0,D5_Recon_1:0:det:0001,G-105,G-101,65.7864764295238,1125.6645184747752,False,False,False,rejected,geometry_gate_rejected,
d5_cv_5v5_multicamera_formal_20260716_yolo_bytetrack:0037:D5_Recon_1:0,9.25,RECON-01,D5_Recon_1:0,D5_Recon_1:0:det:0002,G-105,G-102,36.793100504067866,841.8289515921107,False,False,False,rejected,geometry_gate_rejected,
d5_cv_5v5_multicamera_formal_20260716_yolo_bytetrack:0037:D5_Recon_1:0,9.25,RECON-01,D5_Recon_1:0,D5_Recon_1:0:det:0003,G-105,G-103,16.18058007687326,558.2615380914323,False,False,False,rejected,geometry_gate_rejected,
d5_cv_5v5_multicamera_formal_20260716_yolo_bytetrack:0037:D5_Recon_1:0,9.25,RECON-01,D5_Recon_1:0,D5_Recon_1:0:det:0004,G-105,G-104,3.9366946323880065,275.36359770732946,True,False,False,candidate,,
d5_cv_5v5_multicamera_formal_20260716_yolo_bytetrack:0037:D5_Recon_1:0,9.25,RECON-01,D5_Recon_1:0,D5_Recon_1:0:det:0005,G-105,G-105,0.0023204567589743567,6.685317888676819,True,True,True,registered,registered_to_global_track,True
d5_cv_5v5_multicamera_formal_20260716_yolo_bytetrack:0038:D5_Primary_1:0,9.5,INT-01,D5_Primary_1:0,D5_Primary_1:0/yolov8_bytetrack:track:1,G-101,G-101,0.00799594789235949,6.368901882795707,True,True,True,registered,registered_to_global_track,True
d5_cv_5v5_multicamera_formal_20260716_yolo_bytetrack:0038:D5_Primary_1:0,9.5,INT-01,D5_Primary_1:0,D5_Primary_1:0/yolov8_bytetrack:track:15,G-101,G-102,16.690811227474263,290.98345621625595,False,False,False,rejected,geometry_gate_rejected,
d5_cv_5v5_multicamera_formal_20260716_yolo_bytetrack:0038:D5_Primary_1:0,9.5,INT-01,D5_Primary_1:0,D5_Primary_1:0/yolov8_bytetrack:track:2,G-101,G-103,62.6604099802318,563.8014609191134,False,False,False,rejected,geometry_gate_rejected,
d5_cv_5v5_multicamera_formal_20260716_yolo_bytetrack:0038:D5_Primary_1:0,9.5,INT-01,D5_Primary_1:0,D5_Primary_1:0/yolov8_bytetrack:track:1,G-102,G-101,16.502988334625414,289.14456743469157,False,False,False,rejected,geometry_gate_rejected,
d5_cv_5v5_multicamera_formal_20260716_yolo_bytetrack:0038:D5_Primary_1:0,9.5,INT-01,D5_Primary_1:0,D5_Primary_1:0/yolov8_bytetrack:track:15,G-102,G-102,0.029044811692896574,12.123595755668726,True,True,True,registered,registered_to_global_track,True
d5_cv_5v5_multicamera_formal_20260716_yolo_bytetrack:0038:D5_Primary_1:0,9.5,INT-01,D5_Primary_1:0,D5_Primary_1:0/yolov8_bytetrack:track:2,G-102,G-103,14.974036624599005,275.4239790246898,True,False,False,candidate,,
d5_cv_5v5_multicamera_formal_20260716_yolo_bytetrack:0038:D5_Primary_1:0,9.5,INT-01,D5_Primary_1:0,D5_Primary_1:0/yolov8_bytetrack:track:1,G-103,G-101,64.27185220235995,570.5820333493037,False,False,False,rejected,geometry_gate_rejected,
d5_cv_5v5_multicamera_formal_20260716_yolo_bytetrack:0038:D5_Primary_1:0,9.5,INT-01,D5_Primary_1:0,D5_Primary_1:0/yolov8_bytetrack:track:15,G-103,G-102,15.404425371943237,279.33819032172477,True,False,False,candidate,,
d5_cv_5v5_multicamera_formal_20260716_yolo_bytetrack:0038:D5_Primary_1:0,9.5,INT-01,D5_Primary_1:0,D5_Primary_1:0/yolov8_bytetrack:track:2,G-103,G-103,0.012655818944419635,8.001168577090032,True,True,True,registered,registered_to_global_track,True
d5_cv_5v5_multicamera_formal_20260716_yolo_bytetrack:0038:D5_Primary_1:0,9.5,INT-01,D5_Primary_1:0,D5_Primary_1:0/yolov8_bytetrack:track:1,G-104,G-101,132.15815192036794,818.8135159564771,False,False,False,rejected,geometry_gate_rejected,
d5_cv_5v5_multicamera_formal_20260716_yolo_bytetrack:0038:D5_Primary_1:0,9.5,INT-01,D5_Primary_1:0,D5_Primary_1:0/yolov8_bytetrack:track:15,G-104,G-102,54.85260744601348,527.5172493062589,False,False,False,rejected,geometry_gate_rejected,
d5_cv_5v5_multicamera_formal_20260716_yolo_bytetrack:0038:D5_Primary_1:0,9.5,INT-01,D5_Primary_1:0,D5_Primary_1:0/yolov8_bytetrack:track:2,G-104,G-103,12.78194383920231,254.64569659272303,True,False,False,candidate,,
d5_cv_5v5_multicamera_formal_20260716_yolo_bytetrack:0038:D5_Primary_1:0,9.5,INT-01,D5_Primary_1:0,D5_Primary_1:0/yolov8_bytetrack:track:1,G-105,G-101,,1040.3560197727888,False,False,False,rejected,projection_invalid,
d5_cv_5v5_multicamera_formal_20260716_yolo_bytetrack:0038:D5_Primary_1:0,9.5,INT-01,D5_Primary_1:0,D5_Primary_1:0/yolov8_bytetrack:track:15,G-105,G-102,,749.0621059240748,False,False,False,rejected,projection_invalid,
d5_cv_5v5_multicamera_formal_20260716_yolo_bytetrack:0038:D5_Primary_1:0,9.5,INT-01,D5_Primary_1:0,D5_Primary_1:0/yolov8_bytetrack:track:2,G-105,G-103,,476.17764693400153,False,False,False,rejected,projection_invalid,
d5_cv_5v5_multicamera_formal_20260716_yolo_bytetrack:0038:D5_Primary_2:0,9.5,INT-02,D5_Primary_2:0,D5_Primary_2:0/yolov8_bytetrack:track:1,G-101,G-102,19.64228580414208,316.2384911627509,False,False,False,rejected,geometry_gate_rejected,
d5_cv_5v5_multicamera_formal_20260716_yolo_bytetrack:0038:D5_Primary_2:0,9.5,INT-02,D5_Primary_2:0,D5_Primary_2:0/yolov8_bytetrack:track:1,G-102,G-102,0.04507977037452239,15.125525484285657,True,True,True,registered,registered_to_global_track,True
d5_cv_5v5_multicamera_formal_20260716_yolo_bytetrack:0038:D5_Primary_2:0,9.5,INT-02,D5_Primary_2:0,D5_Primary_2:0/yolov8_bytetrack:track:1,G-103,G-102,18.749369795598138,308.29144973616013,False,False,False,rejected,geometry_gate_rejected,
d5_cv_5v5_multicamera_formal_20260716_yolo_bytetrack:0038:D5_Primary_2:0,9.5,INT-02,D5_Primary_2:0,D5_Primary_2:0/yolov8_bytetrack:track:1,G-104,G-102,67.92065362373914,587.1857987053637,False,False,False,rejected,geometry_gate_rejected,
d5_cv_5v5_multicamera_formal_20260716_yolo_bytetrack:0038:D5_Primary_2:0,9.5,INT-02,D5_Primary_2:0,D5_Primary_2:0/yolov8_bytetrack:track:1,G-105,G-102,139.80141584039612,843.308245817585,False,False,False,rejected,geometry_gate_rejected,
d5_cv_5v5_multicamera_formal_20260716_yolo_bytetrack:0038:D5_Primary_3:0,9.5,INT-03,D5_Primary_3:0,D5_Primary_3:0/yolov8_bytetrack:track:1,G-101,G-103,79.69881724812818,638.4948580109761,False,False,False,rejected,geometry_gate_rejected,
d5_cv_5v5_multicamera_formal_20260716_yolo_bytetrack:0038:D5_Primary_3:0,9.5,INT-03,D5_Primary_3:0,D5_Primary_3:0/yolov8_bytetrack:track:49,G-101,G-105,301.6150959507892,1242.104061573003,False,False,False,rejected,geometry_gate_rejected,
d5_cv_5v5_multicamera_formal_20260716_yolo_bytetrack:0038:D5_Primary_3:0,9.5,INT-03,D5_Primary_3:0,D5_Primary_3:0/yolov8_bytetrack:track:12,G-101,G-104,174.75739593695883,945.47324895268,False,False,False,rejected,geometry_gate_rejected,
d5_cv_5v5_multicamera_formal_20260716_yolo_bytetrack:0038:D5_Primary_3:0,9.5,INT-03,D5_Primary_3:0,D5_Primary_3:0/yolov8_bytetrack:track:1,G-102,G-103,20.297394291144148,321.365230826667,False,False,False,rejected,geometry_gate_rejected,
d5_cv_5v5_multicamera_formal_20260716_yolo_bytetrack:0038:D5_Primary_3:0,9.5,INT-03,D5_Primary_3:0,D5_Primary_3:0/yolov8_bytetrack:track:49,G-102,G-105,168.08922852810795,924.8014273811749,False,False,False,rejected,geometry_gate_rejected,
d5_cv_5v5_multicamera_formal_20260716_yolo_bytetrack:0038:D5_Primary_3:0,9.5,INT-03,D5_Primary_3:0,D5_Primary_3:0/yolov8_bytetrack:track:12,G-102,G-104,77.56373124683532,628.2145562568642,False,False,False,rejected,geometry_gate_rejected,
d5_cv_5v5_multicamera_formal_20260716_yolo_bytetrack:0038:D5_Primary_3:0,9.5,INT-03,D5_Primary_3:0,D5_Primary_3:0/yolov8_bytetrack:track:1,G-103,G-103,0.03861867827530227,13.996534153822532,True,True,True,registered,registered_to_global_track,True
d5_cv_5v5_multicamera_formal_20260716_yolo_bytetrack:0038:D5_Primary_3:0,9.5,INT-03,D5_Primary_3:0,D5_Primary_3:0/yolov8_bytetrack:track:49,G-103,G-105,69.43805772681158,593.4995169635043,False,False,False,rejected,geometry_gate_rejected,
d5_cv_5v5_multicamera_formal_20260716_yolo_bytetrack:0038:D5_Primary_3:0,9.5,INT-03,D5_Primary_3:0,D5_Primary_3:0/yolov8_bytetrack:track:12,G-103,G-104,17.3820171783861,296.9420250136605,False,False,False,rejected,geometry_gate_rejected,
d5_cv_5v5_multicamera_formal_20260716_yolo_bytetrack:0038:D5_Primary_3:0,9.5,INT-03,D5_Primary_3:0,D5_Primary_3:0/yolov8_bytetrack:track:1,G-104,G-103,18.843304868468913,309.22672323306995,False,False,False,rejected,geometry_gate_rejected,
d5_cv_5v5_multicamera_formal_20260716_yolo_bytetrack:0038:D5_Primary_3:0,9.5,INT-03,D5_Primary_3:0,D5_Primary_3:0/yolov8_bytetrack:track:49,G-104,G-105,17.082887610885944,294.4279781961246,False,False,False,rejected,geometry_gate_rejected,
d5_cv_5v5_multicamera_formal_20260716_yolo_bytetrack:0038:D5_Primary_3:0,9.5,INT-03,D5_Primary_3:0,D5_Primary_3:0/yolov8_bytetrack:track:12,G-104,G-104,0.0024276545211210005,3.508557694061043,True,True,True,registered,registered_to_global_track,True
d5_cv_5v5_multicamera_formal_20260716_yolo_bytetrack:0038:D5_Primary_3:0,9.5,INT-03,D5_Primary_3:0,D5_Primary_3:0/yolov8_bytetrack:track:1,G-105,G-103,69.02562782228563,592.3840258517182,False,False,False,rejected,geometry_gate_rejected,
d5_cv_5v5_multicamera_formal_20260716_yolo_bytetrack:0038:D5_Primary_3:0,9.5,INT-03,D5_Primary_3:0,D5_Primary_3:0/yolov8_bytetrack:track:49,G-105,G-105,0.03129165931693256,12.607011114053403,True,True,True,registered,registered_to_global_track,True
d5_cv_5v5_multicamera_formal_20260716_yolo_bytetrack:0038:D5_Primary_3:0,9.5,INT-03,D5_Primary_3:0,D5_Primary_3:0/yolov8_bytetrack:track:12,G-105,G-104,16.02444582332871,285.4233594338559,False,False,False,rejected,geometry_gate_rejected,
d5_cv_5v5_multicamera_formal_20260716_yolo_bytetrack:0038:D5_Primary_4:0,9.5,INT-04,D5_Primary_4:0,D5_Primary_4:0/yolov8_bytetrack:track:1,G-101,G-104,172.39882293148696,941.3783783986798,False,False,False,rejected,geometry_gate_rejected,
d5_cv_5v5_multicamera_formal_20260716_yolo_bytetrack:0038:D5_Primary_4:0,9.5,INT-04,D5_Primary_4:0,D5_Primary_4:0/yolov8_bytetrack:track:7,G-101,G-105,305.68479320179216,1253.5278410527505,False,False,False,rejected,geometry_gate_rejected,
d5_cv_5v5_multicamera_formal_20260716_yolo_bytetrack:0038:D5_Primary_4:0,9.5,INT-04,D5_Primary_4:0,D5_Primary_4:0/yolov8_bytetrack:track:1,G-102,G-104,78.59957218904893,633.5140111072719,False,False,False,rejected,geometry_gate_rejected,
d5_cv_5v5_multicamera_formal_20260716_yolo_bytetrack:0038:D5_Primary_4:0,9.5,INT-04,D5_Primary_4:0,D5_Primary_4:0/yolov8_bytetrack:track:7,G-102,G-105,175.1249867507681,945.6276162185077,False,False,False,rejected,geometry_gate_rejected,
d5_cv_5v5_multicamera_formal_20260716_yolo_bytetrack:0038:D5_Primary_4:0,9.5,INT-04,D5_Primary_4:0,D5_Primary_4:0/yolov8_bytetrack:track:1,G-103,G-104,17.79148235136072,300.65596178530456,False,False,False,rejected,geometry_gate_rejected,
d5_cv_5v5_multicamera_formal_20260716_yolo_bytetrack:0038:D5_Primary_4:0,9.5,INT-04,D5_Primary_4:0,D5_Primary_4:0/yolov8_bytetrack:track:7,G-103,G-105,73.89717123356931,612.7419378669407,False,False,False,rejected,geometry_gate_rejected,
d5_cv_5v5_multicamera_formal_20260716_yolo_bytetrack:0038:D5_Primary_4:0,9.5,INT-04,D5_Primary_4:0,D5_Primary_4:0/yolov8_bytetrack:track:1,G-104,G-104,0.004959740220575501,5.016514439982091,True,True,True,registered,registered_to_global_track,True
d5_cv_5v5_multicamera_formal_20260716_yolo_bytetrack:0038:D5_Primary_4:0,9.5,INT-04,D5_Primary_4:0,D5_Primary_4:0/yolov8_bytetrack:track:7,G-104,G-105,18.679691799728438,307.862965582198,False,False,False,rejected,geometry_gate_rejected,
d5_cv_5v5_multicamera_formal_20260716_yolo_bytetrack:0038:D5_Primary_4:0,9.5,INT-04,D5_Primary_4:0,D5_Primary_4:0/yolov8_bytetrack:track:1,G-105,G-104,18.015995764925623,302.4326968977904,False,False,False,rejected,geometry_gate_rejected,
d5_cv_5v5_multicamera_formal_20260716_yolo_bytetrack:0038:D5_Primary_4:0,9.5,INT-04,D5_Primary_4:0,D5_Primary_4:0/yolov8_bytetrack:track:7,G-105,G-105,0.02705926454388029,11.71856202016766,True,True,True,registered,registered_to_global_track,True
d5_cv_5v5_multicamera_formal_20260716_yolo_bytetrack:0038:D5_Primary_5:0,9.5,INT-05,D5_Primary_5:0,D5_Primary_5:0/yolov8_bytetrack:track:1,G-101,G-105,,1203.9192165258805,False,False,False,rejected,projection_invalid,
d5_cv_5v5_multicamera_formal_20260716_yolo_bytetrack:0038:D5_Primary_5:0,9.5,INT-05,D5_Primary_5:0,D5_Primary_5:0/yolov8_bytetrack:track:1,G-102,G-105,164.8906430682582,919.0649873893809,False,False,False,rejected,geometry_gate_rejected,
d5_cv_5v5_multicamera_formal_20260716_yolo_bytetrack:0038:D5_Primary_5:0,9.5,INT-05,D5_Primary_5:0,D5_Primary_5:0/yolov8_bytetrack:track:1,G-103,G-105,70.85602986784484,600.6547818712198,False,False,False,rejected,geometry_gate_rejected,
d5_cv_5v5_multicamera_formal_20260716_yolo_bytetrack:0038:D5_Primary_5:0,9.5,INT-05,D5_Primary_5:0,D5_Primary_5:0/yolov8_bytetrack:track:1,G-104,G-105,18.32353843194842,305.0213659480104,False,False,False,rejected,geometry_gate_rejected,
d5_cv_5v5_multicamera_formal_20260716_yolo_bytetrack:0038:D5_Primary_5:0,9.5,INT-05,D5_Primary_5:0,D5_Primary_5:0/yolov8_bytetrack:track:1,G-105,G-105,0.017509194963145257,9.423662429820252,True,True,True,registered,registered_to_global_track,True
d5_cv_5v5_multicamera_formal_20260716_yolo_bytetrack:0038:D5_Recon_1:0,9.5,RECON-01,D5_Recon_1:0,D5_Recon_1:0:det:0001,G-101,G-101,0.00012618527864919873,1.55905110806797,True,True,True,registered,registered_to_global_track,True
d5_cv_5v5_multicamera_formal_20260716_yolo_bytetrack:0038:D5_Recon_1:0,9.5,RECON-01,D5_Recon_1:0,D5_Recon_1:0:det:0002,G-101,G-102,4.04651263898189,279.19030418560106,True,False,False,candidate,,
d5_cv_5v5_multicamera_formal_20260716_yolo_bytetrack:0038:D5_Recon_1:0,9.5,RECON-01,D5_Recon_1:0,D5_Recon_1:0:det:0003,G-101,G-103,16.257480936215398,559.6113420352461,False,False,False,rejected,geometry_gate_rejected,
d5_cv_5v5_multicamera_formal_20260716_yolo_bytetrack:0038:D5_Recon_1:0,9.5,RECON-01,D5_Recon_1:0,D5_Recon_1:0:det:0004,G-101,G-104,36.57233309151027,839.3367030632802,False,False,False,rejected,geometry_gate_rejected,
d5_cv_5v5_multicamera_formal_20260716_yolo_bytetrack:0038:D5_Recon_1:0,9.5,RECON-01,D5_Recon_1:0,D5_Recon_1:0:det:0005,G-101,G-105,64.88422300960727,1117.9681615646682,False,False,False,rejected,geometry_gate_rejected,
d5_cv_5v5_multicamera_formal_20260716_yolo_bytetrack:0038:D5_Recon_1:0,9.5,RECON-01,D5_Recon_1:0,D5_Recon_1:0:det:0001,G-102,G-101,3.957499922096636,276.0641520409672,True,False,False,candidate,,
d5_cv_5v5_multicamera_formal_20260716_yolo_bytetrack:0038:D5_Recon_1:0,9.5,RECON-01,D5_Recon_1:0,D5_Recon_1:0:det:0002,G-102,G-102,0.0024863028581260872,6.919341531257922,True,True,True,registered,registered_to_global_track,True
d5_cv_5v5_multicamera_formal_20260716_yolo_bytetrack:0038:D5_Recon_1:0,9.5,RECON-01,D5_Recon_1:0,D5_Recon_1:0:det:0003,G-102,G-103,4.222659562564467,285.16263817383225,True,False,False,candidate,,
d5_cv_5v5_multicamera_formal_20260716_yolo_bytetrack:0038:D5_Recon_1:0,9.5,RECON-01,D5_Recon_1:0,D5_Recon_1:0:det:0004,G-102,G-104,16.568800986618104,564.8656007922567,False,False,False,rejected,geometry_gate_rejected,
d5_cv_5v5_multicamera_formal_20260716_yolo_bytetrack:0038:D5_Recon_1:0,9.5,RECON-01,D5_Recon_1:0,D5_Recon_1:0:det:0005,G-102,G-105,36.94540476904732,843.4897318232241,False,False,False,rejected,geometry_gate_rejected,
d5_cv_5v5_multicamera_formal_20260716_yolo_bytetrack:0038:D5_Recon_1:0,9.5,RECON-01,D5_Recon_1:0,D5_Recon_1:0:det:0001,G-103,G-101,16.944375618296693,571.1877219610434,False,False,False,rejected,geometry_gate_rejected,
d5_cv_5v5_multicamera_formal_20260716_yolo_bytetrack:0038:D5_Recon_1:0,9.5,RECON-01,D5_Recon_1:0,D5_Recon_1:0:det:0002,G-103,G-102,4.382088110390346,290.4735758923939,True,False,False,candidate,,
d5_cv_5v5_multicamera_formal_20260716_yolo_bytetrack:0038:D5_Recon_1:0,9.5,RECON-01,D5_Recon_1:0,D5_Recon_1:0:det:0003,G-103,G-103,0.005254919426819826,10.05886799959075,True,True,True,registered,registered_to_global_track,True
d5_cv_5v5_multicamera_formal_20260716_yolo_bytetrack:0038:D5_Recon_1:0,9.5,RECON-01,D5_Recon_1:0,D5_Recon_1:0:det:0004,G-103,G-104,3.7769747240387654,269.67340427447976,True,False,False,candidate,,
d5_cv_5v5_multicamera_formal_20260716_yolo_bytetrack:0038:D5_Recon_1:0,9.5,RECON-01,D5_Recon_1:0,D5_Recon_1:0:det:0005,G-103,G-105,15.613916014102035,548.3047368939918,True,False,False,candidate,,
d5_cv_5v5_multicamera_formal_20260716_yolo_bytetrack:0038:D5_Recon_1:0,9.5,RECON-01,D5_Recon_1:0,D5_Recon_1:0:det:0001,G-104,G-101,36.97922203897669,843.8299386475552,False,False,False,rejected,geometry_gate_rejected,
d5_cv_5v5_multicamera_formal_20260716_yolo_bytetrack:0038:D5_Recon_1:0,9.5,RECON-01,D5_Recon_1:0,D5_Recon_1:0:det:0002,G-104,G-102,16.46851350539707,563.122974584223,False,False,False,rejected,geometry_gate_rejected,
d5_cv_5v5_multicamera_formal_20260716_yolo_bytetrack:0038:D5_Recon_1:0,9.5,RECON-01,D5_Recon_1:0,D5_Recon_1:0:det:0003,G-104,G-103,4.151165754757399,282.7229642579048,True,False,False,candidate,,
d5_cv_5v5_multicamera_formal_20260716_yolo_bytetrack:0038:D5_Recon_1:0,9.5,RECON-01,D5_Recon_1:0,D5_Recon_1:0:det:0004,G-104,G-104,0.001698109980988421,5.717986874338021,True,True,True,registered,registered_to_global_track,True
d5_cv_5v5_multicamera_formal_20260716_yolo_bytetrack:0038:D5_Recon_1:0,9.5,RECON-01,D5_Recon_1:0,D5_Recon_1:0:det:0005,G-104,G-105,3.948076527362359,275.7203368705997,True,False,False,candidate,,
d5_cv_5v5_multicamera_formal_20260716_yolo_bytetrack:0038:D5_Recon_1:0,9.5,RECON-01,D5_Recon_1:0,D5_Recon_1:0:det:0001,G-105,G-101,64.31714773299042,1113.0123902269765,False,False,False,rejected,geometry_gate_rejected,
d5_cv_5v5_multicamera_formal_20260716_yolo_bytetrack:0038:D5_Recon_1:0,9.5,RECON-01,D5_Recon_1:0,D5_Recon_1:0:det:0002,G-105,G-102,35.965413133263205,832.2985489652408,False,False,False,rejected,geometry_gate_rejected,
d5_cv_5v5_multicamera_formal_20260716_yolo_bytetrack:0038:D5_Recon_1:0,9.5,RECON-01,D5_Recon_1:0,D5_Recon_1:0:det:0003,G-105,G-103,15.812970803527136,551.8783349453346,True,False,False,candidate,,
d5_cv_5v5_multicamera_formal_20260716_yolo_bytetrack:0038:D5_Recon_1:0,9.5,RECON-01,D5_Recon_1:0,D5_Recon_1:0:det:0004,G-105,G-104,3.845578226911795,272.1557001299994,True,False,False,candidate,,
d5_cv_5v5_multicamera_formal_20260716_yolo_bytetrack:0038:D5_Recon_1:0,9.5,RECON-01,D5_Recon_1:0,D5_Recon_1:0:det:0005,G-105,G-105,0.0023284926167923305,6.696819848416961,True,True,True,registered,registered_to_global_track,True
d5_cv_5v5_multicamera_formal_20260716_yolo_bytetrack:0039:D5_Primary_1:0,9.75,INT-01,D5_Primary_1:0,D5_Primary_1:0/yolov8_bytetrack:track:1,G-101,G-101,0.00900179574677257,6.757612186444506,True,True,True,registered,registered_to_global_track,True
d5_cv_5v5_multicamera_formal_20260716_yolo_bytetrack:0039:D5_Primary_1:0,9.75,INT-01,D5_Primary_1:0,D5_Primary_1:0/yolov8_bytetrack:track:1,G-102,G-101,16.09370442133652,285.52556916164787,False,False,False,rejected,geometry_gate_rejected,
d5_cv_5v5_multicamera_formal_20260716_yolo_bytetrack:0039:D5_Primary_1:0,9.75,INT-01,D5_Primary_1:0,D5_Primary_1:0/yolov8_bytetrack:track:1,G-103,G-101,62.612962273769305,563.1160605162016,False,False,False,rejected,geometry_gate_rejected,
d5_cv_5v5_multicamera_formal_20260716_yolo_bytetrack:0039:D5_Primary_1:0,9.75,INT-01,D5_Primary_1:0,D5_Primary_1:0/yolov8_bytetrack:track:1,G-104,G-101,128.57838886905657,807.5110833414514,False,False,False,rejected,geometry_gate_rejected,
d5_cv_5v5_multicamera_formal_20260716_yolo_bytetrack:0039:D5_Primary_1:0,9.75,INT-01,D5_Primary_1:0,D5_Primary_1:0/yolov8_bytetrack:track:1,G-105,G-101,,1025.314256545947,False,False,False,rejected,projection_invalid,
d5_cv_5v5_multicamera_formal_20260716_yolo_bytetrack:0039:D5_Primary_2:0,9.75,INT-02,D5_Primary_2:0,D5_Primary_2:0/yolov8_bytetrack:track:1,G-101,G-102,18.971672087722542,310.79805235099184,False,False,False,rejected,geometry_gate_rejected,
d5_cv_5v5_multicamera_formal_20260716_yolo_bytetrack:0039:D5_Primary_2:0,9.75,INT-02,D5_Primary_2:0,D5_Primary_2:0/yolov8_bytetrack:track:2,G-101,G-101,0.01848914857540551,9.698905701321877,True,True,True,registered,registered_to_global_track,True
d5_cv_5v5_multicamera_formal_20260716_yolo_bytetrack:0039:D5_Primary_2:0,9.75,INT-02,D5_Primary_2:0,D5_Primary_2:0/yolov8_bytetrack:track:1,G-102,G-102,0.03985273207436807,14.221711083890956,True,True,True,registered,registered_to_global_track,True
d5_cv_5v5_multicamera_formal_20260716_yolo_bytetrack:0039:D5_Primary_2:0,9.75,INT-02,D5_Primary_2:0,D5_Primary_2:0/yolov8_bytetrack:track:2,G-102,G-101,17.89644070698521,301.3738384168346,False,False,False,rejected,geometry_gate_rejected,
d5_cv_5v5_multicamera_formal_20260716_yolo_bytetrack:0039:D5_Primary_2:0,9.75,INT-02,D5_Primary_2:0,D5_Primary_2:0/yolov8_bytetrack:track:1,G-103,G-102,18.56105680105533,306.7310184626896,False,False,False,rejected,geometry_gate_rejected,
d5_cv_5v5_multicamera_formal_20260716_yolo_bytetrack:0039:D5_Primary_2:0,9.75,INT-02,D5_Primary_2:0,D5_Primary_2:0/yolov8_bytetrack:track:2,G-103,G-101,73.63940848784999,610.9580849224559,False,False,False,rejected,geometry_gate_rejected,
d5_cv_5v5_multicamera_formal_20260716_yolo_bytetrack:0039:D5_Primary_2:0,9.75,INT-02,D5_Primary_2:0,D5_Primary_2:0/yolov8_bytetrack:track:1,G-104,G-102,66.72798718009442,581.9584268289233,False,False,False,rejected,geometry_gate_rejected,
d5_cv_5v5_multicamera_formal_20260716_yolo_bytetrack:0039:D5_Primary_2:0,9.75,INT-02,D5_Primary_2:0,D5_Primary_2:0/yolov8_bytetrack:track:2,G-104,G-101,154.75748248479283,886.2653510399563,False,False,False,rejected,geometry_gate_rejected,
d5_cv_5v5_multicamera_formal_20260716_yolo_bytetrack:0039:D5_Primary_2:0,9.75,INT-02,D5_Primary_2:0,D5_Primary_2:0/yolov8_bytetrack:track:1,G-105,G-102,136.90154353327645,834.3837562561403,False,False,False,rejected,geometry_gate_rejected,
d5_cv_5v5_multicamera_formal_20260716_yolo_bytetrack:0039:D5_Primary_2:0,9.75,INT-02,D5_Primary_2:0,D5_Primary_2:0/yolov8_bytetrack:track:2,G-105,G-101,254.9675099260514,1138.686253232754,False,False,False,rejected,geometry_gate_rejected,
d5_cv_5v5_multicamera_formal_20260716_yolo_bytetrack:0039:D5_Primary_3:0,9.75,INT-03,D5_Primary_3:0,D5_Primary_3:0/yolov8_bytetrack:track:1,G-101,G-103,78.08136584139588,631.9695564917299,False,False,False,rejected,geometry_gate_rejected,
d5_cv_5v5_multicamera_formal_20260716_yolo_bytetrack:0039:D5_Primary_3:0,9.75,INT-03,D5_Primary_3:0,D5_Primary_3:0/yolov8_bytetrack:track:49,G-101,G-105,295.1341380544827,1228.661253442175,False,False,False,rejected,geometry_gate_rejected,
d5_cv_5v5_multicamera_formal_20260716_yolo_bytetrack:0039:D5_Primary_3:0,9.75,INT-03,D5_Primary_3:0,D5_Primary_3:0/yolov8_bytetrack:track:1,G-102,G-103,19.878944588895468,318.035996476708,False,False,False,rejected,geometry_gate_rejected,
d5_cv_5v5_multicamera_formal_20260716_yolo_bytetrack:0039:D5_Primary_3:0,9.75,INT-03,D5_Primary_3:0,D5_Primary_3:0/yolov8_bytetrack:track:49,G-102,G-105,164.38287478388654,914.5505483119397,False,False,False,rejected,geometry_gate_rejected,
d5_cv_5v5_multicamera_formal_20260716_yolo_bytetrack:0039:D5_Primary_3:0,9.75,INT-03,D5_Primary_3:0,D5_Primary_3:0/yolov8_bytetrack:track:1,G-103,G-103,0.03877998257989938,14.025736048744783,True,True,True,registered,registered_to_global_track,True
d5_cv_5v5_multicamera_formal_20260716_yolo_bytetrack:0039:D5_Primary_3:0,9.75,INT-03,D5_Primary_3:0,D5_Primary_3:0/yolov8_bytetrack:track:49,G-103,G-105,67.83955320579638,586.62846772381,False,False,False,rejected,geometry_gate_rejected,
d5_cv_5v5_multicamera_formal_20260716_yolo_bytetrack:0039:D5_Primary_3:0,9.75,INT-03,D5_Primary_3:0,D5_Primary_3:0/yolov8_bytetrack:track:1,G-104,G-103,18.41207842683335,305.6588929178572,False,False,False,rejected,geometry_gate_rejected,
d5_cv_5v5_multicamera_formal_20260716_yolo_bytetrack:0039:D5_Primary_3:0,9.75,INT-03,D5_Primary_3:0,D5_Primary_3:0/yolov8_bytetrack:track:49,G-104,G-105,16.697675473747715,291.0808213640918,False,False,False,rejected,geometry_gate_rejected,
d5_cv_5v5_multicamera_formal_20260716_yolo_bytetrack:0039:D5_Primary_3:0,9.75,INT-03,D5_Primary_3:0,D5_Primary_3:0/yolov8_bytetrack:track:1,G-105,G-103,67.37289152717791,585.1994609914673,False,False,False,rejected,geometry_gate_rejected,
d5_cv_5v5_multicamera_formal_20260716_yolo_bytetrack:0039:D5_Primary_3:0,9.75,INT-03,D5_Primary_3:0,D5_Primary_3:0/yolov8_bytetrack:track:49,G-105,G-105,0.032629643450801306,12.872903425849977,True,True,True,registered,registered_to_global_track,True
d5_cv_5v5_multicamera_formal_20260716_yolo_bytetrack:0039:D5_Primary_4:0,9.75,INT-04,D5_Primary_4:0,D5_Primary_4:0/yolov8_bytetrack:track:1,G-101,G-104,168.96745911351647,931.8889010472808,False,False,False,rejected,geometry_gate_rejected,
d5_cv_5v5_multicamera_formal_20260716_yolo_bytetrack:0039:D5_Primary_4:0,9.75,INT-04,D5_Primary_4:0,D5_Primary_4:0/yolov8_bytetrack:track:7,G-101,G-105,299.74039729121677,1241.1813313811722,False,False,False,rejected,geometry_gate_rejected,
d5_cv_5v5_multicamera_formal_20260716_yolo_bytetrack:0039:D5_Primary_4:0,9.75,INT-04,D5_Primary_4:0,D5_Primary_4:0/yolov8_bytetrack:track:1,G-102,G-104,76.99913509216839,627.0107904432361,False,False,False,rejected,geometry_gate_rejected,
d5_cv_5v5_multicamera_formal_20260716_yolo_bytetrack:0039:D5_Primary_4:0,9.75,INT-04,D5_Primary_4:0,D5_Primary_4:0/yolov8_bytetrack:track:7,G-102,G-105,171.6836395206733,936.2600552731682,False,False,False,rejected,geometry_gate_rejected,
d5_cv_5v5_multicamera_formal_20260716_yolo_bytetrack:0039:D5_Primary_4:0,9.75,INT-04,D5_Primary_4:0,D5_Primary_4:0/yolov8_bytetrack:track:1,G-103,G-104,17.39980155486643,297.32725928742207,False,False,False,rejected,geometry_gate_rejected,
d5_cv_5v5_multicamera_formal_20260716_yolo_bytetrack:0039:D5_Primary_4:0,9.75,INT-04,D5_Primary_4:0,D5_Primary_4:0/yolov8_bytetrack:track:7,G-103,G-105,72.41087849074336,606.5469576387779,False,False,False,rejected,geometry_gate_rejected,
d5_cv_5v5_multicamera_formal_20260716_yolo_bytetrack:0039:D5_Primary_4:0,9.75,INT-04,D5_Primary_4:0,D5_Primary_4:0/yolov8_bytetrack:track:1,G-104,G-104,0.0050505822019331625,5.0622454485583805,True,True,True,registered,registered_to_global_track,True
d5_cv_5v5_multicamera_formal_20260716_yolo_bytetrack:0039:D5_Primary_4:0,9.75,INT-04,D5_Primary_4:0,D5_Primary_4:0/yolov8_bytetrack:track:7,G-104,G-105,18.332725492439007,304.99027259726404,False,False,False,rejected,geometry_gate_rejected,
d5_cv_5v5_multicamera_formal_20260716_yolo_bytetrack:0039:D5_Primary_4:0,9.75,INT-04,D5_Primary_4:0,D5_Primary_4:0/yolov8_bytetrack:track:1,G-105,G-104,17.610474893013656,299.002100558425,False,False,False,rejected,geometry_gate_rejected,
d5_cv_5v5_multicamera_formal_20260716_yolo_bytetrack:0039:D5_Primary_4:0,9.75,INT-04,D5_Primary_4:0,D5_Primary_4:0/yolov8_bytetrack:track:7,G-105,G-105,0.02767635522965769,11.851663385785105,True,True,True,registered,registered_to_global_track,True
d5_cv_5v5_multicamera_formal_20260716_yolo_bytetrack:0039:D5_Recon_1:0,9.75,RECON-01,D5_Recon_1:0,D5_Recon_1:0:det:0001,G-101,G-101,0.00012971644478475025,1.5807029194586135,True,True,True,registered,registered_to_global_track,True
d5_cv_5v5_multicamera_formal_20260716_yolo_bytetrack:0039:D5_Recon_1:0,9.75,RECON-01,D5_Recon_1:0,D5_Recon_1:0:det:0002,G-101,G-102,3.956106291640269,276.0518661228854,True,False,False,candidate,,
d5_cv_5v5_multicamera_formal_20260716_yolo_bytetrack:0039:D5_Recon_1:0,9.75,RECON-01,D5_Recon_1:0,D5_Recon_1:0:det:0003,G-101,G-103,15.89467208643546,553.3278096783476,True,False,False,candidate,,
d5_cv_5v5_multicamera_formal_20260716_yolo_bytetrack:0039:D5_Recon_1:0,9.75,RECON-01,D5_Recon_1:0,D5_Recon_1:0:det:0004,G-101,G-104,35.75339406908574,829.8800978097647,False,False,False,rejected,geometry_gate_rejected,
d5_cv_5v5_multicamera_formal_20260716_yolo_bytetrack:0039:D5_Recon_1:0,9.75,RECON-01,D5_Recon_1:0,D5_Recon_1:0:det:0005,G-101,G-105,63.42392914201319,1105.3079233878914,False,False,False,rejected,geometry_gate_rejected,
d5_cv_5v5_multicamera_formal_20260716_yolo_bytetrack:0039:D5_Recon_1:0,9.75,RECON-01,D5_Recon_1:0,D5_Recon_1:0:det:0001,G-102,G-101,3.868744991489573,272.94976419928645,True,False,False,candidate,,
d5_cv_5v5_multicamera_formal_20260716_yolo_bytetrack:0039:D5_Recon_1:0,9.75,RECON-01,D5_Recon_1:0,D5_Recon_1:0:det:0002,G-102,G-102,0.002454959368047541,6.875565093839324,True,True,True,registered,registered_to_global_track,True
d5_cv_5v5_multicamera_formal_20260716_yolo_bytetrack:0039:D5_Recon_1:0,9.75,RECON-01,D5_Recon_1:0,D5_Recon_1:0:det:0003,G-102,G-103,4.129898281655414,282.01186432316865,True,False,False,candidate,,
d5_cv_5v5_multicamera_formal_20260716_yolo_bytetrack:0039:D5_Recon_1:0,9.75,RECON-01,D5_Recon_1:0,D5_Recon_1:0:det:0004,G-102,G-104,16.200046787142522,558.5419980471977,False,False,False,rejected,geometry_gate_rejected,
d5_cv_5v5_multicamera_formal_20260716_yolo_bytetrack:0039:D5_Recon_1:0,9.75,RECON-01,D5_Recon_1:0,D5_Recon_1:0:det:0005,G-102,G-105,36.11584166177713,833.9625883027891,False,False,False,rejected,geometry_gate_rejected,
d5_cv_5v5_multicamera_formal_20260716_yolo_bytetrack:0039:D5_Recon_1:0,9.75,RECON-01,D5_Recon_1:0,D5_Recon_1:0:det:0001,G-103,G-101,16.574807314966918,564.9222821897171,False,False,False,rejected,geometry_gate_rejected,
d5_cv_5v5_multicamera_formal_20260716_yolo_bytetrack:0039:D5_Recon_1:0,9.75,RECON-01,D5_Recon_1:0,D5_Recon_1:0:det:0002,G-103,G-102,4.287702051427054,287.32721294008286,True,False,False,candidate,,
d5_cv_5v5_multicamera_formal_20260716_yolo_bytetrack:0039:D5_Recon_1:0,9.75,RECON-01,D5_Recon_1:0,D5_Recon_1:0:det:0003,G-103,G-103,0.00525345866310458,10.057432358585846,True,True,True,registered,registered_to_global_track,True
d5_cv_5v5_multicamera_formal_20260716_yolo_bytetrack:0039:D5_Recon_1:0,9.75,RECON-01,D5_Recon_1:0,D5_Recon_1:0:det:0004,G-103,G-104,3.688677853435394,266.5016025279867,True,False,False,candidate,,
d5_cv_5v5_multicamera_formal_20260716_yolo_bytetrack:0039:D5_Recon_1:0,9.75,RECON-01,D5_Recon_1:0,D5_Recon_1:0:det:0005,G-103,G-105,15.253037955256758,541.9293049453364,True,False,False,candidate,,
d5_cv_5v5_multicamera_formal_20260716_yolo_bytetrack:0039:D5_Recon_1:0,9.75,RECON-01,D5_Recon_1:0,D5_Recon_1:0:det:0001,G-104,G-101,36.15546736386994,834.3739144869817,False,False,False,rejected,geometry_gate_rejected,
d5_cv_5v5_multicamera_formal_20260716_yolo_bytetrack:0039:D5_Recon_1:0,9.75,RECON-01,D5_Recon_1:0,D5_Recon_1:0:det:0002,G-104,G-102,16.1001283905583,556.7861186127716,False,False,False,rejected,geometry_gate_rejected,
d5_cv_5v5_multicamera_formal_20260716_yolo_bytetrack:0039:D5_Recon_1:0,9.75,RECON-01,D5_Recon_1:0,D5_Recon_1:0:det:0003,G-104,G-103,4.058016446450254,279.53142147256364,True,False,False,candidate,,
d5_cv_5v5_multicamera_formal_20260716_yolo_bytetrack:0039:D5_Recon_1:0,9.75,RECON-01,D5_Recon_1:0,D5_Recon_1:0:det:0004,G-104,G-104,0.0016914862733903905,5.706797899546841,True,True,True,registered,registered_to_global_track,True
d5_cv_5v5_multicamera_formal_20260716_yolo_bytetrack:0039:D5_Recon_1:0,9.75,RECON-01,D5_Recon_1:0,D5_Recon_1:0:det:0005,G-104,G-105,3.857454509778443,272.5361454868489,True,False,False,candidate,,
d5_cv_5v5_multicamera_formal_20260716_yolo_bytetrack:0039:D5_Recon_1:0,9.75,RECON-01,D5_Recon_1:0,D5_Recon_1:0:det:0001,G-105,G-101,62.86544861739862,1100.3695007464173,False,False,False,rejected,geometry_gate_rejected,
d5_cv_5v5_multicamera_formal_20260716_yolo_bytetrack:0039:D5_Recon_1:0,9.75,RECON-01,D5_Recon_1:0,D5_Recon_1:0:det:0002,G-105,G-102,35.147695175625685,822.7747601056437,False,False,False,rejected,geometry_gate_rejected,
d5_cv_5v5_multicamera_formal_20260716_yolo_bytetrack:0039:D5_Recon_1:0,9.75,RECON-01,D5_Recon_1:0,D5_Recon_1:0:det:0003,G-105,G-103,15.449838317068323,545.4996853097265,True,False,False,candidate,,
d5_cv_5v5_multicamera_formal_20260716_yolo_bytetrack:0039:D5_Recon_1:0,9.75,RECON-01,D5_Recon_1:0,D5_Recon_1:0:det:0004,G-105,G-104,3.755596533012897,268.9502786002383,True,False,False,candidate,,
d5_cv_5v5_multicamera_formal_20260716_yolo_bytetrack:0039:D5_Recon_1:0,9.75,RECON-01,D5_Recon_1:0,D5_Recon_1:0:det:0005,G-105,G-105,0.0023363813419738566,6.708090146312162,True,True,True,registered,registered_to_global_track,True
d5_cv_5v5_multicamera_formal_20260716_yolo_bytetrack:0040:D5_Primary_1:0,10.0,INT-01,D5_Primary_1:0,D5_Primary_1:0/yolov8_bytetrack:track:1,G-101,G-101,0.009815466093984487,7.056408164468498,True,True,True,registered,registered_to_global_track,True
d5_cv_5v5_multicamera_formal_20260716_yolo_bytetrack:0040:D5_Primary_1:0,10.0,INT-01,D5_Primary_1:0,D5_Primary_1:0/yolov8_bytetrack:track:2,G-101,G-103,59.0913532400758,547.5077358887896,False,False,False,rejected,geometry_gate_rejected,
d5_cv_5v5_multicamera_formal_20260716_yolo_bytetrack:0040:D5_Primary_1:0,10.0,INT-01,D5_Primary_1:0,D5_Primary_1:0/yolov8_bytetrack:track:1,G-102,G-101,15.631322990409888,281.3833625667883,True,False,False,candidate,,
d5_cv_5v5_multicamera_formal_20260716_yolo_bytetrack:0040:D5_Primary_1:0,10.0,INT-01,D5_Primary_1:0,D5_Primary_1:0/yolov8_bytetrack:track:2,G-102,G-103,14.03844218584691,266.66040880700746,True,False,False,candidate,,
d5_cv_5v5_multicamera_formal_20260716_yolo_bytetrack:0040:D5_Primary_1:0,10.0,INT-01,D5_Primary_1:0,D5_Primary_1:0/yolov8_bytetrack:track:1,G-103,G-101,60.86528178357272,555.1484943702195,False,False,False,rejected,geometry_gate_rejected,
d5_cv_5v5_multicamera_formal_20260716_yolo_bytetrack:0040:D5_Primary_1:0,10.0,INT-01,D5_Primary_1:0,D5_Primary_1:0/yolov8_bytetrack:track:2,G-103,G-103,0.018620875479206586,9.70324494144008,True,True,True,registered,registered_to_global_track,True
d5_cv_5v5_multicamera_formal_20260716_yolo_bytetrack:0040:D5_Primary_1:0,10.0,INT-01,D5_Primary_1:0,D5_Primary_1:0/yolov8_bytetrack:track:1,G-104,G-101,124.89708517633423,795.7343866108574,False,False,False,rejected,geometry_gate_rejected,
d5_cv_5v5_multicamera_formal_20260716_yolo_bytetrack:0040:D5_Primary_1:0,10.0,INT-01,D5_Primary_1:0,D5_Primary_1:0/yolov8_bytetrack:track:2,G-104,G-103,12.148567605128205,248.17298282472555,True,False,False,candidate,,
d5_cv_5v5_multicamera_formal_20260716_yolo_bytetrack:0040:D5_Primary_1:0,10.0,INT-01,D5_Primary_1:0,D5_Primary_1:0/yolov8_bytetrack:track:1,G-105,G-101,,1009.8318239597529,False,False,False,rejected,projection_invalid,
d5_cv_5v5_multicamera_formal_20260716_yolo_bytetrack:0040:D5_Primary_1:0,10.0,INT-01,D5_Primary_1:0,D5_Primary_1:0/yolov8_bytetrack:track:2,G-105,G-103,,462.2680201841867,False,False,False,rejected,projection_invalid,
d5_cv_5v5_multicamera_formal_20260716_yolo_bytetrack:0040:D5_Primary_2:0,10.0,INT-02,D5_Primary_2:0,D5_Primary_2:0/yolov8_bytetrack:track:1,G-101,G-102,18.741894214633152,308.9096079243263,False,False,False,rejected,geometry_gate_rejected,
d5_cv_5v5_multicamera_formal_20260716_yolo_bytetrack:0040:D5_Primary_2:0,10.0,INT-02,D5_Primary_2:0,D5_Primary_2:0/yolov8_bytetrack:track:2,G-101,G-101,0.013955446786275015,8.425360923465945,True,True,True,registered,registered_to_global_track,True
d5_cv_5v5_multicamera_formal_20260716_yolo_bytetrack:0040:D5_Primary_2:0,10.0,INT-02,D5_Primary_2:0,D5_Primary_2:0/yolov8_bytetrack:track:3,G-101,G-104,151.85249169578884,879.2969226882674,False,False,False,rejected,geometry_gate_rejected,
d5_cv_5v5_multicamera_formal_20260716_yolo_bytetrack:0040:D5_Primary_2:0,10.0,INT-02,D5_Primary_2:0,D5_Primary_2:0/yolov8_bytetrack:track:5,G-101,G-103,71.1137079552707,601.729500163531,False,False,False,rejected,geometry_gate_rejected,
d5_cv_5v5_multicamera_formal_20260716_yolo_bytetrack:0040:D5_Primary_2:0,10.0,INT-02,D5_Primary_2:0,D5_Primary_2:0/yolov8_bytetrack:track:38,G-101,,0.02486275285058938,11.244155810489177,True,False,False,candidate,,
d5_cv_5v5_multicamera_formal_20260716_yolo_bytetrack:0040:D5_Primary_2:0,10.0,INT-02,D5_Primary_2:0,D5_Primary_2:0/yolov8_bytetrack:track:1,G-102,G-102,0.04075139073877895,14.381100220122264,True,True,True,registered,registered_to_global_track,True
d5_cv_5v5_multicamera_formal_20260716_yolo_bytetrack:0040:D5_Primary_2:0,10.0,INT-02,D5_Primary_2:0,D5_Primary_2:0/yolov8_bytetrack:track:2,G-102,G-101,17.722704355516694,299.9061682201921,False,False,False,rejected,geometry_gate_rejected,
d5_cv_5v5_multicamera_formal_20260716_yolo_bytetrack:0040:D5_Primary_2:0,10.0,INT-02,D5_Primary_2:0,D5_Primary_2:0/yolov8_bytetrack:track:3,G-102,G-104,65.25145395799443,575.4604822133712,False,False,False,rejected,geometry_gate_rejected,
d5_cv_5v5_multicamera_formal_20260716_yolo_bytetrack:0040:D5_Primary_2:0,10.0,INT-02,D5_Primary_2:0,D5_Primary_2:0/yolov8_bytetrack:track:5,G-102,G-103,17.50473721813179,298.05623440695024,False,False,False,rejected,geometry_gate_rejected,
d5_cv_5v5_multicamera_formal_20260716_yolo_bytetrack:0040:D5_Primary_2:0,10.0,INT-02,D5_Primary_2:0,D5_Primary_2:0/yolov8_bytetrack:track:38,G-102,,18.627956327124,307.47018309135865,False,False,False,rejected,geometry_gate_rejected,
d5_cv_5v5_multicamera_formal_20260716_yolo_bytetrack:0040:D5_Primary_2:0,10.0,INT-02,D5_Primary_2:0,D5_Primary_2:0/yolov8_bytetrack:track:1,G-103,G-102,17.925818973768198,301.42621443148755,False,False,False,rejected,geometry_gate_rejected,
d5_cv_5v5_multicamera_formal_20260716_yolo_bytetrack:0040:D5_Primary_2:0,10.0,INT-02,D5_Primary_2:0,D5_Primary_2:0/yolov8_bytetrack:track:2,G-103,G-101,72.4164132220472,605.8428221663094,False,False,False,rejected,geometry_gate_rejected,
d5_cv_5v5_multicamera_formal_20260716_yolo_bytetrack:0040:D5_Primary_2:0,10.0,INT-02,D5_Primary_2:0,D5_Primary_2:0/yolov8_bytetrack:track:3,G-103,G-104,14.306879831840787,269.2855936652021,True,False,False,candidate,,
d5_cv_5v5_multicamera_formal_20260716_yolo_bytetrack:0040:D5_Primary_2:0,10.0,INT-02,D5_Primary_2:0,D5_Primary_2:0/yolov8_bytetrack:track:5,G-103,G-103,0.03174543906081816,12.680758645148943,True,True,True,registered,registered_to_global_track,True
d5_cv_5v5_multicamera_formal_20260716_yolo_bytetrack:0040:D5_Primary_2:0,10.0,INT-02,D5_Primary_2:0,D5_Primary_2:0/yolov8_bytetrack:track:38,G-103,,74.21035611872509,613.3011145688367,False,False,False,rejected,geometry_gate_rejected,
d5_cv_5v5_multicamera_formal_20260716_yolo_bytetrack:0040:D5_Primary_2:0,10.0,INT-02,D5_Primary_2:0,D5_Primary_2:0/yolov8_bytetrack:track:1,G-104,G-102,64.69137451008699,572.9583473244534,False,False,False,rejected,geometry_gate_rejected,
d5_cv_5v5_multicamera_formal_20260716_yolo_bytetrack:0040:D5_Primary_2:0,10.0,INT-02,D5_Primary_2:0,D5_Primary_2:0/yolov8_bytetrack:track:2,G-104,G-101,151.7204525092757,877.4490841600044,False,False,False,rejected,geometry_gate_rejected,
d5_cv_5v5_multicamera_formal_20260716_yolo_bytetrack:0040:D5_Primary_2:0,10.0,INT-02,D5_Primary_2:0,D5_Primary_2:0/yolov8_bytetrack:track:3,G-104,G-104,0.0013951487619522176,2.660140621627679,True,True,True,registered,registered_to_global_track,True
d5_cv_5v5_multicamera_formal_20260716_yolo_bytetrack:0040:D5_Primary_2:0,10.0,INT-02,D5_Primary_2:0,D5_Primary_2:0/yolov8_bytetrack:track:5,G-104,G-103,15.461007658114667,280.103623960833,True,False,False,candidate,,
d5_cv_5v5_multicamera_formal_20260716_yolo_bytetrack:0040:D5_Primary_2:0,10.0,INT-02,D5_Primary_2:0,D5_Primary_2:0/yolov8_bytetrack:track:38,G-104,,154.2947232624443,884.8616892570597,False,False,False,rejected,geometry_gate_rejected,
d5_cv_5v5_multicamera_formal_20260716_yolo_bytetrack:0040:D5_Primary_2:0,10.0,INT-02,D5_Primary_2:0,D5_Primary_2:0/yolov8_bytetrack:track:1,G-105,G-102,132.8118359757664,821.6965460823001,False,False,False,rejected,geometry_gate_rejected,
d5_cv_5v5_multicamera_formal_20260716_yolo_bytetrack:0040:D5_Primary_2:0,10.0,INT-02,D5_Primary_2:0,D5_Primary_2:0/yolov8_bytetrack:track:2,G-105,G-101,249.4778921850841,1126.1833431840193,False,False,False,rejected,geometry_gate_rejected,
d5_cv_5v5_multicamera_formal_20260716_yolo_bytetrack:0040:D5_Primary_2:0,10.0,INT-02,D5_Primary_2:0,D5_Primary_2:0/yolov8_bytetrack:track:3,G-105,G-104,12.417151601997565,251.24875033998347,True,False,False,candidate,,
d5_cv_5v5_multicamera_formal_20260716_yolo_bytetrack:0040:D5_Primary_2:0,10.0,INT-02,D5_Primary_2:0,D5_Primary_2:0/yolov8_bytetrack:track:5,G-105,G-103,55.014044821368365,528.8467306703185,False,False,False,rejected,geometry_gate_rejected,
d5_cv_5v5_multicamera_formal_20260716_yolo_bytetrack:0040:D5_Primary_2:0,10.0,INT-02,D5_Primary_2:0,D5_Primary_2:0/yolov8_bytetrack:track:38,G-105,,252.7755506164335,1133.6019928740095,False,False,False,rejected,geometry_gate_rejected,
d5_cv_5v5_multicamera_formal_20260716_yolo_bytetrack:0040:D5_Primary_3:0,10.0,INT-03,D5_Primary_3:0,D5_Primary_3:0/yolov8_bytetrack:track:1,G-101,G-103,76.44562104053524,625.3025242370084,False,False,False,rejected,geometry_gate_rejected,
d5_cv_5v5_multicamera_formal_20260716_yolo_bytetrack:0040:D5_Primary_3:0,10.0,INT-03,D5_Primary_3:0,D5_Primary_3:0/yolov8_bytetrack:track:49,G-101,G-105,288.4657568646161,1214.6774844698496,False,False,False,rejected,geometry_gate_rejected,
d5_cv_5v5_multicamera_formal_20260716_yolo_bytetrack:0040:D5_Primary_3:0,10.0,INT-03,D5_Primary_3:0,D5_Primary_3:0/yolov8_bytetrack:track:12,G-101,G-104,166.8134232654663,923.6966542392574,False,False,False,rejected,geometry_gate_rejected,
d5_cv_5v5_multicamera_formal_20260716_yolo_bytetrack:0040:D5_Primary_3:0,10.0,INT-03,D5_Primary_3:0,D5_Primary_3:0/yolov8_bytetrack:track:1,G-102,G-103,19.448771271157433,314.5770410655396,False,False,False,rejected,geometry_gate_rejected,
d5_cv_5v5_multicamera_formal_20260716_yolo_bytetrack:0040:D5_Primary_3:0,10.0,INT-03,D5_Primary_3:0,D5_Primary_3:0/yolov8_bytetrack:track:49,G-102,G-105,160.52530068698235,903.7586669100268,False,False,False,rejected,geometry_gate_rejected,
d5_cv_5v5_multicamera_formal_20260716_yolo_bytetrack:0040:D5_Primary_3:0,10.0,INT-03,D5_Primary_3:0,D5_Primary_3:0/yolov8_bytetrack:track:12,G-102,G-104,73.81012849067791,612.8283131040133,False,False,False,rejected,geometry_gate_rejected,
d5_cv_5v5_multicamera_formal_20260716_yolo_bytetrack:0040:D5_Primary_3:0,10.0,INT-03,D5_Primary_3:0,D5_Primary_3:0/yolov8_bytetrack:track:1,G-103,G-103,0.0404647524364012,14.32718438964729,True,True,True,registered,registered_to_global_track,True
d5_cv_5v5_multicamera_formal_20260716_yolo_bytetrack:0040:D5_Primary_3:0,10.0,INT-03,D5_Primary_3:0,D5_Primary_3:0/yolov8_bytetrack:track:49,G-103,G-105,66.1346298024439,579.2107884898062,False,False,False,rejected,geometry_gate_rejected,
d5_cv_5v5_multicamera_formal_20260716_yolo_bytetrack:0040:D5_Primary_3:0,10.0,INT-03,D5_Primary_3:0,D5_Primary_3:0/yolov8_bytetrack:track:12,G-103,G-104,16.38642161888267,288.31300411526087,False,False,False,rejected,geometry_gate_rejected,
d5_cv_5v5_multicamera_formal_20260716_yolo_bytetrack:0040:D5_Primary_3:0,10.0,INT-03,D5_Primary_3:0,D5_Primary_3:0/yolov8_bytetrack:track:1,G-104,G-103,18.00487865830958,302.25160086945573,False,False,False,rejected,geometry_gate_rejected,
d5_cv_5v5_multicamera_formal_20260716_yolo_bytetrack:0040:D5_Primary_3:0,10.0,INT-03,D5_Primary_3:0,D5_Primary_3:0/yolov8_bytetrack:track:49,G-104,G-105,16.253874541887996,287.1784989676808,False,False,False,rejected,geometry_gate_rejected,
d5_cv_5v5_multicamera_formal_20260716_yolo_bytetrack:0040:D5_Primary_3:0,10.0,INT-03,D5_Primary_3:0,D5_Primary_3:0/yolov8_bytetrack:track:12,G-104,G-104,0.004491945096224039,4.773073792019731,True,True,True,registered,registered_to_global_track,True
d5_cv_5v5_multicamera_formal_20260716_yolo_bytetrack:0040:D5_Primary_3:0,10.0,INT-03,D5_Primary_3:0,D5_Primary_3:0/yolov8_bytetrack:track:1,G-105,G-103,65.78057673941218,578.195379925168,False,False,False,rejected,geometry_gate_rejected,
d5_cv_5v5_multicamera_formal_20260716_yolo_bytetrack:0040:D5_Primary_3:0,10.0,INT-03,D5_Primary_3:0,D5_Primary_3:0/yolov8_bytetrack:track:49,G-105,G-105,0.03037217476887892,12.41913677556617,True,True,True,registered,registered_to_global_track,True
d5_cv_5v5_multicamera_formal_20260716_yolo_bytetrack:0040:D5_Primary_3:0,10.0,INT-03,D5_Primary_3:0,D5_Primary_3:0/yolov8_bytetrack:track:12,G-105,G-104,15.405895579149732,279.8137822770304,True,False,False,candidate,,
d5_cv_5v5_multicamera_formal_20260716_yolo_bytetrack:0040:D5_Primary_4:0,10.0,INT-04,D5_Primary_4:0,D5_Primary_4:0/yolov8_bytetrack:track:1,G-101,G-104,165.57349262241058,922.4106115480442,False,False,False,rejected,geometry_gate_rejected,
d5_cv_5v5_multicamera_formal_20260716_yolo_bytetrack:0040:D5_Primary_4:0,10.0,INT-04,D5_Primary_4:0,D5_Primary_4:0/yolov8_bytetrack:track:7,G-101,G-105,294.53810179900023,1230.2676862033488,False,False,False,rejected,geometry_gate_rejected,
d5_cv_5v5_multicamera_formal_20260716_yolo_bytetrack:0040:D5_Primary_4:0,10.0,INT-04,D5_Primary_4:0,D5_Primary_4:0/yolov8_bytetrack:track:1,G-102,G-104,75.41707512025931,620.516494967973,False,False,False,rejected,geometry_gate_rejected,
d5_cv_5v5_multicamera_formal_20260716_yolo_bytetrack:0040:D5_Primary_4:0,10.0,INT-04,D5_Primary_4:0,D5_Primary_4:0/yolov8_bytetrack:track:7,G-102,G-105,168.79611364691235,928.3241533941309,False,False,False,rejected,geometry_gate_rejected,
d5_cv_5v5_multicamera_formal_20260716_yolo_bytetrack:0040:D5_Primary_4:0,10.0,INT-04,D5_Primary_4:0,D5_Primary_4:0/yolov8_bytetrack:track:1,G-103,G-104,17.013175914416625,294.0047172934641,False,False,False,rejected,geometry_gate_rejected,
d5_cv_5v5_multicamera_formal_20260716_yolo_bytetrack:0040:D5_Primary_4:0,10.0,INT-04,D5_Primary_4:0,D5_Primary_4:0/yolov8_bytetrack:track:7,G-103,G-105,71.2776973840929,601.7808568531357,False,False,False,rejected,geometry_gate_rejected,
d5_cv_5v5_multicamera_formal_20260716_yolo_bytetrack:0040:D5_Primary_4:0,10.0,INT-04,D5_Primary_4:0,D5_Primary_4:0/yolov8_bytetrack:track:1,G-104,G-104,0.005178451425843259,5.125926572280069,True,True,True,registered,registered_to_global_track,True
d5_cv_5v5_multicamera_formal_20260716_yolo_bytetrack:0040:D5_Primary_4:0,10.0,INT-04,D5_Primary_4:0,D5_Primary_4:0/yolov8_bytetrack:track:7,G-104,G-105,18.159119309840534,303.5427132076556,False,False,False,rejected,geometry_gate_rejected,
d5_cv_5v5_multicamera_formal_20260716_yolo_bytetrack:0040:D5_Primary_4:0,10.0,INT-04,D5_Primary_4:0,D5_Primary_4:0/yolov8_bytetrack:track:1,G-105,G-104,17.20982520905156,295.5739522338858,False,False,False,rejected,geometry_gate_rejected,
d5_cv_5v5_multicamera_formal_20260716_yolo_bytetrack:0040:D5_Primary_4:0,10.0,INT-04,D5_Primary_4:0,D5_Primary_4:0/yolov8_bytetrack:track:7,G-105,G-105,0.03554332493217525,13.431224280914554,True,True,True,registered,registered_to_global_track,True
d5_cv_5v5_multicamera_formal_20260716_yolo_bytetrack:0040:D5_Primary_5:0,10.0,INT-05,D5_Primary_5:0,D5_Primary_5:0/yolov8_bytetrack:track:1,G-101,G-105,,1178.917583716336,False,False,False,rejected,projection_invalid,
d5_cv_5v5_multicamera_formal_20260716_yolo_bytetrack:0040:D5_Primary_5:0,10.0,INT-05,D5_Primary_5:0,D5_Primary_5:0/yolov8_bytetrack:track:1,G-102,G-105,158.04521455347785,899.6349059352895,False,False,False,rejected,geometry_gate_rejected,
d5_cv_5v5_multicamera_formal_20260716_yolo_bytetrack:0040:D5_Primary_5:0,10.0,INT-05,D5_Primary_5:0,D5_Primary_5:0/yolov8_bytetrack:track:1,G-103,G-105,67.72456850519326,587.1929015027606,False,False,False,rejected,geometry_gate_rejected,
d5_cv_5v5_multicamera_formal_20260716_yolo_bytetrack:0040:D5_Primary_5:0,10.0,INT-05,D5_Primary_5:0,D5_Primary_5:0/yolov8_bytetrack:track:1,G-104,G-105,17.464444868023463,297.781755086997,False,False,False,rejected,geometry_gate_rejected,
d5_cv_5v5_multicamera_formal_20260716_yolo_bytetrack:0040:D5_Primary_5:0,10.0,INT-05,D5_Primary_5:0,D5_Primary_5:0/yolov8_bytetrack:track:1,G-105,G-105,0.016263188118146234,9.082156474319401,True,True,True,registered,registered_to_global_track,True
d5_cv_5v5_multicamera_formal_20260716_yolo_bytetrack:0040:D5_Recon_1:0,10.0,RECON-01,D5_Recon_1:0,D5_Recon_1:0:det:0001,G-101,G-101,0.00013329579035704158,1.6023511434020687,True,True,True,registered,registered_to_global_track,True
d5_cv_5v5_multicamera_formal_20260716_yolo_bytetrack:0040:D5_Recon_1:0,10.0,RECON-01,D5_Recon_1:0,D5_Recon_1:0:det:0002,G-101,G-102,3.8667812384182745,272.9155863451719,True,False,False,candidate,,
d5_cv_5v5_multicamera_formal_20260716_yolo_bytetrack:0040:D5_Recon_1:0,10.0,RECON-01,D5_Recon_1:0,D5_Recon_1:0:det:0003,G-101,G-103,15.536214332150875,547.0488883624115,True,False,False,candidate,,
d5_cv_5v5_multicamera_formal_20260716_yolo_bytetrack:0040:D5_Recon_1:0,10.0,RECON-01,D5_Recon_1:0,D5_Recon_1:0:det:0004,G-101,G-104,34.94429171765057,820.4302389989217,False,False,False,rejected,geometry_gate_rejected,
d5_cv_5v5_multicamera_formal_20260716_yolo_bytetrack:0040:D5_Recon_1:0,10.0,RECON-01,D5_Recon_1:0,D5_Recon_1:0:det:0005,G-101,G-105,61.98129070262777,1092.6569834439442,False,False,False,rejected,geometry_gate_rejected,
d5_cv_5v5_multicamera_formal_20260716_yolo_bytetrack:0040:D5_Recon_1:0,10.0,RECON-01,D5_Recon_1:0,D5_Recon_1:0:det:0001,G-102,G-101,3.7810640029005453,269.83778994747166,True,False,False,candidate,,
d5_cv_5v5_multicamera_formal_20260716_yolo_bytetrack:0040:D5_Recon_1:0,10.0,RECON-01,D5_Recon_1:0,D5_Recon_1:0:det:0002,G-102,G-102,0.002423569063593187,6.8314422373295765,True,True,True,registered,registered_to_global_track,True
d5_cv_5v5_multicamera_formal_20260716_yolo_bytetrack:0040:D5_Recon_1:0,10.0,RECON-01,D5_Recon_1:0,D5_Recon_1:0:det:0003,G-102,G-103,4.038230492703454,278.86328477533266,True,False,False,candidate,,
d5_cv_5v5_multicamera_formal_20260716_yolo_bytetrack:0040:D5_Recon_1:0,10.0,RECON-01,D5_Recon_1:0,D5_Recon_1:0:det:0004,G-102,G-104,15.835689924273197,552.2227308872112,True,False,False,candidate,,
d5_cv_5v5_multicamera_formal_20260716_yolo_bytetrack:0040:D5_Recon_1:0,10.0,RECON-01,D5_Recon_1:0,D5_Recon_1:0:det:0005,G-102,G-105,35.29628542266782,824.4423348644001,False,False,False,rejected,geometry_gate_rejected,
d5_cv_5v5_multicamera_formal_20260716_yolo_bytetrack:0040:D5_Recon_1:0,10.0,RECON-01,D5_Recon_1:0,D5_Recon_1:0:det:0001,G-103,G-101,16.209585761362433,558.6615250162844,False,False,False,rejected,geometry_gate_rejected,
d5_cv_5v5_multicamera_formal_20260716_yolo_bytetrack:0040:D5_Recon_1:0,10.0,RECON-01,D5_Recon_1:0,D5_Recon_1:0:det:0002,G-103,G-102,4.194417784479924,284.1833616976899,True,False,False,candidate,,
d5_cv_5v5_multicamera_formal_20260716_yolo_bytetrack:0040:D5_Recon_1:0,10.0,RECON-01,D5_Recon_1:0,D5_Recon_1:0:det:0003,G-103,G-103,0.005252047627705059,10.056043241443142,True,True,True,registered,registered_to_global_track,True
d5_cv_5v5_multicamera_formal_20260716_yolo_bytetrack:0040:D5_Recon_1:0,10.0,RECON-01,D5_Recon_1:0,D5_Recon_1:0:det:0004,G-103,G-104,3.601482085381993,263.33187637022183,True,False,False,candidate,,
d5_cv_5v5_multicamera_formal_20260716_yolo_bytetrack:0040:D5_Recon_1:0,10.0,RECON-01,D5_Recon_1:0,D5_Recon_1:0:det:0005,G-103,G-105,14.896636680536684,535.5585007992995,True,False,False,candidate,,
d5_cv_5v5_multicamera_formal_20260716_yolo_bytetrack:0040:D5_Recon_1:0,10.0,RECON-01,D5_Recon_1:0,D5_Recon_1:0:det:0001,G-104,G-101,35.341560831428914,824.9245668804072,False,False,False,rejected,geometry_gate_rejected,
d5_cv_5v5_multicamera_formal_20260716_yolo_bytetrack:0040:D5_Recon_1:0,10.0,RECON-01,D5_Recon_1:0,D5_Recon_1:0:det:0002,G-104,G-102,15.736166685095332,550.4537687530911,True,False,False,candidate,,
d5_cv_5v5_multicamera_formal_20260716_yolo_bytetrack:0040:D5_Recon_1:0,10.0,RECON-01,D5_Recon_1:0,D5_Recon_1:0:det:0003,G-104,G-103,3.9659828145012317,276.3419335194108,True,False,False,candidate,,
d5_cv_5v5_multicamera_formal_20260716_yolo_bytetrack:0040:D5_Recon_1:0,10.0,RECON-01,D5_Recon_1:0,D5_Recon_1:0:det:0004,G-104,G-104,0.0016847626040103825,5.695417675797645,True,True,True,registered,registered_to_global_track,True
d5_cv_5v5_multicamera_formal_20260716_yolo_bytetrack:0040:D5_Recon_1:0,10.0,RECON-01,D5_Recon_1:0,D5_Recon_1:0:det:0005,G-104,G-105,3.767958441313621,269.35460270564295,True,False,False,candidate,,
d5_cv_5v5_multicamera_formal_20260716_yolo_bytetrack:0040:D5_Recon_1:0,10.0,RECON-01,D5_Recon_1:0,D5_Recon_1:0:det:0001,G-105,G-101,61.43139887418947,1087.736343416149,False,False,False,rejected,geometry_gate_rejected,
d5_cv_5v5_multicamera_formal_20260716_yolo_bytetrack:0040:D5_Recon_1:0,10.0,RECON-01,D5_Recon_1:0,D5_Recon_1:0:det:0002,G-105,G-102,34.34000741747839,813.2585341211128,False,False,False,rejected,geometry_gate_rejected,
d5_cv_5v5_multicamera_formal_20260716_yolo_bytetrack:0040:D5_Recon_1:0,10.0,RECON-01,D5_Recon_1:0,D5_Recon_1:0:det:0003,G-105,G-103,15.091205008104302,539.1261486672814,True,False,False,candidate,,
d5_cv_5v5_multicamera_formal_20260716_yolo_bytetrack:0040:D5_Recon_1:0,10.0,RECON-01,D5_Recon_1:0,D5_Recon_1:0:det:0004,G-105,G-104,3.6667611805776392,265.7478430446006,True,False,False,candidate,,
d5_cv_5v5_multicamera_formal_20260716_yolo_bytetrack:0040:D5_Recon_1:0,10.0,RECON-01,D5_Recon_1:0,D5_Recon_1:0:det:0005,G-105,G-105,0.0023442128606168022,6.719258815987053,True,True,True,registered,registered_to_global_track,True
d5_cv_5v5_multicamera_formal_20260716_yolo_bytetrack:0041:D5_Primary_1:0,10.25,INT-01,D5_Primary_1:0,D5_Primary_1:0/yolov8_bytetrack:track:1,G-101,G-101,0.012269015328639298,7.889194497765922,True,True,True,registered,registered_to_global_track,True
d5_cv_5v5_multicamera_formal_20260716_yolo_bytetrack:0041:D5_Primary_1:0,10.25,INT-01,D5_Primary_1:0,D5_Primary_1:0/yolov8_bytetrack:track:2,G-101,G-103,57.41547945329007,539.6875100304798,False,False,False,rejected,geometry_gate_rejected,
d5_cv_5v5_multicamera_formal_20260716_yolo_bytetrack:0041:D5_Primary_1:0,10.25,INT-01,D5_Primary_1:0,D5_Primary_1:0/yolov8_bytetrack:track:1,G-102,G-101,15.223176266234244,277.6753709087426,True,False,False,candidate,,
d5_cv_5v5_multicamera_formal_20260716_yolo_bytetrack:0041:D5_Primary_1:0,10.25,INT-01,D5_Primary_1:0,D5_Primary_1:0/yolov8_bytetrack:track:2,G-102,G-103,13.613591906507159,262.5847959248665,True,False,False,candidate,,
d5_cv_5v5_multicamera_formal_20260716_yolo_bytetrack:0041:D5_Primary_1:0,10.25,INT-01,D5_Primary_1:0,D5_Primary_1:0/yolov8_bytetrack:track:1,G-103,G-101,59.23847103027823,547.6288149019493,False,False,False,rejected,geometry_gate_rejected,
d5_cv_5v5_multicamera_formal_20260716_yolo_bytetrack:0041:D5_Primary_1:0,10.25,INT-01,D5_Primary_1:0,D5_Primary_1:0/yolov8_bytetrack:track:2,G-103,G-103,0.020580254973199125,10.200061318118962,True,True,True,registered,registered_to_global_track,True
d5_cv_5v5_multicamera_formal_20260716_yolo_bytetrack:0041:D5_Primary_1:0,10.25,INT-01,D5_Primary_1:0,D5_Primary_1:0/yolov8_bytetrack:track:1,G-104,G-101,121.41689317398915,784.443420374488,False,False,False,rejected,geometry_gate_rejected,
d5_cv_5v5_multicamera_formal_20260716_yolo_bytetrack:0041:D5_Primary_1:0,10.25,INT-01,D5_Primary_1:0,D5_Primary_1:0/yolov8_bytetrack:track:2,G-104,G-103,11.817133898007274,244.72489389525364,True,False,False,candidate,,
d5_cv_5v5_multicamera_formal_20260716_yolo_bytetrack:0041:D5_Primary_1:0,10.25,INT-01,D5_Primary_1:0,D5_Primary_1:0/yolov8_bytetrack:track:1,G-105,G-101,,994.8933546110835,False,False,False,rejected,projection_invalid,
d5_cv_5v5_multicamera_formal_20260716_yolo_bytetrack:0041:D5_Primary_1:0,10.25,INT-01,D5_Primary_1:0,D5_Primary_1:0/yolov8_bytetrack:track:2,G-105,G-103,,455.1731986288974,False,False,False,rejected,projection_invalid,
d5_cv_5v5_multicamera_formal_20260716_yolo_bytetrack:0041:D5_Primary_2:0,10.25,INT-02,D5_Primary_2:0,D5_Primary_2:0/yolov8_bytetrack:track:1,G-101,G-102,18.37276181049905,305.85068290811057,False,False,False,rejected,geometry_gate_rejected,
d5_cv_5v5_multicamera_formal_20260716_yolo_bytetrack:0041:D5_Primary_2:0,10.25,INT-02,D5_Primary_2:0,D5_Primary_2:0/yolov8_bytetrack:track:2,G-101,G-101,0.03203183276092403,12.767346623171479,True,True,True,registered,registered_to_global_track,True
d5_cv_5v5_multicamera_formal_20260716_yolo_bytetrack:0041:D5_Primary_2:0,10.25,INT-02,D5_Primary_2:0,D5_Primary_2:0/yolov8_bytetrack:track:1,G-102,G-102,0.043444271378569994,14.848537763982911,True,True,True,registered,registered_to_global_track,True
d5_cv_5v5_multicamera_formal_20260716_yolo_bytetrack:0041:D5_Primary_2:0,10.25,INT-02,D5_Primary_2:0,D5_Primary_2:0/yolov8_bytetrack:track:2,G-102,G-101,19.030817169529186,310.7747295204767,False,False,False,rejected,geometry_gate_rejected,
d5_cv_5v5_multicamera_formal_20260716_yolo_bytetrack:0041:D5_Primary_2:0,10.25,INT-02,D5_Primary_2:0,D5_Primary_2:0/yolov8_bytetrack:track:1,G-103,G-102,17.435924175125507,297.2676227867957,False,False,False,rejected,geometry_gate_rejected,
d5_cv_5v5_multicamera_formal_20260716_yolo_bytetrack:0041:D5_Primary_2:0,10.25,INT-02,D5_Primary_2:0,D5_Primary_2:0/yolov8_bytetrack:track:2,G-103,G-101,74.15041135222154,613.0301989976952,False,False,False,rejected,geometry_gate_rejected,
d5_cv_5v5_multicamera_formal_20260716_yolo_bytetrack:0041:D5_Primary_2:0,10.25,INT-02,D5_Primary_2:0,D5_Primary_2:0/yolov8_bytetrack:track:1,G-104,G-102,62.934594423528566,565.0736192994353,False,False,False,rejected,geometry_gate_rejected,
d5_cv_5v5_multicamera_formal_20260716_yolo_bytetrack:0041:D5_Primary_2:0,10.25,INT-02,D5_Primary_2:0,D5_Primary_2:0/yolov8_bytetrack:track:2,G-104,G-101,152.9490208735973,880.9143148286282,False,False,False,rejected,geometry_gate_rejected,
d5_cv_5v5_multicamera_formal_20260716_yolo_bytetrack:0041:D5_Primary_2:0,10.25,INT-02,D5_Primary_2:0,D5_Primary_2:0/yolov8_bytetrack:track:1,G-105,G-102,129.13816572792436,810.1225292840759,False,False,False,rejected,geometry_gate_rejected,
d5_cv_5v5_multicamera_formal_20260716_yolo_bytetrack:0041:D5_Primary_2:0,10.25,INT-02,D5_Primary_2:0,D5_Primary_2:0/yolov8_bytetrack:track:2,G-105,G-101,249.45878907810194,1125.9596052282368,False,False,False,rejected,geometry_gate_rejected,
d5_cv_5v5_multicamera_formal_20260716_yolo_bytetrack:0041:D5_Primary_3:0,10.25,INT-03,D5_Primary_3:0,D5_Primary_3:0/yolov8_bytetrack:track:1,G-101,G-103,74.86835534991945,618.8056842386419,False,False,False,rejected,geometry_gate_rejected,
d5_cv_5v5_multicamera_formal_20260716_yolo_bytetrack:0041:D5_Primary_3:0,10.25,INT-03,D5_Primary_3:0,D5_Primary_3:0/yolov8_bytetrack:track:49,G-101,G-105,281.26218155340865,1199.3910260233285,False,False,False,rejected,geometry_gate_rejected,
d5_cv_5v5_multicamera_formal_20260716_yolo_bytetrack:0041:D5_Primary_3:0,10.25,INT-03,D5_Primary_3:0,D5_Primary_3:0/yolov8_bytetrack:track:2,G-101,G-102,17.936892875200435,302.8855127359804,False,False,False,rejected,geometry_gate_rejected,
d5_cv_5v5_multicamera_formal_20260716_yolo_bytetrack:0041:D5_Primary_3:0,10.25,INT-03,D5_Primary_3:0,D5_Primary_3:0/yolov8_bytetrack:track:1,G-102,G-103,19.043484197117284,311.28277283689033,False,False,False,rejected,geometry_gate_rejected,
d5_cv_5v5_multicamera_formal_20260716_yolo_bytetrack:0041:D5_Primary_3:0,10.25,INT-03,D5_Primary_3:0,D5_Primary_3:0/yolov8_bytetrack:track:49,G-102,G-105,156.26268166091222,891.6806028669262,False,False,False,rejected,geometry_gate_rejected,
d5_cv_5v5_multicamera_formal_20260716_yolo_bytetrack:0041:D5_Primary_3:0,10.25,INT-03,D5_Primary_3:0,D5_Primary_3:0/yolov8_bytetrack:track:2,G-102,G-102,0.042319721431197284,14.66509312842909,True,True,True,registered,registered_to_global_track,True
d5_cv_5v5_multicamera_formal_20260716_yolo_bytetrack:0041:D5_Primary_3:0,10.25,INT-03,D5_Primary_3:0,D5_Primary_3:0/yolov8_bytetrack:track:1,G-103,G-103,0.03902885894084352,14.070689050023292,True,True,True,registered,registered_to_global_track,True
d5_cv_5v5_multicamera_formal_20260716_yolo_bytetrack:0041:D5_Primary_3:0,10.25,INT-03,D5_Primary_3:0,D5_Primary_3:0/yolov8_bytetrack:track:49,G-103,G-105,64.16460566708453,570.5188381663794,False,False,False,rejected,geometry_gate_rejected,
d5_cv_5v5_multicamera_formal_20260716_yolo_bytetrack:0041:D5_Primary_3:0,10.25,INT-03,D5_Primary_3:0,D5_Primary_3:0/yolov8_bytetrack:track:2,G-103,G-102,20.9853745154277,326.27260499547145,False,False,False,rejected,geometry_gate_rejected,
d5_cv_5v5_multicamera_formal_20260716_yolo_bytetrack:0041:D5_Primary_3:0,10.25,INT-03,D5_Primary_3:0,D5_Primary_3:0/yolov8_bytetrack:track:1,G-104,G-103,17.57690822862743,298.62908242451715,False,False,False,rejected,geometry_gate_rejected,
d5_cv_5v5_multicamera_formal_20260716_yolo_bytetrack:0041:D5_Primary_3:0,10.25,INT-03,D5_Primary_3:0,D5_Primary_3:0/yolov8_bytetrack:track:49,G-104,G-105,15.674535813600903,282.00588269390556,True,False,False,candidate,,
d5_cv_5v5_multicamera_formal_20260716_yolo_bytetrack:0041:D5_Primary_3:0,10.25,INT-03,D5_Primary_3:0,D5_Primary_3:0/yolov8_bytetrack:track:2,G-104,G-102,74.44715509543606,614.5891865407242,False,False,False,rejected,geometry_gate_rejected,
d5_cv_5v5_multicamera_formal_20260716_yolo_bytetrack:0041:D5_Primary_3:0,10.25,INT-03,D5_Primary_3:0,D5_Primary_3:0/yolov8_bytetrack:track:1,G-105,G-103,64.15808907810212,570.9729211609231,False,False,False,rejected,geometry_gate_rejected,
d5_cv_5v5_multicamera_formal_20260716_yolo_bytetrack:0041:D5_Primary_3:0,10.25,INT-03,D5_Primary_3:0,D5_Primary_3:0/yolov8_bytetrack:track:49,G-105,G-105,0.02370339650410868,10.969555161460097,True,True,True,registered,registered_to_global_track,True
d5_cv_5v5_multicamera_formal_20260716_yolo_bytetrack:0041:D5_Primary_3:0,10.25,INT-03,D5_Primary_3:0,D5_Primary_3:0/yolov8_bytetrack:track:2,G-105,G-102,154.8093767962122,886.9281409603741,False,False,False,rejected,geometry_gate_rejected,
d5_cv_5v5_multicamera_formal_20260716_yolo_bytetrack:0041:D5_Primary_4:0,10.25,INT-04,D5_Primary_4:0,D5_Primary_4:0/yolov8_bytetrack:track:1,G-101,G-104,162.2266830912218,912.9730146593113,False,False,False,rejected,geometry_gate_rejected,
d5_cv_5v5_multicamera_formal_20260716_yolo_bytetrack:0041:D5_Primary_4:0,10.25,INT-04,D5_Primary_4:0,D5_Primary_4:0/yolov8_bytetrack:track:7,G-101,G-105,287.59999880163383,1215.601507088772,False,False,False,rejected,geometry_gate_rejected,
d5_cv_5v5_multicamera_formal_20260716_yolo_bytetrack:0041:D5_Primary_4:0,10.25,INT-04,D5_Primary_4:0,D5_Primary_4:0/yolov8_bytetrack:track:1,G-102,G-104,73.8575999991622,614.0495597501906,False,False,False,rejected,geometry_gate_rejected,
d5_cv_5v5_multicamera_formal_20260716_yolo_bytetrack:0041:D5_Primary_4:0,10.25,INT-04,D5_Primary_4:0,D5_Primary_4:0/yolov8_bytetrack:track:7,G-102,G-105,164.58149589101674,916.6346707927142,False,False,False,rejected,geometry_gate_rejected,
d5_cv_5v5_multicamera_formal_20260716_yolo_bytetrack:0041:D5_Primary_4:0,10.25,INT-04,D5_Primary_4:0,D5_Primary_4:0/yolov8_bytetrack:track:1,G-103,G-104,16.632885385730283,290.69983525205663,False,False,False,rejected,geometry_gate_rejected,
d5_cv_5v5_multicamera_formal_20260716_yolo_bytetrack:0041:D5_Primary_4:0,10.25,INT-04,D5_Primary_4:0,D5_Primary_4:0/yolov8_bytetrack:track:7,G-103,G-105,69.27230999918066,593.2541207105271,False,False,False,rejected,geometry_gate_rejected,
d5_cv_5v5_multicamera_formal_20260716_yolo_bytetrack:0041:D5_Primary_4:0,10.25,INT-04,D5_Primary_4:0,D5_Primary_4:0/yolov8_bytetrack:track:1,G-104,G-104,0.005128390484585949,5.101088855681032,True,True,True,registered,registered_to_global_track,True
d5_cv_5v5_multicamera_formal_20260716_yolo_bytetrack:0041:D5_Primary_4:0,10.25,INT-04,D5_Primary_4:0,D5_Primary_4:0/yolov8_bytetrack:track:7,G-104,G-105,17.53981227319238,298.3216749977534,False,False,False,rejected,geometry_gate_rejected,
d5_cv_5v5_multicamera_formal_20260716_yolo_bytetrack:0041:D5_Primary_4:0,10.25,INT-04,D5_Primary_4:0,D5_Primary_4:0/yolov8_bytetrack:track:1,G-105,G-104,16.811271087174806,292.12396726945144,False,False,False,rejected,geometry_gate_rejected,
d5_cv_5v5_multicamera_formal_20260716_yolo_bytetrack:0041:D5_Primary_4:0,10.25,INT-04,D5_Primary_4:0,D5_Primary_4:0/yolov8_bytetrack:track:7,G-105,G-105,0.029006793090184852,12.132623314115822,True,True,True,registered,registered_to_global_track,True
d5_cv_5v5_multicamera_formal_20260716_yolo_bytetrack:0041:D5_Primary_5:0,10.25,INT-05,D5_Primary_5:0,D5_Primary_5:0/yolov8_bytetrack:track:1,G-101,G-105,,1167.373691363335,False,False,False,rejected,projection_invalid,
d5_cv_5v5_multicamera_formal_20260716_yolo_bytetrack:0041:D5_Primary_5:0,10.25,INT-05,D5_Primary_5:0,D5_Primary_5:0/yolov8_bytetrack:track:1,G-102,G-105,154.99422895294353,890.8385232051997,False,False,False,rejected,geometry_gate_rejected,
d5_cv_5v5_multicamera_formal_20260716_yolo_bytetrack:0041:D5_Primary_5:0,10.25,INT-05,D5_Primary_5:0,D5_Primary_5:0/yolov8_bytetrack:track:1,G-103,G-105,66.38797629675781,581.351775900619,False,False,False,rejected,geometry_gate_rejected,
d5_cv_5v5_multicamera_formal_20260716_yolo_bytetrack:0041:D5_Primary_5:0,10.25,INT-05,D5_Primary_5:0,D5_Primary_5:0/yolov8_bytetrack:track:1,G-104,G-105,17.14402065135075,295.0360490451907,False,False,False,rejected,geometry_gate_rejected,
d5_cv_5v5_multicamera_formal_20260716_yolo_bytetrack:0041:D5_Primary_5:0,10.25,INT-05,D5_Primary_5:0,D5_Primary_5:0/yolov8_bytetrack:track:1,G-105,G-105,0.01627366550705831,9.085080932725958,True,True,True,registered,registered_to_global_track,True
d5_cv_5v5_multicamera_formal_20260716_yolo_bytetrack:0041:D5_Recon_1:0,10.25,RECON-01,D5_Recon_1:0,D5_Recon_1:0:det:0001,G-101,G-101,0.0001368842538500701,1.62376426101579,True,True,True,registered,registered_to_global_track,True
d5_cv_5v5_multicamera_formal_20260716_yolo_bytetrack:0041:D5_Recon_1:0,10.25,RECON-01,D5_Recon_1:0,D5_Recon_1:0:det:0002,G-101,G-102,3.7785511560638017,269.7820270469206,True,False,False,candidate,,
d5_cv_5v5_multicamera_formal_20260716_yolo_bytetrack:0041:D5_Recon_1:0,10.25,RECON-01,D5_Recon_1:0,D5_Recon_1:0:det:0003,G-101,G-103,15.182130817860847,540.7751482348667,True,False,False,candidate,,
d5_cv_5v5_multicamera_formal_20260716_yolo_bytetrack:0041:D5_Recon_1:0,10.25,RECON-01,D5_Recon_1:0,D5_Recon_1:0:det:0004,G-101,G-104,34.14509560191459,810.9881845715059,False,False,False,rejected,geometry_gate_rejected,
d5_cv_5v5_multicamera_formal_20260716_yolo_bytetrack:0041:D5_Recon_1:0,10.25,RECON-01,D5_Recon_1:0,D5_Recon_1:0:det:0001,G-102,G-101,3.6944534952242263,266.72818917221434,True,False,False,candidate,,
d5_cv_5v5_multicamera_formal_20260716_yolo_bytetrack:0041:D5_Recon_1:0,10.25,RECON-01,D5_Recon_1:0,D5_Recon_1:0:det:0002,G-102,G-102,0.00239237124380518,6.787305707736911,True,True,True,registered,registered_to_global_track,True
d5_cv_5v5_multicamera_formal_20260716_yolo_bytetrack:0041:D5_Recon_1:0,10.25,RECON-01,D5_Recon_1:0,D5_Recon_1:0:det:0003,G-102,G-103,3.947666488285241,275.71733452506237,True,False,False,candidate,,
d5_cv_5v5_multicamera_formal_20260716_yolo_bytetrack:0041:D5_Recon_1:0,10.25,RECON-01,D5_Recon_1:0,D5_Recon_1:0:det:0004,G-102,G-104,15.475773713890371,545.9087146075764,True,False,False,candidate,,
d5_cv_5v5_multicamera_formal_20260716_yolo_bytetrack:0041:D5_Recon_1:0,10.25,RECON-01,D5_Recon_1:0,D5_Recon_1:0:det:0001,G-103,G-101,15.848709558326451,552.4055872421146,True,False,False,candidate,,
d5_cv_5v5_multicamera_formal_20260716_yolo_bytetrack:0041:D5_Recon_1:0,10.25,RECON-01,D5_Recon_1:0,D5_Recon_1:0:det:0002,G-103,G-102,4.102225958061057,281.04178712211774,True,False,False,candidate,,
d5_cv_5v5_multicamera_formal_20260716_yolo_bytetrack:0041:D5_Recon_1:0,10.25,RECON-01,D5_Recon_1:0,D5_Recon_1:0:det:0003,G-103,G-103,0.005250408188130666,10.054434366620242,True,True,True,registered,registered_to_global_track,True
d5_cv_5v5_multicamera_formal_20260716_yolo_bytetrack:0041:D5_Recon_1:0,10.25,RECON-01,D5_Recon_1:0,D5_Recon_1:0:det:0004,G-103,G-104,3.5154050757021014,260.16495593030277,True,False,False,candidate,,
d5_cv_5v5_multicamera_formal_20260716_yolo_bytetrack:0041:D5_Recon_1:0,10.25,RECON-01,D5_Recon_1:0,D5_Recon_1:0:det:0001,G-104,G-101,34.53751139254006,815.482235275073,False,False,False,rejected,geometry_gate_rejected,
d5_cv_5v5_multicamera_formal_20260716_yolo_bytetrack:0041:D5_Recon_1:0,10.25,RECON-01,D5_Recon_1:0,D5_Recon_1:0:det:0002,G-104,G-102,15.376617576145025,544.1258921275581,True,False,False,candidate,,
d5_cv_5v5_multicamera_formal_20260716_yolo_bytetrack:0041:D5_Recon_1:0,10.25,RECON-01,D5_Recon_1:0,D5_Recon_1:0:det:0003,G-104,G-103,3.8750619567478144,273.1544706569056,True,False,False,candidate,,
d5_cv_5v5_multicamera_formal_20260716_yolo_bytetrack:0041:D5_Recon_1:0,10.25,RECON-01,D5_Recon_1:0,D5_Recon_1:0:det:0004,G-104,G-104,0.0016780329749616785,5.684004248494987,True,True,True,registered,registered_to_global_track,True
d5_cv_5v5_multicamera_formal_20260716_yolo_bytetrack:0041:D5_Recon_1:0,10.25,RECON-01,D5_Recon_1:0,D5_Recon_1:0:det:0001,G-105,G-101,60.01502716596864,1075.1135140925028,False,False,False,rejected,geometry_gate_rejected,
d5_cv_5v5_multicamera_formal_20260716_yolo_bytetrack:0041:D5_Recon_1:0,10.25,RECON-01,D5_Recon_1:0,D5_Recon_1:0:det:0002,G-105,G-102,33.542346406880405,803.7500952387094,False,False,False,rejected,geometry_gate_rejected,
d5_cv_5v5_multicamera_formal_20260716_yolo_bytetrack:0041:D5_Recon_1:0,10.25,RECON-01,D5_Recon_1:0,D5_Recon_1:0:det:0003,G-105,G-103,14.73707267955789,532.757939019843,True,False,False,candidate,,
d5_cv_5v5_multicamera_formal_20260716_yolo_bytetrack:0041:D5_Recon_1:0,10.25,RECON-01,D5_Recon_1:0,D5_Recon_1:0:det:0004,G-105,G-104,3.579061743255993,262.54811918336134,True,False,False,candidate,,
d5_cv_5v5_multicamera_formal_20260716_yolo_bytetrack:0042:D5_Primary_1:0,10.5,INT-01,D5_Primary_1:0,D5_Primary_1:0/yolov8_bytetrack:track:1,G-101,G-101,0.013407214004568326,8.24701033711648,True,True,True,registered,registered_to_global_track,True
d5_cv_5v5_multicamera_formal_20260716_yolo_bytetrack:0042:D5_Primary_1:0,10.5,INT-01,D5_Primary_1:0,D5_Primary_1:0/yolov8_bytetrack:track:2,G-101,G-103,55.72522267278805,531.6835247933248,False,False,False,rejected,geometry_gate_rejected,
d5_cv_5v5_multicamera_formal_20260716_yolo_bytetrack:0042:D5_Primary_1:0,10.5,INT-01,D5_Primary_1:0,D5_Primary_1:0/yolov8_bytetrack:track:1,G-102,G-101,14.866660530870032,274.3953181469448,True,False,False,candidate,,
d5_cv_5v5_multicamera_formal_20260716_yolo_bytetrack:0042:D5_Primary_1:0,10.5,INT-01,D5_Primary_1:0,D5_Primary_1:0/yolov8_bytetrack:track:2,G-102,G-103,13.175931296678142,258.32055811592335,True,False,False,candidate,,
d5_cv_5v5_multicamera_formal_20260716_yolo_bytetrack:0042:D5_Primary_1:0,10.5,INT-01,D5_Primary_1:0,D5_Primary_1:0/yolov8_bytetrack:track:1,G-103,G-101,57.73543745912651,540.590035883805,False,False,False,rejected,geometry_gate_rejected,
d5_cv_5v5_multicamera_formal_20260716_yolo_bytetrack:0042:D5_Primary_1:0,10.5,INT-01,D5_Primary_1:0,D5_Primary_1:0/yolov8_bytetrack:track:2,G-103,G-103,0.023742517737680876,10.954919069373126,True,True,True,registered,registered_to_global_track,True
d5_cv_5v5_multicamera_formal_20260716_yolo_bytetrack:0042:D5_Primary_1:0,10.5,INT-01,D5_Primary_1:0,D5_Primary_1:0/yolov8_bytetrack:track:1,G-104,G-101,118.14913863133988,773.6979155559234,False,False,False,rejected,geometry_gate_rejected,
d5_cv_5v5_multicamera_formal_20260716_yolo_bytetrack:0042:D5_Primary_1:0,10.5,INT-01,D5_Primary_1:0,D5_Primary_1:0/yolov8_bytetrack:track:2,G-104,G-103,11.517897147105232,241.5698607790021,True,False,False,candidate,,
d5_cv_5v5_multicamera_formal_20260716_yolo_bytetrack:0042:D5_Primary_1:0,10.5,INT-01,D5_Primary_1:0,D5_Primary_1:0/yolov8_bytetrack:track:1,G-105,G-101,,980.5738741770108,False,False,False,rejected,projection_invalid,
d5_cv_5v5_multicamera_formal_20260716_yolo_bytetrack:0042:D5_Primary_1:0,10.5,INT-01,D5_Primary_1:0,D5_Primary_1:0/yolov8_bytetrack:track:2,G-105,G-103,,448.44640128998464,False,False,False,rejected,projection_invalid,
d5_cv_5v5_multicamera_formal_20260716_yolo_bytetrack:0042:D5_Primary_2:0,10.5,INT-02,D5_Primary_2:0,D5_Primary_2:0/yolov8_bytetrack:track:1,G-101,G-102,17.911736055004543,301.98727564225857,False,False,False,rejected,geometry_gate_rejected,
d5_cv_5v5_multicamera_formal_20260716_yolo_bytetrack:0042:D5_Primary_2:0,10.5,INT-02,D5_Primary_2:0,D5_Primary_2:0/yolov8_bytetrack:track:3,G-101,,144.32050805614202,857.2031848426604,False,False,False,rejected,geometry_gate_rejected,
d5_cv_5v5_multicamera_formal_20260716_yolo_bytetrack:0042:D5_Primary_2:0,10.5,INT-02,D5_Primary_2:0,D5_Primary_2:0/yolov8_bytetrack:track:5,G-101,G-103,67.87167325885333,587.8466581161362,False,False,False,rejected,geometry_gate_rejected,
d5_cv_5v5_multicamera_formal_20260716_yolo_bytetrack:0042:D5_Primary_2:0,10.5,INT-02,D5_Primary_2:0,D5_Primary_2:0/yolov8_bytetrack:track:38,G-101,G-101,0.0215256682574925,10.462613446506511,True,True,True,registered,registered_to_global_track,True
d5_cv_5v5_multicamera_formal_20260716_yolo_bytetrack:0042:D5_Primary_2:0,10.5,INT-02,D5_Primary_2:0,D5_Primary_2:0/yolov8_bytetrack:track:1,G-102,G-102,0.04120024229045245,14.459851680831285,True,True,True,registered,registered_to_global_track,True
d5_cv_5v5_multicamera_formal_20260716_yolo_bytetrack:0042:D5_Primary_2:0,10.5,INT-02,D5_Primary_2:0,D5_Primary_2:0/yolov8_bytetrack:track:3,G-102,,61.908738163731485,560.5179244146674,False,False,False,rejected,geometry_gate_rejected,
d5_cv_5v5_multicamera_formal_20260716_yolo_bytetrack:0042:D5_Primary_2:0,10.5,INT-02,D5_Primary_2:0,D5_Primary_2:0/yolov8_bytetrack:track:5,G-102,G-103,16.71865857734067,291.2824006636972,False,False,False,rejected,geometry_gate_rejected,
d5_cv_5v5_multicamera_formal_20260716_yolo_bytetrack:0042:D5_Primary_2:0,10.5,INT-02,D5_Primary_2:0,D5_Primary_2:0/yolov8_bytetrack:track:38,G-102,G-101,17.750257540495745,300.13445541619427,False,False,False,rejected,geometry_gate_rejected,
d5_cv_5v5_multicamera_formal_20260716_yolo_bytetrack:0042:D5_Primary_2:0,10.5,INT-02,D5_Primary_2:0,D5_Primary_2:0/yolov8_bytetrack:track:1,G-103,G-102,17.041744350202812,293.87718057478037,False,False,False,rejected,geometry_gate_rejected,
d5_cv_5v5_multicamera_formal_20260716_yolo_bytetrack:0042:D5_Primary_2:0,10.5,INT-02,D5_Primary_2:0,D5_Primary_2:0/yolov8_bytetrack:track:3,G-103,,13.513728540497926,261.6950632219453,True,False,False,candidate,,
d5_cv_5v5_multicamera_formal_20260716_yolo_bytetrack:0042:D5_Primary_2:0,10.5,INT-02,D5_Primary_2:0,D5_Primary_2:0/yolov8_bytetrack:track:5,G-103,G-103,0.026439006839983376,11.571882677385354,True,True,True,registered,registered_to_global_track,True
d5_cv_5v5_multicamera_formal_20260716_yolo_bytetrack:0042:D5_Primary_2:0,10.5,INT-02,D5_Primary_2:0,D5_Primary_2:0/yolov8_bytetrack:track:38,G-103,G-101,70.71544002667707,598.640303937874,False,False,False,rejected,geometry_gate_rejected,
d5_cv_5v5_multicamera_formal_20260716_yolo_bytetrack:0042:D5_Primary_2:0,10.5,INT-02,D5_Primary_2:0,D5_Primary_2:0/yolov8_bytetrack:track:1,G-104,G-102,61.37707541266936,557.9873482817987,False,False,False,rejected,geometry_gate_rejected,
d5_cv_5v5_multicamera_formal_20260716_yolo_bytetrack:0042:D5_Primary_2:0,10.5,INT-02,D5_Primary_2:0,D5_Primary_2:0/yolov8_bytetrack:track:3,G-104,,0.0021616098993251353,3.3092672677394215,True,True,True,registered,registered_to_global_track,
d5_cv_5v5_multicamera_formal_20260716_yolo_bytetrack:0042:D5_Primary_2:0,10.5,INT-02,D5_Primary_2:0,D5_Primary_2:0/yolov8_bytetrack:track:5,G-104,G-103,14.592401171535672,272.07248729101497,True,False,False,candidate,,
d5_cv_5v5_multicamera_formal_20260716_yolo_bytetrack:0042:D5_Primary_2:0,10.5,INT-02,D5_Primary_2:0,D5_Primary_2:0/yolov8_bytetrack:track:38,G-104,G-101,146.74672954252674,862.7907239052886,False,False,False,rejected,geometry_gate_rejected,
d5_cv_5v5_multicamera_formal_20260716_yolo_bytetrack:0042:D5_Primary_2:0,10.5,INT-02,D5_Primary_2:0,D5_Primary_2:0/yolov8_bytetrack:track:1,G-105,G-102,125.7715806473556,799.3669010045556,False,False,False,rejected,geometry_gate_rejected,
d5_cv_5v5_multicamera_formal_20260716_yolo_bytetrack:0042:D5_Primary_2:0,10.5,INT-02,D5_Primary_2:0,D5_Primary_2:0/yolov8_bytetrack:track:3,G-105,,11.729437173970666,244.11425984524038,True,False,False,candidate,,
d5_cv_5v5_multicamera_formal_20260716_yolo_bytetrack:0042:D5_Primary_2:0,10.5,INT-02,D5_Primary_2:0,D5_Primary_2:0/yolov8_bytetrack:track:5,G-105,G-103,51.89139607034529,513.4552039679119,False,False,False,rejected,geometry_gate_rejected,
d5_cv_5v5_multicamera_formal_20260716_yolo_bytetrack:0042:D5_Primary_2:0,10.5,INT-02,D5_Primary_2:0,D5_Primary_2:0/yolov8_bytetrack:track:38,G-105,G-101,239.97341605146238,1104.1713334353926,False,False,False,rejected,geometry_gate_rejected,
d5_cv_5v5_multicamera_formal_20260716_yolo_bytetrack:0042:D5_Primary_3:0,10.5,INT-03,D5_Primary_3:0,D5_Primary_3:0/yolov8_bytetrack:track:1,G-101,G-103,73.29865161277411,612.2725041232788,False,False,False,rejected,geometry_gate_rejected,
d5_cv_5v5_multicamera_formal_20260716_yolo_bytetrack:0042:D5_Primary_3:0,10.5,INT-03,D5_Primary_3:0,D5_Primary_3:0/yolov8_bytetrack:track:49,G-101,G-105,275.24445748027284,1186.4680000656563,False,False,False,rejected,geometry_gate_rejected,
d5_cv_5v5_multicamera_formal_20260716_yolo_bytetrack:0042:D5_Primary_3:0,10.5,INT-03,D5_Primary_3:0,D5_Primary_3:0/yolov8_bytetrack:track:12,G-101,G-104,159.8328346819142,904.1276692380216,False,False,False,rejected,geometry_gate_rejected,
d5_cv_5v5_multicamera_formal_20260716_yolo_bytetrack:0042:D5_Primary_3:0,10.5,INT-03,D5_Primary_3:0,D5_Primary_3:0/yolov8_bytetrack:track:1,G-102,G-103,18.640830011647214,307.97520479350476,False,False,False,rejected,geometry_gate_rejected,
d5_cv_5v5_multicamera_formal_20260716_yolo_bytetrack:0042:D5_Primary_3:0,10.5,INT-03,D5_Primary_3:0,D5_Primary_3:0/yolov8_bytetrack:track:49,G-102,G-105,152.8778585516287,881.9728547510429,False,False,False,rejected,geometry_gate_rejected,
d5_cv_5v5_multicamera_formal_20260716_yolo_bytetrack:0042:D5_Primary_3:0,10.5,INT-03,D5_Primary_3:0,D5_Primary_3:0/yolov8_bytetrack:track:12,G-102,G-104,70.67542594403652,599.6767931478431,False,False,False,rejected,geometry_gate_rejected,
d5_cv_5v5_multicamera_formal_20260716_yolo_bytetrack:0042:D5_Primary_3:0,10.5,INT-03,D5_Primary_3:0,D5_Primary_3:0/yolov8_bytetrack:track:1,G-103,G-103,0.03978059685655441,14.205561418286445,True,True,True,registered,registered_to_global_track,True
d5_cv_5v5_multicamera_formal_20260716_yolo_bytetrack:0042:D5_Primary_3:0,10.5,INT-03,D5_Primary_3:0,D5_Primary_3:0/yolov8_bytetrack:track:49,G-103,G-105,62.750092622782994,564.195630758606,False,False,False,rejected,geometry_gate_rejected,
d5_cv_5v5_multicamera_formal_20260716_yolo_bytetrack:0042:D5_Primary_3:0,10.5,INT-03,D5_Primary_3:0,D5_Primary_3:0/yolov8_bytetrack:track:12,G-103,G-104,15.668540623981599,281.9270827822228,True,False,False,candidate,,
d5_cv_5v5_multicamera_formal_20260716_yolo_bytetrack:0042:D5_Primary_3:0,10.5,INT-03,D5_Primary_3:0,D5_Primary_3:0/yolov8_bytetrack:track:1,G-104,G-103,17.160020774637164,295.05809907826387,False,False,False,rejected,geometry_gate_rejected,
d5_cv_5v5_multicamera_formal_20260716_yolo_bytetrack:0042:D5_Primary_3:0,10.5,INT-03,D5_Primary_3:0,D5_Primary_3:0/yolov8_bytetrack:track:49,G-104,G-105,15.364326742416067,279.1935403299299,True,False,False,candidate,,
d5_cv_5v5_multicamera_formal_20260716_yolo_bytetrack:0042:D5_Primary_3:0,10.5,INT-03,D5_Primary_3:0,D5_Primary_3:0/yolov8_bytetrack:track:12,G-104,G-104,0.0030333518613396486,3.9221482299854236,True,True,True,registered,registered_to_global_track,True
d5_cv_5v5_multicamera_formal_20260716_yolo_bytetrack:0042:D5_Primary_3:0,10.5,INT-03,D5_Primary_3:0,D5_Primary_3:0/yolov8_bytetrack:track:1,G-105,G-103,62.570069125170114,563.8167999761584,False,False,False,rejected,geometry_gate_rejected,
d5_cv_5v5_multicamera_formal_20260716_yolo_bytetrack:0042:D5_Primary_3:0,10.5,INT-03,D5_Primary_3:0,D5_Primary_3:0/yolov8_bytetrack:track:49,G-105,G-105,0.026809498809061954,11.66593311100983,True,True,True,registered,registered_to_global_track,True
d5_cv_5v5_multicamera_formal_20260716_yolo_bytetrack:0042:D5_Primary_3:0,10.5,INT-03,D5_Primary_3:0,D5_Primary_3:0/yolov8_bytetrack:track:12,G-105,G-104,14.557851614381441,271.9588693596068,True,False,False,candidate,,
d5_cv_5v5_multicamera_formal_20260716_yolo_bytetrack:0042:D5_Primary_4:0,10.5,INT-04,D5_Primary_4:0,D5_Primary_4:0/yolov8_bytetrack:track:1,G-101,G-104,158.92041482341884,903.5567225111764,False,False,False,rejected,geometry_gate_rejected,
d5_cv_5v5_multicamera_formal_20260716_yolo_bytetrack:0042:D5_Primary_4:0,10.5,INT-04,D5_Primary_4:0,D5_Primary_4:0/yolov8_bytetrack:track:7,G-101,G-105,281.3468143938878,1202.2272518304678,False,False,False,rejected,geometry_gate_rejected,
d5_cv_5v5_multicamera_formal_20260716_yolo_bytetrack:0042:D5_Primary_4:0,10.5,INT-04,D5_Primary_4:0,D5_Primary_4:0/yolov8_bytetrack:track:1,G-102,G-104,72.31816585562473,607.5994344857314,False,False,False,rejected,geometry_gate_rejected,
d5_cv_5v5_multicamera_formal_20260716_yolo_bytetrack:0042:D5_Primary_4:0,10.5,INT-04,D5_Primary_4:0,D5_Primary_4:0/yolov8_bytetrack:track:7,G-102,G-105,160.87337624462006,906.2242740199852,False,False,False,rejected,geometry_gate_rejected,
d5_cv_5v5_multicamera_formal_20260716_yolo_bytetrack:0042:D5_Primary_4:0,10.5,INT-04,D5_Primary_4:0,D5_Primary_4:0/yolov8_bytetrack:track:1,G-103,G-104,16.258335911987622,287.4078591534489,False,False,False,rejected,geometry_gate_rejected,
d5_cv_5v5_multicamera_formal_20260716_yolo_bytetrack:0042:D5_Primary_4:0,10.5,INT-04,D5_Primary_4:0,D5_Primary_4:0/yolov8_bytetrack:track:7,G-103,G-105,67.58918279760803,586.0020396907815,False,False,False,rejected,geometry_gate_rejected,
d5_cv_5v5_multicamera_formal_20260716_yolo_bytetrack:0042:D5_Primary_4:0,10.5,INT-04,D5_Primary_4:0,D5_Primary_4:0/yolov8_bytetrack:track:1,G-104,G-104,0.005003674722058941,5.038681287680519,True,True,True,registered,registered_to_global_track,True
d5_cv_5v5_multicamera_formal_20260716_yolo_bytetrack:0042:D5_Primary_4:0,10.5,INT-04,D5_Primary_4:0,D5_Primary_4:0/yolov8_bytetrack:track:7,G-104,G-105,17.079410617023992,294.3803293653384,False,False,False,rejected,geometry_gate_rejected,
d5_cv_5v5_multicamera_formal_20260716_yolo_bytetrack:0042:D5_Primary_4:0,10.5,INT-04,D5_Primary_4:0,D5_Primary_4:0/yolov8_bytetrack:track:1,G-105,G-104,16.416331945402575,288.6649512866812,False,False,False,rejected,geometry_gate_rejected,
d5_cv_5v5_multicamera_formal_20260716_yolo_bytetrack:0042:D5_Primary_4:0,10.5,INT-04,D5_Primary_4:0,D5_Primary_4:0/yolov8_bytetrack:track:7,G-105,G-105,0.026159666817113132,11.52159900845796,True,True,True,registered,registered_to_global_track,True
d5_cv_5v5_multicamera_formal_20260716_yolo_bytetrack:0042:D5_Primary_5:0,10.5,INT-05,D5_Primary_5:0,D5_Primary_5:0/yolov8_bytetrack:track:1,G-101,G-105,,1155.4131078537591,False,False,False,rejected,projection_invalid,
d5_cv_5v5_multicamera_formal_20260716_yolo_bytetrack:0042:D5_Primary_5:0,10.5,INT-05,D5_Primary_5:0,D5_Primary_5:0/yolov8_bytetrack:track:1,G-102,G-105,151.83078678635042,881.6295626033592,False,False,False,rejected,geometry_gate_rejected,
d5_cv_5v5_multicamera_formal_20260716_yolo_bytetrack:0042:D5_Primary_5:0,10.5,INT-05,D5_Primary_5:0,D5_Primary_5:0/yolov8_bytetrack:track:1,G-103,G-105,64.97282753644987,575.1035788863462,False,False,False,rejected,geometry_gate_rejected,
d5_cv_5v5_multicamera_formal_20260716_yolo_bytetrack:0042:D5_Primary_5:0,10.5,INT-05,D5_Primary_5:0,D5_Primary_5:0/yolov8_bytetrack:track:1,G-104,G-105,16.780326425821936,291.8879495238396,False,False,False,rejected,geometry_gate_rejected,
d5_cv_5v5_multicamera_formal_20260716_yolo_bytetrack:0042:D5_Primary_5:0,10.5,INT-05,D5_Primary_5:0,D5_Primary_5:0/yolov8_bytetrack:track:1,G-105,G-105,0.016285849775213426,9.088461870828041,True,True,True,registered,registered_to_global_track,True
d5_cv_5v5_multicamera_formal_20260716_yolo_bytetrack:0042:D5_Recon_1:0,10.5,RECON-01,D5_Recon_1:0,D5_Recon_1:0:det:0001,G-101,G-101,0.0001406028659523892,1.6456598696222002,True,True,True,registered,registered_to_global_track,True
d5_cv_5v5_multicamera_formal_20260716_yolo_bytetrack:0042:D5_Recon_1:0,10.5,RECON-01,D5_Recon_1:0,D5_Recon_1:0:det:0002,G-101,G-102,3.6914036547926363,266.65083498246713,True,False,False,candidate,,
d5_cv_5v5_multicamera_formal_20260716_yolo_bytetrack:0042:D5_Recon_1:0,10.5,RECON-01,D5_Recon_1:0,D5_Recon_1:0:det:0003,G-101,G-103,14.83241837732476,534.50671137066,True,False,False,candidate,,
d5_cv_5v5_multicamera_formal_20260716_yolo_bytetrack:0042:D5_Recon_1:0,10.5,RECON-01,D5_Recon_1:0,D5_Recon_1:0:det:0004,G-101,G-104,33.35578079632493,801.5539058319376,False,False,False,rejected,geometry_gate_rejected,
d5_cv_5v5_multicamera_formal_20260716_yolo_bytetrack:0042:D5_Recon_1:0,10.5,RECON-01,D5_Recon_1:0,D5_Recon_1:0:det:0005,G-101,G-105,59.14915461801614,1067.3858718638235,False,False,False,rejected,geometry_gate_rejected,
d5_cv_5v5_multicamera_formal_20260716_yolo_bytetrack:0042:D5_Recon_1:0,10.5,RECON-01,D5_Recon_1:0,D5_Recon_1:0:det:0001,G-102,G-101,3.608931875893077,263.62171834657926,True,False,False,candidate,,
d5_cv_5v5_multicamera_formal_20260716_yolo_bytetrack:0042:D5_Recon_1:0,10.5,RECON-01,D5_Recon_1:0,D5_Recon_1:0:det:0002,G-102,G-102,0.0023613472457737423,6.743128566115778,True,True,True,registered,registered_to_global_track,True
d5_cv_5v5_multicamera_formal_20260716_yolo_bytetrack:0042:D5_Recon_1:0,10.5,RECON-01,D5_Recon_1:0,D5_Recon_1:0:det:0003,G-102,G-103,3.858203213196514,272.5739968598936,True,False,False,candidate,,
d5_cv_5v5_multicamera_formal_20260716_yolo_bytetrack:0042:D5_Recon_1:0,10.5,RECON-01,D5_Recon_1:0,D5_Recon_1:0:det:0004,G-102,G-104,15.12027883960251,539.5997891875274,True,False,False,candidate,,
d5_cv_5v5_multicamera_formal_20260716_yolo_bytetrack:0042:D5_Recon_1:0,10.5,RECON-01,D5_Recon_1:0,D5_Recon_1:0:det:0005,G-102,G-105,33.68730439923389,805.4248042966058,False,False,False,rejected,geometry_gate_rejected,
d5_cv_5v5_multicamera_formal_20260716_yolo_bytetrack:0042:D5_Recon_1:0,10.5,RECON-01,D5_Recon_1:0,D5_Recon_1:0:det:0001,G-103,G-101,15.492222403508329,546.1554066307756,True,False,False,candidate,,
d5_cv_5v5_multicamera_formal_20260716_yolo_bytetrack:0042:D5_Recon_1:0,10.5,RECON-01,D5_Recon_1:0,D5_Recon_1:0:det:0002,G-103,G-102,4.011143132090107,277.9031410549091,True,False,False,candidate,,
d5_cv_5v5_multicamera_formal_20260716_yolo_bytetrack:0042:D5_Recon_1:0,10.5,RECON-01,D5_Recon_1:0,D5_Recon_1:0:det:0003,G-103,G-103,0.005248749441392388,10.052805881461767,True,True,True,registered,registered_to_global_track,True
d5_cv_5v5_multicamera_formal_20260716_yolo_bytetrack:0042:D5_Recon_1:0,10.5,RECON-01,D5_Recon_1:0,D5_Recon_1:0:det:0004,G-103,G-104,3.4304352768615654,257.0005132536528,True,False,False,candidate,,
d5_cv_5v5_multicamera_formal_20260716_yolo_bytetrack:0042:D5_Recon_1:0,10.5,RECON-01,D5_Recon_1:0,D5_Recon_1:0:det:0005,G-103,G-105,14.197313785511213,522.8323678518711,True,False,False,candidate,,
d5_cv_5v5_multicamera_formal_20260716_yolo_bytetrack:0042:D5_Recon_1:0,10.5,RECON-01,D5_Recon_1:0,D5_Recon_1:0:det:0001,G-104,G-101,33.743394145944116,806.0480650839669,False,False,False,rejected,geometry_gate_rejected,
d5_cv_5v5_multicamera_formal_20260716_yolo_bytetrack:0042:D5_Recon_1:0,10.5,RECON-01,D5_Recon_1:0,D5_Recon_1:0:det:0002,G-104,G-102,15.021520598750108,537.8033556106424,True,False,False,candidate,,
d5_cv_5v5_multicamera_formal_20260716_yolo_bytetrack:0042:D5_Recon_1:0,10.5,RECON-01,D5_Recon_1:0,D5_Recon_1:0:det:0003,G-104,G-103,3.7852624414170126,269.9694107918014,True,False,False,candidate,,
d5_cv_5v5_multicamera_formal_20260716_yolo_bytetrack:0042:D5_Recon_1:0,10.5,RECON-01,D5_Recon_1:0,D5_Recon_1:0:det:0004,G-104,G-104,0.0016712489979728612,5.6724753351331385,True,True,True,registered,registered_to_global_track,True
d5_cv_5v5_multicamera_formal_20260716_yolo_bytetrack:0042:D5_Recon_1:0,10.5,RECON-01,D5_Recon_1:0,D5_Recon_1:0:det:0005,G-104,G-105,3.5923549988546597,263.00024654878786,True,False,False,candidate,,
d5_cv_5v5_multicamera_formal_20260716_yolo_bytetrack:0042:D5_Recon_1:0,10.5,RECON-01,D5_Recon_1:0,D5_Recon_1:0:det:0001,G-105,G-101,58.616451733770084,1062.5024493971728,False,False,False,rejected,geometry_gate_rejected,
d5_cv_5v5_multicamera_formal_20260716_yolo_bytetrack:0042:D5_Recon_1:0,10.5,RECON-01,D5_Recon_1:0,D5_Recon_1:0:det:0002,G-105,G-102,32.754784114198245,794.250593304908,False,False,False,rejected,geometry_gate_rejected,
d5_cv_5v5_multicamera_formal_20260716_yolo_bytetrack:0042:D5_Recon_1:0,10.5,RECON-01,D5_Recon_1:0,D5_Recon_1:0:det:0003,G-105,G-103,14.387467948332528,526.3957349454759,True,False,False,candidate,,
d5_cv_5v5_multicamera_formal_20260716_yolo_bytetrack:0042:D5_Recon_1:0,10.5,RECON-01,D5_Recon_1:0,D5_Recon_1:0:det:0004,G-105,G-104,3.492517906424167,259.3519374007658,True,False,False,candidate,,
d5_cv_5v5_multicamera_formal_20260716_yolo_bytetrack:0042:D5_Recon_1:0,10.5,RECON-01,D5_Recon_1:0,D5_Recon_1:0:det:0005,G-105,G-105,0.0023594959353003403,6.740995737833438,True,True,True,registered,registered_to_global_track,True
d5_cv_5v5_multicamera_formal_20260716_yolo_bytetrack:0043:D5_Primary_1:0,10.75,INT-01,D5_Primary_1:0,D5_Primary_1:0/yolov8_bytetrack:track:1,G-101,G-101,0.014160413171998561,8.47549762940803,True,True,True,registered,registered_to_global_track,True
d5_cv_5v5_multicamera_formal_20260716_yolo_bytetrack:0043:D5_Primary_1:0,10.75,INT-01,D5_Primary_1:0,D5_Primary_1:0/yolov8_bytetrack:track:2,G-101,G-103,54.70614405360822,526.7994849764473,False,False,False,rejected,geometry_gate_rejected,
d5_cv_5v5_multicamera_formal_20260716_yolo_bytetrack:0043:D5_Primary_1:0,10.75,INT-01,D5_Primary_1:0,D5_Primary_1:0/yolov8_bytetrack:track:15,G-101,G-102,14.734137979397598,273.3944227075965,True,False,False,candidate,,
d5_cv_5v5_multicamera_formal_20260716_yolo_bytetrack:0043:D5_Primary_1:0,10.75,INT-01,D5_Primary_1:0,D5_Primary_1:0/yolov8_bytetrack:track:1,G-102,G-101,14.395544406962944,270.0037591739224,True,False,False,candidate,,
d5_cv_5v5_multicamera_formal_20260716_yolo_bytetrack:0043:D5_Primary_1:0,10.75,INT-01,D5_Primary_1:0,D5_Primary_1:0/yolov8_bytetrack:track:2,G-102,G-103,13.060315946409448,257.1761839158863,True,False,False,candidate,,
d5_cv_5v5_multicamera_formal_20260716_yolo_bytetrack:0043:D5_Primary_1:0,10.75,INT-01,D5_Primary_1:0,D5_Primary_1:0/yolov8_bytetrack:track:15,G-102,G-102,0.035068962960721387,13.32032747290074,True,True,True,registered,registered_to_global_track,True
d5_cv_5v5_multicamera_formal_20260716_yolo_bytetrack:0043:D5_Primary_1:0,10.75,INT-01,D5_Primary_1:0,D5_Primary_1:0/yolov8_bytetrack:track:1,G-103,G-101,56.022594035841855,532.4657361029558,False,False,False,rejected,geometry_gate_rejected,
d5_cv_5v5_multicamera_formal_20260716_yolo_bytetrack:0043:D5_Primary_1:0,10.75,INT-01,D5_Primary_1:0,D5_Primary_1:0/yolov8_bytetrack:track:2,G-103,G-103,0.019560056919213396,9.9386754166839,True,True,True,registered,registered_to_global_track,True
d5_cv_5v5_multicamera_formal_20260716_yolo_bytetrack:0043:D5_Primary_1:0,10.75,INT-01,D5_Primary_1:0,D5_Primary_1:0/yolov8_bytetrack:track:15,G-103,G-102,13.301828295773378,259.4570715241955,True,False,False,candidate,,
d5_cv_5v5_multicamera_formal_20260716_yolo_bytetrack:0043:D5_Primary_1:0,10.75,INT-01,D5_Primary_1:0,D5_Primary_1:0/yolov8_bytetrack:track:1,G-104,G-101,114.60718469724469,761.8993649661894,False,False,False,rejected,geometry_gate_rejected,
d5_cv_5v5_multicamera_formal_20260716_yolo_bytetrack:0043:D5_Primary_1:0,10.75,INT-01,D5_Primary_1:0,D5_Primary_1:0/yolov8_bytetrack:track:2,G-104,G-103,10.937939365702261,235.37450897579893,True,False,False,candidate,,
d5_cv_5v5_multicamera_formal_20260716_yolo_bytetrack:0043:D5_Primary_1:0,10.75,INT-01,D5_Primary_1:0,D5_Primary_1:0/yolov8_bytetrack:track:15,G-104,G-102,47.178066534852874,488.8343977185022,False,False,False,rejected,geometry_gate_rejected,
d5_cv_5v5_multicamera_formal_20260716_yolo_bytetrack:0043:D5_Primary_1:0,10.75,INT-01,D5_Primary_1:0,D5_Primary_1:0/yolov8_bytetrack:track:1,G-105,G-101,,965.2374026055052,False,False,False,rejected,projection_invalid,
d5_cv_5v5_multicamera_formal_20260716_yolo_bytetrack:0043:D5_Primary_1:0,10.75,INT-01,D5_Primary_1:0,D5_Primary_1:0/yolov8_bytetrack:track:2,G-105,G-103,,438.71680647010584,False,False,False,rejected,projection_invalid,
d5_cv_5v5_multicamera_formal_20260716_yolo_bytetrack:0043:D5_Primary_1:0,10.75,INT-01,D5_Primary_1:0,D5_Primary_1:0/yolov8_bytetrack:track:15,G-105,G-102,,692.1732920159533,False,False,False,rejected,projection_invalid,
d5_cv_5v5_multicamera_formal_20260716_yolo_bytetrack:0043:D5_Primary_2:0,10.75,INT-02,D5_Primary_2:0,D5_Primary_2:0/yolov8_bytetrack:track:1,G-101,G-102,17.58362912265791,299.2076821681926,False,False,False,rejected,geometry_gate_rejected,
d5_cv_5v5_multicamera_formal_20260716_yolo_bytetrack:0043:D5_Primary_2:0,10.75,INT-02,D5_Primary_2:0,D5_Primary_2:0/yolov8_bytetrack:track:3,G-101,G-104,140.4311125090311,845.5710562568476,False,False,False,rejected,geometry_gate_rejected,
d5_cv_5v5_multicamera_formal_20260716_yolo_bytetrack:0043:D5_Primary_2:0,10.75,INT-02,D5_Primary_2:0,D5_Primary_2:0/yolov8_bytetrack:track:5,G-101,G-103,66.06598536628167,579.9725366475092,False,False,False,rejected,geometry_gate_rejected,
d5_cv_5v5_multicamera_formal_20260716_yolo_bytetrack:0043:D5_Primary_2:0,10.75,INT-02,D5_Primary_2:0,D5_Primary_2:0/yolov8_bytetrack:track:38,G-101,G-101,0.015634556469442486,8.916803684367032,True,True,True,registered,registered_to_global_track,True
d5_cv_5v5_multicamera_formal_20260716_yolo_bytetrack:0043:D5_Primary_2:0,10.75,INT-02,D5_Primary_2:0,D5_Primary_2:0/yolov8_bytetrack:track:1,G-102,G-102,0.04509887717964751,15.128434609360527,True,True,True,registered,registered_to_global_track,True
d5_cv_5v5_multicamera_formal_20260716_yolo_bytetrack:0043:D5_Primary_2:0,10.75,INT-02,D5_Primary_2:0,D5_Primary_2:0/yolov8_bytetrack:track:3,G-102,G-104,60.139637216716594,552.4476576933579,False,False,False,rejected,geometry_gate_rejected,
d5_cv_5v5_multicamera_formal_20260716_yolo_bytetrack:0043:D5_Primary_2:0,10.75,INT-02,D5_Primary_2:0,D5_Primary_2:0/yolov8_bytetrack:track:5,G-102,G-103,16.23106950833357,287.0015914776563,False,False,False,rejected,geometry_gate_rejected,
d5_cv_5v5_multicamera_formal_20260716_yolo_bytetrack:0043:D5_Primary_2:0,10.75,INT-02,D5_Primary_2:0,D5_Primary_2:0/yolov8_bytetrack:track:38,G-102,G-101,16.7499099053513,291.55263486134777,False,False,False,rejected,geometry_gate_rejected,
d5_cv_5v5_multicamera_formal_20260716_yolo_bytetrack:0043:D5_Primary_2:0,10.75,INT-02,D5_Primary_2:0,D5_Primary_2:0/yolov8_bytetrack:track:1,G-103,G-102,16.535646604800565,289.4700450800438,False,False,False,rejected,geometry_gate_rejected,
d5_cv_5v5_multicamera_formal_20260716_yolo_bytetrack:0043:D5_Primary_2:0,10.75,INT-02,D5_Primary_2:0,D5_Primary_2:0/yolov8_bytetrack:track:3,G-103,G-104,13.062509323132367,257.27966372686353,True,False,False,candidate,,
d5_cv_5v5_multicamera_formal_20260716_yolo_bytetrack:0043:D5_Primary_2:0,10.75,INT-02,D5_Primary_2:0,D5_Primary_2:0/yolov8_bytetrack:track:5,G-103,G-103,0.03175367939315157,12.681295346797752,True,True,True,registered,registered_to_global_track,True
d5_cv_5v5_multicamera_formal_20260716_yolo_bytetrack:0043:D5_Primary_2:0,10.75,INT-02,D5_Primary_2:0,D5_Primary_2:0/yolov8_bytetrack:track:38,G-103,G-101,67.86746211120379,586.4403292602718,False,False,False,rejected,geometry_gate_rejected,
d5_cv_5v5_multicamera_formal_20260716_yolo_bytetrack:0043:D5_Primary_2:0,10.75,INT-02,D5_Primary_2:0,D5_Primary_2:0/yolov8_bytetrack:track:1,G-104,G-102,59.61743045132402,549.8819783901959,False,False,False,rejected,geometry_gate_rejected,
d5_cv_5v5_multicamera_formal_20260716_yolo_bytetrack:0043:D5_Primary_2:0,10.75,INT-02,D5_Primary_2:0,D5_Primary_2:0/yolov8_bytetrack:track:3,G-104,G-104,0.00306693006090348,3.9422076277555624,True,True,True,registered,registered_to_global_track,True
d5_cv_5v5_multicamera_formal_20260716_yolo_bytetrack:0043:D5_Primary_2:0,10.75,INT-02,D5_Primary_2:0,D5_Primary_2:0/yolov8_bytetrack:track:5,G-104,G-103,14.274321230372111,269.06707164314906,True,False,False,candidate,,
d5_cv_5v5_multicamera_formal_20260716_yolo_bytetrack:0043:D5_Primary_2:0,10.75,INT-02,D5_Primary_2:0,D5_Primary_2:0/yolov8_bytetrack:track:38,G-104,G-101,141.4236487667165,846.9229139538423,False,False,False,rejected,geometry_gate_rejected,
d5_cv_5v5_multicamera_formal_20260716_yolo_bytetrack:0043:D5_Primary_2:0,10.75,INT-02,D5_Primary_2:0,D5_Primary_2:0/yolov8_bytetrack:track:1,G-105,G-102,122.13866661522209,787.6152565926553,False,False,False,rejected,geometry_gate_rejected,
d5_cv_5v5_multicamera_formal_20260716_yolo_bytetrack:0043:D5_Primary_2:0,10.75,INT-02,D5_Primary_2:0,D5_Primary_2:0/yolov8_bytetrack:track:3,G-105,G-104,11.454764154798147,241.20164123577516,True,False,False,candidate,,
d5_cv_5v5_multicamera_formal_20260716_yolo_bytetrack:0043:D5_Primary_2:0,10.75,INT-02,D5_Primary_2:0,D5_Primary_2:0/yolov8_bytetrack:track:5,G-105,G-103,50.57149067884527,506.8043858151179,False,False,False,rejected,geometry_gate_rejected,
d5_cv_5v5_multicamera_formal_20260716_yolo_bytetrack:0043:D5_Primary_2:0,10.75,INT-02,D5_Primary_2:0,D5_Primary_2:0/yolov8_bytetrack:track:38,G-105,G-101,231.63670258356615,1084.6540100865059,False,False,False,rejected,geometry_gate_rejected,
d5_cv_5v5_multicamera_formal_20260716_yolo_bytetrack:0043:D5_Primary_3:0,10.75,INT-03,D5_Primary_3:0,D5_Primary_3:0/yolov8_bytetrack:track:1,G-101,G-103,71.6930272981797,605.5179393877148,False,False,False,rejected,geometry_gate_rejected,
d5_cv_5v5_multicamera_formal_20260716_yolo_bytetrack:0043:D5_Primary_3:0,10.75,INT-03,D5_Primary_3:0,D5_Primary_3:0/yolov8_bytetrack:track:49,G-101,G-105,268.86102611728364,1172.6069064185972,False,False,False,rejected,geometry_gate_rejected,
d5_cv_5v5_multicamera_formal_20260716_yolo_bytetrack:0043:D5_Primary_3:0,10.75,INT-03,D5_Primary_3:0,D5_Primary_3:0/yolov8_bytetrack:track:12,G-101,G-104,156.46719640768944,894.5408948006124,False,False,False,rejected,geometry_gate_rejected,
d5_cv_5v5_multicamera_formal_20260716_yolo_bytetrack:0043:D5_Primary_3:0,10.75,INT-03,D5_Primary_3:0,D5_Primary_3:0/yolov8_bytetrack:track:1,G-102,G-103,18.215527676494585,304.44244188002614,False,False,False,rejected,geometry_gate_rejected,
d5_cv_5v5_multicamera_formal_20260716_yolo_bytetrack:0043:D5_Primary_3:0,10.75,INT-03,D5_Primary_3:0,D5_Primary_3:0/yolov8_bytetrack:track:49,G-102,G-105,149.20966296424012,871.3298176038229,False,False,False,rejected,geometry_gate_rejected,
d5_cv_5v5_multicamera_formal_20260716_yolo_bytetrack:0043:D5_Primary_3:0,10.75,INT-03,D5_Primary_3:0,D5_Primary_3:0/yolov8_bytetrack:track:12,G-102,G-104,69.18299828696313,593.3130524376143,False,False,False,rejected,geometry_gate_rejected,
d5_cv_5v5_multicamera_formal_20260716_yolo_bytetrack:0043:D5_Primary_3:0,10.75,INT-03,D5_Primary_3:0,D5_Primary_3:0/yolov8_bytetrack:track:1,G-103,G-103,0.0397485109012046,14.199834941742294,True,True,True,registered,registered_to_global_track,True
d5_cv_5v5_multicamera_formal_20260716_yolo_bytetrack:0043:D5_Primary_3:0,10.75,INT-03,D5_Primary_3:0,D5_Primary_3:0/yolov8_bytetrack:track:49,G-103,G-105,61.14703536554661,556.9424845433491,False,False,False,rejected,geometry_gate_rejected,
d5_cv_5v5_multicamera_formal_20260716_yolo_bytetrack:0043:D5_Primary_3:0,10.75,INT-03,D5_Primary_3:0,D5_Primary_3:0/yolov8_bytetrack:track:12,G-103,G-104,15.339661905045093,278.952674085262,True,False,False,candidate,,
d5_cv_5v5_multicamera_formal_20260716_yolo_bytetrack:0043:D5_Primary_3:0,10.75,INT-03,D5_Primary_3:0,D5_Primary_3:0/yolov8_bytetrack:track:1,G-104,G-103,16.77062641185228,291.68282092466194,False,False,False,rejected,geometry_gate_rejected,
d5_cv_5v5_multicamera_formal_20260716_yolo_bytetrack:0043:D5_Primary_3:0,10.75,INT-03,D5_Primary_3:0,D5_Primary_3:0/yolov8_bytetrack:track:49,G-104,G-105,14.956924390606352,275.4592347430087,True,False,False,candidate,,
d5_cv_5v5_multicamera_formal_20260716_yolo_bytetrack:0043:D5_Primary_3:0,10.75,INT-03,D5_Primary_3:0,D5_Primary_3:0/yolov8_bytetrack:track:12,G-104,G-104,0.0023068401067139746,3.420154799771436,True,True,True,registered,registered_to_global_track,True
d5_cv_5v5_multicamera_formal_20260716_yolo_bytetrack:0043:D5_Primary_3:0,10.75,INT-03,D5_Primary_3:0,D5_Primary_3:0/yolov8_bytetrack:track:1,G-105,G-103,61.045213920224136,556.8591736925647,False,False,False,rejected,geometry_gate_rejected,
d5_cv_5v5_multicamera_formal_20260716_yolo_bytetrack:0043:D5_Primary_3:0,10.75,INT-03,D5_Primary_3:0,D5_Primary_3:0/yolov8_bytetrack:track:49,G-105,G-105,0.024847214947351755,11.230971875562112,True,True,True,registered,registered_to_global_track,True
d5_cv_5v5_multicamera_formal_20260716_yolo_bytetrack:0043:D5_Primary_3:0,10.75,INT-03,D5_Primary_3:0,D5_Primary_3:0/yolov8_bytetrack:track:12,G-105,G-104,14.12185031462958,267.8337265190902,True,False,False,candidate,,
d5_cv_5v5_multicamera_formal_20260716_yolo_bytetrack:0043:D5_Primary_4:0,10.75,INT-04,D5_Primary_4:0,D5_Primary_4:0/yolov8_bytetrack:track:1,G-101,G-104,155.71221424580747,894.3277248503822,False,False,False,rejected,geometry_gate_rejected,
d5_cv_5v5_multicamera_formal_20260716_yolo_bytetrack:0043:D5_Primary_4:0,10.75,INT-04,D5_Primary_4:0,D5_Primary_4:0/yolov8_bytetrack:track:7,G-101,G-105,275.4276068989673,1189.4305479040625,False,False,False,rejected,geometry_gate_rejected,
d5_cv_5v5_multicamera_formal_20260716_yolo_bytetrack:0043:D5_Primary_4:0,10.75,INT-04,D5_Primary_4:0,D5_Primary_4:0/yolov8_bytetrack:track:1,G-102,G-104,70.83821917112216,601.3339301974408,False,False,False,rejected,geometry_gate_rejected,
d5_cv_5v5_multicamera_formal_20260716_yolo_bytetrack:0043:D5_Primary_4:0,10.75,INT-04,D5_Primary_4:0,D5_Primary_4:0/yolov8_bytetrack:track:7,G-102,G-105,157.41405316701034,896.4036405110801,False,False,False,rejected,geometry_gate_rejected,
d5_cv_5v5_multicamera_formal_20260716_yolo_bytetrack:0043:D5_Primary_4:0,10.75,INT-04,D5_Primary_4:0,D5_Primary_4:0/yolov8_bytetrack:track:1,G-103,G-104,15.908886012361386,284.3020506123381,True,False,False,candidate,,
d5_cv_5v5_multicamera_formal_20260716_yolo_bytetrack:0043:D5_Primary_4:0,10.75,INT-04,D5_Primary_4:0,D5_Primary_4:0/yolov8_bytetrack:track:7,G-103,G-105,66.06193280708304,579.3429184250914,False,False,False,rejected,geometry_gate_rejected,
d5_cv_5v5_multicamera_formal_20260716_yolo_bytetrack:0043:D5_Primary_4:0,10.75,INT-04,D5_Primary_4:0,D5_Primary_4:0/yolov8_bytetrack:track:1,G-104,G-104,0.0046591427943628435,4.862111503383378,True,True,True,registered,registered_to_global_track,True
d5_cv_5v5_multicamera_formal_20260716_yolo_bytetrack:0043:D5_Primary_4:0,10.75,INT-04,D5_Primary_4:0,D5_Primary_4:0/yolov8_bytetrack:track:7,G-104,G-105,16.692203683393,291.02395263626033,False,False,False,rejected,geometry_gate_rejected,
d5_cv_5v5_multicamera_formal_20260716_yolo_bytetrack:0043:D5_Primary_4:0,10.75,INT-04,D5_Primary_4:0,D5_Primary_4:0/yolov8_bytetrack:track:1,G-105,G-104,16.004374519015933,285.012370757889,False,False,False,rejected,geometry_gate_rejected,
d5_cv_5v5_multicamera_formal_20260716_yolo_bytetrack:0043:D5_Primary_4:0,10.75,INT-04,D5_Primary_4:0,D5_Primary_4:0/yolov8_bytetrack:track:7,G-105,G-105,0.030050915400923,12.347943142369322,True,True,True,registered,registered_to_global_track,True
d5_cv_5v5_multicamera_formal_20260716_yolo_bytetrack:0043:D5_Primary_5:0,10.75,INT-05,D5_Primary_5:0,D5_Primary_5:0/yolov8_bytetrack:track:1,G-101,G-105,,1143.5713754699166,False,False,False,rejected,projection_invalid,
d5_cv_5v5_multicamera_formal_20260716_yolo_bytetrack:0043:D5_Primary_5:0,10.75,INT-05,D5_Primary_5:0,D5_Primary_5:0/yolov8_bytetrack:track:1,G-102,G-105,148.7278278784273,872.5085264773548,False,False,False,rejected,geometry_gate_rejected,
d5_cv_5v5_multicamera_formal_20260716_yolo_bytetrack:0043:D5_Primary_5:0,10.75,INT-05,D5_Primary_5:0,D5_Primary_5:0/yolov8_bytetrack:track:1,G-103,G-105,63.5851878390237,568.9126615362081,False,False,False,rejected,geometry_gate_rejected,
d5_cv_5v5_multicamera_formal_20260716_yolo_bytetrack:0043:D5_Primary_5:0,10.75,INT-05,D5_Primary_5:0,D5_Primary_5:0/yolov8_bytetrack:track:1,G-104,G-105,16.424138787522008,288.77228853837573,False,False,False,rejected,geometry_gate_rejected,
d5_cv_5v5_multicamera_formal_20260716_yolo_bytetrack:0043:D5_Primary_5:0,10.75,INT-05,D5_Primary_5:0,D5_Primary_5:0/yolov8_bytetrack:track:1,G-105,G-105,0.016686977918934844,9.199703323130054,True,True,True,registered,registered_to_global_track,True
d5_cv_5v5_multicamera_formal_20260716_yolo_bytetrack:0043:D5_Recon_1:0,10.75,RECON-01,D5_Recon_1:0,D5_Recon_1:0:det:0001,G-101,G-101,0.0001443564964144925,1.6674695837691895,True,True,True,registered,registered_to_global_track,True
d5_cv_5v5_multicamera_formal_20260716_yolo_bytetrack:0043:D5_Recon_1:0,10.75,RECON-01,D5_Recon_1:0,D5_Recon_1:0:det:0002,G-101,G-102,3.6053539193187008,263.5226482035486,True,False,False,candidate,,
d5_cv_5v5_multicamera_formal_20260716_yolo_bytetrack:0043:D5_Recon_1:0,10.75,RECON-01,D5_Recon_1:0,D5_Recon_1:0:det:0003,G-101,G-103,14.487084203887576,528.243895143472,True,False,False,candidate,,
d5_cv_5v5_multicamera_formal_20260716_yolo_bytetrack:0043:D5_Recon_1:0,10.75,RECON-01,D5_Recon_1:0,D5_Recon_1:0:det:0004,G-101,G-104,32.57641891717281,792.1285474439559,False,False,False,rejected,geometry_gate_rejected,
d5_cv_5v5_multicamera_formal_20260716_yolo_bytetrack:0043:D5_Recon_1:0,10.75,RECON-01,D5_Recon_1:0,D5_Recon_1:0:det:0005,G-101,G-105,57.759754148628694,1054.7673126440168,False,False,False,rejected,geometry_gate_rejected,
d5_cv_5v5_multicamera_formal_20260716_yolo_bytetrack:0043:D5_Recon_1:0,10.75,RECON-01,D5_Recon_1:0,D5_Recon_1:0:det:0001,G-102,G-101,3.524484135708364,260.51793504383545,True,False,False,candidate,,
d5_cv_5v5_multicamera_formal_20260716_yolo_bytetrack:0043:D5_Recon_1:0,10.75,RECON-01,D5_Recon_1:0,D5_Recon_1:0:det:0002,G-102,G-102,0.002330389360741149,6.698755270849759,True,True,True,registered,registered_to_global_track,True
d5_cv_5v5_multicamera_formal_20260716_yolo_bytetrack:0043:D5_Recon_1:0,10.75,RECON-01,D5_Recon_1:0,D5_Recon_1:0:det:0003,G-102,G-103,3.769842537596756,269.4334304335318,True,False,False,candidate,,
d5_cv_5v5_multicamera_formal_20260716_yolo_bytetrack:0043:D5_Recon_1:0,10.75,RECON-01,D5_Recon_1:0,D5_Recon_1:0:det:0004,G-102,G-104,14.769249463765341,533.2969333555575,True,False,False,candidate,,
d5_cv_5v5_multicamera_formal_20260716_yolo_bytetrack:0043:D5_Recon_1:0,10.75,RECON-01,D5_Recon_1:0,D5_Recon_1:0:det:0005,G-102,G-105,32.89794287948307,795.9288430045434,False,False,False,rejected,geometry_gate_rejected,
d5_cv_5v5_multicamera_formal_20260716_yolo_bytetrack:0043:D5_Recon_1:0,10.75,RECON-01,D5_Recon_1:0,D5_Recon_1:0:det:0001,G-103,G-101,15.140098943983814,539.9107328545178,True,False,False,candidate,,
d5_cv_5v5_multicamera_formal_20260716_yolo_bytetrack:0043:D5_Recon_1:0,10.75,RECON-01,D5_Recon_1:0,D5_Recon_1:0:det:0002,G-103,G-102,3.9211583481287713,274.7671408171214,True,False,False,candidate,,
d5_cv_5v5_multicamera_formal_20260716_yolo_bytetrack:0043:D5_Recon_1:0,10.75,RECON-01,D5_Recon_1:0,D5_Recon_1:0:det:0003,G-103,G-103,0.005247100012049819,10.051185199338407,True,True,True,registered,registered_to_global_track,True
d5_cv_5v5_multicamera_formal_20260716_yolo_bytetrack:0043:D5_Recon_1:0,10.75,RECON-01,D5_Recon_1:0,D5_Recon_1:0:det:0004,G-103,G-104,3.3465910836614583,253.83933947096403,True,False,False,candidate,,
d5_cv_5v5_multicamera_formal_20260716_yolo_bytetrack:0043:D5_Recon_1:0,10.75,RECON-01,D5_Recon_1:0,D5_Recon_1:0:det:0005,G-103,G-105,13.854422983696608,516.477998345426,True,False,False,candidate,,
d5_cv_5v5_multicamera_formal_20260716_yolo_bytetrack:0043:D5_Recon_1:0,10.75,RECON-01,D5_Recon_1:0,D5_Recon_1:0:det:0001,G-104,G-101,32.95918107207233,796.6220088355697,False,False,False,rejected,geometry_gate_rejected,
d5_cv_5v5_multicamera_formal_20260716_yolo_bytetrack:0043:D5_Recon_1:0,10.75,RECON-01,D5_Recon_1:0,D5_Recon_1:0:det:0002,G-104,G-102,14.670860444636874,531.4860732788562,True,False,False,candidate,,
d5_cv_5v5_multicamera_formal_20260716_yolo_bytetrack:0043:D5_Recon_1:0,10.75,RECON-01,D5_Recon_1:0,D5_Recon_1:0:det:0003,G-104,G-103,3.696588656267361,266.78699873089755,True,False,False,candidate,,
d5_cv_5v5_multicamera_formal_20260716_yolo_bytetrack:0043:D5_Recon_1:0,10.75,RECON-01,D5_Recon_1:0,D5_Recon_1:0:det:0004,G-104,G-104,0.001664115596055536,5.660328414684948,True,True,True,registered,registered_to_global_track,True
d5_cv_5v5_multicamera_formal_20260716_yolo_bytetrack:0043:D5_Recon_1:0,10.75,RECON-01,D5_Recon_1:0,D5_Recon_1:0:det:0005,G-104,G-105,3.5062561142527118,259.8279621389376,True,False,False,candidate,,
d5_cv_5v5_multicamera_formal_20260716_yolo_bytetrack:0043:D5_Recon_1:0,10.75,RECON-01,D5_Recon_1:0,D5_Recon_1:0:det:0001,G-105,G-101,57.23564939894888,1049.90335559655,False,False,False,rejected,geometry_gate_rejected,
d5_cv_5v5_multicamera_formal_20260716_yolo_bytetrack:0043:D5_Recon_1:0,10.75,RECON-01,D5_Recon_1:0,D5_Recon_1:0:det:0002,G-105,G-102,31.977308631624847,784.7602028606834,False,False,False,rejected,geometry_gate_rejected,
d5_cv_5v5_multicamera_formal_20260716_yolo_bytetrack:0043:D5_Recon_1:0,10.75,RECON-01,D5_Recon_1:0,D5_Recon_1:0:det:0003,G-105,G-103,14.042405620046205,520.0400283573074,True,False,False,candidate,,
d5_cv_5v5_multicamera_formal_20260716_yolo_bytetrack:0043:D5_Recon_1:0,10.75,RECON-01,D5_Recon_1:0,D5_Recon_1:0:det:0004,G-105,G-104,3.40711735459397,256.1589659068753,True,False,False,candidate,,
d5_cv_5v5_multicamera_formal_20260716_yolo_bytetrack:0043:D5_Recon_1:0,10.75,RECON-01,D5_Recon_1:0,D5_Recon_1:0:det:0005,G-105,G-105,0.002367135484584579,6.751833992747954,True,True,True,registered,registered_to_global_track,True
d5_cv_5v5_multicamera_formal_20260716_yolo_bytetrack:0044:D5_Primary_1:0,11.0,INT-01,D5_Primary_1:0,D5_Primary_1:0/yolov8_bytetrack:track:1,G-101,G-101,0.010650842672214212,7.350548621228153,True,True,True,registered,registered_to_global_track,True
d5_cv_5v5_multicamera_formal_20260716_yolo_bytetrack:0044:D5_Primary_1:0,11.0,INT-01,D5_Primary_1:0,D5_Primary_1:0/yolov8_bytetrack:track:2,G-101,G-103,52.93326201474324,518.1936908740635,False,False,False,rejected,geometry_gate_rejected,
d5_cv_5v5_multicamera_formal_20260716_yolo_bytetrack:0044:D5_Primary_1:0,11.0,INT-01,D5_Primary_1:0,D5_Primary_1:0/yolov8_bytetrack:track:131,G-101,G-104,110.99281872082219,750.3696053050065,False,False,False,rejected,geometry_gate_rejected,
d5_cv_5v5_multicamera_formal_20260716_yolo_bytetrack:0044:D5_Primary_1:0,11.0,INT-01,D5_Primary_1:0,D5_Primary_1:0/yolov8_bytetrack:track:15,G-101,G-102,14.367872663151289,269.97529352963755,True,False,False,candidate,,
d5_cv_5v5_multicamera_formal_20260716_yolo_bytetrack:0044:D5_Primary_1:0,11.0,INT-01,D5_Primary_1:0,D5_Primary_1:0/yolov8_bytetrack:track:1,G-102,G-101,14.031552456479567,266.55983982871265,True,False,False,candidate,,
d5_cv_5v5_multicamera_formal_20260716_yolo_bytetrack:0044:D5_Primary_1:0,11.0,INT-01,D5_Primary_1:0,D5_Primary_1:0/yolov8_bytetrack:track:2,G-102,G-103,12.566383610593103,252.25812757702658,True,False,False,candidate,,
d5_cv_5v5_multicamera_formal_20260716_yolo_bytetrack:0044:D5_Primary_1:0,11.0,INT-01,D5_Primary_1:0,D5_Primary_1:0/yolov8_bytetrack:track:131,G-102,G-104,46.31689753270679,484.2956581006074,False,False,False,rejected,geometry_gate_rejected,
d5_cv_5v5_multicamera_formal_20260716_yolo_bytetrack:0044:D5_Primary_1:0,11.0,INT-01,D5_Primary_1:0,D5_Primary_1:0/yolov8_bytetrack:track:15,G-102,G-102,0.03481370695844711,13.271567694205784,True,True,True,registered,registered_to_global_track,True
d5_cv_5v5_multicamera_formal_20260716_yolo_bytetrack:0044:D5_Primary_1:0,11.0,INT-01,D5_Primary_1:0,D5_Primary_1:0/yolov8_bytetrack:track:1,G-103,G-101,54.54541217349509,525.355016045736,False,False,False,rejected,geometry_gate_rejected,
d5_cv_5v5_multicamera_formal_20260716_yolo_bytetrack:0044:D5_Primary_1:0,11.0,INT-01,D5_Primary_1:0,D5_Primary_1:0/yolov8_bytetrack:track:2,G-103,G-103,0.02170349938751609,10.470398846159963,True,True,True,registered,registered_to_global_track,True
d5_cv_5v5_multicamera_formal_20260716_yolo_bytetrack:0044:D5_Primary_1:0,11.0,INT-01,D5_Primary_1:0,D5_Primary_1:0/yolov8_bytetrack:track:131,G-103,G-104,10.026150706243332,225.23679446751206,True,False,False,candidate,,
d5_cv_5v5_multicamera_formal_20260716_yolo_bytetrack:0044:D5_Primary_1:0,11.0,INT-01,D5_Primary_1:0,D5_Primary_1:0/yolov8_bytetrack:track:15,G-103,G-102,12.89912830222306,255.47814120326433,True,False,False,candidate,,
d5_cv_5v5_multicamera_formal_20260716_yolo_bytetrack:0044:D5_Primary_1:0,11.0,INT-01,D5_Primary_1:0,D5_Primary_1:0/yolov8_bytetrack:track:1,G-104,G-101,111.43130770592876,751.1588486560269,False,False,False,rejected,geometry_gate_rejected,
d5_cv_5v5_multicamera_formal_20260716_yolo_bytetrack:0044:D5_Primary_1:0,11.0,INT-01,D5_Primary_1:0,D5_Primary_1:0/yolov8_bytetrack:track:2,G-104,G-103,10.715721226014294,232.9372096827586,True,False,False,candidate,,
d5_cv_5v5_multicamera_formal_20260716_yolo_bytetrack:0044:D5_Primary_1:0,11.0,INT-01,D5_Primary_1:0,D5_Primary_1:0/yolov8_bytetrack:track:131,G-104,G-104,0.00013627250269999114,0.8301453632217597,True,True,False,candidate,stability_window_failed,True
d5_cv_5v5_multicamera_formal_20260716_yolo_bytetrack:0044:D5_Primary_1:0,11.0,INT-01,D5_Primary_1:0,D5_Primary_1:0/yolov8_bytetrack:track:15,G-104,G-102,45.731758249836744,481.2127452329445,False,False,False,rejected,geometry_gate_rejected,
d5_cv_5v5_multicamera_formal_20260716_yolo_bytetrack:0044:D5_Primary_1:0,11.0,INT-01,D5_Primary_1:0,D5_Primary_1:0/yolov8_bytetrack:track:1,G-105,G-101,178.48916001684324,950.9857175713391,False,False,False,rejected,geometry_gate_rejected,
d5_cv_5v5_multicamera_formal_20260716_yolo_bytetrack:0044:D5_Primary_1:0,11.0,INT-01,D5_Primary_1:0,D5_Primary_1:0/yolov8_bytetrack:track:2,G-105,G-103,36.96388920625325,432.7697220704775,False,False,False,rejected,geometry_gate_rejected,
d5_cv_5v5_multicamera_formal_20260716_yolo_bytetrack:0044:D5_Primary_1:0,11.0,INT-01,D5_Primary_1:0,D5_Primary_1:0/yolov8_bytetrack:track:131,G-105,G-104,7.940323083535404,200.57968551706304,True,False,False,candidate,,
d5_cv_5v5_multicamera_formal_20260716_yolo_bytetrack:0044:D5_Primary_1:0,11.0,INT-01,D5_Primary_1:0,D5_Primary_1:0/yolov8_bytetrack:track:15,G-105,G-102,91.54030394517382,681.0425402156563,False,False,False,rejected,geometry_gate_rejected,
d5_cv_5v5_multicamera_formal_20260716_yolo_bytetrack:0044:D5_Primary_2:0,11.0,INT-02,D5_Primary_2:0,D5_Primary_2:0/yolov8_bytetrack:track:1,G-101,G-102,17.135406895395164,295.3696677767465,False,False,False,rejected,geometry_gate_rejected,
d5_cv_5v5_multicamera_formal_20260716_yolo_bytetrack:0044:D5_Primary_2:0,11.0,INT-02,D5_Primary_2:0,D5_Primary_2:0/yolov8_bytetrack:track:3,G-101,G-104,137.20380935017724,835.7987556432872,False,False,False,rejected,geometry_gate_rejected,
d5_cv_5v5_multicamera_formal_20260716_yolo_bytetrack:0044:D5_Primary_2:0,11.0,INT-02,D5_Primary_2:0,D5_Primary_2:0/yolov8_bytetrack:track:2,G-101,G-101,0.035080288110947,13.361162401238298,True,True,True,registered,registered_to_global_track,True
d5_cv_5v5_multicamera_formal_20260716_yolo_bytetrack:0044:D5_Primary_2:0,11.0,INT-02,D5_Primary_2:0,D5_Primary_2:0/yolov8_bytetrack:track:1,G-102,G-102,0.04440309309882865,15.011212401550107,True,True,True,registered,registered_to_global_track,True
d5_cv_5v5_multicamera_formal_20260716_yolo_bytetrack:0044:D5_Primary_2:0,11.0,INT-02,D5_Primary_2:0,D5_Primary_2:0/yolov8_bytetrack:track:3,G-102,G-104,58.793918554952036,546.229241093724,False,False,False,rejected,geometry_gate_rejected,
d5_cv_5v5_multicamera_formal_20260716_yolo_bytetrack:0044:D5_Primary_2:0,11.0,INT-02,D5_Primary_2:0,D5_Primary_2:0/yolov8_bytetrack:track:2,G-102,G-101,17.79956006418741,300.5476765934896,False,False,False,rejected,geometry_gate_rejected,
d5_cv_5v5_multicamera_formal_20260716_yolo_bytetrack:0044:D5_Primary_2:0,11.0,INT-02,D5_Primary_2:0,D5_Primary_2:0/yolov8_bytetrack:track:1,G-103,G-102,16.157000477425477,286.1264614491316,False,False,False,rejected,geometry_gate_rejected,
d5_cv_5v5_multicamera_formal_20260716_yolo_bytetrack:0044:D5_Primary_2:0,11.0,INT-02,D5_Primary_2:0,D5_Primary_2:0/yolov8_bytetrack:track:3,G-103,G-104,12.803242584538365,254.70453399938359,True,False,False,candidate,,
d5_cv_5v5_multicamera_formal_20260716_yolo_bytetrack:0044:D5_Primary_2:0,11.0,INT-02,D5_Primary_2:0,D5_Primary_2:0/yolov8_bytetrack:track:2,G-103,G-101,69.12322991531673,591.820002538486,False,False,False,rejected,geometry_gate_rejected,
d5_cv_5v5_multicamera_formal_20260716_yolo_bytetrack:0044:D5_Primary_2:0,11.0,INT-02,D5_Primary_2:0,D5_Primary_2:0/yolov8_bytetrack:track:1,G-104,G-102,58.11616508044538,542.8668258792238,False,False,False,rejected,geometry_gate_rejected,
d5_cv_5v5_multicamera_formal_20260716_yolo_bytetrack:0044:D5_Primary_2:0,11.0,INT-02,D5_Primary_2:0,D5_Primary_2:0/yolov8_bytetrack:track:3,G-104,G-104,0.0022193503230550377,3.3516566239502237,True,True,True,registered,registered_to_global_track,True
d5_cv_5v5_multicamera_formal_20260716_yolo_bytetrack:0044:D5_Primary_2:0,11.0,INT-02,D5_Primary_2:0,D5_Primary_2:0/yolov8_bytetrack:track:2,G-104,G-101,142.0222453717717,848.6390666675934,False,False,False,rejected,geometry_gate_rejected,
d5_cv_5v5_multicamera_formal_20260716_yolo_bytetrack:0044:D5_Primary_2:0,11.0,INT-02,D5_Primary_2:0,D5_Primary_2:0/yolov8_bytetrack:track:1,G-105,G-102,118.89578378235817,776.9696510834877,False,False,False,rejected,geometry_gate_rejected,
d5_cv_5v5_multicamera_formal_20260716_yolo_bytetrack:0044:D5_Primary_2:0,11.0,INT-02,D5_Primary_2:0,D5_Primary_2:0/yolov8_bytetrack:track:3,G-105,G-104,11.016283178898489,236.50370218554846,True,False,False,candidate,,
d5_cv_5v5_multicamera_formal_20260716_yolo_bytetrack:0044:D5_Primary_2:0,11.0,INT-02,D5_Primary_2:0,D5_Primary_2:0/yolov8_bytetrack:track:2,G-105,G-101,230.8902973517731,1082.738735981442,False,False,False,rejected,geometry_gate_rejected,
d5_cv_5v5_multicamera_formal_20260716_yolo_bytetrack:0044:D5_Primary_3:0,11.0,INT-03,D5_Primary_3:0,D5_Primary_3:0/yolov8_bytetrack:track:1,G-101,,70.12005309613365,598.8273727857224,False,False,False,rejected,geometry_gate_rejected,
d5_cv_5v5_multicamera_formal_20260716_yolo_bytetrack:0044:D5_Primary_3:0,11.0,INT-03,D5_Primary_3:0,D5_Primary_3:0/yolov8_bytetrack:track:49,G-101,,263.14411311619796,1160.0516435194734,False,False,False,rejected,geometry_gate_rejected,
d5_cv_5v5_multicamera_formal_20260716_yolo_bytetrack:0044:D5_Primary_3:0,11.0,INT-03,D5_Primary_3:0,D5_Primary_3:0/yolov8_bytetrack:track:12,G-101,,152.73196775255593,883.7827070388681,False,False,False,rejected,geometry_gate_rejected,
d5_cv_5v5_multicamera_formal_20260716_yolo_bytetrack:0044:D5_Primary_3:0,11.0,INT-03,D5_Primary_3:0,D5_Primary_3:0/yolov8_bytetrack:track:85,G-101,,18.799803761529628,310.06797788275196,False,False,False,rejected,geometry_gate_rejected,
d5_cv_5v5_multicamera_formal_20260716_yolo_bytetrack:0044:D5_Primary_3:0,11.0,INT-03,D5_Primary_3:0,D5_Primary_3:0/yolov8_bytetrack:track:1,G-102,,17.805236756119513,300.99514292101446,False,False,False,rejected,geometry_gate_rejected,
d5_cv_5v5_multicamera_formal_20260716_yolo_bytetrack:0044:D5_Primary_3:0,11.0,INT-03,D5_Primary_3:0,D5_Primary_3:0/yolov8_bytetrack:track:49,G-102,,146.03376416531347,862.009463008251,False,False,False,rejected,geometry_gate_rejected,
d5_cv_5v5_multicamera_formal_20260716_yolo_bytetrack:0044:D5_Primary_3:0,11.0,INT-03,D5_Primary_3:0,D5_Primary_3:0/yolov8_bytetrack:track:12,G-102,,67.44172336334066,585.8006479592525,False,False,False,rejected,geometry_gate_rejected,
d5_cv_5v5_multicamera_formal_20260716_yolo_bytetrack:0044:D5_Primary_3:0,11.0,INT-03,D5_Primary_3:0,D5_Primary_3:0/yolov8_bytetrack:track:85,G-102,,0.06870228737770884,18.690334416723747,True,True,False,candidate,stability_window_failed,
d5_cv_5v5_multicamera_formal_20260716_yolo_bytetrack:0044:D5_Primary_3:0,11.0,INT-03,D5_Primary_3:0,D5_Primary_3:0/yolov8_bytetrack:track:1,G-103,,0.04095936604558919,14.414502337778343,True,True,True,registered,registered_to_global_track,
d5_cv_5v5_multicamera_formal_20260716_yolo_bytetrack:0044:D5_Primary_3:0,11.0,INT-03,D5_Primary_3:0,D5_Primary_3:0/yolov8_bytetrack:track:49,G-103,,59.85227975443872,551.014672616838,False,False,False,rejected,geometry_gate_rejected,
d5_cv_5v5_multicamera_formal_20260716_yolo_bytetrack:0044:D5_Primary_3:0,11.0,INT-03,D5_Primary_3:0,D5_Primary_3:0/yolov8_bytetrack:track:12,G-103,,14.890930900464065,274.84239698586987,True,False,False,candidate,,
d5_cv_5v5_multicamera_formal_20260716_yolo_bytetrack:0044:D5_Primary_3:0,11.0,INT-03,D5_Primary_3:0,D5_Primary_3:0/yolov8_bytetrack:track:85,G-103,,17.659279813534734,299.30180514543594,False,False,False,rejected,geometry_gate_rejected,
d5_cv_5v5_multicamera_formal_20260716_yolo_bytetrack:0044:D5_Primary_3:0,11.0,INT-03,D5_Primary_3:0,D5_Primary_3:0/yolov8_bytetrack:track:1,G-104,,16.37867952938267,288.2460768968691,False,False,False,rejected,geometry_gate_rejected,
d5_cv_5v5_multicamera_formal_20260716_yolo_bytetrack:0044:D5_Primary_3:0,11.0,INT-03,D5_Primary_3:0,D5_Primary_3:0/yolov8_bytetrack:track:49,G-104,,14.695919646699386,273.0375131540559,True,False,False,candidate,,
d5_cv_5v5_multicamera_formal_20260716_yolo_bytetrack:0044:D5_Primary_3:0,11.0,INT-03,D5_Primary_3:0,D5_Primary_3:0/yolov8_bytetrack:track:12,G-104,,0.003882184363435298,4.436633409760774,True,True,True,registered,registered_to_global_track,
d5_cv_5v5_multicamera_formal_20260716_yolo_bytetrack:0044:D5_Primary_3:0,11.0,INT-03,D5_Primary_3:0,D5_Primary_3:0/yolov8_bytetrack:track:85,G-104,,65.64245708670768,577.0539024030496,False,False,False,rejected,geometry_gate_rejected,
d5_cv_5v5_multicamera_formal_20260716_yolo_bytetrack:0044:D5_Primary_3:0,11.0,INT-03,D5_Primary_3:0,D5_Primary_3:0/yolov8_bytetrack:track:1,G-105,,59.527705382770655,549.8504052451246,False,False,False,rejected,geometry_gate_rejected,
d5_cv_5v5_multicamera_formal_20260716_yolo_bytetrack:0044:D5_Primary_3:0,11.0,INT-03,D5_Primary_3:0,D5_Primary_3:0/yolov8_bytetrack:track:49,G-105,,0.030194627548999153,12.380104898108899,True,True,True,registered,registered_to_global_track,
d5_cv_5v5_multicamera_formal_20260716_yolo_bytetrack:0044:D5_Primary_3:0,11.0,INT-03,D5_Primary_3:0,D5_Primary_3:0/yolov8_bytetrack:track:12,G-105,,13.817597948875171,264.9116679759711,True,False,False,candidate,,
d5_cv_5v5_multicamera_formal_20260716_yolo_bytetrack:0044:D5_Primary_3:0,11.0,INT-03,D5_Primary_3:0,D5_Primary_3:0/yolov8_bytetrack:track:85,G-105,,138.48292638894495,838.6545325918747,False,False,False,rejected,geometry_gate_rejected,
d5_cv_5v5_multicamera_formal_20260716_yolo_bytetrack:0044:D5_Primary_4:0,11.0,INT-04,D5_Primary_4:0,D5_Primary_4:0/yolov8_bytetrack:track:1,G-101,G-104,152.52485172487087,885.0679395235506,False,False,False,rejected,geometry_gate_rejected,
d5_cv_5v5_multicamera_formal_20260716_yolo_bytetrack:0044:D5_Primary_4:0,11.0,INT-04,D5_Primary_4:0,D5_Primary_4:0/yolov8_bytetrack:track:7,G-101,G-105,269.44184672717404,1176.3561416894868,False,False,False,rejected,geometry_gate_rejected,
d5_cv_5v5_multicamera_formal_20260716_yolo_bytetrack:0044:D5_Primary_4:0,11.0,INT-04,D5_Primary_4:0,D5_Primary_4:0/yolov8_bytetrack:track:1,G-102,G-104,69.36533294631438,595.0344310279523,False,False,False,rejected,geometry_gate_rejected,
d5_cv_5v5_multicamera_formal_20260716_yolo_bytetrack:0044:D5_Primary_4:0,11.0,INT-04,D5_Primary_4:0,D5_Primary_4:0/yolov8_bytetrack:track:7,G-102,G-105,153.88626115629603,886.2795774309819,False,False,False,rejected,geometry_gate_rejected,
d5_cv_5v5_multicamera_formal_20260716_yolo_bytetrack:0044:D5_Primary_4:0,11.0,INT-04,D5_Primary_4:0,D5_Primary_4:0/yolov8_bytetrack:track:1,G-103,G-104,15.558994202048115,281.1582008854718,True,False,False,candidate,,
d5_cv_5v5_multicamera_formal_20260716_yolo_bytetrack:0044:D5_Primary_4:0,11.0,INT-04,D5_Primary_4:0,D5_Primary_4:0/yolov8_bytetrack:track:7,G-103,G-105,64.48152435937433,572.3709639014005,False,False,False,rejected,geometry_gate_rejected,
d5_cv_5v5_multicamera_formal_20260716_yolo_bytetrack:0044:D5_Primary_4:0,11.0,INT-04,D5_Primary_4:0,D5_Primary_4:0/yolov8_bytetrack:track:1,G-104,G-104,0.0045873807930128345,4.8245190476229345,True,True,True,registered,registered_to_global_track,True
d5_cv_5v5_multicamera_formal_20260716_yolo_bytetrack:0044:D5_Primary_4:0,11.0,INT-04,D5_Primary_4:0,D5_Primary_4:0/yolov8_bytetrack:track:7,G-104,G-105,16.275062522753327,287.3643937172299,False,False,False,rejected,geometry_gate_rejected,
d5_cv_5v5_multicamera_formal_20260716_yolo_bytetrack:0044:D5_Primary_4:0,11.0,INT-04,D5_Primary_4:0,D5_Primary_4:0/yolov8_bytetrack:track:1,G-105,G-104,15.6040247359824,281.417562356931,True,False,False,candidate,,
d5_cv_5v5_multicamera_formal_20260716_yolo_bytetrack:0044:D5_Primary_4:0,11.0,INT-04,D5_Primary_4:0,D5_Primary_4:0/yolov8_bytetrack:track:7,G-105,G-105,0.027175008107140734,11.742226118965647,True,True,True,registered,registered_to_global_track,True
d5_cv_5v5_multicamera_formal_20260716_yolo_bytetrack:0044:D5_Primary_5:0,11.0,INT-05,D5_Primary_5:0,D5_Primary_5:0/yolov8_bytetrack:track:1,G-101,G-105,,1135.8992877979726,False,False,False,rejected,projection_invalid,
d5_cv_5v5_multicamera_formal_20260716_yolo_bytetrack:0044:D5_Primary_5:0,11.0,INT-05,D5_Primary_5:0,D5_Primary_5:0/yolov8_bytetrack:track:1,G-102,G-105,147.0517198252816,867.518176116265,False,False,False,rejected,geometry_gate_rejected,
d5_cv_5v5_multicamera_formal_20260716_yolo_bytetrack:0044:D5_Primary_5:0,11.0,INT-05,D5_Primary_5:0,D5_Primary_5:0/yolov8_bytetrack:track:1,G-103,G-105,63.12130891215262,566.8193079364282,False,False,False,rejected,geometry_gate_rejected,
d5_cv_5v5_multicamera_formal_20260716_yolo_bytetrack:0044:D5_Primary_5:0,11.0,INT-05,D5_Primary_5:0,D5_Primary_5:0/yolov8_bytetrack:track:1,G-104,G-105,16.533835502630144,289.7344428649244,False,False,False,rejected,geometry_gate_rejected,
d5_cv_5v5_multicamera_formal_20260716_yolo_bytetrack:0044:D5_Primary_5:0,11.0,INT-05,D5_Primary_5:0,D5_Primary_5:0/yolov8_bytetrack:track:1,G-105,G-105,0.030710847661166007,12.480474895305072,True,True,True,registered,registered_to_global_track,True
d5_cv_5v5_multicamera_formal_20260716_yolo_bytetrack:0044:D5_Recon_1:0,11.0,RECON-01,D5_Recon_1:0,D5_Recon_1:0:det:0001,G-101,G-101,0.0001481165300556585,1.689033674384623,True,True,True,registered,registered_to_global_track,True
d5_cv_5v5_multicamera_formal_20260716_yolo_bytetrack:0044:D5_Recon_1:0,11.0,RECON-01,D5_Recon_1:0,D5_Recon_1:0:det:0002,G-101,G-102,3.520397656846576,260.3974147782376,True,False,False,candidate,,
d5_cv_5v5_multicamera_formal_20260716_yolo_bytetrack:0044:D5_Recon_1:0,11.0,RECON-01,D5_Recon_1:0,D5_Recon_1:0:det:0003,G-101,G-103,14.146137800104926,521.987074251406,True,False,False,candidate,,
d5_cv_5v5_multicamera_formal_20260716_yolo_bytetrack:0044:D5_Recon_1:0,11.0,RECON-01,D5_Recon_1:0,D5_Recon_1:0:det:0004,G-101,G-104,31.80698984078823,782.7121796050875,False,False,False,rejected,geometry_gate_rejected,
d5_cv_5v5_multicamera_formal_20260716_yolo_bytetrack:0044:D5_Recon_1:0,11.0,RECON-01,D5_Recon_1:0,D5_Recon_1:0:det:0005,G-101,G-105,56.38821259372038,1042.161369825657,False,False,False,rejected,geometry_gate_rejected,
d5_cv_5v5_multicamera_formal_20260716_yolo_bytetrack:0044:D5_Recon_1:0,11.0,RECON-01,D5_Recon_1:0,D5_Recon_1:0:det:0001,G-102,G-101,3.4411160628570845,257.41715319668634,True,False,False,candidate,,
d5_cv_5v5_multicamera_formal_20260716_yolo_bytetrack:0044:D5_Recon_1:0,11.0,RECON-01,D5_Recon_1:0,D5_Recon_1:0:det:0002,G-102,G-102,0.0022999967089316915,6.654904001114081,True,True,True,registered,registered_to_global_track,True
d5_cv_5v5_multicamera_formal_20260716_yolo_bytetrack:0044:D5_Recon_1:0,11.0,RECON-01,D5_Recon_1:0,D5_Recon_1:0:det:0003,G-102,G-103,3.6825879394546,266.29585929987076,True,False,False,candidate,,
d5_cv_5v5_multicamera_formal_20260716_yolo_bytetrack:0044:D5_Recon_1:0,11.0,RECON-01,D5_Recon_1:0,D5_Recon_1:0:det:0004,G-102,G-104,14.422669635968726,527.0000739412521,True,False,False,candidate,,
d5_cv_5v5_multicamera_formal_20260716_yolo_bytetrack:0044:D5_Recon_1:0,11.0,RECON-01,D5_Recon_1:0,D5_Recon_1:0:det:0005,G-102,G-105,32.11872241760822,786.4425052359171,False,False,False,rejected,geometry_gate_rejected,
d5_cv_5v5_multicamera_formal_20260716_yolo_bytetrack:0044:D5_Recon_1:0,11.0,RECON-01,D5_Recon_1:0,D5_Recon_1:0:det:0001,G-103,G-101,14.792354916483728,533.6720448154035,True,False,False,candidate,,
d5_cv_5v5_multicamera_formal_20260716_yolo_bytetrack:0044:D5_Recon_1:0,11.0,RECON-01,D5_Recon_1:0,D5_Recon_1:0:det:0002,G-103,G-102,3.8322800768416334,271.63417912932357,True,False,False,candidate,,
d5_cv_5v5_multicamera_formal_20260716_yolo_bytetrack:0044:D5_Recon_1:0,11.0,RECON-01,D5_Recon_1:0,D5_Recon_1:0:det:0003,G-103,G-103,0.005245418663562507,10.049532828444788,True,True,True,registered,registered_to_global_track,True
d5_cv_5v5_multicamera_formal_20260716_yolo_bytetrack:0044:D5_Recon_1:0,11.0,RECON-01,D5_Recon_1:0,D5_Recon_1:0:det:0004,G-103,G-104,3.2638620992334113,250.6811597605061,True,False,False,candidate,,
d5_cv_5v5_multicamera_formal_20260716_yolo_bytetrack:0044:D5_Recon_1:0,11.0,RECON-01,D5_Recon_1:0,D5_Recon_1:0:det:0005,G-103,G-105,13.51607413203595,510.1302498646319,True,False,False,candidate,,
d5_cv_5v5_multicamera_formal_20260716_yolo_bytetrack:0044:D5_Recon_1:0,11.0,RECON-01,D5_Recon_1:0,D5_Recon_1:0:det:0001,G-104,G-101,32.18490521166142,787.204763290678,False,False,False,rejected,geometry_gate_rejected,
d5_cv_5v5_multicamera_formal_20260716_yolo_bytetrack:0044:D5_Recon_1:0,11.0,RECON-01,D5_Recon_1:0,D5_Recon_1:0:det:0002,G-104,G-102,14.324660266651593,525.1746599690093,True,False,False,candidate,,
d5_cv_5v5_multicamera_formal_20260716_yolo_bytetrack:0044:D5_Recon_1:0,11.0,RECON-01,D5_Recon_1:0,D5_Recon_1:0:det:0003,G-104,G-103,3.6090430080195404,263.60741866977384,True,False,False,candidate,,
d5_cv_5v5_multicamera_formal_20260716_yolo_bytetrack:0044:D5_Recon_1:0,11.0,RECON-01,D5_Recon_1:0,D5_Recon_1:0:det:0004,G-104,G-104,0.0016574550347722241,5.6489609213091585,True,True,True,registered,registered_to_global_track,True
d5_cv_5v5_multicamera_formal_20260716_yolo_bytetrack:0044:D5_Recon_1:0,11.0,RECON-01,D5_Recon_1:0,D5_Recon_1:0:det:0005,G-104,G-105,3.4213037376614532,256.65952519268916,True,False,False,candidate,,
d5_cv_5v5_multicamera_formal_20260716_yolo_bytetrack:0044:D5_Recon_1:0,11.0,RECON-01,D5_Recon_1:0,D5_Recon_1:0:det:0001,G-105,G-101,55.87267674227772,1037.3171893361596,False,False,False,rejected,geometry_gate_rejected,
d5_cv_5v5_multicamera_formal_20260716_yolo_bytetrack:0044:D5_Recon_1:0,11.0,RECON-01,D5_Recon_1:0,D5_Recon_1:0:det:0002,G-105,G-102,31.209963398349274,775.2797943841355,False,False,False,rejected,geometry_gate_rejected,
d5_cv_5v5_multicamera_formal_20260716_yolo_bytetrack:0044:D5_Recon_1:0,11.0,RECON-01,D5_Recon_1:0,D5_Recon_1:0:det:0003,G-105,G-103,13.701896821899732,513.6912664808335,True,False,False,candidate,,
d5_cv_5v5_multicamera_formal_20260716_yolo_bytetrack:0044:D5_Recon_1:0,11.0,RECON-01,D5_Recon_1:0,D5_Recon_1:0:det:0004,G-105,G-104,3.3228764477876833,252.9699476884881,True,False,False,candidate,,
d5_cv_5v5_multicamera_formal_20260716_yolo_bytetrack:0044:D5_Recon_1:0,11.0,RECON-01,D5_Recon_1:0,D5_Recon_1:0:det:0005,G-105,G-105,0.0023745297101837406,6.762305002106834,True,True,True,registered,registered_to_global_track,True
d5_cv_5v5_multicamera_formal_20260716_yolo_bytetrack:0045:D5_Primary_1:0,11.25,INT-01,D5_Primary_1:0,D5_Primary_1:0/yolov8_bytetrack:track:1,G-101,G-101,0.010380006400050884,7.256476051524976,True,True,True,registered,registered_to_global_track,True
d5_cv_5v5_multicamera_formal_20260716_yolo_bytetrack:0045:D5_Primary_1:0,11.25,INT-01,D5_Primary_1:0,D5_Primary_1:0/yolov8_bytetrack:track:2,G-101,G-103,51.344455833370816,510.35662341164823,False,False,False,rejected,geometry_gate_rejected,
d5_cv_5v5_multicamera_formal_20260716_yolo_bytetrack:0045:D5_Primary_1:0,11.25,INT-01,D5_Primary_1:0,D5_Primary_1:0/yolov8_bytetrack:track:1,G-102,G-101,13.66535730214686,263.050288445881,True,False,False,candidate,,
d5_cv_5v5_multicamera_formal_20260716_yolo_bytetrack:0045:D5_Primary_1:0,11.25,INT-01,D5_Primary_1:0,D5_Primary_1:0/yolov8_bytetrack:track:2,G-102,G-103,12.148248273671916,248.01829706118846,True,False,False,candidate,,
d5_cv_5v5_multicamera_formal_20260716_yolo_bytetrack:0045:D5_Primary_1:0,11.25,INT-01,D5_Primary_1:0,D5_Primary_1:0/yolov8_bytetrack:track:1,G-103,G-101,53.072573854515284,518.1727782510343,False,False,False,rejected,geometry_gate_rejected,
d5_cv_5v5_multicamera_formal_20260716_yolo_bytetrack:0045:D5_Primary_1:0,11.25,INT-01,D5_Primary_1:0,D5_Primary_1:0/yolov8_bytetrack:track:2,G-103,G-103,0.014896679049930734,8.677984670683502,True,True,True,registered,registered_to_global_track,True
d5_cv_5v5_multicamera_formal_20260716_yolo_bytetrack:0045:D5_Primary_1:0,11.25,INT-01,D5_Primary_1:0,D5_Primary_1:0/yolov8_bytetrack:track:1,G-104,G-101,108.2880503703728,740.3869710048538,False,False,False,rejected,geometry_gate_rejected,
d5_cv_5v5_multicamera_formal_20260716_yolo_bytetrack:0045:D5_Primary_1:0,11.25,INT-01,D5_Primary_1:0,D5_Primary_1:0/yolov8_bytetrack:track:2,G-104,G-103,10.430547194811474,229.78509221340158,True,False,False,candidate,,
d5_cv_5v5_multicamera_formal_20260716_yolo_bytetrack:0045:D5_Primary_1:0,11.25,INT-01,D5_Primary_1:0,D5_Primary_1:0/yolov8_bytetrack:track:1,G-105,G-101,173.2641579199478,936.7773517883401,False,False,False,rejected,geometry_gate_rejected,
d5_cv_5v5_multicamera_formal_20260716_yolo_bytetrack:0045:D5_Primary_1:0,11.25,INT-01,D5_Primary_1:0,D5_Primary_1:0/yolov8_bytetrack:track:2,G-105,G-103,35.8571553670831,426.15727145033924,False,False,False,rejected,geometry_gate_rejected,
d5_cv_5v5_multicamera_formal_20260716_yolo_bytetrack:0045:D5_Primary_2:0,11.25,INT-02,D5_Primary_2:0,D5_Primary_2:0/yolov8_bytetrack:track:1,G-101,G-102,16.73451217035655,291.89512015666156,False,False,False,rejected,geometry_gate_rejected,
d5_cv_5v5_multicamera_formal_20260716_yolo_bytetrack:0045:D5_Primary_2:0,11.25,INT-02,D5_Primary_2:0,D5_Primary_2:0/yolov8_bytetrack:track:3,G-101,G-104,133.39601430040713,824.122306123097,False,False,False,rejected,geometry_gate_rejected,
d5_cv_5v5_multicamera_formal_20260716_yolo_bytetrack:0045:D5_Primary_2:0,11.25,INT-02,D5_Primary_2:0,D5_Primary_2:0/yolov8_bytetrack:track:2,G-101,G-101,0.04033237665474451,14.327167883842534,True,True,True,registered,registered_to_global_track,True
d5_cv_5v5_multicamera_formal_20260716_yolo_bytetrack:0045:D5_Primary_2:0,11.25,INT-02,D5_Primary_2:0,D5_Primary_2:0/yolov8_bytetrack:track:1,G-102,G-102,0.04666315126733295,15.388463787869949,True,True,True,registered,registered_to_global_track,True
d5_cv_5v5_multicamera_formal_20260716_yolo_bytetrack:0045:D5_Primary_2:0,11.25,INT-02,D5_Primary_2:0,D5_Primary_2:0/yolov8_bytetrack:track:3,G-102,G-104,57.050507032090486,538.0684838482613,False,False,False,rejected,geometry_gate_rejected,
d5_cv_5v5_multicamera_formal_20260716_yolo_bytetrack:0045:D5_Primary_2:0,11.25,INT-02,D5_Primary_2:0,D5_Primary_2:0/yolov8_bytetrack:track:2,G-102,G-101,17.540171748558382,298.3490917758083,False,False,False,rejected,geometry_gate_rejected,
d5_cv_5v5_multicamera_formal_20260716_yolo_bytetrack:0045:D5_Primary_2:0,11.25,INT-02,D5_Primary_2:0,D5_Primary_2:0/yolov8_bytetrack:track:1,G-103,G-102,15.74902170877311,282.48151056576114,True,False,False,candidate,,
d5_cv_5v5_multicamera_formal_20260716_yolo_bytetrack:0045:D5_Primary_2:0,11.25,INT-02,D5_Primary_2:0,D5_Primary_2:0/yolov8_bytetrack:track:3,G-103,G-104,12.35025401471655,250.14988861665182,True,False,False,candidate,,
d5_cv_5v5_multicamera_formal_20260716_yolo_bytetrack:0045:D5_Primary_2:0,11.25,INT-02,D5_Primary_2:0,D5_Primary_2:0/yolov8_bytetrack:track:2,G-103,G-101,67.77693253654627,586.0088276065384,False,False,False,rejected,geometry_gate_rejected,
d5_cv_5v5_multicamera_formal_20260716_yolo_bytetrack:0045:D5_Primary_2:0,11.25,INT-02,D5_Primary_2:0,D5_Primary_2:0/yolov8_bytetrack:track:1,G-104,G-102,56.572692984967574,535.5641419774653,False,False,False,rejected,geometry_gate_rejected,
d5_cv_5v5_multicamera_formal_20260716_yolo_bytetrack:0045:D5_Primary_2:0,11.25,INT-02,D5_Primary_2:0,D5_Primary_2:0/yolov8_bytetrack:track:3,G-104,G-104,0.002394642328022715,3.4835523752591673,True,True,True,registered,registered_to_global_track,True
d5_cv_5v5_multicamera_formal_20260716_yolo_bytetrack:0045:D5_Primary_2:0,11.25,INT-02,D5_Primary_2:0,D5_Primary_2:0/yolov8_bytetrack:track:2,G-104,G-101,138.89912875488534,839.1852313948142,False,False,False,rejected,geometry_gate_rejected,
d5_cv_5v5_multicamera_formal_20260716_yolo_bytetrack:0045:D5_Primary_2:0,11.25,INT-02,D5_Primary_2:0,D5_Primary_2:0/yolov8_bytetrack:track:1,G-105,G-102,115.61684969835969,766.0666178836293,False,False,False,rejected,geometry_gate_rejected,
d5_cv_5v5_multicamera_formal_20260716_yolo_bytetrack:0045:D5_Primary_2:0,11.25,INT-02,D5_Primary_2:0,D5_Primary_2:0/yolov8_bytetrack:track:3,G-105,G-104,10.765033166645127,233.75636539507943,True,False,False,candidate,,
d5_cv_5v5_multicamera_formal_20260716_yolo_bytetrack:0045:D5_Primary_2:0,11.25,INT-02,D5_Primary_2:0,D5_Primary_2:0/yolov8_bytetrack:track:2,G-105,G-101,225.42310643020903,1069.6832424319066,False,False,False,rejected,geometry_gate_rejected,
d5_cv_5v5_multicamera_formal_20260716_yolo_bytetrack:0045:D5_Primary_3:0,11.25,INT-03,D5_Primary_3:0,D5_Primary_3:0/yolov8_bytetrack:track:1,G-101,G-103,68.55579107891668,592.0992090231925,False,False,False,rejected,geometry_gate_rejected,
d5_cv_5v5_multicamera_formal_20260716_yolo_bytetrack:0045:D5_Primary_3:0,11.25,INT-03,D5_Primary_3:0,D5_Primary_3:0/yolov8_bytetrack:track:49,G-101,G-105,256.76587904016344,1145.884981933069,False,False,False,rejected,geometry_gate_rejected,
d5_cv_5v5_multicamera_formal_20260716_yolo_bytetrack:0045:D5_Primary_3:0,11.25,INT-03,D5_Primary_3:0,D5_Primary_3:0/yolov8_bytetrack:track:12,G-101,G-104,148.9831121882933,872.8526411027254,False,False,False,rejected,geometry_gate_rejected,
d5_cv_5v5_multicamera_formal_20260716_yolo_bytetrack:0045:D5_Primary_3:0,11.25,INT-03,D5_Primary_3:0,D5_Primary_3:0/yolov8_bytetrack:track:1,G-102,G-103,17.395427965538474,297.5118105905446,False,False,False,rejected,geometry_gate_rejected,
d5_cv_5v5_multicamera_formal_20260716_yolo_bytetrack:0045:D5_Primary_3:0,11.25,INT-03,D5_Primary_3:0,D5_Primary_3:0/yolov8_bytetrack:track:49,G-102,G-105,142.35456080172847,851.0834059854247,False,False,False,rejected,geometry_gate_rejected,
d5_cv_5v5_multicamera_formal_20260716_yolo_bytetrack:0045:D5_Primary_3:0,11.25,INT-03,D5_Primary_3:0,D5_Primary_3:0/yolov8_bytetrack:track:12,G-102,G-104,65.68420096675673,578.1187107229011,False,False,False,rejected,geometry_gate_rejected,
d5_cv_5v5_multicamera_formal_20260716_yolo_bytetrack:0045:D5_Primary_3:0,11.25,INT-03,D5_Primary_3:0,D5_Primary_3:0/yolov8_bytetrack:track:1,G-103,G-103,0.04089561479242807,14.4032745317391,True,True,True,registered,registered_to_global_track,True
d5_cv_5v5_multicamera_formal_20260716_yolo_bytetrack:0045:D5_Primary_3:0,11.25,INT-03,D5_Primary_3:0,D5_Primary_3:0/yolov8_bytetrack:track:49,G-103,G-105,58.22870084250026,543.4895511755252,False,False,False,rejected,geometry_gate_rejected,
d5_cv_5v5_multicamera_formal_20260716_yolo_bytetrack:0045:D5_Primary_3:0,11.25,INT-03,D5_Primary_3:0,D5_Primary_3:0/yolov8_bytetrack:track:12,G-103,G-104,14.430906887937953,270.56364966469283,True,False,False,candidate,,
d5_cv_5v5_multicamera_formal_20260716_yolo_bytetrack:0045:D5_Primary_3:0,11.25,INT-03,D5_Primary_3:0,D5_Primary_3:0/yolov8_bytetrack:track:1,G-104,G-103,15.991914900659948,284.81419759459567,True,False,False,candidate,,
d5_cv_5v5_multicamera_formal_20260716_yolo_bytetrack:0045:D5_Primary_3:0,11.25,INT-03,D5_Primary_3:0,D5_Primary_3:0/yolov8_bytetrack:track:49,G-104,G-105,14.268475014676863,269.0296608907811,True,False,False,candidate,,
d5_cv_5v5_multicamera_formal_20260716_yolo_bytetrack:0045:D5_Primary_3:0,11.25,INT-03,D5_Primary_3:0,D5_Primary_3:0/yolov8_bytetrack:track:12,G-104,G-104,0.0051105310122286675,5.090482033992902,True,True,True,registered,registered_to_global_track,True
d5_cv_5v5_multicamera_formal_20260716_yolo_bytetrack:0045:D5_Primary_3:0,11.25,INT-03,D5_Primary_3:0,D5_Primary_3:0/yolov8_bytetrack:track:1,G-105,G-103,58.030475858181354,542.8481248239868,False,False,False,rejected,geometry_gate_rejected,
d5_cv_5v5_multicamera_formal_20260716_yolo_bytetrack:0045:D5_Primary_3:0,11.25,INT-03,D5_Primary_3:0,D5_Primary_3:0/yolov8_bytetrack:track:49,G-105,G-105,0.027279913362117252,11.767031641961756,True,True,True,registered,registered_to_global_track,True
d5_cv_5v5_multicamera_formal_20260716_yolo_bytetrack:0045:D5_Primary_3:0,11.25,INT-03,D5_Primary_3:0,D5_Primary_3:0/yolov8_bytetrack:track:12,G-105,G-104,13.529779396206568,262.11716043956733,True,False,False,candidate,,
d5_cv_5v5_multicamera_formal_20260716_yolo_bytetrack:0045:D5_Primary_4:0,11.25,INT-04,D5_Primary_4:0,D5_Primary_4:0/yolov8_bytetrack:track:1,G-101,G-104,149.32845963944388,875.6884380981946,False,False,False,rejected,geometry_gate_rejected,
d5_cv_5v5_multicamera_formal_20260716_yolo_bytetrack:0045:D5_Primary_4:0,11.25,INT-04,D5_Primary_4:0,D5_Primary_4:0/yolov8_bytetrack:track:7,G-101,G-105,263.3821063094065,1162.9778813149094,False,False,False,rejected,geometry_gate_rejected,
d5_cv_5v5_multicamera_formal_20260716_yolo_bytetrack:0045:D5_Primary_4:0,11.25,INT-04,D5_Primary_4:0,D5_Primary_4:0/yolov8_bytetrack:track:1,G-102,G-104,67.87881090831095,588.6098401456948,False,False,False,rejected,geometry_gate_rejected,
d5_cv_5v5_multicamera_formal_20260716_yolo_bytetrack:0045:D5_Primary_4:0,11.25,INT-04,D5_Primary_4:0,D5_Primary_4:0/yolov8_bytetrack:track:7,G-102,G-105,150.2954560089419,875.8571768908517,False,False,False,rejected,geometry_gate_rejected,
d5_cv_5v5_multicamera_formal_20260716_yolo_bytetrack:0045:D5_Primary_4:0,11.25,INT-04,D5_Primary_4:0,D5_Primary_4:0/yolov8_bytetrack:track:1,G-103,G-104,15.198899029776845,277.88564695698426,True,False,False,candidate,,
d5_cv_5v5_multicamera_formal_20260716_yolo_bytetrack:0045:D5_Primary_4:0,11.25,INT-04,D5_Primary_4:0,D5_Primary_4:0/yolov8_bytetrack:track:7,G-103,G-105,62.85363920282251,565.0998832536824,False,False,False,rejected,geometry_gate_rejected,
d5_cv_5v5_multicamera_formal_20260716_yolo_bytetrack:0045:D5_Primary_4:0,11.25,INT-04,D5_Primary_4:0,D5_Primary_4:0/yolov8_bytetrack:track:1,G-104,G-104,0.004603750514700017,4.833115065641909,True,True,True,registered,registered_to_global_track,True
d5_cv_5v5_multicamera_formal_20260716_yolo_bytetrack:0045:D5_Primary_4:0,11.25,INT-04,D5_Primary_4:0,D5_Primary_4:0/yolov8_bytetrack:track:7,G-104,G-105,15.82896492862996,283.3984666093879,True,False,False,candidate,,
d5_cv_5v5_multicamera_formal_20260716_yolo_bytetrack:0045:D5_Primary_4:0,11.25,INT-04,D5_Primary_4:0,D5_Primary_4:0/yolov8_bytetrack:track:1,G-105,G-104,15.222254325148775,277.94615411854636,True,False,False,candidate,,
d5_cv_5v5_multicamera_formal_20260716_yolo_bytetrack:0045:D5_Primary_4:0,11.25,INT-04,D5_Primary_4:0,D5_Primary_4:0/yolov8_bytetrack:track:7,G-105,G-105,0.025772307556399893,11.434669355745324,True,True,True,registered,registered_to_global_track,True
d5_cv_5v5_multicamera_formal_20260716_yolo_bytetrack:0045:D5_Primary_5:0,11.25,INT-05,D5_Primary_5:0,D5_Primary_5:0/yolov8_bytetrack:track:1,G-101,G-105,,1126.1775671408184,False,False,False,rejected,projection_invalid,
d5_cv_5v5_multicamera_formal_20260716_yolo_bytetrack:0045:D5_Primary_5:0,11.25,INT-05,D5_Primary_5:0,D5_Primary_5:0/yolov8_bytetrack:track:1,G-102,G-105,144.67959237425515,860.438855093553,False,False,False,rejected,geometry_gate_rejected,
d5_cv_5v5_multicamera_formal_20260716_yolo_bytetrack:0045:D5_Primary_5:0,11.25,INT-05,D5_Primary_5:0,D5_Primary_5:0/yolov8_bytetrack:track:1,G-103,G-105,62.188196409016186,562.6021919025533,False,False,False,rejected,geometry_gate_rejected,
d5_cv_5v5_multicamera_formal_20260716_yolo_bytetrack:0045:D5_Primary_5:0,11.25,INT-05,D5_Primary_5:0,D5_Primary_5:0/yolov8_bytetrack:track:1,G-104,G-105,16.398847097794548,288.5493645360558,False,False,False,rejected,geometry_gate_rejected,
d5_cv_5v5_multicamera_formal_20260716_yolo_bytetrack:0045:D5_Primary_5:0,11.25,INT-05,D5_Primary_5:0,D5_Primary_5:0/yolov8_bytetrack:track:1,G-105,G-105,0.03963031679029176,14.177499131903957,True,True,True,registered,registered_to_global_track,True
d5_cv_5v5_multicamera_formal_20260716_yolo_bytetrack:0045:D5_Recon_1:0,11.25,RECON-01,D5_Recon_1:0,D5_Recon_1:0:det:0001,G-101,G-101,0.00015198686766028686,1.7109462351945686,True,True,True,registered,registered_to_global_track,True
d5_cv_5v5_multicamera_formal_20260716_yolo_bytetrack:0045:D5_Recon_1:0,11.25,RECON-01,D5_Recon_1:0,D5_Recon_1:0:det:0002,G-101,G-102,3.4365353398429113,257.27525823864715,True,False,False,candidate,,
d5_cv_5v5_multicamera_formal_20260716_yolo_bytetrack:0045:D5_Recon_1:0,11.25,RECON-01,D5_Recon_1:0,D5_Recon_1:0:det:0003,G-101,G-103,13.809588102277582,515.7366302019208,True,False,False,candidate,,
d5_cv_5v5_multicamera_formal_20260716_yolo_bytetrack:0045:D5_Recon_1:0,11.25,RECON-01,D5_Recon_1:0,D5_Recon_1:0:det:0004,G-101,G-104,31.04752504953837,773.3055174304569,False,False,False,rejected,geometry_gate_rejected,
d5_cv_5v5_multicamera_formal_20260716_yolo_bytetrack:0045:D5_Recon_1:0,11.25,RECON-01,D5_Recon_1:0,D5_Recon_1:0:det:0005,G-101,G-105,55.03456232248736,1029.5688023417244,False,False,False,rejected,geometry_gate_rejected,
d5_cv_5v5_multicamera_formal_20260716_yolo_bytetrack:0045:D5_Recon_1:0,11.25,RECON-01,D5_Recon_1:0,D5_Recon_1:0:det:0001,G-102,G-101,3.358834464846655,254.31974036207444,True,False,False,candidate,,
d5_cv_5v5_multicamera_formal_20260716_yolo_bytetrack:0045:D5_Recon_1:0,11.25,RECON-01,D5_Recon_1:0,D5_Recon_1:0:det:0002,G-102,G-102,0.0022693377732661752,6.610374236293493,True,True,True,registered,registered_to_global_track,True
d5_cv_5v5_multicamera_formal_20260716_yolo_bytetrack:0045:D5_Recon_1:0,11.25,RECON-01,D5_Recon_1:0,D5_Recon_1:0:det:0003,G-102,G-103,3.5964428731707305,263.16151702697755,True,False,False,candidate,,
d5_cv_5v5_multicamera_formal_20260716_yolo_bytetrack:0045:D5_Recon_1:0,11.25,RECON-01,D5_Recon_1:0,D5_Recon_1:0:det:0004,G-102,G-104,14.080557942978473,520.7097722405335,True,False,False,candidate,,
d5_cv_5v5_multicamera_formal_20260716_yolo_bytetrack:0045:D5_Recon_1:0,11.25,RECON-01,D5_Recon_1:0,D5_Recon_1:0:det:0005,G-102,G-105,31.349663620332738,776.9663989174991,False,False,False,rejected,geometry_gate_rejected,
d5_cv_5v5_multicamera_formal_20260716_yolo_bytetrack:0045:D5_Recon_1:0,11.25,RECON-01,D5_Recon_1:0,D5_Recon_1:0:det:0001,G-103,G-101,14.449010206273702,527.4399194922604,True,False,False,candidate,,
d5_cv_5v5_multicamera_formal_20260716_yolo_bytetrack:0045:D5_Recon_1:0,11.25,RECON-01,D5_Recon_1:0,D5_Recon_1:0:det:0002,G-103,G-102,3.744510863384932,268.50445444096914,True,False,False,candidate,,
d5_cv_5v5_multicamera_formal_20260716_yolo_bytetrack:0045:D5_Recon_1:0,11.25,RECON-01,D5_Recon_1:0,D5_Recon_1:0:det:0003,G-103,G-103,0.005243661098817966,10.04780632013514,True,True,True,registered,registered_to_global_track,True
d5_cv_5v5_multicamera_formal_20260716_yolo_bytetrack:0045:D5_Recon_1:0,11.25,RECON-01,D5_Recon_1:0,D5_Recon_1:0:det:0004,G-103,G-104,3.1822556158620117,247.5263730811819,True,False,False,candidate,,
d5_cv_5v5_multicamera_formal_20260716_yolo_bytetrack:0045:D5_Recon_1:0,11.25,RECON-01,D5_Recon_1:0,D5_Recon_1:0:det:0005,G-103,G-105,13.182277176509334,503.78956424971943,True,False,False,candidate,,
d5_cv_5v5_multicamera_formal_20260716_yolo_bytetrack:0045:D5_Recon_1:0,11.25,RECON-01,D5_Recon_1:0,D5_Recon_1:0:det:0001,G-104,G-101,31.420604107372935,777.7971145469502,False,False,False,rejected,geometry_gate_rejected,
d5_cv_5v5_multicamera_formal_20260716_yolo_bytetrack:0045:D5_Recon_1:0,11.25,RECON-01,D5_Recon_1:0,D5_Recon_1:0:det:0002,G-104,G-102,13.982930049349413,518.8695160179857,True,False,False,candidate,,
d5_cv_5v5_multicamera_formal_20260716_yolo_bytetrack:0045:D5_Recon_1:0,11.25,RECON-01,D5_Recon_1:0,D5_Recon_1:0:det:0003,G-104,G-103,3.522626606138058,260.43081580388434,True,False,False,candidate,,
d5_cv_5v5_multicamera_formal_20260716_yolo_bytetrack:0045:D5_Recon_1:0,11.25,RECON-01,D5_Recon_1:0,D5_Recon_1:0:det:0004,G-104,G-104,0.001650306454729894,5.636736878505391,True,True,True,registered,registered_to_global_track,True
d5_cv_5v5_multicamera_formal_20260716_yolo_bytetrack:0045:D5_Recon_1:0,11.25,RECON-01,D5_Recon_1:0,D5_Recon_1:0:det:0005,G-104,G-105,3.3374987909995717,253.49511539868328,True,False,False,candidate,,
d5_cv_5v5_multicamera_formal_20260716_yolo_bytetrack:0045:D5_Recon_1:0,11.25,RECON-01,D5_Recon_1:0,D5_Recon_1:0:det:0001,G-105,G-101,54.52760029527952,1024.745048126085,False,False,False,rejected,geometry_gate_rejected,
d5_cv_5v5_multicamera_formal_20260716_yolo_bytetrack:0045:D5_Recon_1:0,11.25,RECON-01,D5_Recon_1:0,D5_Recon_1:0:det:0002,G-105,G-102,30.452776389636686,765.810087258043,False,False,False,rejected,geometry_gate_rejected,
d5_cv_5v5_multicamera_formal_20260716_yolo_bytetrack:0045:D5_Recon_1:0,11.25,RECON-01,D5_Recon_1:0,D5_Recon_1:0:det:0003,G-105,G-103,13.36595205342548,507.3499071562899,True,False,False,candidate,,
d5_cv_5v5_multicamera_formal_20260716_yolo_bytetrack:0045:D5_Recon_1:0,11.25,RECON-01,D5_Recon_1:0,D5_Recon_1:0:det:0004,G-105,G-104,3.2397948312204417,249.78501932422927,True,False,False,candidate,,
d5_cv_5v5_multicamera_formal_20260716_yolo_bytetrack:0045:D5_Recon_1:0,11.25,RECON-01,D5_Recon_1:0,D5_Recon_1:0:det:0005,G-105,G-105,0.0023820679754496697,6.772963860787569,True,True,True,registered,registered_to_global_track,True
d5_cv_5v5_multicamera_formal_20260716_yolo_bytetrack:0046:D5_Primary_1:0,11.5,INT-01,D5_Primary_1:0,D5_Primary_1:0/yolov8_bytetrack:track:1,G-101,G-101,0.011085743710566778,7.499094906825204,True,True,True,registered,registered_to_global_track,True
d5_cv_5v5_multicamera_formal_20260716_yolo_bytetrack:0046:D5_Primary_1:0,11.5,INT-01,D5_Primary_1:0,D5_Primary_1:0/yolov8_bytetrack:track:2,G-101,G-103,50.18993094938545,504.58548391639204,False,False,False,rejected,geometry_gate_rejected,
d5_cv_5v5_multicamera_formal_20260716_yolo_bytetrack:0046:D5_Primary_1:0,11.5,INT-01,D5_Primary_1:0,D5_Primary_1:0/yolov8_bytetrack:track:1,G-102,G-101,13.326133569528354,259.75693817092974,True,False,False,candidate,,
d5_cv_5v5_multicamera_formal_20260716_yolo_bytetrack:0046:D5_Primary_1:0,11.5,INT-01,D5_Primary_1:0,D5_Primary_1:0/yolov8_bytetrack:track:2,G-102,G-103,11.948373192092358,245.96198338209177,True,False,False,candidate,,
d5_cv_5v5_multicamera_formal_20260716_yolo_bytetrack:0046:D5_Primary_1:0,11.5,INT-01,D5_Primary_1:0,D5_Primary_1:0/yolov8_bytetrack:track:1,G-103,G-101,51.665354352357475,511.21748827992803,False,False,False,rejected,geometry_gate_rejected,
d5_cv_5v5_multicamera_formal_20260716_yolo_bytetrack:0046:D5_Primary_1:0,11.5,INT-01,D5_Primary_1:0,D5_Primary_1:0/yolov8_bytetrack:track:2,G-103,G-103,0.012160857598249995,7.838127358298962,True,True,True,registered,registered_to_global_track,True
d5_cv_5v5_multicamera_formal_20260716_yolo_bytetrack:0046:D5_Primary_1:0,11.5,INT-01,D5_Primary_1:0,D5_Primary_1:0/yolov8_bytetrack:track:1,G-104,G-101,105.26070290130512,729.8663324300435,False,False,False,rejected,geometry_gate_rejected,
d5_cv_5v5_multicamera_formal_20260716_yolo_bytetrack:0046:D5_Primary_1:0,11.5,INT-01,D5_Primary_1:0,D5_Primary_1:0/yolov8_bytetrack:track:2,G-104,G-103,9.972361867723649,224.65138948451985,True,False,False,candidate,,
d5_cv_5v5_multicamera_formal_20260716_yolo_bytetrack:0046:D5_Primary_1:0,11.5,INT-01,D5_Primary_1:0,D5_Primary_1:0/yolov8_bytetrack:track:1,G-105,G-101,168.21718646654057,922.8546316881108,False,False,False,rejected,geometry_gate_rejected,
d5_cv_5v5_multicamera_formal_20260716_yolo_bytetrack:0046:D5_Primary_1:0,11.5,INT-01,D5_Primary_1:0,D5_Primary_1:0/yolov8_bytetrack:track:2,G-105,G-103,34.44954834957863,417.62825344802104,False,False,False,rejected,geometry_gate_rejected,
d5_cv_5v5_multicamera_formal_20260716_yolo_bytetrack:0046:D5_Primary_2:0,11.5,INT-02,D5_Primary_2:0,D5_Primary_2:0/yolov8_bytetrack:track:1,G-101,G-102,16.26375519093954,287.76129338621115,False,False,False,rejected,geometry_gate_rejected,
d5_cv_5v5_multicamera_formal_20260716_yolo_bytetrack:0046:D5_Primary_2:0,11.5,INT-02,D5_Primary_2:0,D5_Primary_2:0/yolov8_bytetrack:track:3,G-101,,130.54248369714225,815.2631850431978,False,False,False,rejected,geometry_gate_rejected,
d5_cv_5v5_multicamera_formal_20260716_yolo_bytetrack:0046:D5_Primary_2:0,11.5,INT-02,D5_Primary_2:0,D5_Primary_2:0/yolov8_bytetrack:track:2,G-101,G-101,0.05103742678161452,16.11777649418956,True,True,True,registered,registered_to_global_track,True
d5_cv_5v5_multicamera_formal_20260716_yolo_bytetrack:0046:D5_Primary_2:0,11.5,INT-02,D5_Primary_2:0,D5_Primary_2:0/yolov8_bytetrack:track:38,G-101,,0.015088477947543515,8.759994268177824,True,False,False,candidate,,
d5_cv_5v5_multicamera_formal_20260716_yolo_bytetrack:0046:D5_Primary_2:0,11.5,INT-02,D5_Primary_2:0,D5_Primary_2:0/yolov8_bytetrack:track:1,G-102,G-102,0.04652566285997295,15.36575532426774,True,False,False,candidate,,
d5_cv_5v5_multicamera_formal_20260716_yolo_bytetrack:0046:D5_Primary_2:0,11.5,INT-02,D5_Primary_2:0,D5_Primary_2:0/yolov8_bytetrack:track:3,G-102,,55.9267357359433,532.7419718907457,False,False,False,rejected,geometry_gate_rejected,
d5_cv_5v5_multicamera_formal_20260716_yolo_bytetrack:0046:D5_Primary_2:0,11.5,INT-02,D5_Primary_2:0,D5_Primary_2:0/yolov8_bytetrack:track:2,G-102,G-101,17.399379065877454,297.1488486757144,False,False,False,rejected,geometry_gate_rejected,
d5_cv_5v5_multicamera_formal_20260716_yolo_bytetrack:0046:D5_Primary_2:0,11.5,INT-02,D5_Primary_2:0,D5_Primary_2:0/yolov8_bytetrack:track:38,G-102,,15.998346688636515,284.9342979311166,True,True,False,candidate,stability_window_failed,
d5_cv_5v5_multicamera_formal_20260716_yolo_bytetrack:0046:D5_Primary_2:0,11.5,INT-02,D5_Primary_2:0,D5_Primary_2:0/yolov8_bytetrack:track:1,G-103,G-102,15.418573872249338,279.49347345239863,True,True,False,candidate,stability_window_failed,False
d5_cv_5v5_multicamera_formal_20260716_yolo_bytetrack:0046:D5_Primary_2:0,11.5,INT-02,D5_Primary_2:0,D5_Primary_2:0/yolov8_bytetrack:track:3,G-103,,12.181452103946032,248.42668582405452,True,False,False,candidate,,
d5_cv_5v5_multicamera_formal_20260716_yolo_bytetrack:0046:D5_Primary_2:0,11.5,INT-02,D5_Primary_2:0,D5_Primary_2:0/yolov8_bytetrack:track:2,G-103,G-101,66.67695946739137,581.2158151396396,False,False,False,rejected,geometry_gate_rejected,
d5_cv_5v5_multicamera_formal_20260716_yolo_bytetrack:0046:D5_Primary_2:0,11.5,INT-02,D5_Primary_2:0,D5_Primary_2:0/yolov8_bytetrack:track:38,G-103,,63.89459928637096,568.9598452084032,False,False,False,rejected,geometry_gate_rejected,
d5_cv_5v5_multicamera_formal_20260716_yolo_bytetrack:0046:D5_Primary_2:0,11.5,INT-02,D5_Primary_2:0,D5_Primary_2:0/yolov8_bytetrack:track:1,G-104,G-102,55.19254167800113,528.9479549074159,False,False,False,rejected,geometry_gate_rejected,
d5_cv_5v5_multicamera_formal_20260716_yolo_bytetrack:0046:D5_Primary_2:0,11.5,INT-02,D5_Primary_2:0,D5_Primary_2:0/yolov8_bytetrack:track:3,G-104,,0.0006208619470751161,1.7727438325605316,True,True,True,registered,registered_to_global_track,
d5_cv_5v5_multicamera_formal_20260716_yolo_bytetrack:0046:D5_Primary_2:0,11.5,INT-02,D5_Primary_2:0,D5_Primary_2:0/yolov8_bytetrack:track:2,G-104,G-101,136.1517369571497,830.7767712260907,False,False,False,rejected,geometry_gate_rejected,
d5_cv_5v5_multicamera_formal_20260716_yolo_bytetrack:0046:D5_Primary_2:0,11.5,INT-02,D5_Primary_2:0,D5_Primary_2:0/yolov8_bytetrack:track:38,G-104,,132.15972242126904,818.5068358333147,False,False,False,rejected,geometry_gate_rejected,
d5_cv_5v5_multicamera_formal_20260716_yolo_bytetrack:0046:D5_Primary_2:0,11.5,INT-02,D5_Primary_2:0,D5_Primary_2:0/yolov8_bytetrack:track:1,G-105,G-102,112.59583555139716,755.88310869356,False,False,False,rejected,geometry_gate_rejected,
d5_cv_5v5_multicamera_formal_20260716_yolo_bytetrack:0046:D5_Primary_2:0,11.5,INT-02,D5_Primary_2:0,D5_Primary_2:0/yolov8_bytetrack:track:3,G-105,,10.270044734363223,228.2860907656821,True,False,False,candidate,,
d5_cv_5v5_multicamera_formal_20260716_yolo_bytetrack:0046:D5_Primary_2:0,11.5,INT-02,D5_Primary_2:0,D5_Primary_2:0/yolov8_bytetrack:track:2,G-105,G-101,220.46670550047793,1057.706046284996,False,False,False,rejected,geometry_gate_rejected,
d5_cv_5v5_multicamera_formal_20260716_yolo_bytetrack:0046:D5_Primary_2:0,11.5,INT-02,D5_Primary_2:0,D5_Primary_2:0/yolov8_bytetrack:track:38,G-105,,215.38216211741997,1045.4381616194414,False,False,False,rejected,geometry_gate_rejected,
d5_cv_5v5_multicamera_formal_20260716_yolo_bytetrack:0046:D5_Primary_4:0,11.5,INT-04,D5_Primary_4:0,D5_Primary_4:0/yolov8_bytetrack:track:1,G-101,G-104,146.14305842184189,866.2440987315458,False,False,False,rejected,geometry_gate_rejected,
d5_cv_5v5_multicamera_formal_20260716_yolo_bytetrack:0046:D5_Primary_4:0,11.5,INT-04,D5_Primary_4:0,D5_Primary_4:0/yolov8_bytetrack:track:7,G-101,G-105,257.7502301209428,1150.4048945130367,False,False,False,rejected,geometry_gate_rejected,
d5_cv_5v5_multicamera_formal_20260716_yolo_bytetrack:0046:D5_Primary_4:0,11.5,INT-04,D5_Primary_4:0,D5_Primary_4:0/yolov8_bytetrack:track:1,G-102,G-104,66.39262863155182,582.1172698946518,False,False,False,rejected,geometry_gate_rejected,
d5_cv_5v5_multicamera_formal_20260716_yolo_bytetrack:0046:D5_Primary_4:0,11.5,INT-04,D5_Primary_4:0,D5_Primary_4:0/yolov8_bytetrack:track:7,G-102,G-105,147.01718184387343,866.2326634422494,False,False,False,rejected,geometry_gate_rejected,
d5_cv_5v5_multicamera_formal_20260716_yolo_bytetrack:0046:D5_Primary_4:0,11.5,INT-04,D5_Primary_4:0,D5_Primary_4:0/yolov8_bytetrack:track:1,G-103,G-104,14.835029180531398,274.53942927903705,True,False,False,candidate,,
d5_cv_5v5_multicamera_formal_20260716_yolo_bytetrack:0046:D5_Primary_4:0,11.5,INT-04,D5_Primary_4:0,D5_Primary_4:0/yolov8_bytetrack:track:7,G-103,G-105,61.42051218665659,558.6209115291884,False,False,False,rejected,geometry_gate_rejected,
d5_cv_5v5_multicamera_formal_20260716_yolo_bytetrack:0046:D5_Primary_4:0,11.5,INT-04,D5_Primary_4:0,D5_Primary_4:0/yolov8_bytetrack:track:1,G-104,G-104,0.004659360365649678,4.862217535528649,True,True,True,registered,registered_to_global_track,True
d5_cv_5v5_multicamera_formal_20260716_yolo_bytetrack:0046:D5_Primary_4:0,11.5,INT-04,D5_Primary_4:0,D5_Primary_4:0/yolov8_bytetrack:track:7,G-104,G-105,15.476087754546242,280.2217362500898,True,False,False,candidate,,
d5_cv_5v5_multicamera_formal_20260716_yolo_bytetrack:0046:D5_Primary_4:0,11.5,INT-04,D5_Primary_4:0,D5_Primary_4:0/yolov8_bytetrack:track:1,G-105,G-104,14.854455435381784,274.5606928142096,True,False,False,candidate,,
d5_cv_5v5_multicamera_formal_20260716_yolo_bytetrack:0046:D5_Primary_4:0,11.5,INT-04,D5_Primary_4:0,D5_Primary_4:0/yolov8_bytetrack:track:7,G-105,G-105,0.025945755081331533,11.473024159566673,True,True,True,registered,registered_to_global_track,True
d5_cv_5v5_multicamera_formal_20260716_yolo_bytetrack:0046:D5_Primary_5:0,11.5,INT-05,D5_Primary_5:0,D5_Primary_5:0/yolov8_bytetrack:track:1,G-101,G-105,,1116.372621142197,False,False,False,rejected,projection_invalid,
d5_cv_5v5_multicamera_formal_20260716_yolo_bytetrack:0046:D5_Primary_5:0,11.5,INT-05,D5_Primary_5:0,D5_Primary_5:0/yolov8_bytetrack:track:1,G-102,G-105,142.2860402633316,853.2432144602906,False,False,False,rejected,geometry_gate_rejected,
d5_cv_5v5_multicamera_formal_20260716_yolo_bytetrack:0046:D5_Primary_5:0,11.5,INT-05,D5_Primary_5:0,D5_Primary_5:0/yolov8_bytetrack:track:1,G-103,G-105,61.229774248886,558.2400941270871,False,False,False,rejected,geometry_gate_rejected,
d5_cv_5v5_multicamera_formal_20260716_yolo_bytetrack:0046:D5_Primary_5:0,11.5,INT-05,D5_Primary_5:0,D5_Primary_5:0/yolov8_bytetrack:track:1,G-104,G-105,16.245814581874964,287.2004340783594,False,False,False,rejected,geometry_gate_rejected,
d5_cv_5v5_multicamera_formal_20260716_yolo_bytetrack:0046:D5_Primary_5:0,11.5,INT-05,D5_Primary_5:0,D5_Primary_5:0/yolov8_bytetrack:track:1,G-105,G-105,0.04938559011218463,15.82656998939684,True,True,True,registered,registered_to_global_track,True
d5_cv_5v5_multicamera_formal_20260716_yolo_bytetrack:0046:D5_Recon_1:0,11.5,RECON-01,D5_Recon_1:0,D5_Recon_1:0:det:0001,G-101,G-101,0.00015588615896927583,1.7327420204664217,True,True,True,registered,registered_to_global_track,True
d5_cv_5v5_multicamera_formal_20260716_yolo_bytetrack:0046:D5_Recon_1:0,11.5,RECON-01,D5_Recon_1:0,D5_Recon_1:0:det:0002,G-101,G-102,3.353766018867292,254.15625466365825,True,False,False,candidate,,
d5_cv_5v5_multicamera_formal_20260716_yolo_bytetrack:0046:D5_Recon_1:0,11.5,RECON-01,D5_Recon_1:0,D5_Recon_1:0:det:0003,G-101,G-103,13.477443162910157,509.4929472098152,True,False,False,candidate,,
d5_cv_5v5_multicamera_formal_20260716_yolo_bytetrack:0046:D5_Recon_1:0,11.5,RECON-01,D5_Recon_1:0,D5_Recon_1:0:det:0004,G-101,G-104,30.29804305778541,763.9091487988969,False,False,False,rejected,geometry_gate_rejected,
d5_cv_5v5_multicamera_formal_20260716_yolo_bytetrack:0046:D5_Recon_1:0,11.5,RECON-01,D5_Recon_1:0,D5_Recon_1:0:det:0005,G-101,G-105,53.69880974120431,1016.9901621975487,False,False,False,rejected,geometry_gate_rejected,
d5_cv_5v5_multicamera_formal_20260716_yolo_bytetrack:0046:D5_Recon_1:0,11.5,RECON-01,D5_Recon_1:0,D5_Recon_1:0:det:0001,G-102,G-101,3.277633953350833,251.22561487983944,True,False,False,candidate,,
d5_cv_5v5_multicamera_formal_20260716_yolo_bytetrack:0046:D5_Recon_1:0,11.5,RECON-01,D5_Recon_1:0,D5_Recon_1:0:det:0002,G-102,G-102,0.0022388316551400856,6.565766752292956,True,True,True,registered,registered_to_global_track,True
d5_cv_5v5_multicamera_formal_20260716_yolo_bytetrack:0046:D5_Recon_1:0,11.5,RECON-01,D5_Recon_1:0,D5_Recon_1:0:det:0003,G-102,G-103,3.511409710680631,260.03060849172454,True,False,False,candidate,,
d5_cv_5v5_multicamera_formal_20260716_yolo_bytetrack:0046:D5_Recon_1:0,11.5,RECON-01,D5_Recon_1:0,D5_Recon_1:0:det:0004,G-102,G-104,13.742923865064538,514.4264467838696,True,False,False,candidate,,
d5_cv_5v5_multicamera_formal_20260716_yolo_bytetrack:0046:D5_Recon_1:0,11.5,RECON-01,D5_Recon_1:0,D5_Recon_1:0:det:0005,G-102,G-105,30.590766438808533,767.5009031666466,False,False,False,rejected,geometry_gate_rejected,
d5_cv_5v5_multicamera_formal_20260716_yolo_bytetrack:0046:D5_Recon_1:0,11.5,RECON-01,D5_Recon_1:0,D5_Recon_1:0:det:0001,G-103,G-101,14.110057662264927,521.2144617360784,True,False,False,candidate,,
d5_cv_5v5_multicamera_formal_20260716_yolo_bytetrack:0046:D5_Recon_1:0,11.5,RECON-01,D5_Recon_1:0,D5_Recon_1:0:det:0002,G-103,G-102,3.6578558855591305,265.3782698827647,True,False,False,candidate,,
d5_cv_5v5_multicamera_formal_20260716_yolo_bytetrack:0046:D5_Recon_1:0,11.5,RECON-01,D5_Recon_1:0,D5_Recon_1:0:det:0003,G-103,G-103,0.005241824091800326,10.046002553248316,True,True,True,registered,registered_to_global_track,True
d5_cv_5v5_multicamera_formal_20260716_yolo_bytetrack:0046:D5_Recon_1:0,11.5,RECON-01,D5_Recon_1:0,D5_Recon_1:0:det:0004,G-103,G-104,3.101773492762866,244.37518476241047,True,False,False,candidate,,
d5_cv_5v5_multicamera_formal_20260716_yolo_bytetrack:0046:D5_Recon_1:0,11.5,RECON-01,D5_Recon_1:0,D5_Recon_1:0:det:0005,G-103,G-105,12.85302688078439,497.456111635853,True,False,False,candidate,,
d5_cv_5v5_multicamera_formal_20260716_yolo_bytetrack:0046:D5_Recon_1:0,11.5,RECON-01,D5_Recon_1:0,D5_Recon_1:0:det:0001,G-104,G-101,30.666275200819477,768.3993836436994,False,False,False,rejected,geometry_gate_rejected,
d5_cv_5v5_multicamera_formal_20260716_yolo_bytetrack:0046:D5_Recon_1:0,11.5,RECON-01,D5_Recon_1:0,D5_Recon_1:0:det:0002,G-104,G-102,13.645685334530818,512.5711650839398,True,False,False,candidate,,
d5_cv_5v5_multicamera_formal_20260716_yolo_bytetrack:0046:D5_Recon_1:0,11.5,RECON-01,D5_Recon_1:0,D5_Recon_1:0:det:0003,G-104,G-103,3.4373420803789347,257.2573990366148,True,False,False,candidate,,
d5_cv_5v5_multicamera_formal_20260716_yolo_bytetrack:0046:D5_Recon_1:0,11.5,RECON-01,D5_Recon_1:0,D5_Recon_1:0:det:0004,G-104,G-104,0.0016432435933332883,5.624632723413075,True,True,True,registered,registered_to_global_track,True
d5_cv_5v5_multicamera_formal_20260716_yolo_bytetrack:0046:D5_Recon_1:0,11.5,RECON-01,D5_Recon_1:0,D5_Recon_1:0:det:0005,G-104,G-105,3.254836828515253,250.33471462019813,True,False,False,candidate,,
d5_cv_5v5_multicamera_formal_20260716_yolo_bytetrack:0046:D5_Recon_1:0,11.5,RECON-01,D5_Recon_1:0,D5_Recon_1:0:det:0001,G-105,G-101,53.200426040665,1012.1875052673452,False,False,False,rejected,geometry_gate_rejected,
d5_cv_5v5_multicamera_formal_20260716_yolo_bytetrack:0046:D5_Recon_1:0,11.5,RECON-01,D5_Recon_1:0,D5_Recon_1:0:det:0002,G-105,G-102,29.705777001890382,756.3518529207533,False,False,False,rejected,geometry_gate_rejected,
d5_cv_5v5_multicamera_formal_20260716_yolo_bytetrack:0046:D5_Recon_1:0,11.5,RECON-01,D5_Recon_1:0,D5_Recon_1:0:det:0003,G-105,G-103,13.03458115811878,501.016417396235,True,False,False,candidate,,
d5_cv_5v5_multicamera_formal_20260716_yolo_bytetrack:0046:D5_Recon_1:0,11.5,RECON-01,D5_Recon_1:0,D5_Recon_1:0:det:0004,G-105,G-104,3.1578750184849156,246.6044357171709,True,False,False,candidate,,
d5_cv_5v5_multicamera_formal_20260716_yolo_bytetrack:0046:D5_Recon_1:0,11.5,RECON-01,D5_Recon_1:0,D5_Recon_1:0:det:0005,G-105,G-105,0.0023893401143760804,6.783227571405627,True,True,True,registered,registered_to_global_track,True
d5_cv_5v5_multicamera_formal_20260716_yolo_bytetrack:0047:D5_Primary_1:0,11.75,INT-01,D5_Primary_1:0,D5_Primary_1:0/yolov8_bytetrack:track:1,G-101,G-101,0.012156390754109835,7.8528692267671865,True,True,True,registered,registered_to_global_track,True
d5_cv_5v5_multicamera_formal_20260716_yolo_bytetrack:0047:D5_Primary_1:0,11.75,INT-01,D5_Primary_1:0,D5_Primary_1:0/yolov8_bytetrack:track:2,G-101,G-103,48.60037078494826,496.530461962254,False,False,False,rejected,geometry_gate_rejected,
d5_cv_5v5_multicamera_formal_20260716_yolo_bytetrack:0047:D5_Primary_1:0,11.75,INT-01,D5_Primary_1:0,D5_Primary_1:0/yolov8_bytetrack:track:136,G-101,G-105,157.23784930681256,893.1093903955501,False,False,False,rejected,geometry_gate_rejected,
d5_cv_5v5_multicamera_formal_20260716_yolo_bytetrack:0047:D5_Primary_1:0,11.75,INT-01,D5_Primary_1:0,D5_Primary_1:0/yolov8_bytetrack:track:131,G-101,G-104,101.0568593030802,715.993379880479,False,False,False,rejected,geometry_gate_rejected,
d5_cv_5v5_multicamera_formal_20260716_yolo_bytetrack:0047:D5_Primary_1:0,11.75,INT-01,D5_Primary_1:0,D5_Primary_1:0/yolov8_bytetrack:track:15,G-101,G-102,12.990634715076741,256.7091131769993,True,False,False,candidate,,
d5_cv_5v5_multicamera_formal_20260716_yolo_bytetrack:0047:D5_Primary_1:0,11.75,INT-01,D5_Primary_1:0,D5_Primary_1:0/yolov8_bytetrack:track:1,G-102,G-101,12.90382090461392,255.59999424686998,True,False,False,candidate,,
d5_cv_5v5_multicamera_formal_20260716_yolo_bytetrack:0047:D5_Primary_1:0,11.75,INT-01,D5_Primary_1:0,D5_Primary_1:0/yolov8_bytetrack:track:2,G-102,G-103,11.532050706116067,241.63139684004813,True,False,False,candidate,,
d5_cv_5v5_multicamera_formal_20260716_yolo_bytetrack:0047:D5_Primary_1:0,11.75,INT-01,D5_Primary_1:0,D5_Primary_1:0/yolov8_bytetrack:track:136,G-102,G-105,80.41433335186052,638.0690231919459,False,False,False,rejected,geometry_gate_rejected,
d5_cv_5v5_multicamera_formal_20260716_yolo_bytetrack:0047:D5_Primary_1:0,11.75,INT-01,D5_Primary_1:0,D5_Primary_1:0/yolov8_bytetrack:track:131,G-102,G-104,41.96902392921532,460.96216423750843,False,False,False,rejected,geometry_gate_rejected,
d5_cv_5v5_multicamera_formal_20260716_yolo_bytetrack:0047:D5_Primary_1:0,11.75,INT-01,D5_Primary_1:0,D5_Primary_1:0/yolov8_bytetrack:track:15,G-102,G-102,0.02745649558822289,11.78515838463585,True,True,True,registered,registered_to_global_track,True
d5_cv_5v5_multicamera_formal_20260716_yolo_bytetrack:0047:D5_Primary_1:0,11.75,INT-01,D5_Primary_1:0,D5_Primary_1:0/yolov8_bytetrack:track:1,G-103,G-101,50.10569760288192,503.40301833582726,False,False,False,rejected,geometry_gate_rejected,
d5_cv_5v5_multicamera_formal_20260716_yolo_bytetrack:0047:D5_Primary_1:0,11.75,INT-01,D5_Primary_1:0,D5_Primary_1:0/yolov8_bytetrack:track:2,G-103,G-103,0.016536417754674466,9.139012913006496,True,True,True,registered,registered_to_global_track,True
d5_cv_5v5_multicamera_formal_20260716_yolo_bytetrack:0047:D5_Primary_1:0,11.75,INT-01,D5_Primary_1:0,D5_Primary_1:0/yolov8_bytetrack:track:136,G-103,G-105,30.067990285564253,389.9634259621557,False,False,False,rejected,geometry_gate_rejected,
d5_cv_5v5_multicamera_formal_20260716_yolo_bytetrack:0047:D5_Primary_1:0,11.75,INT-01,D5_Primary_1:0,D5_Primary_1:0/yolov8_bytetrack:track:131,G-103,G-104,8.958362358846438,212.85591633738804,True,False,False,candidate,,
d5_cv_5v5_multicamera_formal_20260716_yolo_bytetrack:0047:D5_Primary_1:0,11.75,INT-01,D5_Primary_1:0,D5_Primary_1:0/yolov8_bytetrack:track:15,G-103,G-102,12.028645246549203,246.6496462062489,True,False,False,candidate,,
d5_cv_5v5_multicamera_formal_20260716_yolo_bytetrack:0047:D5_Primary_1:0,11.75,INT-01,D5_Primary_1:0,D5_Primary_1:0/yolov8_bytetrack:track:1,G-104,G-101,102.03479033977095,718.4988705287113,False,False,False,rejected,geometry_gate_rejected,
d5_cv_5v5_multicamera_formal_20260716_yolo_bytetrack:0047:D5_Primary_1:0,11.75,INT-01,D5_Primary_1:0,D5_Primary_1:0/yolov8_bytetrack:track:2,G-104,G-103,9.726973542358227,221.8404843916319,True,False,False,candidate,,
d5_cv_5v5_multicamera_formal_20260716_yolo_bytetrack:0047:D5_Primary_1:0,11.75,INT-01,D5_Primary_1:0,D5_Primary_1:0/yolov8_bytetrack:track:136,G-104,G-105,6.036323239692711,174.7584476812549,True,False,False,candidate,,
d5_cv_5v5_multicamera_formal_20260716_yolo_bytetrack:0047:D5_Primary_1:0,11.75,INT-01,D5_Primary_1:0,D5_Primary_1:0/yolov8_bytetrack:track:131,G-104,G-104,0.0020998966478663057,3.255124799607165,True,True,True,registered,registered_to_global_track,True
d5_cv_5v5_multicamera_formal_20260716_yolo_bytetrack:0047:D5_Primary_1:0,11.75,INT-01,D5_Primary_1:0,D5_Primary_1:0/yolov8_bytetrack:track:15,G-104,G-102,42.134559022260255,461.71201779288583,False,False,False,rejected,geometry_gate_rejected,
d5_cv_5v5_multicamera_formal_20260716_yolo_bytetrack:0047:D5_Primary_1:0,11.75,INT-01,D5_Primary_1:0,D5_Primary_1:0/yolov8_bytetrack:track:1,G-105,G-101,162.9450093264088,908.1032789614237,False,False,False,rejected,geometry_gate_rejected,
d5_cv_5v5_multicamera_formal_20260716_yolo_bytetrack:0047:D5_Primary_1:0,11.75,INT-01,D5_Primary_1:0,D5_Primary_1:0/yolov8_bytetrack:track:2,G-105,G-103,33.44930371004801,411.44164921541085,False,False,False,rejected,geometry_gate_rejected,
d5_cv_5v5_multicamera_formal_20260716_yolo_bytetrack:0047:D5_Primary_1:0,11.75,INT-01,D5_Primary_1:0,D5_Primary_1:0/yolov8_bytetrack:track:136,G-105,G-105,0.04400193579424238,14.922186888904863,True,True,False,candidate,stability_window_failed,True
d5_cv_5v5_multicamera_formal_20260716_yolo_bytetrack:0047:D5_Primary_1:0,11.75,INT-01,D5_Primary_1:0,D5_Primary_1:0/yolov8_bytetrack:track:131,G-105,G-104,7.280428512755119,191.95223444672,True,False,False,candidate,,
d5_cv_5v5_multicamera_formal_20260716_yolo_bytetrack:0047:D5_Primary_1:0,11.75,INT-01,D5_Primary_1:0,D5_Primary_1:0/yolov8_bytetrack:track:15,G-105,G-102,83.82096068077834,651.3149241533886,False,False,False,rejected,geometry_gate_rejected,
d5_cv_5v5_multicamera_formal_20260716_yolo_bytetrack:0047:D5_Primary_2:0,11.75,INT-02,D5_Primary_2:0,D5_Primary_2:0/yolov8_bytetrack:track:1,G-101,G-102,15.898255775774087,284.5106863271601,True,False,False,candidate,,
d5_cv_5v5_multicamera_formal_20260716_yolo_bytetrack:0047:D5_Primary_2:0,11.75,INT-02,D5_Primary_2:0,D5_Primary_2:0/yolov8_bytetrack:track:3,G-101,G-104,126.9405435054021,803.940544511178,False,False,False,rejected,geometry_gate_rejected,
d5_cv_5v5_multicamera_formal_20260716_yolo_bytetrack:0047:D5_Primary_2:0,11.75,INT-02,D5_Primary_2:0,D5_Primary_2:0/yolov8_bytetrack:track:38,G-101,G-101,0.015951838471851394,9.008271366506982,True,True,True,registered,registered_to_global_track,True
d5_cv_5v5_multicamera_formal_20260716_yolo_bytetrack:0047:D5_Primary_2:0,11.75,INT-02,D5_Primary_2:0,D5_Primary_2:0/yolov8_bytetrack:track:1,G-102,G-102,0.04668490268140084,15.392018471952452,True,True,True,registered,registered_to_global_track,True
d5_cv_5v5_multicamera_formal_20260716_yolo_bytetrack:0047:D5_Primary_2:0,11.75,INT-02,D5_Primary_2:0,D5_Primary_2:0/yolov8_bytetrack:track:3,G-102,G-104,54.300956986510705,524.9411628625303,False,False,False,rejected,geometry_gate_rejected,
d5_cv_5v5_multicamera_formal_20260716_yolo_bytetrack:0047:D5_Primary_2:0,11.75,INT-02,D5_Primary_2:0,D5_Primary_2:0/yolov8_bytetrack:track:38,G-102,G-101,14.937295836405816,275.3232440279045,True,False,False,candidate,,
d5_cv_5v5_multicamera_formal_20260716_yolo_bytetrack:0047:D5_Primary_2:0,11.75,INT-02,D5_Primary_2:0,D5_Primary_2:0/yolov8_bytetrack:track:1,G-103,G-102,14.994380540526615,275.61368807448565,True,False,False,candidate,,
d5_cv_5v5_multicamera_formal_20260716_yolo_bytetrack:0047:D5_Primary_2:0,11.75,INT-02,D5_Primary_2:0,D5_Primary_2:0/yolov8_bytetrack:track:3,G-103,G-104,11.772364603206812,244.2123358154363,True,False,False,candidate,,
d5_cv_5v5_multicamera_formal_20260716_yolo_bytetrack:0047:D5_Primary_2:0,11.75,INT-02,D5_Primary_2:0,D5_Primary_2:0/yolov8_bytetrack:track:38,G-103,G-101,60.96837090514415,555.7619053588501,False,False,False,rejected,geometry_gate_rejected,
d5_cv_5v5_multicamera_formal_20260716_yolo_bytetrack:0047:D5_Primary_2:0,11.75,INT-02,D5_Primary_2:0,D5_Primary_2:0/yolov8_bytetrack:track:1,G-104,G-102,53.65097286163035,521.467638447682,False,False,False,rejected,geometry_gate_rejected,
d5_cv_5v5_multicamera_formal_20260716_yolo_bytetrack:0047:D5_Primary_2:0,11.75,INT-02,D5_Primary_2:0,D5_Primary_2:0/yolov8_bytetrack:track:3,G-104,G-104,0.0007298482534644442,1.9233093752465833,True,True,True,registered,registered_to_global_track,True
d5_cv_5v5_multicamera_formal_20260716_yolo_bytetrack:0047:D5_Primary_2:0,11.75,INT-02,D5_Primary_2:0,D5_Primary_2:0/yolov8_bytetrack:track:38,G-104,G-101,126.81243661164737,801.7140398495369,False,False,False,rejected,geometry_gate_rejected,
d5_cv_5v5_multicamera_formal_20260716_yolo_bytetrack:0047:D5_Primary_2:0,11.75,INT-02,D5_Primary_2:0,D5_Primary_2:0/yolov8_bytetrack:track:1,G-105,G-102,109.36729285521426,744.8633700733291,False,False,False,rejected,geometry_gate_rejected,
d5_cv_5v5_multicamera_formal_20260716_yolo_bytetrack:0047:D5_Primary_2:0,11.75,INT-02,D5_Primary_2:0,D5_Primary_2:0/yolov8_bytetrack:track:3,G-105,G-104,10.007395457525998,225.31668318050288,True,False,False,candidate,,
d5_cv_5v5_multicamera_formal_20260716_yolo_bytetrack:0047:D5_Primary_2:0,11.75,INT-02,D5_Primary_2:0,D5_Primary_2:0/yolov8_bytetrack:track:38,G-105,G-101,207.14330698868937,1025.1049762145362,False,False,False,rejected,geometry_gate_rejected,
d5_cv_5v5_multicamera_formal_20260716_yolo_bytetrack:0047:D5_Primary_4:0,11.75,INT-04,D5_Primary_4:0,D5_Primary_4:0/yolov8_bytetrack:track:1,G-101,G-104,142.74338919243965,856.0571828137564,False,False,False,rejected,geometry_gate_rejected,
d5_cv_5v5_multicamera_formal_20260716_yolo_bytetrack:0047:D5_Primary_4:0,11.75,INT-04,D5_Primary_4:0,D5_Primary_4:0/yolov8_bytetrack:track:7,G-101,G-105,252.39000282647612,1138.3108131465005,False,False,False,rejected,geometry_gate_rejected,
d5_cv_5v5_multicamera_formal_20260716_yolo_bytetrack:0047:D5_Primary_4:0,11.75,INT-04,D5_Primary_4:0,D5_Primary_4:0/yolov8_bytetrack:track:1,G-102,G-104,64.76050357270758,574.9051838285674,False,False,False,rejected,geometry_gate_rejected,
d5_cv_5v5_multicamera_formal_20260716_yolo_bytetrack:0047:D5_Primary_4:0,11.75,INT-04,D5_Primary_4:0,D5_Primary_4:0/yolov8_bytetrack:track:7,G-102,G-105,143.93770253705108,857.0938511298991,False,False,False,rejected,geometry_gate_rejected,
d5_cv_5v5_multicamera_formal_20260716_yolo_bytetrack:0047:D5_Primary_4:0,11.75,INT-04,D5_Primary_4:0,D5_Primary_4:0/yolov8_bytetrack:track:1,G-103,G-104,14.400837799662762,270.4924058300346,True,False,False,candidate,,
d5_cv_5v5_multicamera_formal_20260716_yolo_bytetrack:0047:D5_Primary_4:0,11.75,INT-04,D5_Primary_4:0,D5_Primary_4:0/yolov8_bytetrack:track:7,G-103,G-105,60.10940283742902,552.627349883475,False,False,False,rejected,geometry_gate_rejected,
d5_cv_5v5_multicamera_formal_20260716_yolo_bytetrack:0047:D5_Primary_4:0,11.75,INT-04,D5_Primary_4:0,D5_Primary_4:0/yolov8_bytetrack:track:1,G-104,G-104,0.008119440525202526,6.418512594866969,True,True,True,registered,registered_to_global_track,True
d5_cv_5v5_multicamera_formal_20260716_yolo_bytetrack:0047:D5_Primary_4:0,11.75,INT-04,D5_Primary_4:0,D5_Primary_4:0/yolov8_bytetrack:track:7,G-104,G-105,15.17934826427183,277.5223087260266,True,False,False,candidate,,
d5_cv_5v5_multicamera_formal_20260716_yolo_bytetrack:0047:D5_Primary_4:0,11.75,INT-04,D5_Primary_4:0,D5_Primary_4:0/yolov8_bytetrack:track:1,G-105,G-104,14.57718008175324,271.97921956641494,True,False,False,candidate,,
d5_cv_5v5_multicamera_formal_20260716_yolo_bytetrack:0047:D5_Primary_4:0,11.75,INT-04,D5_Primary_4:0,D5_Primary_4:0/yolov8_bytetrack:track:7,G-105,G-105,0.029915321446086142,12.319201176600519,True,True,True,registered,registered_to_global_track,True
d5_cv_5v5_multicamera_formal_20260716_yolo_bytetrack:0047:D5_Primary_5:0,11.75,INT-05,D5_Primary_5:0,D5_Primary_5:0/yolov8_bytetrack:track:1,G-101,G-105,,1105.4098494930881,False,False,False,rejected,projection_invalid,
d5_cv_5v5_multicamera_formal_20260716_yolo_bytetrack:0047:D5_Primary_5:0,11.75,INT-05,D5_Primary_5:0,D5_Primary_5:0/yolov8_bytetrack:track:1,G-102,G-105,139.5210608615031,844.8671129389995,False,False,False,rejected,geometry_gate_rejected,
d5_cv_5v5_multicamera_formal_20260716_yolo_bytetrack:0047:D5_Primary_5:0,11.75,INT-05,D5_Primary_5:0,D5_Primary_5:0/yolov8_bytetrack:track:1,G-103,G-105,60.018122787650746,552.6803035451085,False,False,False,rejected,geometry_gate_rejected,
d5_cv_5v5_multicamera_formal_20260716_yolo_bytetrack:0047:D5_Primary_5:0,11.75,INT-05,D5_Primary_5:0,D5_Primary_5:0/yolov8_bytetrack:track:1,G-104,G-105,15.95793969328168,284.6452798379162,True,False,False,candidate,,
d5_cv_5v5_multicamera_formal_20260716_yolo_bytetrack:0047:D5_Primary_5:0,11.75,INT-05,D5_Primary_5:0,D5_Primary_5:0/yolov8_bytetrack:track:1,G-105,G-105,0.05235502551244894,16.29546213253765,True,True,True,registered,registered_to_global_track,True
d5_cv_5v5_multicamera_formal_20260716_yolo_bytetrack:0047:D5_Recon_1:0,11.75,RECON-01,D5_Recon_1:0,D5_Recon_1:0:det:0001,G-101,G-101,0.0001598571302545457,1.7546599041032311,True,True,True,registered,registered_to_global_track,True
d5_cv_5v5_multicamera_formal_20260716_yolo_bytetrack:0047:D5_Recon_1:0,11.75,RECON-01,D5_Recon_1:0,D5_Recon_1:0:det:0002,G-101,G-102,3.2720954282203145,251.04073987539655,True,False,False,candidate,,
d5_cv_5v5_multicamera_formal_20260716_yolo_bytetrack:0047:D5_Recon_1:0,11.75,RECON-01,D5_Recon_1:0,D5_Recon_1:0:det:0003,G-101,G-103,13.149703598638885,503.2562853583914,True,False,False,candidate,,
d5_cv_5v5_multicamera_formal_20260716_yolo_bytetrack:0047:D5_Recon_1:0,11.75,RECON-01,D5_Recon_1:0,D5_Recon_1:0:det:0004,G-101,G-104,29.558569598116176,754.5237816247161,False,False,False,rejected,geometry_gate_rejected,
d5_cv_5v5_multicamera_formal_20260716_yolo_bytetrack:0047:D5_Recon_1:0,11.75,RECON-01,D5_Recon_1:0,D5_Recon_1:0:det:0005,G-101,G-105,52.381035776453565,1004.4267416847284,False,False,False,rejected,geometry_gate_rejected,
d5_cv_5v5_multicamera_formal_20260716_yolo_bytetrack:0047:D5_Recon_1:0,11.75,RECON-01,D5_Recon_1:0,D5_Recon_1:0:det:0001,G-102,G-101,3.1975234909617036,248.13524753603681,True,False,False,candidate,,
d5_cv_5v5_multicamera_formal_20260716_yolo_bytetrack:0047:D5_Recon_1:0,11.75,RECON-01,D5_Recon_1:0,D5_Recon_1:0:det:0002,G-102,G-102,0.0022088861683439583,6.52168201359644,True,True,True,registered,registered_to_global_track,True
d5_cv_5v5_multicamera_formal_20260716_yolo_bytetrack:0047:D5_Recon_1:0,11.75,RECON-01,D5_Recon_1:0,D5_Recon_1:0:det:0003,G-102,G-103,3.4274881629880545,256.9032484767055,True,False,False,candidate,,
d5_cv_5v5_multicamera_formal_20260716_yolo_bytetrack:0047:D5_Recon_1:0,11.75,RECON-01,D5_Recon_1:0,D5_Recon_1:0:det:0004,G-102,G-104,13.409782689772811,508.1506461188843,True,False,False,candidate,,
d5_cv_5v5_multicamera_formal_20260716_yolo_bytetrack:0047:D5_Recon_1:0,11.75,RECON-01,D5_Recon_1:0,D5_Recon_1:0:det:0005,G-102,G-105,29.84208875404269,758.0471507281756,False,False,False,rejected,geometry_gate_rejected,
d5_cv_5v5_multicamera_formal_20260716_yolo_bytetrack:0047:D5_Recon_1:0,11.75,RECON-01,D5_Recon_1:0,D5_Recon_1:0:det:0001,G-103,G-101,13.775519663915624,514.9963331162169,True,False,False,candidate,,
d5_cv_5v5_multicamera_formal_20260716_yolo_bytetrack:0047:D5_Recon_1:0,11.75,RECON-01,D5_Recon_1:0,D5_Recon_1:0:det:0002,G-103,G-102,3.5723121340627606,262.2556423267589,True,False,False,candidate,,
d5_cv_5v5_multicamera_formal_20260716_yolo_bytetrack:0047:D5_Recon_1:0,11.75,RECON-01,D5_Recon_1:0,D5_Recon_1:0:det:0003,G-103,G-103,0.005239981709697342,10.044192482680176,True,True,True,registered,registered_to_global_track,True
d5_cv_5v5_multicamera_formal_20260716_yolo_bytetrack:0047:D5_Recon_1:0,11.75,RECON-01,D5_Recon_1:0,D5_Recon_1:0:det:0004,G-103,G-104,3.0224210365509556,241.227948224475,True,False,False,candidate,,
d5_cv_5v5_multicamera_formal_20260716_yolo_bytetrack:0047:D5_Recon_1:0,11.75,RECON-01,D5_Recon_1:0,D5_Recon_1:0:det:0005,G-103,G-105,12.52835674855096,491.13082985101113,True,False,False,candidate,,
d5_cv_5v5_multicamera_formal_20260716_yolo_bytetrack:0047:D5_Recon_1:0,11.75,RECON-01,D5_Recon_1:0,D5_Recon_1:0:det:0001,G-104,G-101,29.92195908957323,759.0124547023391,False,False,False,rejected,geometry_gate_rejected,
d5_cv_5v5_multicamera_formal_20260716_yolo_bytetrack:0047:D5_Recon_1:0,11.75,RECON-01,D5_Recon_1:0,D5_Recon_1:0:det:0002,G-104,G-102,13.312925663170583,506.2798524919464,True,False,False,candidate,,
d5_cv_5v5_multicamera_formal_20260716_yolo_bytetrack:0047:D5_Recon_1:0,11.75,RECON-01,D5_Recon_1:0,D5_Recon_1:0:det:0003,G-104,G-103,3.353194993623657,254.0874987763831,True,False,False,candidate,,
d5_cv_5v5_multicamera_formal_20260716_yolo_bytetrack:0047:D5_Recon_1:0,11.75,RECON-01,D5_Recon_1:0,D5_Recon_1:0:det:0004,G-104,G-104,0.001636270643646113,5.612656423497513,True,True,True,registered,registered_to_global_track,True
d5_cv_5v5_multicamera_formal_20260716_yolo_bytetrack:0047:D5_Recon_1:0,11.75,RECON-01,D5_Recon_1:0,D5_Recon_1:0:det:0005,G-104,G-105,3.1733323631713137,247.17904206293227,True,False,False,candidate,,
d5_cv_5v5_multicamera_formal_20260716_yolo_bytetrack:0047:D5_Recon_1:0,11.75,RECON-01,D5_Recon_1:0,D5_Recon_1:0:det:0001,G-105,G-101,51.8912191853545,999.6457336689266,False,False,False,rejected,geometry_gate_rejected,
d5_cv_5v5_multicamera_formal_20260716_yolo_bytetrack:0047:D5_Recon_1:0,11.75,RECON-01,D5_Recon_1:0,D5_Recon_1:0:det:0002,G-105,G-102,28.968972659802187,746.9056188311037,False,False,False,rejected,geometry_gate_rejected,
d5_cv_5v5_multicamera_formal_20260716_yolo_bytetrack:0047:D5_Recon_1:0,11.75,RECON-01,D5_Recon_1:0,D5_Recon_1:0:det:0003,G-105,G-103,12.70779970672097,494.6913997137213,True,False,False,candidate,,
d5_cv_5v5_multicamera_formal_20260716_yolo_bytetrack:0047:D5_Recon_1:0,11.75,RECON-01,D5_Recon_1:0,D5_Recon_1:0:det:0004,G-105,G-104,3.077116742545982,243.4283551147515,True,False,False,candidate,,
d5_cv_5v5_multicamera_formal_20260716_yolo_bytetrack:0047:D5_Recon_1:0,11.75,RECON-01,D5_Recon_1:0,D5_Recon_1:0:det:0005,G-105,G-105,0.0023966215759499937,6.7934883772975185,True,True,True,registered,registered_to_global_track,True
d5_cv_5v5_multicamera_formal_20260716_yolo_bytetrack:0048:D5_Primary_1:0,12.0,INT-01,D5_Primary_1:0,D5_Primary_1:0/yolov8_bytetrack:track:1,G-101,G-101,0.013104296193556839,8.153290859422908,True,True,True,registered,registered_to_global_track,True
d5_cv_5v5_multicamera_formal_20260716_yolo_bytetrack:0048:D5_Primary_1:0,12.0,INT-01,D5_Primary_1:0,D5_Primary_1:0/yolov8_bytetrack:track:2,G-101,G-103,47.302992707728535,489.85827151623437,False,False,False,rejected,geometry_gate_rejected,
d5_cv_5v5_multicamera_formal_20260716_yolo_bytetrack:0048:D5_Primary_1:0,12.0,INT-01,D5_Primary_1:0,D5_Primary_1:0/yolov8_bytetrack:track:136,G-101,G-105,157.1148649525982,892.7601126804165,False,False,False,rejected,geometry_gate_rejected,
d5_cv_5v5_multicamera_formal_20260716_yolo_bytetrack:0048:D5_Primary_1:0,12.0,INT-01,D5_Primary_1:0,D5_Primary_1:0/yolov8_bytetrack:track:1,G-102,G-101,12.567778375159188,252.24209367819864,True,False,False,candidate,,
d5_cv_5v5_multicamera_formal_20260716_yolo_bytetrack:0048:D5_Primary_1:0,12.0,INT-01,D5_Primary_1:0,D5_Primary_1:0/yolov8_bytetrack:track:2,G-102,G-103,11.252586812504218,238.67821361150382,True,False,False,candidate,,
d5_cv_5v5_multicamera_formal_20260716_yolo_bytetrack:0048:D5_Primary_1:0,12.0,INT-01,D5_Primary_1:0,D5_Primary_1:0/yolov8_bytetrack:track:136,G-102,G-105,81.25640274038047,641.3815064297667,False,False,False,rejected,geometry_gate_rejected,
d5_cv_5v5_multicamera_formal_20260716_yolo_bytetrack:0048:D5_Primary_1:0,12.0,INT-01,D5_Primary_1:0,D5_Primary_1:0/yolov8_bytetrack:track:1,G-103,G-101,48.729817161296715,496.40467281005056,False,False,False,rejected,geometry_gate_rejected,
d5_cv_5v5_multicamera_formal_20260716_yolo_bytetrack:0048:D5_Primary_1:0,12.0,INT-01,D5_Primary_1:0,D5_Primary_1:0/yolov8_bytetrack:track:2,G-103,G-103,0.018132885807679945,9.567616057409836,True,True,True,registered,registered_to_global_track,True
d5_cv_5v5_multicamera_formal_20260716_yolo_bytetrack:0048:D5_Primary_1:0,12.0,INT-01,D5_Primary_1:0,D5_Primary_1:0/yolov8_bytetrack:track:136,G-103,G-105,31.15289904074315,396.90564809737134,False,False,False,rejected,geometry_gate_rejected,
d5_cv_5v5_multicamera_formal_20260716_yolo_bytetrack:0048:D5_Primary_1:0,12.0,INT-01,D5_Primary_1:0,D5_Primary_1:0/yolov8_bytetrack:track:1,G-104,G-101,99.09127038786083,707.9646479055258,False,False,False,rejected,geometry_gate_rejected,
d5_cv_5v5_multicamera_formal_20260716_yolo_bytetrack:0048:D5_Primary_1:0,12.0,INT-01,D5_Primary_1:0,D5_Primary_1:0/yolov8_bytetrack:track:2,G-104,G-103,9.36935097060909,217.69508598082788,True,False,False,candidate,,
d5_cv_5v5_multicamera_formal_20260716_yolo_bytetrack:0048:D5_Primary_1:0,12.0,INT-01,D5_Primary_1:0,D5_Primary_1:0/yolov8_bytetrack:track:136,G-104,G-105,6.785462947863274,185.26077417794923,True,False,False,candidate,,
d5_cv_5v5_multicamera_formal_20260716_yolo_bytetrack:0048:D5_Primary_1:0,12.0,INT-01,D5_Primary_1:0,D5_Primary_1:0/yolov8_bytetrack:track:1,G-105,G-101,158.05552166172063,894.2043113868422,False,False,False,rejected,geometry_gate_rejected,
d5_cv_5v5_multicamera_formal_20260716_yolo_bytetrack:0048:D5_Primary_1:0,12.0,INT-01,D5_Primary_1:0,D5_Primary_1:0/yolov8_bytetrack:track:2,G-105,G-103,32.25261891515091,403.9376999084613,False,False,False,rejected,geometry_gate_rejected,
d5_cv_5v5_multicamera_formal_20260716_yolo_bytetrack:0048:D5_Primary_1:0,12.0,INT-01,D5_Primary_1:0,D5_Primary_1:0/yolov8_bytetrack:track:136,G-105,G-105,0.00020116297844876286,1.0086159583133159,True,True,True,registered,registered_to_global_track,True
d5_cv_5v5_multicamera_formal_20260716_yolo_bytetrack:0048:D5_Primary_2:0,12.0,INT-02,D5_Primary_2:0,D5_Primary_2:0/yolov8_bytetrack:track:1,G-101,G-102,15.517326094661648,281.08294746923434,True,False,False,candidate,,
d5_cv_5v5_multicamera_formal_20260716_yolo_bytetrack:0048:D5_Primary_2:0,12.0,INT-02,D5_Primary_2:0,D5_Primary_2:0/yolov8_bytetrack:track:3,G-101,G-104,123.39971956722404,792.6529075664392,False,False,False,rejected,geometry_gate_rejected,
d5_cv_5v5_multicamera_formal_20260716_yolo_bytetrack:0048:D5_Primary_2:0,12.0,INT-02,D5_Primary_2:0,D5_Primary_2:0/yolov8_bytetrack:track:38,G-101,G-101,0.016581645743252202,9.18336590165661,True,True,True,registered,registered_to_global_track,True
d5_cv_5v5_multicamera_formal_20260716_yolo_bytetrack:0048:D5_Primary_2:0,12.0,INT-02,D5_Primary_2:0,D5_Primary_2:0/yolov8_bytetrack:track:5,G-101,G-103,57.84793769217544,542.7126593256718,False,False,False,rejected,geometry_gate_rejected,
d5_cv_5v5_multicamera_formal_20260716_yolo_bytetrack:0048:D5_Primary_2:0,12.0,INT-02,D5_Primary_2:0,D5_Primary_2:0/yolov8_bytetrack:track:1,G-102,G-102,0.04489487850138781,15.094044130581118,True,True,True,registered,registered_to_global_track,True
d5_cv_5v5_multicamera_formal_20260716_yolo_bytetrack:0048:D5_Primary_2:0,12.0,INT-02,D5_Primary_2:0,D5_Primary_2:0/yolov8_bytetrack:track:3,G-102,G-104,52.712373761041334,517.2053874114811,False,False,False,rejected,geometry_gate_rejected,
d5_cv_5v5_multicamera_formal_20260716_yolo_bytetrack:0048:D5_Primary_2:0,12.0,INT-02,D5_Primary_2:0,D5_Primary_2:0/yolov8_bytetrack:track:38,G-102,G-101,15.076380935618056,276.60199236946147,True,False,False,candidate,,
d5_cv_5v5_multicamera_formal_20260716_yolo_bytetrack:0048:D5_Primary_2:0,12.0,INT-02,D5_Primary_2:0,D5_Primary_2:0/yolov8_bytetrack:track:5,G-102,G-103,14.091736724236608,267.4170014667152,True,False,False,candidate,,
d5_cv_5v5_multicamera_formal_20260716_yolo_bytetrack:0048:D5_Primary_2:0,12.0,INT-02,D5_Primary_2:0,D5_Primary_2:0/yolov8_bytetrack:track:1,G-103,G-102,14.593483908233967,271.8961913007625,True,False,False,candidate,,
d5_cv_5v5_multicamera_formal_20260716_yolo_bytetrack:0048:D5_Primary_2:0,12.0,INT-02,D5_Primary_2:0,D5_Primary_2:0/yolov8_bytetrack:track:3,G-103,G-104,11.3772291204996,240.07171683065036,True,False,False,candidate,,
d5_cv_5v5_multicamera_formal_20260716_yolo_bytetrack:0048:D5_Primary_2:0,12.0,INT-02,D5_Primary_2:0,D5_Primary_2:0/yolov8_bytetrack:track:38,G-103,G-101,60.45813754268051,553.4150700839175,False,False,False,rejected,geometry_gate_rejected,
d5_cv_5v5_multicamera_formal_20260716_yolo_bytetrack:0048:D5_Primary_2:0,12.0,INT-02,D5_Primary_2:0,D5_Primary_2:0/yolov8_bytetrack:track:5,G-103,G-103,0.03466786692337151,13.249614385552308,True,True,True,registered,registered_to_global_track,True
d5_cv_5v5_multicamera_formal_20260716_yolo_bytetrack:0048:D5_Primary_2:0,12.0,INT-02,D5_Primary_2:0,D5_Primary_2:0/yolov8_bytetrack:track:1,G-104,G-102,52.16819744597146,514.171186567969,False,False,False,rejected,geometry_gate_rejected,
d5_cv_5v5_multicamera_formal_20260716_yolo_bytetrack:0048:D5_Primary_2:0,12.0,INT-02,D5_Primary_2:0,D5_Primary_2:0/yolov8_bytetrack:track:3,G-104,G-104,0.0014508041278487012,2.7108423180263514,True,True,True,registered,registered_to_global_track,True
d5_cv_5v5_multicamera_formal_20260716_yolo_bytetrack:0048:D5_Primary_2:0,12.0,INT-02,D5_Primary_2:0,D5_Primary_2:0/yolov8_bytetrack:track:38,G-104,G-101,124.95623132684759,795.7630710362791,False,False,False,rejected,geometry_gate_rejected,
d5_cv_5v5_multicamera_formal_20260716_yolo_bytetrack:0048:D5_Primary_2:0,12.0,INT-02,D5_Primary_2:0,D5_Primary_2:0/yolov8_bytetrack:track:5,G-104,G-103,12.577586627217762,252.4663333307022,True,False,False,candidate,,
d5_cv_5v5_multicamera_formal_20260716_yolo_bytetrack:0048:D5_Primary_2:0,12.0,INT-02,D5_Primary_2:0,D5_Primary_2:0/yolov8_bytetrack:track:1,G-105,G-102,106.24272044296595,734.0452506689394,False,False,False,rejected,geometry_gate_rejected,
d5_cv_5v5_multicamera_formal_20260716_yolo_bytetrack:0048:D5_Primary_2:0,12.0,INT-02,D5_Primary_2:0,D5_Primary_2:0/yolov8_bytetrack:track:3,G-105,G-104,9.751920427809775,222.39148399821977,True,False,False,candidate,,
d5_cv_5v5_multicamera_formal_20260716_yolo_bytetrack:0048:D5_Primary_2:0,12.0,INT-02,D5_Primary_2:0,D5_Primary_2:0/yolov8_bytetrack:track:38,G-105,G-101,203.38977299720182,1015.635328570925,False,False,False,rejected,geometry_gate_rejected,
d5_cv_5v5_multicamera_formal_20260716_yolo_bytetrack:0048:D5_Primary_2:0,12.0,INT-02,D5_Primary_2:0,D5_Primary_2:0/yolov8_bytetrack:track:5,G-105,G-103,43.991448297740206,472.3428639008952,False,False,False,rejected,geometry_gate_rejected,
d5_cv_5v5_multicamera_formal_20260716_yolo_bytetrack:0048:D5_Primary_3:0,12.0,INT-03,D5_Primary_3:0,D5_Primary_3:0/yolov8_bytetrack:track:1,G-101,G-103,63.94190896113949,571.7917997230271,False,False,False,rejected,geometry_gate_rejected,
d5_cv_5v5_multicamera_formal_20260716_yolo_bytetrack:0048:D5_Primary_3:0,12.0,INT-03,D5_Primary_3:0,D5_Primary_3:0/yolov8_bytetrack:track:49,G-101,G-105,237.7606798097474,1102.5928493472004,False,False,False,rejected,geometry_gate_rejected,
d5_cv_5v5_multicamera_formal_20260716_yolo_bytetrack:0048:D5_Primary_3:0,12.0,INT-03,D5_Primary_3:0,D5_Primary_3:0/yolov8_bytetrack:track:12,G-101,G-104,138.8056050943105,842.4587789130248,False,False,False,rejected,geometry_gate_rejected,
d5_cv_5v5_multicamera_formal_20260716_yolo_bytetrack:0048:D5_Primary_3:0,12.0,INT-03,D5_Primary_3:0,D5_Primary_3:0/yolov8_bytetrack:track:1,G-102,G-103,16.19397748603322,287.05397265349916,False,False,False,rejected,geometry_gate_rejected,
d5_cv_5v5_multicamera_formal_20260716_yolo_bytetrack:0048:D5_Primary_3:0,12.0,INT-03,D5_Primary_3:0,D5_Primary_3:0/yolov8_bytetrack:track:49,G-102,G-105,131.38454789724122,817.6338221634384,False,False,False,rejected,geometry_gate_rejected,
d5_cv_5v5_multicamera_formal_20260716_yolo_bytetrack:0048:D5_Primary_3:0,12.0,INT-03,D5_Primary_3:0,D5_Primary_3:0/yolov8_bytetrack:track:12,G-102,G-104,61.09798612273418,557.5710871772186,False,False,False,rejected,geometry_gate_rejected,
d5_cv_5v5_multicamera_formal_20260716_yolo_bytetrack:0048:D5_Primary_3:0,12.0,INT-03,D5_Primary_3:0,D5_Primary_3:0/yolov8_bytetrack:track:1,G-103,G-103,0.041928679886308065,14.583952151943748,True,True,True,registered,registered_to_global_track,True
d5_cv_5v5_multicamera_formal_20260716_yolo_bytetrack:0048:D5_Primary_3:0,12.0,INT-03,D5_Primary_3:0,D5_Primary_3:0/yolov8_bytetrack:track:49,G-103,G-105,53.36895936778755,520.31205856408,False,False,False,rejected,geometry_gate_rejected,
d5_cv_5v5_multicamera_formal_20260716_yolo_bytetrack:0048:D5_Primary_3:0,12.0,INT-03,D5_Primary_3:0,D5_Primary_3:0/yolov8_bytetrack:track:12,G-103,G-104,13.35629854863509,260.2930501571331,True,False,False,candidate,,
d5_cv_5v5_multicamera_formal_20260716_yolo_bytetrack:0048:D5_Primary_3:0,12.0,INT-03,D5_Primary_3:0,D5_Primary_3:0/yolov8_bytetrack:track:1,G-104,G-103,14.852669535181201,274.4568486745401,True,False,False,candidate,,
d5_cv_5v5_multicamera_formal_20260716_yolo_bytetrack:0048:D5_Primary_3:0,12.0,INT-03,D5_Primary_3:0,D5_Primary_3:0/yolov8_bytetrack:track:49,G-104,G-105,12.963155642817325,256.40542647294717,True,False,False,candidate,,
d5_cv_5v5_multicamera_formal_20260716_yolo_bytetrack:0048:D5_Primary_3:0,12.0,INT-03,D5_Primary_3:0,D5_Primary_3:0/yolov8_bytetrack:track:12,G-104,G-104,0.005023293243167667,5.046266090427119,True,True,True,registered,registered_to_global_track,True
d5_cv_5v5_multicamera_formal_20260716_yolo_bytetrack:0048:D5_Primary_3:0,12.0,INT-03,D5_Primary_3:0,D5_Primary_3:0/yolov8_bytetrack:track:1,G-105,G-103,53.64257894744476,521.7961557268103,False,False,False,rejected,geometry_gate_rejected,
d5_cv_5v5_multicamera_formal_20260716_yolo_bytetrack:0048:D5_Primary_3:0,12.0,INT-03,D5_Primary_3:0,D5_Primary_3:0/yolov8_bytetrack:track:49,G-105,G-105,0.020120680876741674,10.102345375260544,True,True,True,registered,registered_to_global_track,True
d5_cv_5v5_multicamera_formal_20260716_yolo_bytetrack:0048:D5_Primary_3:0,12.0,INT-03,D5_Primary_3:0,D5_Primary_3:0/yolov8_bytetrack:track:12,G-105,G-104,12.42827708563177,251.1604372076726,True,False,False,candidate,,
d5_cv_5v5_multicamera_formal_20260716_yolo_bytetrack:0048:D5_Primary_4:0,12.0,INT-04,D5_Primary_4:0,D5_Primary_4:0/yolov8_bytetrack:track:1,G-101,G-104,139.39837986895313,845.9138847328254,False,False,False,rejected,geometry_gate_rejected,
d5_cv_5v5_multicamera_formal_20260716_yolo_bytetrack:0048:D5_Primary_4:0,12.0,INT-04,D5_Primary_4:0,D5_Primary_4:0/yolov8_bytetrack:track:1,G-102,G-104,63.15855289664976,567.7359129293512,False,False,False,rejected,geometry_gate_rejected,
d5_cv_5v5_multicamera_formal_20260716_yolo_bytetrack:0048:D5_Primary_4:0,12.0,INT-04,D5_Primary_4:0,D5_Primary_4:0/yolov8_bytetrack:track:1,G-103,G-104,13.978848947444149,266.49925451217064,True,False,False,candidate,,
d5_cv_5v5_multicamera_formal_20260716_yolo_bytetrack:0048:D5_Primary_4:0,12.0,INT-04,D5_Primary_4:0,D5_Primary_4:0/yolov8_bytetrack:track:1,G-104,G-104,0.00979435805236312,7.049489300688849,True,True,True,registered,registered_to_global_track,True
d5_cv_5v5_multicamera_formal_20260716_yolo_bytetrack:0048:D5_Primary_4:0,12.0,INT-04,D5_Primary_4:0,D5_Primary_4:0/yolov8_bytetrack:track:1,G-105,G-104,14.282496863484146,269.20792602596737,True,False,False,candidate,,
d5_cv_5v5_multicamera_formal_20260716_yolo_bytetrack:0048:D5_Primary_5:0,12.0,INT-05,D5_Primary_5:0,D5_Primary_5:0/yolov8_bytetrack:track:1,G-101,G-105,,1092.4835028658676,False,False,False,rejected,projection_invalid,
d5_cv_5v5_multicamera_formal_20260716_yolo_bytetrack:0048:D5_Primary_5:0,12.0,INT-05,D5_Primary_5:0,D5_Primary_5:0/yolov8_bytetrack:track:1,G-102,G-105,136.131266829542,834.5035307640667,False,False,False,rejected,geometry_gate_rejected,
d5_cv_5v5_multicamera_formal_20260716_yolo_bytetrack:0048:D5_Primary_5:0,12.0,INT-05,D5_Primary_5:0,D5_Primary_5:0/yolov8_bytetrack:track:1,G-103,G-105,58.378871825599695,545.0773447660816,False,False,False,rejected,geometry_gate_rejected,
d5_cv_5v5_multicamera_formal_20260716_yolo_bytetrack:0048:D5_Primary_5:0,12.0,INT-05,D5_Primary_5:0,D5_Primary_5:0/yolov8_bytetrack:track:1,G-104,G-105,15.43735914565551,279.9681279503949,True,False,False,candidate,,
d5_cv_5v5_multicamera_formal_20260716_yolo_bytetrack:0048:D5_Primary_5:0,12.0,INT-05,D5_Primary_5:0,D5_Primary_5:0/yolov8_bytetrack:track:1,G-105,G-105,0.04310360759419076,14.78603190007049,True,True,True,registered,registered_to_global_track,True
d5_cv_5v5_multicamera_formal_20260716_yolo_bytetrack:0048:D5_Recon_1:0,12.0,RECON-01,D5_Recon_1:0,D5_Recon_1:0:det:0001,G-101,G-101,0.00016387016188013212,1.7765347359159802,True,True,True,registered,registered_to_global_track,True
d5_cv_5v5_multicamera_formal_20260716_yolo_bytetrack:0048:D5_Recon_1:0,12.0,RECON-01,D5_Recon_1:0,D5_Recon_1:0:det:0002,G-101,G-102,3.191525502438246,247.92891876957444,True,False,False,candidate,,
d5_cv_5v5_multicamera_formal_20260716_yolo_bytetrack:0048:D5_Recon_1:0,12.0,RECON-01,D5_Recon_1:0,D5_Recon_1:0:det:0003,G-101,G-103,12.82638493847747,497.0272062939659,True,False,False,candidate,,
d5_cv_5v5_multicamera_formal_20260716_yolo_bytetrack:0048:D5_Recon_1:0,12.0,RECON-01,D5_Recon_1:0,D5_Recon_1:0:det:0004,G-101,G-104,28.829124573169715,745.1500834623101,False,False,False,rejected,geometry_gate_rejected,
d5_cv_5v5_multicamera_formal_20260716_yolo_bytetrack:0048:D5_Recon_1:0,12.0,RECON-01,D5_Recon_1:0,D5_Recon_1:0:det:0005,G-101,G-105,51.081228701109524,991.8789980402508,False,False,False,rejected,geometry_gate_rejected,
d5_cv_5v5_multicamera_formal_20260716_yolo_bytetrack:0048:D5_Recon_1:0,12.0,RECON-01,D5_Recon_1:0,D5_Recon_1:0:det:0001,G-102,G-101,3.11849378590307,245.04841542400987,True,False,False,candidate,,
d5_cv_5v5_multicamera_formal_20260716_yolo_bytetrack:0048:D5_Recon_1:0,12.0,RECON-01,D5_Recon_1:0,D5_Recon_1:0:det:0002,G-102,G-102,0.0021790203635739447,6.477415922609241,True,True,True,registered,registered_to_global_track,True
d5_cv_5v5_multicamera_formal_20260716_yolo_bytetrack:0048:D5_Recon_1:0,12.0,RECON-01,D5_Recon_1:0,D5_Recon_1:0:det:0003,G-102,G-103,3.3446851490109553,253.77983065885158,True,False,False,candidate,,
d5_cv_5v5_multicamera_formal_20260716_yolo_bytetrack:0048:D5_Recon_1:0,12.0,RECON-01,D5_Recon_1:0,D5_Recon_1:0:det:0004,G-102,G-104,13.081145986732885,501.8828744334443,True,False,False,candidate,,
d5_cv_5v5_multicamera_formal_20260716_yolo_bytetrack:0048:D5_Recon_1:0,12.0,RECON-01,D5_Recon_1:0,D5_Recon_1:0:det:0005,G-102,G-105,29.10361865297092,748.6054331831174,False,False,False,rejected,geometry_gate_rejected,
d5_cv_5v5_multicamera_formal_20260716_yolo_bytetrack:0048:D5_Recon_1:0,12.0,RECON-01,D5_Recon_1:0,D5_Recon_1:0:det:0001,G-103,G-101,13.445381342823131,508.78552237489566,True,False,False,candidate,,
d5_cv_5v5_multicamera_formal_20260716_yolo_bytetrack:0048:D5_Recon_1:0,12.0,RECON-01,D5_Recon_1:0,D5_Recon_1:0:det:0002,G-103,G-102,3.4878802824305697,259.1367260727188,True,False,False,candidate,,
d5_cv_5v5_multicamera_formal_20260716_yolo_bytetrack:0048:D5_Recon_1:0,12.0,RECON-01,D5_Recon_1:0,D5_Recon_1:0:det:0003,G-103,G-103,0.0052379365993236926,10.04218693093848,True,True,True,registered,registered_to_global_track,True
d5_cv_5v5_multicamera_formal_20260716_yolo_bytetrack:0048:D5_Recon_1:0,12.0,RECON-01,D5_Recon_1:0,D5_Recon_1:0:det:0004,G-103,G-104,2.944202060115559,238.08497492733738,True,False,False,candidate,,
d5_cv_5v5_multicamera_formal_20260716_yolo_bytetrack:0048:D5_Recon_1:0,12.0,RECON-01,D5_Recon_1:0,D5_Recon_1:0:det:0005,G-103,G-105,12.208255700768756,484.8138199083773,True,False,False,candidate,,
d5_cv_5v5_multicamera_formal_20260716_yolo_bytetrack:0048:D5_Recon_1:0,12.0,RECON-01,D5_Recon_1:0,D5_Recon_1:0:det:0001,G-104,G-101,29.187640392198418,749.6365366787946,False,False,False,rejected,geometry_gate_rejected,
d5_cv_5v5_multicamera_formal_20260716_yolo_bytetrack:0048:D5_Recon_1:0,12.0,RECON-01,D5_Recon_1:0,D5_Recon_1:0:det:0002,G-104,G-102,12.98465638118294,499.9959473081781,True,False,False,candidate,,
d5_cv_5v5_multicamera_formal_20260716_yolo_bytetrack:0048:D5_Recon_1:0,12.0,RECON-01,D5_Recon_1:0,D5_Recon_1:0:det:0003,G-104,G-103,3.270182221301949,250.9211286436035,True,False,False,candidate,,
d5_cv_5v5_multicamera_formal_20260716_yolo_bytetrack:0048:D5_Recon_1:0,12.0,RECON-01,D5_Recon_1:0,D5_Recon_1:0:det:0004,G-104,G-104,0.0016291983202881173,5.60048347596229,True,True,True,registered,registered_to_global_track,True
d5_cv_5v5_multicamera_formal_20260716_yolo_bytetrack:0048:D5_Recon_1:0,12.0,RECON-01,D5_Recon_1:0,D5_Recon_1:0:det:0005,G-104,G-105,3.092977154590888,244.0279562325627,True,False,False,candidate,,
d5_cv_5v5_multicamera_formal_20260716_yolo_bytetrack:0048:D5_Recon_1:0,12.0,RECON-01,D5_Recon_1:0,D5_Recon_1:0:det:0001,G-105,G-101,50.59997153516016,987.1202490839785,False,False,False,rejected,geometry_gate_rejected,
d5_cv_5v5_multicamera_formal_20260716_yolo_bytetrack:0048:D5_Recon_1:0,12.0,RECON-01,D5_Recon_1:0,D5_Recon_1:0:det:0002,G-105,G-102,28.24238058385773,737.4720667673656,False,False,False,rejected,geometry_gate_rejected,
d5_cv_5v5_multicamera_formal_20260716_yolo_bytetrack:0048:D5_Recon_1:0,12.0,RECON-01,D5_Recon_1:0,D5_Recon_1:0:det:0003,G-105,G-103,12.385607521917397,488.3751768926822,True,False,False,candidate,,
d5_cv_5v5_multicamera_formal_20260716_yolo_bytetrack:0048:D5_Recon_1:0,12.0,RECON-01,D5_Recon_1:0,D5_Recon_1:0:det:0004,G-105,G-104,2.9975210375966115,240.2569960234372,True,False,False,candidate,,
d5_cv_5v5_multicamera_formal_20260716_yolo_bytetrack:0048:D5_Recon_1:0,12.0,RECON-01,D5_Recon_1:0,D5_Recon_1:0:det:0005,G-105,G-105,0.0024038147704759875,6.803608108919625,True,True,True,registered,registered_to_global_track,True
